{"type": "FeatureCollection", "features": [{"type": "Feature", "properties": {"id_obligation": "330260000A0010", "priorite": "très forte"}, "geometry": {"type": "Polygon", "coordinates": [[[-0.46277, 44.49541, 59.8], [-0.46304, 44.49531, 59.8], [-0.46329, 44.4953, 59.8], [-0.46364, 44.49539, 59.8], [-0.46386, 44.49554, 59.8], [-0.46394, 44.49571, 59.8], [-0.46393, 44.49588, 59.8], [-0.46382, 44.49608, 59.8], [-0.46365, 44.49621, 59.8], [-0.46337, 44.49629, 59.8], [-0.46312, 44.49628, 59.8], [-0.46284, 44.4962, 59.8], [-0.46266, 44.49609, 59.8], [-0.46255, 44.49593, 59.8], [-0.46254, 44.49576, 59.8], [-0.46263, 44.49556, 59.8], [-0.46277, 44.49541, 59.8]]]}}, {"type": "Feature", "properties": {"id_obligation": "330260000A0048", "priorite": "très forte"}, "geometry": {"type": "Polygon", "coordinates": [[[-0.45551, 44.49569, 52.986666666666665], [-0.45554, 44.49587, 52.986666666666665], [-0.45543, 44.49608, 52.986666666666665], [-0.45525, 44.4962, 52.986666666666665], [-0.45495, 44.4963, 52.986666666666665], [-0.45462, 44.4963, 52.986666666666665], [-0.45431, 44.49622, 52.986666666666665], [-0.45413, 44.49609, 52.986666666666665], [-0.45403, 44.49588, 52.986666666666665], [-0.45406, 44.4956, 52.986666666666665], [-0.45415, 44.49544, 52.986666666666665], [-0.45432, 44.49532, 52.986666666666665], [-0.4546, 44.49524, 52.986666666666665], [-0.45491, 44.49525, 52.986666666666665], [-0.45513, 44.49532, 52.986666666666665], [-0.45536, 44.4955, 52.986666666666665], [-0.45551, 44.49569, 52.986666666666665]]]}}, {"type": "Feature", "properties": {"id_obligation": "330260000A0054", "priorite": "forte"}, "geometry": {"type": "Polygon", "coordinates": [[[-0.4552, 44.49464, 52.34285714285715], [-0.45547, 44.49455, 52.34285714285715], [-0.45577, 44.49455, 52.34285714285715], [-0.456, 44.49462, 52.34285714285715], [-0.45618, 44.49475, 52.34285714285715], [-0.45627, 44.49491, 52.34285714285715], [-0.45626, 44.49518, 52.34285714285715], [-0.45617, 44.49534, 52.34285714285715], [-0.45599, 44.49546, 52.34285714285715], [-0.45576, 44.49553, 52.34285714285715], [-0.45544, 44.49552, 52.34285714285715], [-0.45521, 44.49545, 52.34285714285715], [-0.45504, 44.49533, 52.34285714285715], [-0.45495, 44.49516, 52.34285714285715], [-0.45495, 44.49496, 52.34285714285715], [-0.45504, 44.49478, 52.34285714285715], [-0.4552, 44.49464, 52.34285714285715]]]}}, {"type": "Feature", "properties": {"id_obligation": "330260000A0060", "priorite": "moyenne"}, "geometry": {"type": "Polygon", "coordinates": [[[-0.45486, 44.49489, 52.14550653594771], [-0.45462, 44.49494, 52.14550653594771], [-0.45435, 44.49493, 52.14550653594771], [-0.45409, 44.49481, 52.14550653594771], [-0.45395, 44.49467, 52.14550653594771], [-0.4539, 44.4945, 50.3], [-0.45396, 44.49426, 52.70000000000001], [-0.45409, 44.49411, 52.70000000000001], [-0.45432, 44.4942, 52.7], [-0.45435, 44.49415, 52.7], [-0.45417, 44.49407, 52.7], [-0.45453, 44.49398, 51.66470588235293], [-0.45482, 44.49402, 52.0], [-0.45503, 44.49411, 52.0], [-0.45508, 44.49416, 52.0], [-0.45503, 44.49416, 52.0], [-0.45496, 44.49431, 52.0], [-0.45505, 44.49437, 52.0], [-0.45515, 44.49423, 52.0], [-0.45522, 44.49443, 52.0], [-0.45518, 44.49461, 52.14550653594771], [-0.45505, 44.49478, 52.14550653594771], [-0.45486, 44.49489, 52.14550653594771]]]}}, {"type": "Feature", "properties": {"id_obligation": "330260000A0077", "priorite": "moyenne"}, "geometry": {"type": "Polygon", "coordinates": [[[-0.45508, 44.49451, 52.0], [-0.4548, 44.49466, 54.989999999999995], [-0.45444, 44.49468, 54.989999999999995], [-0.4541, 44.49456, 50.29999999999999], [-0.45392, 44.49439, 50.29999999999999], [-0.45387, 44.49422, 52.7], [-0.45402, 44.49375, 52.1839393939394], [-0.45414, 44.4936, 52.1839393939394], [-0.45432, 44.49349, 52.1839393939394], [-0.45455, 44.49344, 52.1839393939394], [-0.45489, 44.49347, 52.1839393939394], [-0.45511, 44.49355, 52.1839393939394], [-0.45527, 44.49369, 52.1839393939394], [-0.45535, 44.49385, 52.0], [-0.45508, 44.49451, 52.0]]]}}, {"type": "Feature", "properties": {"id_obligation": "330260000A0127", "priorite": "moyenne"}, "geometry": {"type": "Polygon", "coordinates": [[[-0.45473, 44.49369, 49.412499999999994], [-0.45453, 44.49389, 49.412499999999994], [-0.45433, 44.49399, 49.1], [-0.45409, 44.49402, 49.1], [-0.45385, 44.49398, 48.9], [-0.45358, 44.49386, 48.9], [-0.45345, 44.49371, 48.9], [-0.4534, 44.49354, 49.29999999999999], [-0.45347, 44.49333, 49.412499999999994], [-0.45368, 44.49312, 49.412499999999994], [-0.45389, 44.49302, 49.412499999999994], [-0.45414, 44.49298, 49.412499999999994], [-0.45444, 44.49303, 49.412499999999994], [-0.45466, 44.49315, 49.412499999999994], [-0.45478, 44.4933, 49.412499999999994], [-0.45481, 44.49352, 49.412499999999994], [-0.45473, 44.49369, 49.412499999999994]]]}}, {"type": "Feature", "properties": {"id_obligation": "330260000A0137", "priorite": "forte"}, "geometry": {"type": "Polygon", "coordinates": [[[-0.45614, 44.49156, 48.78], [-0.4559, 44.49159, 48.78], [-0.45565, 44.49155, 48.78], [-0.45539, 44.49142, 48.78], [-0.45526, 44.49128, 48.78], [-0.45522, 44.49107, 48.78], [-0.45528, 44.4909, 48.78], [-0.4555, 44.4907, 48.78], [-0.45571, 44.49061, 48.78], [-0.45596, 44.49059, 48.78], [-0.4562, 44.49064, 48.78], [-0.45644, 44.49078, 48.78], [-0.45656, 44.49094, 48.78], [-0.45659, 44.49112, 48.78], [-0.45639, 44.49143, 48.78], [-0.45614, 44.49156, 48.78]]]}}, {"type": "Feature", "properties": {"id_obligation": "330260000A0383", "priorite": "très forte"}, "geometry": {"type": "Polygon", "coordinates": [[[-0.45917, 44.49909, 56.89999999999999], [-0.45898, 44.49896, 56.89999999999999], [-0.45887, 44.4988, 56.89999999999999], [-0.45886, 44.49862, 56.89999999999999], [-0.45895, 44.49844, 56.89999999999999], [-0.45911, 44.49831, 56.89999999999999], [-0.45933, 44.49823, 56.89999999999999], [-0.45956, 44.49822, 56.89999999999999], [-0.45986, 44.49828, 56.89999999999999], [-0.46004, 44.49839, 56.89999999999999], [-0.46016, 44.49854, 56.89999999999999], [-0.46019, 44.49875, 56.89999999999999], [-0.46009, 44.49896, 56.89999999999999], [-0.45992, 44.49909, 56.89999999999999], [-0.45969, 44.49916, 56.89999999999999], [-0.4594, 44.49916, 56.89999999999999], [-0.45917, 44.49909, 56.89999999999999]]]}}, {"type": "Feature", "properties": {"id_obligation": "330260000A0471", "priorite": "forte"}, "geometry": {"type": "Polygon", "coordinates": [[[-0.44871, 44.4981, -471.74666666666667], [-0.44855, 44.49824, -471.74666666666667], [-0.44834, 44.49832, -471.74666666666667], [-0.44809, 44.49834, -471.74666666666667], [-0.44776, 44.49829, -471.74666666666667], [-0.44757, 44.49818, -471.74666666666667], [-0.44745, 44.49802, -471.74666666666667], [-0.44743, 44.49785, -471.74666666666667], [-0.44752, 44.49736, -471.74666666666667], [-0.4477, 44.49719, -471.74666666666667], [-0.44791, 44.4971, -1000.0], [-0.44829, 44.4971, -1000.0], [-0.44862, 44.49722, -471.74666666666667], [-0.44879, 44.49745, -471.74666666666667], [-0.4488, 44.49772, -471.74666666666667], [-0.44871, 44.4981, -471.74666666666667]]]}}, {"type": "Feature", "properties": {"id_obligation": "330260000A0748", "priorite": "très forte"}, "geometry": {"type": "Polygon", "coordinates": [[[-0.45766, 44.52283, -20.553225806451604], [-0.45746, 44.52298, -20.553225806451604], [-0.45718, 44.52306, 58.5], [-0.45683, 44.52302, 58.5], [-0.4566, 44.52292, -20.553225806451604], [-0.45619, 44.5226, -20.553225806451604], [-0.45612, 44.52239, -20.553225806451604], [-0.45622, 44.52209, -20.553225806451604], [-0.45668, 44.52171, 59.65], [-0.45698, 44.52165, 59.65], [-0.45728, 44.52169, -20.553225806451604], [-0.45757, 44.52185, -20.553225806451604], [-0.45777, 44.52216, -20.553225806451604], [-0.45783, 44.52232, -20.553225806451604], [-0.45766, 44.52283, -20.553225806451604]]]}}, {"type": "Feature", "properties": {"id_obligation": "330260000A0750", "priorite": "forte"}, "geometry": {"type": "Polygon", "coordinates": [[[-0.45759, 44.5223, -95.67546296296295], [-0.45767, 44.52247, -95.67546296296295], [-0.45766, 44.52265, -95.67546296296295], [-0.45756, 44.52282, -95.67546296296295], [-0.45739, 44.52295, -95.67546296296295], [-0.45716, 44.52303, -95.67546296296295], [-0.45691, 44.52303, -95.67546296296295], [-0.45662, 44.52295, -95.67546296296295], [-0.45644, 44.52282, -95.67546296296295], [-0.45635, 44.52266, -95.67546296296295], [-0.45635, 44.52248, -95.67546296296295], [-0.45648, 44.52226, 57.5], [-0.45666, 44.52214, 57.5], [-0.45689, 44.52208, 60.21111111111111], [-0.45714, 44.52208, 60.21111111111111], [-0.45737, 44.52215, -95.67546296296295], [-0.45759, 44.5223, -95.67546296296295]]]}}, {"type": "Feature", "properties": {"id_obligation": "330260000A0785", "priorite": "très forte"}, "geometry": {"type": "Polygon", "coordinates": [[[-0.4446, 44.52041, 60.65714285714286], [-0.4444, 44.52032, 60.65714285714286], [-0.44425, 44.52013, 60.65714285714286], [-0.44422, 44.51991, 60.65714285714286], [-0.44432, 44.5197, 60.65714285714286], [-0.4445, 44.51958, 60.65714285714286], [-0.44474, 44.51951, 60.65714285714286], [-0.44506, 44.5195, 60.65714285714286], [-0.44529, 44.51955, 60.65714285714286], [-0.44547, 44.51967, 60.65714285714286], [-0.44559, 44.51982, 60.65714285714286], [-0.44562, 44.52004, 60.65714285714286], [-0.44554, 44.52021, 60.65714285714286], [-0.44539, 44.52035, 60.65714285714286], [-0.44517, 44.52043, 60.65714285714286], [-0.44491, 44.52045, 60.65714285714286], [-0.4446, 44.52041, 60.65714285714286]]]}}, {"type": "Feature", "properties": {"id_obligation": "330260000A0912", "priorite": "moyenne"}, "geometry": {"type": "Polygon", "coordinates": [[[-0.45511, 44.49389, 52.0], [-0.45486, 44.49386, 52.0], [-0.45486, 44.49392, 52.0], [-0.45517, 44.49395, 52.0], [-0.45526, 44.49412, 52.0], [-0.45524, 44.49429, 52.0], [-0.4551, 44.49449, 52.0], [-0.45491, 44.4946, 52.0], [-0.45467, 44.49466, 54.989999999999995], [-0.45443, 44.49464, 54.989999999999995], [-0.45414, 44.49454, 50.3], [-0.45395, 44.49437, 50.3], [-0.4539, 44.4942, 52.7], [-0.45393, 44.49403, 51.96776260504202], [-0.45407, 44.49386, 51.96776260504202], [-0.45426, 44.49375, 51.96776260504202], [-0.45449, 44.49369, 50.22857142857142], [-0.45474, 44.49371, 50.22857142857142], [-0.45511, 44.49389, 52.0]]]}}, {"type": "Feature", "properties": {"id_obligation": "330260000A0913", "priorite": "moyenne"}, "geometry": {"type": "Polygon", "coordinates": [[[-0.45384, 44.49471, 52.189499999999995], [-0.4537, 44.49451, 52.189499999999995], [-0.45369, 44.49432, 52.189499999999995], [-0.45382, 44.49411, 52.7], [-0.45401, 44.49396, 52.7], [-0.45423, 44.4939, 51.35999999999999], [-0.45447, 44.49389, 51.35999999999999], [-0.45477, 44.49397, 51.4], [-0.45498, 44.49413, 51.4], [-0.45502, 44.49419, 52.0], [-0.45496, 44.49431, 52.0], [-0.45505, 44.49437, 52.0], [-0.45507, 44.49434, 52.0], [-0.45504, 44.49448, 52.0], [-0.45492, 44.49467, 52.189499999999995], [-0.45475, 44.49479, 52.189499999999995], [-0.45454, 44.49486, 52.189499999999995], [-0.4543, 44.49487, 52.189499999999995], [-0.45405, 44.49481, 52.189499999999995], [-0.45384, 44.49471, 52.189499999999995]]]}}, {"type": "Feature", "properties": {"id_obligation": "330260000A0914", "priorite": "moyenne"}, "geometry": {"type": "Polygon", "coordinates": [[[-0.45495, 44.49453, 52.0], [-0.45475, 44.49463, 52.0], [-0.45451, 44.49466, 53.9076923076923], [-0.4541, 44.49462, 53.9076923076923], [-0.4537, 44.49445, 51.43527720399901], [-0.45354, 44.49433, 51.43527720399901], [-0.45345, 44.49416, 51.43527720399901], [-0.45348, 44.49395, 49.24285714285714], [-0.45363, 44.49375, 49.24285714285714], [-0.45389, 44.49362, 49.24285714285714], [-0.45414, 44.49359, 50.2], [-0.45472, 44.49364, 50.94], [-0.45496, 44.49374, 50.94], [-0.45514, 44.49389, 52.0], [-0.45486, 44.49386, 52.0], [-0.45486, 44.49392, 52.0], [-0.45518, 44.49395, 51.91428571428571], [-0.45521, 44.49413, 51.91428571428571], [-0.45511, 44.49435, 52.0], [-0.45495, 44.49453, 52.0]]]}}, {"type": "Feature", "properties": {"id_obligation": "330260000A0927", "priorite": "moyenne"}, "geometry": {"type": "Polygon", "coordinates": [[[-0.45436, 44.49359, 51.59166666666666], [-0.45459, 44.49346, 51.59166666666666], [-0.45488, 44.49341, 51.59166666666666], [-0.45534, 44.49345, 51.59166666666666], [-0.45556, 44.49353, 51.59166666666666], [-0.45576, 44.49369, 51.59166666666666], [-0.45583, 44.49386, 51.59166666666666], [-0.45581, 44.49405, 51.59166666666666], [-0.45567, 44.49424, 51.59166666666666], [-0.45541, 44.49437, 51.59166666666666], [-0.45517, 44.4944, 52.0], [-0.45471, 44.49435, 52.0], [-0.45448, 44.49428, 51.76666666666666], [-0.45431, 44.49413, 52.7], [-0.45424, 44.49397, 51.199999999999996], [-0.45424, 44.49379, 51.199999999999996], [-0.45436, 44.49359, 51.59166666666666]]]}}, {"type": "Feature", "properties": {"id_obligation": "330260000A0928", "priorite": "moyenne"}, "geometry": {"type": "Polygon", "coordinates": [[[-0.45516, 44.49481, 52.661847826086955], [-0.45486, 44.4948, 52.661847826086955], [-0.45457, 44.49468, 57.0], [-0.45438, 44.49448, 57.0], [-0.45435, 44.49441, 50.3], [-0.45444, 44.49436, 50.3], [-0.45434, 44.49436, 50.3], [-0.45434, 44.49426, 51.921739130434766], [-0.45446, 44.49398, 50.387499999999996], [-0.45468, 44.49377, 50.387499999999996], [-0.45489, 44.49368, 52.0], [-0.45513, 44.49365, 52.0], [-0.45545, 44.49371, 52.661847826086955], [-0.45565, 44.49381, 52.661847826086955], [-0.45578, 44.49396, 52.661847826086955], [-0.45582, 44.49418, 52.661847826086955], [-0.45569, 44.49448, 52.661847826086955], [-0.45543, 44.49473, 52.661847826086955], [-0.45516, 44.49481, 52.661847826086955]]]}}, {"type": "Feature", "properties": {"id_obligation": "330260000A0931", "priorite": "moyenne"}, "geometry": {"type": "Polygon", "coordinates": [[[-0.45376, 44.493, 51.77291666666667], [-0.4541, 44.49293, 51.77291666666667], [-0.45439, 44.49298, 51.77291666666667], [-0.45474, 44.49318, 51.77291666666667], [-0.45483, 44.49334, 51.77291666666667], [-0.45482, 44.49357, 51.77291666666667], [-0.45448, 44.49398, 52.7], [-0.45429, 44.49412, 52.7], [-0.45411, 44.49404, 52.7], [-0.45407, 44.49409, 52.7], [-0.45422, 44.49415, 52.7], [-0.45402, 44.49419, 52.70000000000001], [-0.45378, 44.49418, 52.70000000000001], [-0.45346, 44.49409, 51.77291666666667], [-0.45325, 44.49393, 51.77291666666667], [-0.45317, 44.49377, 51.77291666666667], [-0.45319, 44.4936, 51.77291666666667], [-0.45327, 44.49344, 51.77291666666667], [-0.45376, 44.493, 51.77291666666667]]]}}, {"type": "Feature", "properties": {"id_obligation": "330260000B0149", "priorite": "très forte"}, "geometry": {"type": "Polygon", "coordinates": [[[-0.44829, 44.49919, 56.64242424242425], [-0.44823, 44.49949, 56.64242424242425], [-0.44811, 44.49964, 56.64242424242425], [-0.44793, 44.49975, 56.64242424242425], [-0.44764, 44.4998, 56.4], [-0.4472, 44.49977, 56.64242424242425], [-0.44698, 44.4997, 56.64242424242425], [-0.44677, 44.49954, 56.64242424242425], [-0.44671, 44.49923, 56.64242424242425], [-0.44684, 44.499, 56.64242424242425], [-0.44691, 44.49868, 56.64242424242425], [-0.44703, 44.49853, 56.64242424242425], [-0.44722, 44.49843, 57.0], [-0.44766, 44.49838, 57.0], [-0.448, 44.49848, 56.64242424242425], [-0.4482, 44.4987, 56.64242424242425], [-0.44829, 44.49919, 56.64242424242425]]]}}, {"type": "Feature", "properties": {"id_obligation": "330260000B0214", "priorite": "forte"}, "geometry": {"type": "Polygon", "coordinates": [[[-0.41193, 44.4879, 42.650939569779574], [-0.41198, 44.48779, 43.0], [-0.41187, 44.48778, 43.0], [-0.41181, 44.48788, 42.6], [-0.41189, 44.4879, 42.6], [-0.41151, 44.48787, 42.488154761904774], [-0.41128, 44.48779, 42.488154761904774], [-0.41112, 44.48765, 42.488154761904774], [-0.41105, 44.48748, 42.488154761904774], [-0.41107, 44.4872, 42.0], [-0.41119, 44.48704, 42.0], [-0.41138, 44.48693, 42.0], [-0.41168, 44.48687, 42.15714285714286], [-0.4122, 44.48691, 42.2], [-0.41243, 44.48699, 42.2], [-0.41259, 44.48712, 42.2], [-0.41267, 44.48734, 42.488154761904774], [-0.41262, 44.48759, 43.019999999999996], [-0.41243, 44.48777, 43.019999999999996], [-0.41193, 44.4879, 42.650939569779574]]]}}, {"type": "Feature", "properties": {"id_obligation": "330260000B0215", "priorite": "forte"}, "geometry": {"type": "Polygon", "coordinates": [[[-0.41226, 44.48652, 42.27277777777778], [-0.4126, 44.48663, 42.27277777777778], [-0.41279, 44.48687, 42.2], [-0.41275, 44.4872, 42.2], [-0.41261, 44.48735, 42.27277777777778], [-0.41235, 44.48747, 42.27277777777778], [-0.41194, 44.48747, 42.74666666666668], [-0.41184, 44.48751, 42.910347742166806], [-0.41171, 44.48748, 43.6], [-0.41164, 44.48755, 42.74666666666668], [-0.41127, 44.48751, 42.27277777777778], [-0.41107, 44.48741, 42.27277777777778], [-0.41091, 44.48723, 42.0], [-0.41088, 44.48706, 42.0], [-0.41093, 44.48684, 42.27277777777778], [-0.41107, 44.48669, 42.27277777777778], [-0.41128, 44.48659, 42.27277777777778], [-0.41226, 44.48652, 42.27277777777778]]]}}, {"type": "Feature", "properties": {"id_obligation": "330260000B0231", "priorite": "très forte"}, "geometry": {"type": "Polygon", "coordinates": [[[-0.40607, 44.4826, 33.45], [-0.40617, 44.48293, 33.45], [-0.40608, 44.48314, 32.909821428571426], [-0.40581, 44.48331, 32.909821428571426], [-0.40533, 44.4834, 32.909821428571426], [-0.40509, 44.48339, 32.909821428571426], [-0.40476, 44.48325, 32.909821428571426], [-0.40446, 44.48318, 32.909821428571426], [-0.40422, 44.48299, 32.375], [-0.40415, 44.48279, 32.375], [-0.40418, 44.4826, 32.909821428571426], [-0.40428, 44.48244, 32.909821428571426], [-0.40451, 44.48231, 32.909821428571426], [-0.40481, 44.48223, 32.909821428571426], [-0.40505, 44.48222, 32.909821428571426], [-0.40537, 44.48232, 32.909821428571426], [-0.40567, 44.48235, 32.9], [-0.40588, 44.48243, 32.9], [-0.40607, 44.4826, 33.45]]]}}, {"type": "Feature", "properties": {"id_obligation": "330260000B0254", "priorite": "forte"}, "geometry": {"type": "Polygon", "coordinates": [[[-0.43046, 44.48748, 49.70000000000001], [-0.43076, 44.48752, 50.45151515151516], [-0.43096, 44.48762, 50.45151515151516], [-0.43112, 44.4878, 50.45151515151516], [-0.43115, 44.48797, 50.45151515151516], [-0.4311, 44.48829, 50.45151515151516], [-0.43097, 44.48844, 50.45151515151516], [-0.43072, 44.48856, 50.45151515151516], [-0.43048, 44.48859, 50.45151515151516], [-0.43015, 44.48853, 50.45151515151516], [-0.42995, 44.48843, 50.45151515151516], [-0.42983, 44.48828, 50.45151515151516], [-0.42979, 44.48809, 51.199999999999996], [-0.42986, 44.48779, 50.45151515151516], [-0.42999, 44.48764, 50.45151515151516], [-0.43023, 44.48752, 49.70000000000001], [-0.43046, 44.48748, 49.70000000000001]]]}}, {"type": "Feature", "properties": {"id_obligation": "330260000B0299", "priorite": "forte"}, "geometry": {"type": "Polygon", "coordinates": [[[-0.41978, 44.48866, 47.8625], [-0.41953, 44.48847, 47.8625], [-0.41946, 44.48826, 47.8625], [-0.41952, 44.48802, 46.55], [-0.41972, 44.48785, 46.55], [-0.41994, 44.48777, 46.55], [-0.42045, 44.48774, 46.6], [-0.42069, 44.48779, 47.8625], [-0.42088, 44.48789, 47.8625], [-0.42101, 44.48804, 47.8625], [-0.42105, 44.48827, 47.8625], [-0.42099, 44.48844, 47.8625], [-0.42085, 44.48858, 47.8625], [-0.42064, 44.48867, 47.8625], [-0.42007, 44.48872, 50.7], [-0.41978, 44.48866, 47.8625]]]}}, {"type": "Feature", "properties": {"id_obligation": "330260000B0311", "priorite": "forte"}, "geometry": {"type": "Polygon", "coordinates": [[[-0.4186, 44.48765, -607.8999999999999], [-0.41883, 44.48751, -607.8999999999999], [-0.41906, 44.48746, -117.43499999999997], [-0.41942, 44.48748, -117.43499999999997], [-0.41965, 44.48754, -117.43499999999997], [-0.41986, 44.48771, -117.43499999999997], [-0.41994, 44.48788, 46.559999999999995], [-0.41992, 44.48808, 46.559999999999995], [-0.41982, 44.48824, -117.43499999999997], [-0.4196, 44.48838, -117.43499999999997], [-0.41937, 44.48844, -117.43499999999997], [-0.419, 44.48842, -117.43499999999997], [-0.41878, 44.48836, -117.43499999999997], [-0.4186, 44.48823, -117.43499999999997], [-0.41851, 44.48809, 45.6], [-0.4185, 44.48785, 45.600000000000016], [-0.4186, 44.48765, -607.8999999999999]]]}}, {"type": "Feature", "properties": {"id_obligation": "330260000B0325", "priorite": "très forte"}, "geometry": {"type": "Polygon", "coordinates": [[[-0.41588, 44.48892, 44.09119999999999], [-0.41566, 44.48907, 43.8], [-0.41542, 44.48911, 43.8], [-0.41495, 44.48911, 44.09119999999999], [-0.41472, 44.48905, 44.09119999999999], [-0.41453, 44.48893, 44.09119999999999], [-0.41441, 44.48872, 44.09119999999999], [-0.41442, 44.48854, 44.3], [-0.41453, 44.48833, 44.3], [-0.41489, 44.48804, 44.09119999999999], [-0.41544, 44.48778, 43.9], [-0.41576, 44.48775, 44.09119999999999], [-0.416, 44.48781, 44.09119999999999], [-0.41614, 44.48789, 44.09119999999999], [-0.41635, 44.48818, 44.09119999999999], [-0.41631, 44.48843, 43.9], [-0.416, 44.48866, 44.09119999999999], [-0.41588, 44.48892, 44.09119999999999]]]}}, {"type": "Feature", "properties": {"id_obligation": "330260000B0342", "priorite": "forte"}, "geometry": {"type": "Polygon", "coordinates": [[[-0.41654, 44.48437, 41.6], [-0.4168, 44.48426, 41.7], [-0.4171, 44.48425, 41.7], [-0.41746, 44.48434, 42.125], [-0.41764, 44.48446, 42.125], [-0.41775, 44.48467, 42.125], [-0.41773, 44.48485, 42.125], [-0.4176, 44.48512, 42.125], [-0.41743, 44.48524, 42.125], [-0.41713, 44.48532, 42.125], [-0.41689, 44.4853, 42.125], [-0.41659, 44.48522, 42.125], [-0.41641, 44.48509, 42.125], [-0.41632, 44.48493, 42.125], [-0.41638, 44.48456, 42.125], [-0.41654, 44.48437, 41.6]]]}}, {"type": "Feature", "properties": {"id_obligation": "330260000B0343", "priorite": "forte"}, "geometry": {"type": "Polygon", "coordinates": [[[-0.41766, 44.48479, 42.31666666666667], [-0.41744, 44.48494, 42.31666666666667], [-0.4172, 44.48499, 43.699999999999996], [-0.41683, 44.48497, 42.31666666666667], [-0.41662, 44.48489, 42.31666666666667], [-0.41646, 44.48476, 42.31666666666667], [-0.41639, 44.4846, 42.31666666666667], [-0.4164, 44.48437, 42.31666666666667], [-0.41651, 44.48421, 41.66666666666667], [-0.41675, 44.48407, 41.66666666666667], [-0.41673, 44.48421, 41.6], [-0.41707, 44.48425, 41.7], [-0.41713, 44.48409, 41.7], [-0.41686, 44.48404, 41.7], [-0.4173, 44.48405, 42.31666666666667], [-0.41752, 44.48413, 42.31666666666667], [-0.41768, 44.48426, 42.31666666666667], [-0.41776, 44.48443, 42.31666666666667], [-0.41775, 44.48462, 42.31666666666667], [-0.41766, 44.48479, 42.31666666666667]]]}}, {"type": "Feature", "properties": {"id_obligation": "330260000B0346", "priorite": "forte"}, "geometry": {"type": "Polygon", "coordinates": [[[-0.41768, 44.48391, 42.144615384615385], [-0.41754, 44.48405, 42.144615384615385], [-0.41717, 44.48425, 41.67999999999999], [-0.41694, 44.48431, 41.67999999999999], [-0.41665, 44.48431, 42.144615384615385], [-0.41642, 44.48425, 42.144615384615385], [-0.41623, 44.48414, 42.144615384615385], [-0.41611, 44.48393, 42.144615384615385], [-0.41615, 44.48357, 42.144615384615385], [-0.41629, 44.48337, 42.144615384615385], [-0.41653, 44.48325, 42.144615384615385], [-0.41693, 44.48322, 42.9], [-0.41693, 44.48318, 42.9], [-0.41729, 44.48321, 42.144615384615385], [-0.41756, 44.48332, 42.144615384615385], [-0.41772, 44.4835, 42.144615384615385], [-0.41775, 44.48372, 42.144615384615385], [-0.41768, 44.48391, 42.144615384615385]]]}}, {"type": "Feature", "properties": {"id_obligation": "330260000B0353", "priorite": "très forte"}, "geometry": {"type": "Polygon", "coordinates": [[[-0.41712, 44.48365, 41.2], [-0.41676, 44.48367, 41.853846153846156], [-0.41652, 44.48364, 42.25192307692308], [-0.41632, 44.48355, 42.25192307692308], [-0.41616, 44.48337, 42.25192307692308], [-0.41612, 44.48316, 42.25192307692308], [-0.41616, 44.48298, 42.25192307692308], [-0.41629, 44.48283, 42.25192307692308], [-0.41691, 44.48261, 42.25192307692308], [-0.41731, 44.48262, 42.25192307692308], [-0.41758, 44.48272, 42.25192307692308], [-0.41774, 44.4829, 42.25192307692308], [-0.41778, 44.48317, 42.25192307692308], [-0.41766, 44.48338, 42.25192307692308], [-0.41712, 44.48365, 41.2]]]}}, {"type": "Feature", "properties": {"id_obligation": "330260000B0404", "priorite": "forte"}, "geometry": {"type": "Polygon", "coordinates": [[[-0.43012, 44.48226, -826.0500000000001], [-0.42998, 44.48198, -826.0500000000001], [-0.43008, 44.48167, 43.7], [-0.43043, 44.48149, 43.7], [-0.43072, 44.48147, 45.48333333333333], [-0.43131, 44.48157, -79.66825396825398], [-0.43148, 44.48169, -79.66825396825398], [-0.43158, 44.48183, -79.66825396825398], [-0.43186, 44.48198, 44.9], [-0.43197, 44.48213, 44.9], [-0.43199, 44.48239, 44.9], [-0.43194, 44.48256, 44.9], [-0.43176, 44.48273, 44.9], [-0.43155, 44.48282, 44.9], [-0.4312, 44.48284, 44.95], [-0.43096, 44.48279, 44.95], [-0.43072, 44.48264, 44.95], [-0.43062, 44.48244, -79.66825396825398], [-0.43012, 44.48226, -826.0500000000001]]]}}, {"type": "Feature", "properties": {"id_obligation": "330260000B0408", "priorite": "moyenne"}, "geometry": {"type": "Polygon", "coordinates": [[[-0.43054, 44.48162, -216.60337301587302], [-0.43077, 44.48147, -216.60337301587302], [-0.43107, 44.48141, -216.60337301587302], [-0.43146, 44.48144, -216.60337301587302], [-0.43173, 44.48155, -216.60337301587302], [-0.43187, 44.48169, -216.60337301587302], [-0.43192, 44.48186, -216.60337301587302], [-0.43188, 44.48214, -216.60337301587302], [-0.43177, 44.48229, -216.60337301587302], [-0.43153, 44.48243, -216.60337301587302], [-0.43129, 44.48247, 44.92222222222222], [-0.4309, 44.48244, -1000.0], [-0.43069, 44.48236, -1000.0], [-0.43053, 44.48223, -1000.0], [-0.43045, 44.48207, 43.67142857142858], [-0.43045, 44.48184, 43.67142857142858], [-0.43054, 44.48162, -216.60337301587302]]]}}, {"type": "Feature", "properties": {"id_obligation": "330260000B0422", "priorite": "forte"}, "geometry": {"type": "Polygon", "coordinates": [[[-0.43488, 44.48514, 50.457142857142856], [-0.43462, 44.48524, 50.457142857142856], [-0.43438, 44.48526, 50.457142857142856], [-0.43406, 44.48518, 50.457142857142856], [-0.43388, 44.48507, 50.457142857142856], [-0.43375, 44.48488, 50.457142857142856], [-0.43375, 44.48471, 50.457142857142856], [-0.43384, 44.4845, 50.457142857142856], [-0.434, 44.48436, 50.457142857142856], [-0.43429, 44.48427, 50.457142857142856], [-0.43454, 44.48427, 50.457142857142856], [-0.43483, 44.48435, 50.457142857142856], [-0.43502, 44.48447, 50.457142857142856], [-0.43513, 44.48462, 50.457142857142856], [-0.43514, 44.4848, 50.457142857142856], [-0.43507, 44.48497, 50.457142857142856], [-0.43488, 44.48514, 50.457142857142856]]]}}, {"type": "Feature", "properties": {"id_obligation": "330260000B0423", "priorite": "forte"}, "geometry": {"type": "Polygon", "coordinates": [[[-0.43356, 44.48506, 48.080000000000005], [-0.43367, 44.48521, 48.080000000000005], [-0.43368, 44.48539, 48.080000000000005], [-0.43356, 44.48566, 48.080000000000005], [-0.4334, 44.48579, 48.080000000000005], [-0.43318, 44.48587, 48.080000000000005], [-0.43293, 44.48588, 48.080000000000005], [-0.43264, 44.48581, 48.080000000000005], [-0.43242, 44.48566, 48.080000000000005], [-0.43233, 44.48549, 48.080000000000005], [-0.43234, 44.48532, 48.080000000000005], [-0.43245, 44.48509, 48.080000000000005], [-0.43261, 44.48496, 48.080000000000005], [-0.43283, 44.48488, 48.080000000000005], [-0.43308, 44.48487, 48.080000000000005], [-0.43332, 44.48492, 48.080000000000005], [-0.43356, 44.48506, 48.080000000000005]]]}}, {"type": "Feature", "properties": {"id_obligation": "330260000B0453", "priorite": "faible"}, "geometry": {"type": "Polygon", "coordinates": [[[-0.44712, 44.49197, 52.6], [-0.44701, 44.49197, 52.6], [-0.44684, 44.49189, 52.40769230769232], [-0.4467, 44.49175, 53.400000000000006], [-0.44665, 44.49157, 53.400000000000006], [-0.4467, 44.49136, 52.10903159340659], [-0.44682, 44.4912, 52.10903159340659], [-0.44708, 44.49108, 52.10903159340659], [-0.44732, 44.49105, 52.21428571428572], [-0.44759, 44.49109, 51.06249999999999], [-0.4478, 44.49118, 51.06249999999999], [-0.44797, 44.49136, 51.06249999999999], [-0.44798, 44.4914, 52.2], [-0.44783, 44.49138, 52.2], [-0.44782, 44.49146, 52.1], [-0.448, 44.49148, 52.1], [-0.44798, 44.49163, 51.5], [-0.44798, 44.4916, 51.5], [-0.44786, 44.49161, 51.5], [-0.44789, 44.49171, 51.5], [-0.44795, 44.49173, 51.75], [-0.44783, 44.49188, 52.07142857142858], [-0.44763, 44.49199, 52.07142857142858], [-0.44738, 44.49203, 51.81249999999999], [-0.4471, 44.492, 52.6], [-0.44712, 44.49197, 52.6]]]}}, {"type": "Feature", "properties": {"id_obligation": "330260000B0454", "priorite": "faible"}, "geometry": {"type": "Polygon", "coordinates": [[[-0.44687, 44.49172, 53.38000000000001], [-0.44683, 44.49169, 53.8], [-0.4469, 44.49165, 53.8], [-0.44683, 44.49159, 53.6], [-0.44676, 44.49161, 53.38000000000001], [-0.44668, 44.4914, 52.0], [-0.44674, 44.49116, 51.80259289321789], [-0.44686, 44.49101, 51.80259289321789], [-0.44704, 44.4909, 51.80259289321789], [-0.44727, 44.49085, 50.84444444444445], [-0.44756, 44.49086, 50.7], [-0.4478, 44.49094, 51.028571428571425], [-0.44797, 44.49108, 50.39307326369165], [-0.44794, 44.49116, 50.5], [-0.44802, 44.49117, 50.78261221929172], [-0.44805, 44.49129, 50.896404443376724], [-0.44792, 44.49127, 50.9], [-0.44791, 44.49131, 50.9], [-0.44804, 44.49134, 51.2], [-0.44803, 44.4914, 52.2], [-0.44783, 44.49138, 52.2], [-0.44782, 44.49146, 52.1], [-0.44801, 44.49148, 52.1], [-0.448, 44.49152, 51.77272727272728], [-0.44796, 44.4916, 51.5], [-0.44786, 44.49161, 51.5], [-0.44788, 44.49168, 51.5], [-0.44771, 44.49179, 52.15], [-0.44747, 44.49185, 52.15], [-0.4472, 44.49184, 53.38000000000001], [-0.44687, 44.49172, 53.38000000000001]]]}}, {"type": "Feature", "properties": {"id_obligation": "330260000B0455", "priorite": "faible"}, "geometry": {"type": "Polygon", "coordinates": [[[-0.44799, 44.49166, 51.5], [-0.44798, 44.4916, 51.5], [-0.44786, 44.49161, 51.5], [-0.44789, 44.49171, 51.5], [-0.44794, 44.49171, 51.5], [-0.44776, 44.49181, 52.1], [-0.44771, 44.49178, 52.1], [-0.44771, 44.49182, 52.15], [-0.44741, 44.49186, 52.15], [-0.44711, 44.4918, 53.38000000000001], [-0.44703, 44.49177, 53.07592217786094], [-0.44707, 44.49167, 53.1], [-0.44699, 44.49166, 53.1], [-0.44697, 44.49174, 53.024658459724684], [-0.44678, 44.4915, 52.0], [-0.44677, 44.49133, 52.0], [-0.44685, 44.4911, 51.80259289321789], [-0.44701, 44.49095, 51.80259289321789], [-0.44723, 44.49087, 50.84444444444445], [-0.44746, 44.49088, 51.1], [-0.44748, 44.49085, 50.84444444444445], [-0.4478, 44.49091, 51.028571428571425], [-0.448, 44.49103, 50.31205288752544], [-0.44794, 44.49116, 50.5], [-0.44811, 44.49119, 50.334290043532896], [-0.44807, 44.49154, 51.77272727272728], [-0.44799, 44.49166, 51.5]]]}}, {"type": "Feature", "properties": {"id_obligation": "330260000B0465", "priorite": "faible"}, "geometry": {"type": "Polygon", "coordinates": [[[-0.44808, 44.49125, 50.8076923076923], [-0.44801, 44.49129, 50.9], [-0.44792, 44.49127, 50.9], [-0.44794, 44.49132, 50.9], [-0.44786, 44.49134, 51.379999999999995], [-0.44762, 44.49136, 51.379999999999995], [-0.44749, 44.49134, 52.1], [-0.4475, 44.4913, 52.1], [-0.44726, 44.49128, 52.228571428571435], [-0.44707, 44.49117, 52.228571428571435], [-0.44695, 44.49102, 50.8], [-0.44692, 44.49084, 50.8], [-0.44701, 44.49063, 51.246006181318684], [-0.44722, 44.49046, 51.246006181318684], [-0.44744, 44.49039, 50.74333333333333], [-0.44769, 44.49039, 50.74333333333333], [-0.44798, 44.49046, 51.40666666666667], [-0.44818, 44.49058, 51.2], [-0.44802, 44.49057, 51.2], [-0.44802, 44.49063, 51.2], [-0.44792, 44.49064, 51.2], [-0.44794, 44.4907, 51.2], [-0.44814, 44.49067, 52.9], [-0.4482, 44.4906, 51.2], [-0.44829, 44.49072, 51.63749999999999], [-0.44827, 44.49088, 50.9], [-0.44832, 44.49089, 51.63749999999999], [-0.44826, 44.49107, 50.8076923076923], [-0.44808, 44.49125, 50.8076923076923]]]}}, {"type": "Feature", "properties": {"id_obligation": "330260000B0468", "priorite": "faible"}, "geometry": {"type": "MultiPolygon", "coordinates": [[[[-0.447, 44.49025, 50.7], [-0.44713, 44.49028, 50.7], [-0.4472, 44.49015, 51.2], [-0.44711, 44.49012, 51.2], [-0.44736, 44.49, 50.833333333333336], [-0.44761, 44.48997, 50.98777914337125], [-0.4479, 44.49002, 50.98777914337125], [-0.44811, 44.4901, 50.98777914337125], [-0.44826, 44.49024, 50.98777914337125], [-0.44832, 44.49041, 51.17142857142857], [-0.44828, 44.49062, 51.17142857142857], [-0.44806, 44.49083, 51.2], [-0.44809, 44.49078, 51.2], [-0.44795, 44.49075, 51.2], [-0.4479, 44.4909, 51.43750000000001], [-0.44765, 44.49093, 50.942105263157906], [-0.44735, 44.49088, 50.8], [-0.44714, 44.49078, 50.8], [-0.447, 44.49063, 50.98777914337125], [-0.44695, 44.49046, 50.98777914337125], [-0.447, 44.49025, 50.7]]], [[[-0.44797, 44.49088, 51.2], [-0.44798, 44.49085, 51.2], [-0.44801, 44.49086, 51.43750000000001], [-0.44797, 44.49088, 51.2]]]]}}, {"type": "Feature", "properties": {"id_obligation": "330260000B0469", "priorite": "faible"}, "geometry": {"type": "Polygon", "coordinates": [[[-0.44814, 44.49113, 51.1850378890835], [-0.44816, 44.49105, 50.6], [-0.448, 44.49102, 50.3], [-0.44794, 44.49115, 50.48203836518361], [-0.44765, 44.49109, 50.779999999999994], [-0.44746, 44.49098, 50.779999999999994], [-0.44736, 44.49086, 51.00186426471454], [-0.44732, 44.49078, 50.908695652173904], [-0.4473, 44.49056, 50.908695652173904], [-0.4474, 44.49039, 50.4], [-0.44766, 44.49021, 50.4], [-0.44788, 44.49014, 51.0], [-0.44824, 44.49013, 51.0], [-0.44848, 44.49018, 50.83818517080745], [-0.44867, 44.49028, 50.83818517080745], [-0.44881, 44.49047, 50.839999999999996], [-0.44882, 44.4907, 50.839999999999996], [-0.44871, 44.4909, 50.075], [-0.44854, 44.49102, 50.075], [-0.44844, 44.49106, 49.8], [-0.44834, 44.49102, 49.8], [-0.44832, 44.49106, 49.8], [-0.44838, 44.49107, 49.8], [-0.44814, 44.49113, 51.1850378890835]], [[-0.44746, 44.49088, 51.1], [-0.44747, 44.49084, 50.8], [-0.44738, 44.4908, 50.6], [-0.44736, 44.49086, 50.98562845988595], [-0.44746, 44.49088, 51.1]]]}}, {"type": "Feature", "properties": {"id_obligation": "330260000B0474", "priorite": "moyenne"}, "geometry": {"type": "Polygon", "coordinates": [[[-0.44805, 44.4914, 52.2], [-0.44788, 44.49138, 51.357142857142854], [-0.44772, 44.49118, 50.93157894736842], [-0.4477, 44.491, 50.93157894736842], [-0.44779, 44.4908, 51.34166666666667], [-0.44793, 44.49068, 51.2], [-0.44814, 44.49067, 52.9], [-0.44823, 44.49058, 50.91999999999999], [-0.4485, 44.49059, 50.31809353125203], [-0.44843, 44.49073, 50.9], [-0.44864, 44.49061, 51.26304383156522], [-0.44876, 44.49065, 51.18333333333334], [-0.44894, 44.49077, 51.18333333333334], [-0.44905, 44.49093, 51.203031686358756], [-0.44907, 44.4911, 51.203031686358756], [-0.44897, 44.49131, 51.203031686358756], [-0.44882, 44.49144, 51.203031686358756], [-0.4486, 44.49152, 51.1], [-0.44837, 44.49153, 51.1], [-0.44808, 44.49148, 51.357142857142854], [-0.44805, 44.4914, 52.2]]]}}, {"type": "Feature", "properties": {"id_obligation": "330260000B0476", "priorite": "moyenne"}, "geometry": {"type": "Polygon", "coordinates": [[[-0.44847, 44.49068, 50.65660956829872], [-0.44843, 44.49073, 50.9], [-0.4485, 44.4907, 50.57968016040471], [-0.44854, 44.49073, 50.85714285714285], [-0.44869, 44.49093, 51.95], [-0.4487, 44.49111, 51.95], [-0.44859, 44.49137, 52.0], [-0.44843, 44.49151, 52.0], [-0.44845, 44.49142, 52.0], [-0.44832, 44.49141, 52.0], [-0.44831, 44.49152, 52.0], [-0.44841, 44.49153, 52.0], [-0.44823, 44.4916, 51.186363636363645], [-0.44798, 44.49162, 51.5], [-0.44766, 44.49156, 52.175], [-0.44741, 44.4914, 52.1], [-0.44747, 44.49141, 52.1], [-0.4475, 44.4913, 52.1], [-0.44734, 44.49129, 52.3], [-0.44732, 44.49123, 52.2], [-0.44732, 44.49106, 52.2], [-0.44741, 44.49087, 51.05177087065331], [-0.44746, 44.49088, 51.1], [-0.44745, 44.4908, 50.854166666666664], [-0.44756, 44.4907, 51.0], [-0.44765, 44.49069, 50.7], [-0.44763, 44.49066, 50.7], [-0.44784, 44.49059, 51.372727272727296], [-0.44796, 44.49057, 51.372727272727296], [-0.44802, 44.49057, 51.372727272727296], [-0.44802, 44.49063, 51.2], [-0.44792, 44.49064, 51.2], [-0.44794, 44.4907, 51.2], [-0.44814, 44.49067, 52.9], [-0.4482, 44.49059, 51.2], [-0.44847, 44.49068, 50.65660956829872]]]}}, {"type": "Feature", "properties": {"id_obligation": "330260000B0478", "priorite": "moyenne"}, "geometry": {"type": "Polygon", "coordinates": [[[-0.44864, 44.49162, 52.95000000000001], [-0.44852, 44.49177, 52.95000000000001], [-0.44833, 44.49188, 52.95000000000001], [-0.44809, 44.49193, 51.394117647058835], [-0.44769, 44.49191, 51.95384615384616], [-0.44746, 44.49184, 51.95384615384616], [-0.44726, 44.49167, 51.95384615384616], [-0.44719, 44.4915, 52.158823529411755], [-0.4472, 44.49139, 52.29379152628334], [-0.44747, 44.49141, 52.1], [-0.4475, 44.4913, 52.1], [-0.44722, 44.49128, 52.3], [-0.44741, 44.49101, 50.7], [-0.44758, 44.49089, 50.7], [-0.44767, 44.49091, 50.7], [-0.44767, 44.49086, 50.7], [-0.44786, 44.49082, 51.105000000000004], [-0.44792, 44.49082, 51.2], [-0.44788, 44.49089, 51.2], [-0.44795, 44.49091, 51.2], [-0.44807, 44.49083, 51.2], [-0.44848, 44.49097, 51.478947368421046], [-0.44864, 44.49115, 51.0], [-0.44868, 44.49141, 51.0], [-0.44864, 44.49162, 52.95000000000001]]]}}, {"type": "Feature", "properties": {"id_obligation": "330260000B0479", "priorite": "moyenne"}, "geometry": {"type": "Polygon", "coordinates": [[[-0.44879, 44.49105, 51.38894993894994], [-0.449, 44.49121, 51.38894993894994], [-0.44907, 44.49138, 51.114285714285714], [-0.44903, 44.49166, 51.38894993894994], [-0.44892, 44.49181, 51.38894993894994], [-0.44868, 44.49194, 52.57777777777778], [-0.44844, 44.49198, 52.57777777777778], [-0.44814, 44.49195, 50.96666666666666], [-0.44792, 44.49187, 50.96666666666666], [-0.44773, 44.4917, 50.96666666666666], [-0.44768, 44.49153, 51.48571428571429], [-0.44772, 44.49129, 50.661538461538456], [-0.44783, 44.49113, 50.661538461538456], [-0.448, 44.49103, 50.31144417510194], [-0.44794, 44.49116, 50.5], [-0.4481, 44.4912, 50.2], [-0.44816, 44.49105, 50.6], [-0.44802, 44.49102, 50.661538461538456], [-0.44825, 44.49097, 54.1], [-0.44856, 44.49098, 51.81666666666667], [-0.44879, 44.49105, 51.38894993894994]]]}}, {"type": "Feature", "properties": {"id_obligation": "330260000B0492", "priorite": "moyenne"}, "geometry": {"type": "Polygon", "coordinates": [[[-0.44865, 44.49193, 52.599999999999994], [-0.44845, 44.49176, 52.599999999999994], [-0.4484, 44.49153, 52.0], [-0.44845, 44.49129, 51.91428571428571], [-0.44862, 44.49111, 51.91428571428571], [-0.44883, 44.49102, 51.91428571428571], [-0.44907, 44.49099, 51.91428571428571], [-0.44937, 44.49102, 51.91428571428571], [-0.44958, 44.49111, 51.91428571428571], [-0.44975, 44.49129, 51.91428571428571], [-0.44978, 44.49146, 51.91428571428571], [-0.44974, 44.49172, 51.91428571428571], [-0.44962, 44.49188, 51.91428571428571], [-0.44942, 44.49198, 51.91428571428571], [-0.44918, 44.49203, 51.91428571428571], [-0.44887, 44.49201, 51.91428571428571], [-0.44865, 44.49193, 52.599999999999994]]]}}, {"type": "Feature", "properties": {"id_obligation": "330260000B0507", "priorite": "moyenne"}, "geometry": {"type": "Polygon", "coordinates": [[[-0.4498, 44.49028, 50.24512474367738], [-0.44951, 44.49034, 50.24512474367738], [-0.44948, 44.49057, 50.24512474367738], [-0.44925, 44.49086, 51.15714285714286], [-0.44874, 44.49113, 51.15714285714286], [-0.44851, 44.49118, 51.21052631578948], [-0.4482, 44.49115, 51.21052631578948], [-0.44814, 44.49113, 51.083326089250065], [-0.44816, 44.49105, 50.6], [-0.448, 44.49102, 50.3], [-0.44799, 44.49105, 50.34808501575353], [-0.44789, 44.49097, 51.4], [-0.44801, 44.49099, 51.4], [-0.44803, 44.49094, 51.4], [-0.44785, 44.49091, 51.4], [-0.44779, 44.49063, 51.21052631578948], [-0.44783, 44.49054, 51.1], [-0.44798, 44.49056, 51.1], [-0.44799, 44.4905, 51.1], [-0.44787, 44.49048, 51.1], [-0.448, 44.49025, 51.012499999999996], [-0.44851, 44.48997, 50.24512474367738], [-0.44879, 44.48991, 50.24512474367738], [-0.44888, 44.48963, 50.24512474367738], [-0.44915, 44.48945, 50.24512474367738], [-0.44957, 44.48941, 48.3], [-0.44996, 44.48956, 48.3], [-0.45012, 44.4898, 48.3], [-0.45005, 44.49009, 50.24512474367738], [-0.4498, 44.49028, 50.24512474367738]]]}}, {"type": "Feature", "properties": {"id_obligation": "330260000B0550", "priorite": "forte"}, "geometry": {"type": "Polygon", "coordinates": [[[-0.44085, 44.49136, 54.140625], [-0.44062, 44.49122, 54.140625], [-0.44052, 44.49106, 54.140625], [-0.44053, 44.49082, 54.140625], [-0.44062, 44.49065, 54.140625], [-0.44084, 44.4905, 54.140625], [-0.44108, 44.49045, 54.140625], [-0.44143, 44.49047, 54.140625], [-0.44165, 44.49053, 54.140625], [-0.44186, 44.49069, 54.140625], [-0.44193, 44.49086, 53.28125], [-0.44192, 44.49105, 53.28125], [-0.44183, 44.49121, 54.140625], [-0.44166, 44.49134, 54.140625], [-0.44144, 44.49141, 54.140625], [-0.44115, 44.49141, 54.140625], [-0.44085, 44.49136, 54.140625]]]}}, {"type": "Feature", "properties": {"id_obligation": "330260000B0563", "priorite": "faible"}, "geometry": {"type": "Polygon", "coordinates": [[[-0.444, 44.48913, 53.5], [-0.4439, 44.48929, 53.5], [-0.44372, 44.48941, 53.5], [-0.4434, 44.48936, 53.5], [-0.44341, 44.48944, 53.5], [-0.44354, 44.48946, 53.5], [-0.44309, 44.48945, 51.94872076023392], [-0.44286, 44.48937, 51.94872076023392], [-0.44269, 44.48924, 51.94872076023392], [-0.4426, 44.48907, 51.550000000000004], [-0.44259, 44.4887, 51.550000000000004], [-0.44269, 44.48847, 51.94872076023392], [-0.44289, 44.48831, 51.94872076023392], [-0.44325, 44.48824, 51.94872076023392], [-0.44363, 44.48829, 50.341666666666676], [-0.44386, 44.48842, 51.1], [-0.4438, 44.48849, 51.1], [-0.44394, 44.48852, 51.1], [-0.444, 44.48866, 52.39999999999999], [-0.444, 44.48913, 53.5]]]}}, {"type": "Feature", "properties": {"id_obligation": "330260000B0564", "priorite": "faible"}, "geometry": {"type": "Polygon", "coordinates": [[[-0.44386, 44.48902, 52.39999999999999], [-0.44375, 44.48927, 53.5], [-0.44359, 44.4894, 53.5], [-0.4434, 44.48936, 53.5], [-0.44338, 44.48941, 53.5], [-0.44347, 44.48945, 53.5], [-0.44337, 44.48948, 51.67058823529412], [-0.44312, 44.48949, 51.67058823529412], [-0.44281, 44.48942, 51.876508295625946], [-0.44257, 44.48929, 51.876508295625946], [-0.44242, 44.48909, 51.876508295625946], [-0.4424, 44.48892, 51.876508295625946], [-0.44253, 44.48853, 51.876508295625946], [-0.44273, 44.48836, 51.876508295625946], [-0.44296, 44.48829, 51.9], [-0.44326, 44.48829, 51.9], [-0.44354, 44.48839, 49.800000000000004], [-0.44375, 44.4886, 49.800000000000004], [-0.4438, 44.48875, 52.4], [-0.44372, 44.48874, 52.4], [-0.4437, 44.48881, 52.4], [-0.44385, 44.48884, 52.39999999999999], [-0.44386, 44.48902, 52.39999999999999]]]}}, {"type": "Feature", "properties": {"id_obligation": "330260000B0634", "priorite": "moyenne"}, "geometry": {"type": "Polygon", "coordinates": [[[-0.43666, 44.48314, 51.51005494505495], [-0.43647, 44.48337, 51.0], [-0.43626, 44.48346, 51.0], [-0.43627, 44.48334, 51.0], [-0.43597, 44.48329, 51.0], [-0.43594, 44.48339, 51.0], [-0.43625, 44.48346, 51.0], [-0.43614, 44.48348, 51.11538461538463], [-0.43575, 44.48344, 51.11538461538463], [-0.43553, 44.48336, 50.71], [-0.43535, 44.4832, 52.0], [-0.43541, 44.48306, 52.0], [-0.43529, 44.48304, 52.0], [-0.43533, 44.48279, 51.81999999999999], [-0.43542, 44.48263, 51.81999999999999], [-0.43559, 44.4825, 51.81999999999999], [-0.43582, 44.48243, 51.7], [-0.43607, 44.48243, 51.7], [-0.43637, 44.48251, 51.51005494505495], [-0.43658, 44.48266, 51.51005494505495], [-0.43668, 44.48288, 51.51005494505495], [-0.43666, 44.48314, 51.51005494505495]]]}}, {"type": "Feature", "properties": {"id_obligation": "330260000B0635", "priorite": "moyenne"}, "geometry": {"type": "Polygon", "coordinates": [[[-0.4353, 44.4823, 52.13714285714285], [-0.4356, 44.48226, 52.13714285714285], [-0.43584, 44.4823, 52.13714285714285], [-0.43625, 44.48246, 52.13714285714285], [-0.43639, 44.4826, 52.29999999999999], [-0.43645, 44.48277, 52.29999999999999], [-0.43638, 44.48301, 52.29999999999999], [-0.43625, 44.48316, 52.29999999999999], [-0.43598, 44.48328, 52.29999999999999], [-0.43573, 44.4833, 52.3], [-0.43537, 44.48321, 52.0], [-0.43541, 44.48306, 52.0], [-0.43528, 44.48304, 52.0], [-0.43524, 44.48317, 52.0], [-0.43509, 44.48309, 52.0], [-0.43493, 44.48291, 52.13714285714285], [-0.43489, 44.48274, 52.13714285714285], [-0.43495, 44.48257, 52.13714285714285], [-0.43511, 44.4824, 52.13714285714285], [-0.4353, 44.4823, 52.13714285714285]]]}}, {"type": "Feature", "properties": {"id_obligation": "330260000B0656", "priorite": "moyenne"}, "geometry": {"type": "Polygon", "coordinates": [[[-0.43835, 44.48511, -49.201587301587296], [-0.43813, 44.48497, -49.201587301587296], [-0.43802, 44.48482, 51.1], [-0.438, 44.48464, 51.1], [-0.4381, 44.48443, 51.1], [-0.43824, 44.48429, 51.1], [-0.43851, 44.48418, -49.201587301587296], [-0.43876, 44.48417, -49.201587301587296], [-0.43918, 44.48428, -49.201587301587296], [-0.43938, 44.48439, -49.201587301587296], [-0.43951, 44.48454, -49.201587301587296], [-0.43954, 44.48476, -49.201587301587296], [-0.43941, 44.485, -49.201587301587296], [-0.4392, 44.48516, -49.201587301587296], [-0.43891, 44.48522, -49.201587301587296], [-0.43859, 44.48519, -49.201587301587296], [-0.43835, 44.48511, -49.201587301587296]]]}}, {"type": "Feature", "properties": {"id_obligation": "330260000B0660", "priorite": "faible"}, "geometry": {"type": "Polygon", "coordinates": [[[-0.44102, 44.4847, 48.47], [-0.44112, 44.48491, 48.47], [-0.4411, 44.48509, 48.47], [-0.44095, 44.48529, 48.47], [-0.44077, 44.4854, 48.47], [-0.44048, 44.48545, 47.58], [-0.43997, 44.48532, 48.47], [-0.43982, 44.48519, 48.47], [-0.43974, 44.48503, 47.0], [-0.43975, 44.48486, 47.0], [-0.43988, 44.48465, 47.1], [-0.44007, 44.48453, 47.1], [-0.44031, 44.48448, 48.47], [-0.44056, 44.48449, 48.47], [-0.44084, 44.48457, 48.47], [-0.44102, 44.4847, 48.47]]]}}, {"type": "Feature", "properties": {"id_obligation": "330260000B0690", "priorite": "faible"}, "geometry": {"type": "Polygon", "coordinates": [[[-0.44361, 44.48699, 46.6125], [-0.44334, 44.48709, 46.8], [-0.44309, 44.48709, 46.8], [-0.44265, 44.48701, 46.459999999999994], [-0.44245, 44.48692, 46.459999999999994], [-0.44229, 44.48673, 47.35263157894737], [-0.44228, 44.48667, 49.48076882609885], [-0.44227, 44.48667, 49.48822585214725], [-0.44228, 44.48652, 47.35263157894737], [-0.44237, 44.48632, -214.80926691729323], [-0.44257, 44.48614, -214.80926691729323], [-0.44285, 44.48606, -214.80926691729323], [-0.4431, 44.48607, -214.80926691729323], [-0.44351, 44.48618, -1000.0], [-0.4437, 44.48629, -1000.0], [-0.44382, 44.48643, -738.15], [-0.44386, 44.48661, -738.15], [-0.4438, 44.48678, 46.6125], [-0.44361, 44.48699, 46.6125]], [[-0.44232, 44.48671, 49.3], [-0.44242, 44.48663, 48.8], [-0.44236, 44.48659, 49.2], [-0.44228, 44.48667, 49.48076882609885], [-0.44232, 44.48671, 49.3]]]}}, {"type": "Feature", "properties": {"id_obligation": "330260000B0692", "priorite": "faible"}, "geometry": {"type": "MultiPolygon", "coordinates": [[[[-0.44412, 44.48723, 46.54444444444445], [-0.44382, 44.48737, 46.54444444444445], [-0.44352, 44.48739, 49.926315789473676], [-0.44304, 44.48725, -152.76299448254335], [-0.4428, 44.4871, -152.76299448254335], [-0.44261, 44.48682, 46.64245602262368], [-0.44266, 44.48683, 46.4], [-0.44267, 44.48679, 46.3], [-0.44261, 44.48681, 46.6768962525934], [-0.44258, 44.48675, 46.719047619047615], [-0.44275, 44.48654, 46.8], [-0.44261, 44.48651, 47.3], [-0.44264, 44.48644, 47.150000000000006], [-0.44269, 44.48635, 47.150000000000006], [-0.44291, 44.4862, 47.150000000000006], [-0.44314, 44.48614, -1000.0], [-0.44339, 44.48615, -1000.0], [-0.44376, 44.48626, -152.76299448254335], [-0.44423, 44.4866, -185.69999999999996], [-0.44429, 44.48677, -185.69999999999996], [-0.44426, 44.48701, 46.54444444444445], [-0.44412, 44.48723, 46.54444444444445]]], [[[-0.44257, 44.48662, 47.428901886306264], [-0.44265, 44.48664, 47.2], [-0.44262, 44.48668, 46.4], [-0.44257, 44.48662, 47.428901886306264]]]]}}, {"type": "Feature", "properties": {"id_obligation": "330260000B0700", "priorite": "moyenne"}, "geometry": {"type": "Polygon", "coordinates": [[[-0.44266, 44.48717, 46.55], [-0.44223, 44.48715, 47.02929292929292], [-0.44199, 44.48709, 47.02929292929292], [-0.4418, 44.48697, 47.02929292929292], [-0.44167, 44.48681, 47.02929292929292], [-0.44164, 44.48663, 47.02929292929292], [-0.44172, 44.48645, 47.02929292929292], [-0.44192, 44.48627, 47.02929292929292], [-0.44255, 44.48606, 47.02929292929292], [-0.44293, 44.48611, 47.02929292929292], [-0.44319, 44.48622, 47.02929292929292], [-0.44333, 44.48637, 47.02929292929292], [-0.44337, 44.48659, 47.28333333333333], [-0.44336, 44.48662, 47.336017647605985], [-0.44294, 44.4865, 47.2], [-0.44289, 44.4866, 47.2], [-0.44332, 44.48668, 47.4], [-0.4432, 44.48691, 47.02929292929292], [-0.443, 44.48707, 47.02929292929292], [-0.44266, 44.48717, 46.55]]]}}, {"type": "Feature", "properties": {"id_obligation": "330260000B0708", "priorite": "moyenne"}, "geometry": {"type": "Polygon", "coordinates": [[[-0.44514, 44.48618, 41.9], [-0.44508, 44.48635, 41.9], [-0.44497, 44.4865, 53.9], [-0.44487, 44.48652, 53.9], [-0.44484, 44.4866, 53.9], [-0.44462, 44.48668, 47.83333333333332], [-0.44427, 44.48667, 47.83333333333332], [-0.44384, 44.48652, 47.83333333333332], [-0.44365, 44.48641, 47.83333333333332], [-0.44352, 44.48621, 47.83333333333332], [-0.44353, 44.486, 47.83333333333332], [-0.44367, 44.4858, 47.83333333333332], [-0.44383, 44.48567, 47.83333333333332], [-0.44405, 44.4856, 47.83333333333332], [-0.44432, 44.48559, 47.83333333333332], [-0.44456, 44.48564, 47.83333333333332], [-0.44487, 44.48576, 47.83333333333332], [-0.44508, 44.48596, 47.83333333333332], [-0.44514, 44.48618, 41.9]]]}}, {"type": "Feature", "properties": {"id_obligation": "330260000B0709", "priorite": "faible"}, "geometry": {"type": "MultiPolygon", "coordinates": [[[[-0.44525, 44.4872, 48.9], [-0.44496, 44.48726, 47.923529411764704], [-0.44485, 44.48726, 47.5], [-0.44489, 44.4872, 47.5], [-0.44503, 44.48723, 47.5], [-0.44507, 44.48713, 47.5], [-0.44488, 44.48709, 47.5], [-0.44481, 44.48725, 47.5], [-0.44462, 44.48722, 48.4], [-0.4447, 44.48698, 48.4], [-0.44429, 44.48694, 47.5], [-0.44432, 44.48707, 47.435049456866764], [-0.4442, 44.48687, 47.0], [-0.44424, 44.48683, 47.0], [-0.44419, 44.48682, 47.0], [-0.4442, 44.48656, -261.47058823529414], [-0.4443, 44.48632, 47.7], [-0.44439, 44.48622, 47.7], [-0.44446, 44.48625, 47.7], [-0.4445, 44.48615, 47.7], [-0.44479, 44.48606, 46.54], [-0.44504, 44.48605, 46.54], [-0.44533, 44.48612, 41.9], [-0.44558, 44.48628, 41.9], [-0.44571, 44.48658, 43.5], [-0.44563, 44.48682, 43.5], [-0.4455, 44.48701, 48.9], [-0.44525, 44.4872, 48.9]]], [[[-0.44445, 44.48716, 47.372222222222234], [-0.44437, 44.48711, 47.2423258068694], [-0.44455, 44.48709, 48.4], [-0.44454, 44.4872, 48.4], [-0.44445, 44.48716, 47.372222222222234]]]]}}, {"type": "Feature", "properties": {"id_obligation": "330260000B0711", "priorite": "moyenne"}, "geometry": {"type": "Polygon", "coordinates": [[[-0.4446, 44.4866, -281.125], [-0.44482, 44.48682, -281.125], [-0.44485, 44.4871, 47.65909090909091], [-0.44469, 44.48733, 48.4], [-0.44439, 44.48746, 48.4], [-0.4437, 44.48751, 46.575], [-0.4434, 44.48748, -52.9028612012987], [-0.44319, 44.48738, -52.9028612012987], [-0.44305, 44.48724, -52.9028612012987], [-0.44299, 44.48706, 49.709090909090904], [-0.44304, 44.48684, 47.162499999999994], [-0.44317, 44.48669, 47.162499999999994], [-0.44323, 44.48666, 47.4], [-0.44337, 44.48674, 47.4], [-0.44343, 44.48664, 47.4], [-0.44333, 44.48661, 47.4], [-0.44349, 44.48657, 47.162499999999994], [-0.44431, 44.48652, -281.125], [-0.4446, 44.4866, -281.125]]]}}, {"type": "Feature", "properties": {"id_obligation": "330260000B0713", "priorite": "faible"}, "geometry": {"type": "MultiPolygon", "coordinates": [[[[-0.44413, 44.48719, 46.5286056367193], [-0.44417, 44.48729, 46.4], [-0.44421, 44.48719, 46.4], [-0.44428, 44.48719, 46.575], [-0.44452, 44.48724, 48.4], [-0.44451, 44.48729, 48.4], [-0.44457, 44.4873, 48.4], [-0.44459, 44.48727, 48.4], [-0.44465, 44.48729, 47.824999999999996], [-0.44486, 44.48744, 46.92415899713475], [-0.44475, 44.4876, 47.2], [-0.44493, 44.48759, 48.58210517887925], [-0.44494, 44.48771, 47.6875], [-0.44477, 44.48814, 22.91405081189564], [-0.44466, 44.48829, 22.91405081189564], [-0.44442, 44.48842, 22.91405081189564], [-0.44413, 44.48846, 50.107407407407386], [-0.44369, 44.48841, 49.8], [-0.44367, 44.48834, 49.8], [-0.44361, 44.48834, 49.8], [-0.44362, 44.48839, 49.8], [-0.44341, 44.48836, 49.9], [-0.44319, 44.48826, 49.9], [-0.44305, 44.48811, 49.9], [-0.443, 44.48789, 49.3], [-0.44315, 44.48756, 49.3], [-0.44338, 44.48741, 22.91405081189564], [-0.44367, 44.48735, 46.575], [-0.44413, 44.48719, 46.5286056367193]]], [[[-0.44491, 44.48753, 47.6875], [-0.44491, 44.48754, 48.61631332731807], [-0.44486, 44.48754, 48.9], [-0.44489, 44.48749, 47.6875], [-0.44491, 44.48753, 47.6875]]]]}}, {"type": "Feature", "properties": {"id_obligation": "330260000B0720", "priorite": "faible"}, "geometry": {"type": "MultiPolygon", "coordinates": [[[[-0.4449, 44.48683, 48.24999999999999], [-0.44521, 44.4868, 48.5], [-0.44563, 44.48688, 45.74], [-0.44589, 44.48707, 45.74], [-0.44593, 44.48713, 44.1], [-0.44589, 44.48723, 44.1], [-0.44596, 44.48728, 46.15238095238097], [-0.44587, 44.4873, 45.2], [-0.44588, 44.48726, 45.2], [-0.44581, 44.48724, 45.2], [-0.44577, 44.48738, 45.2], [-0.44593, 44.48742, 45.2], [-0.44591, 44.48745, 46.6], [-0.44583, 44.48743, 45.9], [-0.44578, 44.48758, 46.4], [-0.44584, 44.48759, 46.4], [-0.44534, 44.48795, 47.36196428571429], [-0.4451, 44.488, 47.36196428571429], [-0.44479, 44.48797, 48.6], [-0.44458, 44.48788, 48.6], [-0.44443, 44.48774, 48.6], [-0.44438, 44.48744, 47.53333333333331], [-0.44455, 44.48709, 48.4], [-0.44451, 44.48729, 48.4], [-0.44457, 44.4873, 48.4], [-0.44468, 44.48711, 48.4], [-0.44466, 44.48697, 48.24999999999999], [-0.4449, 44.48683, 48.24999999999999]]]]}}, {"type": "Feature", "properties": {"id_obligation": "330260000B0730", "priorite": "faible"}, "geometry": {"type": "MultiPolygon", "coordinates": [[[[-0.44591, 44.48731, 45.2], [-0.44581, 44.48724, 45.2], [-0.44577, 44.48738, 45.2], [-0.44581, 44.48739, 45.2], [-0.44555, 44.4875, 48.1625], [-0.44514, 44.48748, 48.1625], [-0.44508, 44.48746, 47.7], [-0.4451, 44.48737, 47.7], [-0.44505, 44.48736, 47.7], [-0.44502, 44.48744, 47.7], [-0.44496, 44.48742, 47.0], [-0.44497, 44.48739, 47.0], [-0.4448, 44.48736, 47.44666666666667], [-0.44463, 44.4872, 48.4], [-0.4447, 44.48698, 48.4], [-0.44457, 44.48696, 48.24999999999999], [-0.44468, 44.48674, 53.89999999999999], [-0.44483, 44.48661, 53.9], [-0.44487, 44.48664, 53.9], [-0.44482, 44.48679, 53.9], [-0.44493, 44.48681, 53.9], [-0.44508, 44.48656, 53.9], [-0.44503, 44.48654, 53.9], [-0.44511, 44.48652, 49.442857142857136], [-0.44535, 44.48652, 49.442857142857136], [-0.4457, 44.48662, 43.5], [-0.44592, 44.48676, 43.5], [-0.44602, 44.48691, 44.80833333333334], [-0.44594, 44.48694, 43.8], [-0.44592, 44.487, 43.8], [-0.44598, 44.487, 44.1], [-0.44589, 44.48723, 44.1], [-0.44595, 44.48725, 45.884210526315776], [-0.44591, 44.48731, 45.2]]]]}}, {"type": "Feature", "properties": {"id_obligation": "330260000B0731", "priorite": "faible"}, "geometry": {"type": "MultiPolygon", "coordinates": [[[[-0.44602, 44.48662, 47.03895709325397], [-0.44624, 44.48671, 47.03895709325397], [-0.44638, 44.48686, 44.00000000000001], [-0.44644, 44.48704, 44.00000000000001], [-0.44637, 44.48731, 46.08888888888889], [-0.44626, 44.48747, 46.08888888888889], [-0.44583, 44.48743, 45.9], [-0.44578, 44.48758, 46.4], [-0.44572, 44.48756, 46.1], [-0.4457, 44.48763, 46.1], [-0.44545, 44.48758, 47.9], [-0.44566, 44.48758, 47.9], [-0.44567, 44.48747, 46.3], [-0.44561, 44.48751, 47.9], [-0.44545, 44.48749, 47.9], [-0.44543, 44.48757, 47.9], [-0.44508, 44.48744, 47.7], [-0.4451, 44.48737, 47.7], [-0.44505, 44.48736, 47.7], [-0.44503, 44.48742, 47.7], [-0.44486, 44.48724, 47.5], [-0.44489, 44.4872, 47.5], [-0.44503, 44.48723, 47.5], [-0.44507, 44.48713, 47.5], [-0.44488, 44.48709, 47.5], [-0.44484, 44.48719, 47.5], [-0.44482, 44.48708, 47.87142857142858], [-0.44489, 44.48686, 53.899999999999984], [-0.44507, 44.48668, 53.899999999999984], [-0.44534, 44.48658, 43.5], [-0.44602, 44.48662, 47.03895709325397]]], [[[-0.44595, 44.48761, 46.08888888888889], [-0.44593, 44.48761, 46.4], [-0.44593, 44.48752, 46.6], [-0.44606, 44.48758, 46.08888888888889], [-0.44595, 44.48761, 46.08888888888889]]], [[[-0.44576, 44.48763, 46.1], [-0.44578, 44.48758, 46.4], [-0.44593, 44.48761, 46.4], [-0.44576, 44.48763, 46.1]]]]}}, {"type": "Feature", "properties": {"id_obligation": "330260000B0732", "priorite": "faible"}, "geometry": {"type": "Polygon", "coordinates": [[[-0.44538, 44.48706, 48.3], [-0.44541, 44.48701, 48.3], [-0.44529, 44.48698, 48.3], [-0.44543, 44.48668, 44.300000000000004], [-0.44561, 44.48656, 42.66666666666667], [-0.44585, 44.4865, 42.66666666666667], [-0.44619, 44.48649, 45.899402056277054], [-0.44642, 44.48655, 45.899402056277054], [-0.44663, 44.48671, 45.899402056277054], [-0.44671, 44.48688, 45.899402056277054], [-0.44655, 44.48742, 46.5590909090909], [-0.44652, 44.48747, 46.8], [-0.44642, 44.48743, 46.8], [-0.44644, 44.48755, 46.8], [-0.44638, 44.4876, 46.5590909090909], [-0.44625, 44.48766, 45.6], [-0.4463, 44.48755, 45.6], [-0.44625, 44.48753, 45.6], [-0.44626, 44.4875, 46.3], [-0.44593, 44.48742, 46.6], [-0.44591, 44.48745, 46.6], [-0.44583, 44.48743, 45.9], [-0.44578, 44.48758, 46.4], [-0.44593, 44.48761, 46.4], [-0.44593, 44.48752, 44.3], [-0.44616, 44.48758, 46.3], [-0.44612, 44.48767, 46.3], [-0.44618, 44.48768, 45.67911399183171], [-0.44604, 44.4877, 46.12812499999999], [-0.4458, 44.48769, 46.12812499999999], [-0.44548, 44.48758, 47.9], [-0.44566, 44.48758, 47.9], [-0.44567, 44.48747, 46.3], [-0.44561, 44.48751, 47.9], [-0.44545, 44.48749, 47.9], [-0.44541, 44.48753, 47.58], [-0.4453, 44.48739, 48.4], [-0.44549, 44.48741, 48.4], [-0.44553, 44.4873, 48.4], [-0.44526, 44.48726, 48.7], [-0.44529, 44.48704, 48.3], [-0.44538, 44.48706, 48.3]]]}}, {"type": "Feature", "properties": {"id_obligation": "330260000B0738", "priorite": "faible"}, "geometry": {"type": "Polygon", "coordinates": [[[-0.44649, 44.4879, 46.50000000000001], [-0.44622, 44.488, 45.77777777777778], [-0.44586, 44.48798, 45.77777777777778], [-0.44575, 44.48795, 45.69497698680032], [-0.44578, 44.48788, 45.5], [-0.44572, 44.48787, 45.5], [-0.44572, 44.48792, 45.5], [-0.44555, 44.48789, 45.5], [-0.44534, 44.48773, 45.5], [-0.44526, 44.48756, 47.853846153846135], [-0.44528, 44.48739, 48.4], [-0.44549, 44.48741, 48.4], [-0.44553, 44.4873, 48.4], [-0.44533, 44.48727, 48.40053108675848], [-0.44539, 44.48719, 48.9875], [-0.44549, 44.48709, 49.5], [-0.44563, 44.48713, 49.5], [-0.44566, 44.48707, 49.5], [-0.44557, 44.48705, 49.5], [-0.44583, 44.48697, 45.100000000000016], [-0.44598, 44.487, 44.1], [-0.44589, 44.48723, 44.1], [-0.44597, 44.48726, 44.1], [-0.44607, 44.48698, 44.1], [-0.44643, 44.48707, 46.55891950931013], [-0.44661, 44.48718, 46.55891950931013], [-0.44672, 44.48733, 46.59285714285714], [-0.44675, 44.4875, 46.59285714285714], [-0.44667, 44.48773, 46.50000000000001], [-0.44649, 44.4879, 46.50000000000001]]]}}, {"type": "Feature", "properties": {"id_obligation": "330260000B0739", "priorite": "faible"}, "geometry": {"type": "Polygon", "coordinates": [[[-0.44654, 44.48711, 44.1], [-0.4466, 44.48728, 46.660000000000004], [-0.44655, 44.48748, 46.8], [-0.44642, 44.48743, 46.8], [-0.4464, 44.48747, 46.8], [-0.44642, 44.48754, 46.8], [-0.44649, 44.48755, 46.8], [-0.44638, 44.48773, 46.8], [-0.44624, 44.48769, 45.6], [-0.44621, 44.48775, 46.8], [-0.44631, 44.48778, 46.53636363636362], [-0.44591, 44.48787, 46.51428571428571], [-0.44552, 44.48779, 47.9], [-0.44532, 44.4877, 47.9], [-0.44519, 44.48755, 47.9], [-0.44515, 44.48739, 48.7], [-0.44549, 44.48741, 48.4], [-0.44553, 44.4873, 48.4], [-0.44517, 44.48725, 48.7], [-0.44526, 44.48703, 48.3], [-0.44538, 44.48706, 48.3], [-0.44541, 44.48701, 48.3], [-0.4453, 44.48698, 48.3], [-0.44537, 44.48693, 48.642857142857146], [-0.44557, 44.48683, 48.642857142857146], [-0.4458, 44.48679, 44.529999999999994], [-0.4461, 44.48684, 44.1], [-0.44635, 44.48695, 44.1], [-0.44654, 44.48711, 44.1]]]}}, {"type": "Feature", "properties": {"id_obligation": "330260000B0740", "priorite": "faible"}, "geometry": {"type": "Polygon", "coordinates": [[[-0.44657, 44.48748, 46.8], [-0.44642, 44.48743, 46.8], [-0.4464, 44.48747, 46.8], [-0.44642, 44.48754, 46.8], [-0.44649, 44.48755, 46.8], [-0.44639, 44.48773, 46.8], [-0.44624, 44.48769, 45.6], [-0.44621, 44.48775, 46.8], [-0.44643, 44.48784, 46.8], [-0.44658, 44.48755, 46.8], [-0.44647, 44.48784, 46.66666666666667], [-0.44631, 44.48797, 46.66666666666667], [-0.44604, 44.48806, 45.53333333333333], [-0.44579, 44.48805, 45.53333333333333], [-0.44541, 44.48794, 46.498766899219206], [-0.4452, 44.48781, 46.498766899219206], [-0.44507, 44.48761, 48.023076923076914], [-0.44507, 44.48748, 47.7], [-0.44511, 44.48739, 48.7], [-0.44549, 44.48741, 48.4], [-0.44553, 44.4873, 48.4], [-0.44519, 44.48725, 49.025], [-0.44545, 44.48708, 49.5], [-0.44563, 44.48713, 49.5], [-0.44566, 44.48707, 49.5], [-0.44553, 44.48704, 49.5], [-0.4457, 44.48699, 45.728571428571456], [-0.44598, 44.487, 44.1], [-0.44589, 44.48723, 44.1], [-0.44597, 44.48726, 44.1], [-0.44606, 44.48701, 44.1], [-0.44625, 44.48707, 44.1], [-0.44642, 44.48719, 44.1], [-0.44657, 44.48748, 46.8]]]}}, {"type": "Feature", "properties": {"id_obligation": "330260000B0741", "priorite": "faible"}, "geometry": {"type": "MultiPolygon", "coordinates": [[[[-0.44622, 44.48792, 46.55833333333334], [-0.44599, 44.48798, 45.666666666666664], [-0.44575, 44.48798, 45.666666666666664], [-0.44544, 44.48789, 45.5], [-0.44524, 44.48773, 45.5], [-0.44517, 44.48746, 48.18888888888888], [-0.44523, 44.48738, 48.4], [-0.44549, 44.48741, 48.4], [-0.44553, 44.4873, 48.4], [-0.44526, 44.48726, 48.512258608306546], [-0.4453, 44.48722, 48.81666666666667], [-0.4455, 44.48709, 49.5], [-0.44563, 44.48713, 49.5], [-0.44566, 44.48707, 49.5], [-0.4456, 44.48706, 49.5], [-0.44573, 44.48704, 45.72], [-0.44569, 44.48716, 46.9], [-0.44577, 44.48718, 46.9], [-0.44581, 44.48704, 46.9], [-0.44594, 44.48704, 44.1], [-0.44589, 44.48723, 44.1], [-0.44597, 44.48726, 44.1], [-0.44604, 44.48706, 44.1], [-0.44628, 44.48714, 44.1], [-0.44644, 44.48728, 46.55999999999999], [-0.44651, 44.48745, 46.55999999999999], [-0.44642, 44.48743, 46.8], [-0.4464, 44.48747, 46.8], [-0.44642, 44.48754, 46.8], [-0.44649, 44.48755, 46.8], [-0.44639, 44.48773, 46.8], [-0.44624, 44.48769, 45.6], [-0.44621, 44.48775, 46.8], [-0.44639, 44.4878, 46.55833333333334], [-0.44622, 44.48792, 46.55833333333334]]]]}}, {"type": "Feature", "properties": {"id_obligation": "330260000B0743", "priorite": "faible"}, "geometry": {"type": "Polygon", "coordinates": [[[-0.44657, 44.487, 46.24223167044595], [-0.44693, 44.48711, 46.24223167044595], [-0.44711, 44.48723, 46.24223167044595], [-0.44723, 44.48744, 46.8], [-0.44722, 44.48761, 46.8], [-0.44696, 44.48807, 46.24223167044595], [-0.44674, 44.48823, 46.24223167044595], [-0.44651, 44.48828, 46.8], [-0.44617, 44.48825, 46.8], [-0.44579, 44.48809, 45.53333333333333], [-0.44557, 44.48788, 45.53333333333333], [-0.44546, 44.48762, 46.874074074074045], [-0.44548, 44.48756, 47.9], [-0.44566, 44.48758, 47.9], [-0.44567, 44.48747, 46.3], [-0.44561, 44.48751, 47.9], [-0.44546, 44.48749, 47.9], [-0.44554, 44.4873, 46.86249999999998], [-0.44567, 44.48715, 46.86249999999998], [-0.44571, 44.48713, 46.9], [-0.44569, 44.48716, 46.9], [-0.44577, 44.48718, 46.9], [-0.4458, 44.48708, 46.9], [-0.44597, 44.48703, 44.1], [-0.44589, 44.48723, 44.1], [-0.44597, 44.48726, 44.1], [-0.44606, 44.48702, 44.1], [-0.44657, 44.487, 46.24223167044595]]]}}, {"type": "Feature", "properties": {"id_obligation": "330260000B0746", "priorite": "faible"}, "geometry": {"type": "Polygon", "coordinates": [[[-0.44628, 44.48859, 49.65185185185185], [-0.44633, 44.4888, 49.65185185185185], [-0.44628, 44.48898, 49.65185185185185], [-0.44615, 44.48912, 49.65185185185185], [-0.44592, 44.48924, 49.65185185185185], [-0.44567, 44.48929, 49.65185185185185], [-0.44536, 44.48925, 49.65185185185185], [-0.44511, 44.48914, 49.65185185185185], [-0.44498, 44.48899, 49.65185185185185], [-0.44494, 44.48882, 49.888888888888886], [-0.44498, 44.4886, 49.9], [-0.44515, 44.48841, 49.9], [-0.44542, 44.4883, 49.65185185185185], [-0.44568, 44.48829, 49.65185185185185], [-0.44592, 44.48833, 49.65185185185185], [-0.44615, 44.48845, 49.65185185185185], [-0.44628, 44.48859, 49.65185185185185]]]}}, {"type": "Feature", "properties": {"id_obligation": "330260000B0753", "priorite": "faible"}, "geometry": {"type": "Polygon", "coordinates": [[[-0.44589, 44.48965, 50.50333333333333], [-0.44611, 44.48957, 50.50333333333333], [-0.44641, 44.48956, 50.50333333333333], [-0.44669, 44.48965, 50.4], [-0.44687, 44.48978, 50.4], [-0.44696, 44.48995, 50.4], [-0.44695, 44.49013, 50.4], [-0.44685, 44.49032, 50.50333333333333], [-0.44668, 44.49045, 50.50333333333333], [-0.44645, 44.49053, 50.50333333333333], [-0.44619, 44.49053, 50.50333333333333], [-0.4459, 44.49045, 50.50333333333333], [-0.44572, 44.49032, 50.50333333333333], [-0.44563, 44.49015, 50.50333333333333], [-0.44571, 44.48982, 50.50333333333333], [-0.44589, 44.48965, 50.50333333333333]]]}}, {"type": "Feature", "properties": {"id_obligation": "330260000B0759", "priorite": "faible"}, "geometry": {"type": "Polygon", "coordinates": [[[-0.4481, 44.48845, 49.3], [-0.44802, 44.48843, 49.3], [-0.44796, 44.48851, 49.3], [-0.44815, 44.48854, 49.3], [-0.44815, 44.48873, 49.28333333333333], [-0.44803, 44.48895, 50.3], [-0.4478, 44.4891, 50.3], [-0.44749, 44.48916, 49.1], [-0.44724, 44.48915, 49.1], [-0.44698, 44.48905, 48.32708333333334], [-0.44668, 44.48883, 48.32708333333334], [-0.44661, 44.48866, 48.32708333333334], [-0.44663, 44.48849, 48.32708333333334], [-0.44683, 44.48822, 47.1], [-0.44692, 44.48817, 47.1], [-0.44705, 44.48821, 47.1], [-0.44708, 44.48815, 47.1], [-0.44702, 44.48813, 47.1], [-0.44722, 44.48809, 47.0125], [-0.44746, 44.48811, 47.0125], [-0.44778, 44.48821, 47.1], [-0.4481, 44.48845, 49.3]]]}}, {"type": "Feature", "properties": {"id_obligation": "330260000B0764", "priorite": "faible"}, "geometry": {"type": "Polygon", "coordinates": [[[-0.44757, 44.48787, 44.5], [-0.44769, 44.48807, 47.0], [-0.44769, 44.48824, 47.0], [-0.44756, 44.48847, 47.974999999999994], [-0.44741, 44.48858, 47.8], [-0.44728, 44.48854, 47.8], [-0.44724, 44.48862, 47.8], [-0.44728, 44.48863, 48.04636599547095], [-0.44709, 44.48866, 47.8], [-0.44685, 44.48864, 47.8], [-0.44656, 44.48855, 46.479166666666664], [-0.44639, 44.48843, 46.479166666666664], [-0.44629, 44.48822, 46.479166666666664], [-0.44632, 44.48805, 46.479166666666664], [-0.44643, 44.48786, 46.479166666666664], [-0.44661, 44.48774, 46.479166666666664], [-0.44684, 44.48767, 44.5], [-0.44733, 44.48773, 44.5], [-0.44757, 44.48787, 44.5]]]}}, {"type": "Feature", "properties": {"id_obligation": "330260000B0765", "priorite": "faible"}, "geometry": {"type": "Polygon", "coordinates": [[[-0.44679, 44.48753, 46.55], [-0.44702, 44.48746, 46.55], [-0.44727, 44.48746, 46.55], [-0.44758, 44.48754, 46.55], [-0.44779, 44.48769, 46.55], [-0.44787, 44.48786, 46.55], [-0.44785, 44.48804, 46.55], [-0.44774, 44.48824, 47.0], [-0.44757, 44.48837, 47.0], [-0.44734, 44.48844, 47.050000000000004], [-0.4471, 44.48844, 47.050000000000004], [-0.44679, 44.48836, 47.1], [-0.44662, 44.48824, 47.1], [-0.44652, 44.48808, 47.1], [-0.44651, 44.48791, 47.1], [-0.4466, 44.4877, 46.55], [-0.44679, 44.48753, 46.55]]]}}, {"type": "Feature", "properties": {"id_obligation": "330260000B0767", "priorite": "moyenne"}, "geometry": {"type": "Polygon", "coordinates": [[[-0.44798, 44.48745, 45.29999999999999], [-0.44781, 44.48764, 45.29999999999999], [-0.44742, 44.48777, 45.29999999999999], [-0.44718, 44.48776, 45.29999999999999], [-0.44688, 44.48766, 45.29999999999999], [-0.44669, 44.4875, 45.29999999999999], [-0.44664, 44.48733, 45.29999999999999], [-0.44674, 44.48697, 45.29999999999999], [-0.44685, 44.48681, 45.29999999999999], [-0.44709, 44.48667, 45.29999999999999], [-0.44733, 44.48663, 45.29999999999999], [-0.44769, 44.48668, 45.29999999999999], [-0.44794, 44.48681, 45.29999999999999], [-0.44807, 44.48701, 45.29999999999999], [-0.44806, 44.48726, 45.29999999999999], [-0.44798, 44.48745, 45.29999999999999]]]}}, {"type": "Feature", "properties": {"id_obligation": "330260000B0770", "priorite": "faible"}, "geometry": {"type": "Polygon", "coordinates": [[[-0.44962, 44.4886, 46.525], [-0.44945, 44.48873, 46.525], [-0.44923, 44.48881, 46.61428571428571], [-0.44898, 44.48881, 46.61428571428571], [-0.44867, 44.48874, 46.442513736263734], [-0.44849, 44.48862, 46.442513736263734], [-0.44838, 44.48846, 46.442513736263734], [-0.44836, 44.48828, 46.442513736263734], [-0.44847, 44.48804, 46.442513736263734], [-0.44875, 44.48774, 46.442513736263734], [-0.44901, 44.48762, 46.442513736263734], [-0.4493, 44.4876, 46.442513736263734], [-0.44964, 44.48771, 46.442513736263734], [-0.44986, 44.48791, 46.442513736263734], [-0.44988, 44.48817, 46.4], [-0.44962, 44.4886, 46.525]]]}}, {"type": "Feature", "properties": {"id_obligation": "330260000B0772", "priorite": "faible"}, "geometry": {"type": "Polygon", "coordinates": [[[-0.44863, 44.48843, 46.79999999999999], [-0.44872, 44.48821, 46.8], [-0.44888, 44.48807, 46.8], [-0.4491, 44.48798, 45.9125], [-0.44941, 44.48797, 45.9125], [-0.44973, 44.48806, 47.218962585034014], [-0.44992, 44.48818, 47.218962585034014], [-0.45003, 44.48834, 47.324999999999996], [-0.45005, 44.48851, 47.0], [-0.44997, 44.48858, 47.0], [-0.45002, 44.4886, 47.0], [-0.44993, 44.48875, 48.01666666666667], [-0.44977, 44.48888, 48.01666666666667], [-0.44956, 44.48895, 47.218962585034014], [-0.44926, 44.48896, 47.218962585034014], [-0.44897, 44.48887, 49.10000000000001], [-0.44894, 44.48882, 49.1], [-0.44879, 44.48876, 49.10000000000001], [-0.44867, 44.48861, 46.79999999999999], [-0.44863, 44.48843, 46.79999999999999]]]}}, {"type": "Feature", "properties": {"id_obligation": "330260000B0773", "priorite": "faible"}, "geometry": {"type": "Polygon", "coordinates": [[[-0.45037, 44.48901, 47.63993202737809], [-0.45024, 44.48901, 47.0], [-0.45024, 44.48911, 47.35620908499024], [-0.45019, 44.48914, 47.56428571428571], [-0.44987, 44.48922, 47.75], [-0.44963, 44.48922, 47.75], [-0.44932, 44.48911, 47.23684729064039], [-0.44914, 44.48899, 47.23684729064039], [-0.44905, 44.48882, 46.82857142857142], [-0.44905, 44.48859, 46.82857142857142], [-0.44918, 44.48839, 46.39999999999999], [-0.44953, 44.4881, 46.39999999999999], [-0.44975, 44.48802, 47.23684729064039], [-0.45005, 44.48802, 47.23684729064039], [-0.45041, 44.48815, 47.23684729064039], [-0.45058, 44.48833, 47.23684729064039], [-0.45062, 44.48855, 47.23684729064039], [-0.45037, 44.48901, 47.63993202737809]]]}}, {"type": "Feature", "properties": {"id_obligation": "330260000B0774", "priorite": "moyenne"}, "geometry": {"type": "Polygon", "coordinates": [[[-0.45068, 44.48887, 47.699999999999996], [-0.45053, 44.4891, 47.699999999999996], [-0.45036, 44.48922, 47.699999999999996], [-0.45013, 44.4893, 47.574999999999996], [-0.44989, 44.4893, 47.574999999999996], [-0.44957, 44.48921, 47.28234199134199], [-0.44939, 44.48909, 47.28234199134199], [-0.44929, 44.48893, 47.28234199134199], [-0.44929, 44.48875, 47.81666666666666], [-0.44946, 44.4883, 46.67272727272726], [-0.44961, 44.48816, 46.67272727272726], [-0.44988, 44.48807, 47.5], [-0.45025, 44.48809, 47.28234199134199], [-0.45055, 44.48823, 47.28234199134199], [-0.45069, 44.48843, 47.28234199134199], [-0.45068, 44.48887, 47.699999999999996]]]}}, {"type": "Feature", "properties": {"id_obligation": "330260000B0775", "priorite": "faible"}, "geometry": {"type": "Polygon", "coordinates": [[[-0.45049, 44.48942, 47.2414834620717], [-0.4502, 44.4895, 47.6], [-0.44996, 44.48949, 47.6], [-0.44964, 44.48938, 47.2414834620717], [-0.44948, 44.48924, 47.2414834620717], [-0.4494, 44.48903, 47.2414834620717], [-0.44945, 44.48886, 47.2414834620717], [-0.44961, 44.48862, 48.01818181818181], [-0.44989, 44.48848, 47.662944356358125], [-0.44967, 44.48869, 48.2], [-0.44967, 44.48874, 47.7], [-0.44977, 44.48878, 47.7], [-0.44988, 44.48871, 48.2], [-0.44984, 44.48869, 48.2], [-0.44999, 44.48849, 47.5], [-0.44995, 44.48847, 47.5], [-0.45029, 44.48848, 47.41111111111112], [-0.45061, 44.4886, 46.166666666666664], [-0.45076, 44.48873, 46.166666666666664], [-0.45083, 44.4889, 46.599999999999994], [-0.4508, 44.48907, 46.599999999999994], [-0.45069, 44.48925, 47.2414834620717], [-0.45049, 44.48942, 47.2414834620717]]]}}, {"type": "Feature", "properties": {"id_obligation": "330260000B0776", "priorite": "moyenne"}, "geometry": {"type": "Polygon", "coordinates": [[[-0.45102, 44.48916, 47.19264285714286], [-0.45074, 44.48925, 47.6], [-0.45044, 44.48924, 47.6], [-0.45017, 44.48915, 47.58571428571428], [-0.45001, 44.48901, 47.58571428571428], [-0.44994, 44.48884, 47.6], [-0.45, 44.48886, 47.6], [-0.45008, 44.48875, 47.6], [-0.44997, 44.48872, 47.6], [-0.44994, 44.48878, 47.6], [-0.44998, 44.48862, 47.6375], [-0.45014, 44.48841, 47.0], [-0.45033, 44.4883, 47.0], [-0.45056, 44.48825, 47.19264285714286], [-0.4508, 44.48826, 47.19264285714286], [-0.45107, 44.48836, 47.19264285714286], [-0.45123, 44.4885, 47.19264285714286], [-0.4513, 44.48866, 47.19264285714286], [-0.45128, 44.48884, 47.19264285714286], [-0.45117, 44.48902, 47.19264285714286], [-0.45102, 44.48916, 47.19264285714286]]]}}, {"type": "Feature", "properties": {"id_obligation": "330260000B0816", "priorite": "faible"}, "geometry": {"type": "Polygon", "coordinates": [[[-0.44287, 44.48998, 54.0], [-0.44263, 44.4904, 54.0], [-0.4427, 44.49041, 54.0], [-0.44283, 44.49009, 54.0], [-0.44315, 44.49016, 54.0], [-0.44319, 44.49008, 54.0], [-0.44288, 44.48997, 54.0], [-0.44326, 44.48992, 54.0], [-0.44366, 44.49003, 53.1], [-0.44386, 44.4902, 53.1], [-0.44391, 44.49037, -298.09999999999997], [-0.44385, 44.49063, 54.0], [-0.44374, 44.49078, 54.0], [-0.44356, 44.4909, 53.8], [-0.44356, 44.4908, 54.0], [-0.44363, 44.49078, 54.0], [-0.44349, 44.49076, 54.8], [-0.44344, 44.49094, 54.8], [-0.44333, 44.49095, 53.856521739130415], [-0.44309, 44.49095, 53.1], [-0.44276, 44.49085, 53.66666666666667], [-0.4426, 44.49073, 53.66666666666667], [-0.44251, 44.49056, 53.833333333333336], [-0.4426, 44.49018, 54.0], [-0.44287, 44.48998, 54.0]]]}}, {"type": "Feature", "properties": {"id_obligation": "330260000B0818", "priorite": "faible"}, "geometry": {"type": "Polygon", "coordinates": [[[-0.44724, 44.4908, 50.83750000000001], [-0.44711, 44.49061, 50.824999999999996], [-0.44712, 44.49037, 50.824999999999996], [-0.44726, 44.49017, 51.108347731703], [-0.4475, 44.49005, 51.108347731703], [-0.44774, 44.49001, 51.108347731703], [-0.44818, 44.49007, 51.108347731703], [-0.44839, 44.49015, 51.108347731703], [-0.44854, 44.49029, 51.108347731703], [-0.44861, 44.49045, 51.04444444444445], [-0.44862, 44.49051, 50.28020598116244], [-0.44853, 44.49049, 50.2], [-0.4485, 44.49066, 50.5], [-0.44841, 44.49071, 50.9], [-0.44843, 44.49073, 50.9], [-0.44859, 44.49064, 50.928733848549776], [-0.44847, 44.49084, 51.68333333333333], [-0.44828, 44.49095, 51.68333333333333], [-0.44804, 44.491, 51.40526315789474], [-0.44748, 44.49094, 50.83750000000001], [-0.44724, 44.4908, 50.83750000000001]]]}}, {"type": "Feature", "properties": {"id_obligation": "330260000B0824", "priorite": "moyenne"}, "geometry": {"type": "Polygon", "coordinates": [[[-0.45071, 44.48962, 47.281315789473695], [-0.45043, 44.48977, 47.281315789473695], [-0.45012, 44.4898, 47.281315789473695], [-0.44978, 44.48969, 47.281315789473695], [-0.44958, 44.48952, 47.281315789473695], [-0.44952, 44.48935, 47.281315789473695], [-0.4496, 44.48895, 47.931578947368436], [-0.44972, 44.48876, 47.7], [-0.44985, 44.48876, 48.2], [-0.44989, 44.48863, 48.2], [-0.45022, 44.48854, 47.480000000000004], [-0.45046, 44.48855, 47.480000000000004], [-0.45078, 44.48866, 46.14], [-0.45097, 44.48884, 46.14], [-0.45102, 44.48901, 47.281315789473695], [-0.45071, 44.48962, 47.281315789473695]]]}}, {"type": "Feature", "properties": {"id_obligation": "330260000B0865", "priorite": "moyenne"}, "geometry": {"type": "Polygon", "coordinates": [[[-0.44099, 44.48485, 18.1481746031746], [-0.44133, 44.48488, 18.1481746031746], [-0.442, 44.48519, 18.1481746031746], [-0.44213, 44.48534, 46.36666666666667], [-0.44218, 44.48551, 46.36666666666667], [-0.44212, 44.48575, 18.1481746031746], [-0.44198, 44.48589, 18.1481746031746], [-0.44172, 44.486, 18.1481746031746], [-0.44147, 44.48602, 49.8], [-0.44109, 44.48611, 49.8], [-0.4407, 44.48605, 48.349999999999994], [-0.4405, 44.48595, 48.349999999999994], [-0.44022, 44.48567, 48.266666666666666], [-0.4402, 44.48534, 48.266666666666666], [-0.44029, 44.48517, 47.6], [-0.44043, 44.48521, 47.6], [-0.44047, 44.48514, 47.6], [-0.44036, 44.4851, 47.6], [-0.44071, 44.48493, 47.6], [-0.44099, 44.48485, 18.1481746031746]]]}}, {"type": "Feature", "properties": {"id_obligation": "330260000B0867", "priorite": "moyenne"}, "geometry": {"type": "Polygon", "coordinates": [[[-0.44015, 44.48554, 48.440909090909074], [-0.44022, 44.48531, 47.55], [-0.44035, 44.48519, 47.6], [-0.44043, 44.48521, 47.6], [-0.44045, 44.48513, 47.6], [-0.4407, 44.48507, 47.55], [-0.44105, 44.48509, 47.262499999999996], [-0.44172, 44.48521, -38.4174617049617], [-0.44196, 44.48535, -38.4174617049617], [-0.44208, 44.48556, -476.81666666666666], [-0.44204, 44.48581, -38.4174617049617], [-0.44187, 44.48599, -38.4174617049617], [-0.44159, 44.48611, -38.4174617049617], [-0.44103, 44.48622, 48.20000000000001], [-0.44078, 44.4862, 48.2], [-0.44056, 44.48612, 48.2], [-0.44023, 44.48576, 48.440909090909074], [-0.44015, 44.48554, 48.440909090909074]]]}}, {"type": "Feature", "properties": {"id_obligation": "330260000B0878", "priorite": "moyenne"}, "geometry": {"type": "Polygon", "coordinates": [[[-0.44099, 44.49111, 53.87777777777777], [-0.44094, 44.4909, 54.99999999999999], [-0.44098, 44.49071, 53.87777777777777], [-0.44115, 44.49053, 53.87777777777777], [-0.44142, 44.49043, 53.87777777777777], [-0.44168, 44.49042, 53.87777777777777], [-0.44193, 44.49046, 53.87777777777777], [-0.44213, 44.49056, 53.87777777777777], [-0.44226, 44.49071, 53.87777777777777], [-0.4423, 44.49089, 53.60000000000001], [-0.44226, 44.49108, 53.87777777777777], [-0.4421, 44.49127, 53.87777777777777], [-0.44189, 44.49136, 53.87777777777777], [-0.44165, 44.49139, 53.87777777777777], [-0.4414, 44.49137, 53.87777777777777], [-0.44113, 44.49125, 53.87777777777777], [-0.44099, 44.49111, 53.87777777777777]]]}}, {"type": "Feature", "properties": {"id_obligation": "330260000B0884", "priorite": "moyenne"}, "geometry": {"type": "Polygon", "coordinates": [[[-0.44674, 44.49285, 54.34805555555556], [-0.44641, 44.49284, 54.34805555555556], [-0.44619, 44.49276, 54.34805555555556], [-0.44599, 44.4926, 54.34805555555556], [-0.44593, 44.49238, 54.34805555555556], [-0.44599, 44.4921, 55.620000000000005], [-0.44612, 44.49194, 56.021583229601255], [-0.44625, 44.49196, 55.5], [-0.44628, 44.49188, 55.5], [-0.44624, 44.49187, 55.5], [-0.4463, 44.49184, 55.620000000000005], [-0.44653, 44.4918, 54.3], [-0.44687, 44.49182, 52.350000000000016], [-0.44713, 44.49192, 52.350000000000016], [-0.44729, 44.49206, 52.350000000000016], [-0.44736, 44.49223, 54.34805555555556], [-0.44731, 44.4925, 54.34805555555556], [-0.4472, 44.49265, 54.34805555555556], [-0.44697, 44.49279, 54.34805555555556], [-0.44674, 44.49285, 54.34805555555556]]]}}, {"type": "Feature", "properties": {"id_obligation": "330260000B0885", "priorite": "moyenne"}, "geometry": {"type": "Polygon", "coordinates": [[[-0.44652, 44.49135, 53.1], [-0.44672, 44.49125, 53.1], [-0.44703, 44.49121, 52.1], [-0.44736, 44.49127, 52.20833333333332], [-0.44743, 44.4913, 52.18646974714622], [-0.44721, 44.49128, 52.3], [-0.44719, 44.49139, 52.3], [-0.44747, 44.49141, 52.1], [-0.44749, 44.49133, 52.1], [-0.44769, 44.49157, 51.970000000000006], [-0.44768, 44.4918, 52.0], [-0.4476, 44.49179, 52.0], [-0.44761, 44.49183, 52.0], [-0.44767, 44.49183, 52.0], [-0.44761, 44.49197, 51.7], [-0.44746, 44.49211, 51.7], [-0.44725, 44.4922, 52.466666666666676], [-0.447, 44.49222, 52.466666666666676], [-0.44669, 44.49216, 54.3], [-0.44655, 44.4921, 54.3], [-0.44657, 44.49207, 54.3], [-0.4465, 44.49206, 54.3], [-0.44637, 44.49191, 54.3], [-0.44635, 44.49164, 53.1], [-0.44647, 44.49169, 53.1], [-0.44653, 44.49164, 53.1], [-0.44637, 44.49155, 53.1], [-0.44652, 44.49135, 53.1]]]}}, {"type": "Feature", "properties": {"id_obligation": "330260000B0889", "priorite": "faible"}, "geometry": {"type": "Polygon", "coordinates": [[[-0.44148, 44.48599, -343.2125], [-0.44137, 44.48621, -7.784782421740618], [-0.44115, 44.48636, -7.784782421740618], [-0.44087, 44.48642, 48.50000000000001], [-0.44052, 44.48638, -7.784782421740618], [-0.44027, 44.48626, -7.784782421740618], [-0.44014, 44.48612, -7.784782421740618], [-0.44, 44.48577, 48.3], [-0.44002, 44.48556, 47.65555555555555], [-0.44013, 44.4854, 47.65555555555555], [-0.44032, 44.48528, 47.65555555555555], [-0.44063, 44.48523, 48.5529411764706], [-0.44088, 44.48525, 48.5529411764706], [-0.44107, 44.48531, 46.8], [-0.44105, 44.48536, 46.8], [-0.44114, 44.48538, 46.8], [-0.44115, 44.48534, 46.8], [-0.44126, 44.48538, 47.12105263157895], [-0.44142, 44.48551, 46.430828321453404], [-0.44152, 44.48574, -343.2125], [-0.44148, 44.48599, -343.2125]]]}}, {"type": "Feature", "properties": {"id_obligation": "330260000B0892", "priorite": "faible"}, "geometry": {"type": "Polygon", "coordinates": [[[-0.44837, 44.48984, 49.19520933977456], [-0.44812, 44.48983, 49.19520933977456], [-0.44787, 44.48974, 49.19520933977456], [-0.44768, 44.48958, 49.19520933977456], [-0.44762, 44.48937, 49.26111111111111], [-0.44769, 44.48914, 50.300000000000004], [-0.44788, 44.48893, 50.3], [-0.44798, 44.48896, 50.3], [-0.44802, 44.48886, 50.3], [-0.44829, 44.48882, 49.06666666666667], [-0.44855, 44.48885, 47.7], [-0.44883, 44.48896, 47.7], [-0.44887, 44.48899, 47.7], [-0.44885, 44.48903, 47.7], [-0.44893, 44.48904, 47.7], [-0.44898, 44.4891, 47.7], [-0.44905, 44.48927, 49.1], [-0.44901, 44.48949, 49.19520933977456], [-0.44889, 44.48963, 49.19520933977456], [-0.44867, 44.48976, 49.19520933977456], [-0.44837, 44.48984, 49.19520933977456]]]}}, {"type": "Feature", "properties": {"id_obligation": "330260000B0896", "priorite": "très forte"}, "geometry": {"type": "Polygon", "coordinates": [[[-0.41148, 44.49189, -626.2857142857143], [-0.41123, 44.49201, -1000.0], [-0.41086, 44.49204, -1000.0], [-0.41058, 44.49196, -626.2857142857143], [-0.41037, 44.4918, -626.2857142857143], [-0.41031, 44.49163, -626.2857142857143], [-0.41032, 44.49129, -626.2857142857143], [-0.41043, 44.49108, -626.2857142857143], [-0.41061, 44.49096, -626.2857142857143], [-0.41084, 44.4909, -626.2857142857143], [-0.41115, 44.4909, -626.2857142857143], [-0.41138, 44.49098, -626.2857142857143], [-0.41162, 44.49123, -626.2857142857143], [-0.41162, 44.49166, -626.2857142857143], [-0.41148, 44.49189, -626.2857142857143]]]}}, {"type": "Feature", "properties": {"id_obligation": "330260000B0902", "priorite": "faible"}, "geometry": {"type": "Polygon", "coordinates": [[[-0.44372, 44.48984, 53.73333333333333], [-0.44381, 44.49005, 53.73333333333333], [-0.44372, 44.49035, 53.73333333333333], [-0.44353, 44.49051, 53.73333333333333], [-0.44326, 44.4906, 53.199999999999996], [-0.44302, 44.4906, 53.199999999999996], [-0.44256, 44.49049, 54.0], [-0.44232, 44.49036, 54.0], [-0.44221, 44.4902, 53.73333333333333], [-0.44219, 44.49002, 53.73333333333333], [-0.44232, 44.48975, 53.73333333333333], [-0.44248, 44.48962, 53.73333333333333], [-0.4427, 44.48954, 53.73333333333333], [-0.44294, 44.48952, 53.73333333333333], [-0.4435, 44.48969, 53.73333333333333], [-0.44372, 44.48984, 53.73333333333333]]]}}, {"type": "Feature", "properties": {"id_obligation": "330260000B0914", "priorite": "faible"}, "geometry": {"type": "Polygon", "coordinates": [[[-0.44245, 44.49123, 53.72979330193616], [-0.44234, 44.49108, 53.72979330193616], [-0.44232, 44.49087, 53.72979330193616], [-0.44242, 44.49066, 55.0], [-0.44265, 44.4905, 55.0], [-0.44288, 44.49045, 53.16999999999998], [-0.44313, 44.49046, 53.16999999999998], [-0.44344, 44.49055, 53.6], [-0.44362, 44.49067, 53.6], [-0.44371, 44.49084, 54.357142857142854], [-0.44371, 44.49102, 54.357142857142854], [-0.44359, 44.49123, 53.258333333333326], [-0.44325, 44.49141, 53.3], [-0.44314, 44.49136, 53.3], [-0.44306, 44.49142, 53.300000000000004], [-0.44269, 44.49136, 53.72979330193616], [-0.44245, 44.49123, 53.72979330193616]]]}}, {"type": "Feature", "properties": {"id_obligation": "330260000B0920", "priorite": "moyenne"}, "geometry": {"type": "Polygon", "coordinates": [[[-0.43723, 44.48342, 52.4125], [-0.43693, 44.48341, 52.4125], [-0.43663, 44.4833, 52.07992424242425], [-0.43645, 44.48313, 52.07992424242425], [-0.43641, 44.48292, 52.07992424242425], [-0.43652, 44.48263, 52.07992424242425], [-0.43665, 44.48249, 52.07992424242425], [-0.43685, 44.48239, 52.07992424242425], [-0.43715, 44.48235, 52.07992424242425], [-0.43745, 44.48242, 52.07992424242425], [-0.43766, 44.48251, 52.07992424242425], [-0.4378, 44.48266, 52.07992424242425], [-0.43785, 44.48284, 52.07992424242425], [-0.43778, 44.48308, 52.0], [-0.43766, 44.48323, 52.0], [-0.43746, 44.48336, 52.0], [-0.43723, 44.48342, 52.4125]]]}}, {"type": "Feature", "properties": {"id_obligation": "330260000B0923", "priorite": "faible"}, "geometry": {"type": "Polygon", "coordinates": [[[-0.44742, 44.49057, 50.77894736842105], [-0.44763, 44.49048, 50.77894736842105], [-0.44788, 44.49045, 51.28636363636363], [-0.44825, 44.49051, 50.83571428571428], [-0.44849, 44.49063, 50.366249585490515], [-0.44843, 44.49073, 50.9], [-0.44855, 44.49068, 50.37025583665946], [-0.44863, 44.49079, 50.9642857142857], [-0.44866, 44.49097, 50.9642857142857], [-0.4486, 44.49115, 51.16537220893142], [-0.44843, 44.49133, 51.16537220893142], [-0.44822, 44.49142, 50.916], [-0.44805, 44.49144, 52.152332365568874], [-0.44805, 44.4914, 52.2], [-0.44783, 44.49138, 52.2], [-0.44782, 44.49142, 52.15418601945338], [-0.44762, 44.49138, 52.14285714285715], [-0.44741, 44.49129, 52.14285714285715], [-0.44724, 44.49112, 50.80833333333333], [-0.4472, 44.49094, 50.80833333333333], [-0.44725, 44.49076, 50.77894736842105], [-0.44742, 44.49057, 50.77894736842105]]]}}, {"type": "Feature", "properties": {"id_obligation": "330260000B0947", "priorite": "moyenne"}, "geometry": {"type": "Polygon", "coordinates": [[[-0.43807, 44.48415, -124.78854166666666], [-0.43834, 44.48406, -124.78854166666666], [-0.43864, 44.48407, -124.78854166666666], [-0.43891, 44.48416, -124.78854166666666], [-0.43908, 44.48429, -124.78854166666666], [-0.43918, 44.48445, 50.2], [-0.43918, 44.48463, 50.2], [-0.43905, 44.48485, -650.0666666666667], [-0.43888, 44.48497, -650.0666666666667], [-0.4386, 44.48504, 49.8], [-0.43837, 44.48503, 49.8], [-0.43804, 44.48492, -124.78854166666666], [-0.43788, 44.48479, -124.78854166666666], [-0.4378, 44.48463, -124.78854166666666], [-0.43781, 44.48446, -124.78854166666666], [-0.43791, 44.48428, -124.78854166666666], [-0.43807, 44.48415, -124.78854166666666]]]}}, {"type": "Feature", "properties": {"id_obligation": "330260000B0952", "priorite": "très forte"}, "geometry": {"type": "Polygon", "coordinates": [[[-0.42239, 44.48936, 49.16923076923077], [-0.4221, 44.48936, 49.16923076923077], [-0.42182, 44.48927, 49.16923076923077], [-0.42163, 44.48909, 49.16923076923077], [-0.42157, 44.48885, 49.16923076923077], [-0.42163, 44.48868, 49.16923076923077], [-0.4219, 44.48834, 49.16923076923077], [-0.42216, 44.48821, 49.16923076923077], [-0.42255, 44.48816, 49.16923076923077], [-0.42279, 44.48819, 49.16923076923077], [-0.423, 44.48827, 49.16923076923077], [-0.42317, 44.48844, 49.16923076923077], [-0.42325, 44.48872, 49.16923076923077], [-0.42321, 44.48893, 49.16923076923077], [-0.42303, 44.48911, 49.16923076923077], [-0.42239, 44.48936, 49.16923076923077]]]}}, {"type": "Feature", "properties": {"id_obligation": "330260000B0959", "priorite": "faible"}, "geometry": {"type": "Polygon", "coordinates": [[[-0.44918, 44.48932, 49.5], [-0.44904, 44.48955, 49.5], [-0.44879, 44.48969, 49.5], [-0.44848, 44.48972, 49.83571428571428], [-0.44818, 44.48965, 49.37210884353742], [-0.44796, 44.48951, 49.37210884353742], [-0.44785, 44.4893, 49.8], [-0.44793, 44.48921, 49.3], [-0.44784, 44.48917, 49.3], [-0.4478, 44.48921, 49.3], [-0.44777, 44.48903, 49.58571428571428], [-0.44785, 44.48881, 50.300000000000004], [-0.44799, 44.48867, 50.300000000000004], [-0.44826, 44.48855, 49.37210884353742], [-0.44851, 44.48854, 49.37210884353742], [-0.4488, 44.4886, 49.10000000000001], [-0.449, 44.4887, 49.10000000000001], [-0.44913, 44.48885, 49.10000000000001], [-0.44918, 44.48932, 49.5]]]}}, {"type": "Feature", "properties": {"id_obligation": "330260000B0966", "priorite": "faible"}, "geometry": {"type": "Polygon", "coordinates": [[[-0.44624, 44.4884, 46.9625939849624], [-0.44597, 44.48858, 47.5], [-0.44554, 44.48861, 46.9625939849624], [-0.44516, 44.48845, 46.9625939849624], [-0.445, 44.48817, 46.9625939849624], [-0.44508, 44.48754, 47.9], [-0.44514, 44.48739, 48.7], [-0.44549, 44.48741, 48.4], [-0.44553, 44.4873, 48.4], [-0.44526, 44.48726, 48.52305728517181], [-0.44529, 44.48724, 48.66], [-0.44549, 44.48715, 45.86315789473686], [-0.44571, 44.48711, 46.9], [-0.44569, 44.48716, 46.9], [-0.44577, 44.48718, 46.9], [-0.44579, 44.48712, 46.9], [-0.44592, 44.48714, 44.1], [-0.44589, 44.48723, 44.1], [-0.44597, 44.48726, 44.1], [-0.446, 44.48716, 44.1], [-0.44623, 44.48726, 46.075], [-0.44641, 44.48754, 46.47999999999998], [-0.44638, 44.48773, 46.65866963992585], [-0.44624, 44.48769, 45.6], [-0.44621, 44.48775, 46.8], [-0.4464, 44.4878, 46.8], [-0.44624, 44.4884, 46.9625939849624]]]}}, {"type": "Feature", "properties": {"id_obligation": "330260000B0969", "priorite": "très forte"}, "geometry": {"type": "Polygon", "coordinates": [[[-0.41113, 44.49117, 45.59047619047619], [-0.41078, 44.49122, 45.59047619047619], [-0.41034, 44.49113, 45.59047619047619], [-0.4101, 44.49093, 45.59047619047619], [-0.41004, 44.49071, 45.59047619047619], [-0.41011, 44.49049, 45.59047619047619], [-0.41051, 44.49013, 45.59047619047619], [-0.41071, 44.49003, 45.59047619047619], [-0.41102, 44.48999, 45.59047619047619], [-0.41126, 44.49001, 45.59047619047619], [-0.41146, 44.4901, 45.59047619047619], [-0.41161, 44.49023, 45.59047619047619], [-0.41167, 44.4904, 45.59047619047619], [-0.41166, 44.49071, 45.59047619047619], [-0.41157, 44.49087, 45.59047619047619], [-0.41113, 44.49117, 45.59047619047619]]]}}, {"type": "Feature", "properties": {"id_obligation": "330260000B0989", "priorite": "forte"}, "geometry": {"type": "Polygon", "coordinates": [[[-0.40787, 44.4849, 39.3], [-0.40794, 44.48474, 39.3], [-0.40809, 44.4846, 39.3], [-0.4083, 44.48452, 39.3], [-0.40862, 44.48449, 39.3], [-0.40891, 44.48456, 39.3], [-0.40908, 44.48468, 39.3], [-0.40918, 44.48484, 39.3], [-0.40922, 44.48517, 39.3], [-0.40913, 44.48534, 39.3], [-0.40896, 44.48547, 39.3], [-0.40867, 44.48554, 39.6], [-0.40838, 44.48554, 39.6], [-0.40816, 44.48546, 39.3], [-0.40797, 44.48529, 39.3], [-0.40787, 44.4849, 39.3]]]}}, {"type": "Feature", "properties": {"id_obligation": "330260000B0990", "priorite": "forte"}, "geometry": {"type": "Polygon", "coordinates": [[[-0.40954, 44.48616, 39.455555555555556], [-0.40933, 44.48632, 39.455555555555556], [-0.40904, 44.48639, 39.455555555555556], [-0.40868, 44.48637, 39.455555555555556], [-0.40842, 44.48626, 39.455555555555556], [-0.40825, 44.48605, 39.455555555555556], [-0.40821, 44.48588, 39.455555555555556], [-0.40824, 44.48563, 39.6], [-0.40836, 44.48547, 39.6], [-0.40861, 44.48535, 39.6], [-0.40886, 44.48532, 39.13333333333333], [-0.4092, 44.48535, 39.455555555555556], [-0.40941, 44.48543, 39.455555555555556], [-0.40956, 44.48557, 39.455555555555556], [-0.40963, 44.48573, 39.599999999999994], [-0.40962, 44.48595, 39.599999999999994], [-0.40954, 44.48616, 39.455555555555556]]]}}, {"type": "Feature", "properties": {"id_obligation": "330260000B0991", "priorite": "forte"}, "geometry": {"type": "Polygon", "coordinates": [[[-0.40926, 44.48601, 39.55], [-0.40902, 44.48613, 39.55], [-0.40861, 44.48616, 39.35], [-0.40832, 44.48609, 39.31], [-0.40809, 44.48588, 39.31], [-0.40797, 44.48548, 39.31], [-0.40797, 44.4853, 39.31], [-0.40808, 44.48513, 39.31], [-0.40826, 44.48501, 39.31], [-0.40849, 44.48495, 39.0], [-0.40855, 44.4851, 39.0], [-0.4086, 44.4851, 39.0], [-0.40857, 44.48494, 39.0], [-0.40865, 44.48493, 39.0], [-0.40878, 44.48494, 39.0], [-0.40902, 44.485, 39.31], [-0.4092, 44.48512, 39.31], [-0.40928, 44.48525, 39.31], [-0.40941, 44.48578, 39.55], [-0.40926, 44.48601, 39.55]]]}}, {"type": "Feature", "properties": {"id_obligation": "330260000B1000", "priorite": "faible"}, "geometry": {"type": "MultiPolygon", "coordinates": [[[[-0.44106, 44.4857, 50.8], [-0.44105, 44.48566, 50.8], [-0.44106, 44.48566, 48.51764705882355], [-0.44106, 44.4857, 50.8]]], [[[-0.44086, 44.48601, 48.692307692307686], [-0.4406, 44.48613, 48.8], [-0.44028, 44.48614, 48.8], [-0.43991, 44.48603, 49.1172651857946], [-0.43973, 44.4859, 49.1172651857946], [-0.43963, 44.48569, 49.350000000000016], [-0.43963, 44.48557, 49.1], [-0.43973, 44.48563, 49.1], [-0.43981, 44.48559, 49.1], [-0.43965, 44.4855, 49.1], [-0.43962, 44.48555, 49.1], [-0.43961, 44.48549, 49.7], [-0.43965, 44.48531, 49.1172651857946], [-0.43977, 44.48514, 49.1172651857946], [-0.43996, 44.48503, 49.1172651857946], [-0.44019, 44.48497, 51.363636363636374], [-0.4406, 44.48501, 51.363636363636374], [-0.44082, 44.48509, 49.1172651857946], [-0.44098, 44.48523, 49.1172651857946], [-0.44106, 44.48544, 47.631712390548124], [-0.44101, 44.48552, 47.9], [-0.44095, 44.48552, 49.6], [-0.44096, 44.48541, 48.2], [-0.44083, 44.48541, 48.2], [-0.44081, 44.48552, 48.6], [-0.44096, 44.48553, 48.6], [-0.44078, 44.48553, 48.6], [-0.44104, 44.48557, 47.8], [-0.44093, 44.48564, 48.8], [-0.44096, 44.48577, 48.8], [-0.44104, 44.48576, 50.8], [-0.44086, 44.48601, 48.692307692307686]]]]}}, {"type": "Feature", "properties": {"id_obligation": "330260000B1006", "priorite": "faible"}, "geometry": {"type": "Polygon", "coordinates": [[[-0.44523, 44.48866, 49.89999999999999], [-0.44527, 44.48887, 49.89999999999999], [-0.44517, 44.48912, 50.6], [-0.44496, 44.48928, 50.6], [-0.44474, 44.48934, 51.316666666666656], [-0.44452, 44.48934, 52.4], [-0.44456, 44.48921, 52.4], [-0.44445, 44.48919, 52.4], [-0.44439, 44.48932, 51.316666666666656], [-0.44405, 44.48925, 51.4], [-0.44381, 44.48908, 51.4], [-0.44373, 44.48882, 52.4], [-0.44386, 44.48884, 52.4], [-0.4439, 44.48874, 52.4], [-0.44374, 44.48875, 52.4], [-0.44376, 44.48868, 52.39999999999999], [-0.44388, 44.48851, 51.1], [-0.44397, 44.48853, 51.1], [-0.444, 44.48845, 51.1], [-0.44395, 44.48844, 51.1], [-0.44407, 44.48837, 51.1], [-0.4443, 44.48831, 49.07058823529411], [-0.44455, 44.48831, 49.07058823529411], [-0.44483, 44.48836, 49.9], [-0.44511, 44.48851, 49.9], [-0.44523, 44.48866, 49.89999999999999]]]}}, {"type": "Feature", "properties": {"id_obligation": "330260000B1012", "priorite": "faible"}, "geometry": {"type": "Polygon", "coordinates": [[[-0.44362, 44.48995, 52.37551540564698], [-0.4433, 44.48989, 52.37551540564698], [-0.44302, 44.48979, 52.37551540564698], [-0.44286, 44.48967, 52.37551540564698], [-0.44276, 44.4895, 51.07272727272728], [-0.44276, 44.48933, 51.07272727272728], [-0.44287, 44.48911, 52.537499999999994], [-0.44304, 44.48899, 52.537499999999994], [-0.44321, 44.48904, 52.4], [-0.44322, 44.489, 53.5], [-0.44338, 44.48903, 53.5], [-0.4434, 44.48898, 53.5], [-0.44317, 44.48894, 52.4], [-0.44351, 44.48892, 53.5], [-0.44403, 44.48903, 51.5], [-0.44426, 44.48918, 51.5], [-0.44437, 44.48939, 52.82000000000001], [-0.4443, 44.48967, 52.03684210526313], [-0.44401, 44.48989, 52.3], [-0.44399, 44.48982, 52.3], [-0.44392, 44.48981, 52.3], [-0.44387, 44.48993, 52.37551540564698], [-0.44362, 44.48995, 52.37551540564698]]]}}, {"type": "Feature", "properties": {"id_obligation": "330260000B1017", "priorite": "faible"}, "geometry": {"type": "Polygon", "coordinates": [[[-0.44372, 44.48971, 53.5], [-0.4434, 44.48984, 52.87647058823529], [-0.44316, 44.48986, 52.87647058823529], [-0.44292, 44.48982, 52.87647058823529], [-0.44267, 44.48969, 52.87647058823529], [-0.44255, 44.48954, 52.87647058823529], [-0.44252, 44.48933, 52.87647058823529], [-0.44261, 44.48913, 52.87647058823529], [-0.44277, 44.48895, 52.87647058823529], [-0.44303, 44.48884, 52.8], [-0.44328, 44.48883, 52.8], [-0.44361, 44.48889, 52.87647058823529], [-0.44385, 44.48904, 52.87647058823529], [-0.44395, 44.4892, 53.5], [-0.44396, 44.48938, 53.5], [-0.44387, 44.48957, 53.5], [-0.44372, 44.48971, 53.5]]]}}, {"type": "Feature", "properties": {"id_obligation": "330260000B1022", "priorite": "faible"}, "geometry": {"type": "Polygon", "coordinates": [[[-0.43997, 44.48472, 47.01428571428572], [-0.4402, 44.48465, 54.5], [-0.44045, 44.48465, 54.5], [-0.44082, 44.48476, 49.31126739926741], [-0.44099, 44.48489, 49.31126739926741], [-0.44109, 44.48505, 49.31126739926741], [-0.44108, 44.48523, 49.31126739926741], [-0.44096, 44.48545, 48.679956877733225], [-0.44096, 44.48541, 48.2], [-0.44083, 44.48541, 48.2], [-0.44081, 44.48552, 48.6], [-0.44079, 44.48551, 48.6], [-0.44081, 44.48556, 48.6], [-0.44077, 44.48558, 48.47666666666669], [-0.44049, 44.48566, 47.81538461538461], [-0.44029, 44.4856, 48.3], [-0.44025, 44.48564, 47.81538461538461], [-0.43994, 44.48554, 49.31126739926741], [-0.43976, 44.48542, 49.31126739926741], [-0.43967, 44.48526, 49.31126739926741], [-0.43966, 44.48509, 49.31126739926741], [-0.43976, 44.48489, 47.01428571428572], [-0.43997, 44.48472, 47.01428571428572]]]}}, {"type": "Feature", "properties": {"id_obligation": "330260000B1029", "priorite": "moyenne"}, "geometry": {"type": "Polygon", "coordinates": [[[-0.44762, 44.49029, 50.55333333333332], [-0.4479, 44.49019, 51.11666666666667], [-0.44826, 44.4902, 51.11666666666667], [-0.44852, 44.49029, 50.3], [-0.44888, 44.49055, 50.3], [-0.44899, 44.49071, 50.92727272727273], [-0.44898, 44.49093, 50.92727272727273], [-0.44882, 44.49118, 49.8], [-0.44864, 44.49129, 49.8], [-0.44841, 44.49134, 50.715625000000024], [-0.44811, 44.49134, 51.02341269219961], [-0.44812, 44.49131, 50.7], [-0.44792, 44.49127, 50.9], [-0.44791, 44.49131, 50.9], [-0.44808, 44.49135, 51.2], [-0.44784, 44.49135, 50.73523778151996], [-0.4475, 44.49125, 50.73523778151996], [-0.44734, 44.49112, 50.73523778151996], [-0.44725, 44.49091, 50.88076923076923], [-0.44729, 44.49074, 50.88076923076923], [-0.44747, 44.49043, 50.55333333333332], [-0.44762, 44.49029, 50.55333333333332]]]}}, {"type": "Feature", "properties": {"id_obligation": "330260000B1030", "priorite": "très forte"}, "geometry": {"type": "Polygon", "coordinates": [[[-0.41593, 44.48794, 43.641666666666666], [-0.41566, 44.48776, 43.641666666666666], [-0.41556, 44.48748, 43.75], [-0.41565, 44.48722, 43.641666666666666], [-0.41586, 44.48707, 43.641666666666666], [-0.41608, 44.487, 43.641666666666666], [-0.41674, 44.48698, 43.641666666666666], [-0.41704, 44.48703, 43.641666666666666], [-0.41726, 44.48717, 43.641666666666666], [-0.41736, 44.48733, 43.641666666666666], [-0.41737, 44.48759, 43.641666666666666], [-0.4173, 44.48776, 43.641666666666666], [-0.41715, 44.4879, 43.641666666666666], [-0.41693, 44.48798, 43.641666666666666], [-0.41635, 44.488, 43.641666666666666], [-0.41593, 44.48794, 43.641666666666666]]]}}, {"type": "Feature", "properties": {"id_obligation": "330260000B1031", "priorite": "forte"}, "geometry": {"type": "Polygon", "coordinates": [[[-0.41554, 44.4872, 43.63307692307692], [-0.41578, 44.48706, 43.63307692307692], [-0.41609, 44.48701, 43.63307692307692], [-0.41639, 44.48706, 43.63307692307692], [-0.41663, 44.4872, 43.63307692307692], [-0.41673, 44.48737, 43.81999999999999], [-0.41675, 44.48767, 43.81999999999999], [-0.41668, 44.48784, 43.63307692307692], [-0.41652, 44.48798, 43.63307692307692], [-0.41631, 44.48806, 43.63307692307692], [-0.41597, 44.48808, 43.63307692307692], [-0.41572, 44.48804, 43.63307692307692], [-0.41553, 44.48793, 43.63307692307692], [-0.4154, 44.48777, 43.63307692307692], [-0.41538, 44.48755, 43.63307692307692], [-0.41554, 44.4872, 43.63307692307692]]]}}, {"type": "Feature", "properties": {"id_obligation": "330260000B1033", "priorite": "faible"}, "geometry": {"type": "Polygon", "coordinates": [[[-0.44471, 44.48738, 47.1], [-0.44468, 44.48756, 19.758626373626377], [-0.44439, 44.48771, 50.53076923076923], [-0.44428, 44.48773, 51.3], [-0.44431, 44.48767, 51.3], [-0.44416, 44.48764, 48.8], [-0.44415, 44.48774, 51.3], [-0.44383, 44.48768, 51.3], [-0.44364, 44.48756, 51.3], [-0.44353, 44.4874, 19.758626373626377], [-0.4435, 44.48718, 19.758626373626377], [-0.44358, 44.48696, 48.064102564102576], [-0.44386, 44.48677, 46.9], [-0.44385, 44.48681, 46.9], [-0.44422, 44.48688, 47.0], [-0.44424, 44.48683, 47.0], [-0.4439, 44.48676, 46.9], [-0.44394, 44.48674, 48.064102564102576], [-0.44427, 44.48673, -154.1230769230769], [-0.44451, 44.48678, -154.1230769230769], [-0.4447, 44.48689, 48.175], [-0.44482, 44.48705, 48.175], [-0.44484, 44.48717, 47.5], [-0.44478, 44.48741, 47.1], [-0.44471, 44.48738, 47.1]]]}}, {"type": "Feature", "properties": {"id_obligation": "330260000B1036", "priorite": "faible"}, "geometry": {"type": "Polygon", "coordinates": [[[-0.44481, 44.48743, 47.20588235294118], [-0.44477, 44.48746, 47.1], [-0.44479, 44.48741, 47.1], [-0.44471, 44.48738, 47.1], [-0.4447, 44.4875, 47.1], [-0.44456, 44.48756, 47.525], [-0.44432, 44.4876, 47.525], [-0.444, 44.48758, 11.755754233511592], [-0.44378, 44.4875, 11.755754233511592], [-0.44363, 44.48737, 11.755754233511592], [-0.44356, 44.4872, 48.31515151515154], [-0.44358, 44.48699, 48.31515151515154], [-0.44372, 44.4868, 46.70000000000001], [-0.44394, 44.48668, 46.70000000000001], [-0.44418, 44.48662, -244.66666666666666], [-0.44449, 44.48663, -244.66666666666666], [-0.44475, 44.48674, 53.899999999999984], [-0.4449, 44.48687, 47.86], [-0.44496, 44.48711, 47.5], [-0.44488, 44.48709, 47.5], [-0.4448, 44.48727, 47.5], [-0.44485, 44.48728, 47.5], [-0.44489, 44.4872, 47.5], [-0.44494, 44.48721, 47.5], [-0.44481, 44.48743, 47.20588235294118]]]}}, {"type": "Feature", "properties": {"id_obligation": "330260000B1040", "priorite": "forte"}, "geometry": {"type": "Polygon", "coordinates": [[[-0.40861, 44.48561, 39.31666666666667], [-0.40885, 44.48548, 39.31666666666667], [-0.40909, 44.48544, 39.4], [-0.40942, 44.48548, 39.4075], [-0.40967, 44.4856, 39.4075], [-0.40979, 44.48576, 39.4075], [-0.40982, 44.48594, 39.4075], [-0.40977, 44.48615, 39.4075], [-0.40964, 44.48629, 39.4075], [-0.40945, 44.48639, 39.4075], [-0.40914, 44.48644, 39.4075], [-0.40891, 44.48642, 39.4075], [-0.4087, 44.48633, 39.4075], [-0.40855, 44.4862, 39.4075], [-0.40848, 44.48603, 39.333333333333336], [-0.40849, 44.48581, 39.333333333333336], [-0.40861, 44.48561, 39.31666666666667]]]}}, {"type": "Feature", "properties": {"id_obligation": "330260000B1047", "priorite": "faible"}, "geometry": {"type": "Polygon", "coordinates": [[[-0.44584, 44.48833, 49.924731559290386], [-0.44607, 44.48853, 48.900000000000006], [-0.44612, 44.48874, 48.900000000000006], [-0.44599, 44.48904, 49.924731559290386], [-0.44578, 44.48918, 49.924731559290386], [-0.44551, 44.48926, 50.6], [-0.44489, 44.48924, 50.6], [-0.44467, 44.48919, 50.2], [-0.44474, 44.48917, 50.2], [-0.44463, 44.48917, 50.2], [-0.44452, 44.4891, 50.97142857142858], [-0.44436, 44.48886, 50.34166666666667], [-0.44462, 44.4889, 51.4], [-0.44464, 44.48882, 51.4], [-0.44441, 44.48875, 51.0], [-0.44436, 44.48883, 51.0], [-0.44438, 44.48856, 50.34166666666667], [-0.44443, 44.48843, 48.89999999999999], [-0.44443, 44.48853, 48.9], [-0.44453, 44.48856, 48.9], [-0.44457, 44.48845, 48.9], [-0.44443, 44.48842, 48.9], [-0.44449, 44.48835, 48.89999999999999], [-0.44467, 44.48822, 48.89999999999999], [-0.4449, 44.48816, 49.924731559290386], [-0.44526, 44.48818, 49.924731559290386], [-0.44584, 44.48833, 49.924731559290386]]]}}, {"type": "Feature", "properties": {"id_obligation": "330260000B1055", "priorite": "très forte"}, "geometry": {"type": "Polygon", "coordinates": [[[-0.42141, 44.48657, 44.3], [-0.42161, 44.48673, 44.3], [-0.42168, 44.4869, 44.3], [-0.42165, 44.48714, 44.3], [-0.42153, 44.4873, 44.3], [-0.42128, 44.48742, 44.3], [-0.42104, 44.48746, 44.3], [-0.42077, 44.48743, 44.3], [-0.42051, 44.48732, 44.3], [-0.42038, 44.48718, 44.3], [-0.42033, 44.48701, 44.3], [-0.42036, 44.48682, 44.3], [-0.42047, 44.48666, 44.3], [-0.42066, 44.48654, 44.3], [-0.4209, 44.48649, 44.3], [-0.42118, 44.4865, 44.3], [-0.42141, 44.48657, 44.3]]]}}, {"type": "Feature", "properties": {"id_obligation": "330260000B1065", "priorite": "faible"}, "geometry": {"type": "Polygon", "coordinates": [[[-0.44804, 44.49103, 50.5186377838403], [-0.44779, 44.49114, 50.8], [-0.44753, 44.49116, 50.8], [-0.44723, 44.49111, 50.78071428571428], [-0.44702, 44.49101, 50.78071428571428], [-0.44689, 44.49085, 50.78071428571428], [-0.44685, 44.49068, 50.78071428571428], [-0.44692, 44.49045, 50.41], [-0.44711, 44.49028, 50.41], [-0.44739, 44.49019, 50.42499999999999], [-0.44763, 44.49017, 50.42499999999999], [-0.44791, 44.49022, 50.6], [-0.4481, 44.49032, 50.6], [-0.44822, 44.49047, 51.345000000000006], [-0.44826, 44.49064, 51.345000000000006], [-0.44819, 44.49087, 50.99999999999999], [-0.44804, 44.49103, 50.5186377838403]]]}}, {"type": "Feature", "properties": {"id_obligation": "330260000B1075", "priorite": "moyenne"}, "geometry": {"type": "Polygon", "coordinates": [[[-0.43513, 44.48386, 49.75212121212121], [-0.43493, 44.48404, 49.75212121212121], [-0.43464, 44.48412, 49.75212121212121], [-0.43439, 44.48411, 49.75212121212121], [-0.43405, 44.48403, 49.75212121212121], [-0.43383, 44.48389, 49.75212121212121], [-0.43371, 44.48369, 49.75212121212121], [-0.43371, 44.48339, 49.75212121212121], [-0.43385, 44.4832, 49.75212121212121], [-0.43404, 44.48309, 49.75212121212121], [-0.43433, 44.48303, 48.22], [-0.43457, 44.48305, 48.22], [-0.43487, 44.48312, 51.5], [-0.43509, 44.48326, 51.5], [-0.43519, 44.48341, 49.75212121212121], [-0.4352, 44.48365, 49.75212121212121], [-0.43513, 44.48386, 49.75212121212121]]]}}, {"type": "Feature", "properties": {"id_obligation": "330260000B1081", "priorite": "moyenne"}, "geometry": {"type": "Polygon", "coordinates": [[[-0.4344, 44.48223, 48.57333333333332], [-0.43454, 44.48243, 48.57333333333332], [-0.43451, 44.4827, 48.61999999999999], [-0.43436, 44.48289, 48.61999999999999], [-0.4341, 44.48301, 48.61999999999999], [-0.43386, 44.48303, 48.57333333333332], [-0.43341, 44.48295, 48.57333333333332], [-0.4332, 44.48285, 48.57333333333332], [-0.43306, 44.48271, 48.57333333333332], [-0.43301, 44.48254, 48.57333333333332], [-0.43307, 44.48231, 48.57333333333332], [-0.4332, 44.48216, 48.57333333333332], [-0.43358, 44.48202, 49.0], [-0.43416, 44.48211, 48.57333333333332], [-0.4344, 44.48223, 48.57333333333332]]]}}, {"type": "Feature", "properties": {"id_obligation": "330260000B1092", "priorite": "moyenne"}, "geometry": {"type": "Polygon", "coordinates": [[[-0.44676, 44.49114, 53.04575721153847], [-0.44706, 44.49117, 52.19000000000001], [-0.4473, 44.49129, 52.3], [-0.44721, 44.49128, 52.3], [-0.44719, 44.49139, 52.3], [-0.44743, 44.49141, 52.1], [-0.44748, 44.49146, 52.19000000000001], [-0.44753, 44.49168, 52.3923076923077], [-0.44746, 44.49185, 52.6], [-0.44731, 44.49199, 52.6], [-0.44702, 44.49214, 52.6], [-0.44672, 44.49218, 53.1], [-0.44648, 44.49213, 53.1], [-0.44621, 44.49195, 55.67235612666926], [-0.44625, 44.49196, 55.5], [-0.44628, 44.49188, 55.5], [-0.44612, 44.49185, 52.75000000000001], [-0.44607, 44.49168, 52.75000000000001], [-0.44611, 44.4915, 52.4], [-0.44625, 44.49136, 52.4], [-0.44647, 44.49122, 53.04575721153847], [-0.44676, 44.49114, 53.04575721153847]]]}}, {"type": "Feature", "properties": {"id_obligation": "330260000B1094", "priorite": "moyenne"}, "geometry": {"type": "Polygon", "coordinates": [[[-0.44771, 44.49181, 52.200000000000024], [-0.44775, 44.49198, 52.200000000000024], [-0.44757, 44.49206, 53.0], [-0.44763, 44.49215, 53.0], [-0.44771, 44.49211, 53.0], [-0.44752, 44.4924, 53.503653273809526], [-0.44732, 44.49252, 53.503653273809526], [-0.44708, 44.49257, 55.0], [-0.44683, 44.49254, 55.0], [-0.44653, 44.49243, 55.18333333333334], [-0.44636, 44.49225, 55.18333333333334], [-0.44626, 44.49193, 55.5], [-0.44634, 44.49164, 53.1], [-0.44647, 44.49169, 53.1], [-0.44653, 44.49164, 53.1], [-0.4464, 44.49158, 53.1], [-0.44644, 44.49154, 53.1], [-0.4467, 44.49142, 52.91875], [-0.447, 44.49141, 52.91875], [-0.44729, 44.49148, 52.25714285714286], [-0.44735, 44.49151, 52.3], [-0.4473, 44.4915, 52.3], [-0.44728, 44.49157, 52.3], [-0.44736, 44.49158, 52.3], [-0.44737, 44.49153, 52.3], [-0.44771, 44.49181, 52.200000000000024]]]}}, {"type": "Feature", "properties": {"id_obligation": "330260000B1123", "priorite": "moyenne"}, "geometry": {"type": "Polygon", "coordinates": [[[-0.44711, 44.49183, 53.03333333333334], [-0.44719, 44.49199, 52.466666666666676], [-0.44718, 44.49217, 52.466666666666676], [-0.44706, 44.49238, 54.17079365079365], [-0.44687, 44.4925, 54.17079365079365], [-0.44664, 44.49256, 55.12222222222223], [-0.44639, 44.49255, 55.12222222222223], [-0.44611, 44.49246, 54.17079365079365], [-0.44594, 44.49233, 54.17079365079365], [-0.44586, 44.49217, 55.55], [-0.44587, 44.49199, 55.55], [-0.44601, 44.49178, 55.25], [-0.44629, 44.49163, 53.1], [-0.44647, 44.49169, 53.1], [-0.44653, 44.49164, 53.1], [-0.44647, 44.4916, 53.1], [-0.44676, 44.49163, 53.6], [-0.4467, 44.49167, 53.6], [-0.44677, 44.49173, 53.8], [-0.44689, 44.49168, 53.03333333333334], [-0.44711, 44.49183, 53.03333333333334]]]}}, {"type": "Feature", "properties": {"id_obligation": "330260000B1145", "priorite": "moyenne"}, "geometry": {"type": "Polygon", "coordinates": [[[-0.44677, 44.49173, 53.8], [-0.4469, 44.49165, 53.8], [-0.44683, 44.49159, 53.6], [-0.4467, 44.49167, 53.6], [-0.44666, 44.49164, 53.370000000000005], [-0.44663, 44.4916, 53.370000000000005], [-0.44656, 44.49143, 51.70321428571429], [-0.44661, 44.49115, 51.70321428571429], [-0.44672, 44.49099, 51.70321428571429], [-0.44697, 44.49087, 51.70321428571429], [-0.4472, 44.49083, 50.82500000000001], [-0.44752, 44.49086, 50.82500000000001], [-0.44774, 44.49094, 50.63333333333333], [-0.44793, 44.49112, 50.63333333333333], [-0.44797, 44.49128, 50.9], [-0.44792, 44.49127, 50.9], [-0.44791, 44.49131, 50.9], [-0.44797, 44.49132, 50.9], [-0.44796, 44.49139, 52.2], [-0.44783, 44.49138, 52.2], [-0.44782, 44.49146, 52.1], [-0.44793, 44.49147, 52.1], [-0.44791, 44.49153, 51.720000000000006], [-0.4478, 44.49169, 51.720000000000006], [-0.4476, 44.4918, 52.0], [-0.44738, 44.49185, 52.18750000000001], [-0.44707, 44.49183, 53.370000000000005], [-0.44677, 44.49173, 53.8]]]}}, {"type": "Feature", "properties": {"id_obligation": "330260000B1148", "priorite": "faible"}, "geometry": {"type": "Polygon", "coordinates": [[[-0.44774, 44.49046, 50.9], [-0.44772, 44.49052, 50.9], [-0.44796, 44.49055, 51.1], [-0.44802, 44.49063, 51.2], [-0.44792, 44.49064, 51.2], [-0.44794, 44.4907, 51.2], [-0.44806, 44.49068, 52.9], [-0.4481, 44.49082, 51.127777777777766], [-0.44805, 44.49103, 51.127777777777766], [-0.448, 44.49102, 50.3], [-0.44793, 44.49118, 50.625], [-0.44774, 44.49128, 52.17142857142857], [-0.4475, 44.49133, 52.17142857142857], [-0.44716, 44.49129, 52.3], [-0.44695, 44.49121, 52.3], [-0.44678, 44.49103, 51.273406029078295], [-0.44673, 44.49087, 51.273406029078295], [-0.44679, 44.49064, 51.273406029078295], [-0.44692, 44.4905, 51.273406029078295], [-0.44711, 44.4904, 51.273406029078295], [-0.44734, 44.49036, 50.77058823529411], [-0.44763, 44.49039, 50.77058823529411], [-0.44784, 44.49048, 51.1], [-0.44774, 44.49046, 50.9]]]}}, {"type": "Feature", "properties": {"id_obligation": "330260000B1151", "priorite": "faible"}, "geometry": {"type": "Polygon", "coordinates": [[[-0.44833, 44.48835, 49.300000000000004], [-0.44827, 44.4886, 50.300000000000004], [-0.4481, 44.48879, 50.300000000000004], [-0.44801, 44.48885, 50.3], [-0.44796, 44.48879, 50.3], [-0.44788, 44.48882, 50.3], [-0.4479, 44.48889, 50.3], [-0.44783, 44.4889, 48.653333333333336], [-0.44749, 44.48891, 48.653333333333336], [-0.44726, 44.48885, 47.8], [-0.44707, 44.48874, 47.8], [-0.44679, 44.48843, 47.275000000000006], [-0.44676, 44.48825, 47.275000000000006], [-0.44687, 44.48799, 45.24285714285715], [-0.44702, 44.48786, 45.24285714285715], [-0.44723, 44.48777, 45.24285714285715], [-0.44747, 44.48775, 47.944693877551025], [-0.44776, 44.48781, 47.944693877551025], [-0.44804, 44.48794, 47.944693877551025], [-0.4482, 44.48812, 47.944693877551025], [-0.44833, 44.48835, 49.300000000000004]]]}}, {"type": "Feature", "properties": {"id_obligation": "330260000B1152", "priorite": "faible"}, "geometry": {"type": "Polygon", "coordinates": [[[-0.44707, 44.48837, 48.891168831168834], [-0.44729, 44.4883, 47.10000000000001], [-0.44755, 44.48833, 47.0], [-0.44757, 44.48829, 47.0], [-0.4479, 44.48838, 49.300000000000004], [-0.44801, 44.48844, 49.3], [-0.44796, 44.48851, 49.3], [-0.44811, 44.48853, 49.3], [-0.4482, 44.4887, 50.300000000000004], [-0.44819, 44.48887, 50.300000000000004], [-0.44809, 44.48906, 49.618181818181824], [-0.44791, 44.4892, 49.3], [-0.44784, 44.48917, 49.3], [-0.44773, 44.48927, 49.3], [-0.44764, 44.48928, 49.46666666666666], [-0.44739, 44.48927, 49.46666666666666], [-0.44708, 44.48919, 48.891168831168834], [-0.4469, 44.48907, 48.891168831168834], [-0.4468, 44.48891, 47.8], [-0.44679, 44.48873, 47.8], [-0.44688, 44.48854, 48.891168831168834], [-0.44707, 44.48837, 48.891168831168834]]]}}, {"type": "Feature", "properties": {"id_obligation": "330260000B1161", "priorite": "forte"}, "geometry": {"type": "Polygon", "coordinates": [[[-0.42872, 44.48362, 46.80436363636364], [-0.42889, 44.48375, 46.80436363636364], [-0.42897, 44.48392, 46.80436363636364], [-0.42896, 44.4841, 46.80436363636364], [-0.42885, 44.4843, 46.80436363636364], [-0.42868, 44.48443, 46.80436363636364], [-0.4284, 44.48451, 47.0], [-0.42815, 44.4845, 47.0], [-0.42789, 44.48441, 47.3], [-0.4279, 44.48439, 47.3], [-0.42805, 44.48443, 47.3], [-0.42809, 44.48436, 47.3], [-0.42788, 44.4843, 47.3], [-0.42784, 44.48439, 47.3], [-0.42771, 44.48428, 47.08181818181819], [-0.42762, 44.48411, 46.80436363636364], [-0.42763, 44.48394, 46.80436363636364], [-0.42774, 44.48374, 46.5], [-0.42796, 44.48358, 46.5], [-0.42826, 44.48352, 46.5], [-0.42872, 44.48362, 46.80436363636364]]]}}, {"type": "Feature", "properties": {"id_obligation": "330260000B1165", "priorite": "très forte"}, "geometry": {"type": "Polygon", "coordinates": [[[-0.42836, 44.48482, 46.67435714285714], [-0.42807, 44.48488, 46.67435714285714], [-0.42756, 44.48482, 46.67435714285714], [-0.42729, 44.48464, 46.67435714285714], [-0.4272, 44.48438, 45.66428571428571], [-0.42729, 44.48415, 45.66428571428571], [-0.42742, 44.48399, 46.67435714285714], [-0.42782, 44.48372, 46.6875], [-0.42805, 44.48366, 46.6875], [-0.42829, 44.48366, 47.0], [-0.42858, 44.48375, 47.0], [-0.42875, 44.48388, 47.0], [-0.42884, 44.48418, 47.0], [-0.42861, 44.48463, 46.67435714285714], [-0.42836, 44.48482, 46.67435714285714]]]}}, {"type": "Feature", "properties": {"id_obligation": "330260000B1168", "priorite": "forte"}, "geometry": {"type": "Polygon", "coordinates": [[[-0.4279, 44.48464, 46.47783882783883], [-0.42771, 44.48475, 46.47783882783883], [-0.42747, 44.4848, 46.47783882783883], [-0.42716, 44.48477, 46.47783882783883], [-0.42695, 44.48469, 46.47783882783883], [-0.4268, 44.48456, 46.47783882783883], [-0.42672, 44.4844, 46.47783882783883], [-0.42675, 44.48419, 46.47783882783883], [-0.42686, 44.48403, 46.47783882783883], [-0.42704, 44.48392, 46.47783882783883], [-0.42727, 44.48386, 46.47783882783883], [-0.42758, 44.48388, 46.47783882783883], [-0.4278, 44.48396, 46.7], [-0.42797, 44.48409, 46.7], [-0.42805, 44.48435, 47.3], [-0.42788, 44.4843, 47.3], [-0.42783, 44.48441, 47.3], [-0.42788, 44.48442, 47.3], [-0.4279, 44.48439, 47.3], [-0.42803, 44.48444, 47.06923076923077], [-0.4279, 44.48464, 46.47783882783883]]]}}, {"type": "Feature", "properties": {"id_obligation": "330260000B1171", "priorite": "très forte"}, "geometry": {"type": "Polygon", "coordinates": [[[-0.42875, 44.48363, 46.779487179487184], [-0.42879, 44.4838, 46.779487179487184], [-0.42872, 44.48398, 47.0], [-0.42853, 44.48417, 47.0], [-0.42814, 44.48428, 46.7], [-0.42822, 44.48412, 46.7], [-0.42816, 44.4841, 46.7], [-0.42808, 44.48425, 46.7], [-0.42801, 44.48428, 46.838461538461544], [-0.42778, 44.48422, 46.779487179487184], [-0.42753, 44.48409, 46.779487179487184], [-0.42739, 44.4839, 46.779487179487184], [-0.42738, 44.48372, 46.779487179487184], [-0.42762, 44.48339, 46.779487179487184], [-0.42783, 44.4833, 46.779487179487184], [-0.42807, 44.48327, 46.779487179487184], [-0.42831, 44.48331, 46.779487179487184], [-0.42858, 44.48344, 46.779487179487184], [-0.42875, 44.48363, 46.779487179487184]]]}}, {"type": "Feature", "properties": {"id_obligation": "330260000B1173", "priorite": "faible"}, "geometry": {"type": "Polygon", "coordinates": [[[-0.4441, 44.49115, -46.88433114504543], [-0.44394, 44.4913, -46.88433114504543], [-0.44373, 44.49139, 53.239999999999995], [-0.44349, 44.49142, 53.239999999999995], [-0.44336, 44.49137, 53.2], [-0.44333, 44.4914, 53.2], [-0.44317, 44.49137, 53.290909090909096], [-0.44297, 44.49127, 53.290909090909096], [-0.44284, 44.49112, 53.290909090909096], [-0.4428, 44.49095, 53.426666666666684], [-0.44289, 44.49063, 52.94615384615384], [-0.44301, 44.49047, 52.94615384615384], [-0.44317, 44.49038, 53.0], [-0.44313, 44.49049, 53.6], [-0.44324, 44.49051, 53.6], [-0.44329, 44.49039, 53.6], [-0.44319, 44.49037, 53.0], [-0.44352, 44.49032, -648.9333333333333], [-0.44383, 44.49037, 53.425000000000004], [-0.44407, 44.4905, 53.425000000000004], [-0.44419, 44.4907, -46.88433114504543], [-0.4441, 44.49115, -46.88433114504543]]]}}, {"type": "Feature", "properties": {"id_obligation": "330260000B1175", "priorite": "faible"}, "geometry": {"type": "Polygon", "coordinates": [[[-0.44508, 44.48728, 47.48749999999998], [-0.44497, 44.48739, 47.0], [-0.44482, 44.48736, 47.0], [-0.4448, 44.48741, 47.0], [-0.44486, 44.48742, 46.5], [-0.44483, 44.48748, 47.4], [-0.44455, 44.48756, 47.48749999999998], [-0.44422, 44.48755, 46.916666666666664], [-0.44395, 44.48747, 46.916666666666664], [-0.44373, 44.48725, -15.544215680153176], [-0.44341, 44.48711, 48.25000000000002], [-0.44327, 44.48692, 48.25000000000002], [-0.44326, 44.48674, -326.6857142857143], [-0.44328, 44.48667, 47.4], [-0.44337, 44.48674, 47.4], [-0.44343, 44.48664, 47.4], [-0.44331, 44.48661, 47.4], [-0.44349, 44.48642, -326.6857142857143], [-0.44376, 44.48632, -326.6857142857143], [-0.44401, 44.48631, 46.15], [-0.44453, 44.48642, 51.99285714285713], [-0.44484, 44.48658, 53.9], [-0.44482, 44.48679, 53.9], [-0.44493, 44.48681, 53.9], [-0.44499, 44.48667, 53.9], [-0.44515, 44.48697, 48.92727272727272], [-0.44508, 44.48728, 47.48749999999998]]]}}, {"type": "Feature", "properties": {"id_obligation": "330260000B1181", "priorite": "faible"}, "geometry": {"type": "Polygon", "coordinates": [[[-0.4439, 44.48682, 47.0], [-0.44422, 44.48688, 47.0], [-0.44424, 44.48683, 47.0], [-0.44393, 44.48676, 47.0], [-0.44399, 44.48669, 46.407142857142844], [-0.44416, 44.48657, 46.407142857142844], [-0.4444, 44.48651, -301.68666666666667], [-0.44486, 44.48654, 53.9], [-0.44482, 44.48679, 53.9], [-0.44493, 44.48681, 53.9], [-0.44506, 44.48661, 53.9], [-0.44523, 44.48673, 53.899999999999984], [-0.44531, 44.4869, 53.899999999999984], [-0.44532, 44.48699, 48.3], [-0.44523, 44.48696, 48.3], [-0.4452, 44.48701, 48.3], [-0.44532, 44.48704, 48.3], [-0.44526, 44.48727, 48.7], [-0.44515, 44.48725, 48.7], [-0.44511, 44.48739, 48.7], [-0.44519, 44.4874, 48.7], [-0.44513, 44.48751, 47.779999999999994], [-0.44493, 44.48767, 47.779999999999994], [-0.4447, 44.48774, 47.65384615384615], [-0.4444, 44.48774, 50.58571428571428], [-0.44429, 44.48771, 51.3], [-0.44431, 44.48767, 51.3], [-0.44416, 44.48766, 48.8], [-0.44403, 44.48758, 50.58571428571428], [-0.4439, 44.48739, 46.817391304347815], [-0.4439, 44.48682, 47.0]]]}}, {"type": "Feature", "properties": {"id_obligation": "330260000B1183", "priorite": "très forte"}, "geometry": {"type": "Polygon", "coordinates": [[[-0.41013, 44.48547, 42.0], [-0.41033, 44.48537, 42.0], [-0.41058, 44.48533, 42.0], [-0.41098, 44.48538, 42.0], [-0.41124, 44.48549, 42.0], [-0.41138, 44.48564, 42.0], [-0.41143, 44.48582, 42.0], [-0.41139, 44.48601, 42.0], [-0.41127, 44.48616, 42.0], [-0.41103, 44.48629, 42.0], [-0.41079, 44.48633, 41.85], [-0.4104, 44.48628, 42.0], [-0.41018, 44.4862, 42.0], [-0.41, 44.48603, 42.0], [-0.40995, 44.48586, 42.0], [-0.40998, 44.48567, 42.0], [-0.41013, 44.48547, 42.0]]]}}, {"type": "Feature", "properties": {"id_obligation": "330260000B1185", "priorite": "très forte"}, "geometry": {"type": "Polygon", "coordinates": [[[-0.41153, 44.4859, 42.03], [-0.41155, 44.48611, 42.03], [-0.41139, 44.48636, 42.03], [-0.41122, 44.48649, 42.03], [-0.411, 44.48656, 42.03], [-0.41069, 44.48656, 42.03], [-0.41039, 44.48645, 42.03], [-0.41021, 44.48632, 42.03], [-0.41011, 44.48616, 42.03], [-0.41011, 44.48598, 42.03], [-0.41021, 44.48581, 42.03], [-0.41042, 44.48563, 42.03], [-0.41063, 44.48555, 42.36], [-0.41087, 44.48553, 42.36], [-0.41111, 44.48558, 42.03], [-0.41137, 44.48571, 42.03], [-0.41153, 44.4859, 42.03]]]}}, {"type": "Feature", "properties": {"id_obligation": "330260000B1186", "priorite": "forte"}, "geometry": {"type": "Polygon", "coordinates": [[[-0.41275, 44.48793, 42.52683823529412], [-0.41252, 44.48806, 42.52683823529412], [-0.41232, 44.48826, 42.6], [-0.4121, 44.48834, 42.6], [-0.41179, 44.48835, 42.6], [-0.4115, 44.48827, 42.52683823529412], [-0.41128, 44.48812, 42.52683823529412], [-0.41119, 44.48783, 42.52683823529412], [-0.41107, 44.48766, 42.52683823529412], [-0.41107, 44.48744, 42.0], [-0.41118, 44.48724, 42.0], [-0.41134, 44.48712, 42.0], [-0.41152, 44.48705, 42.0], [-0.41151, 44.4871, 42.0], [-0.41158, 44.4871, 42.0], [-0.41162, 44.48703, 42.0], [-0.41187, 44.48704, 42.525000000000006], [-0.41248, 44.48717, 42.52683823529412], [-0.41273, 44.48728, 42.52683823529412], [-0.41289, 44.48751, 42.52683823529412], [-0.41287, 44.48778, 42.52683823529412], [-0.41275, 44.48793, 42.52683823529412]]]}}, {"type": "Feature", "properties": {"id_obligation": "330260000B1196", "priorite": "très forte"}, "geometry": {"type": "Polygon", "coordinates": [[[-0.40395, 44.48538, 34.2], [-0.40425, 44.48532, 34.2], [-0.40488, 44.48547, 34.2], [-0.40506, 44.48559, 34.2], [-0.40516, 44.48575, 34.2], [-0.40517, 44.48593, 34.2], [-0.4051, 44.48607, 34.2], [-0.40373, 44.48554, 34.2], [-0.40395, 44.48538, 34.2]]]}}, {"type": "Feature", "properties": {"id_obligation": "330260000B1208", "priorite": "moyenne"}, "geometry": {"type": "Polygon", "coordinates": [[[-0.44326, 44.49061, 53.08571428571429], [-0.44316, 44.49072, 53.5], [-0.44318, 44.49066, 53.5], [-0.44307, 44.49064, 53.5], [-0.44307, 44.49078, 53.5], [-0.44297, 44.49082, 54.023529411764706], [-0.44267, 44.49086, 54.023529411764706], [-0.44243, 44.49082, 53.781170245876126], [-0.44222, 44.49073, 53.781170245876126], [-0.44207, 44.49059, 53.781170245876126], [-0.44201, 44.49034, 53.781170245876126], [-0.4422, 44.48991, 53.781170245876126], [-0.44232, 44.48975, 53.781170245876126], [-0.44252, 44.48965, 54.0], [-0.44282, 44.4896, 54.0], [-0.44315, 44.48967, 54.0], [-0.4434, 44.48987, 54.0], [-0.44346, 44.49009, 53.57777777777778], [-0.44326, 44.49061, 53.08571428571429]]]}}, {"type": "Feature", "properties": {"id_obligation": "330260000B1210", "priorite": "moyenne"}, "geometry": {"type": "Polygon", "coordinates": [[[-0.44874, 44.49127, 50.51666666666667], [-0.44858, 44.49149, 52.0], [-0.44839, 44.49159, 52.0], [-0.44816, 44.49164, 51.22173913043479], [-0.44799, 44.49164, 51.5], [-0.44793, 44.49159, 51.5], [-0.44786, 44.49162, 51.5], [-0.44763, 44.49153, 52.13333333333333], [-0.44747, 44.4914, 52.13333333333333], [-0.4475, 44.4913, 52.1], [-0.44741, 44.4913, 52.2], [-0.4474, 44.49124, 52.15], [-0.44741, 44.49107, 52.15], [-0.44755, 44.49079, 50.7], [-0.44773, 44.49066, 50.7], [-0.44796, 44.49059, 51.33043478260871], [-0.44802, 44.49058, 51.2], [-0.44802, 44.49063, 51.2], [-0.44792, 44.49064, 51.2], [-0.44794, 44.4907, 51.2], [-0.44814, 44.49067, 52.9], [-0.4482, 44.49059, 51.2], [-0.44849, 44.49067, 50.5650949201976], [-0.44843, 44.49073, 50.9], [-0.44853, 44.49069, 50.46389467305168], [-0.44857, 44.49071, 50.85263157894736], [-0.44874, 44.49088, 50.85263157894736], [-0.44879, 44.4911, 50.51666666666667], [-0.44874, 44.49127, 50.51666666666667]]]}}, {"type": "Feature", "properties": {"id_obligation": "330260000B1212", "priorite": "très forte"}, "geometry": {"type": "Polygon", "coordinates": [[[-0.40639, 44.48234, 32.9], [-0.40638, 44.48252, 32.9], [-0.40627, 44.48268, 32.9], [-0.40604, 44.48284, 32.9], [-0.40581, 44.4829, 32.9], [-0.40553, 44.48289, 33.62211719205975], [-0.4055, 44.48279, 33.2], [-0.40531, 44.4828, 33.243507117657714], [-0.40509, 44.48264, 33.24444444444444], [-0.405, 44.48243, 33.24444444444444], [-0.40508, 44.48217, 33.50277777777778], [-0.4054, 44.48195, 33.50277777777778], [-0.40576, 44.48191, 33.50277777777778], [-0.40561, 44.48164, 33.50277777777778], [-0.40567, 44.48139, 33.96666666666667], [-0.40592, 44.48119, 33.96666666666667], [-0.40622, 44.48112, 33.96666666666667], [-0.40646, 44.48115, 33.900000000000006], [-0.4068, 44.48125, 33.900000000000006], [-0.40697, 44.48139, 33.900000000000006], [-0.40705, 44.48161, 33.900000000000006], [-0.40698, 44.48182, 33.50277777777778], [-0.40681, 44.482, 33.50277777777778], [-0.40655, 44.48209, 33.50277777777778], [-0.40619, 44.48208, 33.50277777777778], [-0.40639, 44.48234, 32.9]]]}}, {"type": "Feature", "properties": {"id_obligation": "330260000B1219", "priorite": "moyenne"}, "geometry": {"type": "Polygon", "coordinates": [[[-0.43747, 44.4832, 52.4], [-0.43763, 44.48334, 52.4], [-0.4377, 44.48356, 52.30972222222221], [-0.43763, 44.4838, 52.30972222222221], [-0.43746, 44.48398, 52.30972222222221], [-0.43725, 44.48407, 52.30972222222221], [-0.437, 44.4841, 52.30972222222221], [-0.43668, 44.48404, 52.30972222222221], [-0.43647, 44.48395, 52.30972222222221], [-0.43631, 44.48377, 52.155555555555544], [-0.43628, 44.48362, 51.3], [-0.43634, 44.48364, 51.3], [-0.43642, 44.48355, 52.4], [-0.43635, 44.48352, 52.4], [-0.43628, 44.48359, 52.17589081586631], [-0.43635, 44.48336, 52.30972222222221], [-0.43648, 44.48321, 52.30972222222221], [-0.43668, 44.48311, 52.30972222222221], [-0.43692, 44.48307, 52.39999999999998], [-0.43718, 44.4831, 52.39999999999998], [-0.43747, 44.4832, 52.4]]]}}, {"type": "Feature", "properties": {"id_obligation": "330260000B1223", "priorite": "faible"}, "geometry": {"type": "Polygon", "coordinates": [[[-0.44515, 44.48894, 49.9], [-0.44495, 44.48905, 49.9], [-0.44471, 44.4891, 51.160000000000004], [-0.4444, 44.48906, 51.4], [-0.4444, 44.48894, 51.4], [-0.44428, 44.48892, 51.4], [-0.44424, 44.489, 51.4], [-0.444, 44.48878, 51.0], [-0.44397, 44.48861, 51.0], [-0.44405, 44.48837, 49.52142857142856], [-0.44423, 44.48821, 49.3], [-0.44441, 44.48814, 48.9], [-0.44465, 44.48812, 48.9], [-0.44497, 44.48817, 50.099674369747895], [-0.44516, 44.48828, 50.099674369747895], [-0.44529, 44.48843, 49.9], [-0.44532, 44.4886, 49.9], [-0.44528, 44.48879, 49.9], [-0.44515, 44.48894, 49.9]]]}}, {"type": "Feature", "properties": {"id_obligation": "330260000B1225", "priorite": "faible"}, "geometry": {"type": "Polygon", "coordinates": [[[-0.44509, 44.48819, 50.287059141838554], [-0.44519, 44.48836, 49.5], [-0.44519, 44.48853, 49.5], [-0.4451, 44.48874, 49.9], [-0.44511, 44.48861, 49.9], [-0.44501, 44.4886, 49.9], [-0.44498, 44.48877, 49.9], [-0.44506, 44.4888, 49.9], [-0.44484, 44.48895, 49.89999999999999], [-0.4446, 44.489, 51.21818181818182], [-0.44442, 44.489, 51.4], [-0.4444, 44.48894, 51.4], [-0.44428, 44.48892, 51.4], [-0.44426, 44.48897, 51.4], [-0.44409, 44.48891, 52.23333333333333], [-0.44391, 44.48879, 52.23333333333333], [-0.44382, 44.48863, 51.47142857142857], [-0.4438, 44.48838, 51.47142857142857], [-0.4439, 44.48818, 49.550000000000004], [-0.44412, 44.48803, 49.550000000000004], [-0.44435, 44.48797, 49.3], [-0.44459, 44.48798, 49.3], [-0.44486, 44.48805, 50.287059141838554], [-0.44509, 44.48819, 50.287059141838554]]]}}, {"type": "Feature", "properties": {"id_obligation": "330260000B1227", "priorite": "faible"}, "geometry": {"type": "Polygon", "coordinates": [[[-0.44452, 44.48875, 51.231578947368405], [-0.44486, 44.48881, 51.2], [-0.44505, 44.48893, 51.2], [-0.44517, 44.48908, 51.2], [-0.44519, 44.48926, 50.81333333333335], [-0.4451, 44.48953, 51.41111111111111], [-0.44496, 44.48967, 51.41111111111111], [-0.44484, 44.48968, 51.2], [-0.44482, 44.48975, 51.14932748279504], [-0.4447, 44.48978, 51.41111111111111], [-0.44446, 44.4898, 51.944444444444436], [-0.44411, 44.48973, 51.944444444444436], [-0.44411, 44.48967, 51.9], [-0.44403, 44.48966, 52.6], [-0.44402, 44.4897, 52.6], [-0.44383, 44.4896, 52.300000000000004], [-0.44369, 44.48941, 53.5], [-0.44368, 44.4892, 53.5], [-0.4438, 44.48897, 51.84023705096074], [-0.44398, 44.48885, 51.231578947368405], [-0.44428, 44.48876, 51.231578947368405], [-0.44452, 44.48875, 51.231578947368405]]]}}, {"type": "Feature", "properties": {"id_obligation": "330260000B1228", "priorite": "faible"}, "geometry": {"type": "Polygon", "coordinates": [[[-0.44411, 44.48944, 54.1], [-0.44398, 44.48948, 51.7], [-0.44374, 44.48936, 51.4], [-0.4436, 44.48908, 51.4], [-0.44373, 44.4887, 51.85833333333332], [-0.44399, 44.48851, 51.85833333333332], [-0.4443, 44.48847, 49.792857142857144], [-0.44445, 44.48848, 48.9], [-0.44443, 44.48853, 48.9], [-0.44453, 44.48856, 48.9], [-0.44456, 44.4885, 48.9], [-0.4446, 44.48851, 49.792857142857144], [-0.44499, 44.48869, 49.9], [-0.44499, 44.4888, 49.9], [-0.44513, 44.48881, 49.9], [-0.4451, 44.4887, 49.9], [-0.44518, 44.48871, 49.82777777777779], [-0.4453, 44.48875, 49.88987575768636], [-0.44528, 44.48879, 49.7], [-0.44541, 44.4888, 49.7], [-0.44556, 44.48892, 50.6], [-0.44564, 44.48909, 50.6], [-0.44561, 44.48931, 50.6], [-0.44551, 44.48947, 50.88461538461537], [-0.44532, 44.48959, 50.88461538461537], [-0.44509, 44.48964, 50.88461538461537], [-0.44467, 44.48964, 51.52222222222222], [-0.4441, 44.48951, 52.9], [-0.44411, 44.48944, 54.1]]]}}, {"type": "Feature", "properties": {"id_obligation": "330260000B1233", "priorite": "faible"}, "geometry": {"type": "Polygon", "coordinates": [[[-0.44803, 44.4898, 50.9], [-0.44761, 44.48987, 50.9], [-0.44731, 44.48979, 50.45], [-0.44713, 44.48968, 50.45], [-0.44702, 44.48952, 50.45], [-0.44701, 44.48935, 49.69807692307692], [-0.44715, 44.48905, 49.1], [-0.44735, 44.48886, 49.1], [-0.44744, 44.48881, 49.1], [-0.44754, 44.48884, 49.1], [-0.44756, 44.48876, 49.1], [-0.44765, 44.48874, 50.00000000000001], [-0.44795, 44.48872, 50.00000000000001], [-0.44832, 44.48885, 49.28333333333333], [-0.44848, 44.489, 49.1], [-0.44844, 44.48899, 49.1], [-0.44839, 44.4891, 49.0], [-0.44848, 44.48912, 49.1], [-0.44852, 44.48905, 49.1], [-0.44856, 44.4892, 48.371610001062], [-0.44851, 44.48919, 48.3], [-0.44848, 44.48926, 48.3], [-0.44855, 44.48927, 48.306321344830195], [-0.4485, 44.4894, 49.0], [-0.44844, 44.48938, 49.0], [-0.44843, 44.48949, 49.0], [-0.44803, 44.4898, 50.9]]]}}, {"type": "Feature", "properties": {"id_obligation": "330260000B1235", "priorite": "moyenne"}, "geometry": {"type": "Polygon", "coordinates": [[[-0.43271, 44.48362, -650.6], [-0.43257, 44.48343, -650.6], [-0.43257, 44.48325, -650.6], [-0.43269, 44.48301, -650.6], [-0.43291, 44.48286, -650.6], [-0.43314, 44.4828, -650.6], [-0.43338, 44.48281, -650.6], [-0.43369, 44.4829, -1000.0], [-0.43388, 44.48302, -1000.0], [-0.434, 44.48322, -1000.0], [-0.43398, 44.4834, -1000.0], [-0.43388, 44.48361, -650.6], [-0.4337, 44.48374, -650.6], [-0.43347, 44.48381, -650.6], [-0.43322, 44.48381, -650.6], [-0.43296, 44.48375, -650.6], [-0.43271, 44.48362, -650.6]]]}}, {"type": "Feature", "properties": {"id_obligation": "330260000B1236", "priorite": "moyenne"}, "geometry": {"type": "Polygon", "coordinates": [[[-0.43477, 44.48341, 51.5], [-0.43458, 44.48353, 49.7], [-0.43433, 44.48347, 48.8], [-0.43435, 44.48359, 49.7], [-0.43401, 44.48356, -125.56986531986531], [-0.43375, 44.48343, -125.56986531986531], [-0.43359, 44.48324, -125.56986531986531], [-0.43356, 44.48307, -1000.0], [-0.43376, 44.48255, 48.1], [-0.43391, 44.48258, 48.1], [-0.43393, 44.48252, 48.1], [-0.43379, 44.4825, 48.1], [-0.43391, 44.48238, 48.1], [-0.43412, 44.48228, 49.1], [-0.43436, 44.48225, 49.1], [-0.4347, 44.48231, -125.56986531986531], [-0.4349, 44.48241, -125.56986531986531], [-0.43507, 44.48269, -125.56986531986531], [-0.43495, 44.48313, -125.56986531986531], [-0.43477, 44.48341, 51.5]]]}}, {"type": "Feature", "properties": {"id_obligation": "330260000B1238", "priorite": "faible"}, "geometry": {"type": "Polygon", "coordinates": [[[-0.44696, 44.48938, 49.9993235930736], [-0.44715, 44.48926, 49.9993235930736], [-0.44739, 44.48921, 48.785714285714285], [-0.44773, 44.48923, 49.3], [-0.44773, 44.48931, 49.8], [-0.44781, 44.48934, 49.8], [-0.44789, 44.48927, 49.57272727272728], [-0.44814, 44.48945, 49.57272727272728], [-0.44822, 44.48961, 49.9993235930736], [-0.4482, 44.48984, 49.9993235930736], [-0.44809, 44.49001, 49.9993235930736], [-0.44784, 44.49015, 49.9993235930736], [-0.44759, 44.49018, 50.4], [-0.44726, 44.49014, 50.4], [-0.44704, 44.49006, 50.4], [-0.44689, 44.48993, 50.4], [-0.44682, 44.48976, 50.0], [-0.44683, 44.48958, 50.0], [-0.44696, 44.48938, 49.9993235930736]]]}}, {"type": "Feature", "properties": {"id_obligation": "330260000B1245", "priorite": "faible"}, "geometry": {"type": "Polygon", "coordinates": [[[-0.44766, 44.49037, 50.60180555555556], [-0.44742, 44.49043, 50.916666666666664], [-0.44711, 44.4904, 50.916666666666664], [-0.4468, 44.49027, 50.666666666666664], [-0.44667, 44.49012, 50.666666666666664], [-0.44662, 44.48991, 50.4], [-0.44667, 44.48991, 50.4], [-0.44675, 44.48978, 50.4], [-0.44667, 44.48976, 50.4], [-0.44685, 44.48952, 50.0], [-0.44706, 44.48942, 50.72], [-0.4473, 44.48938, 50.72], [-0.44755, 44.48941, 50.9], [-0.44787, 44.48955, 50.9], [-0.44801, 44.48969, 50.9], [-0.44806, 44.48986, 50.9], [-0.44802, 44.49003, 50.9], [-0.44788, 44.49022, 50.60180555555556], [-0.44766, 44.49037, 50.60180555555556]]]}}, {"type": "Feature", "properties": {"id_obligation": "330260000B1246", "priorite": "faible"}, "geometry": {"type": "Polygon", "coordinates": [[[-0.44752, 44.49064, 50.8125], [-0.44723, 44.49073, 50.54890873015873], [-0.44699, 44.49072, 50.54890873015873], [-0.4466, 44.49062, 50.54890873015873], [-0.44642, 44.49051, 50.54890873015873], [-0.4463, 44.49031, 50.666666666666664], [-0.4463, 44.49014, 50.666666666666664], [-0.4464, 44.48993, 50.51428571428572], [-0.44662, 44.48976, 50.4], [-0.44656, 44.48988, 50.4], [-0.44667, 44.48991, 50.4], [-0.44675, 44.48978, 50.4], [-0.44664, 44.48976, 50.4], [-0.44693, 44.48968, 50.06666666666666], [-0.44703, 44.48967, 50.0], [-0.44699, 44.48973, 50.0], [-0.44717, 44.48979, 50.0], [-0.44721, 44.48971, 50.0], [-0.44706, 44.48967, 50.0], [-0.44753, 44.48976, 50.4], [-0.44771, 44.48988, 50.4], [-0.44783, 44.49008, 50.54890873015873], [-0.44772, 44.49045, 50.8125], [-0.44752, 44.49064, 50.8125]]]}}, {"type": "Feature", "properties": {"id_obligation": "330260000B1251", "priorite": "très forte"}, "geometry": {"type": "Polygon", "coordinates": [[[-0.43095, 44.48747, 50.12250000000002], [-0.43108, 44.48766, 50.12250000000002], [-0.43106, 44.48817, 50.12250000000002], [-0.43094, 44.48837, 50.12250000000002], [-0.43072, 44.48851, 50.12250000000002], [-0.43043, 44.48855, 49.6], [-0.42997, 44.48849, 50.12250000000002], [-0.42967, 44.4884, 50.12250000000002], [-0.42949, 44.48828, 50.12250000000002], [-0.42939, 44.48811, 50.12250000000002], [-0.42938, 44.48794, 50.12250000000002], [-0.42951, 44.48771, 50.12250000000002], [-0.43007, 44.48735, 50.12250000000002], [-0.43031, 44.4873, 50.12250000000002], [-0.43066, 44.48732, 50.12250000000002], [-0.43095, 44.48747, 50.12250000000002]]]}}, {"type": "Feature", "properties": {"id_obligation": "330260000B1252", "priorite": "moyenne"}, "geometry": {"type": "MultiPolygon", "coordinates": [[[[-0.43556, 44.48373, 50.65], [-0.43527, 44.48379, 50.65], [-0.4349, 44.48373, 51.51607142857143], [-0.43468, 44.48359, 51.51607142857143], [-0.43457, 44.48339, 51.5], [-0.43459, 44.4832, 51.5], [-0.43472, 44.48284, 51.51607142857143], [-0.43492, 44.48267, 51.51607142857143], [-0.43515, 44.4826, 52.3], [-0.4354, 44.4826, 52.3], [-0.43571, 44.48266, 51.85], [-0.43593, 44.48281, 51.85], [-0.43598, 44.48288, 52.3], [-0.43594, 44.48287, 52.3], [-0.43591, 44.483, 52.3], [-0.43604, 44.48305, 51.8125], [-0.43593, 44.48341, 51.050000000000004], [-0.43587, 44.48348, 51.04331595944405], [-0.43557, 44.48339, 50.5], [-0.43549, 44.48344, 50.4], [-0.43581, 44.48355, 51.606893738005745], [-0.43556, 44.48373, 50.65]]], [[[-0.43601, 44.48297, 52.3], [-0.43602, 44.48294, 52.3], [-0.43603, 44.48297, 51.8125], [-0.43601, 44.48297, 52.3]]]]}}, {"type": "Feature", "properties": {"id_obligation": "330260000B1253", "priorite": "très forte"}, "geometry": {"type": "Polygon", "coordinates": [[[-0.41908, 44.4883, -165.78771929824566], [-0.41889, 44.48847, -165.78771929824566], [-0.41856, 44.48856, 45.6], [-0.4182, 44.48852, -165.78771929824566], [-0.41799, 44.48843, -165.78771929824566], [-0.41784, 44.48824, -165.78771929824566], [-0.41776, 44.48797, 44.1], [-0.41784, 44.48757, 44.1], [-0.41803, 44.48737, 44.1], [-0.41823, 44.48726, 44.1], [-0.41848, 44.48721, -1000.0], [-0.41884, 44.48725, -165.78771929824566], [-0.41907, 44.48739, -165.78771929824566], [-0.41918, 44.48754, -165.78771929824566], [-0.4192, 44.48776, 46.0], [-0.41912, 44.48798, 46.0], [-0.41916, 44.488, 46.0], [-0.41908, 44.4883, -165.78771929824566]]]}}, {"type": "Feature", "properties": {"id_obligation": "330260000B1254", "priorite": "très forte"}, "geometry": {"type": "Polygon", "coordinates": [[[-0.42054, 44.47892, 37.660000000000004], [-0.42045, 44.47914, 37.660000000000004], [-0.42029, 44.47928, 37.660000000000004], [-0.42009, 44.47936, 37.660000000000004], [-0.42001, 44.47967, 37.178333333333335], [-0.41971, 44.47987, 37.178333333333335], [-0.41936, 44.4799, 36.8], [-0.41897, 44.47978, 36.8], [-0.41834, 44.47988, 36.9], [-0.41839, 44.47976, 36.9], [-0.41826, 44.47975, 36.9], [-0.41824, 44.47987, 36.9], [-0.41794, 44.47976, 36.9], [-0.41774, 44.47956, 36.9], [-0.41772, 44.47926, 36.410000000000004], [-0.41795, 44.47899, 36.410000000000004], [-0.41853, 44.4788, 37.178333333333335], [-0.41893, 44.47881, 37.178333333333335], [-0.41914, 44.47887, 37.178333333333335], [-0.41925, 44.47857, 37.178333333333335], [-0.41956, 44.47837, 37.9], [-0.41985, 44.47833, 37.9], [-0.4202, 44.47841, 37.9], [-0.42041, 44.47856, 37.9], [-0.42054, 44.47892, 37.660000000000004]]]}}, {"type": "Feature", "properties": {"id_obligation": "330260000B1255", "priorite": "moyenne"}, "geometry": {"type": "Polygon", "coordinates": [[[-0.44579, 44.49191, 55.40467969835747], [-0.44594, 44.49193, 55.0], [-0.44597, 44.49185, 55.0], [-0.44578, 44.49182, 55.0], [-0.44577, 44.49188, 55.357778761665195], [-0.44571, 44.4918, 52.784615384615385], [-0.44566, 44.49163, 52.784615384615385], [-0.44572, 44.4914, 52.333333333333336], [-0.44591, 44.49122, 52.333333333333336], [-0.44613, 44.49113, 53.4183793983794], [-0.44638, 44.49112, 53.4183793983794], [-0.44667, 44.49117, 53.4183793983794], [-0.44687, 44.49127, 53.4183793983794], [-0.447, 44.49143, 53.4183793983794], [-0.44704, 44.49161, 53.20666666666667], [-0.44703, 44.49166, 53.1], [-0.44699, 44.49166, 53.1], [-0.44697, 44.49184, 52.75555555555556], [-0.4469, 44.49185, 52.0], [-0.44691, 44.4919, 52.0], [-0.44682, 44.49198, 52.75555555555556], [-0.44662, 44.49207, 52.75555555555556], [-0.44651, 44.49205, 54.3], [-0.44649, 44.49209, 54.3], [-0.44639, 44.4921, 55.2], [-0.4461, 44.49206, 55.2], [-0.44579, 44.49191, 55.40467969835747]]]}}, {"type": "Feature", "properties": {"id_obligation": "330260000B1256", "priorite": "moyenne"}, "geometry": {"type": "Polygon", "coordinates": [[[-0.44657, 44.49115, 53.26396825396826], [-0.44672, 44.49134, 53.05555555555556], [-0.44673, 44.49156, 53.05555555555556], [-0.44661, 44.4918, 53.35555555555556], [-0.44637, 44.49195, 53.35555555555556], [-0.44613, 44.49199, 54.81333333333334], [-0.44561, 44.49191, 53.78000000000001], [-0.44561, 44.49183, 54.1], [-0.44548, 44.49181, 54.0], [-0.44547, 44.49185, 54.0], [-0.44531, 44.49171, 53.78000000000001], [-0.44525, 44.49154, 52.580000000000005], [-0.44525, 44.49145, 52.9], [-0.44532, 44.49142, 52.9], [-0.44528, 44.49134, 52.580000000000005], [-0.44537, 44.49117, 52.833333333333336], [-0.44555, 44.49105, 52.833333333333336], [-0.44578, 44.49098, 53.26396825396826], [-0.44631, 44.49103, 53.26396825396826], [-0.44657, 44.49115, 53.26396825396826]]]}}, {"type": "Feature", "properties": {"id_obligation": "330260000B1260", "priorite": "moyenne"}, "geometry": {"type": "Polygon", "coordinates": [[[-0.44706, 44.49207, 52.6], [-0.44712, 44.49197, 52.6], [-0.44705, 44.49195, 52.6], [-0.44695, 44.49209, 52.6], [-0.447, 44.49211, 52.6], [-0.44676, 44.49219, 54.3], [-0.44651, 44.4922, 54.3], [-0.44622, 44.49213, 55.60000000000001], [-0.4459, 44.49192, 55.10170347045599], [-0.44597, 44.49185, 55.0], [-0.44581, 44.49181, 53.2], [-0.44584, 44.49174, 53.9], [-0.44578, 44.49173, 53.9], [-0.44577, 44.49162, 53.599999999999994], [-0.44587, 44.49135, 52.4], [-0.44609, 44.4912, 52.4], [-0.44631, 44.49114, 53.41890756302522], [-0.44658, 44.49115, 53.41890756302522], [-0.44698, 44.49125, 53.41890756302522], [-0.44716, 44.49136, 53.41890756302522], [-0.44727, 44.49152, 52.523529411764706], [-0.44728, 44.4917, 52.523529411764706], [-0.44718, 44.49195, 52.350000000000016], [-0.44706, 44.49207, 52.6]]]}}, {"type": "Feature", "properties": {"id_obligation": "330260000B1261", "priorite": "très forte"}, "geometry": {"type": "Polygon", "coordinates": [[[-0.41057, 44.4921, -280.6], [-0.41035, 44.49195, -280.6], [-0.41026, 44.49179, -280.6], [-0.41026, 44.49157, -280.6], [-0.41036, 44.49141, -280.6], [-0.41053, 44.49129, -280.6], [-0.41075, 44.49122, 46.4], [-0.41107, 44.49122, 46.4], [-0.4113, 44.49129, -280.6], [-0.41148, 44.49142, -280.6], [-0.41157, 44.49159, -280.6], [-0.41156, 44.49181, -280.6], [-0.41146, 44.49197, -280.6], [-0.41128, 44.49209, -280.6], [-0.41106, 44.49215, -280.6], [-0.41081, 44.49215, -280.6], [-0.41057, 44.4921, -280.6]]]}}, {"type": "Feature", "properties": {"id_obligation": "330260000B1266", "priorite": "faible"}, "geometry": {"type": "Polygon", "coordinates": [[[-0.43671, 44.48415, 51.84015151515151], [-0.43652, 44.48427, 51.84015151515151], [-0.43629, 44.48433, 51.84015151515151], [-0.43604, 44.48432, 51.84015151515151], [-0.4357, 44.48422, 51.5], [-0.43552, 44.4841, 51.5], [-0.43541, 44.48395, 51.5], [-0.43541, 44.48374, 51.800000000000004], [-0.43558, 44.48348, 50.6], [-0.43587, 44.48355, 51.8], [-0.43587, 44.48367, 51.8], [-0.43598, 44.48371, 51.8], [-0.43603, 44.48362, 51.8], [-0.43609, 44.48364, 51.8], [-0.43613, 44.48358, 51.7], [-0.43565, 44.48341, 50.77083220670734], [-0.43603, 44.48313, 51.0], [-0.43626, 44.48307, 51.0], [-0.43651, 44.48309, 53.300000000000004], [-0.43685, 44.48323, 53.300000000000004], [-0.43703, 44.48345, 53.300000000000004], [-0.43705, 44.48354, 52.36856859736293], [-0.43695, 44.48349, 52.3], [-0.43691, 44.48363, 52.4], [-0.43702, 44.48368, 51.9], [-0.43671, 44.48415, 51.84015151515151]]]}}, {"type": "Feature", "properties": {"id_obligation": "330260000B1267", "priorite": "faible"}, "geometry": {"type": "Polygon", "coordinates": [[[-0.4463, 44.48749, 46.176190476190456], [-0.44623, 44.48776, 46.8], [-0.44602, 44.48794, 46.55833333333334], [-0.44574, 44.48802, 45.675000000000004], [-0.44537, 44.48802, 45.675000000000004], [-0.44509, 44.48795, 46.338811255781735], [-0.44473, 44.48765, 46.338811255781735], [-0.44461, 44.48746, 47.63421052631578], [-0.44463, 44.48725, 47.63421052631578], [-0.44472, 44.48709, 47.728571428571435], [-0.44494, 44.48692, 47.728571428571435], [-0.44521, 44.48683, 47.728571428571435], [-0.44565, 44.48686, 46.411111111111104], [-0.44587, 44.48693, 46.411111111111104], [-0.44592, 44.487, 43.8], [-0.44598, 44.487, 44.1], [-0.44589, 44.48723, 44.1], [-0.44597, 44.48726, 44.1], [-0.44605, 44.48705, 44.1], [-0.4463, 44.48749, 46.176190476190456]]]}}, {"type": "Feature", "properties": {"id_obligation": "330260000B1270", "priorite": "forte"}, "geometry": {"type": "Polygon", "coordinates": [[[-0.43907, 44.48889, 52.0], [-0.439, 44.48915, 52.0], [-0.43882, 44.48934, 53.27714285714286], [-0.43816, 44.48972, 53.27714285714286], [-0.43794, 44.48979, 53.27714285714286], [-0.43764, 44.48977, 56.300000000000004], [-0.43731, 44.48966, 56.3], [-0.43733, 44.48962, 56.3], [-0.43716, 44.48958, 56.3], [-0.43708, 44.48952, 56.300000000000004], [-0.43699, 44.48936, 52.4], [-0.43698, 44.48918, 52.4], [-0.4371, 44.48898, 52.4], [-0.43727, 44.48885, 53.27714285714286], [-0.43767, 44.48877, 53.60000000000001], [-0.43791, 44.48854, 53.60000000000001], [-0.4379, 44.4886, 53.6], [-0.43798, 44.48862, 53.6], [-0.43803, 44.48852, 53.6], [-0.43798, 44.4885, 53.6], [-0.43818, 44.48844, 53.60000000000001], [-0.43854, 44.48846, 53.27714285714286], [-0.43889, 44.48862, 53.27714285714286], [-0.43907, 44.48889, 52.0]]]}}, {"type": "Feature", "properties": {"id_obligation": "330260000B1271", "priorite": "forte"}, "geometry": {"type": "Polygon", "coordinates": [[[-0.43652, 44.48971, 54.35], [-0.43654, 44.4895, 54.35], [-0.43668, 44.48929, 54.35], [-0.43687, 44.48917, 54.35], [-0.43712, 44.48912, 54.35], [-0.43737, 44.48914, 54.35], [-0.43763, 44.48922, 52.4], [-0.4376, 44.48926, 52.4], [-0.43782, 44.48934, 52.4], [-0.43789, 44.48941, 52.4], [-0.43796, 44.48958, 54.35], [-0.43794, 44.48975, 54.35], [-0.43782, 44.48994, 54.35], [-0.43759, 44.49009, 54.35], [-0.43736, 44.49015, 54.35], [-0.43711, 44.49013, 54.35], [-0.4368, 44.49002, 54.35], [-0.43661, 44.48987, 54.35], [-0.43652, 44.48971, 54.35]]]}}, {"type": "Feature", "properties": {"id_obligation": "330260000B1272", "priorite": "moyenne"}, "geometry": {"type": "MultiPolygon", "coordinates": [[[[-0.43758, 44.48814, 52.55555555555555], [-0.43786, 44.48805, 52.55555555555555], [-0.43811, 44.48806, 52.55555555555555], [-0.43842, 44.48816, 52.55555555555555], [-0.43861, 44.48834, 52.55555555555555], [-0.43866, 44.48851, 52.55555555555555], [-0.43862, 44.48869, 52.55555555555555], [-0.43847, 44.4889, 51.96666666666666], [-0.43842, 44.48893, 51.959819949365695], [-0.43832, 44.48888, 52.1], [-0.43817, 44.48905, 52.1], [-0.43804, 44.48907, 52.1], [-0.43771, 44.48903, 52.55555555555555], [-0.43749, 44.48894, 52.55555555555555], [-0.43734, 44.4888, 52.55555555555555], [-0.43727, 44.48862, 52.55555555555555], [-0.43741, 44.48827, 52.55555555555555], [-0.43758, 44.48814, 52.55555555555555]]]]}}, {"type": "Feature", "properties": {"id_obligation": "330260000B1273", "priorite": "moyenne"}, "geometry": {"type": "Polygon", "coordinates": [[[-0.44239, 44.4913, 54.37343750000001], [-0.44217, 44.49138, 54.37343750000001], [-0.44186, 44.49138, 54.37343750000001], [-0.44156, 44.49129, 54.37343750000001], [-0.44136, 44.49112, 54.37343750000001], [-0.4413, 44.49095, 53.89375], [-0.44136, 44.49066, 54.37343750000001], [-0.44147, 44.4905, 54.37343750000001], [-0.44166, 44.49038, 54.37343750000001], [-0.4419, 44.49032, 54.37343750000001], [-0.44215, 44.49034, 54.37343750000001], [-0.44246, 44.49044, 55.0], [-0.44262, 44.49058, 55.0], [-0.44269, 44.49075, 55.0], [-0.44258, 44.49112, 54.37343750000001], [-0.44239, 44.4913, 54.37343750000001]]]}}, {"type": "Feature", "properties": {"id_obligation": "330260000B1281", "priorite": "faible"}, "geometry": {"type": "Polygon", "coordinates": [[[-0.44433, 44.49038, 52.17999999999999], [-0.44399, 44.49032, 53.1], [-0.4438, 44.49021, 53.1], [-0.44368, 44.49006, 52.207692307692305], [-0.44365, 44.48989, 52.207692307692305], [-0.44374, 44.48961, 52.77], [-0.4439, 44.48947, 52.77], [-0.44411, 44.48939, 52.77], [-0.44436, 44.48937, 51.629999999999995], [-0.44477, 44.48943, 51.0], [-0.44497, 44.48954, 51.0], [-0.4451, 44.48969, 51.06000000000001], [-0.44512, 44.48991, 51.06000000000001], [-0.44502, 44.49014, 51.962211538461546], [-0.44486, 44.49027, 51.962211538461546], [-0.44457, 44.49036, 52.17999999999999], [-0.44433, 44.49038, 52.17999999999999]]]}}, {"type": "Feature", "properties": {"id_obligation": "330260000B1282", "priorite": "faible"}, "geometry": {"type": "Polygon", "coordinates": [[[-0.44416, 44.49092, 57.441666666666656], [-0.44394, 44.49099, 54.0], [-0.44351, 44.49096, 54.8], [-0.44356, 44.4908, 54.0], [-0.44363, 44.49078, 54.0], [-0.44349, 44.49076, 54.8], [-0.44344, 44.49094, 54.8], [-0.44332, 44.49088, 54.121052631578934], [-0.44316, 44.49075, 54.121052631578934], [-0.44318, 44.49066, 53.5], [-0.44309, 44.49064, 53.5], [-0.44307, 44.49054, 53.42857142857143], [-0.44314, 44.49028, 53.42857142857143], [-0.44325, 44.49012, 29.175595368629907], [-0.4435, 44.48999, 29.175595368629907], [-0.44388, 44.48991, 52.622222222222234], [-0.44399, 44.48994, 52.3], [-0.444, 44.4899, 52.3], [-0.44412, 44.48992, 52.160000000000004], [-0.44435, 44.49, 52.160000000000004], [-0.44449, 44.4901, 52.2], [-0.44447, 44.49018, 52.2], [-0.44454, 44.49016, 52.160000000000004], [-0.44462, 44.49037, 53.8], [-0.44449, 44.49065, 57.441666666666656], [-0.44445, 44.49069, 66.8], [-0.4443, 44.49067, 52.9], [-0.4443, 44.49071, 52.9], [-0.44441, 44.49072, 58.9], [-0.44416, 44.49092, 57.441666666666656]]]}}, {"type": "Feature", "properties": {"id_obligation": "330260000B1284", "priorite": "moyenne"}, "geometry": {"type": "Polygon", "coordinates": [[[-0.44493, 44.49042, 51.5], [-0.44488, 44.49051, 51.8], [-0.44494, 44.49052, 51.8], [-0.44497, 44.49045, 51.5], [-0.44502, 44.49054, 51.67142857142858], [-0.44504, 44.49079, 52.4], [-0.44502, 44.49086, 52.4], [-0.44488, 44.49084, 52.4], [-0.44486, 44.49091, 52.4], [-0.44498, 44.49093, 52.4], [-0.44493, 44.49099, 52.4], [-0.44463, 44.49115, 52.4], [-0.44433, 44.49117, 9.67239583333334], [-0.44397, 44.49109, 54.800000000000004], [-0.44377, 44.49097, 54.800000000000004], [-0.44353, 44.49072, 53.771428571428565], [-0.44349, 44.49055, 53.771428571428565], [-0.44358, 44.49034, -297.9333333333333], [-0.4439, 44.49013, 53.1], [-0.44386, 44.49025, 53.1], [-0.44399, 44.49028, 53.1], [-0.44403, 44.49009, 53.1], [-0.44423, 44.49007, 53.4375], [-0.44447, 44.49011, 53.4375], [-0.44447, 44.49018, 52.2], [-0.44454, 44.49018, 52.1], [-0.44455, 44.49014, 52.15842041410635], [-0.44493, 44.49042, 51.5]]]}}, {"type": "Feature", "properties": {"id_obligation": "330260000B1287", "priorite": "moyenne"}, "geometry": {"type": "Polygon", "coordinates": [[[-0.44447, 44.49197, 54.0], [-0.44434, 44.49212, 54.0], [-0.44414, 44.49222, 54.01624060150376], [-0.44389, 44.49226, 54.01624060150376], [-0.4436, 44.49222, 54.01624060150376], [-0.44339, 44.49214, 54.01624060150376], [-0.44323, 44.49201, 54.01624060150376], [-0.44315, 44.4918, 54.02857142857142], [-0.44324, 44.4915, 54.02857142857142], [-0.44342, 44.49122, 53.25263157894737], [-0.4436, 44.4911, 54.01624060150376], [-0.44389, 44.49104, 54.01624060150376], [-0.44425, 44.49109, 54.01624060150376], [-0.44453, 44.49127, 54.01624060150376], [-0.44461, 44.49148, 54.0], [-0.44447, 44.49197, 54.0]]]}}, {"type": "Feature", "properties": {"id_obligation": "330260000B1288", "priorite": "moyenne"}, "geometry": {"type": "Polygon", "coordinates": [[[-0.44411, 44.49194, 54.0], [-0.4438, 44.49215, 53.79853535353536], [-0.44357, 44.49222, 53.79853535353536], [-0.44332, 44.49222, 53.79853535353536], [-0.44302, 44.49215, 53.79853535353536], [-0.44285, 44.49203, 53.79853535353536], [-0.44275, 44.49187, 53.79853535353536], [-0.44277, 44.4916, 53.26666666666667], [-0.44298, 44.49131, 53.3], [-0.44321, 44.4911, 53.3], [-0.44348, 44.49102, 53.25454545454546], [-0.44378, 44.49103, 53.79853535353536], [-0.44412, 44.49118, 53.79853535353536], [-0.44427, 44.49138, 53.79853535353536], [-0.44427, 44.49166, 54.8], [-0.44411, 44.49194, 54.0]]]}}, {"type": "Feature", "properties": {"id_obligation": "330260000B1299", "priorite": "faible"}, "geometry": {"type": "Polygon", "coordinates": [[[-0.4404, 44.48544, 47.44140816137157], [-0.44027, 44.48542, 47.7], [-0.44024, 44.48547, 47.7], [-0.44042, 44.48548, 47.7], [-0.44043, 44.48564, 48.3], [-0.44029, 44.4856, 48.3], [-0.44026, 44.48566, 48.3], [-0.4404, 44.4857, 48.3], [-0.44043, 44.48566, 48.3], [-0.4404, 44.48573, 48.3], [-0.44028, 44.48588, 48.3], [-0.44012, 44.48598, 48.3], [-0.4399, 44.48606, 48.83954545454545], [-0.4396, 44.48607, 48.83954545454545], [-0.43934, 44.48597, 48.7], [-0.43937, 44.48589, 48.7], [-0.43929, 44.48588, 48.7], [-0.43927, 44.48594, 48.7], [-0.43912, 44.48584, 49.074999999999996], [-0.43915, 44.48568, 49.7], [-0.43902, 44.48566, 49.7], [-0.43901, 44.48569, 49.7], [-0.43896, 44.48544, 49.7], [-0.43906, 44.48522, 48.83954545454545], [-0.43926, 44.48506, 48.83954545454545], [-0.43954, 44.48498, 48.83954545454545], [-0.43978, 44.48499, 48.83954545454545], [-0.44004, 44.48508, 48.83954545454545], [-0.4404, 44.48544, 47.44140816137157]]]}}, {"type": "Feature", "properties": {"id_obligation": "330260000B1302", "priorite": "moyenne"}, "geometry": {"type": "Polygon", "coordinates": [[[-0.44534, 44.49091, 52.4], [-0.44546, 44.49106, 52.79090909090908], [-0.4455, 44.49122, 52.9], [-0.44545, 44.49126, 52.9], [-0.44551, 44.49127, 52.9], [-0.44551, 44.49132, 52.79090909090908], [-0.44545, 44.49149, 53.271428571428565], [-0.44531, 44.49163, 53.271428571428565], [-0.4451, 44.49172, 53.271428571428565], [-0.44478, 44.49176, 54.11999999999999], [-0.44455, 44.49172, 52.95205627705627], [-0.44422, 44.49153, 52.95205627705627], [-0.44409, 44.49138, 52.95205627705627], [-0.44404, 44.49121, 52.95205627705627], [-0.44411, 44.491, 52.95205627705627], [-0.44434, 44.49081, 52.95205627705627], [-0.44456, 44.49073, 52.4], [-0.44486, 44.49072, 52.4], [-0.44516, 44.4908, 52.4], [-0.44534, 44.49091, 52.4]]]}}, {"type": "Feature", "properties": {"id_obligation": "330260000B1304", "priorite": "moyenne"}, "geometry": {"type": "Polygon", "coordinates": [[[-0.44548, 44.49054, 51.6], [-0.44564, 44.49073, 53.916964285714286], [-0.44567, 44.4909, 53.916964285714286], [-0.44558, 44.49114, 52.89999999999999], [-0.44542, 44.49128, 52.89999999999999], [-0.44518, 44.49137, 52.5], [-0.44511, 44.49132, 52.5], [-0.44502, 44.49138, 52.68571428571429], [-0.44455, 44.4913, 53.0], [-0.44437, 44.49119, 53.0], [-0.44425, 44.49103, 61.239999999999995], [-0.44423, 44.49086, 61.239999999999995], [-0.44432, 44.49063, 55.9], [-0.44448, 44.49049, 55.9], [-0.44469, 44.49041, 51.61], [-0.44494, 44.49039, 51.61], [-0.44522, 44.49043, 51.6], [-0.44548, 44.49054, 51.6]]]}}, {"type": "Feature", "properties": {"id_obligation": "330260000B1305", "priorite": "moyenne"}, "geometry": {"type": "Polygon", "coordinates": [[[-0.44572, 44.49066, 52.57105463980463], [-0.4455, 44.49079, 52.57105463980463], [-0.44517, 44.49092, 52.22857142857142], [-0.44493, 44.49094, 52.22857142857142], [-0.44462, 44.49089, 57.161538461538456], [-0.44443, 44.49079, 57.161538461538456], [-0.44435, 44.49071, 57.85727999760675], [-0.44444, 44.49072, 66.8], [-0.44445, 44.49069, 66.8], [-0.44432, 44.49067, 52.9], [-0.44426, 44.49046, 52.43333333333334], [-0.44433, 44.49017, 52.43333333333334], [-0.44445, 44.49002, 52.57105463980463], [-0.44489, 44.48979, 51.0375], [-0.44517, 44.48973, 50.9], [-0.4451, 44.48981, 50.9], [-0.44522, 44.48983, 50.9], [-0.44533, 44.48973, 50.83131003443429], [-0.44544, 44.48976, 50.849999999999994], [-0.44565, 44.48985, 50.849999999999994], [-0.44579, 44.49, 50.849999999999994], [-0.4459, 44.49021, 52.57105463980463], [-0.44583, 44.4905, 52.57105463980463], [-0.44572, 44.49066, 52.57105463980463]]]}}, {"type": "Feature", "properties": {"id_obligation": "330260000B1306", "priorite": "moyenne"}, "geometry": {"type": "Polygon", "coordinates": [[[-0.43788, 44.48628, 49.465714285714284], [-0.43811, 44.48614, 49.465714285714284], [-0.43835, 44.48609, 48.849999999999994], [-0.43876, 44.48612, 50.2], [-0.43894, 44.48618, 50.2], [-0.43894, 44.48626, 50.2], [-0.43904, 44.48625, 50.2], [-0.43915, 44.48638, 49.150000000000006], [-0.43919, 44.48656, 49.150000000000006], [-0.43915, 44.48683, 50.2], [-0.43899, 44.48702, 50.2], [-0.43877, 44.48711, 50.2], [-0.43853, 44.48714, 49.465714285714284], [-0.43818, 44.4871, 49.465714285714284], [-0.43797, 44.48702, 49.465714285714284], [-0.43782, 44.48688, 49.465714285714284], [-0.43776, 44.48671, 49.465714285714284], [-0.43777, 44.48649, 49.465714285714284], [-0.43788, 44.48628, 49.465714285714284]]]}}, {"type": "Feature", "properties": {"id_obligation": "330260000B1307", "priorite": "faible"}, "geometry": {"type": "MultiPolygon", "coordinates": [[[[-0.43831, 44.48586, 48.899999999999984], [-0.43855, 44.48585, 48.899999999999984], [-0.43885, 44.4859, 49.733333333333334], [-0.43899, 44.48596, 49.6], [-0.43894, 44.48601, 49.6], [-0.43909, 44.48603, 49.733333333333334], [-0.43921, 44.48623, 49.181818181818194], [-0.4392, 44.48649, 49.181818181818194], [-0.43915, 44.48661, 49.96666666666666], [-0.43909, 44.48668, 50.2], [-0.43901, 44.48663, 50.2], [-0.43891, 44.48674, 50.2], [-0.43896, 44.48679, 49.96666666666666], [-0.43875, 44.48687, 49.074999999999996], [-0.4385, 44.48688, 49.074999999999996], [-0.43815, 44.48683, 49.26363636363637], [-0.4379, 44.4867, 49.26363636363637], [-0.43778, 44.48651, 49.26363636363637], [-0.43778, 44.4863, 49.26363636363637], [-0.43785, 44.48613, 49.26363636363637], [-0.43804, 44.48597, 49.26363636363637], [-0.43831, 44.48586, 48.899999999999984]]], [[[-0.43905, 44.48673, 49.96666666666666], [-0.439, 44.48676, 50.2], [-0.43909, 44.48668, 50.2], [-0.43905, 44.48673, 49.96666666666666]]]]}}, {"type": "Feature", "properties": {"id_obligation": "330260000B1308", "priorite": "faible"}, "geometry": {"type": "Polygon", "coordinates": [[[-0.439, 44.48572, 49.7], [-0.43897, 44.48579, 49.7], [-0.43912, 44.48582, 49.66250000000001], [-0.43921, 44.48603, 49.93333333333333], [-0.43919, 44.48622, 49.93333333333333], [-0.43906, 44.48642, 48.8], [-0.43902, 44.48638, 48.8], [-0.4389, 44.48651, 48.800000000000004], [-0.4386, 44.48657, 48.790000000000006], [-0.43829, 44.48655, 48.790000000000006], [-0.43803, 44.48645, 49.23541666666667], [-0.43785, 44.48629, 49.23541666666667], [-0.43777, 44.48613, 49.23541666666667], [-0.43778, 44.4859, 49.23541666666667], [-0.43791, 44.48571, 49.23541666666667], [-0.43811, 44.4856, 49.23541666666667], [-0.43842, 44.48555, 49.300000000000004], [-0.43872, 44.48559, 49.66250000000001], [-0.439, 44.48572, 49.7]]]}}, {"type": "Feature", "properties": {"id_obligation": "330260000B1309", "priorite": "faible"}, "geometry": {"type": "Polygon", "coordinates": [[[-0.43898, 44.48612, 49.89999999999999], [-0.43878, 44.48622, 49.89999999999999], [-0.43854, 44.48625, 48.899999999999984], [-0.43819, 44.4862, 49.442857142857136], [-0.43792, 44.48606, 49.442857142857136], [-0.43778, 44.48592, 49.442857142857136], [-0.43772, 44.48575, 49.442857142857136], [-0.43776, 44.48558, 49.442857142857136], [-0.43795, 44.48539, 49.442857142857136], [-0.4382, 44.48527, 49.442857142857136], [-0.4385, 44.48524, 49.442857142857136], [-0.43879, 44.4853, 49.442857142857136], [-0.43904, 44.48543, 49.442857142857136], [-0.43916, 44.48558, 49.67142857142858], [-0.43919, 44.48575, 49.67142857142858], [-0.43914, 44.48595, 49.89999999999999], [-0.43898, 44.48612, 49.89999999999999]]]}}, {"type": "Feature", "properties": {"id_obligation": "330260000B1320", "priorite": "faible"}, "geometry": {"type": "Polygon", "coordinates": [[[-0.44002, 44.48598, 48.300000000000004], [-0.44024, 44.48583, 48.300000000000004], [-0.44048, 44.48577, 48.2], [-0.4408, 44.48578, 48.2], [-0.44073, 44.48596, 48.2], [-0.44084, 44.48597, 48.2], [-0.44087, 44.48579, 48.2], [-0.44106, 44.48586, 48.199999999999996], [-0.44122, 44.48599, 48.199999999999996], [-0.4413, 44.48615, 48.300000000000004], [-0.44128, 44.48639, 48.300000000000004], [-0.44114, 44.48659, 48.300000000000004], [-0.44093, 44.48669, 48.300000000000004], [-0.44069, 44.48673, 48.300000000000004], [-0.44039, 44.48671, 48.300000000000004], [-0.44018, 44.48663, 48.300000000000004], [-0.44002, 44.48651, 48.300000000000004], [-0.43994, 44.48634, 48.300000000000004], [-0.43994, 44.48615, 48.300000000000004], [-0.44002, 44.48598, 48.300000000000004]]]}}, {"type": "Feature", "properties": {"id_obligation": "330260000B1328", "priorite": "moyenne"}, "geometry": {"type": "Polygon", "coordinates": [[[-0.44875, 44.49221, 51.73464154892726], [-0.44853, 44.49228, 51.73464154892726], [-0.44822, 44.49227, 51.73464154892726], [-0.44789, 44.49217, 53.0], [-0.44772, 44.49201, 53.0], [-0.44766, 44.49183, 51.923076923076934], [-0.44782, 44.49144, 51.53846153846154], [-0.44804, 44.49148, 52.1], [-0.44805, 44.4914, 52.2], [-0.44788, 44.49139, 52.2], [-0.44799, 44.49133, 51.08944188858673], [-0.4481, 44.49135, 51.2], [-0.44812, 44.49131, 50.7], [-0.44806, 44.4913, 50.85467068550128], [-0.44828, 44.49126, 51.021428571428565], [-0.4488, 44.49136, 51.1], [-0.44897, 44.49148, 51.1], [-0.44907, 44.49168, 51.35], [-0.44895, 44.49204, 51.73464154892726], [-0.44875, 44.49221, 51.73464154892726]]]}}, {"type": "Feature", "properties": {"id_obligation": "330260000B1332", "priorite": "très forte"}, "geometry": {"type": "Polygon", "coordinates": [[[-0.4188, 44.48023, 37.35], [-0.41861, 44.48035, 37.35], [-0.41831, 44.48042, 38.1], [-0.41801, 44.48038, 38.1], [-0.41776, 44.48026, 38.1], [-0.41762, 44.48007, 38.1], [-0.4176, 44.4799, 37.35], [-0.41769, 44.47957, 37.35], [-0.41783, 44.47942, 37.35], [-0.4181, 44.47931, 36.300000000000004], [-0.41835, 44.4793, 36.300000000000004], [-0.41865, 44.47935, 37.35], [-0.41885, 44.47945, 37.35], [-0.41898, 44.4796, 37.35], [-0.41899, 44.47996, 37.35], [-0.4188, 44.48023, 37.35]]]}}, {"type": "Feature", "properties": {"id_obligation": "330260000B1333", "priorite": "très forte"}, "geometry": {"type": "Polygon", "coordinates": [[[-0.41775, 44.48059, 37.15], [-0.41751, 44.48046, 37.15], [-0.41739, 44.48026, 37.15], [-0.41737, 44.48, 37.15], [-0.41745, 44.47984, 37.15], [-0.41766, 44.47968, 37.15], [-0.41789, 44.47962, 36.9], [-0.41819, 44.47961, 36.9], [-0.41842, 44.47966, 36.9], [-0.41865, 44.47981, 36.9], [-0.41874, 44.47997, 36.9], [-0.41876, 44.48023, 36.9], [-0.41868, 44.4804, 37.15], [-0.41852, 44.48053, 37.15], [-0.4183, 44.48061, 37.15], [-0.41799, 44.48063, 37.15], [-0.41775, 44.48059, 37.15]]]}}, {"type": "Feature", "properties": {"id_obligation": "330260000B1334", "priorite": "faible"}, "geometry": {"type": "Polygon", "coordinates": [[[-0.44596, 44.48965, 51.54824494949495], [-0.44592, 44.4899, 51.54824494949495], [-0.44577, 44.49009, 51.54824494949495], [-0.4455, 44.49023, 51.54824494949495], [-0.44527, 44.49027, 51.863636363636374], [-0.44467, 44.49025, 52.160000000000004], [-0.44439, 44.49015, 52.160000000000004], [-0.44423, 44.49001, 52.160000000000004], [-0.44419, 44.48992, 51.4], [-0.44423, 44.48993, 51.4], [-0.44427, 44.48976, 51.4], [-0.4442, 44.48976, 51.4], [-0.44418, 44.48989, 51.4], [-0.44417, 44.48979, 51.645833333333314], [-0.44425, 44.48953, 51.96999999999999], [-0.44437, 44.48938, 51.96999999999999], [-0.44444, 44.48934, 52.03715486206905], [-0.44452, 44.48935, 52.4], [-0.44456, 44.48928, 51.96999999999999], [-0.44501, 44.48918, 50.6], [-0.44522, 44.48917, 50.6], [-0.44556, 44.48925, 51.54824494949495], [-0.44582, 44.48942, 51.54824494949495], [-0.44596, 44.48965, 51.54824494949495]]]}}, {"type": "Feature", "properties": {"id_obligation": "330260000B1337", "priorite": "moyenne"}, "geometry": {"type": "Polygon", "coordinates": [[[-0.4452, 44.49196, 53.67999999999999], [-0.44496, 44.49183, 53.67999999999999], [-0.44484, 44.49167, 53.42727272727272], [-0.44482, 44.49149, 53.42727272727272], [-0.44489, 44.49129, 52.63333333333333], [-0.44503, 44.49115, 52.63333333333333], [-0.44523, 44.49105, 52.63333333333333], [-0.44553, 44.49101, 52.9], [-0.44594, 44.49109, 53.42555527805528], [-0.44615, 44.49118, 53.42555527805528], [-0.44629, 44.49133, 53.42555527805528], [-0.44634, 44.49154, 52.718181818181826], [-0.44625, 44.49179, 55.44285714285714], [-0.44605, 44.49196, 55.44285714285714], [-0.44576, 44.49204, 54.184615384615384], [-0.4452, 44.49196, 53.67999999999999]]]}}, {"type": "Feature", "properties": {"id_obligation": "330260000B1338", "priorite": "moyenne"}, "geometry": {"type": "Polygon", "coordinates": [[[-0.4457, 44.49103, 53.13153769841269], [-0.44589, 44.49123, 52.53571428571428], [-0.44595, 44.49143, 52.4], [-0.44589, 44.49143, 52.4], [-0.44587, 44.4915, 52.4], [-0.44593, 44.49151, 52.4], [-0.44588, 44.49162, 53.56666666666666], [-0.44574, 44.49176, 53.56666666666666], [-0.44559, 44.49183, 54.08604054091938], [-0.44548, 44.49181, 54.0], [-0.44543, 44.49188, 53.77777777777778], [-0.44518, 44.4919, 53.77777777777778], [-0.44485, 44.49184, 54.01666666666666], [-0.44446, 44.49155, 53.15714285714285], [-0.44441, 44.49134, 53.15714285714285], [-0.44447, 44.49117, 52.825], [-0.44461, 44.49104, 52.825], [-0.44486, 44.49091, 52.4], [-0.44502, 44.49093, 52.4], [-0.44504, 44.49087, 52.4], [-0.44514, 44.49087, 52.56666666666666], [-0.44549, 44.49094, 52.56666666666666], [-0.4457, 44.49103, 53.13153769841269]]]}}, {"type": "Feature", "properties": {"id_obligation": "330260000B1340", "priorite": "moyenne"}, "geometry": {"type": "Polygon", "coordinates": [[[-0.44498, 44.49156, 52.5], [-0.44484, 44.49137, 52.67692307692308], [-0.44483, 44.4913, 52.3], [-0.44488, 44.4913, 52.3], [-0.44483, 44.49119, 52.67692307692308], [-0.44493, 44.49098, 52.4], [-0.4451, 44.49085, 52.4], [-0.44532, 44.49077, 52.566524216524215], [-0.44558, 44.49077, 52.566524216524215], [-0.44589, 44.49085, 52.566524216524215], [-0.44607, 44.49097, 52.566524216524215], [-0.44618, 44.49117, 52.566524216524215], [-0.44611, 44.49146, 52.4], [-0.44589, 44.49143, 52.4], [-0.44587, 44.4915, 52.4], [-0.44605, 44.49153, 52.4], [-0.44591, 44.49164, 52.42222222222222], [-0.44569, 44.49171, 52.5], [-0.44544, 44.49172, 52.5], [-0.44518, 44.49166, 52.5], [-0.44498, 44.49156, 52.5]]]}}, {"type": "Feature", "properties": {"id_obligation": "330260000B1346", "priorite": "moyenne"}, "geometry": {"type": "Polygon", "coordinates": [[[-0.43684, 44.48363, 52.4], [-0.43671, 44.48377, 52.4], [-0.43651, 44.48387, 52.4], [-0.43627, 44.48391, 52.15925925925927], [-0.43576, 44.48383, 51.80385802469136], [-0.43555, 44.48374, 51.80385802469136], [-0.43539, 44.48361, 51.80385802469136], [-0.43531, 44.4834, 50.72222222222222], [-0.43535, 44.4832, 52.0], [-0.43549, 44.483, 52.0], [-0.43575, 44.48287, 52.0], [-0.43599, 44.48284, 52.300000000000004], [-0.43648, 44.48292, 51.80385802469136], [-0.43669, 44.48301, 51.80385802469136], [-0.43686, 44.48318, 51.80385802469136], [-0.4369, 44.48341, 51.80385802469136], [-0.43684, 44.48363, 52.4]]]}}, {"type": "Feature", "properties": {"id_obligation": "330260000B1349", "priorite": "faible"}, "geometry": {"type": "Polygon", "coordinates": [[[-0.44416, 44.49071, 53.71666666666666], [-0.44387, 44.49072, 53.71666666666666], [-0.44351, 44.49062, -189.72307692307697], [-0.44331, 44.49046, -189.72307692307697], [-0.44323, 44.49026, 17.61524153624153], [-0.44332, 44.48995, 17.61524153624153], [-0.44342, 44.48979, 17.61524153624153], [-0.44361, 44.48968, 17.61524153624153], [-0.4439, 44.48962, 52.028], [-0.44429, 44.48967, 52.028], [-0.44465, 44.48966, 51.525000000000006], [-0.44483, 44.48971, 51.181183450030176], [-0.4448, 44.48981, 51.1], [-0.44488, 44.48982, 51.7], [-0.4449, 44.48974, 51.7], [-0.44509, 44.48988, 52.0], [-0.44518, 44.49009, 52.0], [-0.44515, 44.49029, 51.604545454545466], [-0.44512, 44.49035, 51.6], [-0.44505, 44.49031, 51.5], [-0.44509, 44.49028, 51.6], [-0.44506, 44.49025, 51.6], [-0.44493, 44.49031, 51.6], [-0.44501, 44.4904, 51.6], [-0.44509, 44.4904, 51.6], [-0.44505, 44.49045, 51.604545454545466], [-0.44476, 44.4906, 51.604545454545466], [-0.44438, 44.49063, 53.71666666666666], [-0.44416, 44.49071, 53.71666666666666]]]}}, {"type": "Feature", "properties": {"id_obligation": "330260000B1355", "priorite": "moyenne"}, "geometry": {"type": "Polygon", "coordinates": [[[-0.44473, 44.49222, 54.324015151515155], [-0.44445, 44.49233, 54.324015151515155], [-0.44409, 44.49232, 54.324015151515155], [-0.44381, 44.49223, 54.324015151515155], [-0.44365, 44.4921, 54.324015151515155], [-0.44357, 44.49189, 53.86666666666667], [-0.44363, 44.4916, 55.290909090909096], [-0.44375, 44.49144, 55.290909090909096], [-0.44394, 44.49132, 55.290909090909096], [-0.44418, 44.49127, 54.324015151515155], [-0.44455, 44.49131, 54.4], [-0.44476, 44.49139, 54.4], [-0.44495, 44.4916, 54.4], [-0.44488, 44.4917, 54.4], [-0.44498, 44.4917, 54.06249999999999], [-0.44488, 44.49207, 54.324015151515155], [-0.44473, 44.49222, 54.324015151515155]]]}}, {"type": "Feature", "properties": {"id_obligation": "330260000B1357", "priorite": "faible"}, "geometry": {"type": "Polygon", "coordinates": [[[-0.4428, 44.49164, 54.32416666666666], [-0.44272, 44.49143, 53.3], [-0.44276, 44.49126, 53.3], [-0.44292, 44.49107, 54.32416666666666], [-0.44312, 44.49097, 54.32416666666666], [-0.44335, 44.49093, 54.8], [-0.44351, 44.49097, 54.8], [-0.44359, 44.49095, 54.8], [-0.44386, 44.49106, 54.32416666666666], [-0.44403, 44.49124, 55.675], [-0.44407, 44.49141, 55.675], [-0.44393, 44.4917, 54.39999999999999], [-0.44383, 44.49166, 53.7], [-0.44381, 44.4918, 53.7], [-0.44365, 44.49187, 54.31999999999999], [-0.44341, 44.4919, 54.31999999999999], [-0.44317, 44.49187, 54.32416666666666], [-0.44295, 44.49178, 54.32416666666666], [-0.4428, 44.49164, 54.32416666666666]]]}}, {"type": "Feature", "properties": {"id_obligation": "330260000B1358", "priorite": "moyenne"}, "geometry": {"type": "Polygon", "coordinates": [[[-0.44397, 44.49128, 55.35], [-0.44403, 44.49154, 55.35], [-0.4439, 44.49177, 53.7], [-0.44393, 44.49169, 53.7], [-0.44383, 44.49166, 53.7], [-0.44378, 44.49179, 53.7], [-0.44386, 44.49181, 53.7], [-0.44367, 44.49195, 53.98571428571428], [-0.44344, 44.49202, 54.4], [-0.44313, 44.492, 54.4], [-0.4427, 44.49181, 54.0560544217687], [-0.44253, 44.49167, 54.0560544217687], [-0.44244, 44.4915, 54.0560544217687], [-0.44246, 44.49132, 54.0560544217687], [-0.44261, 44.49111, 53.1], [-0.44278, 44.49099, 53.1], [-0.44294, 44.49093, 53.1], [-0.44307, 44.49097, 53.1], [-0.4431, 44.49093, 53.1], [-0.44303, 44.49091, 53.1], [-0.44326, 44.49091, 53.416666666666664], [-0.44377, 44.49112, 54.8], [-0.44397, 44.49128, 55.35]]]}}, {"type": "Feature", "properties": {"id_obligation": "330260000B1359", "priorite": "moyenne"}, "geometry": {"type": "Polygon", "coordinates": [[[-0.44402, 44.49122, 53.90025974025974], [-0.444, 44.4914, 55.35], [-0.4439, 44.49156, 55.35], [-0.44366, 44.49173, 55.35], [-0.44345, 44.49178, 54.4], [-0.44346, 44.49173, 54.4], [-0.44338, 44.49172, 54.4], [-0.44337, 44.49177, 54.4], [-0.44343, 44.49178, 53.73181818181817], [-0.44313, 44.49176, 53.73181818181817], [-0.44282, 44.49162, 53.3], [-0.4427, 44.49151, 53.3], [-0.44258, 44.4913, 53.90025974025974], [-0.44258, 44.49113, 53.90025974025974], [-0.44267, 44.49096, 53.51428571428572], [-0.44289, 44.49082, 53.51428571428572], [-0.44304, 44.49077, 53.5], [-0.44306, 44.49084, 53.5], [-0.44313, 44.49085, 53.5], [-0.44316, 44.49074, 53.5], [-0.44344, 44.49074, 53.78571428571429], [-0.44349, 44.49076, 54.8], [-0.44343, 44.49096, 54.8], [-0.44354, 44.49095, 54.8], [-0.44356, 44.4908, 54.8], [-0.44362, 44.4908, 54.0], [-0.4439, 44.49102, 53.90025974025974], [-0.44402, 44.49122, 53.90025974025974]]]}}, {"type": "Feature", "properties": {"id_obligation": "330260000B1361", "priorite": "moyenne"}, "geometry": {"type": "Polygon", "coordinates": [[[-0.44529, 44.4921, 54.04], [-0.445, 44.49217, 53.44748917748918], [-0.44466, 44.49217, 53.44748917748918], [-0.44428, 44.49208, 54.0], [-0.44411, 44.49196, 54.0], [-0.44401, 44.4918, 54.0], [-0.444, 44.49163, 54.0], [-0.4441, 44.49139, 53.44748917748918], [-0.44431, 44.49124, 53.44748917748918], [-0.44453, 44.49118, 53.44748917748918], [-0.44472, 44.49117, 53.08085394268981], [-0.44467, 44.49122, 53.0], [-0.44481, 44.49131, 52.3], [-0.44488, 44.4913, 52.3], [-0.44486, 44.4912, 53.1], [-0.44475, 44.49116, 53.1], [-0.44479, 44.49116, 52.70909090909092], [-0.44504, 44.49115, 52.70909090909092], [-0.44535, 44.49124, 52.650000000000006], [-0.44561, 44.49149, 52.5], [-0.44548, 44.49146, 52.1], [-0.44544, 44.49154, 52.1], [-0.44563, 44.49158, 52.63581615608072], [-0.44557, 44.49182, 54.0688308909954], [-0.44548, 44.49181, 54.0], [-0.44547, 44.49198, 54.04], [-0.44529, 44.4921, 54.04]]]}}, {"type": "Feature", "properties": {"id_obligation": "330260000B1363", "priorite": "faible"}, "geometry": {"type": "Polygon", "coordinates": [[[-0.44367, 44.49038, -473.59999999999997], [-0.44373, 44.49044, 52.8], [-0.4437, 44.49053, 52.8], [-0.4438, 44.49057, 54.06], [-0.44374, 44.49094, 54.175000000000004], [-0.44361, 44.49114, 54.175000000000004], [-0.44337, 44.49127, 53.3], [-0.44329, 44.49118, 53.3], [-0.4432, 44.49121, 53.3], [-0.44325, 44.49129, 53.3], [-0.44314, 44.4913, 53.21111111111112], [-0.44283, 44.49126, 53.21111111111112], [-0.44247, 44.49114, -12.020351495726493], [-0.44231, 44.49101, -12.020351495726493], [-0.44224, 44.49085, 55.0], [-0.44227, 44.49062, 55.0], [-0.44237, 44.49046, 54.0], [-0.44269, 44.49029, 54.0], [-0.44263, 44.4904, 54.0], [-0.4427, 44.49041, 54.0], [-0.44278, 44.49024, 54.0], [-0.4429, 44.49021, 53.723076923076924], [-0.44315, 44.49019, 53.723076923076924], [-0.44343, 44.49025, -473.59999999999997], [-0.44367, 44.49038, -473.59999999999997]]]}}, {"type": "Feature", "properties": {"id_obligation": "330260000B1364", "priorite": "moyenne"}, "geometry": {"type": "Polygon", "coordinates": [[[-0.4431, 44.49109, 53.35000000000001], [-0.44293, 44.49116, 53.54], [-0.44268, 44.49118, 53.54], [-0.44236, 44.49112, 53.6], [-0.44216, 44.49101, 53.6], [-0.44204, 44.49085, 53.6], [-0.44201, 44.49067, 53.6], [-0.44212, 44.49041, 53.6], [-0.44238, 44.49018, 53.641607142857154], [-0.44258, 44.49008, 54.0], [-0.44284, 44.49003, 54.0], [-0.44263, 44.4904, 54.0], [-0.4427, 44.49041, 54.0], [-0.44283, 44.49009, 54.0], [-0.44315, 44.49016, 54.0], [-0.44318, 44.49009, 54.0], [-0.44323, 44.4901, 54.0], [-0.44341, 44.49022, 54.0], [-0.44352, 44.49037, 52.99285714285713], [-0.44354, 44.49055, 52.99285714285713], [-0.44344, 44.49076, 52.99285714285713], [-0.4431, 44.49109, 53.35000000000001]]]}}, {"type": "Feature", "properties": {"id_obligation": "330260000B1373", "priorite": "moyenne"}, "geometry": {"type": "Polygon", "coordinates": [[[-0.43768, 44.48356, 52.19369047619046], [-0.43755, 44.48372, 52.19369047619046], [-0.43735, 44.48382, 52.19369047619046], [-0.4371, 44.48386, 52.279999999999994], [-0.43685, 44.48383, 52.279999999999994], [-0.43657, 44.48373, 52.4], [-0.43642, 44.48359, 52.4], [-0.43634, 44.48338, 52.19369047619046], [-0.43641, 44.48314, 52.19369047619046], [-0.43656, 44.48292, 52.19369047619046], [-0.4368, 44.48279, 51.800000000000004], [-0.43703, 44.48275, 51.800000000000004], [-0.43732, 44.48279, 51.825], [-0.43759, 44.48292, 51.825], [-0.43773, 44.48312, 52.4], [-0.43775, 44.48336, 52.4], [-0.43768, 44.48356, 52.19369047619046]]]}}, {"type": "Feature", "properties": {"id_obligation": "330260000B1377", "priorite": "faible"}, "geometry": {"type": "Polygon", "coordinates": [[[-0.43861, 44.48532, 49.32374338624339], [-0.43887, 44.48522, 49.32374338624339], [-0.43912, 44.48521, 49.32374338624339], [-0.43947, 44.48529, 49.52857142857143], [-0.43974, 44.48552, 49.1], [-0.43965, 44.4855, 49.1], [-0.43962, 44.48556, 49.1], [-0.43977, 44.48561, 49.03333333333333], [-0.43975, 44.48579, 49.03333333333333], [-0.43963, 44.48605, 49.32374338624339], [-0.43946, 44.48618, 49.32374338624339], [-0.43918, 44.48626, 49.62500000000001], [-0.43897, 44.48626, 50.2], [-0.43906, 44.48625, 50.2], [-0.43905, 44.48614, 50.2], [-0.43893, 44.48614, 50.2], [-0.43894, 44.48625, 50.2], [-0.43864, 44.48617, 48.899999999999984], [-0.43854, 44.48612, 48.9], [-0.43858, 44.48606, 48.9], [-0.43848, 44.48606, 48.9], [-0.43836, 44.48589, 49.300000000000004], [-0.43835, 44.48572, 49.300000000000004], [-0.43844, 44.4855, 49.32374338624339], [-0.43861, 44.48532, 49.32374338624339]]]}}, {"type": "Feature", "properties": {"id_obligation": "330260000B1379", "priorite": "faible"}, "geometry": {"type": "Polygon", "coordinates": [[[-0.43905, 44.48649, 48.8], [-0.43902, 44.48638, 48.8], [-0.43894, 44.48642, 48.8], [-0.43894, 44.48648, 48.8], [-0.43871, 44.48643, 48.6], [-0.43858, 44.48638, 48.6], [-0.43859, 44.48631, 48.6], [-0.43847, 44.4863, 49.03823231807458], [-0.43836, 44.48618, 48.899999999999984], [-0.43832, 44.48601, 48.899999999999984], [-0.43838, 44.48576, 49.3], [-0.43855, 44.4858, 49.3], [-0.43857, 44.48572, 49.3], [-0.43842, 44.48569, 49.3], [-0.43855, 44.48556, 49.300000000000004], [-0.43877, 44.48546, 49.300000000000004], [-0.4393, 44.48543, 49.7], [-0.43956, 44.48546, 49.350000000000016], [-0.43973, 44.48552, 49.1], [-0.43965, 44.4855, 49.1], [-0.43962, 44.48556, 49.1], [-0.43973, 44.48563, 49.1], [-0.43981, 44.48559, 49.1], [-0.43975, 44.48553, 49.1], [-0.43987, 44.48561, 49.350000000000016], [-0.43996, 44.48573, 49.350000000000016], [-0.43999, 44.48596, 49.19809523809524], [-0.43987, 44.48621, 49.19809523809524], [-0.43965, 44.48637, 49.19809523809524], [-0.43905, 44.48649, 48.8]]]}}, {"type": "Feature", "properties": {"id_obligation": "330260000B1380", "priorite": "faible"}, "geometry": {"type": "Polygon", "coordinates": [[[-0.4384, 44.48591, 49.12499999999999], [-0.43861, 44.48576, 49.12499999999999], [-0.43901, 44.48569, 49.7], [-0.43897, 44.48579, 49.7], [-0.43909, 44.48582, 49.7], [-0.43914, 44.48569, 49.7], [-0.43921, 44.4857, 48.7], [-0.43943, 44.48578, 48.7], [-0.43963, 44.48596, 48.7], [-0.43968, 44.48613, 49.21402882831455], [-0.43966, 44.48637, 49.21402882831455], [-0.43955, 44.48653, 49.21402882831455], [-0.43932, 44.48666, 49.21402882831455], [-0.43906, 44.4867, 50.2], [-0.43909, 44.48668, 50.2], [-0.43901, 44.48663, 50.2], [-0.43893, 44.48671, 50.2], [-0.43878, 44.48669, 48.98333333333333], [-0.43856, 44.48662, 49.1], [-0.43856, 44.48654, 49.1], [-0.43845, 44.48654, 49.1], [-0.43839, 44.48648, 48.98333333333333], [-0.43831, 44.48631, 48.791666666666664], [-0.43831, 44.48611, 48.791666666666664], [-0.4384, 44.48591, 49.12499999999999]]]}}, {"type": "Feature", "properties": {"id_obligation": "330260000B1381", "priorite": "faible"}, "geometry": {"type": "Polygon", "coordinates": [[[-0.43957, 44.48677, 49.18333333333334], [-0.43935, 44.48692, 49.18333333333334], [-0.43914, 44.48699, 50.2], [-0.43884, 44.48699, 50.2], [-0.43857, 44.48689, 49.06666666666666], [-0.43837, 44.48671, 49.06666666666666], [-0.43831, 44.48653, 48.76666666666668], [-0.43833, 44.48631, 48.76666666666668], [-0.43844, 44.48615, 48.899999999999984], [-0.43858, 44.48612, 48.9], [-0.43856, 44.48606, 48.9], [-0.4387, 44.48599, 48.899999999999984], [-0.43899, 44.48593, 49.6], [-0.43894, 44.48601, 49.6], [-0.43905, 44.48604, 49.6], [-0.43909, 44.48593, 49.6], [-0.43918, 44.48594, 49.85], [-0.4394, 44.48602, 48.7], [-0.43962, 44.48621, 48.7], [-0.43969, 44.48638, 49.18333333333334], [-0.43969, 44.48657, 49.18333333333334], [-0.43957, 44.48677, 49.18333333333334]]]}}, {"type": "Feature", "properties": {"id_obligation": "330260000B1382", "priorite": "faible"}, "geometry": {"type": "Polygon", "coordinates": [[[-0.43891, 44.48619, 49.33846153846154], [-0.43894, 44.48626, 50.2], [-0.43906, 44.48625, 50.2], [-0.43905, 44.48618, 50.2], [-0.4391, 44.48619, 49.33846153846154], [-0.43939, 44.48628, 49.24628205128205], [-0.43963, 44.48645, 49.24628205128205], [-0.43971, 44.48661, 49.24628205128205], [-0.43968, 44.48683, 49.24628205128205], [-0.43949, 44.48704, 49.24628205128205], [-0.43931, 44.48716, 49.24628205128205], [-0.43908, 44.48722, 49.24628205128205], [-0.43884, 44.48722, 49.24628205128205], [-0.43861, 44.48714, 49.24628205128205], [-0.43837, 44.48697, 49.24628205128205], [-0.43828, 44.48681, 49.08], [-0.43829, 44.48664, 49.08], [-0.43844, 44.48642, 48.52772513076387], [-0.43857, 44.48643, 48.6], [-0.43857, 44.48631, 48.60000000000001], [-0.43891, 44.48619, 49.33846153846154]]]}}, {"type": "Feature", "properties": {"id_obligation": "330260000B1383", "priorite": "faible"}, "geometry": {"type": "Polygon", "coordinates": [[[-0.44605, 44.49014, 50.68571428571429], [-0.44593, 44.48994, 50.7], [-0.44595, 44.48977, 50.7], [-0.44612, 44.48948, 50.61388888888889], [-0.4463, 44.48937, 50.61388888888889], [-0.44658, 44.4893, 50.61388888888889], [-0.44695, 44.48935, 50.61388888888889], [-0.44716, 44.48944, 50.61388888888889], [-0.44733, 44.48961, 50.61388888888889], [-0.44738, 44.48978, 50.23333333333332], [-0.44737, 44.48985, 50.4], [-0.44731, 44.48983, 50.4], [-0.44724, 44.48995, 50.4], [-0.44732, 44.48997, 50.4], [-0.4472, 44.49017, 51.2], [-0.44708, 44.49012, 51.2], [-0.44706, 44.49017, 50.6], [-0.44695, 44.49014, 50.7], [-0.44691, 44.49023, 50.7], [-0.44706, 44.49027, 50.7], [-0.44675, 44.49036, 50.7], [-0.4465, 44.49035, 50.7], [-0.44622, 44.49026, 50.68571428571429], [-0.44605, 44.49014, 50.68571428571429]]]}}, {"type": "Feature", "properties": {"id_obligation": "330260000B1384", "priorite": "faible"}, "geometry": {"type": "Polygon", "coordinates": [[[-0.44669, 44.48928, 50.25630952380953], [-0.44697, 44.48921, 50.25630952380953], [-0.44721, 44.48923, 50.25630952380953], [-0.44755, 44.48933, 48.58], [-0.44776, 44.4895, 48.58], [-0.44784, 44.48966, 50.83749999999999], [-0.44781, 44.48984, 50.83749999999999], [-0.44769, 44.49004, 50.4], [-0.44746, 44.49019, 50.4], [-0.44722, 44.49024, 50.79], [-0.44716, 44.49024, 50.57259163340221], [-0.4472, 44.49015, 51.2], [-0.44708, 44.49012, 51.2], [-0.44706, 44.49017, 50.6], [-0.44695, 44.49014, 50.7], [-0.44693, 44.4902, 50.7], [-0.44663, 44.4901, 50.72], [-0.44646, 44.48998, 50.72], [-0.44637, 44.48981, 50.4], [-0.44637, 44.48964, 50.4], [-0.44648, 44.48944, 50.25630952380953], [-0.44669, 44.48928, 50.25630952380953]]]}}, {"type": "Feature", "properties": {"id_obligation": "330260000B1385", "priorite": "faible"}, "geometry": {"type": "Polygon", "coordinates": [[[-0.44584, 44.49041, 50.598333333333336], [-0.44573, 44.49021, 50.598333333333336], [-0.44575, 44.49003, 50.598333333333336], [-0.44591, 44.48974, 50.598333333333336], [-0.44607, 44.48962, 50.598333333333336], [-0.44635, 44.48953, 50.4], [-0.44659, 44.48954, 50.4], [-0.44688, 44.48963, 50.06666666666666], [-0.44705, 44.48976, 50.06666666666666], [-0.44714, 44.48997, 51.0], [-0.44712, 44.49013, 51.2], [-0.44706, 44.49017, 50.6], [-0.44695, 44.49014, 50.7], [-0.44691, 44.49023, 50.7], [-0.44705, 44.49026, 50.7], [-0.44694, 44.49043, 50.866666666666674], [-0.44676, 44.49055, 50.598333333333336], [-0.44652, 44.49061, 50.598333333333336], [-0.44627, 44.4906, 50.598333333333336], [-0.44602, 44.49053, 50.598333333333336], [-0.44584, 44.49041, 50.598333333333336]]]}}, {"type": "Feature", "properties": {"id_obligation": "330260000B1387", "priorite": "faible"}, "geometry": {"type": "MultiPolygon", "coordinates": [[[[-0.44855, 44.48811, 48.631666666666675], [-0.44871, 44.48823, 48.631666666666675], [-0.4488, 44.48839, 48.631666666666675], [-0.44879, 44.4886, 48.631666666666675], [-0.44867, 44.48879, 48.631666666666675], [-0.44844, 44.48894, 48.631666666666675], [-0.4482, 44.48899, 50.300000000000004], [-0.44788, 44.48897, 50.300000000000004], [-0.44752, 44.48883, 49.1], [-0.44758, 44.48877, 49.1], [-0.44743, 44.48875, 49.1], [-0.4474, 44.48871, 48.7], [-0.4475, 44.4887, 48.7], [-0.44754, 44.48864, 48.7], [-0.44734, 44.48856, 47.8], [-0.44737, 44.48836, 47.65833333333333], [-0.44741, 44.4883, 47.0], [-0.44755, 44.48833, 47.0], [-0.44758, 44.48825, 47.0], [-0.44747, 44.48821, 47.0], [-0.44775, 44.48802, 48.631666666666675], [-0.448, 44.48798, 48.631666666666675], [-0.44831, 44.48802, 48.631666666666675], [-0.44855, 44.48811, 48.631666666666675]]], [[[-0.44737, 44.48866, 48.57095755341841], [-0.44739, 44.48867, 48.7], [-0.44738, 44.48867, 47.65833333333333], [-0.44737, 44.48866, 48.57095755341841]]]]}}, {"type": "Feature", "properties": {"id_obligation": "330260000B1389", "priorite": "faible"}, "geometry": {"type": "Polygon", "coordinates": [[[-0.4473, 44.48864, 48.18866814543681], [-0.44742, 44.48871, 48.7], [-0.4475, 44.4887, 48.7], [-0.44754, 44.48864, 48.7], [-0.44736, 44.48857, 47.8], [-0.44742, 44.48851, 48.033333333333324], [-0.4476, 44.48842, 47.1], [-0.44758, 44.48847, 47.1], [-0.44767, 44.48847, 47.1], [-0.44771, 44.48838, 49.055555555555564], [-0.44796, 44.48834, 49.055555555555564], [-0.44821, 44.48837, 49.3], [-0.44841, 44.48847, 49.3], [-0.44861, 44.4887, 49.1], [-0.44865, 44.48887, 49.1], [-0.44858, 44.4891, 49.63333333333333], [-0.44846, 44.48925, 49.63333333333333], [-0.44839, 44.4893, 50.4], [-0.44829, 44.48927, 50.4], [-0.44822, 44.48938, 49.63333333333333], [-0.44798, 44.48941, 49.52727272727273], [-0.44763, 44.48935, 48.84285714285714], [-0.44742, 44.48925, 48.84285714285714], [-0.44727, 44.48906, 49.03333333333333], [-0.44725, 44.48884, 49.03333333333333], [-0.4473, 44.48864, 48.18866814543681]]]}}, {"type": "Feature", "properties": {"id_obligation": "330260000B1393", "priorite": "moyenne"}, "geometry": {"type": "Polygon", "coordinates": [[[-0.44571, 44.49153, 52.5], [-0.44588, 44.49145, 52.71333333333333], [-0.44587, 44.4915, 52.4], [-0.44609, 44.49154, 52.4], [-0.44612, 44.49146, 52.4], [-0.44594, 44.49143, 52.749999999999986], [-0.44619, 44.49141, 52.749999999999986], [-0.44658, 44.49148, 53.32000000000001], [-0.44679, 44.49161, 53.6], [-0.4467, 44.49167, 53.6], [-0.44677, 44.49173, 53.8], [-0.44685, 44.49168, 53.8], [-0.44689, 44.49176, 52.963636363636354], [-0.4469, 44.49194, 52.963636363636354], [-0.44683, 44.49215, 54.972727272727276], [-0.44672, 44.49226, 55.0], [-0.44659, 44.49224, 56.1], [-0.44657, 44.49235, 55.33342203546809], [-0.44642, 44.4924, 53.81038961038962], [-0.44618, 44.49241, 53.81038961038962], [-0.44585, 44.49235, 53.81038961038962], [-0.44564, 44.49225, 53.81038961038962], [-0.44551, 44.49209, 54.33636363636364], [-0.44548, 44.49197, 54.02774486779132], [-0.44556, 44.49198, 54.1], [-0.44561, 44.49183, 54.1], [-0.4455, 44.49181, 54.011384289476496], [-0.44571, 44.49153, 52.5]]]}}, {"type": "Feature", "properties": {"id_obligation": "330260000B1394", "priorite": "moyenne"}, "geometry": {"type": "Polygon", "coordinates": [[[-0.44651, 44.49163, 53.1], [-0.44631, 44.49156, 53.1], [-0.44629, 44.49163, 53.1], [-0.44647, 44.49169, 53.1], [-0.44653, 44.49165, 53.1], [-0.44659, 44.49191, 53.46666666666667], [-0.44648, 44.49216, 54.3], [-0.44627, 44.49231, 54.3], [-0.44599, 44.49238, 53.45891156462586], [-0.44563, 44.49234, 53.45891156462586], [-0.4454, 44.49227, 53.45891156462586], [-0.44523, 44.49215, 53.45891156462586], [-0.44514, 44.49199, 53.78000000000001], [-0.44513, 44.49177, 53.5], [-0.44533, 44.4918, 53.5], [-0.44535, 44.49172, 53.5], [-0.44515, 44.49168, 53.5], [-0.44523, 44.49151, 52.38571428571429], [-0.44544, 44.49135, 52.38571428571429], [-0.44573, 44.49128, 52.42999999999999], [-0.44604, 44.49131, 52.42999999999999], [-0.44625, 44.4914, 53.15], [-0.44651, 44.49163, 53.1]]]}}, {"type": "Feature", "properties": {"id_obligation": "330260000B1398", "priorite": "faible"}, "geometry": {"type": "MultiPolygon", "coordinates": [[[[-0.44385, 44.48827, 50.341666666666676], [-0.44418, 44.48833, 48.89999999999999], [-0.44437, 44.48844, 48.89999999999999], [-0.44449, 44.48859, 51.11428571428571], [-0.44453, 44.48877, 51.0], [-0.44441, 44.48875, 51.0], [-0.44435, 44.48885, 51.0], [-0.4445, 44.48888, 51.0], [-0.44442, 44.48904, 51.39999999999999], [-0.44427, 44.48918, 51.39999999999999], [-0.44406, 44.48927, 51.256972789115636], [-0.44382, 44.48929, 51.256972789115636], [-0.44343, 44.48922, 53.02857142857142], [-0.44316, 44.48903, 52.4], [-0.44321, 44.48904, 52.4], [-0.44322, 44.489, 53.5], [-0.44338, 44.48903, 53.5], [-0.4434, 44.48898, 53.5], [-0.4431, 44.48893, 52.4], [-0.44308, 44.48876, 51.61428571428571], [-0.44314, 44.48879, 51.1], [-0.44315, 44.48874, 51.1], [-0.44309, 44.48873, 50.7], [-0.44318, 44.48852, 51.256972789115636], [-0.44334, 44.48839, 51.256972789115636], [-0.4436, 44.48829, 50.341666666666676], [-0.44385, 44.48827, 50.341666666666676]]], [[[-0.44313, 44.48899, 52.4], [-0.44315, 44.48899, 52.4], [-0.44314, 44.48901, 53.02857142857142], [-0.44313, 44.48899, 52.4]]]]}}, {"type": "Feature", "properties": {"id_obligation": "330260000B1405", "priorite": "faible"}, "geometry": {"type": "Polygon", "coordinates": [[[-0.43612, 44.48415, 52.154545454545456], [-0.43588, 44.48415, 52.154545454545456], [-0.43554, 44.48405, 51.843421459492866], [-0.43537, 44.48394, 51.843421459492866], [-0.43513, 44.48368, 50.73333333333332], [-0.43506, 44.48347, 50.73333333333332], [-0.43524, 44.48314, 51.685714285714276], [-0.43524, 44.48319, 52.0], [-0.43537, 44.48321, 52.0], [-0.43541, 44.48306, 52.0], [-0.43537, 44.48305, 52.0], [-0.4356, 44.48299, 52.1375], [-0.4359, 44.483, 52.1375], [-0.43643, 44.48318, 51.843421459492866], [-0.43662, 44.4833, 51.74285714285713], [-0.43675, 44.4835, 51.74285714285713], [-0.43674, 44.48368, 51.74285714285713], [-0.4366, 44.4839, 52.9], [-0.4364, 44.48405, 52.9], [-0.43612, 44.48415, 52.154545454545456]]]}}, {"type": "Feature", "properties": {"id_obligation": "330260000B1406", "priorite": "faible"}, "geometry": {"type": "Polygon", "coordinates": [[[-0.43648, 44.48343, 51.53333333333333], [-0.43648, 44.48368, 52.499999999999986], [-0.43631, 44.48388, 52.499999999999986], [-0.43604, 44.484, 52.499999999999986], [-0.43573, 44.484, 51.8], [-0.43522, 44.48386, 51.74041666666667], [-0.43502, 44.48374, 51.74041666666667], [-0.4349, 44.48358, 50.9], [-0.43487, 44.4834, 50.9], [-0.43492, 44.48326, 51.5], [-0.43496, 44.48328, 51.5], [-0.43496, 44.48319, 51.64], [-0.43513, 44.48305, 51.64], [-0.43535, 44.48296, 51.64], [-0.43566, 44.48295, 52.15], [-0.43594, 44.48301, 52.3], [-0.43633, 44.48324, 51.53333333333333], [-0.43648, 44.48343, 51.53333333333333]]]}}, {"type": "Feature", "properties": {"id_obligation": "330260000B1410", "priorite": "faible"}, "geometry": {"type": "MultiPolygon", "coordinates": [[[[-0.44534, 44.4894, 50.9], [-0.44531, 44.48965, 50.949999999999996], [-0.44529, 44.4897, 50.8], [-0.44522, 44.4897, 50.8], [-0.44524, 44.48963, 50.9], [-0.44513, 44.48962, 50.9], [-0.44511, 44.4897, 50.9], [-0.44517, 44.48971, 50.9], [-0.4451, 44.48981, 50.9], [-0.44522, 44.48982, 50.9], [-0.44505, 44.48995, 50.949999999999996], [-0.44482, 44.49002, 51.74285714285715], [-0.44454, 44.49002, 51.74285714285715], [-0.44423, 44.48992, 51.4], [-0.44427, 44.48976, 51.4], [-0.4442, 44.48976, 51.4], [-0.44418, 44.48989, 51.4], [-0.44407, 44.4898, 51.684615384615384], [-0.44401, 44.48974, 52.50016851401032], [-0.44408, 44.48975, 51.9], [-0.44411, 44.48967, 51.9], [-0.44403, 44.48966, 52.6], [-0.44401, 44.48972, 52.6], [-0.44396, 44.48962, 51.7], [-0.44404, 44.48963, 51.7], [-0.44411, 44.48944, 54.1], [-0.44399, 44.48945, 51.7], [-0.44395, 44.48956, 51.7], [-0.44398, 44.48936, 52.436363636363645], [-0.44407, 44.48919, 51.44], [-0.44423, 44.48907, 51.4], [-0.44435, 44.48909, 51.4], [-0.44446, 44.48899, 51.066666666666656], [-0.44479, 44.48899, 51.066666666666656], [-0.44507, 44.48908, 50.6], [-0.44525, 44.48923, 50.6], [-0.44534, 44.4894, 50.9]]], [[[-0.44523, 44.48981, 50.9], [-0.44524, 44.48977, 50.9], [-0.44525, 44.48978, 50.949999999999996], [-0.44523, 44.48981, 50.9]]]]}}, {"type": "Feature", "properties": {"id_obligation": "330260000B1412", "priorite": "faible"}, "geometry": {"type": "Polygon", "coordinates": [[[-0.44382, 44.48978, 52.12941176470587], [-0.44386, 44.48955, 52.866666666666674], [-0.44399, 44.48939, 52.866666666666674], [-0.44418, 44.48928, 52.866666666666674], [-0.4443, 44.48925, 51.5], [-0.44429, 44.48929, 51.5], [-0.44436, 44.4893, 51.5], [-0.44438, 44.48924, 51.5], [-0.44444, 44.48924, 52.23838879193678], [-0.4444, 44.48933, 51.9], [-0.44452, 44.48935, 52.4], [-0.44455, 44.48924, 52.4], [-0.44483, 44.48928, 51.98304971988796], [-0.44505, 44.48937, 51.98304971988796], [-0.4452, 44.48952, 51.98304971988796], [-0.44524, 44.4896, 51.00625], [-0.44524, 44.48963, 50.9], [-0.44513, 44.48962, 50.9], [-0.44511, 44.4897, 50.9], [-0.44517, 44.48971, 50.9], [-0.4451, 44.48981, 50.9], [-0.44522, 44.48983, 50.9], [-0.44525, 44.48977, 50.9], [-0.44519, 44.48995, 51.98304971988796], [-0.44505, 44.49011, 51.98304971988796], [-0.44484, 44.49021, 52.06666666666667], [-0.44459, 44.49024, 52.06666666666667], [-0.44428, 44.4902, 52.35000000000001], [-0.44407, 44.49012, 52.35000000000001], [-0.44388, 44.48994, 52.35000000000001], [-0.44382, 44.48978, 52.12941176470587]]]}}, {"type": "Feature", "properties": {"id_obligation": "330260000B1413", "priorite": "faible"}, "geometry": {"type": "Polygon", "coordinates": [[[-0.44426, 44.48931, 53.620000000000005], [-0.44456, 44.48937, 51.800000000000004], [-0.44475, 44.48948, 51.800000000000004], [-0.44487, 44.48963, 51.71111111111112], [-0.44489, 44.48969, 51.52818544395701], [-0.44484, 44.48968, 51.2], [-0.4448, 44.48981, 51.1], [-0.44488, 44.48982, 51.7], [-0.44481, 44.4901, 52.160000000000004], [-0.44467, 44.49025, 52.160000000000004], [-0.4444, 44.49036, 53.55], [-0.44398, 44.49039, 54.0], [-0.44396, 44.49035, 54.0], [-0.44392, 44.49039, 54.0], [-0.44366, 44.49035, 52.621457431457436], [-0.44341, 44.49022, 52.621457431457436], [-0.44327, 44.49003, 52.621457431457436], [-0.44327, 44.48981, 52.621457431457436], [-0.44342, 44.48954, 53.5], [-0.44352, 44.48946, 53.5], [-0.44372, 44.48949, 53.5], [-0.44374, 44.48943, 53.5], [-0.44363, 44.48941, 53.5], [-0.44426, 44.48931, 53.620000000000005]]]}}, {"type": "Feature", "properties": {"id_obligation": "330260000B1414", "priorite": "faible"}, "geometry": {"type": "Polygon", "coordinates": [[[-0.44468, 44.48989, 51.583333333333336], [-0.44456, 44.49004, 51.583333333333336], [-0.44431, 44.49017, 51.583333333333336], [-0.44407, 44.4902, 52.42857142857144], [-0.44402, 44.4902, 53.1], [-0.44406, 44.49009, 53.1], [-0.44392, 44.49007, 53.1], [-0.44388, 44.49018, 53.1], [-0.44355, 44.49005, 52.284024859943976], [-0.44334, 44.48976, 53.5], [-0.44331, 44.48959, 53.5], [-0.4434, 44.48929, 53.5], [-0.44354, 44.48914, 53.5], [-0.44374, 44.48904, 53.5], [-0.44408, 44.48898, 51.4], [-0.44424, 44.489, 51.4], [-0.44423, 44.48907, 51.4], [-0.44435, 44.48909, 51.4], [-0.44441, 44.48904, 51.4], [-0.44462, 44.48917, 51.624999999999986], [-0.44472, 44.48934, 51.624999999999986], [-0.44468, 44.48989, 51.583333333333336]]]}}, {"type": "Feature", "properties": {"id_obligation": "330260000B1418", "priorite": "faible"}, "geometry": {"type": "MultiPolygon", "coordinates": [[[[-0.44313, 44.48804, 50.89097116119176], [-0.44339, 44.48792, 50.05], [-0.44364, 44.48789, 49.3], [-0.44362, 44.48793, 49.3], [-0.44395, 44.48799, 49.2], [-0.444, 44.48795, 49.99999999999999], [-0.44418, 44.48807, 49.99999999999999], [-0.44429, 44.48823, 49.79375000000001], [-0.44432, 44.4885, 49.79375000000001], [-0.44426, 44.48867, 52.4], [-0.4441, 44.48881, 52.4], [-0.44387, 44.4889, 52.4], [-0.44353, 44.48892, 52.4], [-0.4433, 44.48887, 51.429411764705875], [-0.44314, 44.48878, 51.1], [-0.443, 44.4886, 51.429411764705875], [-0.44296, 44.48838, 50.89097116119176], [-0.44301, 44.4882, 50.89097116119176], [-0.44313, 44.48804, 50.89097116119176]]], [[[-0.44387, 44.48795, 49.1], [-0.44381, 44.48793, 49.3], [-0.44382, 44.4879, 49.3], [-0.44387, 44.48795, 49.1]]]]}}, {"type": "Feature", "properties": {"id_obligation": "330260000B1423", "priorite": "faible"}, "geometry": {"type": "Polygon", "coordinates": [[[-0.44334, 44.4888, 51.9], [-0.44337, 44.48871, 51.9], [-0.44324, 44.4887, 51.9], [-0.44318, 44.48859, 49.8], [-0.44318, 44.48842, 49.8], [-0.44329, 44.48818, 50.46753170289855], [-0.44352, 44.48802, 50.46753170289855], [-0.44375, 44.48797, 49.695833333333326], [-0.444, 44.48798, 49.695833333333326], [-0.44435, 44.48808, 49.3], [-0.44452, 44.4882, 49.3], [-0.44463, 44.4884, 49.008333333333326], [-0.44461, 44.48857, 49.008333333333326], [-0.44451, 44.48876, 51.22608695652174], [-0.44441, 44.48875, 51.0], [-0.44435, 44.48885, 51.0], [-0.44439, 44.48886, 51.0], [-0.44411, 44.48897, 52.39999999999999], [-0.44386, 44.48897, 52.39999999999999], [-0.44356, 44.48891, 51.89999999999999], [-0.44334, 44.4888, 51.9]]]}}, {"type": "Feature", "properties": {"id_obligation": "330260000B1432", "priorite": "forte"}, "geometry": {"type": "Polygon", "coordinates": [[[-0.41932, 44.48784, 46.0], [-0.41942, 44.48767, 46.945], [-0.41961, 44.48755, 46.945], [-0.4199, 44.48748, 46.945], [-0.42015, 44.48749, 46.945], [-0.42037, 44.48757, 46.945], [-0.42053, 44.4877, 46.945], [-0.42064, 44.48792, 46.945], [-0.42062, 44.4881, 47.6], [-0.4205, 44.48826, 47.6], [-0.4203, 44.48837, 47.6], [-0.42, 44.48843, 47.6], [-0.41976, 44.48841, 47.6], [-0.41955, 44.48832, 46.945], [-0.4194, 44.48819, 46.945], [-0.41931, 44.48802, 46.0], [-0.41932, 44.48784, 46.0]]]}}, {"type": "Feature", "properties": {"id_obligation": "330260000B1444", "priorite": "forte"}, "geometry": {"type": "Polygon", "coordinates": [[[-0.41638, 44.48368, 42.202948717948715], [-0.41666, 44.48359, 41.853846153846156], [-0.41691, 44.48359, 41.853846153846156], [-0.41744, 44.48369, 42.202948717948715], [-0.41766, 44.48385, 42.202948717948715], [-0.41775, 44.48401, 42.202948717948715], [-0.41774, 44.48419, 42.202948717948715], [-0.41762, 44.48448, 42.202948717948715], [-0.41746, 44.48461, 42.202948717948715], [-0.41719, 44.4847, 43.074999999999996], [-0.41695, 44.4847, 43.074999999999996], [-0.41643, 44.4846, 42.202948717948715], [-0.41624, 44.48449, 42.202948717948715], [-0.41613, 44.48434, 42.202948717948715], [-0.41611, 44.48416, 42.202948717948715], [-0.41618, 44.4839, 42.202948717948715], [-0.41638, 44.48368, 42.202948717948715]]]}}, {"type": "Feature", "properties": {"id_obligation": "330260000B1455", "priorite": "moyenne"}, "geometry": {"type": "Polygon", "coordinates": [[[-0.44942, 44.48932, 48.680256410256405], [-0.44919, 44.48946, 48.680256410256405], [-0.4489, 44.4895, 49.55], [-0.44858, 44.48944, 49.63461538461537], [-0.44838, 44.48934, 50.4], [-0.44843, 44.4893, 50.4], [-0.44832, 44.48927, 50.4], [-0.44824, 44.48914, 49.63461538461537], [-0.44818, 44.48884, 49.07777777777778], [-0.44827, 44.4886, 48.680256410256405], [-0.44847, 44.48843, 48.680256410256405], [-0.4487, 44.48836, 48.680256410256405], [-0.44894, 44.48835, 48.680256410256405], [-0.44923, 44.48842, 46.62222222222221], [-0.44927, 44.48848, 46.9], [-0.44944, 44.48853, 46.62222222222221], [-0.44957, 44.48868, 46.62222222222221], [-0.44961, 44.48886, 48.680256410256405], [-0.44956, 44.48908, 48.680256410256405], [-0.44942, 44.48932, 48.680256410256405]]]}}, {"type": "Feature", "properties": {"id_obligation": "330260000B1458", "priorite": "moyenne"}, "geometry": {"type": "Polygon", "coordinates": [[[-0.44928, 44.489, 48.86666666666667], [-0.44942, 44.48919, 49.13841258741259], [-0.44943, 44.48936, 49.13841258741259], [-0.44932, 44.48962, 49.13841258741259], [-0.4491, 44.48977, 49.13841258741259], [-0.44887, 44.48983, 49.13841258741259], [-0.44862, 44.48982, 49.13841258741259], [-0.44825, 44.48973, 49.13841258741259], [-0.44803, 44.48957, 49.13841258741259], [-0.44795, 44.48941, 50.213333333333324], [-0.44797, 44.48923, 50.213333333333324], [-0.44808, 44.48902, 49.074999999999996], [-0.44824, 44.48889, 49.074999999999996], [-0.44846, 44.48882, 48.5909090909091], [-0.44871, 44.48881, 48.5909090909091], [-0.44896, 44.4889, 49.1], [-0.44897, 44.48886, 49.1], [-0.44928, 44.489, 48.86666666666667]]]}}, {"type": "Feature", "properties": {"id_obligation": "330260000B1459", "priorite": "moyenne"}, "geometry": {"type": "Polygon", "coordinates": [[[-0.44791, 44.48973, 49.17777777777778], [-0.4478, 44.48958, 49.7], [-0.44778, 44.4894, 49.7], [-0.44793, 44.48921, 49.3], [-0.44789, 44.48916, 49.425000000000004], [-0.44804, 44.48903, 49.425000000000004], [-0.44826, 44.48895, 48.89166666666667], [-0.4485, 44.48893, 48.89166666666667], [-0.44881, 44.489, 47.7], [-0.44904, 44.48916, 47.7], [-0.44913, 44.48933, 49.55], [-0.44912, 44.48951, 49.55], [-0.44901, 44.4897, 49.17777777777778], [-0.44885, 44.48982, 49.17777777777778], [-0.44864, 44.4899, 49.17777777777778], [-0.4484, 44.48991, 49.17777777777778], [-0.44816, 44.48987, 49.17777777777778], [-0.44791, 44.48973, 49.17777777777778]]]}}, {"type": "Feature", "properties": {"id_obligation": "330260000B1460", "priorite": "moyenne"}, "geometry": {"type": "Polygon", "coordinates": [[[-0.44466, 44.49208, 53.45111443381181], [-0.4445, 44.49189, 54.11999999999999], [-0.44449, 44.49167, 54.11999999999999], [-0.44461, 44.49143, 52.75555555555556], [-0.4448, 44.4913, 52.33078703167196], [-0.44507, 44.49123, 52.60909090909092], [-0.44548, 44.49127, 52.60909090909092], [-0.4457, 44.49134, 52.4], [-0.44588, 44.49147, 52.4], [-0.44597, 44.49163, 53.16315789473685], [-0.44595, 44.49185, 55.0], [-0.44578, 44.49182, 55.0], [-0.44576, 44.4919, 55.5], [-0.44593, 44.49193, 55.02917351796984], [-0.44585, 44.49205, 55.333333333333336], [-0.44567, 44.49217, 55.333333333333336], [-0.44544, 44.49224, 54.05], [-0.44492, 44.49219, 53.45111443381181], [-0.44466, 44.49208, 53.45111443381181]]]}}, {"type": "Feature", "properties": {"id_obligation": "330260000B1461", "priorite": "moyenne"}, "geometry": {"type": "MultiPolygon", "coordinates": [[[[-0.446, 44.4923, 53.538508158508165], [-0.44574, 44.49241, 53.538508158508165], [-0.44544, 44.49242, 53.538508158508165], [-0.44509, 44.49233, 53.538508158508165], [-0.44492, 44.49221, 53.538508158508165], [-0.44482, 44.492, 54.1], [-0.44488, 44.4917, 54.4], [-0.44495, 44.49172, 54.4], [-0.445, 44.49161, 54.4], [-0.44493, 44.4916, 54.4], [-0.44496, 44.49156, 53.18181818181818], [-0.44514, 44.49144, 52.5], [-0.44523, 44.49145, 52.9], [-0.44537, 44.49137, 52.5], [-0.44589, 44.49143, 52.4], [-0.44587, 44.4915, 52.4], [-0.44609, 44.49154, 52.4], [-0.44621, 44.4917, 55.080000000000005], [-0.44623, 44.49187, 55.5], [-0.44613, 44.49186, 55.5], [-0.4461, 44.49194, 56.1], [-0.44621, 44.49196, 55.669477954671436], [-0.44616, 44.49211, 53.538508158508165], [-0.446, 44.4923, 53.538508158508165]]], [[[-0.44488, 44.49168, 53.18181818181818], [-0.44491, 44.49164, 54.4], [-0.44488, 44.4917, 54.4], [-0.44488, 44.49168, 53.18181818181818]]]]}}, {"type": "Feature", "properties": {"id_obligation": "330260000B1463", "priorite": "moyenne"}, "geometry": {"type": "Polygon", "coordinates": [[[-0.44783, 44.49234, 53.0], [-0.44754, 44.49238, 53.0], [-0.44716, 44.49231, 52.6], [-0.44691, 44.49211, 52.6], [-0.44686, 44.49186, 52.41052631578948], [-0.44694, 44.49165, 52.41052631578948], [-0.44724, 44.49142, 52.150000000000006], [-0.44747, 44.49141, 52.1], [-0.4475, 44.4913, 52.1], [-0.44741, 44.4913, 52.21701439962673], [-0.44758, 44.4912, 51.400000000000006], [-0.44788, 44.49114, 51.400000000000006], [-0.4481, 44.4912, 50.2], [-0.44812, 44.49116, 50.712908927565586], [-0.44838, 44.49126, 50.88695652173915], [-0.44854, 44.4914, 50.88695652173915], [-0.44863, 44.49167, 52.247826086956536], [-0.4486, 44.49185, 52.247826086956536], [-0.44847, 44.492, 52.06310409175112], [-0.44783, 44.49234, 53.0]]]}}, {"type": "Feature", "properties": {"id_obligation": "330260000B1465", "priorite": "moyenne"}, "geometry": {"type": "Polygon", "coordinates": [[[-0.44757, 44.4926, 52.298049242424256], [-0.44728, 44.49252, 52.298049242424256], [-0.44711, 44.4924, 52.298049242424256], [-0.44695, 44.49216, 52.60000000000001], [-0.44696, 44.49194, 52.60000000000001], [-0.44708, 44.49178, 52.298049242424256], [-0.44726, 44.49167, 52.298049242424256], [-0.44762, 44.49155, 51.893333333333345], [-0.44792, 44.49156, 51.893333333333345], [-0.44814, 44.49164, 52.186363636363645], [-0.44817, 44.49167, 50.7], [-0.44813, 44.4917, 50.7], [-0.44819, 44.49168, 50.7], [-0.44826, 44.49174, 52.186363636363645], [-0.44828, 44.49184, 53.3], [-0.44834, 44.49184, 53.25439853683448], [-0.44842, 44.49198, 52.298049242424256], [-0.44842, 44.49216, 52.298049242424256], [-0.44833, 44.49232, 52.298049242424256], [-0.44816, 44.49245, 52.298049242424256], [-0.44788, 44.49256, 52.298049242424256], [-0.44757, 44.4926, 52.298049242424256]]]}}, {"type": "Feature", "properties": {"id_obligation": "330260000B1482", "priorite": "faible"}, "geometry": {"type": "MultiPolygon", "coordinates": [[[[-0.44554, 44.4875, 47.9], [-0.44545, 44.48749, 47.9], [-0.44544, 44.48758, 47.9], [-0.44523, 44.48766, 47.609677419354824], [-0.44483, 44.48772, 47.609677419354824], [-0.4445, 44.48766, 47.1], [-0.44422, 44.48743, 47.1], [-0.44419, 44.48718, 46.433938418864756], [-0.44433, 44.48711, 47.1], [-0.44455, 44.48709, 48.4], [-0.44451, 44.48729, 48.4], [-0.44457, 44.4873, 48.4], [-0.4447, 44.48698, 48.4], [-0.44429, 44.48694, 47.5], [-0.44432, 44.48688, -477.5], [-0.44448, 44.48674, 45.0], [-0.44475, 44.48665, 53.899999999999984], [-0.44487, 44.48664, 53.9], [-0.44482, 44.48679, 53.9], [-0.44493, 44.48681, 53.9], [-0.44499, 44.48666, 53.9], [-0.44536, 44.48673, -17.18293534422567], [-0.44555, 44.48684, -17.18293534422567], [-0.44567, 44.48699, 48.25714285714285], [-0.4457, 44.48716, 46.9], [-0.44554, 44.4875, 47.9]]], [[[-0.44428, 44.48702, 47.5], [-0.44435, 44.48703, 47.5], [-0.44434, 44.48707, 47.5], [-0.44421, 44.48711, 47.1], [-0.44428, 44.48696, 47.369696969696975], [-0.44429, 44.48694, 47.5], [-0.44428, 44.48702, 47.5]]]]}}, {"type": "Feature", "properties": {"id_obligation": "330260000B1484", "priorite": "faible"}, "geometry": {"type": "MultiPolygon", "coordinates": [[[[-0.4455, 44.48779, 48.55914115646259], [-0.4453, 44.48797, 48.55914115646259], [-0.44503, 44.48805, 48.55914115646259], [-0.44469, 44.48805, 48.55914115646259], [-0.44444, 44.48799, 50.800000000000004], [-0.44425, 44.48787, 50.800000000000004], [-0.44431, 44.48767, 51.3], [-0.44416, 44.48764, 48.8], [-0.44415, 44.48774, 50.800000000000004], [-0.44405, 44.48757, 50.05], [-0.44405, 44.48739, 50.05], [-0.44413, 44.48722, 46.588125025617245], [-0.44417, 44.48729, 46.4], [-0.44422, 44.48718, 46.4], [-0.44416, 44.48717, 46.473572105421894], [-0.44418, 44.48715, 47.1], [-0.44446, 44.48711, 47.5], [-0.44447, 44.48708, 47.5], [-0.44457, 44.48712, 48.4], [-0.44451, 44.48729, 48.4], [-0.44457, 44.4873, 48.4], [-0.4447, 44.48698, 48.4], [-0.44451, 44.48696, 47.57663741848561], [-0.44491, 44.48691, 47.724999999999994], [-0.44522, 44.48697, 48.3], [-0.4452, 44.48701, 48.3], [-0.44539, 44.48705, 48.3], [-0.44548, 44.48712, 48.41428571428571], [-0.4456, 44.48742, 48.0642857142857], [-0.44558, 44.48751, 47.9], [-0.44545, 44.48749, 47.9], [-0.44543, 44.48757, 47.9], [-0.44557, 44.48756, 47.9], [-0.4455, 44.48779, 48.55914115646259]]], [[[-0.44432, 44.48703, 47.26666666666667], [-0.44435, 44.48703, 47.5], [-0.44434, 44.48707, 47.1], [-0.44423, 44.48709, 47.26666666666667], [-0.44432, 44.48703, 47.26666666666667]]]]}}, {"type": "Feature", "properties": {"id_obligation": "330260000B1491", "priorite": "faible"}, "geometry": {"type": "Polygon", "coordinates": [[[-0.43947, 44.48523, 49.70476190476191], [-0.4393, 44.48504, 49.70476190476191], [-0.43928, 44.48482, 49.70476190476191], [-0.43941, 44.48457, 49.70476190476191], [-0.43958, 44.48445, 49.70476190476191], [-0.43987, 44.48437, 49.70476190476191], [-0.44011, 44.48438, 49.70476190476191], [-0.44043, 44.48447, 49.70476190476191], [-0.44064, 44.48463, 49.70476190476191], [-0.44072, 44.48479, 54.5], [-0.44072, 44.48496, 54.5], [-0.44061, 44.48516, 47.6], [-0.44045, 44.48529, 47.6], [-0.44022, 44.48537, 49.70476190476191], [-0.43998, 44.48538, 49.70476190476191], [-0.43973, 44.48534, 49.70476190476191], [-0.43947, 44.48523, 49.70476190476191]]]}}, {"type": "Feature", "properties": {"id_obligation": "330260000B1498", "priorite": "moyenne"}, "geometry": {"type": "Polygon", "coordinates": [[[-0.43802, 44.48282, 52.10773809523808], [-0.43813, 44.48303, 52.10773809523808], [-0.4381, 44.4832, 52.10773809523808], [-0.43796, 44.4834, 52.10773809523808], [-0.43776, 44.48351, 52.10773809523808], [-0.43746, 44.48356, 52.4], [-0.43721, 44.48351, 52.775], [-0.43692, 44.48339, 52.775], [-0.43678, 44.48325, 51.79999999999999], [-0.43672, 44.48308, 51.79999999999999], [-0.43676, 44.4829, 51.8], [-0.43691, 44.48273, 51.8], [-0.43711, 44.48262, 51.8], [-0.43735, 44.48258, 51.8], [-0.43784, 44.48269, 52.10773809523808], [-0.43802, 44.48282, 52.10773809523808]]]}}, {"type": "Feature", "properties": {"id_obligation": "330260000B1501", "priorite": "faible"}, "geometry": {"type": "Polygon", "coordinates": [[[-0.43687, 44.48282, 51.8], [-0.43714, 44.48272, 51.77777777777778], [-0.43744, 44.48272, 51.77777777777778], [-0.43772, 44.48282, 52.326195286195286], [-0.43791, 44.48299, 52.326195286195286], [-0.43797, 44.48315, 52.326195286195286], [-0.43794, 44.48332, 52.326195286195286], [-0.43781, 44.48353, 52.326195286195286], [-0.43762, 44.48365, 52.326195286195286], [-0.43739, 44.48371, 53.3], [-0.43703, 44.48367, 52.01340835079055], [-0.43707, 44.48355, 52.4], [-0.43695, 44.48349, 52.3], [-0.43691, 44.48363, 52.4], [-0.43685, 44.4836, 52.27272727272726], [-0.43668, 44.48347, 52.27272727272726], [-0.4366, 44.4833, 52.51666666666667], [-0.43662, 44.48312, 52.51666666666667], [-0.43687, 44.48282, 51.8]]]}}, {"type": "Feature", "properties": {"id_obligation": "330260000B1502", "priorite": "moyenne"}, "geometry": {"type": "Polygon", "coordinates": [[[-0.43749, 44.4836, 52.18091228070175], [-0.43721, 44.48367, 52.50666666666665], [-0.43703, 44.48367, 52.083691831935646], [-0.43707, 44.48355, 52.4], [-0.43701, 44.4835, 52.3], [-0.43693, 44.48352, 52.4], [-0.43691, 44.48363, 52.4], [-0.43697, 44.48366, 52.06694551799603], [-0.43664, 44.48354, 52.4], [-0.43646, 44.48337, 52.4], [-0.43641, 44.4832, 52.18091228070175], [-0.43645, 44.48303, 52.18091228070175], [-0.43659, 44.48283, 52.18091228070175], [-0.43678, 44.48272, 52.18091228070175], [-0.43702, 44.48266, 51.800000000000004], [-0.43727, 44.48268, 51.800000000000004], [-0.43759, 44.4828, 52.18091228070175], [-0.43775, 44.48293, 52.18091228070175], [-0.43782, 44.4831, 51.94], [-0.4377, 44.48344, 52.18091228070175], [-0.43749, 44.4836, 52.18091228070175]]]}}, {"type": "Feature", "properties": {"id_obligation": "330260000B1503", "priorite": "faible"}, "geometry": {"type": "Polygon", "coordinates": [[[-0.44468, 44.48858, 49.4], [-0.44462, 44.48857, 49.4], [-0.44459, 44.48864, 49.17058823529411], [-0.44432, 44.48873, 51.1], [-0.44408, 44.48873, 51.1], [-0.44369, 44.48864, 50.23333333333333], [-0.44347, 44.48851, 50.23333333333333], [-0.44334, 44.48832, 50.26666666666667], [-0.44334, 44.48815, 50.26666666666667], [-0.44344, 44.48795, -606.5124999999999], [-0.44369, 44.48778, -606.5124999999999], [-0.44392, 44.48771, 50.13636363636363], [-0.44416, 44.48773, 51.3], [-0.44414, 44.48779, 51.3], [-0.44407, 44.48777, 51.3], [-0.44405, 44.48784, 51.3], [-0.44412, 44.48785, 51.3], [-0.44404, 44.48798, 50.8], [-0.44417, 44.48801, 51.3], [-0.44428, 44.48774, 51.3], [-0.44455, 44.48781, -43.70168544690602], [-0.44474, 44.48793, -43.70168544690602], [-0.44486, 44.48813, -43.70168544690602], [-0.44485, 44.48831, -43.70168544690602], [-0.44468, 44.48858, 49.4]]]}}, {"type": "Feature", "properties": {"id_obligation": "330260000B1504", "priorite": "faible"}, "geometry": {"type": "Polygon", "coordinates": [[[-0.44446, 44.48804, 50.059999999999995], [-0.44447, 44.48822, 50.059999999999995], [-0.44437, 44.48845, -37.32466666666664], [-0.4442, 44.48858, -37.32466666666664], [-0.44398, 44.48866, 50.341666666666676], [-0.44373, 44.48866, 50.341666666666676], [-0.44337, 44.48859, -37.32466666666664], [-0.44314, 44.48846, -37.32466666666664], [-0.44303, 44.4883, -37.32466666666664], [-0.44302, 44.48813, -37.32466666666664], [-0.44311, 44.48789, -37.32466666666664], [-0.4433, 44.48772, -37.32466666666664], [-0.44365, 44.48763, -387.9333333333332], [-0.44404, 44.48769, 51.041666666666664], [-0.44415, 44.48774, 51.3], [-0.44414, 44.48779, 51.3], [-0.44407, 44.48777, 51.3], [-0.44405, 44.48784, 51.3], [-0.44412, 44.48785, 51.3], [-0.44404, 44.48798, 50.8], [-0.44417, 44.48801, 51.3], [-0.44425, 44.48781, 51.3], [-0.44446, 44.48804, 50.059999999999995]]]}}, {"type": "Feature", "properties": {"id_obligation": "330260000C0020", "priorite": "très forte"}, "geometry": {"type": "Polygon", "coordinates": [[[-0.40516, 44.47347, 38.177121212121214], [-0.40509, 44.4733, 38.177121212121214], [-0.40513, 44.47309, 38.2], [-0.4053, 44.47291, 38.2], [-0.40555, 44.4728, 40.12666666666667], [-0.40579, 44.47277, 40.12666666666667], [-0.40602, 44.47282, 38.177121212121214], [-0.40629, 44.47295, 38.177121212121214], [-0.40643, 44.47309, 37.2], [-0.40649, 44.47326, 37.2], [-0.40644, 44.47344, 38.177121212121214], [-0.40628, 44.47362, 38.177121212121214], [-0.40607, 44.47372, 38.177121212121214], [-0.40582, 44.47376, 38.177121212121214], [-0.40558, 44.47372, 38.177121212121214], [-0.40535, 44.47363, 38.177121212121214], [-0.40516, 44.47347, 38.177121212121214]]]}}, {"type": "Feature", "properties": {"id_obligation": "330260000C0057", "priorite": "très forte"}, "geometry": {"type": "Polygon", "coordinates": [[[-0.402, 44.46922, 38.258823529411764], [-0.40171, 44.46914, 38.258823529411764], [-0.40151, 44.46898, 38.258823529411764], [-0.40144, 44.46877, 38.258823529411764], [-0.40152, 44.46853, 38.258823529411764], [-0.40178, 44.46832, 38.258823529411764], [-0.402, 44.46824, 38.258823529411764], [-0.40239, 44.46821, 38.258823529411764], [-0.40263, 44.46825, 38.258823529411764], [-0.40283, 44.46835, 38.258823529411764], [-0.40295, 44.46851, 38.258823529411764], [-0.403, 44.46874, 38.258823529411764], [-0.40293, 44.46892, 38.258823529411764], [-0.40282, 44.46903, 38.258823529411764], [-0.40261, 44.46913, 38.258823529411764], [-0.402, 44.46922, 38.258823529411764]]]}}, {"type": "Feature", "properties": {"id_obligation": "330260000C0061", "priorite": "moyenne"}, "geometry": {"type": "Polygon", "coordinates": [[[-0.40391, 44.47046, 40.27368421052632], [-0.40378, 44.47066, 40.27368421052632], [-0.40353, 44.47079, 40.27368421052632], [-0.40312, 44.47083, 40.27368421052632], [-0.40288, 44.47078, 40.27368421052632], [-0.40265, 44.47063, 40.27368421052632], [-0.40247, 44.47033, 40.27368421052632], [-0.40244, 44.47006, 40.27368421052632], [-0.40252, 44.4699, 40.27368421052632], [-0.40272, 44.46975, 40.27368421052632], [-0.40326, 44.46966, 40.27368421052632], [-0.40349, 44.46971, 40.27368421052632], [-0.40368, 44.46982, 40.27368421052632], [-0.40389, 44.47022, 40.27368421052632], [-0.40391, 44.47046, 40.27368421052632]]]}}, {"type": "Feature", "properties": {"id_obligation": "330260000C0063", "priorite": "moyenne"}, "geometry": {"type": "Polygon", "coordinates": [[[-0.40379, 44.47066, 41.56785714285714], [-0.40357, 44.47081, 41.56785714285714], [-0.40293, 44.47088, 41.56785714285714], [-0.4027, 44.47083, 42.5], [-0.40252, 44.47071, 42.5], [-0.40241, 44.47055, 42.5], [-0.40239, 44.47032, 42.5], [-0.40247, 44.47015, 41.56785714285714], [-0.40269, 44.47, 41.56785714285714], [-0.40292, 44.46994, 41.4], [-0.40333, 44.46993, 41.4], [-0.40356, 44.46998, 41.56785714285714], [-0.40375, 44.47009, 41.56785714285714], [-0.40386, 44.47025, 41.56785714285714], [-0.40389, 44.47046, 41.56785714285714], [-0.40379, 44.47066, 41.56785714285714]]]}}, {"type": "Feature", "properties": {"id_obligation": "330260000C0064", "priorite": "moyenne"}, "geometry": {"type": "Polygon", "coordinates": [[[-0.40242, 44.47092, 38.800000000000004], [-0.40235, 44.47095, 38.1], [-0.40227, 44.47092, 38.1], [-0.40232, 44.47096, 38.19230563869886], [-0.40227, 44.47094, 38.1], [-0.40218, 44.47099, 38.5], [-0.40195, 44.47099, 38.372727272727275], [-0.40161, 44.47089, 39.09877622377623], [-0.4014, 44.47073, 37.975], [-0.40133, 44.47056, 37.975], [-0.40136, 44.47038, 39.09877622377623], [-0.40149, 44.47018, 39.09877622377623], [-0.40171, 44.47004, 39.09877622377623], [-0.40194, 44.46999, 39.09877622377623], [-0.40218, 44.47, 39.09877622377623], [-0.4025, 44.47011, 39.09877622377623], [-0.40266, 44.47025, 39.09877622377623], [-0.40274, 44.47042, 42.5], [-0.40262, 44.47076, 38.800000000000004], [-0.40242, 44.47092, 38.800000000000004]]]}}, {"type": "Feature", "properties": {"id_obligation": "330260000C0065", "priorite": "moyenne"}, "geometry": {"type": "Polygon", "coordinates": [[[-0.40227, 44.47092, 38.1], [-0.40238, 44.47098, 38.26192908582929], [-0.40227, 44.47094, 38.1], [-0.40224, 44.47098, 38.5], [-0.40219, 44.47097, 38.5], [-0.40216, 44.47101, 39.3], [-0.40229, 44.47106, 39.3], [-0.40196, 44.47117, 38.17777777777777], [-0.40172, 44.47117, 37.4], [-0.40162, 44.4711, 37.3], [-0.40169, 44.47116, 37.4], [-0.40143, 44.47108, 37.349999999999994], [-0.40125, 44.47096, 37.349999999999994], [-0.40114, 44.4708, 38.89614379084967], [-0.40113, 44.47062, 38.89614379084967], [-0.40123, 44.47043, 38.89614379084967], [-0.40171, 44.47013, 38.89614379084967], [-0.40192, 44.47005, 38.89614379084967], [-0.40222, 44.47004, 38.89614379084967], [-0.4025, 44.47012, 38.89614379084967], [-0.40271, 44.47028, 38.89614379084967], [-0.40278, 44.47054, 42.5], [-0.40265, 44.4708, 38.58235294117647], [-0.4024, 44.47096, 38.1], [-0.40227, 44.47092, 38.1]]]}}, {"type": "Feature", "properties": {"id_obligation": "330260000C0077", "priorite": "moyenne"}, "geometry": {"type": "MultiPolygon", "coordinates": [[[[-0.4049, 44.47219, 40.1], [-0.40478, 44.4724, 39.55126068376068], [-0.40457, 44.47253, 39.55126068376068], [-0.40433, 44.47259, 39.55126068376068], [-0.40408, 44.47258, 39.55126068376068], [-0.40383, 44.47249, 39.55126068376068], [-0.40363, 44.47232, 39.55126068376068], [-0.40355, 44.47215, 39.1], [-0.40357, 44.47198, 39.1], [-0.40367, 44.47183, 39.8], [-0.40375, 44.47188, 39.8], [-0.40393, 44.47177, 39.2], [-0.40385, 44.4717, 39.2], [-0.40415, 44.47162, 37.36923076923077], [-0.40423, 44.47166, 37.8], [-0.40434, 44.47163, 37.36923076923077], [-0.40457, 44.4717, 39.833333333333336], [-0.40461, 44.47172, 40.1], [-0.40444, 44.47185, 40.1], [-0.40453, 44.47187, 40.1], [-0.40472, 44.4718, 39.3], [-0.40488, 44.47201, 40.1], [-0.4049, 44.47219, 40.1]]]]}}, {"type": "Feature", "properties": {"id_obligation": "330260000C0080", "priorite": "très forte"}, "geometry": {"type": "Polygon", "coordinates": [[[-0.40663, 44.47322, 38.81309523809525], [-0.40645, 44.47349, 38.81309523809525], [-0.40616, 44.47367, 38.81309523809525], [-0.40581, 44.47372, 37.150000000000006], [-0.40536, 44.47358, 38.81309523809525], [-0.40494, 44.47328, 38.81309523809525], [-0.40481, 44.47313, 38.81309523809525], [-0.40478, 44.47296, 38.81309523809525], [-0.40485, 44.47279, 38.81309523809525], [-0.4051, 44.47252, 38.81309523809525], [-0.40532, 44.47243, 38.81309523809525], [-0.40584, 44.47235, 40.5], [-0.40608, 44.47239, 38.81309523809525], [-0.40645, 44.47258, 38.81309523809525], [-0.40658, 44.47273, 38.81309523809525], [-0.40663, 44.47322, 38.81309523809525]]]}}, {"type": "Feature", "properties": {"id_obligation": "330260000C0082", "priorite": "moyenne"}, "geometry": {"type": "Polygon", "coordinates": [[[-0.4042, 44.47129, 39.30555555555556], [-0.40429, 44.47132, 39.5], [-0.40432, 44.47129, 39.5], [-0.40425, 44.47125, 39.5], [-0.40443, 44.47113, 39.30555555555556], [-0.40466, 44.47107, -1000.0], [-0.4049, 44.47108, -1000.0], [-0.40517, 44.47118, -91.17654513888888], [-0.40542, 44.47139, -91.17654513888888], [-0.40551, 44.47163, 38.7], [-0.40537, 44.47156, 38.7], [-0.40532, 44.47162, 38.7], [-0.4055, 44.47168, 38.4], [-0.40549, 44.47173, 39.06666666666666], [-0.40538, 44.47189, 37.23333333333333], [-0.4051, 44.47209, 39.3], [-0.40486, 44.47215, 39.3], [-0.40462, 44.47214, 38.94666666666668], [-0.40427, 44.472, 38.94666666666668], [-0.4042, 44.47196, 38.6], [-0.40423, 44.47191, 38.6], [-0.40411, 44.47187, 38.94666666666668], [-0.40405, 44.4717, 37.81875], [-0.40409, 44.47145, 37.81875], [-0.4042, 44.47129, 39.30555555555556]]]}}, {"type": "Feature", "properties": {"id_obligation": "330260000C0083", "priorite": "moyenne"}, "geometry": {"type": "Polygon", "coordinates": [[[-0.40521, 44.47207, -90.09191134085214], [-0.40496, 44.47223, -90.09191134085214], [-0.40461, 44.47231, 43.93333333333334], [-0.40429, 44.47229, 43.93333333333334], [-0.40401, 44.47218, 40.07894736842106], [-0.40365, 44.47187, 38.300000000000004], [-0.40356, 44.47171, 38.300000000000004], [-0.40358, 44.47149, 38.300000000000004], [-0.40373, 44.47131, 39.5], [-0.4041, 44.47108, 39.5], [-0.40424, 44.47103, 40.1], [-0.40432, 44.47109, 40.1], [-0.40434, 44.47102, 39.535714285714285], [-0.40459, 44.47103, 39.535714285714285], [-0.40495, 44.47118, -1000.0], [-0.40529, 44.47146, 42.2], [-0.40538, 44.47173, 37.204340695674546], [-0.40529, 44.47168, 36.9], [-0.4052, 44.47176, 36.9], [-0.40537, 44.47178, 37.4], [-0.40521, 44.47207, -90.09191134085214]]]}}, {"type": "Feature", "properties": {"id_obligation": "330260000C0085", "priorite": "moyenne"}, "geometry": {"type": "Polygon", "coordinates": [[[-0.40376, 44.47168, 39.199999999999996], [-0.40353, 44.47154, 39.199999999999996], [-0.40342, 44.47139, -105.20562865497074], [-0.4034, 44.47118, -105.20562865497074], [-0.40349, 44.47101, -105.20562865497074], [-0.40377, 44.47079, -105.20562865497074], [-0.404, 44.47072, 40.1], [-0.40425, 44.47073, 40.1], [-0.40449, 44.4708, -105.20562865497074], [-0.40482, 44.47101, -105.20562865497074], [-0.40494, 44.47121, -826.8333333333334], [-0.40493, 44.47138, -826.8333333333334], [-0.40481, 44.47157, 39.070425141554054], [-0.40475, 44.47152, 38.7], [-0.4047, 44.47157, 38.7], [-0.40474, 44.47159, 39.9], [-0.40458, 44.47172, 39.466666666666676], [-0.40429, 44.47177, 37.574999999999996], [-0.40376, 44.47168, 39.199999999999996]]]}}, {"type": "Feature", "properties": {"id_obligation": "330260000C0087", "priorite": "moyenne"}, "geometry": {"type": "MultiPolygon", "coordinates": [[[[-0.40411, 44.47056, -220.5110294117647], [-0.40436, 44.47054, -220.5110294117647], [-0.40465, 44.47062, -220.5110294117647], [-0.40486, 44.47078, -220.5110294117647], [-0.40498, 44.47094, -220.5110294117647], [-0.40499, 44.47111, -220.5110294117647], [-0.40491, 44.47128, -1000.0], [-0.4047, 44.47145, -1000.0], [-0.40451, 44.47152, 38.4], [-0.40438, 44.47138, 39.0], [-0.40431, 44.47148, 39.0], [-0.40435, 44.4715, 37.8], [-0.40422, 44.47153, 38.705882352941174], [-0.40398, 44.47147, -220.5110294117647], [-0.40376, 44.47132, -220.5110294117647], [-0.40364, 44.47116, 39.5], [-0.40361, 44.47099, 39.5], [-0.40369, 44.47082, -220.5110294117647], [-0.40384, 44.47067, -220.5110294117647], [-0.40411, 44.47056, -220.5110294117647]]], [[[-0.4044, 44.47154, 37.8], [-0.40441, 44.47153, 37.8], [-0.40441, 44.47154, 38.705882352941174], [-0.4044, 44.47154, 37.8]]]]}}, {"type": "Feature", "properties": {"id_obligation": "330260000C0096", "priorite": "moyenne"}, "geometry": {"type": "Polygon", "coordinates": [[[-0.40435, 44.47016, 37.92152777777778], [-0.40408, 44.47027, 37.92152777777778], [-0.40377, 44.47027, 37.92152777777778], [-0.40348, 44.47017, 37.92152777777778], [-0.40328, 44.47, 37.92152777777778], [-0.40322, 44.46983, 37.92152777777778], [-0.40324, 44.46958, 37.92152777777778], [-0.4034, 44.46932, 37.92152777777778], [-0.40364, 44.46918, 37.92152777777778], [-0.40389, 44.46914, 38.53333333333333], [-0.40413, 44.46917, 38.53333333333333], [-0.40441, 44.46927, 37.92152777777778], [-0.40457, 44.4694, 37.92152777777778], [-0.40464, 44.46956, 36.7], [-0.40454, 44.46994, 37.92152777777778], [-0.40435, 44.47016, 37.92152777777778]]]}}, {"type": "Feature", "properties": {"id_obligation": "330260000C0129", "priorite": "très forte"}, "geometry": {"type": "Polygon", "coordinates": [[[-0.40626, 44.46533, 40.35000000000001], [-0.40593, 44.46553, 40.35000000000001], [-0.40569, 44.46555, 40.35000000000001], [-0.40534, 44.46549, 40.35000000000001], [-0.40514, 44.46539, 40.35000000000001], [-0.40501, 44.46523, 40.35000000000001], [-0.40498, 44.46501, 40.35000000000001], [-0.40512, 44.46466, 40.35000000000001], [-0.40531, 44.46448, 40.35000000000001], [-0.40552, 44.4644, 40.35000000000001], [-0.40583, 44.46439, 40.35000000000001], [-0.40618, 44.4645, 40.35000000000001], [-0.40636, 44.46467, 40.35000000000001], [-0.40642, 44.46489, 40.35000000000001], [-0.40626, 44.46533, 40.35000000000001]]]}}, {"type": "Feature", "properties": {"id_obligation": "330260000C0133", "priorite": "très forte"}, "geometry": {"type": "Polygon", "coordinates": [[[-0.40811, 44.46554, 39.58421052631579], [-0.40842, 44.46563, 39.58421052631579], [-0.40864, 44.46581, 39.58421052631579], [-0.40871, 44.46601, 39.58421052631579], [-0.40862, 44.46626, 39.58421052631579], [-0.40827, 44.46653, 39.58421052631579], [-0.40804, 44.46666, 39.58421052631579], [-0.4078, 44.46669, 39.58421052631579], [-0.40756, 44.46666, 39.58421052631579], [-0.40735, 44.46657, 39.58421052631579], [-0.40715, 44.4664, 39.58421052631579], [-0.40706, 44.46619, 39.58421052631579], [-0.40713, 44.46598, 39.58421052631579], [-0.40737, 44.46576, 39.58421052631579], [-0.40781, 44.46557, 39.58421052631579], [-0.40811, 44.46554, 39.58421052631579]]]}}, {"type": "Feature", "properties": {"id_obligation": "330260000C0134", "priorite": "très forte"}, "geometry": {"type": "Polygon", "coordinates": [[[-0.40841, 44.46619, 38.55714285714286], [-0.4084, 44.46636, 38.55714285714286], [-0.40825, 44.46655, 39.75], [-0.40799, 44.4667, 39.75], [-0.40776, 44.46674, 39.75], [-0.40746, 44.46669, 39.75], [-0.40721, 44.46656, 39.75], [-0.40706, 44.46641, 39.75], [-0.40701, 44.46624, 39.75], [-0.40704, 44.46607, 39.75], [-0.40723, 44.46587, 39.75], [-0.40743, 44.46577, 39.75], [-0.40767, 44.46573, 40.1], [-0.40792, 44.46576, 40.1], [-0.4083, 44.46599, 40.1], [-0.40841, 44.46619, 38.55714285714286]]]}}, {"type": "Feature", "properties": {"id_obligation": "330260000C0135", "priorite": "très forte"}, "geometry": {"type": "Polygon", "coordinates": [[[-0.40876, 44.46601, 39.94307692307693], [-0.40874, 44.46618, 39.94307692307693], [-0.40864, 44.46633, 39.94307692307693], [-0.40839, 44.46651, 39.94307692307693], [-0.40813, 44.46658, 39.94307692307693], [-0.40788, 44.46658, 39.94307692307693], [-0.40765, 44.46652, 40.3], [-0.40744, 44.46636, 40.3], [-0.40735, 44.46621, 40.260000000000005], [-0.40736, 44.46599, 40.260000000000005], [-0.40746, 44.46584, 39.94307692307693], [-0.40777, 44.46563, 39.94307692307693], [-0.408, 44.46557, 39.94307692307693], [-0.40825, 44.46559, 39.94307692307693], [-0.40847, 44.46567, 39.94307692307693], [-0.40865, 44.46581, 39.94307692307693], [-0.40876, 44.46601, 39.94307692307693]]]}}, {"type": "Feature", "properties": {"id_obligation": "330260000C0145", "priorite": "forte"}, "geometry": {"type": "Polygon", "coordinates": [[[-0.40349, 44.46628, 41.14727272727273], [-0.40377, 44.4662, 41.14727272727273], [-0.40416, 44.46625, 41.14727272727273], [-0.40441, 44.46638, 41.14727272727273], [-0.40453, 44.46654, 41.14727272727273], [-0.40456, 44.46672, 38.9], [-0.40441, 44.46708, 38.9], [-0.40422, 44.46726, 38.9], [-0.404, 44.46734, 44.0], [-0.40376, 44.46735, 44.0], [-0.40379, 44.46715, 44.0], [-0.40362, 44.46714, 44.0], [-0.4036, 44.4673, 44.0], [-0.40368, 44.4673, 44.0], [-0.40368, 44.46734, 44.0], [-0.40344, 44.46728, 44.0], [-0.40325, 44.46717, 44.0], [-0.40311, 44.46688, 41.14727272727273], [-0.40328, 44.46644, 41.14727272727273], [-0.40349, 44.46628, 41.14727272727273]]]}}, {"type": "Feature", "properties": {"id_obligation": "330260000C0147", "priorite": "forte"}, "geometry": {"type": "Polygon", "coordinates": [[[-0.40442, 44.46763, 40.09240336134453], [-0.40423, 44.46785, 40.09240336134453], [-0.40389, 44.46796, 39.57058823529411], [-0.40349, 44.46793, 39.3], [-0.40322, 44.46782, 39.3], [-0.40308, 44.46767, 39.3], [-0.40298, 44.46735, 40.09240336134453], [-0.40302, 44.46701, 40.09240336134453], [-0.40317, 44.46683, 40.09240336134453], [-0.40337, 44.46673, 40.09240336134453], [-0.40382, 44.4667, 40.3], [-0.40374, 44.46689, 40.3], [-0.40383, 44.46691, 40.3], [-0.4039, 44.46675, 39.9], [-0.40399, 44.46672, 39.18571428571429], [-0.4042, 44.46681, 39.18571428571429], [-0.40434, 44.46694, 39.18571428571429], [-0.40444, 44.46734, 40.09240336134453], [-0.40442, 44.46763, 40.09240336134453]]]}}, {"type": "Feature", "properties": {"id_obligation": "330260000C0169", "priorite": "moyenne"}, "geometry": {"type": "Polygon", "coordinates": [[[-0.40405, 44.46919, 38.425000000000004], [-0.40405, 44.46916, 38.8], [-0.40395, 44.46918, 38.57201216947304], [-0.40376, 44.46913, 37.46666666666667], [-0.40352, 44.469, 37.46666666666667], [-0.40341, 44.46885, 38.38708333333334], [-0.4034, 44.46863, 38.38708333333334], [-0.40351, 44.46842, 38.38708333333334], [-0.40367, 44.46828, 38.38708333333334], [-0.40389, 44.46819, 38.38708333333334], [-0.4042, 44.46819, 38.38708333333334], [-0.4045, 44.46827, 38.9], [-0.40468, 44.46838, 38.9], [-0.40479, 44.46854, 38.49999999999999], [-0.40481, 44.46871, 38.49999999999999], [-0.40477, 44.46871, 38.5], [-0.4048, 44.46876, 38.5], [-0.40471, 44.46893, 38.38708333333334], [-0.40456, 44.46906, 38.38708333333334], [-0.40429, 44.46916, 38.425000000000004], [-0.40405, 44.46919, 38.425000000000004]]]}}, {"type": "Feature", "properties": {"id_obligation": "330260000C0170", "priorite": "forte"}, "geometry": {"type": "Polygon", "coordinates": [[[-0.40466, 44.46932, 36.7], [-0.40451, 44.46952, 36.7], [-0.40442, 44.46958, 36.7], [-0.40433, 44.46956, 36.7], [-0.40434, 44.46961, 36.7], [-0.40424, 44.46964, 36.7], [-0.404, 44.46966, 39.0], [-0.40402, 44.46962, 38.9], [-0.4039, 44.46959, 38.9], [-0.40387, 44.46966, 38.94784585110895], [-0.40355, 44.46956, 38.19570802005012], [-0.40322, 44.46931, 38.19570802005012], [-0.40306, 44.4691, 38.19570802005012], [-0.40304, 44.46893, 38.19570802005012], [-0.4031, 44.46876, 38.19570802005012], [-0.40326, 44.46862, 38.19570802005012], [-0.40368, 44.46844, 38.75714285714285], [-0.40398, 44.46841, 38.75714285714285], [-0.40427, 44.46847, 38.64210526315789], [-0.4045, 44.4686, 38.64210526315789], [-0.40461, 44.46875, 38.64210526315789], [-0.40466, 44.46932, 36.7]]]}}, {"type": "Feature", "properties": {"id_obligation": "330260000C0329", "priorite": "forte"}, "geometry": {"type": "Polygon", "coordinates": [[[-0.40422, 44.46803, 41.45347826086956], [-0.40402, 44.46814, 41.45347826086956], [-0.40361, 44.46821, 41.45347826086956], [-0.40336, 44.4682, 41.45347826086956], [-0.40314, 44.46813, 41.45347826086956], [-0.40296, 44.468, 41.45347826086956], [-0.40288, 44.46783, 41.45347826086956], [-0.40289, 44.46761, 41.45347826086956], [-0.40309, 44.46727, 41.45347826086956], [-0.40325, 44.46714, 41.45347826086956], [-0.40353, 44.46706, 43.220000000000006], [-0.40393, 44.46707, 41.45347826086956], [-0.40421, 44.46716, 41.45347826086956], [-0.40439, 44.46733, 41.45347826086956], [-0.40444, 44.46755, 41.45347826086956], [-0.40435, 44.46784, 41.45347826086956], [-0.40422, 44.46803, 41.45347826086956]]]}}, {"type": "Feature", "properties": {"id_obligation": "330260000C0332", "priorite": "moyenne"}, "geometry": {"type": "Polygon", "coordinates": [[[-0.40472, 44.46916, 38.36904761904761], [-0.40491, 44.46927, 38.36904761904761], [-0.40502, 44.46942, 38.36904761904761], [-0.40506, 44.46969, 38.36904761904761], [-0.40499, 44.46986, 38.36904761904761], [-0.40484, 44.46999, 38.36904761904761], [-0.40463, 44.47007, 38.36904761904761], [-0.4043, 44.47011, 38.2], [-0.40356, 44.46988, 38.2], [-0.40338, 44.4697, 38.96666666666667], [-0.40333, 44.46949, 38.96666666666667], [-0.40345, 44.46925, 38.36904761904761], [-0.40368, 44.46909, 38.36904761904761], [-0.40398, 44.46904, 38.6], [-0.40472, 44.46916, 38.36904761904761]]]}}, {"type": "Feature", "properties": {"id_obligation": "330260000C0337", "priorite": "forte"}, "geometry": {"type": "Polygon", "coordinates": [[[-0.40491, 44.46665, 40.81], [-0.40506, 44.46689, 40.81], [-0.40499, 44.46719, 40.81], [-0.40473, 44.46738, 40.81], [-0.40443, 44.46744, 40.81], [-0.40411, 44.46738, 40.81], [-0.4039, 44.46728, 40.81], [-0.40379, 44.46715, 44.0], [-0.40359, 44.46714, 44.0], [-0.40334, 44.46696, 40.3], [-0.40327, 44.46675, 40.3], [-0.40331, 44.46657, 39.6], [-0.40343, 44.46641, 39.6], [-0.40362, 44.4663, 39.6], [-0.40386, 44.46625, 40.81], [-0.4041, 44.46627, 40.81], [-0.40432, 44.46634, 40.81], [-0.40458, 44.46651, 40.81], [-0.40491, 44.46665, 40.81]]]}}, {"type": "Feature", "properties": {"id_obligation": "330260000C0342", "priorite": "moyenne"}, "geometry": {"type": "Polygon", "coordinates": [[[-0.40477, 44.46901, 38.5], [-0.40455, 44.4691, 38.4], [-0.40437, 44.46913, 38.4], [-0.40391, 44.46903, 38.3], [-0.404, 44.46888, 38.3], [-0.40394, 44.46886, 38.3], [-0.40386, 44.469, 38.3], [-0.40371, 44.46886, 38.3], [-0.40366, 44.46869, 38.75555555555555], [-0.40371, 44.46847, 38.75555555555555], [-0.40388, 44.46821, 38.51814814814815], [-0.40412, 44.46808, 38.51814814814815], [-0.40435, 44.46804, 38.51814814814815], [-0.40464, 44.46807, 38.51814814814815], [-0.40489, 44.46819, 38.51814814814815], [-0.40504, 44.46839, 38.5], [-0.40505, 44.46863, 38.5], [-0.40477, 44.46901, 38.5]]]}}, {"type": "Feature", "properties": {"id_obligation": "330260000C0346", "priorite": "forte"}, "geometry": {"type": "Polygon", "coordinates": [[[-0.40177, 44.47757, 34.228571428571435], [-0.40201, 44.47761, 34.228571428571435], [-0.40221, 44.47772, 34.228571428571435], [-0.40233, 44.47787, 34.228571428571435], [-0.40241, 44.47811, 34.228571428571435], [-0.40235, 44.47833, 34.228571428571435], [-0.4022, 44.47847, 34.228571428571435], [-0.40183, 44.47859, 34.228571428571435], [-0.40152, 44.47818, 33.8], [-0.40178, 44.47813, 34.5], [-0.40174, 44.47802, 34.5], [-0.40151, 44.47806, 34.5], [-0.4015, 44.47816, 33.8], [-0.40115, 44.4777, 34.228571428571435], [-0.40177, 44.47757, 34.228571428571435]]]}}, {"type": "Feature", "properties": {"id_obligation": "330260000C0352", "priorite": "moyenne"}, "geometry": {"type": "Polygon", "coordinates": [[[-0.40508, 44.47145, -360.5076923076924], [-0.40503, 44.47162, -360.5076923076924], [-0.4048, 44.47184, 39.58571428571429], [-0.4046, 44.47194, 39.07777777777778], [-0.40431, 44.47196, 39.07777777777778], [-0.40416, 44.4719, 38.6], [-0.40414, 44.47193, 38.6], [-0.40408, 44.47191, 38.49411764705883], [-0.40388, 44.4718, 39.2], [-0.40393, 44.47177, 39.2], [-0.40381, 44.47167, 39.2], [-0.40376, 44.4717, 39.2], [-0.40372, 44.47163, 37.733333333333334], [-0.40368, 44.47146, 37.733333333333334], [-0.40377, 44.47123, 39.5], [-0.40396, 44.47105, 39.5], [-0.40417, 44.47095, 39.77272727272727], [-0.40441, 44.47093, 39.77272727272727], [-0.40465, 44.47097, -10.960971498885115], [-0.4049, 44.4711, -10.960971498885115], [-0.40504, 44.47127, -10.960971498885115], [-0.40508, 44.47145, -360.5076923076924]]]}}, {"type": "Feature", "properties": {"id_obligation": "330260000C0357", "priorite": "moyenne"}, "geometry": {"type": "Polygon", "coordinates": [[[-0.40353, 44.47125, 38.8], [-0.40346, 44.4715, 38.29599567099567], [-0.40325, 44.4717, 38.29599567099567], [-0.40286, 44.47188, 38.29599567099567], [-0.40262, 44.47192, 38.29599567099567], [-0.40226, 44.47189, 38.050000000000004], [-0.402, 44.4718, 38.0], [-0.40203, 44.47175, 38.0], [-0.40198, 44.47169, 38.0], [-0.40193, 44.47177, 37.937310089172655], [-0.40188, 44.47174, 38.050000000000004], [-0.40168, 44.47156, 38.050000000000004], [-0.40164, 44.47129, 37.7], [-0.40178, 44.47107, 37.971428571428575], [-0.40196, 44.47094, 37.971428571428575], [-0.40225, 44.47089, 38.3], [-0.40249, 44.47077, 38.55], [-0.40274, 44.47073, 38.55], [-0.40298, 44.47076, 38.29599567099567], [-0.40324, 44.47089, 38.29599567099567], [-0.40342, 44.47104, 38.29599567099567], [-0.40353, 44.47125, 38.8]]]}}, {"type": "Feature", "properties": {"id_obligation": "330260000C0360", "priorite": "forte"}, "geometry": {"type": "Polygon", "coordinates": [[[-0.40252, 44.47206, 38.37678571428572], [-0.40235, 44.47219, 38.37678571428572], [-0.40212, 44.47226, 38.37678571428572], [-0.40187, 44.47227, 38.37678571428572], [-0.40164, 44.4722, 38.37678571428572], [-0.4014, 44.47205, 38.37678571428572], [-0.4013, 44.47189, 38.37678571428572], [-0.4013, 44.47172, 38.37678571428572], [-0.40142, 44.47148, 38.37678571428572], [-0.40165, 44.47122, 38.37678571428572], [-0.4019, 44.47111, 38.0], [-0.40221, 44.4711, 38.0], [-0.40255, 44.47121, 38.77142857142858], [-0.40274, 44.47138, 38.77142857142858], [-0.40278, 44.47164, 38.7], [-0.40252, 44.47206, 38.37678571428572]]]}}, {"type": "Feature", "properties": {"id_obligation": "330260000C0363", "priorite": "moyenne"}, "geometry": {"type": "Polygon", "coordinates": [[[-0.40681, 44.47147, 38.2686580882353], [-0.40688, 44.47168, 38.2686580882353], [-0.40682, 44.47185, 38.2686580882353], [-0.40663, 44.47206, 38.2686580882353], [-0.40643, 44.47217, 38.2686580882353], [-0.40618, 44.47221, 38.2686580882353], [-0.40593, 44.47218, 38.2686580882353], [-0.40565, 44.47206, 38.025], [-0.40555, 44.47196, 38.04488038690175], [-0.40576, 44.47182, 38.1], [-0.40562, 44.47178, 38.1], [-0.4055, 44.47188, 37.8], [-0.40547, 44.47169, 38.34375000000001], [-0.4056, 44.47173, 38.4], [-0.40574, 44.47157, 38.4], [-0.40566, 44.47154, 38.4], [-0.40557, 44.47166, 38.4], [-0.40549, 44.47162, 38.7], [-0.40556, 44.47146, 38.4], [-0.40572, 44.47132, 38.4], [-0.40593, 44.47122, 38.2686580882353], [-0.40618, 44.47119, 38.2686580882353], [-0.40642, 44.47123, 38.2686580882353], [-0.40665, 44.47133, 38.2686580882353], [-0.40681, 44.47147, 38.2686580882353]]]}}, {"type": "Feature", "properties": {"id_obligation": "330260000C0364", "priorite": "moyenne"}, "geometry": {"type": "Polygon", "coordinates": [[[-0.40654, 44.47206, 38.07944444444445], [-0.40628, 44.47217, 38.07944444444445], [-0.40604, 44.47219, 38.07944444444445], [-0.40562, 44.47212, 38.03333333333333], [-0.40538, 44.47198, 38.03333333333333], [-0.40527, 44.47182, 37.89999999999999], [-0.40528, 44.47175, 37.4], [-0.40535, 44.4718, 37.4], [-0.40541, 44.47175, 37.4], [-0.40529, 44.47168, 36.9], [-0.40525, 44.47171, 36.9], [-0.40534, 44.47144, 38.07944444444445], [-0.40553, 44.47127, 38.07944444444445], [-0.40576, 44.47119, 38.07944444444445], [-0.40605, 44.47117, 38.07944444444445], [-0.40642, 44.47124, 38.07944444444445], [-0.40661, 44.47134, 38.07944444444445], [-0.40676, 44.47153, 38.07944444444445], [-0.40677, 44.4717, 38.07944444444445], [-0.40654, 44.47206, 38.07944444444445]]]}}, {"type": "Feature", "properties": {"id_obligation": "330260000C0365", "priorite": "moyenne"}, "geometry": {"type": "MultiPolygon", "coordinates": [[[[-0.40635, 44.47198, 39.34606634232642], [-0.40616, 44.47219, 39.34606634232642], [-0.40586, 44.47236, 39.34606634232642], [-0.40562, 44.47242, 39.34606634232642], [-0.40538, 44.4724, 39.34606634232642], [-0.40505, 44.47227, 39.34606634232642], [-0.40473, 44.47197, 39.63529411764707], [-0.40467, 44.47183, 39.3], [-0.40473, 44.47178, 39.3], [-0.40468, 44.47175, 40.1], [-0.40488, 44.47162, 39.9], [-0.40473, 44.47153, 38.7], [-0.40489, 44.47139, 38.7], [-0.40537, 44.47114, 42.2], [-0.40559, 44.47109, 42.2], [-0.40589, 44.47112, 39.34606634232642], [-0.40621, 44.47127, 39.34606634232642], [-0.40635, 44.47147, 39.34606634232642], [-0.40635, 44.47198, 39.34606634232642]]]]}}, {"type": "Feature", "properties": {"id_obligation": "330260000C0366", "priorite": "moyenne"}, "geometry": {"type": "Polygon", "coordinates": [[[-0.40571, 44.47207, 38.01428571428572], [-0.40559, 44.47193, 38.1], [-0.40576, 44.47182, 38.1], [-0.40562, 44.47178, 38.1], [-0.40555, 44.47185, 37.8], [-0.40554, 44.4717, 38.4], [-0.4056, 44.47173, 38.4], [-0.40574, 44.47157, 38.4], [-0.40566, 44.47154, 38.4], [-0.40555, 44.47165, 38.4], [-0.40563, 44.4715, 38.4], [-0.40577, 44.47136, 38.4], [-0.40598, 44.47126, 38.23190476190477], [-0.40622, 44.47124, 38.23190476190477], [-0.40651, 44.47129, 38.23190476190477], [-0.40675, 44.47143, 38.23190476190477], [-0.40685, 44.47158, 38.23190476190477], [-0.40687, 44.47176, 38.23190476190477], [-0.40678, 44.47196, 38.23190476190477], [-0.40664, 44.4721, 38.23190476190477], [-0.40644, 44.47219, 38.23190476190477], [-0.4062, 44.47222, 38.23190476190477], [-0.40592, 44.47217, 38.01428571428572], [-0.40571, 44.47207, 38.01428571428572]]]}}, {"type": "Feature", "properties": {"id_obligation": "330260000C0372", "priorite": "moyenne"}, "geometry": {"type": "Polygon", "coordinates": [[[-0.40104, 44.47132, 38.113952380952384], [-0.40097, 44.47111, 38.113952380952384], [-0.40106, 44.4709, 38.113952380952384], [-0.40124, 44.47075, 38.113952380952384], [-0.40146, 44.47067, 38.113952380952384], [-0.40171, 44.47066, 37.94285714285714], [-0.40186, 44.47073, 37.9], [-0.40188, 44.47069, 37.9], [-0.40195, 44.47072, 37.94285714285714], [-0.40224, 44.47088, 38.3], [-0.40229, 44.47095, 38.138596605239734], [-0.40216, 44.47101, 39.3], [-0.40236, 44.47108, 39.3], [-0.40236, 44.47122, 38.79333333333334], [-0.40227, 44.47139, 38.228571428571435], [-0.40209, 44.47154, 38.228571428571435], [-0.40187, 44.47161, 38.113952380952384], [-0.40163, 44.47162, 38.113952380952384], [-0.40119, 44.47146, 38.113952380952384], [-0.40104, 44.47132, 38.113952380952384]]]}}, {"type": "Feature", "properties": {"id_obligation": "330260000C0378", "priorite": "moyenne"}, "geometry": {"type": "Polygon", "coordinates": [[[-0.40316, 44.47121, 38.57142857142857], [-0.40299, 44.4714, 38.57142857142857], [-0.40274, 44.47153, 38.57142857142857], [-0.40249, 44.47157, 38.70588235294117], [-0.40219, 44.47152, 38.70588235294117], [-0.40178, 44.47137, 38.522200042072164], [-0.40161, 44.47123, 38.522200042072164], [-0.40153, 44.47101, 37.38], [-0.40158, 44.47084, 37.38], [-0.40174, 44.47066, 37.881818181818176], [-0.40197, 44.47052, 37.8], [-0.40213, 44.47054, 37.9], [-0.40216, 44.47049, 37.9], [-0.40211, 44.47048, 37.810491065742845], [-0.4023, 44.47047, 39.96363636363636], [-0.40254, 44.47051, 39.96363636363636], [-0.40299, 44.47069, 38.522200042072164], [-0.40313, 44.47082, 38.522200042072164], [-0.4032, 44.47104, 38.522200042072164], [-0.40316, 44.47121, 38.57142857142857]]]}}, {"type": "Feature", "properties": {"id_obligation": "330260000C0379", "priorite": "très forte"}, "geometry": {"type": "Polygon", "coordinates": [[[-0.41722, 44.46402, -116.78499999999997], [-0.41691, 44.46405, -116.78499999999997], [-0.4166, 44.46397, -116.78499999999997], [-0.41621, 44.46376, -116.78499999999997], [-0.41605, 44.46362, -116.78499999999997], [-0.41599, 44.46345, -116.78499999999997], [-0.41602, 44.46327, -116.78499999999997], [-0.41617, 44.46306, -116.78499999999997], [-0.41643, 44.46294, -116.78499999999997], [-0.41668, 44.46292, -116.78499999999997], [-0.41718, 44.46301, -116.78499999999997], [-0.41747, 44.46312, -116.78499999999997], [-0.41763, 44.46325, -116.78499999999997], [-0.4177, 44.46346, -116.78499999999997], [-0.41766, 44.46363, -116.78499999999997], [-0.41746, 44.46389, -116.78499999999997], [-0.41722, 44.46402, -116.78499999999997]]]}}, {"type": "Feature", "properties": {"id_obligation": "330260000C0382", "priorite": "moyenne"}, "geometry": {"type": "Polygon", "coordinates": [[[-0.40529, 44.47224, 38.05714285714286], [-0.40505, 44.47222, 38.05714285714286], [-0.40483, 44.47214, -53.81581632653062], [-0.40454, 44.47186, 40.1], [-0.4046, 44.47182, 40.1], [-0.40468, 44.47183, 39.3], [-0.40473, 44.47178, 39.3], [-0.40468, 44.47175, 39.3], [-0.40488, 44.47162, 39.9], [-0.40475, 44.47152, 38.7], [-0.4047, 44.47157, 38.7], [-0.40474, 44.47159, 39.9], [-0.40449, 44.47181, 40.1], [-0.40444, 44.47171, 39.40000000000001], [-0.40443, 44.47154, 38.4], [-0.40452, 44.47151, 38.4], [-0.40445, 44.47148, 38.4], [-0.40456, 44.47132, -610.6000000000001], [-0.40479, 44.47118, -610.6000000000001], [-0.40509, 44.47112, 42.2], [-0.40554, 44.47113, 42.2], [-0.40591, 44.47128, -53.81581632653062], [-0.40609, 44.47145, -53.81581632653062], [-0.40614, 44.47164, 38.22594722753041], [-0.40591, 44.47163, 39.1], [-0.40588, 44.47171, 39.1], [-0.40612, 44.47175, 38.3], [-0.40603, 44.47191, 38.1], [-0.40584, 44.47205, 38.1], [-0.40529, 44.47224, 38.05714285714286]]]}}, {"type": "Feature", "properties": {"id_obligation": "330260000C0392", "priorite": "moyenne"}, "geometry": {"type": "Polygon", "coordinates": [[[-0.40402, 44.47126, 39.5], [-0.40406, 44.47129, 39.5], [-0.40417, 44.47126, 39.5], [-0.40429, 44.47132, 39.5], [-0.40432, 44.47129, 39.5], [-0.40422, 44.47123, 39.5], [-0.40437, 44.47126, 38.900000000000006], [-0.40467, 44.47145, 38.900000000000006], [-0.40474, 44.47159, 39.9], [-0.40444, 44.47185, 40.1], [-0.40468, 44.47183, 39.3], [-0.40473, 44.47178, 39.3], [-0.40468, 44.47175, 40.1], [-0.40479, 44.47169, 39.9], [-0.40475, 44.47187, 39.616666666666674], [-0.40456, 44.47207, 39.500678871090784], [-0.40403, 44.47228, 41.21304347826087], [-0.4038, 44.47233, 41.21304347826087], [-0.40356, 44.47231, 39.500678871090784], [-0.40335, 44.47223, 39.500678871090784], [-0.40312, 44.47204, 39.500678871090784], [-0.40304, 44.47187, 39.500678871090784], [-0.40307, 44.47161, 39.500678871090784], [-0.4032, 44.47146, 39.500678871090784], [-0.40348, 44.47128, 39.500678871090784], [-0.40372, 44.47122, 39.5], [-0.40406, 44.47122, 39.5], [-0.40402, 44.47126, 39.5]]]}}, {"type": "Feature", "properties": {"id_obligation": "330260000C0393", "priorite": "moyenne"}, "geometry": {"type": "Polygon", "coordinates": [[[-0.40408, 44.47145, 37.54545454545455], [-0.40432, 44.47146, 39.0], [-0.40435, 44.4715, 37.8], [-0.40418, 44.47162, 37.8], [-0.40423, 44.47166, 37.8], [-0.40441, 44.47153, 37.8], [-0.40446, 44.47156, 38.4], [-0.40452, 44.47151, 38.4], [-0.40461, 44.47155, 39.20454545454545], [-0.40471, 44.47162, 39.99398777221793], [-0.40444, 44.47185, 40.1], [-0.40468, 44.47183, 39.3], [-0.40475, 44.4717, 39.9], [-0.40482, 44.47177, 39.7], [-0.40485, 44.47199, 39.7], [-0.4047, 44.47226, 39.374425287356324], [-0.40455, 44.4724, 39.374425287356324], [-0.40428, 44.4725, 39.374425287356324], [-0.40387, 44.47255, 39.374425287356324], [-0.40363, 44.47252, 39.374425287356324], [-0.4033, 44.47237, 39.374425287356324], [-0.40314, 44.47218, 39.8], [-0.40312, 44.47196, 39.8], [-0.40328, 44.47172, 39.2], [-0.40347, 44.4716, 39.2], [-0.40408, 44.47145, 37.54545454545455]]]}}, {"type": "Feature", "properties": {"id_obligation": "330260000D0087", "priorite": "très forte"}, "geometry": {"type": "Polygon", "coordinates": [[[-0.43025, 44.48097, -224.625], [-0.42988, 44.48101, -224.625], [-0.42947, 44.48092, -224.625], [-0.42925, 44.48071, -224.625], [-0.42922, 44.48048, -224.625], [-0.42932, 44.48028, -224.625], [-0.42961, 44.4801, -224.625], [-0.42977, 44.47988, 33.5], [-0.43003, 44.47975, 33.5], [-0.43028, 44.47972, 33.5], [-0.4306, 44.47979, -224.625], [-0.43079, 44.47989, -224.625], [-0.43092, 44.48005, -224.625], [-0.43095, 44.48026, -224.625], [-0.43084, 44.48049, -224.625], [-0.43025, 44.48097, -224.625]]]}}, {"type": "Feature", "properties": {"id_obligation": "330260000D0116", "priorite": "très forte"}, "geometry": {"type": "Polygon", "coordinates": [[[-0.42498, 44.47296, -173.18794372294374], [-0.42482, 44.47315, -173.18794372294374], [-0.42462, 44.47325, -173.18794372294374], [-0.42435, 44.47328, 34.29285714285714], [-0.42406, 44.4734, 34.29285714285714], [-0.424, 44.47341, 37.7], [-0.42407, 44.47333, 37.7], [-0.42394, 44.47341, 34.29285714285714], [-0.42358, 44.47335, 29.90909090909091], [-0.42337, 44.47322, 29.90909090909091], [-0.42326, 44.47306, 29.90909090909091], [-0.42324, 44.47289, -173.18794372294374], [-0.42334, 44.47264, -173.18794372294374], [-0.42331, 44.47251, -173.18794372294374], [-0.42336, 44.47233, -1000.0], [-0.42356, 44.47213, -1000.0], [-0.42382, 44.47202, 35.2], [-0.42425, 44.47204, 35.2], [-0.4248, 44.4723, -173.18794372294374], [-0.42498, 44.47247, -173.18794372294374], [-0.42504, 44.47269, -173.18794372294374], [-0.42498, 44.47296, -173.18794372294374]]]}}, {"type": "Feature", "properties": {"id_obligation": "330260000D0117", "priorite": "forte"}, "geometry": {"type": "Polygon", "coordinates": [[[-0.42279, 44.47262, -309.96666666666664], [-0.42272, 44.47241, -309.96666666666664], [-0.4228, 44.4722, -309.96666666666664], [-0.42302, 44.47201, -309.96666666666664], [-0.42324, 44.47193, -309.96666666666664], [-0.42355, 44.47192, -309.96666666666664], [-0.42389, 44.47204, -309.96666666666664], [-0.42407, 44.47216, -309.96666666666664], [-0.42419, 44.47236, 35.199999999999996], [-0.42419, 44.47253, 35.199999999999996], [-0.4239, 44.47285, 34.9], [-0.42368, 44.47293, -309.96666666666664], [-0.42343, 44.47294, -309.96666666666664], [-0.42297, 44.47278, -309.96666666666664], [-0.42279, 44.47262, -309.96666666666664]]]}}, {"type": "Feature", "properties": {"id_obligation": "330260000D0118", "priorite": "très forte"}, "geometry": {"type": "Polygon", "coordinates": [[[-0.42482, 44.47333, 34.71838461538461], [-0.42472, 44.4735, 34.71838461538461], [-0.42434, 44.4738, 34.71838461538461], [-0.42407, 44.47389, 37.7], [-0.42377, 44.47388, 37.7], [-0.42329, 44.47375, 34.71838461538461], [-0.42311, 44.47363, 34.71838461538461], [-0.423, 44.47347, 34.71838461538461], [-0.42301, 44.4731, 34.71838461538461], [-0.42312, 44.47289, 34.71838461538461], [-0.42335, 44.47275, 34.71838461538461], [-0.42364, 44.47268, 35.06153846153845], [-0.42396, 44.47252, 35.2], [-0.42403, 44.47258, 35.2], [-0.42409, 44.47251, 35.2], [-0.42435, 44.47253, 34.099999999999994], [-0.42465, 44.47267, 34.099999999999994], [-0.42479, 44.47286, 34.099999999999994], [-0.42482, 44.47333, 34.71838461538461]]]}}, {"type": "Feature", "properties": {"id_obligation": "330260000D0378", "priorite": "très forte"}, "geometry": {"type": "Polygon", "coordinates": [[[-0.43065, 44.47847, 39.74801587301587], [-0.43037, 44.47861, 39.74801587301587], [-0.43014, 44.47867, 39.74801587301587], [-0.42973, 44.47869, 39.74801587301587], [-0.4294, 44.47861, 39.74801587301587], [-0.42921, 44.4785, 39.74801587301587], [-0.4291, 44.47834, 39.74801587301587], [-0.42905, 44.47806, 39.74801587301587], [-0.4292, 44.47782, 39.74801587301587], [-0.42946, 44.47768, 39.74801587301587], [-0.4297, 44.47763, 39.68888888888889], [-0.43025, 44.47765, 39.74801587301587], [-0.43048, 44.47771, 39.74801587301587], [-0.43066, 44.47783, 39.74801587301587], [-0.43079, 44.47802, 39.74801587301587], [-0.4308, 44.47823, 39.74801587301587], [-0.43065, 44.47847, 39.74801587301587]]]}}, {"type": "Feature", "properties": {"id_obligation": "330260000D0379", "priorite": "très forte"}, "geometry": {"type": "Polygon", "coordinates": [[[-0.42959, 44.47643, 39.86190476190476], [-0.42995, 44.47647, 39.86190476190476], [-0.43018, 44.47661, 39.86190476190476], [-0.43038, 44.47692, 39.86190476190476], [-0.43036, 44.4771, 39.86190476190476], [-0.43021, 44.4773, 39.68571428571429], [-0.42948, 44.47757, 39.7], [-0.42924, 44.47756, 39.86190476190476], [-0.42897, 44.47746, 39.86190476190476], [-0.42878, 44.47728, 39.86190476190476], [-0.4287, 44.47711, 39.86190476190476], [-0.42871, 44.47693, 39.86190476190476], [-0.42882, 44.47677, 39.86190476190476], [-0.42927, 44.47653, 39.86190476190476], [-0.42959, 44.47643, 39.86190476190476]]]}}, {"type": "Feature", "properties": {"id_obligation": "330260000D0380", "priorite": "très forte"}, "geometry": {"type": "Polygon", "coordinates": [[[-0.43052, 44.4778, 39.69444444444444], [-0.43029, 44.478, 39.69444444444444], [-0.43001, 44.47809, 39.18333333333334], [-0.42976, 44.47809, 39.18333333333334], [-0.42953, 44.47801, 39.2], [-0.42927, 44.47783, 39.2], [-0.42918, 44.47767, 39.69444444444444], [-0.42917, 44.4774, 39.69444444444444], [-0.42938, 44.47712, 41.2], [-0.42967, 44.47698, 39.199999999999996], [-0.42999, 44.47696, 39.199999999999996], [-0.43022, 44.47703, 39.69444444444444], [-0.43048, 44.47721, 39.69444444444444], [-0.43058, 44.47737, 39.69444444444444], [-0.43059, 44.47758, 39.69444444444444], [-0.43052, 44.4778, 39.69444444444444]]]}}, {"type": "Feature", "properties": {"id_obligation": "330260000D0395", "priorite": "très forte"}, "geometry": {"type": "Polygon", "coordinates": [[[-0.42966, 44.48032, 34.0], [-0.42954, 44.48017, 34.0], [-0.42951, 44.47999, 34.0], [-0.42959, 44.47976, 34.0], [-0.42974, 44.47962, 34.0], [-0.42996, 44.47953, 34.0], [-0.43021, 44.47951, 34.0], [-0.43053, 44.47957, 34.0], [-0.43072, 44.47968, 34.0], [-0.43086, 44.47986, 34.0], [-0.43087, 44.48003, 34.0], [-0.43079, 44.48023, 34.0], [-0.43064, 44.48038, 34.0], [-0.43043, 44.48047, 34.5], [-0.43018, 44.48049, 34.5], [-0.42991, 44.48045, 34.0], [-0.42966, 44.48032, 34.0]]]}}, {"type": "Feature", "properties": {"id_obligation": "330260000E0003", "priorite": "forte"}, "geometry": {"type": "Polygon", "coordinates": [[[-0.47201, 44.48142, 54.9], [-0.47193, 44.48163, 52.70622544122545], [-0.47177, 44.48177, 52.70622544122545], [-0.47144, 44.48187, 52.70622544122545], [-0.47118, 44.48203, 52.6], [-0.47094, 44.48206, 52.6], [-0.4707, 44.48203, 52.70622544122545], [-0.47038, 44.48189, 52.70622544122545], [-0.47023, 44.48174, 52.70622544122545], [-0.47018, 44.48148, 52.546153846153864], [-0.47034, 44.48115, 52.96666666666667], [-0.47054, 44.48097, 52.96666666666667], [-0.4708, 44.48083, 53.5], [-0.47075, 44.48093, 53.5], [-0.47082, 44.48096, 53.5], [-0.47087, 44.48081, 52.24666666666666], [-0.47117, 44.48077, 52.24666666666666], [-0.4713, 44.48085, 51.7], [-0.47134, 44.48079, 51.7], [-0.47141, 44.48081, 51.7], [-0.47176, 44.48102, 51.7], [-0.47193, 44.48117, 54.9], [-0.47201, 44.48142, 54.9]]]}}, {"type": "Feature", "properties": {"id_obligation": "330260000E0009", "priorite": "forte"}, "geometry": {"type": "Polygon", "coordinates": [[[-0.47092, 44.48107, 51.05], [-0.47121, 44.481, 53.48000000000001], [-0.47154, 44.48105, 51.873728070175446], [-0.47179, 44.48117, 51.873728070175446], [-0.47194, 44.48136, 51.873728070175446], [-0.47195, 44.48153, 51.873728070175446], [-0.47181, 44.48184, 51.873728070175446], [-0.47167, 44.48198, 51.873728070175446], [-0.47146, 44.48208, 51.873728070175446], [-0.47121, 44.4821, 51.873728070175446], [-0.47089, 44.48204, 51.873728070175446], [-0.4707, 44.48194, 51.873728070175446], [-0.47057, 44.48179, 51.873728070175446], [-0.47054, 44.48161, 51.23333333333334], [-0.4707, 44.48123, 51.05], [-0.47092, 44.48107, 51.05]]]}}, {"type": "Feature", "properties": {"id_obligation": "330260000E0018", "priorite": "forte"}, "geometry": {"type": "Polygon", "coordinates": [[[-0.47177, 44.4812, 53.11567676767677], [-0.47144, 44.48133, 53.42727272727273], [-0.47132, 44.48135, 51.473928192115544], [-0.47113, 44.48122, 56.7], [-0.47105, 44.48128, 56.7], [-0.47111, 44.48132, 51.776326742088024], [-0.47107, 44.48131, 54.339999999999996], [-0.47068, 44.48112, 54.339999999999996], [-0.47056, 44.4809, 52.54999999999999], [-0.47057, 44.48068, 52.54999999999999], [-0.47094, 44.48015, 53.11567676767677], [-0.47112, 44.48003, 53.2], [-0.47138, 44.47995, 53.2], [-0.47163, 44.47995, 53.2], [-0.47198, 44.48007, 53.11567676767677], [-0.47215, 44.4802, 53.11567676767677], [-0.47224, 44.48036, 53.11567676767677], [-0.47224, 44.48054, 53.11567676767677], [-0.47177, 44.4812, 53.11567676767677]]]}}, {"type": "Feature", "properties": {"id_obligation": "330260000E0022", "priorite": "forte"}, "geometry": {"type": "Polygon", "coordinates": [[[-0.47101, 44.48068, 52.7], [-0.47113, 44.48055, 52.7], [-0.47103, 44.48051, 52.7], [-0.47091, 44.48063, 52.6], [-0.471, 44.48068, 52.694748110690874], [-0.4708, 44.48072, 52.11428571428571], [-0.47047, 44.48067, 52.60476190476191], [-0.47022, 44.48056, 52.60476190476191], [-0.47007, 44.48037, 52.60476190476191], [-0.47005, 44.4802, 52.60476190476191], [-0.47015, 44.47993, 52.60476190476191], [-0.47029, 44.47978, 52.60476190476191], [-0.4705, 44.47968, 52.60476190476191], [-0.47074, 44.47965, 52.60476190476191], [-0.47107, 44.47971, 52.60476190476191], [-0.47127, 44.47981, 52.60476190476191], [-0.47144, 44.48008, 52.60476190476191], [-0.4713, 44.48049, 52.70000000000001], [-0.47101, 44.48068, 52.7]]]}}, {"type": "Feature", "properties": {"id_obligation": "330260000E0027", "priorite": "forte"}, "geometry": {"type": "Polygon", "coordinates": [[[-0.47073, 44.48011, 53.0], [-0.47067, 44.48025, 53.0], [-0.47075, 44.48027, 53.0], [-0.47082, 44.48012, 53.0], [-0.47075, 44.4801, 53.0], [-0.47115, 44.48006, 53.2], [-0.47148, 44.48018, 53.2], [-0.47165, 44.4803, 53.2], [-0.47175, 44.48047, 51.96153846153846], [-0.47173, 44.48069, 51.96153846153846], [-0.47152, 44.48094, 51.9], [-0.47134, 44.48106, 51.9], [-0.47088, 44.48119, 52.96666666666666], [-0.47065, 44.48119, 52.7], [-0.47068, 44.48114, 52.7], [-0.47061, 44.48112, 52.7], [-0.47056, 44.48118, 52.7], [-0.47036, 44.48113, 51.760000000000005], [-0.47009, 44.48095, 51.760000000000005], [-0.47001, 44.48074, 51.64999999999999], [-0.4701, 44.48047, 52.37496794871794], [-0.47025, 44.48033, 52.37496794871794], [-0.47073, 44.48011, 53.0]]]}}, {"type": "Feature", "properties": {"id_obligation": "330260000E0028", "priorite": "forte"}, "geometry": {"type": "Polygon", "coordinates": [[[-0.47042, 44.48141, 51.2], [-0.47043, 44.48139, 51.2], [-0.47031, 44.48135, 51.2], [-0.47026, 44.48139, 53.43333333333334], [-0.47026, 44.48133, 53.8], [-0.47011, 44.48134, 53.43333333333334], [-0.46979, 44.48121, 53.43333333333334], [-0.46962, 44.48097, 51.55454545454547], [-0.46964, 44.48075, 51.55454545454547], [-0.46978, 44.48057, 51.89999999999999], [-0.47002, 44.48044, 51.89999999999999], [-0.47026, 44.48041, 51.9], [-0.47046, 44.48043, 51.9], [-0.47077, 44.48035, 51.9], [-0.47102, 44.48037, 52.660000000000004], [-0.47126, 44.48045, 52.660000000000004], [-0.47143, 44.48057, 52.660000000000004], [-0.47152, 44.48078, 51.886666666666656], [-0.4715, 44.48095, 51.886666666666656], [-0.47126, 44.48127, 53.13333333333334], [-0.47113, 44.48122, 56.7], [-0.47105, 44.48128, 56.7], [-0.47114, 44.48134, 51.3], [-0.47097, 44.48139, 50.878057088874115], [-0.47104, 44.48133, 51.2], [-0.47098, 44.48129, 51.2], [-0.47089, 44.48137, 50.9], [-0.47094, 44.4814, 50.82380062163825], [-0.47042, 44.48141, 51.2]]]}}, {"type": "Feature", "properties": {"id_obligation": "330260000E0030", "priorite": "forte"}, "geometry": {"type": "Polygon", "coordinates": [[[-0.47069, 44.48183, 51.35], [-0.47046, 44.48188, 52.05488721804512], [-0.46987, 44.48186, 52.05488721804512], [-0.46952, 44.48179, 52.05488721804512], [-0.46931, 44.48169, 52.05488721804512], [-0.46917, 44.48154, 52.05488721804512], [-0.46912, 44.48138, 52.199999999999996], [-0.46918, 44.48116, 52.199999999999996], [-0.46937, 44.48096, 51.6], [-0.46963, 44.48084, 51.6], [-0.46982, 44.48082, 51.6], [-0.46978, 44.48094, 51.6], [-0.4699, 44.48097, 51.6], [-0.46986, 44.48108, 51.6], [-0.46993, 44.48109, 51.6], [-0.47, 44.4809, 51.6], [-0.47, 44.48084, 51.6], [-0.47005, 44.48085, 51.42500000000001], [-0.47009, 44.48086, 51.42500000000001], [-0.47028, 44.48073, 51.42500000000001], [-0.47051, 44.48067, 51.42500000000001], [-0.47087, 44.48071, 52.7], [-0.47118, 44.48087, 52.7], [-0.47131, 44.48115, 52.72500000000001], [-0.47126, 44.48131, 53.98425027659917], [-0.47113, 44.48122, 56.7], [-0.47105, 44.48128, 56.7], [-0.47122, 44.48137, 51.3], [-0.47109, 44.48156, 51.35], [-0.47069, 44.48183, 51.35]]]}}, {"type": "Feature", "properties": {"id_obligation": "330260000E0037", "priorite": "moyenne"}, "geometry": {"type": "Polygon", "coordinates": [[[-0.46965, 44.48136, -73.75674948240166], [-0.46941, 44.48153, -73.75674948240166], [-0.46912, 44.48159, 50.750000000000014], [-0.4688, 44.48156, 50.750000000000014], [-0.46859, 44.48147, 51.860000000000014], [-0.46845, 44.48134, 51.98639629367957], [-0.46855, 44.48136, 51.9], [-0.46858, 44.48126, 52.1], [-0.46839, 44.48123, 52.1], [-0.46845, 44.48082, 50.1], [-0.46856, 44.48069, 50.1], [-0.46859, 44.48072, 50.1], [-0.46883, 44.48055, 51.62608695652176], [-0.46898, 44.48052, 52.8], [-0.46918, 44.48061, 52.8], [-0.46921, 44.48056, 52.8], [-0.46909, 44.48052, 52.8], [-0.46935, 44.48056, -824.8000000000001], [-0.46956, 44.48064, -824.8000000000001], [-0.46971, 44.48078, -824.8000000000001], [-0.46977, 44.48095, -73.75674948240166], [-0.46965, 44.48136, -73.75674948240166]]]}}, {"type": "Feature", "properties": {"id_obligation": "330260000E0045", "priorite": "moyenne"}, "geometry": {"type": "Polygon", "coordinates": [[[-0.46957, 44.48061, -142.82592592592593], [-0.46958, 44.48082, -142.82592592592593], [-0.4694, 44.48112, 51.899999999999984], [-0.46911, 44.48128, 51.899999999999984], [-0.46881, 44.48131, 51.97333333333332], [-0.46852, 44.48124, 51.97333333333332], [-0.46837, 44.48116, 50.4], [-0.46838, 44.48112, 50.4], [-0.46814, 44.48103, 50.4], [-0.46793, 44.48081, 51.08461538461539], [-0.46789, 44.48059, 51.08461538461539], [-0.46796, 44.48043, 51.08461538461539], [-0.46825, 44.48022, 51.96769350017784], [-0.46821, 44.48035, 52.3], [-0.46829, 44.48036, 52.3], [-0.46834, 44.4802, 51.9], [-0.46829, 44.48019, 51.9], [-0.46846, 44.48012, 51.199999999999996], [-0.46871, 44.48009, 51.199999999999996], [-0.46895, 44.48013, 51.199999999999996], [-0.46927, 44.48034, 54.5], [-0.46923, 44.48047, 54.5], [-0.46937, 44.48049, 54.5], [-0.46942, 44.48042, -142.82592592592593], [-0.46957, 44.48061, -142.82592592592593]]]}}, {"type": "Feature", "properties": {"id_obligation": "330260000E0048", "priorite": "moyenne"}, "geometry": {"type": "Polygon", "coordinates": [[[-0.46865, 44.48168, 50.60000000000001], [-0.46843, 44.48176, 50.60000000000001], [-0.46818, 44.48177, 55.6], [-0.46789, 44.48171, 55.6], [-0.46766, 44.48159, 51.166666666666664], [-0.46753, 44.48145, 51.68666666666665], [-0.46749, 44.48123, 51.68666666666665], [-0.46757, 44.48103, 52.3], [-0.46772, 44.4809, 52.3], [-0.46798, 44.4808, 51.3625], [-0.46822, 44.4808, 51.3625], [-0.46855, 44.48087, 52.4], [-0.46875, 44.48097, 52.4], [-0.46888, 44.48112, 51.41000000000001], [-0.46891, 44.48129, 51.41000000000001], [-0.46887, 44.48145, 50.6], [-0.46881, 44.48147, 50.6], [-0.46885, 44.48151, 50.60000000000001], [-0.46865, 44.48168, 50.60000000000001]]]}}, {"type": "Feature", "properties": {"id_obligation": "330260000E0049", "priorite": "moyenne"}, "geometry": {"type": "Polygon", "coordinates": [[[-0.4685, 44.48074, 52.4], [-0.4687, 44.48083, 52.4], [-0.46884, 44.48097, 52.4], [-0.46891, 44.48113, 51.775000000000006], [-0.46887, 44.48136, 51.775000000000006], [-0.46877, 44.48153, 50.71111111111112], [-0.46858, 44.48165, 50.71111111111112], [-0.46828, 44.48172, 55.6], [-0.46789, 44.48166, 55.6], [-0.46766, 44.48158, 51.07777777777777], [-0.4675, 44.48145, 51.07777777777777], [-0.46744, 44.48132, 51.3], [-0.4675, 44.48129, 51.3], [-0.46742, 44.48124, 51.3], [-0.46749, 44.48099, 50.7], [-0.46764, 44.48084, 50.7], [-0.46786, 44.48075, 51.5], [-0.46822, 44.48071, 51.5], [-0.4685, 44.48074, 52.4]]]}}, {"type": "Feature", "properties": {"id_obligation": "330260000E0050", "priorite": "moyenne"}, "geometry": {"type": "Polygon", "coordinates": [[[-0.46861, 44.48103, 52.4], [-0.46859, 44.48109, 52.4], [-0.46866, 44.4811, 52.4], [-0.46867, 44.48105, 52.4], [-0.46867, 44.48119, 51.62941176470587], [-0.46855, 44.48139, 52.92222222222223], [-0.46832, 44.48152, 52.92222222222223], [-0.46804, 44.48157, 53.53333333333334], [-0.46777, 44.48154, 51.1], [-0.46783, 44.48153, 51.1], [-0.46781, 44.48145, 50.9], [-0.46772, 44.48148, 51.2], [-0.46774, 44.48153, 51.13982201199924], [-0.46758, 44.48145, 51.37499999999999], [-0.46744, 44.48131, 51.3], [-0.4675, 44.48129, 51.3], [-0.46741, 44.48125, 51.3], [-0.46735, 44.48109, 51.599999999999994], [-0.46737, 44.48096, 51.599999999999994], [-0.4674, 44.48088, 51.48], [-0.46744, 44.48082, 51.767550205290405], [-0.46744, 44.48094, 50.5], [-0.46755, 44.48092, 50.7], [-0.46751, 44.48076, 52.459837250677936], [-0.46768, 44.48066, 51.48], [-0.46796, 44.4806, 51.841662581699346], [-0.46821, 44.48062, 50.1], [-0.46843, 44.4807, 50.1], [-0.46858, 44.48085, 50.1], [-0.46867, 44.48102, 51.62941176470587], [-0.46861, 44.48103, 52.4]]]}}, {"type": "Feature", "properties": {"id_obligation": "330260000E0055", "priorite": "moyenne"}, "geometry": {"type": "Polygon", "coordinates": [[[-0.46822, 44.48037, 51.5904761904762], [-0.46821, 44.48041, 51.5904761904762], [-0.46818, 44.48049, 52.2], [-0.4682, 44.48041, 52.2], [-0.46807, 44.48039, 52.2], [-0.46804, 44.48051, 52.2], [-0.46815, 44.48053, 52.2], [-0.46804, 44.48064, 52.2], [-0.46785, 44.48074, 51.71818181818182], [-0.46754, 44.48079, 51.71818181818182], [-0.46749, 44.48073, 52.9], [-0.46742, 44.48075, 52.9], [-0.46743, 44.48078, 52.9], [-0.4673, 44.48076, 50.775000000000006], [-0.46709, 44.48066, 50.775000000000006], [-0.46695, 44.4805, 51.42], [-0.46689, 44.48028, 51.42], [-0.46693, 44.48012, 50.7], [-0.46695, 44.48019, 50.7], [-0.46705, 44.48017, 50.7], [-0.46702, 44.48007, 50.6], [-0.46695, 44.48008, 50.6670539164528], [-0.46707, 44.47997, 50.0], [-0.46727, 44.47987, 50.0], [-0.46757, 44.47983, 50.60000000000001], [-0.46762, 44.47983, 51.0], [-0.46757, 44.47984, 51.0], [-0.46762, 44.47993, 51.0], [-0.46772, 44.4799, 51.0], [-0.46768, 44.47983, 51.0], [-0.46802, 44.47996, 51.5625], [-0.46816, 44.4801, 51.5625], [-0.46822, 44.48037, 51.5904761904762]]]}}, {"type": "Feature", "properties": {"id_obligation": "330260000E0061", "priorite": "moyenne"}, "geometry": {"type": "Polygon", "coordinates": [[[-0.46785, 44.47908, 51.6875], [-0.46773, 44.47923, 51.300000000000004], [-0.46745, 44.47937, 51.9], [-0.46747, 44.47934, 51.9], [-0.4673, 44.47929, 51.9], [-0.4673, 44.47935, 51.9], [-0.46741, 44.47938, 51.9], [-0.46731, 44.4794, 50.96666666666667], [-0.46718, 44.47939, 50.5], [-0.46713, 44.47933, 50.5], [-0.46705, 44.47935, 50.5], [-0.46708, 44.47939, 50.96666666666667], [-0.4665, 44.4793, 50.675], [-0.46626, 44.47915, 51.160000000000004], [-0.46616, 44.47894, 51.160000000000004], [-0.46622, 44.47868, 51.26867063492063], [-0.46644, 44.47848, 51.26867063492063], [-0.46717, 44.47826, 51.26867063492063], [-0.46749, 44.47828, 51.26867063492063], [-0.46775, 44.4784, 51.26867063492063], [-0.46789, 44.47859, 51.26867063492063], [-0.46792, 44.47883, 51.6875], [-0.46785, 44.47908, 51.6875]]]}}, {"type": "Feature", "properties": {"id_obligation": "330260000E0062", "priorite": "moyenne"}, "geometry": {"type": "Polygon", "coordinates": [[[-0.46809, 44.47941, 50.300000000000004], [-0.46798, 44.47963, 50.300000000000004], [-0.46776, 44.47978, 50.300000000000004], [-0.46753, 44.47984, 53.233333333333334], [-0.46729, 44.47982, 53.233333333333334], [-0.46692, 44.47971, 50.760000000000005], [-0.46675, 44.47957, 50.7], [-0.46666, 44.47938, 50.65555555555555], [-0.46674, 44.47898, 51.8], [-0.46682, 44.47899, 51.9], [-0.46684, 44.47892, 51.8], [-0.46677, 44.47891, 51.8], [-0.46679, 44.47887, 51.1], [-0.46679, 44.47889, 51.1], [-0.46696, 44.47888, 53.1], [-0.46711, 44.47894, 53.1], [-0.46725, 44.47895, 53.1], [-0.46727, 44.4789, 53.1], [-0.46698, 44.47883, 51.1], [-0.46682, 44.47884, 51.45217391304348], [-0.467, 44.47871, 51.45217391304348], [-0.46728, 44.47862, 52.75384615384617], [-0.46759, 44.47864, 51.8], [-0.46785, 44.47875, 51.8], [-0.46798, 44.4789, 51.8], [-0.46809, 44.47941, 50.300000000000004]]]}}, {"type": "Feature", "properties": {"id_obligation": "330260000E0063", "priorite": "moyenne"}, "geometry": {"type": "Polygon", "coordinates": [[[-0.46761, 44.48, 52.47142857142858], [-0.46741, 44.48002, 50.1], [-0.46744, 44.47996, 50.1], [-0.4673, 44.48001, 52.47142857142858], [-0.46703, 44.47991, 51.08], [-0.46698, 44.47987, 51.3], [-0.46704, 44.47984, 51.3], [-0.46699, 44.4798, 50.9], [-0.46694, 44.47983, 50.9], [-0.46683, 44.47972, 51.08], [-0.46679, 44.47966, 50.8], [-0.46685, 44.47962, 50.8], [-0.46676, 44.47955, 50.760000000000005], [-0.46682, 44.47934, 50.5], [-0.46696, 44.4792, 50.5], [-0.46723, 44.47905, 51.20769230769229], [-0.46746, 44.479, 51.20769230769229], [-0.4677, 44.47903, 51.29999999999999], [-0.46792, 44.47911, 51.29999999999999], [-0.46812, 44.4793, 51.29999999999999], [-0.46819, 44.47947, 50.65555555555555], [-0.46815, 44.47964, 50.65555555555555], [-0.46807, 44.47966, 51.4], [-0.46807, 44.47976, 51.67058823529411], [-0.46783, 44.47993, 51.67058823529411], [-0.46761, 44.48, 52.47142857142858]]]}}, {"type": "Feature", "properties": {"id_obligation": "330260000E0065", "priorite": "moyenne"}, "geometry": {"type": "Polygon", "coordinates": [[[-0.4675, 44.48037, 51.000000000000014], [-0.46723, 44.48028, 49.89999999999999], [-0.46707, 44.48015, 49.89999999999999], [-0.46695, 44.4799, 52.385714285714286], [-0.46704, 44.47984, 51.3], [-0.46699, 44.4798, 50.9], [-0.46695, 44.47983, 50.9], [-0.46695, 44.47976, 52.385714285714286], [-0.46712, 44.47953, 50.5], [-0.46717, 44.47949, 50.5], [-0.46721, 44.47958, 50.5], [-0.46729, 44.47957, 50.5], [-0.46723, 44.47946, 50.5], [-0.46759, 44.47937, 50.550000000000004], [-0.4679, 44.47939, 50.8], [-0.4681, 44.47948, 50.8], [-0.46825, 44.47963, 51.66666666666666], [-0.46834, 44.47984, 51.66666666666666], [-0.46831, 44.48005, 51.292307692307695], [-0.46819, 44.4802, 51.292307692307695], [-0.468, 44.4803, 51.292307692307695], [-0.46774, 44.48037, 51.000000000000014], [-0.4675, 44.48037, 51.000000000000014]]]}}, {"type": "Feature", "properties": {"id_obligation": "330260000E0067", "priorite": "moyenne"}, "geometry": {"type": "Polygon", "coordinates": [[[-0.46837, 44.48071, 50.449999999999996], [-0.46813, 44.48085, 50.449999999999996], [-0.4679, 44.48089, 52.2], [-0.46762, 44.48087, 52.2], [-0.46755, 44.48086, 51.5], [-0.46749, 44.48073, 52.9], [-0.46742, 44.48075, 52.9], [-0.46744, 44.48081, 52.9], [-0.46727, 44.4807, 51.415151515151535], [-0.46717, 44.48053, 51.415151515151535], [-0.46715, 44.48042, 52.86682308758859], [-0.46729, 44.4804, 52.9], [-0.46727, 44.48034, 52.9], [-0.46712, 44.48034, 50.8823529411765], [-0.46713, 44.48017, 50.8823529411765], [-0.46722, 44.47997, 50.1], [-0.46748, 44.47977, 50.1], [-0.46769, 44.47969, 51.83571428571429], [-0.46793, 44.47966, 51.83571428571429], [-0.46807, 44.47968, 51.093822206662885], [-0.46807, 44.47974, 50.3], [-0.46823, 44.47972, 50.95555555555555], [-0.46846, 44.47986, 50.95555555555555], [-0.46856, 44.48002, 50.95555555555555], [-0.4685, 44.48047, 50.449999999999996], [-0.46837, 44.48071, 50.449999999999996]]]}}, {"type": "Feature", "properties": {"id_obligation": "330260000E0077", "priorite": "moyenne"}, "geometry": {"type": "Polygon", "coordinates": [[[-0.46855, 44.48054, 50.1], [-0.46827, 44.48045, 52.3], [-0.4681, 44.48032, 51.945454545454545], [-0.46795, 44.48005, 51.945454545454545], [-0.46796, 44.47984, 51.47857142857141], [-0.46806, 44.47968, 51.47857142857141], [-0.46807, 44.47974, 50.3], [-0.46819, 44.47974, 51.0], [-0.46819, 44.47967, 51.3], [-0.4681, 44.47965, 51.47857142857141], [-0.46849, 44.47949, 51.5], [-0.46874, 44.47948, 51.5], [-0.46903, 44.47957, 51.15714285714286], [-0.4692, 44.47971, 51.15714285714286], [-0.46935, 44.47997, 57.7], [-0.46935, 44.48014, 57.7], [-0.46927, 44.4803, 52.16153499278499], [-0.4691, 44.48043, 52.16153499278499], [-0.46886, 44.48052, 50.1], [-0.46855, 44.48054, 50.1]]]}}, {"type": "Feature", "properties": {"id_obligation": "330260000E0091", "priorite": "moyenne"}, "geometry": {"type": "MultiPolygon", "coordinates": [[[[-0.46799, 44.48021, 50.7], [-0.468, 44.48015, 50.7], [-0.4679, 44.48008, 51.0], [-0.46786, 44.48021, 52.6], [-0.46759, 44.48013, 51.350000000000016], [-0.46743, 44.48002, 50.1], [-0.46744, 44.47996, 50.1], [-0.46739, 44.47997, 50.1], [-0.46732, 44.4798, 54.54545454545455], [-0.46734, 44.47957, 50.48181818181819], [-0.4675, 44.47938, 50.48181818181819], [-0.46767, 44.4793, 51.3], [-0.4678, 44.47938, 51.3], [-0.46785, 44.47933, 51.3], [-0.46773, 44.47928, 51.3], [-0.46807, 44.47922, 50.9], [-0.46834, 44.47923, 51.613679558745346], [-0.46856, 44.4793, 51.613679558745346], [-0.46872, 44.47943, 51.613679558745346], [-0.46882, 44.47964, 51.288888888888884], [-0.46873, 44.47994, 51.15555555555555], [-0.46856, 44.47995, 51.2], [-0.46862, 44.48004, 51.2], [-0.46817, 44.48019, 51.521052631578954], [-0.46799, 44.48021, 50.7]]], [[[-0.46869, 44.47999, 51.2], [-0.46867, 44.47997, 51.2], [-0.46872, 44.47996, 51.05643324597749], [-0.46869, 44.47999, 51.2]]]]}}, {"type": "Feature", "properties": {"id_obligation": "330260000E0096", "priorite": "moyenne"}, "geometry": {"type": "Polygon", "coordinates": [[[-0.46742, 44.47926, 50.91818181818182], [-0.46719, 44.47921, 51.53618796662276], [-0.46696, 44.47906, 51.53618796662276], [-0.46696, 44.47895, 51.0], [-0.46689, 44.47894, 51.904347826086976], [-0.4669, 44.47887, 51.1], [-0.46725, 44.47895, 53.1], [-0.46727, 44.4789, 53.1], [-0.46687, 44.47882, 51.1], [-0.46687, 44.47866, 51.904347826086976], [-0.46702, 44.47842, 51.53618796662276], [-0.46733, 44.47828, 51.53618796662276], [-0.46769, 44.47827, 51.53618796662276], [-0.46793, 44.47831, 51.53618796662276], [-0.46817, 44.47844, 51.53618796662276], [-0.46829, 44.4786, 51.53618796662276], [-0.4683, 44.47886, 51.53618796662276], [-0.46823, 44.47902, 51.3], [-0.46803, 44.47918, 51.3], [-0.46773, 44.47926, 50.91818181818182], [-0.46742, 44.47926, 50.91818181818182]]]}}, {"type": "Feature", "properties": {"id_obligation": "330260000E0184", "priorite": "forte"}, "geometry": {"type": "Polygon", "coordinates": [[[-0.473, 44.47869, 54.272395833333334], [-0.47325, 44.47889, 57.5], [-0.47332, 44.47906, 57.5], [-0.47328, 44.47924, 52.73125], [-0.47321, 44.47934, 53.1], [-0.47322, 44.47929, 52.6], [-0.4731, 44.47925, 52.6], [-0.47305, 44.47924, 52.6], [-0.47302, 44.4793, 52.6], [-0.47313, 44.47936, 52.8], [-0.4732, 44.47935, 53.1], [-0.47314, 44.47942, 52.73125], [-0.47291, 44.47956, 52.73125], [-0.47261, 44.4796, 54.272395833333334], [-0.47229, 44.47953, 54.272395833333334], [-0.47198, 44.47952, 54.272395833333334], [-0.47168, 44.47941, 54.272395833333334], [-0.47152, 44.47927, 53.4], [-0.47145, 44.47909, 53.4], [-0.47147, 44.47892, 54.272395833333334], [-0.47161, 44.47871, 54.272395833333334], [-0.47197, 44.47855, 54.272395833333334], [-0.47257, 44.4786, 54.272395833333334], [-0.473, 44.47869, 54.272395833333334]]]}}, {"type": "Feature", "properties": {"id_obligation": "330260000E0206", "priorite": "très forte"}, "geometry": {"type": "Polygon", "coordinates": [[[-0.47557, 44.47796, 53.67857142857143], [-0.4754, 44.47777, 53.67857142857143], [-0.47536, 44.4776, 53.67857142857143], [-0.47543, 44.47741, 53.67857142857143], [-0.47558, 44.47726, 53.67857142857143], [-0.47579, 44.47717, 53.67857142857143], [-0.47603, 44.47714, 53.67857142857143], [-0.47633, 44.47719, 53.67857142857143], [-0.47653, 44.4773, 53.67857142857143], [-0.47665, 44.47745, 53.67857142857143], [-0.47669, 44.47762, 53.67857142857143], [-0.47662, 44.47784, 53.67857142857143], [-0.47647, 44.47798, 53.67857142857143], [-0.47625, 44.47807, 53.6], [-0.47617, 44.47808, 53.6], [-0.47619, 44.47805, 53.6], [-0.47611, 44.47802, 53.6], [-0.47607, 44.47807, 53.6], [-0.47612, 44.47809, 53.6], [-0.47579, 44.47806, 53.67857142857143], [-0.47557, 44.47796, 53.67857142857143]]]}}, {"type": "Feature", "properties": {"id_obligation": "330260000E0225", "priorite": "forte"}, "geometry": {"type": "Polygon", "coordinates": [[[-0.47796, 44.47891, -76.75857142857146], [-0.47772, 44.47903, -76.75857142857146], [-0.47748, 44.47906, -604.8625000000001], [-0.47713, 44.47902, 54.5125], [-0.47718, 44.47899, 53.7], [-0.47711, 44.47902, 53.7], [-0.47696, 44.47896, 54.5125], [-0.47676, 44.47879, 54.3], [-0.47692, 44.47879, 55.1], [-0.47693, 44.47862, 54.3], [-0.47679, 44.4786, 54.1], [-0.47674, 44.47875, 54.357142857142854], [-0.4767, 44.47857, 54.357142857142854], [-0.47676, 44.47835, 56.8], [-0.47693, 44.47817, 56.8], [-0.47714, 44.47808, -76.75857142857146], [-0.47739, 44.47806, -76.75857142857146], [-0.47773, 44.4781, -76.75857142857146], [-0.47794, 44.47819, -76.75857142857146], [-0.47809, 44.47834, -76.75857142857146], [-0.47814, 44.47851, -76.75857142857146], [-0.47811, 44.47872, -76.75857142857146], [-0.47796, 44.47891, -76.75857142857146]]]}}, {"type": "Feature", "properties": {"id_obligation": "330260000E0229", "priorite": "forte"}, "geometry": {"type": "Polygon", "coordinates": [[[-0.47685, 44.4788, 54.98846153846154], [-0.47658, 44.47879, 55.971707631365184], [-0.47659, 44.47864, 56.4], [-0.47651, 44.47864, 56.4], [-0.47651, 44.47877, 56.163598803507064], [-0.47611, 44.47855, 54.93465700965701], [-0.47588, 44.47851, 54.93465700965701], [-0.47565, 44.4784, 53.6], [-0.4755, 44.47826, 53.6], [-0.47544, 44.47809, 53.6], [-0.47547, 44.47792, 53.699999999999996], [-0.47563, 44.47772, 53.699999999999996], [-0.47589, 44.4776, 53.699999999999996], [-0.4762, 44.47757, 54.93465700965701], [-0.47664, 44.47774, 54.93465700965701], [-0.47698, 44.47778, 54.93465700965701], [-0.47727, 44.47794, 54.93465700965701], [-0.47744, 44.47813, 56.8], [-0.47747, 44.47834, 56.8], [-0.47739, 44.47851, 55.0909090909091], [-0.47712, 44.47872, 55.0909090909091], [-0.47685, 44.4788, 54.98846153846154]]]}}, {"type": "Feature", "properties": {"id_obligation": "330260000E0240", "priorite": "forte"}, "geometry": {"type": "Polygon", "coordinates": [[[-0.4765, 44.47903, 55.44166666666666], [-0.47634, 44.47931, 53.7], [-0.47604, 44.47948, 53.04848484848483], [-0.4759, 44.47952, 53.4], [-0.47574, 44.47947, 53.1], [-0.47573, 44.47953, 53.7], [-0.47543, 44.47947, -247.2271722325294], [-0.47523, 44.47937, -247.2271722325294], [-0.47496, 44.47905, 52.557142857142864], [-0.4749, 44.47888, 52.557142857142864], [-0.47493, 44.47866, -247.2271722325294], [-0.47505, 44.4785, -247.2271722325294], [-0.47524, 44.47839, -247.2271722325294], [-0.47548, 44.47834, -1000.0], [-0.47581, 44.47836, -1000.0], [-0.47603, 44.47843, -1000.0], [-0.47635, 44.47861, -1000.0], [-0.47648, 44.47882, 55.44166666666666], [-0.4765, 44.47903, 55.44166666666666]]]}}, {"type": "Feature", "properties": {"id_obligation": "330260000E0242", "priorite": "forte"}, "geometry": {"type": "Polygon", "coordinates": [[[-0.47581, 44.47861, -1000.0], [-0.47587, 44.4784, -76.4539423076923], [-0.47601, 44.47825, -76.4539423076923], [-0.47624, 44.47814, 56.8], [-0.47649, 44.47811, 56.8], [-0.47674, 44.47815, 56.8], [-0.47694, 44.47825, 56.8], [-0.47713, 44.47845, 54.53846153846154], [-0.47717, 44.47862, 54.53846153846154], [-0.47711, 44.47879, 54.53846153846154], [-0.47697, 44.47894, 54.60000000000001], [-0.47681, 44.47902, 54.6], [-0.47673, 44.479, 54.6], [-0.47673, 44.47904, 54.6], [-0.47627, 44.47904, 55.5], [-0.47629, 44.47899, 55.5], [-0.47611, 44.47898, 55.5], [-0.47588, 44.47879, -1000.0], [-0.47581, 44.47861, -1000.0]]]}}, {"type": "Feature", "properties": {"id_obligation": "330260000E0243", "priorite": "forte"}, "geometry": {"type": "Polygon", "coordinates": [[[-0.47751, 44.47895, 53.814285714285724], [-0.47738, 44.4791, 53.814285714285724], [-0.47717, 44.4792, 53.814285714285724], [-0.477, 44.47918, 53.9], [-0.477, 44.47924, 53.9], [-0.47692, 44.47924, 54.47647058823531], [-0.47656, 44.47922, 55.5], [-0.47626, 44.47908, 55.5], [-0.47629, 44.47899, 55.5], [-0.47617, 44.47896, 55.45624999999999], [-0.47612, 44.47875, 55.45624999999999], [-0.4762, 44.47847, 54.15], [-0.47637, 44.47829, 54.15], [-0.47659, 44.4782, 56.8], [-0.4769, 44.47816, 56.8], [-0.47723, 44.47823, 55.4], [-0.47745, 44.47837, 55.4], [-0.47756, 44.47856, -698.4571428571428], [-0.47751, 44.47895, 53.814285714285724]]]}}, {"type": "Feature", "properties": {"id_obligation": "330260000E0244", "priorite": "moyenne"}, "geometry": {"type": "Polygon", "coordinates": [[[-0.4757, 44.47943, 52.74471799987629], [-0.47573, 44.47937, 52.6], [-0.47567, 44.47941, 52.6], [-0.47558, 44.47933, 52.945454545454545], [-0.47549, 44.47912, 54.64000000000001], [-0.47557, 44.47886, 54.1], [-0.47566, 44.47886, 54.1], [-0.47567, 44.4788, 54.1], [-0.47561, 44.47879, 54.1], [-0.47568, 44.4787, 54.22500000000001], [-0.47591, 44.47855, 54.22500000000001], [-0.47615, 44.47851, -698.8571428571429], [-0.47644, 44.47855, 53.9], [-0.47647, 44.47861, 54.1], [-0.47654, 44.47861, 54.1], [-0.47648, 44.47856, 54.4], [-0.47667, 44.47863, 54.90434782608693], [-0.47677, 44.47869, 54.3], [-0.47675, 44.47879, 54.3], [-0.47686, 44.47879, 54.8], [-0.47692, 44.47897, 54.77777777777779], [-0.47688, 44.47914, 54.77777777777779], [-0.47672, 44.4794, -39.7884274813351], [-0.47643, 44.47955, 53.8], [-0.47647, 44.47949, 53.8], [-0.47641, 44.47947, 53.8], [-0.47639, 44.47951, 53.8], [-0.47629, 44.47951, 53.8], [-0.47627, 44.47954, 53.8], [-0.47636, 44.47957, 53.8], [-0.4763, 44.47957, 53.55714285714285], [-0.47605, 44.47956, 53.55714285714285], [-0.47593, 44.47949, 53.4], [-0.47591, 44.47952, 53.4], [-0.4757, 44.47943, 52.74471799987629]]]}}, {"type": "Feature", "properties": {"id_obligation": "330260000E0245", "priorite": "moyenne"}, "geometry": {"type": "Polygon", "coordinates": [[[-0.47631, 44.47955, 53.8], [-0.47641, 44.47958, 53.8], [-0.47647, 44.47949, 53.8], [-0.47641, 44.47947, 53.8], [-0.47639, 44.47951, 53.8], [-0.47627, 44.47953, 53.58999999999999], [-0.47611, 44.47939, 54.07692307692309], [-0.47605, 44.47922, 54.07692307692309], [-0.47612, 44.47887, 55.36842105263157], [-0.47632, 44.47866, 55.36842105263157], [-0.4766, 44.47856, 55.36842105263157], [-0.47698, 44.47857, -238.3777777777778], [-0.47719, 44.47865, -238.3777777777778], [-0.47764, 44.47891, 12.234963691279473], [-0.47777, 44.47915, 53.7], [-0.47755, 44.47917, 53.7], [-0.47755, 44.4792, 53.7], [-0.47776, 44.4792, 53.2], [-0.47776, 44.47939, 53.250000000000014], [-0.47768, 44.47956, 12.234963691279473], [-0.47752, 44.47969, 12.234963691279473], [-0.47724, 44.47977, 53.45384615384614], [-0.4769, 44.47977, 53.7], [-0.47677, 44.47975, 52.9], [-0.47681, 44.47969, 52.9], [-0.47674, 44.47966, 52.9], [-0.47669, 44.47972, 52.9], [-0.47631, 44.47955, 53.8]]]}}, {"type": "Feature", "properties": {"id_obligation": "330260000E0249", "priorite": "moyenne"}, "geometry": {"type": "Polygon", "coordinates": [[[-0.47729, 44.47961, -21.344880952380958], [-0.47705, 44.47947, -21.344880952380958], [-0.47693, 44.47928, 53.462500000000006], [-0.47695, 44.47902, -473.1500000000001], [-0.47711, 44.47884, -473.1500000000001], [-0.47731, 44.47875, -473.1500000000001], [-0.47766, 44.4787, -21.344880952380958], [-0.47806, 44.47873, 53.5], [-0.47827, 44.47882, 53.5], [-0.47841, 44.47896, 53.5], [-0.47847, 44.47913, 54.35333333333333], [-0.47843, 44.47935, 54.1], [-0.47816, 44.47959, 54.1], [-0.4778, 44.47965, 55.15344541842057], [-0.47783, 44.47957, 54.6], [-0.47788, 44.47958, 54.6], [-0.47791, 44.47948, 54.1], [-0.47797, 44.47949, 54.1], [-0.47799, 44.47944, 54.1], [-0.47798, 44.47933, 54.1], [-0.47788, 44.47931, 54.1], [-0.47773, 44.47965, 55.4], [-0.47729, 44.47961, -21.344880952380958]]]}}, {"type": "Feature", "properties": {"id_obligation": "330260000E0250", "priorite": "forte"}, "geometry": {"type": "Polygon", "coordinates": [[[-0.47817, 44.47964, 54.666666666666664], [-0.4778, 44.47965, 55.18759809801787], [-0.47783, 44.47957, 54.6], [-0.47788, 44.47958, 54.6], [-0.47791, 44.47948, 54.1], [-0.47797, 44.47949, 54.1], [-0.47799, 44.47944, 54.1], [-0.47798, 44.47933, 54.1], [-0.47788, 44.47931, 54.1], [-0.47773, 44.47965, 55.4], [-0.47741, 44.47952, 54.7], [-0.47728, 44.47937, 54.7], [-0.47723, 44.4792, 53.2], [-0.4773, 44.47894, 54.01871794871795], [-0.47745, 44.47876, 54.01871794871795], [-0.47765, 44.47866, 54.01871794871795], [-0.47795, 44.47863, 53.5], [-0.47827, 44.47867, 54.01871794871795], [-0.47852, 44.47879, 54.01871794871795], [-0.47865, 44.47893, 54.01871794871795], [-0.47869, 44.4791, 54.01871794871795], [-0.47863, 44.47931, 54.01871794871795], [-0.47847, 44.47949, 54.01871794871795], [-0.47817, 44.47964, 54.666666666666664]]]}}, {"type": "Feature", "properties": {"id_obligation": "330260000E0253", "priorite": "forte"}, "geometry": {"type": "Polygon", "coordinates": [[[-0.47821, 44.48002, 53.35249587014294], [-0.478, 44.48011, 52.8], [-0.47776, 44.48014, 52.8], [-0.47746, 44.48008, 52.82222222222222], [-0.47725, 44.47997, 52.82222222222222], [-0.47713, 44.47982, 52.82222222222222], [-0.47709, 44.47962, 52.6], [-0.47719, 44.47931, 52.6], [-0.47731, 44.47916, 52.6], [-0.4775, 44.47905, 52.6], [-0.47779, 44.47901, 53.552941176470604], [-0.47805, 44.47904, 54.9005392415247], [-0.47805, 44.4791, 53.5], [-0.4779, 44.47907, 53.5], [-0.47786, 44.4792, 53.5], [-0.47798, 44.47922, 53.5], [-0.478, 44.47913, 53.5], [-0.47819, 44.47907, 54.9], [-0.47841, 44.4792, 54.39230769230768], [-0.47853, 44.4794, 53.35249587014294], [-0.47849, 44.47967, 53.35249587014294], [-0.47821, 44.48002, 53.35249587014294]]]}}, {"type": "Feature", "properties": {"id_obligation": "330260000E0255", "priorite": "forte"}, "geometry": {"type": "Polygon", "coordinates": [[[-0.47783, 44.4803, 54.1025], [-0.47767, 44.48044, 54.1025], [-0.47711, 44.48061, 54.1025], [-0.47686, 44.48059, 54.1025], [-0.47655, 44.48049, 54.1025], [-0.4764, 44.48035, 54.1025], [-0.47633, 44.48019, 54.4], [-0.47635, 44.48001, 54.4], [-0.4765, 44.47973, 52.9], [-0.47667, 44.47961, 52.9], [-0.47695, 44.47953, 53.93333333333333], [-0.47737, 44.47953, 53.93333333333333], [-0.4777, 44.47964, 55.399999999999984], [-0.47788, 44.47982, 55.399999999999984], [-0.47792, 44.48009, 54.1025], [-0.47783, 44.4803, 54.1025]]]}}, {"type": "Feature", "properties": {"id_obligation": "330260000E0261", "priorite": "moyenne"}, "geometry": {"type": "Polygon", "coordinates": [[[-0.47691, 44.47975, 53.7], [-0.47684, 44.47991, 54.4], [-0.47658, 44.48002, 53.79088505068803], [-0.47628, 44.48002, 53.79088505068803], [-0.47598, 44.47994, 53.540000000000006], [-0.47579, 44.47983, 53.540000000000006], [-0.47567, 44.47967, 53.230434782608675], [-0.47565, 44.4795, 53.230434782608675], [-0.47566, 44.47943, 52.637058257582424], [-0.47567, 44.47942, 52.6], [-0.47573, 44.4793, 52.86363636363635], [-0.47599, 44.47911, 52.86363636363635], [-0.47614, 44.47907, 55.5], [-0.47612, 44.4791, 55.5], [-0.47622, 44.47913, 55.5], [-0.47627, 44.47903, 55.5], [-0.47649, 44.47902, 55.14], [-0.47673, 44.47908, 54.6], [-0.47668, 44.47919, 54.6], [-0.47679, 44.47919, 54.6], [-0.47685, 44.47913, 54.6], [-0.47708, 44.47937, 53.7], [-0.47709, 44.47955, 53.7], [-0.47699, 44.47976, 53.66875000000001], [-0.47691, 44.47975, 53.7]], [[-0.47576, 44.4794, 52.6], [-0.47573, 44.47937, 52.6], [-0.47567, 44.47942, 52.6], [-0.47576, 44.4794, 52.6]]]}}, {"type": "Feature", "properties": {"id_obligation": "330260000E0263", "priorite": "moyenne"}, "geometry": {"type": "Polygon", "coordinates": [[[-0.47665, 44.47986, 52.9], [-0.47643, 44.47994, 53.72500000000001], [-0.47618, 44.47995, 53.72500000000001], [-0.47595, 44.47988, 53.49999999999999], [-0.47576, 44.47978, 53.49999999999999], [-0.47557, 44.47957, 52.95357142857143], [-0.47553, 44.47935, 52.95357142857143], [-0.47561, 44.47919, 52.95357142857143], [-0.47589, 44.47897, 55.10000000000001], [-0.47609, 44.47888, 55.45], [-0.47639, 44.47885, 55.45], [-0.47662, 44.4789, 54.828571428571436], [-0.4768, 44.479, 54.6], [-0.47673, 44.479, 54.6], [-0.47668, 44.47919, 54.6], [-0.47685, 44.47915, 54.6], [-0.47681, 44.47901, 54.6], [-0.477, 44.47922, 53.9], [-0.47702, 44.47945, 54.37857142857143], [-0.47685, 44.4797, 52.9], [-0.47665, 44.47986, 52.9]]]}}, {"type": "Feature", "properties": {"id_obligation": "330260000E0266", "priorite": "forte"}, "geometry": {"type": "Polygon", "coordinates": [[[-0.47632, 44.4793, 53.7], [-0.47616, 44.47941, 53.7], [-0.4762, 44.47944, 53.7], [-0.47638, 44.47938, 53.7], [-0.47641, 44.47947, 53.8], [-0.47627, 44.47954, 53.8], [-0.47642, 44.47957, 53.8], [-0.47626, 44.47987, 53.400000000000006], [-0.47606, 44.47999, 53.400000000000006], [-0.47582, 44.48004, 53.7], [-0.47557, 44.48002, 53.7], [-0.47534, 44.47993, 53.65171568627451], [-0.47517, 44.4798, 53.65171568627451], [-0.47508, 44.47963, 53.65171568627451], [-0.4751, 44.47945, 53.65171568627451], [-0.47524, 44.47925, 53.65171568627451], [-0.47543, 44.47913, 53.65171568627451], [-0.47566, 44.47908, 54.525000000000006], [-0.47591, 44.47909, 54.525000000000006], [-0.47614, 44.47917, 53.65171568627451], [-0.47632, 44.4793, 53.7]]]}}, {"type": "Feature", "properties": {"id_obligation": "330260000E0357", "priorite": "très forte"}, "geometry": {"type": "Polygon", "coordinates": [[[-0.46624, 44.47668, 52.724074074074075], [-0.46615, 44.47652, 52.724074074074075], [-0.46614, 44.47635, 52.724074074074075], [-0.46626, 44.47612, 52.65], [-0.46648, 44.47596, 52.65], [-0.46672, 44.47591, 52.73333333333333], [-0.46697, 44.47592, 52.73333333333333], [-0.46723, 44.476, 52.724074074074075], [-0.46743, 44.47616, 52.724074074074075], [-0.46751, 44.47632, 52.724074074074075], [-0.4675, 44.4765, 52.724074074074075], [-0.46739, 44.47668, 52.724074074074075], [-0.46722, 44.47681, 52.724074074074075], [-0.46699, 44.47688, 52.724074074074075], [-0.46673, 44.47689, 52.724074074074075], [-0.46647, 44.47682, 52.724074074074075], [-0.46624, 44.47668, 52.724074074074075]]]}}, {"type": "Feature", "properties": {"id_obligation": "330260000E0358", "priorite": "très forte"}, "geometry": {"type": "Polygon", "coordinates": [[[-0.46605, 44.47647, 52.77499999999999], [-0.46589, 44.47628, 52.77499999999999], [-0.46587, 44.47606, 52.77499999999999], [-0.46603, 44.47582, 52.77499999999999], [-0.46627, 44.4757, 52.77499999999999], [-0.46657, 44.47566, 52.77499999999999], [-0.46729, 44.47587, 52.77499999999999], [-0.46748, 44.47605, 52.77499999999999], [-0.46753, 44.47622, 52.77499999999999], [-0.46748, 44.4764, 52.77499999999999], [-0.46732, 44.47661, 52.77499999999999], [-0.46713, 44.47672, 52.77499999999999], [-0.46688, 44.47677, 52.8], [-0.46663, 44.47675, 52.8], [-0.46605, 44.47647, 52.77499999999999]]]}}, {"type": "Feature", "properties": {"id_obligation": "330260000E0420", "priorite": "moyenne"}, "geometry": {"type": "Polygon", "coordinates": [[[-0.46653, 44.48152, 51.676406926406926], [-0.46628, 44.48153, 51.676406926406926], [-0.46604, 44.48147, 51.676406926406926], [-0.46585, 44.48136, 51.676406926406926], [-0.46573, 44.4812, 51.676406926406926], [-0.46567, 44.48094, 51.676406926406926], [-0.46575, 44.48077, 51.676406926406926], [-0.46591, 44.48064, 51.676406926406926], [-0.46634, 44.4805, 51.676406926406926], [-0.46658, 44.48048, 51.676406926406926], [-0.46687, 44.48054, 51.26190476190476], [-0.46706, 44.48066, 51.26190476190476], [-0.4672, 44.4809, 51.676406926406926], [-0.46719, 44.48112, 51.676406926406926], [-0.46705, 44.48131, 51.676406926406926], [-0.4668, 44.48144, 51.676406926406926], [-0.46653, 44.48152, 51.676406926406926]]]}}, {"type": "Feature", "properties": {"id_obligation": "330260000E0425", "priorite": "forte"}, "geometry": {"type": "MultiPolygon", "coordinates": [[[[-0.4687, 44.4821, 53.0802205882353], [-0.46857, 44.48225, 53.0802205882353], [-0.46837, 44.48235, 53.0802205882353], [-0.46788, 44.48244, 53.0802205882353], [-0.46763, 44.48245, 53.0802205882353], [-0.4674, 44.48238, 53.0802205882353], [-0.46719, 44.48221, 53.0802205882353], [-0.46709, 44.48199, 53.0802205882353], [-0.46714, 44.48178, 53.0802205882353], [-0.46727, 44.48163, 53.0802205882353], [-0.46747, 44.48154, 53.0802205882353], [-0.46761, 44.48133, 53.0802205882353], [-0.46781, 44.48123, 52.42941176470589], [-0.46807, 44.48117, 51.9], [-0.46805, 44.48123, 51.9], [-0.46816, 44.48131, 56.0], [-0.46827, 44.48133, 56.0], [-0.46829, 44.48127, 52.1], [-0.46836, 44.48129, 52.1], [-0.46834, 44.48132, 52.1], [-0.46855, 44.48136, 51.9], [-0.46858, 44.48129, 52.1], [-0.46871, 44.48142, 52.18000000000001], [-0.4688, 44.48164, 53.0802205882353], [-0.4687, 44.4821, 53.0802205882353]]], [[[-0.46816, 44.48117, 52.42941176470589], [-0.46825, 44.48117, 51.9], [-0.46824, 44.48121, 51.9], [-0.4681, 44.48117, 52.42941176470589], [-0.46816, 44.48117, 52.42941176470589]]], [[[-0.4684, 44.48121, 52.18000000000001], [-0.46851, 44.48125, 52.1], [-0.46827, 44.48121, 51.9], [-0.46828, 44.48118, 52.18000000000001], [-0.4684, 44.48121, 52.18000000000001]]]]}}, {"type": "Feature", "properties": {"id_obligation": "330260000E0442", "priorite": "très forte"}, "geometry": {"type": "Polygon", "coordinates": [[[-0.47212, 44.48597, 49.3], [-0.47216, 44.48619, 49.3], [-0.47204, 44.48639, 49.3], [-0.47181, 44.48656, 49.3], [-0.47158, 44.48662, 49.3], [-0.47128, 44.4866, 49.3], [-0.47091, 44.48644, 49.3], [-0.47075, 44.48632, 49.3], [-0.47066, 44.48615, 49.3], [-0.47067, 44.48598, 49.3], [-0.47081, 44.48577, 49.3], [-0.47099, 44.48565, 49.3], [-0.47122, 44.48558, 49.3], [-0.47147, 44.48558, 49.3], [-0.47195, 44.48579, 49.3], [-0.47212, 44.48597, 49.3]]]}}, {"type": "Feature", "properties": {"id_obligation": "330260000E0736", "priorite": "très forte"}, "geometry": {"type": "Polygon", "coordinates": [[[-0.47523, 44.46476, 53.89999999999999], [-0.47493, 44.46469, 53.89999999999999], [-0.47475, 44.46458, 53.89999999999999], [-0.47463, 44.46443, 53.89999999999999], [-0.47461, 44.46425, 53.89999999999999], [-0.4747, 44.46402, 53.89999999999999], [-0.47485, 44.46389, 53.89999999999999], [-0.47506, 44.4638, 53.89999999999999], [-0.47536, 44.46379, 53.89999999999999], [-0.47573, 44.46386, 53.89999999999999], [-0.47592, 44.46397, 53.89999999999999], [-0.47604, 44.46413, 53.89999999999999], [-0.47606, 44.46435, 53.89999999999999], [-0.47595, 44.46455, 53.89999999999999], [-0.47574, 44.4647, 53.89999999999999], [-0.47548, 44.46477, 53.89999999999999], [-0.47523, 44.46476, 53.89999999999999]]]}}, {"type": "Feature", "properties": {"id_obligation": "330260000E0737", "priorite": "très forte"}, "geometry": {"type": "Polygon", "coordinates": [[[-0.4791, 44.46316, 57.645999999999994], [-0.47875, 44.46324, 56.9], [-0.47794, 44.46314, 57.645999999999994], [-0.47768, 44.46302, 57.645999999999994], [-0.47753, 44.46283, 57.645999999999994], [-0.47753, 44.46255, 57.6], [-0.47771, 44.46229, 57.6], [-0.47777, 44.46202, 57.645999999999994], [-0.47793, 44.46184, 57.645999999999994], [-0.47813, 44.46175, 58.35999999999999], [-0.47843, 44.46172, 58.35999999999999], [-0.47892, 44.46181, 57.645999999999994], [-0.47913, 44.46192, 57.645999999999994], [-0.47929, 44.46216, 57.645999999999994], [-0.47929, 44.46251, 57.645999999999994], [-0.47937, 44.46271, 57.645999999999994], [-0.47933, 44.46294, 57.645999999999994], [-0.4791, 44.46316, 57.645999999999994]]]}}, {"type": "Feature", "properties": {"id_obligation": "330260000E0738", "priorite": "très forte"}, "geometry": {"type": "Polygon", "coordinates": [[[-0.47874, 44.46274, 56.9], [-0.47869, 44.46273, 56.9], [-0.47869, 44.46279, 57.04999999999999], [-0.47846, 44.46293, 57.04999999999999], [-0.47816, 44.46297, 57.8], [-0.47784, 44.46292, 57.829027777777775], [-0.47764, 44.46282, 57.829027777777775], [-0.47749, 44.46263, 57.829027777777775], [-0.47748, 44.46246, 57.829027777777775], [-0.47754, 44.46223, 57.829027777777775], [-0.47769, 44.46208, 57.829027777777775], [-0.4779, 44.46199, 58.29999999999999], [-0.47815, 44.46196, 58.29999999999999], [-0.47848, 44.46201, 58.419999999999995], [-0.47868, 44.46212, 58.419999999999995], [-0.4788, 44.46227, 58.419999999999995], [-0.4788, 44.46263, 57.04999999999999], [-0.47874, 44.46274, 56.9]]]}}, {"type": "Feature", "properties": {"id_obligation": "330260000E1471", "priorite": "forte"}, "geometry": {"type": "Polygon", "coordinates": [[[-0.47674, 44.47966, 52.9], [-0.47667, 44.47975, 52.9], [-0.47676, 44.47975, 52.9], [-0.47676, 44.47984, 53.92125850340137], [-0.47662, 44.48009, 53.92125850340137], [-0.4764, 44.48024, 53.92125850340137], [-0.47605, 44.48028, 53.6], [-0.47572, 44.48021, 53.92125850340137], [-0.47553, 44.48009, 53.92125850340137], [-0.47522, 44.47972, 53.0], [-0.47517, 44.47951, 53.0], [-0.47526, 44.47929, 55.1], [-0.47545, 44.47913, 55.1], [-0.47567, 44.47906, 55.1], [-0.47575, 44.47908, 55.1], [-0.47577, 44.47904, 55.1], [-0.476, 44.47904, 53.96666666666668], [-0.47622, 44.47913, 55.5], [-0.47624, 44.47909, 55.5], [-0.47632, 44.47912, 54.9], [-0.47651, 44.47922, 54.9], [-0.47663, 44.47937, 53.5], [-0.47674, 44.47966, 52.9]]]}}, {"type": "Feature", "properties": {"id_obligation": "330260000E1479", "priorite": "moyenne"}, "geometry": {"type": "Polygon", "coordinates": [[[-0.46747, 44.48061, 51.9], [-0.46736, 44.48063, 51.9], [-0.46738, 44.48069, 51.9], [-0.46749, 44.48067, 51.360714285714266], [-0.46736, 44.48096, 52.225], [-0.46712, 44.4811, 52.225], [-0.4668, 44.48116, 51.929200164914455], [-0.46641, 44.48107, 51.9], [-0.46659, 44.481, 52.6], [-0.46655, 44.48093, 52.6], [-0.4663, 44.48101, 51.9], [-0.46616, 44.48087, 52.09090909090909], [-0.46608, 44.48067, 51.929200164914455], [-0.46613, 44.48046, 51.929200164914455], [-0.46626, 44.48031, 52.8], [-0.46647, 44.48021, 52.8], [-0.46655, 44.48024, 52.8], [-0.46661, 44.48018, 52.8], [-0.46675, 44.48015, 51.716666666666676], [-0.46702, 44.48018, 50.7], [-0.4672, 44.48025, 52.11111111111111], [-0.46739, 44.48041, 51.360714285714266], [-0.46731, 44.48045, 50.9], [-0.46738, 44.48056, 50.9], [-0.46745, 44.48054, 50.9], [-0.46747, 44.48061, 51.9]]]}}, {"type": "Feature", "properties": {"id_obligation": "330260000E1537", "priorite": "moyenne"}, "geometry": {"type": "Polygon", "coordinates": [[[-0.46806, 44.48118, 51.9], [-0.46788, 44.48131, 51.900000000000006], [-0.46758, 44.48138, 51.46666666666667], [-0.46727, 44.48136, 51.46666666666667], [-0.46699, 44.48122, 51.46666666666667], [-0.46668, 44.48118, 52.074999999999996], [-0.46645, 44.48106, 51.9], [-0.46659, 44.481, 52.6], [-0.46655, 44.48093, 52.6], [-0.46637, 44.48097, 51.9], [-0.46634, 44.48093, 51.44736842105263], [-0.46629, 44.48072, 51.44736842105263], [-0.46632, 44.48055, 51.4], [-0.46645, 44.48039, 51.4], [-0.46671, 44.48027, 51.4], [-0.46726, 44.48018, 49.7], [-0.46734, 44.4802, 49.4], [-0.46737, 44.48016, 50.93500000000002], [-0.46768, 44.48018, 51.53666666666668], [-0.46776, 44.48021, 52.6], [-0.46775, 44.48028, 52.6], [-0.4679, 44.48028, 52.07037742690163], [-0.46804, 44.48042, 51.53666666666668], [-0.46804, 44.48051, 52.2], [-0.46809, 44.48051, 52.2], [-0.46819, 44.48078, 51.45], [-0.46818, 44.48099, 51.900000000000006], [-0.46806, 44.48118, 51.9]]]}}, {"type": "Feature", "properties": {"id_obligation": "330260000E1559", "priorite": "forte"}, "geometry": {"type": "Polygon", "coordinates": [[[-0.47341, 44.47978, 55.44423076923077], [-0.47311, 44.47981, 55.44423076923077], [-0.47281, 44.47974, 55.44423076923077], [-0.47256, 44.47962, 55.44423076923077], [-0.47243, 44.47947, 55.44423076923077], [-0.47239, 44.4793, 53.5], [-0.47248, 44.47906, 53.5], [-0.47262, 44.47892, 53.5], [-0.4731, 44.47874, 62.0], [-0.47333, 44.4787, 62.0], [-0.47363, 44.47874, 55.44423076923077], [-0.47388, 44.47886, 55.44423076923077], [-0.47402, 44.47906, 55.44423076923077], [-0.47402, 44.47928, 55.44423076923077], [-0.47386, 44.47951, 55.44423076923077], [-0.47341, 44.47978, 55.44423076923077]]]}}, {"type": "Feature", "properties": {"id_obligation": "330260000E1569", "priorite": "moyenne"}, "geometry": {"type": "Polygon", "coordinates": [[[-0.47667, 44.47921, 54.150000000000006], [-0.47665, 44.47938, 54.150000000000006], [-0.4765, 44.47957, 53.67272727272725], [-0.47626, 44.4797, 53.67272727272725], [-0.47603, 44.47974, 53.42499999999999], [-0.47574, 44.4797, 53.1875], [-0.47554, 44.4796, 53.1875], [-0.47537, 44.47944, 53.1875], [-0.4753, 44.47927, 52.6], [-0.47534, 44.47906, 54.22500000000001], [-0.47547, 44.47892, 54.22500000000001], [-0.47557, 44.47886, 54.1], [-0.47566, 44.47886, 54.1], [-0.47572, 44.47879, 54.22500000000001], [-0.47596, 44.47875, 55.14444444444445], [-0.47621, 44.47879, 55.5], [-0.47657, 44.47901, 55.5], [-0.47667, 44.47921, 54.150000000000006]]]}}, {"type": "Feature", "properties": {"id_obligation": "330260000E1571", "priorite": "forte"}, "geometry": {"type": "Polygon", "coordinates": [[[-0.47645, 44.47948, 53.8], [-0.47627, 44.47954, 53.8], [-0.47641, 44.47958, 53.8], [-0.47645, 44.47953, 53.8], [-0.47635, 44.47975, 53.5], [-0.4762, 44.47989, 53.5], [-0.47592, 44.47998, 53.7], [-0.47567, 44.47998, 53.7], [-0.47535, 44.47989, 53.99885461760462], [-0.47518, 44.47977, 53.99885461760462], [-0.47505, 44.47954, 53.99885461760462], [-0.47503, 44.47937, 53.99885461760462], [-0.47511, 44.47921, 53.99885461760462], [-0.47534, 44.47902, 53.99885461760462], [-0.47555, 44.47894, 54.681818181818194], [-0.47576, 44.47892, 55.1], [-0.47568, 44.47906, 55.1], [-0.47575, 44.47908, 55.1], [-0.47588, 44.47895, 55.1], [-0.47583, 44.47893, 55.1], [-0.47603, 44.47898, 55.5], [-0.47615, 44.47904, 55.5], [-0.47612, 44.4791, 55.5], [-0.47625, 44.47911, 55.5], [-0.47645, 44.47948, 53.8]]]}}, {"type": "Feature", "properties": {"id_obligation": "330260000E1575", "priorite": "moyenne"}, "geometry": {"type": "Polygon", "coordinates": [[[-0.46854, 44.48089, 50.1], [-0.46832, 44.48096, 50.1], [-0.46808, 44.48097, 50.1], [-0.46757, 44.48085, 51.852380952380955], [-0.46749, 44.48073, 52.9], [-0.46742, 44.48076, 51.852380952380955], [-0.46727, 44.48056, 51.38888888888891], [-0.46727, 44.48034, 51.38888888888891], [-0.46735, 44.48017, 49.80000000000001], [-0.46752, 44.48005, 49.80000000000001], [-0.46802, 44.47986, 51.65333333333333], [-0.46833, 44.47985, 51.29090909090908], [-0.46854, 44.47989, 51.29090909090908], [-0.4686, 44.4799, 51.29090909090908], [-0.46865, 44.47993, 51.29090909090908], [-0.46867, 44.47994, 51.15544643669511], [-0.46856, 44.47995, 51.2], [-0.46865, 44.48009, 51.2], [-0.46873, 44.48007, 51.2], [-0.46867, 44.47997, 51.2], [-0.46871, 44.47996, 51.0664422548808], [-0.46886, 44.48009, 51.29090909090908], [-0.46894, 44.48031, 50.1], [-0.46887, 44.48054, 50.1], [-0.46854, 44.48089, 50.1]]]}}, {"type": "Feature", "properties": {"id_obligation": "330260000E1579", "priorite": "moyenne"}, "geometry": {"type": "Polygon", "coordinates": [[[-0.46892, 44.48124, 52.4], [-0.46868, 44.48114, 52.4], [-0.46862, 44.48109, 52.4], [-0.46866, 44.4811, 52.4], [-0.46868, 44.48104, 52.4], [-0.46861, 44.48103, 52.4], [-0.4686, 44.48107, 52.4], [-0.46851, 44.48096, 52.4], [-0.46843, 44.48075, 50.699999999999996], [-0.46847, 44.48054, 50.1], [-0.4686, 44.48039, 50.1], [-0.46881, 44.48029, 50.1], [-0.46916, 44.48021, 52.999999999999986], [-0.46945, 44.48026, 50.8], [-0.46965, 44.48036, 50.8], [-0.46983, 44.48059, 51.6], [-0.46989, 44.48076, 51.6], [-0.46978, 44.48094, 51.6], [-0.46985, 44.48095, 51.6], [-0.46973, 44.48109, 51.60000000000001], [-0.46953, 44.48119, 51.60000000000001], [-0.46923, 44.48127, 51.899999999999984], [-0.46892, 44.48124, 52.4]]]}}, {"type": "Feature", "properties": {"id_obligation": "330260000E1606", "priorite": "moyenne"}, "geometry": {"type": "Polygon", "coordinates": [[[-0.46936, 44.48014, 57.7], [-0.46909, 44.48026, 51.08], [-0.46885, 44.48027, 51.08], [-0.46849, 44.48019, 52.526714285714284], [-0.4683, 44.48008, 52.526714285714284], [-0.46819, 44.47993, 51.175], [-0.46816, 44.47975, 51.175], [-0.46825, 44.47954, 52.526714285714284], [-0.4684, 44.47941, 52.526714285714284], [-0.46866, 44.47931, 52.526714285714284], [-0.46893, 44.4793, 52.526714285714284], [-0.46923, 44.47937, 52.526714285714284], [-0.46941, 44.47947, 52.526714285714284], [-0.46953, 44.47962, 51.4], [-0.46955, 44.47979, 51.4], [-0.46949, 44.47999, 57.7], [-0.46936, 44.48014, 57.7]]]}}, {"type": "Feature", "properties": {"id_obligation": "330260000E1614", "priorite": "moyenne"}, "geometry": {"type": "Polygon", "coordinates": [[[-0.46857, 44.48042, 52.23290598290598], [-0.46834, 44.48035, 52.0], [-0.4683, 44.48034, 52.161471663954565], [-0.46834, 44.4802, 51.9], [-0.46827, 44.48015, 51.9], [-0.46823, 44.48029, 52.00181297845873], [-0.46804, 44.48004, 52.23290598290598], [-0.46803, 44.47986, 52.23290598290598], [-0.46809, 44.47974, 50.777092852570064], [-0.46819, 44.47974, 51.0], [-0.46815, 44.47967, 51.3], [-0.46834, 44.47955, 50.866666666666674], [-0.46857, 44.47948, 51.53333333333333], [-0.46881, 44.47947, 51.53333333333333], [-0.46903, 44.47953, 51.26666666666667], [-0.46921, 44.47965, 51.26666666666667], [-0.46934, 44.47984, 56.5], [-0.46936, 44.48002, 56.5], [-0.46927, 44.48019, 52.23290598290598], [-0.4691, 44.48032, 52.23290598290598], [-0.46887, 44.4804, 52.23290598290598], [-0.46857, 44.48042, 52.23290598290598]]]}}, {"type": "Feature", "properties": {"id_obligation": "330260000E1615", "priorite": "moyenne"}, "geometry": {"type": "Polygon", "coordinates": [[[-0.4669, 44.4805, 51.96000000000001], [-0.46695, 44.48043, 50.6], [-0.46702, 44.48044, 50.6], [-0.46698, 44.48039, 50.6], [-0.46703, 44.48035, 51.96000000000001], [-0.46723, 44.48024, 51.96000000000001], [-0.46755, 44.48019, 50.72], [-0.46776, 44.4802, 52.6], [-0.46775, 44.48028, 52.6], [-0.4679, 44.4803, 51.5], [-0.46791, 44.48025, 52.6], [-0.46805, 44.48033, 51.537500000000016], [-0.46811, 44.4804, 52.2], [-0.46807, 44.48039, 52.2], [-0.46804, 44.48051, 52.2], [-0.46816, 44.48053, 52.2], [-0.46818, 44.48049, 52.2], [-0.46823, 44.48069, 52.20000000000001], [-0.46817, 44.4809, 51.739999999999995], [-0.46802, 44.48104, 51.739999999999995], [-0.46781, 44.48113, 51.739999999999995], [-0.46776, 44.48109, 52.3], [-0.46767, 44.48116, 52.3], [-0.46755, 44.48117, 51.54444444444445], [-0.4673, 44.48114, 51.447048611111114], [-0.46709, 44.48105, 51.447048611111114], [-0.46695, 44.48091, 50.330000000000005], [-0.46687, 44.48071, 50.330000000000005], [-0.4669, 44.4805, 51.96000000000001]]]}}, {"type": "Feature", "properties": {"id_obligation": "330260000E1631", "priorite": "forte"}, "geometry": {"type": "Polygon", "coordinates": [[[-0.47742, 44.48027, 52.6], [-0.47718, 44.4804, 55.0], [-0.47689, 44.48042, 55.0], [-0.47656, 44.48035, 53.452661064425776], [-0.47633, 44.4802, 53.452661064425776], [-0.47621, 44.47999, 52.9], [-0.47622, 44.47982, 52.9], [-0.47633, 44.47958, 53.79999999999999], [-0.47641, 44.47958, 53.8], [-0.4765, 44.47945, 53.79999999999999], [-0.47673, 44.47937, 52.9], [-0.47705, 44.47936, 52.9], [-0.47735, 44.47944, 53.452661064425776], [-0.47752, 44.47956, 53.452661064425776], [-0.47763, 44.47971, 52.93333333333334], [-0.47764, 44.47988, 52.93333333333334], [-0.47742, 44.48027, 52.6]]]}}, {"type": "Feature", "properties": {"id_obligation": "330260000E1632", "priorite": "moyenne"}, "geometry": {"type": "Polygon", "coordinates": [[[-0.47762, 44.47953, 54.1], [-0.47774, 44.47978, 53.78046430693489], [-0.47766, 44.48006, 52.82222222222222], [-0.47747, 44.48023, 52.82222222222222], [-0.47719, 44.48031, 54.67272727272727], [-0.47696, 44.48031, 54.67272727272727], [-0.4764, 44.48015, 53.78046430693489], [-0.47617, 44.48001, 53.78046430693489], [-0.47606, 44.47985, 53.583333333333336], [-0.47614, 44.47979, 53.6], [-0.47605, 44.47977, 53.216216214061056], [-0.47606, 44.47964, 53.583333333333336], [-0.47619, 44.47944, 53.7], [-0.4764, 44.47936, 53.7], [-0.47634, 44.47931, 53.7], [-0.47639, 44.47928, 53.65555555555554], [-0.47662, 44.47922, 54.0], [-0.47686, 44.47922, 54.0], [-0.477, 44.47925, 53.9], [-0.477, 44.47933, 53.9], [-0.47714, 44.4793, 54.1], [-0.47762, 44.47953, 54.1]]]}}, {"type": "Feature", "properties": {"id_obligation": "330260000E1634", "priorite": "forte"}, "geometry": {"type": "Polygon", "coordinates": [[[-0.4766, 44.47827, 56.8], [-0.47675, 44.47836, 56.8], [-0.47685, 44.47828, 56.8], [-0.47673, 44.4782, 56.8], [-0.47699, 44.4783, 56.8], [-0.47717, 44.47847, 56.8], [-0.47719, 44.47899, 54.28333333333335], [-0.47711, 44.479, 53.7], [-0.47719, 44.47901, 53.7], [-0.47712, 44.47912, 54.28333333333335], [-0.47691, 44.47928, 54.28333333333335], [-0.47667, 44.47934, 54.28333333333335], [-0.47638, 44.47934, 54.150000000000006], [-0.47569, 44.47906, 55.1], [-0.47582, 44.47905, 55.1], [-0.47585, 44.4789, 55.1], [-0.47579, 44.47887, 55.1], [-0.47568, 44.47906, 55.1], [-0.47554, 44.47897, 54.51666666666668], [-0.4754, 44.47878, 54.51666666666668], [-0.47539, 44.47856, -11.724494949494947], [-0.47557, 44.47833, -11.724494949494947], [-0.47582, 44.4782, -11.724494949494947], [-0.47607, 44.47817, 54.15], [-0.47631, 44.47821, 54.15], [-0.4767, 44.4782, 56.8], [-0.4766, 44.47827, 56.8]]]}}, {"type": "Feature", "properties": {"id_obligation": "330260000E1635", "priorite": "forte"}, "geometry": {"type": "Polygon", "coordinates": [[[-0.47869, 44.47969, 53.79857397504457], [-0.47864, 44.47996, 53.79857397504457], [-0.47842, 44.48017, 53.79857397504457], [-0.47813, 44.48025, 53.79857397504457], [-0.47784, 44.48023, 53.79857397504457], [-0.47757, 44.48013, 53.79857397504457], [-0.4772, 44.47963, 53.79857397504457], [-0.47723, 44.47941, 52.966666666666676], [-0.47734, 44.47925, 52.966666666666676], [-0.47752, 44.47913, 52.966666666666676], [-0.47775, 44.47907, 54.087878787878786], [-0.47788, 44.47907, 54.087878787878786], [-0.4779, 44.47907, 53.5], [-0.47789, 44.47921, 53.5], [-0.47798, 44.47922, 53.5], [-0.47806, 44.4791, 55.0], [-0.47828, 44.47917, 53.79857397504457], [-0.47857, 44.47949, 53.79857397504457], [-0.47869, 44.47969, 53.79857397504457]]]}}, {"type": "Feature", "properties": {"id_obligation": "330260000E1637", "priorite": "forte"}, "geometry": {"type": "Polygon", "coordinates": [[[-0.47856, 44.47965, 52.53333333333334], [-0.47842, 44.4798, 52.53333333333334], [-0.47816, 44.47992, 52.53333333333334], [-0.47792, 44.47994, 54.666666666666664], [-0.47698, 44.47973, 53.91944472194473], [-0.47679, 44.47956, 53.96666666666667], [-0.47672, 44.47931, 53.96666666666667], [-0.47679, 44.47914, 54.6], [-0.47685, 44.47915, 54.6], [-0.47685, 44.47907, 54.32857142857144], [-0.47708, 44.47892, 54.32857142857144], [-0.4775, 44.47886, 53.61538461538463], [-0.47792, 44.47887, 53.61538461538463], [-0.47805, 44.47888, 53.55261649265703], [-0.47805, 44.4791, 53.5], [-0.4779, 44.47907, 53.5], [-0.47786, 44.4792, 53.5], [-0.47798, 44.47922, 53.5], [-0.478, 44.47913, 53.5], [-0.47819, 44.47908, 54.9], [-0.4782, 44.47903, 54.9], [-0.47813, 44.47903, 53.5], [-0.47812, 44.47889, 53.5], [-0.47821, 44.47891, 54.32857142857142], [-0.47853, 44.47911, 54.32857142857142], [-0.47862, 44.47943, 53.98], [-0.47856, 44.47965, 52.53333333333334]]]}}, {"type": "Feature", "properties": {"id_obligation": "330260000E1639", "priorite": "moyenne"}, "geometry": {"type": "MultiPolygon", "coordinates": [[[[-0.46897, 44.48017, 51.20000000000001], [-0.4689, 44.48046, 50.1], [-0.46877, 44.48061, 50.1], [-0.46869, 44.48054, 50.1], [-0.46851, 44.48064, 50.1], [-0.46859, 44.48071, 50.1], [-0.46851, 44.48073, 50.1], [-0.4682, 44.48075, 50.893750000000026], [-0.46765, 44.48062, 50.79230769230768], [-0.46751, 44.48056, 50.9], [-0.46752, 44.4805, 50.9], [-0.46746, 44.48051, 50.9], [-0.46733, 44.48036, 50.392857142857125], [-0.46733, 44.48003, 50.1], [-0.46746, 44.48001, 50.1], [-0.46738, 44.47994, 50.50909090909092], [-0.46753, 44.47981, 50.50909090909092], [-0.46774, 44.47972, 50.50909090909092], [-0.46795, 44.4797, 52.1], [-0.46795, 44.47976, 52.1], [-0.46801, 44.47976, 52.3], [-0.46801, 44.4797, 52.8], [-0.46807, 44.47974, 50.3], [-0.46846, 44.47972, 51.06666666666666], [-0.46871, 44.47982, 51.06666666666666], [-0.46888, 44.47996, 51.06666666666666], [-0.46897, 44.48017, 51.20000000000001]]]]}}, {"type": "Feature", "properties": {"id_obligation": "330260000E1644", "priorite": "forte"}, "geometry": {"type": "Polygon", "coordinates": [[[-0.46684, 44.48064, 51.44385886058923], [-0.46679, 44.48055, 51.4], [-0.46669, 44.48059, 51.4], [-0.46673, 44.48067, 51.66961724838673], [-0.46642, 44.48068, 51.48666666666666], [-0.46619, 44.48061, 51.35715277777778], [-0.46594, 44.48043, 51.35715277777778], [-0.46586, 44.48027, 51.35715277777778], [-0.46587, 44.48008, 51.35715277777778], [-0.46603, 44.4798, 51.35715277777778], [-0.46626, 44.47965, 51.35715277777778], [-0.46673, 44.47959, 50.7], [-0.46665, 44.47965, 50.7], [-0.46673, 44.47971, 50.8], [-0.46684, 44.47961, 51.050000000000004], [-0.46706, 44.4797, 51.050000000000004], [-0.46721, 44.47984, 51.050000000000004], [-0.46728, 44.48001, 50.1], [-0.46727, 44.48023, 50.1], [-0.46721, 44.48035, 52.9], [-0.46709, 44.48037, 52.8], [-0.46714, 44.48042, 52.8], [-0.46684, 44.48064, 51.44385886058923]]]}}, {"type": "Feature", "properties": {"id_obligation": "330260000E1648", "priorite": "moyenne"}, "geometry": {"type": "Polygon", "coordinates": [[[-0.46713, 44.47933, 50.5], [-0.46705, 44.47935, 50.5], [-0.46721, 44.47956, 50.5], [-0.46704, 44.47968, 50.5], [-0.46681, 44.47974, 50.777777777777786], [-0.46663, 44.47975, 50.8], [-0.46656, 44.47966, 50.8], [-0.46647, 44.47973, 50.8], [-0.46621, 44.47966, 50.8], [-0.46603, 44.47953, 50.8], [-0.46593, 44.47933, 51.11058479532164], [-0.46597, 44.47909, 51.11058479532164], [-0.46606, 44.47893, 51.11058479532164], [-0.46625, 44.47877, 51.11058479532164], [-0.46653, 44.47869, 51.42631578947369], [-0.46686, 44.4787, 51.42631578947369], [-0.46709, 44.47877, 52.470000000000006], [-0.46726, 44.47889, 52.470000000000006], [-0.46736, 44.47906, 51.099999999999994], [-0.46727, 44.47948, 50.5], [-0.46713, 44.47933, 50.5]]]}}, {"type": "Feature", "properties": {"id_obligation": "330260000E1659", "priorite": "moyenne"}, "geometry": {"type": "Polygon", "coordinates": [[[-0.46827, 44.48121, 51.9], [-0.46825, 44.48116, 51.9], [-0.46824, 44.48121, 51.9], [-0.46807, 44.48117, 51.9], [-0.46805, 44.48123, 51.9], [-0.46816, 44.48131, 56.0], [-0.46827, 44.48133, 56.0], [-0.46829, 44.48127, 52.1], [-0.46842, 44.48134, 52.1], [-0.46846, 44.48159, 54.46666666666667], [-0.46835, 44.48179, 54.46666666666667], [-0.46812, 44.48193, 54.46666666666667], [-0.46805, 44.48186, 52.2], [-0.46799, 44.48188, 52.2], [-0.46804, 44.48195, 52.2], [-0.4679, 44.48198, 55.9], [-0.46789, 44.48192, 55.9], [-0.46772, 44.48195, 55.9], [-0.46774, 44.48199, 55.9], [-0.46745, 44.48194, 54.84285714285714], [-0.4672, 44.48178, 52.51335459183674], [-0.46697, 44.48168, 52.51335459183674], [-0.46676, 44.48149, 51.3], [-0.4667, 44.48133, 51.3], [-0.46672, 44.48116, 51.3], [-0.46688, 44.48098, 52.51335459183674], [-0.46746, 44.48069, 51.43333333333333], [-0.4676, 44.4807, 50.7], [-0.46759, 44.48066, 50.7], [-0.46769, 44.48064, 51.43333333333333], [-0.46804, 44.48068, 51.5], [-0.46828, 44.48083, 51.5], [-0.46843, 44.48103, 51.5], [-0.46843, 44.48123, 52.1], [-0.46827, 44.48121, 51.9]]]}}, {"type": "Feature", "properties": {"id_obligation": "330260000E1660", "priorite": "très forte"}, "geometry": {"type": "Polygon", "coordinates": [[[-0.48702, 44.48231, -690.3958333333334], [-0.48722, 44.48255, -1000.0], [-0.48722, 44.48277, -690.3958333333334], [-0.48702, 44.483, -690.3958333333334], [-0.48675, 44.48311, -690.3958333333334], [-0.48645, 44.48312, -690.3958333333334], [-0.48611, 44.48304, -690.3958333333334], [-0.48575, 44.48285, -690.3958333333334], [-0.48562, 44.4827, -690.3958333333334], [-0.48558, 44.48253, -690.3958333333334], [-0.48563, 44.48236, -690.3958333333334], [-0.48581, 44.48217, -690.3958333333334], [-0.48603, 44.48208, -690.3958333333334], [-0.48627, 44.48205, -690.3958333333334], [-0.48678, 44.48219, -690.3958333333334], [-0.48702, 44.48231, -690.3958333333334]]]}}, {"type": "Feature", "properties": {"id_obligation": "330260000E1662", "priorite": "moyenne"}, "geometry": {"type": "Polygon", "coordinates": [[[-0.46848, 44.47998, 51.11111111111111], [-0.46838, 44.47977, 51.45], [-0.4684, 44.4796, 51.45], [-0.46855, 44.4794, 52.89444444444445], [-0.46874, 44.47929, 52.89444444444445], [-0.46898, 44.47924, 52.89444444444445], [-0.46923, 44.47925, 52.89444444444445], [-0.46952, 44.47937, 52.89444444444445], [-0.46967, 44.4795, 52.89444444444445], [-0.46974, 44.47967, 52.89444444444445], [-0.46972, 44.47984, 52.89444444444445], [-0.46957, 44.48004, 57.7], [-0.46938, 44.48016, 57.7], [-0.46914, 44.48021, 52.89444444444445], [-0.46889, 44.48019, 52.89444444444445], [-0.46865, 44.4801, 51.11111111111111], [-0.46848, 44.47998, 51.11111111111111]]]}}, {"type": "Feature", "properties": {"id_obligation": "330260000E1663", "priorite": "moyenne"}, "geometry": {"type": "Polygon", "coordinates": [[[-0.46711, 44.481, 51.0], [-0.46671, 44.48108, 51.0], [-0.46648, 44.48105, 51.9], [-0.46659, 44.481, 52.6], [-0.46655, 44.48093, 52.6], [-0.46633, 44.48098, 52.01246079855608], [-0.46616, 44.48085, 52.09090909090909], [-0.46607, 44.48064, 51.54138257575757], [-0.46611, 44.48043, 51.54138257575757], [-0.46661, 44.48001, 51.62222222222222], [-0.46686, 44.47995, 51.62222222222222], [-0.46711, 44.47994, 49.82727272727273], [-0.46732, 44.48, 50.1], [-0.46752, 44.48013, 49.82727272727273], [-0.46762, 44.4803, 51.236111111111114], [-0.46763, 44.48053, 51.236111111111114], [-0.46758, 44.48064, 50.7], [-0.46749, 44.48065, 50.7], [-0.46752, 44.48071, 50.7], [-0.46742, 44.48075, 52.9], [-0.46734, 44.48086, 52.44999999999999], [-0.46711, 44.481, 51.0]]]}}, {"type": "Feature", "properties": {"id_obligation": "330260000E1682", "priorite": "moyenne"}, "geometry": {"type": "Polygon", "coordinates": [[[-0.46807, 44.4801, 51.63125], [-0.46794, 44.4803, 51.9923076923077], [-0.46776, 44.48041, 51.9923076923077], [-0.46743, 44.48047, 50.9], [-0.4674, 44.48042, 50.9], [-0.46727, 44.48048, 50.7714285714286], [-0.46693, 44.48038, 51.30000000000002], [-0.46678, 44.48025, 51.30000000000002], [-0.46669, 44.48003, 51.00833333333333], [-0.46671, 44.47985, 51.00833333333333], [-0.46686, 44.47967, 50.5], [-0.46711, 44.47955, 50.5], [-0.46729, 44.47957, 50.5], [-0.46727, 44.47952, 50.5], [-0.46736, 44.47951, 52.625], [-0.46742, 44.47951, 50.3], [-0.46745, 44.47957, 50.3], [-0.46755, 44.47951, 52.625], [-0.46783, 44.4796, 52.1], [-0.46795, 44.4797, 52.1], [-0.46795, 44.47976, 52.1], [-0.46801, 44.47976, 52.3], [-0.46807, 44.4801, 51.63125]]]}}, {"type": "Feature", "properties": {"id_obligation": "330260000E1683", "priorite": "moyenne"}, "geometry": {"type": "Polygon", "coordinates": [[[-0.46784, 44.48073, 52.2], [-0.46755, 44.48079, 51.5], [-0.46749, 44.48073, 52.9], [-0.46742, 44.48075, 52.9], [-0.4674, 44.4808, 51.54137931034483], [-0.46707, 44.48071, 50.1], [-0.46688, 44.48054, 51.400000000000006], [-0.4668, 44.4803, 51.400000000000006], [-0.46681, 44.48013, 50.333333333333336], [-0.46692, 44.47998, 50.333333333333336], [-0.46716, 44.47984, 50.333333333333336], [-0.46748, 44.47978, 50.17692307692308], [-0.46772, 44.47979, 51.26666666666667], [-0.46794, 44.47987, 51.26666666666667], [-0.46813, 44.48003, 51.26666666666667], [-0.4682, 44.48024, 51.41481481481483], [-0.46818, 44.48041, 52.2], [-0.46807, 44.48039, 52.2], [-0.46804, 44.48051, 52.2], [-0.46811, 44.48052, 52.2], [-0.46784, 44.48073, 52.2]]]}}, {"type": "Feature", "properties": {"id_obligation": "330260000E1686", "priorite": "moyenne"}, "geometry": {"type": "Polygon", "coordinates": [[[-0.46729, 44.47967, 57.5], [-0.4673, 44.47974, 57.5], [-0.46735, 44.47969, 57.5], [-0.46751, 44.47979, 57.5], [-0.46763, 44.47995, 49.9], [-0.46767, 44.48022, 49.9], [-0.4676, 44.48038, 51.223809523809514], [-0.46746, 44.48051, 50.9], [-0.4674, 44.48042, 50.9], [-0.46731, 44.48045, 50.9], [-0.46735, 44.48057, 51.223809523809514], [-0.46689, 44.48063, 51.57333333333334], [-0.46683, 44.48063, 51.429074674687286], [-0.46679, 44.48055, 51.4], [-0.46669, 44.4806, 51.4], [-0.4666, 44.48056, 51.44999999999999], [-0.46642, 44.48043, 51.44999999999999], [-0.46633, 44.48027, 52.800000000000004], [-0.4663, 44.48004, 52.800000000000004], [-0.4664, 44.47984, 50.78333333333334], [-0.46646, 44.47979, 50.8], [-0.46652, 44.47983, 50.8], [-0.46666, 44.47973, 50.8], [-0.46661, 44.4797, 50.8], [-0.46668, 44.47967, 50.740233609472156], [-0.46673, 44.47971, 50.8], [-0.46682, 44.47964, 50.8], [-0.46703, 44.47962, 50.99285714285714], [-0.46729, 44.47967, 57.5]]]}}, {"type": "Feature", "properties": {"id_obligation": "330260000E1691", "priorite": "moyenne"}, "geometry": {"type": "Polygon", "coordinates": [[[-0.46788, 44.48068, 52.20000000000001], [-0.46762, 44.48078, 51.44838709677419], [-0.46755, 44.4808, 51.5], [-0.46749, 44.48073, 52.9], [-0.46742, 44.48075, 52.9], [-0.46744, 44.4808, 52.9], [-0.46735, 44.4808, 51.44838709677419], [-0.46707, 44.48073, 51.16192338709678], [-0.46686, 44.48057, 51.16192338709678], [-0.46676, 44.48033, 51.51333333333334], [-0.46676, 44.48016, 50.650000000000006], [-0.46685, 44.47999, 50.650000000000006], [-0.46707, 44.47984, 50.650000000000006], [-0.46738, 44.47977, 50.275000000000006], [-0.46762, 44.47977, 50.275000000000006], [-0.46785, 44.47984, 51.26666666666667], [-0.46803, 44.47996, 51.26666666666667], [-0.46813, 44.48015, 51.35200000000002], [-0.46813, 44.48032, 51.35200000000002], [-0.46788, 44.48068, 52.20000000000001]]]}}, {"type": "Feature", "properties": {"id_obligation": "330260000E1694", "priorite": "moyenne"}, "geometry": {"type": "Polygon", "coordinates": [[[-0.46788, 44.48013, 52.6], [-0.46786, 44.48021, 52.6], [-0.46776, 44.4802, 52.6], [-0.46775, 44.48028, 52.6], [-0.4679, 44.4803, 51.5], [-0.46792, 44.48022, 50.7], [-0.46799, 44.4802, 50.7], [-0.46813, 44.4804, 52.2], [-0.46807, 44.48039, 52.2], [-0.46804, 44.48051, 52.2], [-0.46817, 44.48055, 51.27619047619049], [-0.4681, 44.48076, 51.288192651693294], [-0.46789, 44.48092, 51.288192651693294], [-0.46755, 44.48101, 51.43846153846154], [-0.46722, 44.481, 51.43846153846154], [-0.46676, 44.4808, 51.07000000000001], [-0.46659, 44.48068, 51.07000000000001], [-0.46649, 44.48052, 51.13529411764705], [-0.46647, 44.48028, 52.333333333333336], [-0.4665, 44.48021, 52.8], [-0.46655, 44.48024, 52.8], [-0.46666, 44.48013, 52.8], [-0.46665, 44.48004, 52.8], [-0.46673, 44.47999, 52.333333333333336], [-0.46696, 44.47993, 52.333333333333336], [-0.46733, 44.47989, 49.93913043478263], [-0.46756, 44.47994, 49.93913043478263], [-0.46788, 44.48013, 52.6]]]}}, {"type": "Feature", "properties": {"id_obligation": "330260000E1698", "priorite": "moyenne"}, "geometry": {"type": "Polygon", "coordinates": [[[-0.46845, 44.4808, 51.2], [-0.46834, 44.48059, 50.10000000000001], [-0.46839, 44.48038, -10.70042328042327], [-0.46856, 44.48018, -10.70042328042327], [-0.46882, 44.48007, 54.5], [-0.46906, 44.48005, 54.5], [-0.46951, 44.48016, 51.833333333333336], [-0.46957, 44.48019, 51.3], [-0.46953, 44.48024, 51.3], [-0.4696, 44.48028, 51.3], [-0.46965, 44.48024, 51.833333333333336], [-0.46979, 44.48039, -386.3666666666666], [-0.46984, 44.48056, -386.3666666666666], [-0.46979, 44.48073, -386.3666666666666], [-0.46962, 44.48093, -10.70042328042327], [-0.46942, 44.48103, -10.70042328042327], [-0.46918, 44.48106, 51.703703703703724], [-0.46912, 44.48106, 51.9], [-0.46915, 44.48098, 51.9], [-0.46904, 44.48097, 51.9], [-0.46904, 44.48105, 51.9], [-0.46867, 44.48094, 51.2], [-0.46845, 44.4808, 51.2]]]}}, {"type": "Feature", "properties": {"id_obligation": "330260000E1699", "priorite": "moyenne"}, "geometry": {"type": "Polygon", "coordinates": [[[-0.47024, 44.48039, 51.89999999999999], [-0.47012, 44.48053, 51.89999999999999], [-0.46997, 44.48061, 51.9], [-0.46981, 44.48081, -298.5866666666667], [-0.46955, 44.48092, -298.5866666666667], [-0.46931, 44.48094, -298.5866666666667], [-0.46893, 44.48087, 51.400000000000034], [-0.46889, 44.48085, 51.08714340070159], [-0.46896, 44.48073, 50.9], [-0.4689, 44.48071, 50.9], [-0.46883, 44.48082, 50.99809620616888], [-0.46867, 44.48068, 50.1], [-0.46877, 44.48062, 50.1], [-0.46869, 44.48054, 50.1], [-0.46862, 44.48058, 50.1], [-0.46861, 44.48038, -6.26444444444445], [-0.46875, 44.48005, -6.26444444444445], [-0.46892, 44.47993, -6.26444444444445], [-0.46917, 44.47984, -6.26444444444445], [-0.4692, 44.47969, 51.7], [-0.46931, 44.47954, 51.7], [-0.46972, 44.47933, 51.7], [-0.47014, 44.47935, 51.70000000000001], [-0.47035, 44.47945, 51.70000000000001], [-0.47053, 44.47961, 51.70000000000001], [-0.47059, 44.47978, 51.70000000000001], [-0.47057, 44.47995, -6.26444444444445], [-0.47029, 44.48022, -6.26444444444445], [-0.47024, 44.48039, 51.89999999999999]]]}}, {"type": "Feature", "properties": {"id_obligation": "330260000E1706", "priorite": "forte"}, "geometry": {"type": "Polygon", "coordinates": [[[-0.47882, 44.47905, 54.01428571428571], [-0.47877, 44.47927, 54.01428571428571], [-0.47863, 44.47941, 54.01428571428571], [-0.47843, 44.4795, 54.01428571428571], [-0.47819, 44.47954, 54.30000000000001], [-0.47789, 44.47953, 54.82688313563243], [-0.47791, 44.47948, 54.1], [-0.47797, 44.47949, 54.1], [-0.47798, 44.47933, 54.1], [-0.47788, 44.47931, 54.1], [-0.47784, 44.47946, 55.4], [-0.47778, 44.47946, 55.4], [-0.47777, 44.4795, 55.4], [-0.47748, 44.47928, 54.14285714285713], [-0.47742, 44.47911, 53.53333333333333], [-0.47744, 44.47875, 54.01428571428571], [-0.47756, 44.47859, 54.01428571428571], [-0.47781, 44.47846, 54.01428571428571], [-0.47819, 44.47842, 54.01428571428571], [-0.47847, 44.4785, 54.01428571428571], [-0.47868, 44.47866, 54.01428571428571], [-0.47882, 44.47905, 54.01428571428571]]]}}, {"type": "Feature", "properties": {"id_obligation": "330260000E1740", "priorite": "moyenne"}, "geometry": {"type": "Polygon", "coordinates": [[[-0.46858, 44.47942, 51.96249607535322], [-0.46854, 44.47965, 50.95555555555555], [-0.46843, 44.47981, 50.95555555555555], [-0.46818, 44.47994, 50.95555555555555], [-0.46794, 44.47998, 51.83571428571429], [-0.4675, 44.47992, 55.144444444444446], [-0.46729, 44.47984, 55.144444444444446], [-0.4671, 44.47967, 55.144444444444446], [-0.46702, 44.47935, 51.05999999999999], [-0.46705, 44.47917, 51.05999999999999], [-0.46722, 44.47896, 52.24285714285717], [-0.46748, 44.47884, 52.24285714285717], [-0.46779, 44.47881, 51.81428571428571], [-0.46802, 44.47888, 51.96249607535322], [-0.46831, 44.47902, 51.96249607535322], [-0.46858, 44.47942, 51.96249607535322]]]}}, {"type": "Feature", "properties": {"id_obligation": "330260000E1745", "priorite": "forte"}, "geometry": {"type": "Polygon", "coordinates": [[[-0.47089, 44.48215, 54.3], [-0.47086, 44.48237, 54.3], [-0.4707, 44.48259, 53.605], [-0.47043, 44.48274, 53.605], [-0.47019, 44.48279, 53.605], [-0.46988, 44.48277, 53.605], [-0.46958, 44.48266, 53.605], [-0.46941, 44.48253, 53.605], [-0.46933, 44.48236, 53.605], [-0.46937, 44.48214, 53.605], [-0.46955, 44.48193, 53.605], [-0.46984, 44.48178, 53.605], [-0.47008, 44.48172, 53.605], [-0.47033, 44.48174, 53.605], [-0.47076, 44.48194, 54.3], [-0.47089, 44.48215, 54.3]]]}}, {"type": "Feature", "properties": {"id_obligation": "330260000E1746", "priorite": "forte"}, "geometry": {"type": "Polygon", "coordinates": [[[-0.46976, 44.48233, 52.39999999999999], [-0.46966, 44.48212, 52.45128205128204], [-0.4697, 44.48194, 52.45128205128204], [-0.46987, 44.4817, 52.45128205128204], [-0.47005, 44.48158, 52.45128205128204], [-0.47034, 44.48151, 52.45128205128204], [-0.47058, 44.48154, 52.45128205128204], [-0.47083, 44.48163, 52.45128205128204], [-0.471, 44.48176, 52.45128205128204], [-0.47109, 44.48197, 52.45128205128204], [-0.47105, 44.48215, 52.45128205128204], [-0.47088, 44.48239, 52.45128205128204], [-0.4707, 44.4825, 52.45128205128204], [-0.47047, 44.48256, 52.4], [-0.47023, 44.48256, 52.4], [-0.46998, 44.48248, 52.39999999999999], [-0.46976, 44.48233, 52.39999999999999]]]}}, {"type": "Feature", "properties": {"id_obligation": "330260000E1754", "priorite": "moyenne"}, "geometry": {"type": "Polygon", "coordinates": [[[-0.46745, 44.47867, 52.31], [-0.46749, 44.47881, 51.6], [-0.46757, 44.47882, 51.6], [-0.46758, 44.47887, 51.300000000000004], [-0.46756, 44.47911, 51.300000000000004], [-0.46742, 44.47931, 51.43333333333333], [-0.4673, 44.47929, 51.9], [-0.46734, 44.47936, 51.9], [-0.46721, 44.47942, 50.5], [-0.46713, 44.47933, 50.5], [-0.46708, 44.47933, 50.5], [-0.46713, 44.47945, 50.5], [-0.46695, 44.47947, 50.528571428571425], [-0.46655, 44.47941, 50.6], [-0.46634, 44.47933, 50.6], [-0.46618, 44.4792, 50.70000000000001], [-0.4661, 44.47904, 50.70000000000001], [-0.46613, 44.4788, 51.20389550264551], [-0.46623, 44.47864, 51.20389550264551], [-0.46641, 44.47852, 51.20389550264551], [-0.46665, 44.47846, 51.1], [-0.46721, 44.47853, 52.31], [-0.46745, 44.47867, 52.31]]]}}, {"type": "Feature", "properties": {"id_obligation": "330260000E1792", "priorite": "moyenne"}, "geometry": {"type": "Polygon", "coordinates": [[[-0.46799, 44.47978, 51.61], [-0.46782, 44.48003, 51.61], [-0.46748, 44.48017, 50.449999999999996], [-0.46733, 44.48019, 49.31464713960858], [-0.46732, 44.48014, 49.0], [-0.46725, 44.48015, 49.7], [-0.46726, 44.48019, 49.7], [-0.46711, 44.48017, 50.449999999999996], [-0.46704, 44.48015, 50.68053864276548], [-0.46702, 44.48007, 50.6], [-0.46692, 44.4801, 50.7], [-0.46685, 44.48005, 50.8625], [-0.46669, 44.47988, 50.8625], [-0.46666, 44.47973, 50.8], [-0.46643, 44.47945, 50.77], [-0.46645, 44.47919, 51.27083333333334], [-0.46658, 44.47904, 51.27083333333334], [-0.46672, 44.47896, 51.8], [-0.46682, 44.47899, 51.9], [-0.46684, 44.47892, 51.80019527085732], [-0.467, 44.47889, 53.1], [-0.46725, 44.47895, 53.1], [-0.46727, 44.4789, 53.1], [-0.46719, 44.47888, 52.578174878486855], [-0.46736, 44.47891, 51.70555555555556], [-0.46761, 44.47903, 51.3], [-0.46785, 44.47933, 51.3], [-0.46769, 44.47926, 51.3], [-0.46765, 44.47932, 51.3], [-0.4678, 44.47938, 51.3], [-0.46785, 44.47934, 51.13529411764705], [-0.4679, 44.47946, 50.3], [-0.46769, 44.47943, 50.3], [-0.46768, 44.47949, 50.3], [-0.46793, 44.47952, 50.3], [-0.46799, 44.47978, 51.61]]]}}, {"type": "Feature", "properties": {"id_obligation": "330260000E1801", "priorite": "forte"}, "geometry": {"type": "Polygon", "coordinates": [[[-0.46581, 44.47985, 51.44574074074074], [-0.46582, 44.47964, 51.44574074074074], [-0.46593, 44.47948, 51.44574074074074], [-0.46626, 44.47927, 51.44574074074074], [-0.46658, 44.47921, 50.664289047041386], [-0.46656, 44.47928, 50.6], [-0.46669, 44.4793, 50.7], [-0.46671, 44.47923, 50.74708551767057], [-0.46679, 44.47924, 50.699999999999996], [-0.46709, 44.47941, 50.5], [-0.46725, 44.47958, 50.5], [-0.46728, 44.47977, 53.09444444444443], [-0.46722, 44.47994, 50.8], [-0.46703, 44.4801, 50.6278504591639], [-0.46692, 44.48009, 50.7], [-0.46694, 44.48016, 50.7], [-0.46682, 44.48023, 52.800000000000004], [-0.46659, 44.48028, 52.800000000000004], [-0.46634, 44.48026, 51.44574074074074], [-0.46594, 44.48005, 51.44574074074074], [-0.46581, 44.47985, 51.44574074074074]]]}}, {"type": "Feature", "properties": {"id_obligation": "330260000E1802", "priorite": "moyenne"}, "geometry": {"type": "Polygon", "coordinates": [[[-0.46674, 44.48016, 51.484615384615395], [-0.46664, 44.48015, 52.8], [-0.46665, 44.48004, 52.8], [-0.46656, 44.48005, 52.8], [-0.46654, 44.48014, 52.8], [-0.46634, 44.48006, 52.79999999999999], [-0.4661, 44.47986, 50.8], [-0.46602, 44.4797, 50.8], [-0.46607, 44.47948, 51.62093144950287], [-0.4662, 44.47933, 51.62093144950287], [-0.46647, 44.47917, 51.62093144950287], [-0.4667, 44.47911, 50.699999999999996], [-0.467, 44.47914, 50.699999999999996], [-0.46721, 44.47924, 51.23333333333333], [-0.4674, 44.4794, 51.23333333333333], [-0.46745, 44.47949, 50.3], [-0.46739, 44.47953, 50.3], [-0.46748, 44.47957, 53.44285714285714], [-0.46746, 44.47974, 53.44285714285714], [-0.46734, 44.4799, 51.62093144950287], [-0.46714, 44.48005, 51.62093144950287], [-0.46674, 44.48016, 51.484615384615395]]]}}, {"type": "Feature", "properties": {"id_obligation": "330260000E1809", "priorite": "moyenne"}, "geometry": {"type": "Polygon", "coordinates": [[[-0.46953, 44.4815, 52.864236111111104], [-0.46945, 44.4817, 52.864236111111104], [-0.46925, 44.48186, 52.864236111111104], [-0.46896, 44.48194, 52.864236111111104], [-0.46872, 44.48193, 52.864236111111104], [-0.46845, 44.48184, 55.6], [-0.46814, 44.48162, 55.6], [-0.46804, 44.48143, 54.5375], [-0.46807, 44.48123, 52.77050130278517], [-0.46816, 44.48131, 56.0], [-0.46827, 44.48133, 56.0], [-0.46829, 44.48127, 52.1], [-0.46836, 44.48129, 52.1], [-0.46834, 44.48132, 52.1], [-0.46855, 44.48136, 51.9], [-0.46858, 44.48126, 52.1], [-0.46827, 44.48121, 51.9], [-0.46825, 44.48116, 51.9], [-0.46824, 44.48121, 51.9], [-0.46809, 44.48118, 51.9], [-0.46828, 44.48098, 51.71249999999999], [-0.46862, 44.48087, 52.31666666666666], [-0.46887, 44.48088, 52.31666666666666], [-0.46917, 44.48098, 51.899999999999984], [-0.46935, 44.4811, 51.899999999999984], [-0.46948, 44.48128, 52.864236111111104], [-0.46953, 44.4815, 52.864236111111104]]]}}, {"type": "Feature", "properties": {"id_obligation": "330260000E1810", "priorite": "moyenne"}, "geometry": {"type": "Polygon", "coordinates": [[[-0.469, 44.48166, 50.71111111111112], [-0.46874, 44.48178, 51.604126984126985], [-0.46843, 44.4818, 51.604126984126985], [-0.46807, 44.48173, 52.88666666666667], [-0.46775, 44.48154, 51.1], [-0.46783, 44.48153, 51.1], [-0.46781, 44.48145, 50.9], [-0.46774, 44.48146, 50.9], [-0.46773, 44.48152, 51.16269035012761], [-0.46765, 44.48139, 52.329999999999984], [-0.46762, 44.48126, 52.3], [-0.46766, 44.48128, 52.3], [-0.46782, 44.48113, 52.3], [-0.46776, 44.48109, 52.3], [-0.46764, 44.48118, 52.3], [-0.46775, 44.4809, 51.604126984126985], [-0.46796, 44.48074, 51.604126984126985], [-0.46841, 44.4806, 50.10000000000001], [-0.46863, 44.48058, 50.1], [-0.46851, 44.48064, 50.1], [-0.46859, 44.48072, 50.1], [-0.46877, 44.48062, 50.1], [-0.46874, 44.48059, 50.1], [-0.46896, 44.48064, 51.06111111111111], [-0.46908, 44.48069, 51.2], [-0.46909, 44.48079, 51.2], [-0.46921, 44.4808, 51.361109802259406], [-0.46929, 44.48094, 51.06111111111111], [-0.4693, 44.48112, 51.85999999999998], [-0.46918, 44.48143, 50.71111111111112], [-0.469, 44.48166, 50.71111111111112]]]}}, {"type": "Feature", "properties": {"id_obligation": "330260000E1812", "priorite": "moyenne"}, "geometry": {"type": "Polygon", "coordinates": [[[-0.47063, 44.48084, 51.51428571428572], [-0.47048, 44.48102, 51.51428571428572], [-0.4703, 44.48114, 51.51428571428572], [-0.47006, 44.48119, 51.35555555555556], [-0.46982, 44.48118, 51.35555555555556], [-0.46954, 44.48109, -94.29245069745069], [-0.46938, 44.48096, -94.29245069745069], [-0.4693, 44.48079, -824.85], [-0.46932, 44.48062, -824.85], [-0.46943, 44.48037, 52.48], [-0.46966, 44.48022, 51.3], [-0.46989, 44.48016, -94.29245069745069], [-0.47021, 44.48019, -94.29245069745069], [-0.47043, 44.48027, -94.29245069745069], [-0.47059, 44.48041, -94.29245069745069], [-0.47067, 44.48064, 51.9], [-0.47063, 44.48084, 51.51428571428572]]]}}, {"type": "Feature", "properties": {"id_obligation": "330260000E1813", "priorite": "forte"}, "geometry": {"type": "Polygon", "coordinates": [[[-0.47042, 44.48137, 52.55714285714288], [-0.47031, 44.48135, 51.2], [-0.47028, 44.4814, 51.2], [-0.47036, 44.48142, 51.2], [-0.47029, 44.48146, 52.55714285714288], [-0.46993, 44.48154, 52.16363636363636], [-0.46962, 44.4815, 1.6822541743970325], [-0.46941, 44.4814, 1.6822541743970325], [-0.46928, 44.48124, 1.6822541743970325], [-0.46915, 44.48096, 51.425], [-0.46918, 44.48081, 51.46069398965975], [-0.46926, 44.48079, 51.2], [-0.46922, 44.48069, -299.3], [-0.46933, 44.48053, -299.3], [-0.46951, 44.48042, -299.3], [-0.46981, 44.48036, 51.89999999999999], [-0.47023, 44.48042, 1.6822541743970325], [-0.47044, 44.48052, 1.6822541743970325], [-0.4706, 44.4807, 1.6822541743970325], [-0.47063, 44.48093, 51.43000000000001], [-0.47042, 44.48137, 52.55714285714288]]]}}, {"type": "Feature", "properties": {"id_obligation": "BATIMENT0000000051340105", "priorite": "forte"}, "geometry": {"type": "Polygon", "coordinates": [[[-0.40191, 44.47869, 34.290151515151514], [-0.40152, 44.47818, 33.8], [-0.40178, 44.47813, 34.5], [-0.40174, 44.47802, 34.5], [-0.40151, 44.47806, 34.5], [-0.4015, 44.47816, 33.8], [-0.40119, 44.47776, 34.290151515151514], [-0.40163, 44.47772, 34.5], [-0.40199, 44.47787, 34.290151515151514], [-0.40218, 44.47821, 34.290151515151514], [-0.40212, 44.4785, 34.290151515151514], [-0.40191, 44.47869, 34.290151515151514]]]}}, {"type": "Feature", "properties": {"id_obligation": "BATIMENT0000000257344377", "priorite": "très forte"}, "geometry": {"type": "Polygon", "coordinates": [[[-0.47697, 44.458, 57.074999999999996], [-0.47681, 44.45793, 57.074999999999996], [-0.47665, 44.45778, 57.074999999999996], [-0.47659, 44.45762, 57.2], [-0.47687, 44.45764, 57.2], [-0.47688, 44.45753, 57.2], [-0.4771, 44.45746, 56.94999999999999], [-0.47724, 44.45747, 56.94999999999999], [-0.47745, 44.45761, 56.94999999999999], [-0.47788, 44.45753, 57.074999999999996], [-0.47788, 44.45769, 57.074999999999996], [-0.47773, 44.45788, 57.074999999999996], [-0.47748, 44.45801, 57.074999999999996], [-0.47722, 44.45803, 57.074999999999996], [-0.47697, 44.458, 57.074999999999996]]]}}, {"type": "Feature", "properties": {"id_obligation": "BATIMENT0000000257344378", "priorite": "très forte"}, "geometry": {"type": "Polygon", "coordinates": [[[-0.47776, 44.45781, 57.01249999999999], [-0.4776, 44.45794, 57.01249999999999], [-0.47739, 44.45802, 57.01249999999999], [-0.477, 44.45805, 57.01249999999999], [-0.47676, 44.45802, 57.01249999999999], [-0.47656, 44.45792, 57.01249999999999], [-0.47643, 44.45778, 57.01249999999999], [-0.47637, 44.45761, 57.01249999999999], [-0.47687, 44.45764, 57.01249999999999], [-0.47688, 44.45753, 57.01249999999999], [-0.4771, 44.45746, 57.01249999999999], [-0.47724, 44.45747, 57.01249999999999], [-0.47745, 44.45761, 57.01249999999999], [-0.47784, 44.45754, 57.01249999999999], [-0.47776, 44.45781, 57.01249999999999]]]}}, {"type": "Feature", "properties": {"id_obligation": "BATIMENT0000000257346262", "priorite": "forte"}, "geometry": {"type": "Polygon", "coordinates": [[[-0.4399, 44.48141, 34.4], [-0.44015, 44.48138, 34.4], [-0.44039, 44.48143, 34.4], [-0.44064, 44.48156, 34.4], [-0.44076, 44.48171, 34.4], [-0.44079, 44.48192, 34.4], [-0.4407, 44.48213, 34.4], [-0.44055, 44.48227, 34.4], [-0.44027, 44.48236, 34.4], [-0.44003, 44.48236, 34.4], [-0.4398, 44.48229, 34.4], [-0.43958, 44.48216, 34.4], [-0.43946, 44.482, 34.4], [-0.43944, 44.48183, 34.4], [-0.43951, 44.48166, 34.4], [-0.43968, 44.48151, 34.4], [-0.4399, 44.48141, 34.4]]]}}, {"type": "Feature", "properties": {"id_obligation": "BATIMENT0000000257346288", "priorite": "moyenne"}, "geometry": {"type": "Polygon", "coordinates": [[[-0.445, 44.48583, 46.94], [-0.44525, 44.48582, 46.94], [-0.44548, 44.48588, 46.94], [-0.44572, 44.48603, 46.94], [-0.44584, 44.48624, 46.94], [-0.44583, 44.48641, 46.94], [-0.44561, 44.48667, 43.5], [-0.44554, 44.48672, 43.5], [-0.44549, 44.48667, 43.5], [-0.44552, 44.48673, 43.5], [-0.44524, 44.48682, 53.899999999999984], [-0.44494, 44.4868, 53.9], [-0.44508, 44.48656, 53.9], [-0.44495, 44.4865, 53.9], [-0.44487, 44.48652, 53.9], [-0.44483, 44.48676, 53.9], [-0.44458, 44.48661, 46.94], [-0.44447, 44.48645, 47.7], [-0.44446, 44.48628, 47.7], [-0.44453, 44.48611, 47.699999999999996], [-0.44473, 44.48594, 46.94], [-0.445, 44.48583, 46.94]]]}}, {"type": "Feature", "properties": {"id_obligation": "BATIMENT0000002276260312", "priorite": "faible"}, "geometry": {"type": "MultiPolygon", "coordinates": [[[[-0.44609, 44.48695, 44.1], [-0.44594, 44.48694, 43.8], [-0.44592, 44.487, 43.8], [-0.44598, 44.487, 44.1], [-0.44592, 44.48708, 44.00909090909091], [-0.44579, 44.48713, 46.9], [-0.44581, 44.48704, 46.9], [-0.44574, 44.48703, 46.9], [-0.4457, 44.48715, 46.9], [-0.44535, 44.48716, 48.875], [-0.44508, 44.48706, 48.29999999999999], [-0.44493, 44.48692, 53.9], [-0.44488, 44.4868, 53.9], [-0.44493, 44.48681, 53.9], [-0.44508, 44.48656, 53.9], [-0.44501, 44.48651, 53.9], [-0.4449, 44.48652, 53.9], [-0.44502, 44.48637, 48.899999999999984], [-0.4451, 44.48632, 41.9], [-0.44514, 44.48637, 41.9], [-0.44521, 44.48627, 48.899999999999984], [-0.44568, 44.48623, 47.914015151515144], [-0.44604, 44.4864, 47.914015151515144], [-0.44614, 44.48656, 47.914015151515144], [-0.44617, 44.48674, 47.914015151515144], [-0.44609, 44.48695, 44.1]]], [[[-0.44487, 44.48664, 53.9], [-0.44486, 44.48668, 53.9], [-0.44486, 44.48665, 53.9], [-0.44487, 44.48664, 53.9]]]]}}]}