{"type": "FeatureCollection", "features": [{"type": "Feature", "properties": {"id_obligation": "330760000A0159", "priorite": "moyenne"}, "geometry": {"type": "Polygon", "coordinates": [[[-0.40501, 44.54749, 42.54833333333333], [-0.40487, 44.54763, 42.54833333333333], [-0.40466, 44.54772, 42.54833333333333], [-0.40441, 44.54775, 42.54833333333333], [-0.40406, 44.54769, 42.54833333333333], [-0.40385, 44.5476, 42.5], [-0.40371, 44.54746, 42.5], [-0.40365, 44.54725, 42.403571428571425], [-0.40373, 44.54697, 42.54833333333333], [-0.40386, 44.54682, 42.54833333333333], [-0.40406, 44.54671, 42.97142857142858], [-0.40436, 44.54667, 42.97142857142858], [-0.40471, 44.54673, 43.1], [-0.40496, 44.54686, 43.1], [-0.40509, 44.54705, 42.54833333333333], [-0.40509, 44.54728, 42.54833333333333], [-0.40501, 44.54749, 42.54833333333333]]]}}, {"type": "Feature", "properties": {"id_obligation": "330760000A0163", "priorite": "moyenne"}, "geometry": {"type": "Polygon", "coordinates": [[[-0.40429, 44.54745, 41.65384615384616], [-0.40411, 44.54774, 42.558104395604396], [-0.40387, 44.54788, 42.558104395604396], [-0.40363, 44.54793, 42.558104395604396], [-0.40332, 44.54788, 42.558104395604396], [-0.40305, 44.54774, 42.558104395604396], [-0.4029, 44.5476, 42.558104395604396], [-0.40279, 44.54732, 42.4], [-0.4029, 44.54696, 43.5], [-0.40301, 44.5469, 43.5], [-0.40298, 44.54683, 43.5], [-0.40315, 44.5467, 43.5], [-0.40343, 44.54663, 42.558104395604396], [-0.40377, 44.54666, 42.558104395604396], [-0.40403, 44.54677, 42.558104395604396], [-0.40417, 44.54691, 42.558104395604396], [-0.40429, 44.54722, 41.65384615384616], [-0.40429, 44.54745, 41.65384615384616]]]}}, {"type": "Feature", "properties": {"id_obligation": "330760000A0165", "priorite": "moyenne"}, "geometry": {"type": "Polygon", "coordinates": [[[-0.40307, 44.54637, 42.931000000000004], [-0.40334, 44.54647, 42.931000000000004], [-0.40358, 44.54671, 43.5], [-0.40364, 44.54692, 43.5], [-0.40358, 44.54709, 42.58], [-0.4035, 44.54708, 43.5], [-0.4034, 44.54726, 42.58], [-0.40304, 44.54742, 42.474999999999994], [-0.40271, 44.54745, 42.474999999999994], [-0.40248, 44.54741, 42.7], [-0.40253, 44.54733, 42.7], [-0.40242, 44.5473, 42.7], [-0.40237, 44.54738, 42.7], [-0.40232, 44.54736, 42.7], [-0.40195, 44.54713, 42.7], [-0.4018, 44.54695, 42.931000000000004], [-0.40177, 44.54677, 42.931000000000004], [-0.40187, 44.54657, 42.931000000000004], [-0.40214, 44.54638, 42.931000000000004], [-0.40243, 44.54633, 42.931000000000004], [-0.40307, 44.54637, 42.931000000000004]]]}}, {"type": "Feature", "properties": {"id_obligation": "330760000A0224", "priorite": "moyenne"}, "geometry": {"type": "Polygon", "coordinates": [[[-0.4131, 44.55132, 34.4], [-0.41286, 44.55134, 34.4], [-0.41261, 44.5513, 37.5], [-0.41263, 44.55119, 37.5], [-0.41255, 44.55118, 37.5], [-0.41253, 44.55128, 37.5], [-0.41233, 44.55117, 36.84285714285714], [-0.41221, 44.55102, 35.4], [-0.41218, 44.55085, 35.4], [-0.41225, 44.55065, 36.371428571428574], [-0.4124, 44.55051, 36.371428571428574], [-0.4126, 44.55042, 36.371428571428574], [-0.41284, 44.5504, 36.4], [-0.41319, 44.55045, 35.85728291316527], [-0.41339, 44.55055, 35.85728291316527], [-0.41352, 44.5507, 35.85728291316527], [-0.41356, 44.55091, 35.85728291316527], [-0.41349, 44.55107, 35.85728291316527], [-0.41331, 44.55124, 35.85728291316527], [-0.4131, 44.55132, 34.4]]]}}, {"type": "Feature", "properties": {"id_obligation": "330760000A0225", "priorite": "moyenne"}, "geometry": {"type": "Polygon", "coordinates": [[[-0.41332, 44.5512, 35.523272145192436], [-0.41308, 44.55139, 35.523272145192436], [-0.41271, 44.55148, 34.6925925925926], [-0.41256, 44.55147, 33.6], [-0.4126, 44.5514, 33.6], [-0.4125, 44.55139, 33.6], [-0.4125, 44.55147, 33.6], [-0.41226, 44.55141, 34.65454545454545], [-0.4122, 44.55132, 33.9], [-0.41208, 44.5513, 34.65454545454545], [-0.41195, 44.55111, 34.65454545454545], [-0.41198, 44.55082, 35.2], [-0.4119, 44.55062, 35.2], [-0.41197, 44.55041, 35.908333333333324], [-0.41216, 44.55039, 35.9], [-0.41214, 44.5503, 36.0], [-0.41206, 44.55031, 35.90700032091578], [-0.4124, 44.55011, 36.79130434782608], [-0.41264, 44.55009, 36.79130434782608], [-0.41297, 44.55014, 35.523272145192436], [-0.41341, 44.55046, 35.523272145192436], [-0.41347, 44.55063, 35.523272145192436], [-0.41332, 44.5512, 35.523272145192436]]]}}, {"type": "Feature", "properties": {"id_obligation": "330760000A0239", "priorite": "moyenne"}, "geometry": {"type": "Polygon", "coordinates": [[[-0.41216, 44.55039, 35.91111915060306], [-0.41214, 44.5503, 36.0], [-0.41192, 44.55029, 35.9], [-0.41186, 44.55035, 35.9], [-0.41195, 44.5504, 35.9], [-0.41215, 44.5504, 35.9], [-0.41193, 44.55057, 35.92727272727273], [-0.4117, 44.55063, -211.7857142857142], [-0.41136, 44.55063, -211.7857142857142], [-0.41108, 44.55053, -25.964610389610364], [-0.41093, 44.55039, -25.964610389610364], [-0.41087, 44.55022, -25.964610389610364], [-0.41087, 44.54996, -25.964610389610364], [-0.41101, 44.54977, -25.964610389610364], [-0.4112, 44.54966, -25.964610389610364], [-0.41144, 44.54962, -25.964610389610364], [-0.41172, 44.54962, -25.964610389610364], [-0.41195, 44.54969, -25.964610389610364], [-0.41212, 44.54982, -25.964610389610364], [-0.41221, 44.54999, 35.9], [-0.41222, 44.55021, 35.9], [-0.41216, 44.55039, 35.91111915060306]]]}}, {"type": "Feature", "properties": {"id_obligation": "330760000A0314", "priorite": "très forte"}, "geometry": {"type": "Polygon", "coordinates": [[[-0.40973, 44.55054, 44.2], [-0.40954, 44.55066, 44.2], [-0.4093, 44.55071, 44.2], [-0.409, 44.5507, 44.2], [-0.40878, 44.55062, 44.2], [-0.40862, 44.55048, 44.2], [-0.40855, 44.55032, 44.2], [-0.40857, 44.5501, 44.2], [-0.40868, 44.54994, 44.2], [-0.40891, 44.54981, 44.2], [-0.40914, 44.54977, 44.2], [-0.40944, 44.5498, 44.2], [-0.40965, 44.54989, 44.2], [-0.40979, 44.55003, 44.2], [-0.40985, 44.5502, 44.2], [-0.40983, 44.55037, 44.2], [-0.40973, 44.55054, 44.2]]]}}, {"type": "Feature", "properties": {"id_obligation": "330760000A0349", "priorite": "très forte"}, "geometry": {"type": "Polygon", "coordinates": [[[-0.40346, 44.55172, 34.9], [-0.40329, 44.55159, 34.9], [-0.40321, 44.55142, 34.9], [-0.40322, 44.5512, 34.9], [-0.40332, 44.55104, 34.9], [-0.40349, 44.55092, 34.9], [-0.40372, 44.55086, 34.9], [-0.40402, 44.55087, 34.9], [-0.40425, 44.55094, 34.9], [-0.40442, 44.55106, 34.9], [-0.40451, 44.55123, 34.9], [-0.4045, 44.55145, 34.9], [-0.40441, 44.55161, 34.9], [-0.40423, 44.55173, 34.9], [-0.404, 44.5518, 34.9], [-0.40375, 44.5518, 34.9], [-0.40346, 44.55172, 34.9]]]}}, {"type": "Feature", "properties": {"id_obligation": "330760000A0370", "priorite": "très forte"}, "geometry": {"type": "Polygon", "coordinates": [[[-0.4019, 44.55437, 30.6], [-0.40175, 44.55412, 30.6], [-0.40174, 44.55395, 30.6], [-0.40186, 44.55373, 30.6], [-0.40208, 44.55358, 30.6], [-0.40231, 44.55352, 30.6], [-0.40255, 44.55353, 30.6], [-0.4029, 44.55363, 30.6], [-0.40308, 44.55375, 30.6], [-0.40319, 44.55396, 30.6], [-0.40317, 44.55413, 30.6], [-0.40303, 44.55439, 30.6], [-0.40285, 44.55452, 30.6], [-0.40262, 44.55459, 30.6], [-0.40237, 44.55459, 30.6], [-0.40212, 44.55452, 30.6], [-0.4019, 44.55437, 30.6]]]}}, {"type": "Feature", "properties": {"id_obligation": "330760000A0421", "priorite": "moyenne"}, "geometry": {"type": "Polygon", "coordinates": [[[-0.39829, 44.55022, 40.825], [-0.39812, 44.55035, 40.825], [-0.39789, 44.55042, 40.8], [-0.39759, 44.55043, 40.8], [-0.39731, 44.55033, 41.154583333333335], [-0.39715, 44.5502, 41.154583333333335], [-0.39708, 44.55003, 41.154583333333335], [-0.39708, 44.54982, 41.154583333333335], [-0.39717, 44.54966, 41.154583333333335], [-0.39734, 44.54954, 41.154583333333335], [-0.39756, 44.54947, 41.154583333333335], [-0.39784, 44.54946, 41.154583333333335], [-0.39807, 44.54952, 41.154583333333335], [-0.39825, 44.54964, 41.154583333333335], [-0.39836, 44.54979, 41.0], [-0.39838, 44.55, 41.0], [-0.39829, 44.55022, 40.825]]]}}, {"type": "Feature", "properties": {"id_obligation": "330760000A0422", "priorite": "moyenne"}, "geometry": {"type": "Polygon", "coordinates": [[[-0.39862, 44.55052, 41.4656862745098], [-0.3984, 44.55073, 41.4656862745098], [-0.39806, 44.55082, 40.650000000000006], [-0.39763, 44.55075, 41.4656862745098], [-0.39741, 44.55059, 41.4656862745098], [-0.39733, 44.55034, 41.4656862745098], [-0.39714, 44.55009, 41.4656862745098], [-0.39712, 44.54983, 41.4656862745098], [-0.39721, 44.54966, 41.4656862745098], [-0.39738, 44.54953, 41.4656862745098], [-0.3976, 44.54946, 42.3], [-0.39795, 44.54945, 42.3], [-0.3982, 44.54951, 41.4656862745098], [-0.39849, 44.54974, 41.4656862745098], [-0.39862, 44.54998, 41.4656862745098], [-0.39862, 44.55052, 41.4656862745098]]]}}, {"type": "Feature", "properties": {"id_obligation": "330760000A0427", "priorite": "moyenne"}, "geometry": {"type": "Polygon", "coordinates": [[[-0.39981, 44.55053, 42.0631764069264], [-0.39951, 44.55057, 42.0631764069264], [-0.39922, 44.5505, 42.0631764069264], [-0.39901, 44.55035, 42.0631764069264], [-0.39891, 44.55019, 42.31818181818182], [-0.39892, 44.54997, 42.31818181818182], [-0.39907, 44.54973, 42.3], [-0.39932, 44.54957, 42.3], [-0.39955, 44.54951, 41.925], [-0.3998, 44.54952, 41.925], [-0.40003, 44.5496, 42.0631764069264], [-0.40023, 44.54975, 42.0631764069264], [-0.40033, 44.54991, 42.0631764069264], [-0.40033, 44.55009, 42.0631764069264], [-0.40025, 44.55025, 42.0631764069264], [-0.39981, 44.55053, 42.0631764069264]]]}}, {"type": "Feature", "properties": {"id_obligation": "330760000A0429", "priorite": "moyenne"}, "geometry": {"type": "Polygon", "coordinates": [[[-0.39991, 44.55022, 42.01702834799608], [-0.39965, 44.55044, 42.01702834799608], [-0.39938, 44.55053, 41.2], [-0.39909, 44.55053, 41.2], [-0.39883, 44.55042, 42.01702834799608], [-0.39853, 44.55016, 42.01702834799608], [-0.39847, 44.54998, 42.5], [-0.39849, 44.5497, 42.5], [-0.39864, 44.5495, 42.13636363636363], [-0.39907, 44.54927, 42.5], [-0.39931, 44.54921, 42.5], [-0.39956, 44.54922, 42.01702834799608], [-0.39983, 44.54934, 42.01702834799608], [-0.40004, 44.54956, 42.01702834799608], [-0.40009, 44.54973, 41.54], [-0.39991, 44.55022, 42.01702834799608]]]}}, {"type": "Feature", "properties": {"id_obligation": "330760000A0430", "priorite": "moyenne"}, "geometry": {"type": "Polygon", "coordinates": [[[-0.40026, 44.54974, 42.045520833333335], [-0.40032, 44.54991, 42.045520833333335], [-0.40028, 44.55008, 42.045520833333335], [-0.40016, 44.55023, 42.045520833333335], [-0.39987, 44.5504, 42.045520833333335], [-0.39964, 44.55046, 41.2], [-0.3994, 44.55046, 41.2], [-0.39913, 44.55036, 42.1], [-0.39893, 44.55019, 42.1], [-0.39876, 44.54985, 42.220000000000006], [-0.39881, 44.54961, 42.5], [-0.39888, 44.54968, 42.5], [-0.39895, 44.54963, 42.5], [-0.39904, 44.54971, 42.5], [-0.39911, 44.54968, 42.5], [-0.39894, 44.54953, 42.5], [-0.39882, 44.54961, 42.5], [-0.39893, 44.54949, 42.5], [-0.39921, 44.54933, 42.5], [-0.39952, 44.54929, 42.3], [-0.39982, 44.54937, 42.045520833333335], [-0.40026, 44.54974, 42.045520833333335]]]}}, {"type": "Feature", "properties": {"id_obligation": "330760000A0438", "priorite": "moyenne"}, "geometry": {"type": "Polygon", "coordinates": [[[-0.40464, 44.54694, 42.95000000000001], [-0.40476, 44.5471, 42.21666666666666], [-0.40478, 44.54727, 42.21666666666666], [-0.40469, 44.54751, 42.368067226890766], [-0.40455, 44.54766, 42.368067226890766], [-0.40435, 44.54776, 42.368067226890766], [-0.40411, 44.54779, 42.368067226890766], [-0.40381, 44.54774, 42.5], [-0.40357, 44.54761, 42.5], [-0.40345, 44.54746, 42.5], [-0.40343, 44.54728, 42.5], [-0.40354, 44.54731, 42.5], [-0.40348, 44.54742, 42.5], [-0.40359, 44.54748, 42.5], [-0.40368, 44.54734, 42.5], [-0.40352, 44.54727, 42.5], [-0.40362, 44.54714, 42.5], [-0.40352, 44.54706, 43.333333333333336], [-0.40367, 44.5469, 43.333333333333336], [-0.4039, 44.5468, 41.6], [-0.40416, 44.54677, 41.6], [-0.40439, 44.54681, 42.95000000000001], [-0.40464, 44.54694, 42.95000000000001]]]}}, {"type": "Feature", "properties": {"id_obligation": "330760000A0448", "priorite": "faible"}, "geometry": {"type": "Polygon", "coordinates": [[[-0.40263, 44.54792, 42.76741666666667], [-0.40239, 44.54795, 42.76741666666667], [-0.40206, 44.54788, 42.76741666666667], [-0.40188, 44.54779, 42.76741666666667], [-0.40193, 44.54772, 42.76741666666667], [-0.40173, 44.54764, 42.76741666666667], [-0.40169, 44.54739, 42.7], [-0.40187, 44.54708, 42.76741666666667], [-0.40204, 44.54695, 42.76741666666667], [-0.40244, 44.54684, 43.14959302201433], [-0.40248, 44.54686, 43.1], [-0.40255, 44.5468, 43.39333333333333], [-0.40279, 44.54678, 43.39333333333333], [-0.40309, 44.54684, 42.7], [-0.40333, 44.54698, 42.7], [-0.40345, 44.54719, 42.5], [-0.40341, 44.54741, 42.5], [-0.40324, 44.54761, 42.76741666666667], [-0.40263, 44.54792, 42.76741666666667]]]}}, {"type": "Feature", "properties": {"id_obligation": "330760000A0451", "priorite": "moyenne"}, "geometry": {"type": "Polygon", "coordinates": [[[-0.41152, 44.55097, 34.9], [-0.41129, 44.55092, -23.399999999999984], [-0.4111, 44.55082, -23.399999999999984], [-0.41095, 44.55063, -23.399999999999984], [-0.41092, 44.5504, -23.399999999999984], [-0.411, 44.55023, -23.399999999999984], [-0.41129, 44.55002, -23.399999999999984], [-0.41152, 44.54994, 36.1], [-0.41178, 44.54992, 36.1], [-0.41201, 44.54996, -23.399999999999984], [-0.41221, 44.55006, -23.399999999999984], [-0.41236, 44.55025, -23.399999999999984], [-0.41241, 44.55049, 35.92727272727273], [-0.41233, 44.55071, -23.399999999999984], [-0.41212, 44.55087, -23.399999999999984], [-0.41152, 44.55097, 34.9]]]}}, {"type": "Feature", "properties": {"id_obligation": "330760000A0453", "priorite": "moyenne"}, "geometry": {"type": "Polygon", "coordinates": [[[-0.41124, 44.55061, 34.5], [-0.41137, 44.55046, 34.5], [-0.41156, 44.55036, 34.5], [-0.41185, 44.55031, 35.5625], [-0.41195, 44.5504, 35.8], [-0.41216, 44.55039, 35.9], [-0.41215, 44.55036, 35.94792550593912], [-0.41233, 44.55045, 35.09250000000001], [-0.41246, 44.5506, 35.09250000000001], [-0.41252, 44.55082, 35.09250000000001], [-0.41247, 44.55099, 35.20000000000001], [-0.41237, 44.551, 35.2], [-0.41235, 44.55104, 35.2], [-0.41242, 44.55105, 35.2], [-0.41233, 44.55114, 35.20000000000001], [-0.41212, 44.55123, 35.3], [-0.41183, 44.55127, 35.3], [-0.41159, 44.55123, 35.09250000000001], [-0.41139, 44.55114, 35.09250000000001], [-0.41126, 44.55099, 35.09250000000001], [-0.4112, 44.55082, 35.09250000000001], [-0.41124, 44.55061, 34.5]]]}}, {"type": "Feature", "properties": {"id_obligation": "330760000A0467", "priorite": "forte"}, "geometry": {"type": "Polygon", "coordinates": [[[-0.41284, 44.55135, 35.415], [-0.41282, 44.55152, 33.20000000000001], [-0.4127, 44.55167, 33.20000000000001], [-0.41251, 44.55178, 33.20000000000001], [-0.41228, 44.55184, 34.78479166666667], [-0.41195, 44.55184, 34.78479166666667], [-0.41168, 44.55175, 34.78479166666667], [-0.41152, 44.55162, 34.78479166666667], [-0.41137, 44.55119, 34.78479166666667], [-0.41137, 44.551, 34.9], [-0.41145, 44.55084, 34.9], [-0.41166, 44.55069, 34.9], [-0.41201, 44.55062, 34.9], [-0.4124, 44.55069, 35.69375], [-0.41262, 44.55083, 36.038847433868376], [-0.41257, 44.55102, 35.2], [-0.41237, 44.551, 35.2], [-0.41235, 44.55104, 35.2], [-0.41276, 44.55111, 35.415], [-0.41284, 44.55135, 35.415]]]}}, {"type": "Feature", "properties": {"id_obligation": "330760000A0469", "priorite": "moyenne"}, "geometry": {"type": "Polygon", "coordinates": [[[-0.41164, 44.55079, 5.085873015873022], [-0.41136, 44.55062, 5.085873015873022], [-0.41124, 44.55042, -180.79999999999993], [-0.41124, 44.55025, -180.79999999999993], [-0.4114, 44.55003, 36.1], [-0.41162, 44.54989, 36.1], [-0.41185, 44.54984, 5.085873015873022], [-0.41228, 44.54986, 5.085873015873022], [-0.41256, 44.54996, 36.2], [-0.41271, 44.5501, 36.2], [-0.41277, 44.55027, 35.9], [-0.41253, 44.55025, 38.4], [-0.41251, 44.55015, 36.2], [-0.4124, 44.55019, 36.3], [-0.41248, 44.55032, 37.5], [-0.41279, 44.55037, 36.04585906885316], [-0.41277, 44.55051, 36.37333333333332], [-0.41271, 44.55061, 36.4], [-0.41269, 44.55055, 36.4], [-0.41261, 44.55054, 36.4], [-0.41253, 44.55061, 36.3], [-0.41267, 44.55063, 36.4], [-0.41266, 44.55067, 36.4], [-0.41247, 44.55079, 36.37333333333332], [-0.41224, 44.55084, 34.9], [-0.41194, 44.55085, 34.9], [-0.41164, 44.55079, 5.085873015873022]]]}}, {"type": "Feature", "properties": {"id_obligation": "330760000A0471", "priorite": "moyenne"}, "geometry": {"type": "Polygon", "coordinates": [[[-0.41341, 44.55004, 36.395116959064325], [-0.41352, 44.55024, 36.395116959064325], [-0.41344, 44.55054, 36.395116959064325], [-0.41327, 44.55072, 36.395116959064325], [-0.41306, 44.55081, 36.395116959064325], [-0.41282, 44.55083, 36.38666666666666], [-0.41272, 44.55082, 36.4], [-0.41274, 44.55073, 36.4], [-0.41282, 44.55074, 36.4], [-0.41284, 44.55065, 36.4], [-0.41268, 44.5506, 36.4], [-0.41269, 44.55055, 36.4], [-0.41261, 44.55054, 36.4], [-0.41253, 44.55061, 36.3], [-0.41267, 44.55063, 36.4], [-0.41262, 44.5508, 36.4], [-0.41237, 44.55077, 36.395116959064325], [-0.41204, 44.55064, 36.395116959064325], [-0.41189, 44.55047, 35.925], [-0.41177, 44.5502, 35.925], [-0.41181, 44.55003, 36.395116959064325], [-0.41198, 44.54985, 36.395116959064325], [-0.41228, 44.54973, 36.395116959064325], [-0.41253, 44.5497, 36.395116959064325], [-0.41277, 44.54974, 36.395116959064325], [-0.41341, 44.55004, 36.395116959064325]]]}}, {"type": "Feature", "properties": {"id_obligation": "330760000A0473", "priorite": "moyenne"}, "geometry": {"type": "Polygon", "coordinates": [[[-0.40203, 44.54852, 41.35263157894737], [-0.40217, 44.54871, 41.3], [-0.40215, 44.54897, 41.3], [-0.40189, 44.54925, 41.35263157894737], [-0.40165, 44.54939, 41.35263157894737], [-0.4013, 44.54943, 41.35263157894737], [-0.40087, 44.54959, 41.35263157894737], [-0.40063, 44.5496, 41.35263157894737], [-0.40035, 44.54953, 41.35263157894737], [-0.40011, 44.54937, 41.35263157894737], [-0.40002, 44.54921, 41.35263157894737], [-0.40002, 44.54903, 41.8], [-0.40015, 44.54884, 41.8], [-0.40019, 44.5488, 41.8], [-0.40074, 44.54891, 41.51052631578946], [-0.40089, 44.5489, 41.8], [-0.40064, 44.54912, 41.8], [-0.4007, 44.54916, 41.8], [-0.40079, 44.54908, 41.8], [-0.40085, 44.54911, 41.8], [-0.40113, 44.54891, 41.8], [-0.40107, 44.54886, 41.8], [-0.40104, 44.5489, 41.8], [-0.40098, 44.54888, 41.8], [-0.40155, 44.54828, 41.35263157894737], [-0.40203, 44.54852, 41.35263157894737]]]}}, {"type": "Feature", "properties": {"id_obligation": "330760000A0478", "priorite": "faible"}, "geometry": {"type": "Polygon", "coordinates": [[[-0.40479, 44.54725, 42.550000000000004], [-0.40471, 44.54742, 42.1], [-0.40453, 44.54756, 42.1], [-0.40425, 44.54764, 41.36666666666667], [-0.40401, 44.54764, 41.36666666666667], [-0.40358, 44.54753, 42.5], [-0.4034, 44.5474, 42.5], [-0.40331, 44.54724, 42.73809523809524], [-0.4033, 44.54707, 42.73809523809524], [-0.40339, 44.54685, 42.258180272108845], [-0.4036, 44.54668, 42.258180272108845], [-0.40382, 44.54661, 42.258180272108845], [-0.40407, 44.54661, 42.258180272108845], [-0.40451, 44.54673, 43.04], [-0.40468, 44.54685, 43.04], [-0.40479, 44.54705, 42.550000000000004], [-0.40479, 44.54725, 42.550000000000004]]]}}, {"type": "Feature", "properties": {"id_obligation": "330760000A0479", "priorite": "moyenne"}, "geometry": {"type": "Polygon", "coordinates": [[[-0.40468, 44.54753, 41.96], [-0.40437, 44.54758, 41.96], [-0.40406, 44.54753, 41.266666666666666], [-0.40383, 44.54739, 41.266666666666666], [-0.40372, 44.54724, 41.266666666666666], [-0.4037, 44.54707, 41.58], [-0.40383, 44.5467, 41.87845238095238], [-0.40402, 44.54652, 41.87845238095238], [-0.40424, 44.54645, 41.87845238095238], [-0.40449, 44.54643, 41.87845238095238], [-0.40478, 44.54649, 41.87845238095238], [-0.40502, 44.54663, 41.87845238095238], [-0.40513, 44.54679, 41.87845238095238], [-0.40515, 44.54696, 41.87845238095238], [-0.40507, 44.5472, 41.87845238095238], [-0.40492, 44.54739, 41.87845238095238], [-0.40468, 44.54753, 41.96]]]}}, {"type": "Feature", "properties": {"id_obligation": "330760000A0482", "priorite": "moyenne"}, "geometry": {"type": "Polygon", "coordinates": [[[-0.41259, 44.55058, 36.4], [-0.41253, 44.55061, 36.3], [-0.41267, 44.55063, 36.4], [-0.41257, 44.55102, 35.2], [-0.41237, 44.551, 35.2], [-0.41235, 44.55104, 35.2], [-0.41276, 44.55111, 34.2], [-0.41279, 44.55085, 36.2], [-0.41272, 44.55084, 36.4], [-0.41274, 44.55073, 36.4], [-0.41282, 44.55074, 36.4], [-0.41284, 44.55065, 36.4], [-0.41268, 44.5506, 36.4], [-0.41265, 44.55054, 36.4], [-0.41295, 44.55057, 35.6], [-0.41317, 44.55064, 35.6], [-0.41334, 44.55076, 35.6], [-0.41343, 44.55097, 34.89575607001694], [-0.4134, 44.55116, 34.89575607001694], [-0.41312, 44.5516, 34.89575607001694], [-0.41294, 44.55172, 34.89575607001694], [-0.41265, 44.55179, 33.27272727272728], [-0.41232, 44.55176, 33.9], [-0.41207, 44.55164, 33.9], [-0.41178, 44.55123, 34.9], [-0.41172, 44.55106, 34.9], [-0.41178, 44.55084, 34.9], [-0.41195, 44.55067, 34.9], [-0.41221, 44.55056, 34.9], [-0.41257, 44.55055, 36.1695652173913], [-0.41259, 44.55058, 36.4]]]}}, {"type": "Feature", "properties": {"id_obligation": "330760000A0483", "priorite": "forte"}, "geometry": {"type": "Polygon", "coordinates": [[[-0.41283, 44.55189, 34.75948380566801], [-0.41253, 44.55193, 34.75948380566801], [-0.41224, 44.55188, 34.75948380566801], [-0.41204, 44.55178, 34.75948380566801], [-0.41191, 44.55163, 34.75948380566801], [-0.41187, 44.55143, 33.9], [-0.41192, 44.55122, 35.3], [-0.412, 44.55112, 35.3], [-0.41208, 44.55113, 35.3], [-0.41206, 44.55107, 35.3], [-0.41227, 44.55097, 35.3], [-0.41251, 44.55094, 35.43684210526315], [-0.41259, 44.55094, 35.498867897515815], [-0.41257, 44.55102, 35.2], [-0.41237, 44.551, 35.2], [-0.41235, 44.55104, 35.2], [-0.41276, 44.55111, 34.2], [-0.41274, 44.55102, 35.2], [-0.41281, 44.551, 35.2], [-0.41277, 44.55096, 35.5], [-0.41305, 44.55108, 35.2375], [-0.41319, 44.55123, 35.2375], [-0.41323, 44.5514, 34.75948380566801], [-0.41318, 44.55162, 34.75948380566801], [-0.41302, 44.55178, 34.75948380566801], [-0.41283, 44.55189, 34.75948380566801]]]}}, {"type": "Feature", "properties": {"id_obligation": "330760000B0005", "priorite": "moyenne"}, "geometry": {"type": "MultiPolygon", "coordinates": [[[[-0.39343, 44.55472, 31.676762820512817], [-0.39317, 44.55482, 31.676762820512817], [-0.39293, 44.55483, 31.676762820512817], [-0.39258, 44.55474, 31.676762820512817], [-0.3924, 44.55463, 31.676762820512817], [-0.39229, 44.55448, 31.676762820512817], [-0.39227, 44.55431, 31.676762820512817], [-0.39236, 44.5541, 31.58125], [-0.39256, 44.55394, 31.58125], [-0.39272, 44.55388, 30.4], [-0.39276, 44.55391, 30.4], [-0.39278, 44.55387, 31.88333333333333], [-0.39302, 44.55386, 31.88333333333333], [-0.39336, 44.55395, 31.0], [-0.39344, 44.554, 31.0], [-0.39344, 44.55431, 31.0], [-0.3936, 44.55432, 31.0], [-0.3936, 44.55426, 31.5], [-0.39365, 44.55426, 31.5], [-0.39358, 44.55458, 31.676762820512817], [-0.39343, 44.55472, 31.676762820512817]]], [[[-0.3936, 44.55426, 31.5], [-0.39355, 44.55426, 31.0], [-0.39354, 44.55411, 31.0], [-0.3936, 44.55426, 31.5]]]]}}, {"type": "Feature", "properties": {"id_obligation": "330760000B0006", "priorite": "moyenne"}, "geometry": {"type": "Polygon", "coordinates": [[[-0.39368, 44.55368, 31.0], [-0.39387, 44.55389, 31.0], [-0.39389, 44.55435, 31.2], [-0.39384, 44.55451, 31.587823529411764], [-0.3937, 44.55466, 31.587823529411764], [-0.39344, 44.55477, 31.587823529411764], [-0.39319, 44.55478, 31.587823529411764], [-0.3928, 44.55473, 31.587823529411764], [-0.39256, 44.55461, 31.587823529411764], [-0.39243, 44.55447, 31.587823529411764], [-0.39239, 44.55426, 31.920000000000005], [-0.39246, 44.55406, 31.920000000000005], [-0.39254, 44.55397, 33.7], [-0.39258, 44.55415, 31.8], [-0.39272, 44.55414, 30.6], [-0.39271, 44.554, 30.9], [-0.39266, 44.554, 32.0], [-0.39266, 44.55394, 32.0], [-0.39256, 44.55395, 33.7], [-0.39266, 44.55378, 31.424999999999997], [-0.39282, 44.55365, 31.424999999999997], [-0.3931, 44.55357, 31.587823529411764], [-0.39341, 44.55358, 31.0], [-0.39368, 44.55368, 31.0]]]}}, {"type": "Feature", "properties": {"id_obligation": "330760000B0012", "priorite": "très forte"}, "geometry": {"type": "Polygon", "coordinates": [[[-0.3942, 44.55333, 30.8], [-0.39432, 44.55318, 30.8], [-0.39455, 44.55304, 30.8], [-0.39484, 44.55299, 30.8], [-0.39508, 44.553, 30.8], [-0.3953, 44.55308, 30.8], [-0.39547, 44.55322, 30.8], [-0.39556, 44.55342, 30.8], [-0.39554, 44.5536, 30.8], [-0.39539, 44.55379, 30.8], [-0.39518, 44.55389, 30.8], [-0.3949, 44.55394, 30.8], [-0.39465, 44.55393, 30.8], [-0.39443, 44.55384, 30.8], [-0.39427, 44.55371, 30.8], [-0.39419, 44.55354, 30.8], [-0.3942, 44.55333, 30.8]]]}}, {"type": "Feature", "properties": {"id_obligation": "330760000B0022", "priorite": "moyenne"}, "geometry": {"type": "MultiPolygon", "coordinates": [[[[-0.3929, 44.55359, 31.507165991902827], [-0.39314, 44.55373, 31.507165991902827], [-0.39325, 44.55389, 32.17999999999999], [-0.39327, 44.55402, 32.3], [-0.39319, 44.55401, 32.3], [-0.3932, 44.55427, 31.2], [-0.39305, 44.55423, 31.1], [-0.39302, 44.55431, 31.1], [-0.39323, 44.55433, 31.43117143752658], [-0.39316, 44.55441, 32.63076923076922], [-0.39293, 44.55455, 32.63076923076922], [-0.39256, 44.5546, 31.507165991902827], [-0.39232, 44.55455, 31.507165991902827], [-0.39208, 44.55442, 31.507165991902827], [-0.39197, 44.55426, 31.507165991902827], [-0.39194, 44.55399, 31.507165991902827], [-0.39199, 44.55382, 31.507165991902827], [-0.39218, 44.55365, 31.507165991902827], [-0.39239, 44.55357, 29.959999999999997], [-0.39265, 44.55355, 29.959999999999997], [-0.3929, 44.55359, 31.507165991902827]]], [[[-0.39328, 44.55417, 32.17999999999999], [-0.39326, 44.55427, 31.846957609491106], [-0.39327, 44.55402, 32.3], [-0.39328, 44.55417, 32.17999999999999]]]]}}, {"type": "Feature", "properties": {"id_obligation": "330760000B0023", "priorite": "moyenne"}, "geometry": {"type": "Polygon", "coordinates": [[[-0.39208, 44.55388, 29.320000000000004], [-0.39228, 44.55371, 29.320000000000004], [-0.3925, 44.55363, 31.166666666666668], [-0.39281, 44.55363, 31.166666666666668], [-0.39309, 44.55371, 31.896111111111114], [-0.39326, 44.55384, 31.896111111111114], [-0.39334, 44.55401, 32.0], [-0.39334, 44.55421, 32.0], [-0.39326, 44.55437, 32.33], [-0.39309, 44.5545, 32.33], [-0.39287, 44.55458, 34.9], [-0.39256, 44.55459, 34.9], [-0.39233, 44.55453, 31.896111111111114], [-0.39215, 44.55441, 31.896111111111114], [-0.39204, 44.55425, 31.896111111111114], [-0.39202, 44.55405, 31.896111111111114], [-0.39208, 44.55388, 29.320000000000004]]]}}, {"type": "Feature", "properties": {"id_obligation": "330760000B0028", "priorite": "très forte"}, "geometry": {"type": "Polygon", "coordinates": [[[-0.39192, 44.5514, 31.190909090909088], [-0.3917, 44.55149, 31.190909090909088], [-0.39146, 44.55151, 31.190909090909088], [-0.39097, 44.55147, 31.190909090909088], [-0.39077, 44.55138, 31.190909090909088], [-0.3906, 44.55121, 31.190909090909088], [-0.39056, 44.55096, 31.190909090909088], [-0.39061, 44.55079, 31.190909090909088], [-0.39079, 44.55062, 31.190909090909088], [-0.39121, 44.55041, 31.190909090909088], [-0.3915, 44.55036, 31.190909090909088], [-0.39183, 44.5504, 31.190909090909088], [-0.39207, 44.55052, 31.190909090909088], [-0.3922, 44.55071, 31.190909090909088], [-0.3922, 44.551, 31.190909090909088], [-0.39209, 44.55122, 31.190909090909088], [-0.39192, 44.5514, 31.190909090909088]]]}}, {"type": "Feature", "properties": {"id_obligation": "330760000B0035", "priorite": "forte"}, "geometry": {"type": "Polygon", "coordinates": [[[-0.39124, 44.55201, 29.5775], [-0.39117, 44.55222, 29.5775], [-0.39098, 44.55239, 29.5775], [-0.39076, 44.55247, 29.5775], [-0.39042, 44.55249, 29.5775], [-0.39014, 44.55243, 29.5775], [-0.38995, 44.55232, 29.5775], [-0.3898, 44.55212, 29.7], [-0.38978, 44.55194, 29.7], [-0.38991, 44.55162, 29.5775], [-0.39006, 44.55148, 29.5775], [-0.39027, 44.55139, 29.5775], [-0.39057, 44.55138, 29.5775], [-0.39089, 44.55145, 29.5775], [-0.3911, 44.55161, 29.5775], [-0.39124, 44.55201, 29.5775]]]}}, {"type": "Feature", "properties": {"id_obligation": "330760000B0132", "priorite": "très forte"}, "geometry": {"type": "Polygon", "coordinates": [[[-0.38179, 44.5526, 26.347826086956527], [-0.38167, 44.55282, 26.347826086956527], [-0.38139, 44.55304, 26.347826086956527], [-0.38117, 44.55311, 26.347826086956527], [-0.38092, 44.55312, 26.347826086956527], [-0.38042, 44.55301, 26.347826086956527], [-0.38015, 44.55285, 26.347826086956527], [-0.38001, 44.55265, 26.347826086956527], [-0.38, 44.55247, 26.347826086956527], [-0.3801, 44.55226, 26.347826086956527], [-0.38026, 44.55213, 26.347826086956527], [-0.38049, 44.55205, 26.347826086956527], [-0.38103, 44.55199, 26.347826086956527], [-0.38133, 44.55203, 26.347826086956527], [-0.38159, 44.55215, 26.347826086956527], [-0.38177, 44.55238, 26.347826086956527], [-0.38179, 44.5526, 26.347826086956527]]]}}, {"type": "Feature", "properties": {"id_obligation": "330760000B0239", "priorite": "forte"}, "geometry": {"type": "Polygon", "coordinates": [[[-0.38756, 44.54583, -149.29785714285717], [-0.38737, 44.54601, -149.29785714285717], [-0.38716, 44.5461, -149.29785714285717], [-0.38693, 44.54613, -149.29785714285717], [-0.38661, 44.5461, -149.29785714285717], [-0.38635, 44.54599, -149.29785714285717], [-0.38621, 44.54585, -149.29785714285717], [-0.38615, 44.54563, -149.29785714285717], [-0.38623, 44.54543, -149.29785714285717], [-0.38651, 44.54515, -149.29785714285717], [-0.3867, 44.54505, 35.339999999999996], [-0.387, 44.545, 35.339999999999996], [-0.38729, 44.54506, -149.29785714285717], [-0.38751, 44.54521, -149.29785714285717], [-0.38765, 44.54543, -149.29785714285717], [-0.38764, 44.54566, -149.29785714285717], [-0.38756, 44.54583, -149.29785714285717]]]}}, {"type": "Feature", "properties": {"id_obligation": "330760000B0247", "priorite": "très forte"}, "geometry": {"type": "Polygon", "coordinates": [[[-0.38884, 44.54642, 36.425000000000004], [-0.38917, 44.54654, 35.50944444444444], [-0.38943, 44.54684, 35.50944444444444], [-0.38962, 44.54723, 34.2], [-0.38955, 44.54745, 35.50944444444444], [-0.38939, 44.54759, 35.50944444444444], [-0.38908, 44.5477, 35.50944444444444], [-0.38882, 44.54788, 32.8], [-0.38852, 44.54794, 32.8], [-0.38821, 44.54789, 35.50944444444444], [-0.38795, 44.54774, 35.50944444444444], [-0.38784, 44.54758, 35.50944444444444], [-0.38782, 44.5474, 38.6], [-0.38758, 44.54722, 38.6], [-0.38751, 44.54701, 38.6], [-0.3876, 44.54679, 35.50944444444444], [-0.38787, 44.54655, 35.50944444444444], [-0.38809, 44.54647, 35.50944444444444], [-0.38884, 44.54642, 36.425000000000004]]]}}, {"type": "Feature", "properties": {"id_obligation": "330760000B0256", "priorite": "forte"}, "geometry": {"type": "Polygon", "coordinates": [[[-0.38954, 44.54975, 30.9], [-0.38951, 44.54957, 30.9], [-0.38958, 44.5494, 31.590909090909093], [-0.38973, 44.54926, 31.590909090909093], [-0.39003, 44.54915, 31.590909090909093], [-0.39027, 44.54911, 31.590909090909093], [-0.39051, 44.54914, 31.590909090909093], [-0.39076, 44.54927, 31.590909090909093], [-0.39105, 44.54981, 31.590909090909093], [-0.39099, 44.55002, 31.590909090909093], [-0.39081, 44.55019, 31.590909090909093], [-0.39046, 44.5503, 30.9], [-0.39015, 44.55029, 30.9], [-0.38989, 44.55016, 30.9], [-0.38954, 44.54975, 30.9]]]}}, {"type": "Feature", "properties": {"id_obligation": "330760000B0257", "priorite": "forte"}, "geometry": {"type": "Polygon", "coordinates": [[[-0.39068, 44.54977, 33.8], [-0.39072, 44.54999, 33.8], [-0.39064, 44.55016, 32.981249999999996], [-0.39045, 44.55032, 32.981249999999996], [-0.39023, 44.5504, 32.981249999999996], [-0.38999, 44.55042, 32.981249999999996], [-0.3897, 44.55034, 32.981249999999996], [-0.38951, 44.55022, 32.981249999999996], [-0.3894, 44.55007, 32.981249999999996], [-0.38938, 44.54989, 32.981249999999996], [-0.38948, 44.54969, 32.981249999999996], [-0.38963, 44.54955, 32.981249999999996], [-0.38985, 44.54947, 33.575], [-0.39009, 44.54946, 33.575], [-0.39032, 44.54951, 33.65], [-0.39054, 44.54962, 33.65], [-0.39068, 44.54977, 33.8]]]}}, {"type": "Feature", "properties": {"id_obligation": "330760000B0302", "priorite": "forte"}, "geometry": {"type": "Polygon", "coordinates": [[[-0.37828, 44.55625, 22.200000000000003], [-0.37811, 44.55648, 22.200000000000003], [-0.37803, 44.55653, 22.3], [-0.37829, 44.55613, 22.4], [-0.37816, 44.55609, 21.9], [-0.37812, 44.55615, 21.9], [-0.3782, 44.55617, 22.4], [-0.37784, 44.55658, 22.7], [-0.37788, 44.5566, 22.7], [-0.37761, 44.55663, 22.955555555555552], [-0.37737, 44.55659, 21.666666666666668], [-0.37705, 44.55644, 21.666666666666668], [-0.37686, 44.55621, 21.666666666666668], [-0.37682, 44.55604, 21.984764128352495], [-0.37703, 44.55562, 19.3], [-0.3773, 44.55534, 19.3], [-0.37755, 44.55521, 23.36666666666667], [-0.3778, 44.55518, 23.36666666666667], [-0.37822, 44.55528, 22.400000000000002], [-0.37844, 44.55549, 22.400000000000002], [-0.37847, 44.5557, 22.0375], [-0.37829, 44.55601, 22.0375], [-0.3783, 44.55608, 22.0375], [-0.37828, 44.55625, 22.200000000000003]]]}}, {"type": "Feature", "properties": {"id_obligation": "330760000B0303", "priorite": "moyenne"}, "geometry": {"type": "Polygon", "coordinates": [[[-0.37731, 44.55623, 23.230769230769234], [-0.37722, 44.55607, 23.230769230769234], [-0.37722, 44.55589, 23.230769230769234], [-0.37733, 44.55565, 23.8], [-0.37756, 44.5555, 23.8], [-0.37779, 44.55544, 22.00666666666667], [-0.37804, 44.55545, 22.00666666666667], [-0.37831, 44.55553, 22.53333333333333], [-0.37853, 44.5557, 22.53333333333333], [-0.3786, 44.55587, 22.300000000000004], [-0.37857, 44.55605, 22.300000000000004], [-0.37843, 44.55626, 20.718181818181815], [-0.37826, 44.55638, 20.718181818181815], [-0.37807, 44.55644, 22.3], [-0.37829, 44.55613, 22.4], [-0.37816, 44.55609, 21.9], [-0.37812, 44.55615, 21.9], [-0.3782, 44.55617, 22.4], [-0.37796, 44.55646, 22.7], [-0.37784, 44.55645, 22.5], [-0.37777, 44.55639, 22.5], [-0.37773, 44.55644, 22.5], [-0.37766, 44.55642, 24.0], [-0.37774, 44.5563, 24.0], [-0.37758, 44.55625, 24.0], [-0.37755, 44.5563, 24.0], [-0.37762, 44.55632, 24.0], [-0.37754, 44.55638, 23.75], [-0.37731, 44.55623, 23.230769230769234]]]}}, {"type": "Feature", "properties": {"id_obligation": "330760000B0305", "priorite": "moyenne"}, "geometry": {"type": "Polygon", "coordinates": [[[-0.37714, 44.55646, 21.9], [-0.37702, 44.55626, 21.7875], [-0.37702, 44.55609, 21.7875], [-0.37713, 44.55589, 22.01780009920635], [-0.37729, 44.55576, 22.01780009920635], [-0.37751, 44.55568, 20.966666666666676], [-0.37776, 44.55567, 20.966666666666676], [-0.37774, 44.55571, 21.3], [-0.3778, 44.55573, 21.3], [-0.37783, 44.55568, 21.3], [-0.37804, 44.55574, 21.3], [-0.37823, 44.55586, 21.3], [-0.37835, 44.55606, 22.03000000000001], [-0.37834, 44.55623, 22.03000000000001], [-0.37823, 44.55642, 22.488888888888887], [-0.37797, 44.5566, 22.3], [-0.37829, 44.55613, 22.4], [-0.37816, 44.55609, 21.9], [-0.37812, 44.55615, 21.9], [-0.3782, 44.55617, 22.4], [-0.37784, 44.55663, 20.6], [-0.37761, 44.55664, 22.53125], [-0.37733, 44.55658, 21.9], [-0.37714, 44.55646, 21.9]]]}}, {"type": "Feature", "properties": {"id_obligation": "330760000B0308", "priorite": "forte"}, "geometry": {"type": "Polygon", "coordinates": [[[-0.3781, 44.55564, 22.480858023076614], [-0.37808, 44.55569, 22.8], [-0.37817, 44.55571, 22.8], [-0.37823, 44.55564, 21.608333333333338], [-0.37854, 44.55572, 21.622351641414145], [-0.37875, 44.55582, 21.622351641414145], [-0.3789, 44.55602, 20.488888888888887], [-0.3789, 44.55624, 20.488888888888887], [-0.37866, 44.55661, 20.580000000000002], [-0.3785, 44.55674, 20.580000000000002], [-0.37828, 44.55681, 21.512500000000003], [-0.37797, 44.55682, 21.512500000000003], [-0.37756, 44.55667, 22.98], [-0.3773, 44.55648, 22.98], [-0.37726, 44.55641, 21.9], [-0.3773, 44.55643, 21.9], [-0.37735, 44.55637, 21.9], [-0.37727, 44.55635, 21.9], [-0.37725, 44.55638, 21.9], [-0.37723, 44.55627, 21.5], [-0.37729, 44.55631, 21.5], [-0.37733, 44.55628, 21.5], [-0.37724, 44.55618, 22.809090909090912], [-0.37741, 44.5559, 20.98], [-0.37759, 44.55578, 20.98], [-0.3781, 44.55564, 22.480858023076614]]]}}, {"type": "Feature", "properties": {"id_obligation": "330760000B0317", "priorite": "forte"}, "geometry": {"type": "Polygon", "coordinates": [[[-0.3789, 44.55672, 21.73574074074074], [-0.37863, 44.55683, 21.73574074074074], [-0.37839, 44.55685, 21.73574074074074], [-0.37801, 44.55677, 21.0], [-0.37783, 44.55666, 21.0], [-0.37772, 44.55651, 22.5], [-0.37777, 44.55653, 22.5], [-0.37786, 44.55644, 22.5], [-0.37777, 44.55639, 22.5], [-0.3777, 44.55646, 22.5], [-0.3778, 44.55607, 21.3], [-0.37803, 44.55589, 21.3], [-0.37824, 44.55579, 22.275], [-0.37849, 44.55577, 22.275], [-0.3788, 44.55582, 21.73574074074074], [-0.379, 44.55594, 21.73574074074074], [-0.37912, 44.55609, 21.73574074074074], [-0.37915, 44.55627, 21.73574074074074], [-0.37906, 44.55653, 21.73574074074074], [-0.3789, 44.55672, 21.73574074074074]]]}}, {"type": "Feature", "properties": {"id_obligation": "330760000B0334", "priorite": "moyenne"}, "geometry": {"type": "Polygon", "coordinates": [[[-0.37741, 44.54616, 24.03772567704525], [-0.37712, 44.546, 24.03772567704525], [-0.37701, 44.5458, 23.381818181818186], [-0.37706, 44.54553, 24.052941176470593], [-0.37733, 44.54531, 23.5], [-0.37731, 44.54536, 23.5], [-0.37743, 44.54539, 25.1], [-0.37739, 44.54556, 24.8], [-0.37753, 44.54556, 24.8], [-0.37753, 44.54536, 22.9], [-0.37734, 44.5453, 23.5], [-0.37758, 44.54524, 24.40666666666666], [-0.37801, 44.54524, 24.40666666666666], [-0.37799, 44.5454, 24.6], [-0.37792, 44.54539, 24.6], [-0.37786, 44.54561, 24.9], [-0.37802, 44.54566, 24.9], [-0.37813, 44.54526, 26.7], [-0.37822, 44.54528, 23.425], [-0.37848, 44.5454, 23.425], [-0.37857, 44.54549, 25.8], [-0.37853, 44.54555, 25.8], [-0.37861, 44.54555, 23.689473684210522], [-0.3786, 44.54575, 23.4], [-0.37865, 44.54576, 23.4], [-0.37859, 44.54592, 24.7], [-0.37847, 44.54607, 24.7], [-0.37828, 44.54617, 24.7], [-0.37779, 44.54621, 24.384615384615383], [-0.37741, 44.54616, 24.03772567704525]]]}}, {"type": "Feature", "properties": {"id_obligation": "330760000B0336", "priorite": "moyenne"}, "geometry": {"type": "Polygon", "coordinates": [[[-0.37815, 44.54613, 23.99285714285714], [-0.37789, 44.54624, 24.4], [-0.37759, 44.54625, 24.4], [-0.37726, 44.54616, 23.921851061076605], [-0.37707, 44.54601, 23.921851061076605], [-0.37695, 44.54582, 22.93333333333334], [-0.37695, 44.54565, 22.93333333333334], [-0.37707, 44.5454, 24.03333333333333], [-0.37724, 44.54528, 24.03333333333333], [-0.37747, 44.54521, 23.08749999999999], [-0.37772, 44.54521, 23.08749999999999], [-0.37797, 44.54527, 24.740000000000002], [-0.37802, 44.54529, 26.7], [-0.37799, 44.5454, 24.6], [-0.37792, 44.54539, 24.6], [-0.37786, 44.54561, 24.9], [-0.37802, 44.54566, 24.9], [-0.3781, 44.54534, 25.36192854278168], [-0.37809, 44.54543, 23.3], [-0.37815, 44.54544, 23.3], [-0.37817, 44.54539, 23.2], [-0.37825, 44.54549, 22.9], [-0.3782, 44.54566, 22.9], [-0.37827, 44.54567, 22.9], [-0.3783, 44.54557, 22.9], [-0.37834, 44.54564, 23.80952380952381], [-0.37831, 44.54595, 23.99285714285714], [-0.37815, 44.54613, 23.99285714285714]]]}}, {"type": "Feature", "properties": {"id_obligation": "330760000B0337", "priorite": "moyenne"}, "geometry": {"type": "Polygon", "coordinates": [[[-0.37728, 44.54601, 23.236363636363645], [-0.37705, 44.54594, 24.116707316435576], [-0.37687, 44.54582, 24.116707316435576], [-0.37677, 44.54566, 24.116707316435576], [-0.37677, 44.54548, 24.116707316435576], [-0.37687, 44.54527, 24.116707316435576], [-0.37704, 44.54514, 24.116707316435576], [-0.37727, 44.54508, 23.788888888888888], [-0.37772, 44.5451, 25.488888888888884], [-0.37803, 44.54524, 25.488888888888884], [-0.37786, 44.54561, 24.9], [-0.37793, 44.54565, 24.9], [-0.37802, 44.54566, 24.9], [-0.37811, 44.54533, 26.311702083066976], [-0.37809, 44.54543, 23.3], [-0.37816, 44.54543, 24.162499999999998], [-0.37815, 44.54565, 24.162499999999998], [-0.37803, 44.54584, 24.27142857142856], [-0.37783, 44.54596, 24.27142857142856], [-0.37755, 44.54602, 23.236363636363645], [-0.37728, 44.54601, 23.236363636363645]]]}}, {"type": "Feature", "properties": {"id_obligation": "330760000B0338", "priorite": "moyenne"}, "geometry": {"type": "Polygon", "coordinates": [[[-0.37693, 44.54516, 21.785714285714285], [-0.37702, 44.54514, 21.6], [-0.37707, 44.54506, 21.534705698153733], [-0.37716, 44.54502, 21.785714285714285], [-0.3774, 44.54499, 24.116666666666664], [-0.37766, 44.54502, 25.0], [-0.37765, 44.54506, 25.0], [-0.37792, 44.54509, 24.7], [-0.37805, 44.54518, 25.985237924196802], [-0.37786, 44.54561, 24.9], [-0.37793, 44.54565, 24.9], [-0.37802, 44.54566, 24.9], [-0.37813, 44.54526, 26.7], [-0.37817, 44.54532, 23.2], [-0.37809, 44.54543, 23.3], [-0.37815, 44.54544, 23.3], [-0.37818, 44.54536, 22.83608034131952], [-0.3782, 44.54546, 24.133333333333333], [-0.37813, 44.54569, 24.199999999999992], [-0.37795, 44.54587, 24.199999999999992], [-0.37774, 44.54596, 23.432], [-0.37749, 44.54598, 23.432], [-0.37716, 44.54593, 23.85767565876925], [-0.37696, 44.54584, 23.85767565876925], [-0.37682, 44.54569, 23.85767565876925], [-0.37677, 44.54552, 23.85767565876925], [-0.37682, 44.54531, 21.785714285714285], [-0.37693, 44.54516, 21.785714285714285]]]}}, {"type": "Feature", "properties": {"id_obligation": "330760000B0340", "priorite": "moyenne"}, "geometry": {"type": "MultiPolygon", "coordinates": [[[[-0.37807, 44.54512, 26.7], [-0.37786, 44.54561, 24.9], [-0.37802, 44.54566, 24.9], [-0.37799, 44.5457, 23.9], [-0.37793, 44.54569, 23.9], [-0.37785, 44.54578, 24.43157894736842], [-0.37756, 44.54585, 23.648387096774183], [-0.37739, 44.54584, 22.8], [-0.37734, 44.54575, 22.8], [-0.37728, 44.54575, 22.8], [-0.3773, 44.54582, 22.8], [-0.37717, 44.5458, 23.98675397235062], [-0.37694, 44.54573, 23.98675397235062], [-0.37677, 44.5456, 23.98675397235062], [-0.37669, 44.54543, 23.98675397235062], [-0.3767, 44.54525, 23.98675397235062], [-0.37679, 44.54507, 21.77142857142857], [-0.37701, 44.54491, 21.77142857142857], [-0.37742, 44.54485, 25.0], [-0.37775, 44.54492, 25.05384615384615], [-0.37794, 44.54501, 24.7], [-0.37767, 44.54498, 25.0], [-0.37765, 44.54506, 25.0], [-0.37796, 44.5451, 24.7], [-0.37799, 44.54505, 25.05384615384615], [-0.37807, 44.54512, 26.7]]], [[[-0.37813, 44.54523, 26.7], [-0.37816, 44.54532, 23.2], [-0.37809, 44.54543, 23.3], [-0.37815, 44.54544, 23.3], [-0.37807, 44.54562, 24.43157894736842], [-0.37802, 44.54566, 24.9], [-0.37813, 44.54523, 26.7]]]]}}, {"type": "Feature", "properties": {"id_obligation": "330760000B0344", "priorite": "moyenne"}, "geometry": {"type": "Polygon", "coordinates": [[[-0.37866, 44.54564, 23.4], [-0.37851, 44.54583, 23.847058823529405], [-0.37814, 44.54596, 24.20681818181818], [-0.37814, 44.54593, 24.4], [-0.3779, 44.54589, 24.4], [-0.37789, 44.54595, 24.4], [-0.37771, 44.54593, 24.20681818181818], [-0.37749, 44.54585, 24.388888888888886], [-0.37731, 44.54567, 24.388888888888886], [-0.37728, 44.5454, 23.500000000000007], [-0.37708, 44.54515, 23.500000000000007], [-0.37712, 44.54485, 21.8], [-0.37728, 44.54467, 21.8], [-0.37754, 44.54456, 24.71666666666667], [-0.37778, 44.54454, 24.71666666666667], [-0.37815, 44.54459, 23.749194272815597], [-0.37837, 44.54466, 23.749194272815597], [-0.37864, 44.54485, 23.749194272815597], [-0.37874, 44.545, 23.212500000000002], [-0.37877, 44.5452, 23.212500000000002], [-0.37866, 44.54564, 23.4]]]}}, {"type": "Feature", "properties": {"id_obligation": "330760000B0345", "priorite": "moyenne"}, "geometry": {"type": "MultiPolygon", "coordinates": [[[[-0.3786, 44.54583, 23.399999999999995], [-0.37846, 44.54598, 23.399999999999995], [-0.37819, 44.54609, 23.9090909090909], [-0.37794, 44.54611, 23.9090909090909], [-0.37768, 44.54606, 23.430000000000007], [-0.37741, 44.54592, 23.430000000000007], [-0.37733, 44.54585, 22.8], [-0.37739, 44.54585, 22.8], [-0.37738, 44.54576, 22.8], [-0.37728, 44.54575, 22.8], [-0.3773, 44.54581, 22.8], [-0.37726, 44.54574, 23.713333333333328], [-0.37723, 44.54557, 23.713333333333328], [-0.37731, 44.54533, 23.688888888888886], [-0.37744, 44.54518, 23.688888888888886], [-0.3777, 44.54507, 23.688888888888886], [-0.37796, 44.5451, 24.7], [-0.37797, 44.54505, 24.7], [-0.37828, 44.54509, 23.910399887028174], [-0.37853, 44.54522, 23.910399887028174], [-0.37867, 44.54541, 23.821052631578944], [-0.3786, 44.54583, 23.399999999999995]]]]}}, {"type": "Feature", "properties": {"id_obligation": "330760000B0346", "priorite": "moyenne"}, "geometry": {"type": "MultiPolygon", "coordinates": [[[[-0.3788, 44.54516, -13.384218716332697], [-0.37894, 44.54534, -275.764705882353], [-0.37896, 44.54551, -275.764705882353], [-0.37885, 44.54584, 23.4], [-0.37872, 44.54599, 23.4], [-0.37851, 44.54609, 23.89230769230769], [-0.37827, 44.54612, 23.89230769230769], [-0.37795, 44.54607, 24.178571428571423], [-0.37775, 44.54597, 24.178571428571423], [-0.3776, 44.54578, 22.872475451439158], [-0.37772, 44.54581, 24.6], [-0.37776, 44.54571, 25.0], [-0.37759, 44.54565, 24.6], [-0.37767, 44.54531, 24.685714285714283], [-0.37781, 44.54516, 24.685714285714283], [-0.37802, 44.54505, 25.487499999999994], [-0.37826, 44.545, 25.487499999999994], [-0.37855, 44.54504, -13.384218716332697], [-0.3788, 44.54516, -13.384218716332697]]], [[[-0.3776, 44.54575, 22.2], [-0.37759, 44.54577, 22.2], [-0.37759, 44.54575, 23.518370993986757], [-0.3776, 44.54575, 22.2]]]]}}, {"type": "Feature", "properties": {"id_obligation": "330760000B0347", "priorite": "moyenne"}, "geometry": {"type": "MultiPolygon", "coordinates": [[[[-0.37919, 44.54607, -42.86714790448345], [-0.37893, 44.54619, -42.86714790448345], [-0.37862, 44.54621, -42.86714790448345], [-0.37822, 44.54611, 23.987499999999994], [-0.37807, 44.54599, 24.4], [-0.37811, 44.546, 24.4], [-0.37814, 44.54593, 24.4], [-0.37801, 44.5459, 24.4], [-0.37798, 44.54579, 23.6], [-0.37802, 44.54571, 23.9], [-0.37793, 44.54569, 23.9], [-0.37791, 44.54562, 24.9], [-0.37802, 44.54566, 24.9], [-0.37813, 44.54514, 26.7], [-0.37834, 44.54506, 25.05833333333334], [-0.37858, 44.54504, -42.86714790448345], [-0.37884, 44.54507, -42.86714790448345], [-0.37905, 44.54516, -42.86714790448345], [-0.37928, 44.54533, -42.86714790448345], [-0.37938, 44.54548, -42.86714790448345], [-0.37934, 44.54588, -42.86714790448345], [-0.37919, 44.54607, -42.86714790448345]]], [[[-0.37798, 44.54529, 25.05833333333334], [-0.37804, 44.54521, 26.7], [-0.37799, 44.5454, 24.6], [-0.37793, 44.54537, 25.05833333333334], [-0.37798, 44.54529, 25.05833333333334]]]]}}, {"type": "Feature", "properties": {"id_obligation": "330760000B0351", "priorite": "moyenne"}, "geometry": {"type": "Polygon", "coordinates": [[[-0.37998, 44.54375, 26.60196078431373], [-0.37973, 44.54388, 26.60196078431373], [-0.37948, 44.54391, 26.60196078431373], [-0.37917, 44.54388, 26.60196078431373], [-0.37895, 44.54379, 26.60196078431373], [-0.3788, 44.54364, 26.60196078431373], [-0.37874, 44.54347, 26.60196078431373], [-0.37879, 44.54325, 26.60196078431373], [-0.37892, 44.5431, 26.60196078431373], [-0.37917, 44.54298, 26.60196078431373], [-0.37936, 44.54296, 25.1], [-0.37939, 44.54313, 25.1], [-0.37948, 44.54313, 25.1], [-0.37945, 44.54296, 25.1], [-0.37971, 44.54299, 25.241176470588236], [-0.37973, 44.5431, 24.7], [-0.37984, 44.54312, 24.7], [-0.37983, 44.54303, 24.7], [-0.38007, 44.54321, 25.86666666666667], [-0.38013, 44.54338, 25.86666666666667], [-0.3801, 44.5436, 26.60196078431373], [-0.37998, 44.54375, 26.60196078431373]]]}}, {"type": "Feature", "properties": {"id_obligation": "330760000B0357", "priorite": "moyenne"}, "geometry": {"type": "Polygon", "coordinates": [[[-0.37634, 44.54497, 23.523660714285715], [-0.37646, 44.54476, 23.523660714285715], [-0.37663, 44.54464, 23.523660714285715], [-0.37685, 44.54456, 23.523660714285715], [-0.37709, 44.54455, 23.523660714285715], [-0.37741, 44.54464, 23.523660714285715], [-0.37759, 44.54476, 23.523660714285715], [-0.3777, 44.54492, 24.6], [-0.37765, 44.54506, 25.0], [-0.37771, 44.54506, 24.2], [-0.3777, 44.54514, 24.6], [-0.37756, 44.54538, 24.137500000000006], [-0.37754, 44.5454, 25.1], [-0.37748, 44.54533, 23.5], [-0.37733, 44.5453, 23.5], [-0.37731, 44.54536, 23.5], [-0.37743, 44.54539, 25.1], [-0.3774, 44.5455, 24.44489710901004], [-0.37718, 44.54558, 23.5], [-0.37688, 44.54558, 23.5], [-0.3766, 44.54549, 23.523660714285715], [-0.3764, 44.54533, 23.523660714285715], [-0.37633, 44.54514, 23.523660714285715], [-0.37634, 44.54497, 23.523660714285715]]]}}, {"type": "Feature", "properties": {"id_obligation": "330760000B0550", "priorite": "très forte"}, "geometry": {"type": "Polygon", "coordinates": [[[-0.36639, 44.54262, 18.78], [-0.3662, 44.54245, 18.78], [-0.36615, 44.54229, 18.78], [-0.36619, 44.54205, 18.78], [-0.36632, 44.5419, 18.78], [-0.36657, 44.54178, 18.78], [-0.36681, 44.54175, 18.78], [-0.36717, 44.54179, 18.78], [-0.36738, 44.54188, 18.78], [-0.36753, 44.54203, 18.78], [-0.36758, 44.5422, 18.78], [-0.36753, 44.54244, 18.78], [-0.36739, 44.54259, 18.78], [-0.36719, 44.54269, 18.78], [-0.36695, 44.54273, 17.96], [-0.36666, 44.54271, 17.96], [-0.36639, 44.54262, 18.78]]]}}, {"type": "Feature", "properties": {"id_obligation": "330760000B0551", "priorite": "très forte"}, "geometry": {"type": "Polygon", "coordinates": [[[-0.36744, 44.54261, 18.245454545454542], [-0.3672, 44.54275, 18.245454545454542], [-0.36697, 44.54279, 17.200000000000003], [-0.36659, 44.54276, 18.245454545454542], [-0.36638, 44.54268, 18.245454545454542], [-0.3662, 44.54251, 18.245454545454542], [-0.36614, 44.54234, 18.245454545454542], [-0.36617, 44.54215, 18.245454545454542], [-0.36628, 44.54199, 18.245454545454542], [-0.36652, 44.54185, 18.245454545454542], [-0.36677, 44.54182, 18.245454545454542], [-0.36712, 44.54184, 18.245454545454542], [-0.36733, 44.54192, 18.245454545454542], [-0.36749, 44.54206, 18.245454545454542], [-0.36757, 44.54222, 18.245454545454542], [-0.36756, 44.54242, 18.245454545454542], [-0.36744, 44.54261, 18.245454545454542]]]}}, {"type": "Feature", "properties": {"id_obligation": "330760000B0552", "priorite": "forte"}, "geometry": {"type": "Polygon", "coordinates": [[[-0.36638, 44.5429, 19.014285714285712], [-0.36618, 44.54274, 19.014285714285712], [-0.36611, 44.54257, 19.014285714285712], [-0.36615, 44.54233, 19.014285714285712], [-0.36626, 44.54217, 19.014285714285712], [-0.3665, 44.54204, 19.014285714285712], [-0.36673, 44.54201, 19.599999999999998], [-0.367, 44.54202, 19.014285714285712], [-0.36726, 44.54213, 19.014285714285712], [-0.36741, 44.54226, 19.014285714285712], [-0.36747, 44.54243, 19.014285714285712], [-0.36744, 44.54263, 19.014285714285712], [-0.36734, 44.5428, 19.014285714285712], [-0.36716, 44.54292, 19.014285714285712], [-0.36692, 44.54298, 19.014285714285712], [-0.36665, 44.54298, 19.014285714285712], [-0.36638, 44.5429, 19.014285714285712]]]}}, {"type": "Feature", "properties": {"id_obligation": "330760000B0560", "priorite": "forte"}, "geometry": {"type": "Polygon", "coordinates": [[[-0.3671, 44.54384, 21.9], [-0.36713, 44.54367, 21.1], [-0.36705, 44.54366, 21.1], [-0.36703, 44.54375, 21.9], [-0.36695, 44.54374, 21.9], [-0.36691, 44.54396, 24.1], [-0.36659, 44.54405, 19.5], [-0.36624, 44.54402, 20.31098484848485], [-0.36598, 44.5439, 20.31098484848485], [-0.36585, 44.54375, 20.31098484848485], [-0.36582, 44.54352, 20.31098484848485], [-0.3659, 44.54331, 20.31098484848485], [-0.36616, 44.54304, 20.31098484848485], [-0.36636, 44.54294, 20.31098484848485], [-0.3666, 44.54291, 20.31098484848485], [-0.36692, 44.54295, 20.31098484848485], [-0.36712, 44.54305, 20.31098484848485], [-0.3673, 44.54333, 20.5], [-0.36727, 44.54359, 20.5], [-0.3671, 44.54384, 21.9]]]}}, {"type": "Feature", "properties": {"id_obligation": "330760000B0561", "priorite": "forte"}, "geometry": {"type": "Polygon", "coordinates": [[[-0.36755, 44.54438, 20.12125], [-0.36731, 44.54453, 20.12125], [-0.36701, 44.54457, 22.425], [-0.36657, 44.54449, 22.425], [-0.36633, 44.54431, 20.12125], [-0.36626, 44.54409, 20.12125], [-0.36602, 44.54395, 20.12125], [-0.36588, 44.54381, 20.12125], [-0.36585, 44.54359, 17.8], [-0.36595, 44.54336, 17.8], [-0.36612, 44.54322, 17.8], [-0.36641, 44.54314, 17.8], [-0.36672, 44.54315, 18.150000000000002], [-0.36708, 44.54324, 20.12125], [-0.36726, 44.54337, 20.12125], [-0.36735, 44.54352, 20.12125], [-0.36764, 44.54371, 21.299999999999997], [-0.36772, 44.54388, 21.299999999999997], [-0.36769, 44.54412, 20.12125], [-0.36755, 44.54438, 20.12125]]]}}, {"type": "Feature", "properties": {"id_obligation": "330760000B0563", "priorite": "forte"}, "geometry": {"type": "Polygon", "coordinates": [[[-0.36761, 44.54339, 19.76953968253968], [-0.36773, 44.54354, 19.76953968253968], [-0.36775, 44.54372, 19.76953968253968], [-0.36768, 44.5441, 19.76953968253968], [-0.36749, 44.54428, 19.76953968253968], [-0.36727, 44.54436, 19.76953968253968], [-0.36702, 44.54438, 22.759999999999998], [-0.36667, 44.54433, 19.76953968253968], [-0.36643, 44.5442, 19.76953968253968], [-0.36613, 44.54383, 18.85], [-0.36609, 44.54366, 18.85], [-0.36616, 44.54344, 17.955555555555556], [-0.36634, 44.54327, 17.955555555555556], [-0.36661, 44.54318, 17.955555555555556], [-0.36736, 44.54326, 19.76953968253968], [-0.36761, 44.54339, 19.76953968253968]]]}}, {"type": "Feature", "properties": {"id_obligation": "330760000B0566", "priorite": "moyenne"}, "geometry": {"type": "Polygon", "coordinates": [[[-0.36655, 44.54393, 22.49791666666667], [-0.36689, 44.54383, 22.633333333333333], [-0.36693, 44.54383, 22.965353607296024], [-0.36689, 44.54411, 24.1], [-0.36704, 44.54412, 24.1], [-0.3671, 44.54384, 21.9], [-0.36722, 44.54385, 22.49791666666667], [-0.36744, 44.54394, 22.49791666666667], [-0.3676, 44.54407, 22.49791666666667], [-0.36767, 44.54424, 22.49791666666667], [-0.36763, 44.54448, 22.49791666666667], [-0.36751, 44.54463, 22.49791666666667], [-0.36732, 44.54474, 22.49791666666667], [-0.36708, 44.54479, 22.49791666666667], [-0.36675, 44.54476, 22.49791666666667], [-0.36653, 44.54467, 22.49791666666667], [-0.36638, 44.54452, 22.49791666666667], [-0.36634, 44.5442, 22.49791666666667], [-0.36655, 44.54393, 22.49791666666667]]]}}, {"type": "Feature", "properties": {"id_obligation": "330760000B0614", "priorite": "très forte"}, "geometry": {"type": "Polygon", "coordinates": [[[-0.36911, 44.54937, 18.839999999999996], [-0.36906, 44.54956, 18.987142857142857], [-0.36887, 44.54974, 18.987142857142857], [-0.36866, 44.54982, 18.987142857142857], [-0.36841, 44.54983, 18.987142857142857], [-0.36805, 44.54976, 18.987142857142857], [-0.36786, 44.54965, 18.987142857142857], [-0.36774, 44.54949, 18.987142857142857], [-0.36772, 44.54932, 18.987142857142857], [-0.36781, 44.5491, 18.987142857142857], [-0.36796, 44.54897, 18.987142857142857], [-0.36818, 44.54889, 18.987142857142857], [-0.36842, 44.54887, 18.987142857142857], [-0.36875, 44.54893, 19.35], [-0.36894, 44.54904, 19.35], [-0.36906, 44.54919, 18.839999999999996], [-0.36911, 44.54937, 18.839999999999996]]]}}, {"type": "Feature", "properties": {"id_obligation": "330760000B0615", "priorite": "très forte"}, "geometry": {"type": "Polygon", "coordinates": [[[-0.36932, 44.54968, 18.878571428571426], [-0.36905, 44.54979, 18.878571428571426], [-0.36871, 44.54979, 18.878571428571426], [-0.36843, 44.54971, 18.878571428571426], [-0.36823, 44.54955, 18.878571428571426], [-0.36817, 44.54938, 18.77142857142857], [-0.36817, 44.54909, 18.77142857142857], [-0.36828, 44.54889, 18.878571428571426], [-0.36846, 44.54877, 18.878571428571426], [-0.36868, 44.54871, 18.878571428571426], [-0.36904, 44.54872, 18.878571428571426], [-0.36927, 44.54878, 18.878571428571426], [-0.36944, 44.54891, 18.878571428571426], [-0.36953, 44.54907, 18.878571428571426], [-0.36949, 44.54949, 18.878571428571426], [-0.36932, 44.54968, 18.878571428571426]]]}}, {"type": "Feature", "properties": {"id_obligation": "330760000B0700", "priorite": "forte"}, "geometry": {"type": "Polygon", "coordinates": [[[-0.37567, 44.54562, 23.775000000000002], [-0.3754, 44.54573, 25.2], [-0.37516, 44.54574, 25.2], [-0.37478, 44.54566, 22.626547619047617], [-0.37455, 44.54552, 22.626547619047617], [-0.37445, 44.54536, 22.626547619047617], [-0.37444, 44.54518, 22.626547619047617], [-0.37451, 44.54501, 22.626547619047617], [-0.37466, 44.54487, 22.626547619047617], [-0.37495, 44.54475, 20.799999999999997], [-0.3752, 44.54474, 20.799999999999997], [-0.37551, 44.54481, 21.599999999999998], [-0.37571, 44.54491, 21.599999999999998], [-0.37586, 44.5451, 22.514285714285716], [-0.37588, 44.54527, 22.514285714285716], [-0.3758, 44.54547, 23.775000000000002], [-0.37567, 44.54562, 23.775000000000002]]]}}, {"type": "Feature", "properties": {"id_obligation": "330760000B0701", "priorite": "forte"}, "geometry": {"type": "Polygon", "coordinates": [[[-0.37566, 44.54553, 23.34705882352941], [-0.37535, 44.54555, 23.34705882352941], [-0.37507, 44.54547, 21.671428571428574], [-0.37482, 44.5453, 21.671428571428574], [-0.37473, 44.54513, 20.666666666666668], [-0.37476, 44.54491, 20.666666666666668], [-0.37494, 44.54467, 21.819697478991596], [-0.3752, 44.54449, 21.819697478991596], [-0.37543, 44.54443, 21.819697478991596], [-0.37567, 44.54444, 21.819697478991596], [-0.37589, 44.54452, 21.819697478991596], [-0.37616, 44.5447, 21.819697478991596], [-0.37624, 44.54487, 21.819697478991596], [-0.37623, 44.54504, 21.819697478991596], [-0.37591, 44.5454, 22.133333333333336], [-0.37566, 44.54553, 23.34705882352941]]]}}, {"type": "Feature", "properties": {"id_obligation": "330760000B0702", "priorite": "forte"}, "geometry": {"type": "MultiPolygon", "coordinates": [[[[-0.37462, 44.54521, 22.00660173160173], [-0.37456, 44.545, 22.00660173160173], [-0.37461, 44.54483, 22.00660173160173], [-0.37479, 44.54465, 22.00660173160173], [-0.375, 44.54455, 22.00660173160173], [-0.37525, 44.54452, 22.00660173160173], [-0.37549, 44.54456, 22.00660173160173], [-0.37575, 44.5447, 22.00660173160173], [-0.37589, 44.54488, 21.666666666666668], [-0.37591, 44.54506, 21.666666666666668], [-0.37583, 44.54523, 22.0], [-0.37567, 44.54514, 22.0], [-0.37551, 44.54529, 22.6], [-0.37564, 44.54539, 23.40347349742758], [-0.37539, 44.54548, 25.2], [-0.37546, 44.54542, 25.2], [-0.3754, 44.54539, 25.2], [-0.37535, 44.54549, 25.2], [-0.37523, 44.54549, 22.821428571428573], [-0.37498, 44.54545, 22.00660173160173], [-0.37477, 44.54535, 22.00660173160173], [-0.37462, 44.54521, 22.00660173160173]]], [[[-0.37572, 44.54532, 22.1], [-0.3758, 44.54525, 22.4], [-0.3758, 44.54526, 22.314812529924517], [-0.37572, 44.54532, 22.1]]]]}}, {"type": "Feature", "properties": {"id_obligation": "330760000B0708", "priorite": "très forte"}, "geometry": {"type": "Polygon", "coordinates": [[[-0.37425, 44.54376, 20.442857142857147], [-0.37418, 44.5436, 20.442857142857147], [-0.37419, 44.54341, 20.442857142857147], [-0.37431, 44.54322, 20.442857142857147], [-0.3745, 44.54311, 20.442857142857147], [-0.37473, 44.54305, 20.442857142857147], [-0.37503, 44.54305, 20.442857142857147], [-0.3753, 44.54314, 20.442857142857147], [-0.37546, 44.54327, 20.442857142857147], [-0.37554, 44.54343, 20.442857142857147], [-0.37555, 44.54364, 20.442857142857147], [-0.37543, 44.54384, 20.442857142857147], [-0.37525, 44.54396, 20.442857142857147], [-0.37501, 44.54402, 20.442857142857147], [-0.37471, 44.54401, 20.442857142857147], [-0.37445, 44.54392, 20.442857142857147], [-0.37425, 44.54376, 20.442857142857147]]]}}, {"type": "Feature", "properties": {"id_obligation": "330760000B0736", "priorite": "moyenne"}, "geometry": {"type": "Polygon", "coordinates": [[[-0.37717, 44.54534, 24.3], [-0.37705, 44.54519, 21.77142857142857], [-0.37709, 44.54502, 21.5], [-0.37703, 44.54501, 21.880850619865928], [-0.37711, 44.54478, 24.06144401407559], [-0.37726, 44.54464, 24.06144401407559], [-0.37747, 44.54456, 24.06144401407559], [-0.3777, 44.54453, 24.06144401407559], [-0.37798, 44.54458, 24.06144401407559], [-0.37818, 44.54468, 24.06144401407559], [-0.37833, 44.54487, 26.03333333333333], [-0.37835, 44.54504, 26.03333333333333], [-0.37828, 44.54524, 24.55454545454546], [-0.37819, 44.54534, 22.7], [-0.37814, 44.54531, 23.2], [-0.37808, 44.54542, 24.57356522080424], [-0.37814, 44.54512, 26.7], [-0.37807, 44.54511, 26.7], [-0.37799, 44.5454, 24.6], [-0.37792, 44.54539, 24.6], [-0.37789, 44.54549, 24.6], [-0.37775, 44.54551, 23.13157894736841], [-0.37756, 44.5455, 24.3], [-0.37753, 44.54536, 22.9], [-0.37733, 44.5453, 23.5], [-0.37731, 44.54536, 23.5], [-0.37743, 44.54539, 25.1], [-0.37741, 44.54547, 24.3], [-0.37717, 44.54534, 24.3]]]}}, {"type": "Feature", "properties": {"id_obligation": "330760000B0739", "priorite": "forte"}, "geometry": {"type": "Polygon", "coordinates": [[[-0.37574, 44.54615, 22.900000000000002], [-0.37563, 44.54595, 22.900000000000002], [-0.37565, 44.54573, 22.900000000000002], [-0.3758, 44.54554, 21.5], [-0.376, 44.54543, 21.5], [-0.37607, 44.54546, 21.5], [-0.37607, 44.54541, 21.5], [-0.37638, 44.54537, 22.900000000000002], [-0.37675, 44.54541, 22.900000000000002], [-0.37702, 44.54552, 22.900000000000002], [-0.37716, 44.54567, 22.900000000000002], [-0.37721, 44.54585, 24.7], [-0.37714, 44.5461, 22.900000000000002], [-0.377, 44.54624, 22.900000000000002], [-0.3768, 44.54634, 22.900000000000002], [-0.37653, 44.54638, 22.900000000000002], [-0.37624, 44.54636, 22.900000000000002], [-0.37598, 44.54629, 22.900000000000002], [-0.37574, 44.54615, 22.900000000000002]]]}}, {"type": "Feature", "properties": {"id_obligation": "330760000B0741", "priorite": "moyenne"}, "geometry": {"type": "Polygon", "coordinates": [[[-0.37673, 44.5454, 24.0047619047619], [-0.37677, 44.54522, 21.785714285714285], [-0.37699, 44.54501, 22.1], [-0.37695, 44.54508, 22.1], [-0.37702, 44.54514, 21.6], [-0.37709, 44.54502, 21.5], [-0.377, 44.545, 22.050416851788977], [-0.37714, 44.54495, 21.785714285714285], [-0.37738, 44.54492, 25.0], [-0.37771, 44.54497, 25.468749999999993], [-0.37782, 44.545, 24.7], [-0.37767, 44.54498, 25.0], [-0.37765, 44.54506, 25.0], [-0.37801, 44.54511, 25.468749999999993], [-0.37806, 44.54515, 26.7], [-0.37801, 44.54534, 24.6], [-0.37799, 44.5454, 24.6], [-0.37792, 44.54539, 24.6], [-0.37786, 44.54561, 24.9], [-0.37793, 44.54565, 24.9], [-0.37802, 44.54566, 24.9], [-0.37809, 44.54543, 23.3], [-0.37817, 44.54543, 24.390476190476186], [-0.37809, 44.54565, 24.231249999999996], [-0.37801, 44.54573, 23.9], [-0.37793, 44.54569, 23.9], [-0.37791, 44.54575, 23.9], [-0.37796, 44.54577, 23.6], [-0.37772, 44.54588, 23.55714285714285], [-0.37748, 44.5459, 23.55714285714285], [-0.3772, 44.54586, 24.0047619047619], [-0.37699, 44.54577, 24.0047619047619], [-0.37682, 44.54562, 24.0047619047619], [-0.37673, 44.5454, 24.0047619047619]]]}}, {"type": "Feature", "properties": {"id_obligation": "330760000B0743", "priorite": "moyenne"}, "geometry": {"type": "Polygon", "coordinates": [[[-0.37808, 44.54586, 23.864705882352933], [-0.378, 44.5459, 24.4], [-0.3779, 44.54589, 24.4], [-0.37786, 44.54594, 24.33888888888889], [-0.37755, 44.54595, 24.33888888888889], [-0.37729, 44.54587, 22.800000000000008], [-0.37709, 44.54571, 22.800000000000008], [-0.37702, 44.54555, 24.599999999999998], [-0.37705, 44.54533, 23.5], [-0.37715, 44.54517, 23.5], [-0.37733, 44.54504, 23.5], [-0.37756, 44.54498, 24.624999999999996], [-0.37781, 44.54498, 24.624999999999996], [-0.37807, 44.54506, 26.15454545454545], [-0.37824, 44.54518, 26.15454545454545], [-0.37833, 44.54535, 23.992592592592587], [-0.37826, 44.54569, 23.864705882352933], [-0.37808, 44.54586, 23.864705882352933]]]}}, {"type": "Feature", "properties": {"id_obligation": "330760000B0751", "priorite": "forte"}, "geometry": {"type": "Polygon", "coordinates": [[[-0.37771, 44.54598, 23.542857142857144], [-0.37788, 44.54617, 23.542857142857144], [-0.37791, 44.54634, 23.542857142857144], [-0.37785, 44.54668, 23.542857142857144], [-0.37773, 44.54682, 23.542857142857144], [-0.37753, 44.54692, 23.542857142857144], [-0.3773, 44.54697, 23.542857142857144], [-0.37699, 44.54694, 23.542857142857144], [-0.37673, 44.54682, 23.542857142857144], [-0.37656, 44.5466, 23.542857142857144], [-0.37653, 44.54643, 23.542857142857144], [-0.3766, 44.54614, 23.542857142857144], [-0.37673, 44.54599, 23.542857142857144], [-0.37698, 44.54588, 23.542857142857144], [-0.37722, 44.54585, 23.542857142857144], [-0.3775, 44.54589, 23.542857142857144], [-0.37771, 44.54598, 23.542857142857144]]]}}, {"type": "Feature", "properties": {"id_obligation": "330760000B0752", "priorite": "forte"}, "geometry": {"type": "Polygon", "coordinates": [[[-0.37742, 44.54587, 22.8], [-0.37733, 44.54616, 22.8], [-0.37713, 44.54632, 22.8], [-0.37689, 44.54639, 24.403988603988605], [-0.37684, 44.54664, 24.403988603988605], [-0.37666, 44.54682, 27.3], [-0.37644, 44.5469, 27.3], [-0.3762, 44.54692, 27.3], [-0.3759, 44.54687, 27.3], [-0.37571, 44.54676, 27.3], [-0.37557, 44.54657, 27.3], [-0.37558, 44.54631, 24.403988603988605], [-0.37572, 44.54612, 24.403988603988605], [-0.37594, 44.54601, 24.403988603988605], [-0.376, 44.54566, 24.403988603988605], [-0.3762, 44.54544, 23.399999999999995], [-0.37653, 44.54534, 23.399999999999995], [-0.37695, 44.54538, 22.94615384615385], [-0.37721, 44.54548, 22.94615384615385], [-0.37739, 44.54569, 22.94615384615385], [-0.37742, 44.54587, 22.8]]]}}, {"type": "Feature", "properties": {"id_obligation": "330760000B0762", "priorite": "moyenne"}, "geometry": {"type": "Polygon", "coordinates": [[[-0.39324, 44.55379, 32.17999999999999], [-0.39327, 44.55398, 32.17999999999999], [-0.39327, 44.55402, 32.3], [-0.39319, 44.55401, 32.3], [-0.39319, 44.55423, 32.63076923076922], [-0.39316, 44.55426, 31.104251855321202], [-0.39305, 44.55423, 31.1], [-0.39302, 44.55431, 31.1], [-0.39309, 44.55432, 31.13136627158044], [-0.39302, 44.55436, 34.9], [-0.39292, 44.55431, 34.9], [-0.3929, 44.55435, 34.9], [-0.39299, 44.55438, 34.9], [-0.39257, 44.55446, 30.9], [-0.39233, 44.55443, 30.9], [-0.39212, 44.55434, 31.678942307692303], [-0.3919, 44.55415, 31.678942307692303], [-0.39182, 44.55399, 31.678942307692303], [-0.39183, 44.55376, 31.678942307692303], [-0.39197, 44.55357, 31.678942307692303], [-0.39222, 44.55344, 31.678942307692303], [-0.39253, 44.55341, 31.678942307692303], [-0.39276, 44.55345, 31.678942307692303], [-0.39306, 44.55361, 31.678942307692303], [-0.39324, 44.55379, 32.17999999999999]]]}}, {"type": "Feature", "properties": {"id_obligation": "330760000B0775", "priorite": "moyenne"}, "geometry": {"type": "Polygon", "coordinates": [[[-0.39292, 44.55357, 31.4363474025974], [-0.39317, 44.55369, 31.4363474025974], [-0.3933, 44.55384, 31.4363474025974], [-0.39334, 44.55404, 32.17999999999999], [-0.39326, 44.5543, 31.77917271640188], [-0.39327, 44.55402, 32.3], [-0.39319, 44.55401, 32.3], [-0.3932, 44.55427, 31.2], [-0.39305, 44.55423, 31.1], [-0.39302, 44.55431, 31.1], [-0.39323, 44.55433, 31.44694745428489], [-0.39318, 44.55437, 32.21818181818181], [-0.39298, 44.55448, 32.21818181818181], [-0.39274, 44.55452, 34.9], [-0.39244, 44.55449, 31.4363474025974], [-0.39223, 44.5544, 31.4363474025974], [-0.39206, 44.55422, 31.4363474025974], [-0.39202, 44.55403, 29.666666666666668], [-0.39205, 44.55385, 28.8], [-0.39218, 44.5537, 28.8], [-0.39238, 44.55359, 28.8], [-0.39268, 44.55355, 30.73333333333333], [-0.39292, 44.55357, 31.4363474025974]]]}}, {"type": "Feature", "properties": {"id_obligation": "330760000B0778", "priorite": "forte"}, "geometry": {"type": "Polygon", "coordinates": [[[-0.37689, 44.55678, 21.8025], [-0.37668, 44.55662, 21.8025], [-0.37661, 44.55635, 21.5], [-0.37673, 44.55613, 21.8025], [-0.37695, 44.55597, 21.8025], [-0.37742, 44.55581, 22.255000000000006], [-0.37772, 44.55581, 22.255000000000006], [-0.37804, 44.5559, 21.630769230769236], [-0.37826, 44.55605, 21.630769230769236], [-0.37836, 44.55625, 22.010000000000005], [-0.37834, 44.55643, 22.010000000000005], [-0.37816, 44.5567, 20.75384615384615], [-0.378, 44.55683, 20.75384615384615], [-0.37778, 44.5569, 21.8025], [-0.37726, 44.55688, 21.8025], [-0.37689, 44.55678, 21.8025]]]}}, {"type": "Feature", "properties": {"id_obligation": "330760000B0779", "priorite": "forte"}, "geometry": {"type": "Polygon", "coordinates": [[[-0.37749, 44.55674, 21.9], [-0.37719, 44.55676, 21.9], [-0.37697, 44.5567, 22.487134544199762], [-0.37674, 44.55656, 22.487134544199762], [-0.37659, 44.55639, 22.487134544199762], [-0.37653, 44.55622, 22.487134544199762], [-0.37659, 44.55601, 22.487134544199762], [-0.37674, 44.55587, 22.487134544199762], [-0.37698, 44.55576, 22.487134544199762], [-0.37728, 44.55574, 23.8], [-0.37758, 44.55583, 23.8], [-0.37745, 44.55605, 23.8], [-0.37753, 44.55608, 23.8], [-0.37756, 44.55603, 23.8], [-0.3776, 44.55604, 23.8], [-0.37757, 44.55601, 23.8], [-0.37766, 44.55588, 23.8], [-0.37782, 44.556, 21.84166666666667], [-0.37794, 44.55616, 21.6], [-0.37786, 44.55627, 21.6], [-0.37796, 44.55633, 22.743478260869573], [-0.37789, 44.55649, 22.928571428571427], [-0.3777, 44.55666, 22.928571428571427], [-0.37749, 44.55674, 21.9]]]}}, {"type": "Feature", "properties": {"id_obligation": "330760000B0787", "priorite": "forte"}, "geometry": {"type": "Polygon", "coordinates": [[[-0.39124, 44.55202, 29.3], [-0.39115, 44.55222, 29.40625], [-0.39099, 44.55236, 29.40625], [-0.3907, 44.55244, 29.40625], [-0.39038, 44.55242, 29.40625], [-0.39011, 44.55245, 29.40625], [-0.38987, 44.55242, 29.40625], [-0.38963, 44.55228, 29.40625], [-0.38948, 44.55204, 29.40625], [-0.38951, 44.55182, 29.40625], [-0.38968, 44.55163, 29.40625], [-0.38991, 44.55153, 29.40625], [-0.39048, 44.55139, 29.40625], [-0.39075, 44.5514, 29.40625], [-0.39101, 44.55151, 29.40625], [-0.39115, 44.55165, 29.40625], [-0.39124, 44.55202, 29.3]]]}}, {"type": "Feature", "properties": {"id_obligation": "330760000B0789", "priorite": "forte"}, "geometry": {"type": "Polygon", "coordinates": [[[-0.37667, 44.54524, 21.5], [-0.37669, 44.54549, 21.5], [-0.3766, 44.5457, 22.1], [-0.37638, 44.54585, 22.1], [-0.37626, 44.54584, 22.1], [-0.37626, 44.54589, 22.1], [-0.37608, 44.54591, 22.1], [-0.37575, 44.54586, 21.757380952380952], [-0.37554, 44.54593, 21.757380952380952], [-0.3753, 44.54595, 21.757380952380952], [-0.37496, 44.54584, 21.757380952380952], [-0.37475, 44.54567, 21.757380952380952], [-0.37469, 44.5455, 21.830000000000002], [-0.37475, 44.54528, 21.830000000000002], [-0.37517, 44.54486, 20.557142857142853], [-0.37535, 44.54475, 21.599999999999998], [-0.37558, 44.54469, 21.599999999999998], [-0.37588, 44.54472, 21.599999999999998], [-0.37647, 44.54503, 21.757380952380952], [-0.37667, 44.54524, 21.5]]]}}, {"type": "Feature", "properties": {"id_obligation": "330760000B0795", "priorite": "moyenne"}, "geometry": {"type": "Polygon", "coordinates": [[[-0.37882, 44.54538, -487.1], [-0.37875, 44.54559, 29.8], [-0.37863, 44.54564, 23.4], [-0.37861, 44.54575, 23.4], [-0.37841, 44.54585, -179.51999999999992], [-0.3782, 44.54589, 23.5], [-0.37815, 44.54586, 23.5], [-0.37814, 44.54589, 23.5], [-0.37786, 44.54585, 24.700000000000003], [-0.37772, 44.54579, 24.727527572669732], [-0.37776, 44.54571, 25.0], [-0.37759, 44.54565, 24.6], [-0.37758, 44.54569, 24.6], [-0.37752, 44.54561, 24.700000000000003], [-0.37749, 44.54555, 24.8], [-0.37753, 44.54556, 24.8], [-0.37757, 44.54547, 24.3], [-0.37752, 44.54545, 25.1], [-0.37753, 44.54536, 22.9], [-0.37747, 44.54535, 22.9], [-0.37754, 44.54516, 24.577777777777776], [-0.37767, 44.54501, 25.0], [-0.37765, 44.54506, 25.0], [-0.37796, 44.5451, 24.7], [-0.37798, 44.54502, 24.7], [-0.37771, 44.54498, 25.0], [-0.37788, 44.5449, 26.25555555555555], [-0.37819, 44.54486, 26.25555555555555], [-0.37846, 44.54492, -64.94803836863619], [-0.37865, 44.54503, -64.94803836863619], [-0.37879, 44.54521, -487.1], [-0.37882, 44.54538, -487.1]]]}}, {"type": "Feature", "properties": {"id_obligation": "330760000B0798", "priorite": "forte"}, "geometry": {"type": "Polygon", "coordinates": [[[-0.37711, 44.55669, 21.938683917876464], [-0.37705, 44.55647, 21.722222222222225], [-0.37718, 44.55621, 21.5], [-0.37729, 44.55631, 21.5], [-0.37733, 44.55628, 21.5], [-0.3772, 44.55619, 21.5], [-0.37735, 44.55606, 22.075], [-0.37748, 44.55599, 23.8], [-0.37745, 44.55605, 23.8], [-0.37753, 44.55608, 23.8], [-0.37756, 44.55603, 23.8], [-0.3776, 44.55604, 23.8], [-0.3776, 44.55596, 23.8], [-0.37781, 44.55594, 22.560869565217395], [-0.37791, 44.55601, 21.3], [-0.37794, 44.55596, 21.3], [-0.37805, 44.55599, 22.185714285714287], [-0.37832, 44.55613, 22.185714285714287], [-0.37844, 44.55626, 20.5], [-0.37839, 44.55639, 20.5], [-0.37846, 44.5564, 20.5], [-0.37847, 44.55634, 20.5], [-0.37849, 44.55648, 21.55454545454545], [-0.37842, 44.55665, 21.938683917876464], [-0.37822, 44.55685, 21.938683917876464], [-0.37801, 44.55695, 20.591666666666665], [-0.37776, 44.55698, 20.591666666666665], [-0.37751, 44.55695, 21.938683917876464], [-0.37726, 44.55683, 21.938683917876464], [-0.37711, 44.55669, 21.938683917876464]]]}}, {"type": "Feature", "properties": {"id_obligation": "330760000B0799", "priorite": "forte"}, "geometry": {"type": "Polygon", "coordinates": [[[-0.37841, 44.55692, 21.909351851851852], [-0.37824, 44.55704, 21.909351851851852], [-0.37796, 44.55712, 21.909351851851852], [-0.37772, 44.5571, 21.909351851851852], [-0.37744, 44.557, 21.909351851851852], [-0.37728, 44.55686, 21.909351851851852], [-0.37721, 44.55669, 22.66666666666667], [-0.37724, 44.55645, 22.66666666666667], [-0.3773, 44.55643, 21.9], [-0.37735, 44.55637, 21.9], [-0.3773, 44.55636, 21.9], [-0.37747, 44.55615, 23.04444444444444], [-0.37764, 44.55602, 23.04444444444444], [-0.37785, 44.55596, 21.3], [-0.37784, 44.55599, 21.3], [-0.37791, 44.55601, 21.3], [-0.37795, 44.55595, 21.3], [-0.37819, 44.55597, 21.446666666666665], [-0.37848, 44.55609, 21.446666666666665], [-0.37866, 44.55626, 21.446666666666665], [-0.3787, 44.55651, 20.625], [-0.37841, 44.55692, 21.909351851851852]]]}}, {"type": "Feature", "properties": {"id_obligation": "330760000B0801", "priorite": "forte"}, "geometry": {"type": "Polygon", "coordinates": [[[-0.37757, 44.55616, 22.502498981865973], [-0.37769, 44.5562, 22.4], [-0.37773, 44.55613, 22.4], [-0.37765, 44.5561, 22.6], [-0.37785, 44.55601, 21.757142857142867], [-0.3781, 44.55599, 21.757142857142867], [-0.37834, 44.55603, 21.272727272727277], [-0.37857, 44.55615, 21.272727272727277], [-0.37869, 44.55629, 20.611111111111107], [-0.37873, 44.55646, 20.611111111111107], [-0.37866, 44.55667, 21.723592558235417], [-0.37839, 44.55695, 21.723592558235417], [-0.37818, 44.55705, 20.1], [-0.37794, 44.55708, 20.1], [-0.37764, 44.55702, 21.723592558235417], [-0.37739, 44.55686, 21.723592558235417], [-0.3773, 44.55669, 23.666666666666668], [-0.37733, 44.55646, 23.666666666666668], [-0.37757, 44.55616, 22.502498981865973]]]}}, {"type": "Feature", "properties": {"id_obligation": "330760000B0803", "priorite": "forte"}, "geometry": {"type": "Polygon", "coordinates": [[[-0.37866, 44.55615, 20.533333333333328], [-0.37875, 44.55636, 20.533333333333328], [-0.37871, 44.55653, 21.968044871794874], [-0.37854, 44.55673, 21.968044871794874], [-0.37829, 44.55685, 20.766666666666666], [-0.37806, 44.55688, 20.766666666666666], [-0.37783, 44.55684, 21.55], [-0.37759, 44.55674, 21.55], [-0.37744, 44.5566, 21.55], [-0.37737, 44.55639, 23.45], [-0.37741, 44.55622, 23.45], [-0.37756, 44.55606, 23.306666666666676], [-0.37787, 44.55591, 21.3], [-0.37784, 44.55599, 21.3], [-0.37791, 44.55601, 21.3], [-0.37797, 44.55591, 21.3], [-0.37793, 44.5559, 21.3], [-0.378, 44.5559, 21.480000000000004], [-0.37825, 44.55592, 21.480000000000004], [-0.37849, 44.55601, 22.4], [-0.37866, 44.55615, 20.533333333333328]]]}}, {"type": "Feature", "properties": {"id_obligation": "330760000B0805", "priorite": "forte"}, "geometry": {"type": "Polygon", "coordinates": [[[-0.39129, 44.55191, 29.447420634920643], [-0.39129, 44.55209, 29.447420634920643], [-0.39121, 44.55227, 29.447420634920643], [-0.391, 44.55243, 29.447420634920643], [-0.39077, 44.55249, 29.447420634920643], [-0.39052, 44.55249, 29.447420634920643], [-0.39023, 44.55241, 29.447420634920643], [-0.39006, 44.55228, 29.447420634920643], [-0.38997, 44.55212, 29.7875], [-0.38999, 44.5519, 29.7875], [-0.39011, 44.55169, 29.447420634920643], [-0.39029, 44.55157, 29.447420634920643], [-0.39052, 44.55151, 29.133333333333336], [-0.39077, 44.55152, 29.133333333333336], [-0.39099, 44.55159, 29.447420634920643], [-0.3912, 44.55175, 29.447420634920643], [-0.39129, 44.55191, 29.447420634920643]]]}}, {"type": "Feature", "properties": {"id_obligation": "330760000B0809", "priorite": "moyenne"}, "geometry": {"type": "Polygon", "coordinates": [[[-0.38161, 44.54369, 27.5], [-0.38154, 44.544, 27.763974358974355], [-0.38138, 44.54418, 27.763974358974355], [-0.38117, 44.54428, 26.9], [-0.38093, 44.54431, 26.9], [-0.38062, 44.54427, 27.763974358974355], [-0.38036, 44.54416, 27.763974358974355], [-0.38022, 44.54401, 27.763974358974355], [-0.38018, 44.54383, 27.763974358974355], [-0.38026, 44.54342, 27.763974358974355], [-0.38042, 44.54324, 27.763974358974355], [-0.38074, 44.54312, 27.5], [-0.38106, 44.54313, 27.5], [-0.3812, 44.54316, 26.8], [-0.38111, 44.54329, 27.5], [-0.38119, 44.54332, 27.5], [-0.38127, 44.54319, 26.8], [-0.38153, 44.54339, 27.5], [-0.38161, 44.54369, 27.5]]]}}, {"type": "Feature", "properties": {"id_obligation": "330760000B0810", "priorite": "forte"}, "geometry": {"type": "Polygon", "coordinates": [[[-0.37865, 44.55527, 22.496848484848485], [-0.37881, 44.55545, 22.496848484848485], [-0.37884, 44.55563, 22.496848484848485], [-0.37875, 44.55588, 22.4], [-0.37857, 44.55605, 22.4], [-0.37836, 44.55613, 22.4], [-0.37828, 44.55615, 22.4], [-0.37816, 44.55609, 21.9], [-0.37814, 44.55615, 22.029059321049214], [-0.37785, 44.55611, 21.371999999999993], [-0.37759, 44.55598, 23.8], [-0.37769, 44.55583, 23.8], [-0.3776, 44.5558, 23.8], [-0.37751, 44.55595, 23.8], [-0.37714, 44.55559, 20.05], [-0.37704, 44.55539, 22.496848484848485], [-0.37709, 44.55518, 22.496848484848485], [-0.37737, 44.55494, 22.496848484848485], [-0.37773, 44.55486, 24.8], [-0.37808, 44.55494, 24.8], [-0.37838, 44.55516, 22.496848484848485], [-0.37865, 44.55527, 22.496848484848485]]]}}, {"type": "Feature", "properties": {"id_obligation": "330760000B0817", "priorite": "moyenne"}, "geometry": {"type": "Polygon", "coordinates": [[[-0.37857, 44.54631, 23.801131504650954], [-0.37832, 44.54643, 23.801131504650954], [-0.37807, 44.54645, 24.7], [-0.37766, 44.54638, 23.801131504650954], [-0.37745, 44.54628, 23.801131504650954], [-0.37728, 44.54609, 23.432], [-0.37729, 44.54578, 22.8], [-0.37731, 44.54585, 22.8], [-0.37739, 44.54585, 22.8], [-0.37732, 44.54571, 23.5909090909091], [-0.37748, 44.54556, 24.8], [-0.37766, 44.54547, 21.9], [-0.37769, 44.54551, 21.9], [-0.37774, 44.54545, 24.426315789473684], [-0.37791, 44.54544, 24.731813294612376], [-0.37786, 44.54561, 24.9], [-0.37802, 44.54566, 24.9], [-0.37807, 44.54545, 24.6], [-0.37825, 44.54548, 22.9], [-0.3782, 44.54566, 22.9], [-0.37827, 44.54567, 22.9], [-0.37835, 44.5455, 23.15], [-0.37863, 44.54564, 23.4], [-0.3786, 44.54575, 23.4], [-0.37873, 44.54577, 23.4], [-0.37877, 44.54595, 23.4], [-0.37872, 44.54611, 23.801131504650954], [-0.37857, 44.54631, 23.801131504650954]]]}}, {"type": "Feature", "properties": {"id_obligation": "330760000B0818", "priorite": "forte"}, "geometry": {"type": "Polygon", "coordinates": [[[-0.37763, 44.5466, 24.276190476190475], [-0.3775, 44.54641, 24.276190476190475], [-0.37749, 44.54624, 24.276190476190475], [-0.37761, 44.54596, 24.3], [-0.37777, 44.54582, 24.3], [-0.37793, 44.54575, 23.801101971543304], [-0.37799, 44.54579, 23.6], [-0.37801, 44.54573, 23.9], [-0.37823, 44.54572, 23.828571428571422], [-0.37855, 44.54579, 24.276190476190475], [-0.37874, 44.5459, 24.276190476190475], [-0.37887, 44.54609, 24.276190476190475], [-0.37887, 44.54627, 24.276190476190475], [-0.37875, 44.54654, 24.276190476190475], [-0.37859, 44.54668, 24.276190476190475], [-0.37838, 44.54676, 24.276190476190475], [-0.37813, 44.54678, 24.276190476190475], [-0.37787, 44.54673, 24.276190476190475], [-0.37763, 44.5466, 24.276190476190475]]]}}, {"type": "Feature", "properties": {"id_obligation": "330760000B0819", "priorite": "moyenne"}, "geometry": {"type": "Polygon", "coordinates": [[[-0.37789, 44.5455, 24.9], [-0.37786, 44.54561, 24.9], [-0.37799, 44.54566, 24.389285714285705], [-0.378, 44.5457, 23.9], [-0.37793, 44.54569, 23.9], [-0.37791, 44.54575, 23.9], [-0.37799, 44.54579, 23.6], [-0.37801, 44.54574, 23.9], [-0.37802, 44.54579, 24.389285714285705], [-0.37801, 44.5459, 24.4], [-0.3779, 44.54589, 24.4], [-0.37789, 44.54596, 24.4], [-0.37799, 44.54598, 24.4], [-0.37794, 44.54607, 24.4], [-0.37778, 44.5462, 24.4], [-0.37757, 44.54628, 23.977823565323565], [-0.37726, 44.5463, 23.977823565323565], [-0.37702, 44.54625, 23.977823565323565], [-0.37683, 44.54614, 23.977823565323565], [-0.37669, 44.54595, 24.699999999999996], [-0.37677, 44.54595, 24.7], [-0.37679, 44.54584, 24.7], [-0.37666, 44.54579, 24.7], [-0.37672, 44.54555, 23.977823565323565], [-0.37698, 44.54536, 23.977823565323565], [-0.37732, 44.5453, 24.223809523809532], [-0.37731, 44.54536, 23.5], [-0.37743, 44.54539, 25.1], [-0.37739, 44.54556, 24.8], [-0.37747, 44.54557, 24.8], [-0.37753, 44.54556, 24.8], [-0.37757, 44.54547, 24.3], [-0.37752, 44.54545, 25.1], [-0.37753, 44.54536, 22.9], [-0.37734, 44.5453, 23.5], [-0.37766, 44.54536, 23.053846153846152], [-0.37789, 44.5455, 24.9]]]}}, {"type": "Feature", "properties": {"id_obligation": "330760000B0825", "priorite": "moyenne"}, "geometry": {"type": "Polygon", "coordinates": [[[-0.39439, 44.55397, 32.81470588235294], [-0.39446, 44.55419, 32.81470588235294], [-0.3944, 44.55445, 32.81470588235294], [-0.39421, 44.55462, 32.81470588235294], [-0.3936, 44.55477, 32.81470588235294], [-0.3932, 44.55473, 34.9], [-0.39295, 44.5546, 34.9], [-0.39282, 44.55435, 32.39411764705882], [-0.39282, 44.55388, 32.81470588235294], [-0.39289, 44.55371, 32.81470588235294], [-0.39305, 44.55357, 32.81470588235294], [-0.39339, 44.55347, 32.81470588235294], [-0.39375, 44.55348, 32.81470588235294], [-0.394, 44.5536, 32.81470588235294], [-0.39439, 44.55397, 32.81470588235294]]]}}, {"type": "Feature", "properties": {"id_obligation": "330760000C0002", "priorite": "forte"}, "geometry": {"type": "Polygon", "coordinates": [[[-0.38956, 44.5304, 54.89999999999999], [-0.38944, 44.53056, 54.89999999999999], [-0.38919, 44.53069, 54.89999999999999], [-0.38894, 44.53072, 54.89999999999999], [-0.38859, 44.53069, 54.89999999999999], [-0.38825, 44.53058, 54.89999999999999], [-0.38807, 44.5304, 54.89999999999999], [-0.38802, 44.53018, 54.89999999999999], [-0.38808, 44.52998, 54.89999999999999], [-0.38822, 44.52984, 54.89999999999999], [-0.38842, 44.52974, 54.89999999999999], [-0.38878, 44.52969, 54.89999999999999], [-0.38912, 44.52975, 54.89999999999999], [-0.38939, 44.52986, 54.89999999999999], [-0.38954, 44.53001, 54.89999999999999], [-0.3896, 44.5302, 54.89999999999999], [-0.38956, 44.5304, 54.89999999999999]]]}}, {"type": "Feature", "properties": {"id_obligation": "330760000C0005", "priorite": "moyenne"}, "geometry": {"type": "Polygon", "coordinates": [[[-0.3878, 44.53088, 62.300000000000004], [-0.38745, 44.53097, 62.3], [-0.38714, 44.53096, 62.3], [-0.38681, 44.53086, 60.50047619047619], [-0.38663, 44.53074, 60.50047619047619], [-0.38653, 44.53058, 58.46666666666666], [-0.38654, 44.53036, 58.46666666666666], [-0.38668, 44.53013, 57.81428571428571], [-0.38691, 44.52998, 57.81428571428571], [-0.38741, 44.52988, 61.2], [-0.38776, 44.5299, 61.2], [-0.38803, 44.53, 61.2], [-0.3882, 44.53017, 61.2], [-0.38824, 44.53039, 61.542857142857144], [-0.38812, 44.53068, 62.300000000000004], [-0.3878, 44.53088, 62.300000000000004]]]}}, {"type": "Feature", "properties": {"id_obligation": "330760000C0013", "priorite": "moyenne"}, "geometry": {"type": "Polygon", "coordinates": [[[-0.38979, 44.53096, 61.45000000000001], [-0.38995, 44.5312, 66.2], [-0.38991, 44.53149, 66.2], [-0.38973, 44.53167, 69.21818181818183], [-0.38947, 44.53177, 69.21818181818183], [-0.3892, 44.53173, 69.4], [-0.3892, 44.53177, 69.4], [-0.38912, 44.53177, 68.0], [-0.38909, 44.53172, 68.0], [-0.38899, 44.53171, 68.5], [-0.38898, 44.53175, 68.0], [-0.38862, 44.53168, 65.52269696969698], [-0.38837, 44.53155, 65.52269696969698], [-0.38823, 44.53138, 65.52269696969698], [-0.3882, 44.53121, 65.52269696969698], [-0.38828, 44.531, 65.52269696969698], [-0.38844, 44.53085, 65.52269696969698], [-0.38866, 44.53077, 65.52269696969698], [-0.38885, 44.53075, 60.8], [-0.38954, 44.53084, 61.45000000000001], [-0.38979, 44.53096, 61.45000000000001]]]}}, {"type": "Feature", "properties": {"id_obligation": "330760000C0016", "priorite": "moyenne"}, "geometry": {"type": "Polygon", "coordinates": [[[-0.39025, 44.53179, 69.5], [-0.39003, 44.53195, 69.5], [-0.38979, 44.532, 69.0142857142857], [-0.38951, 44.53199, 69.0142857142857], [-0.38942, 44.53198, 68.4], [-0.38947, 44.53187, 68.8], [-0.38963, 44.5319, 68.8], [-0.3897, 44.53176, 69.4], [-0.38954, 44.53175, 70.2], [-0.3895, 44.53182, 68.8], [-0.38941, 44.5318, 68.8], [-0.38934, 44.53195, 68.4], [-0.38928, 44.53193, 68.50344827586207], [-0.38911, 44.53181, 68.0], [-0.38913, 44.53173, 68.0], [-0.38903, 44.53171, 68.0], [-0.38899, 44.5316, 67.9], [-0.3891, 44.53161, 67.9], [-0.38912, 44.53151, 67.9], [-0.38899, 44.53153, 67.9], [-0.389, 44.53145, 68.36249999999998], [-0.38912, 44.53125, 66.25555555555555], [-0.38929, 44.53114, 66.25555555555555], [-0.38939, 44.5311, 64.5], [-0.38938, 44.53117, 64.5], [-0.38949, 44.53118, 64.5], [-0.38951, 44.53108, 64.28957079815866], [-0.38986, 44.53108, 67.4], [-0.39009, 44.53116, 67.4], [-0.39026, 44.53129, 67.4], [-0.39029, 44.53133, 67.3884422946063], [-0.39015, 44.53132, 67.5], [-0.39005, 44.53148, 67.5], [-0.39026, 44.53152, 67.5], [-0.39031, 44.53136, 67.5], [-0.39034, 44.53162, 67.71818181818182], [-0.39025, 44.53179, 69.5]]]}}, {"type": "Feature", "properties": {"id_obligation": "330760000C0026", "priorite": "moyenne"}, "geometry": {"type": "Polygon", "coordinates": [[[-0.3891, 44.53161, 67.9], [-0.38909, 44.53149, 68.48333333333332], [-0.38939, 44.53133, 67.2], [-0.38964, 44.5313, 67.2], [-0.38998, 44.53136, 67.49333333333334], [-0.39009, 44.53141, 67.5], [-0.39005, 44.53148, 67.5], [-0.39022, 44.53151, 67.5], [-0.39031, 44.53166, 69.64999999999999], [-0.39032, 44.53183, 69.64999999999999], [-0.39023, 44.53203, 69.89999999999999], [-0.39009, 44.53217, 69.89999999999999], [-0.38982, 44.53227, 69.15], [-0.38958, 44.53228, 69.15], [-0.38931, 44.53223, 68.1], [-0.38911, 44.53212, 68.1], [-0.38898, 44.53198, 68.5], [-0.38894, 44.5318, 68.5], [-0.38901, 44.5316, 67.9], [-0.3891, 44.53161, 67.9]]]}}, {"type": "Feature", "properties": {"id_obligation": "330760000C0029", "priorite": "moyenne"}, "geometry": {"type": "Polygon", "coordinates": [[[-0.39, 44.53226, 69.9], [-0.38985, 44.5324, 69.9], [-0.38964, 44.5325, 68.45555555555555], [-0.3894, 44.53252, 68.45555555555555], [-0.38909, 44.53247, 68.72378418803419], [-0.38887, 44.53238, 68.72378418803419], [-0.3887, 44.53219, 68.72378418803419], [-0.38866, 44.53201, 68.0], [-0.38873, 44.53183, 68.0], [-0.38893, 44.53155, 68.03333333333333], [-0.38917, 44.53143, 69.3153846153846], [-0.38947, 44.5314, 69.3153846153846], [-0.38983, 44.5315, 68.05], [-0.39, 44.53163, 68.05], [-0.3901, 44.53184, 69.5], [-0.39, 44.53226, 69.9]]]}}, {"type": "Feature", "properties": {"id_obligation": "330760000C0030", "priorite": "moyenne"}, "geometry": {"type": "Polygon", "coordinates": [[[-0.38974, 44.53252, 68.86121541501974], [-0.38954, 44.53261, 68.9], [-0.3893, 44.53264, 68.9], [-0.389, 44.5326, 68.86121541501974], [-0.38879, 44.5325, 68.86121541501974], [-0.38866, 44.53234, 68.86121541501974], [-0.38863, 44.53217, 68.86121541501974], [-0.38869, 44.53196, 68.15], [-0.38898, 44.53175, 68.0], [-0.38899, 44.53195, 68.0], [-0.38906, 44.53199, 68.0], [-0.38909, 44.53172, 68.0], [-0.3893, 44.5317, 68.6695652173913], [-0.38961, 44.53175, 69.375], [-0.38954, 44.53175, 70.2], [-0.3895, 44.53182, 68.8], [-0.38941, 44.5318, 68.8], [-0.38929, 44.53204, 68.4], [-0.38942, 44.53207, 68.4], [-0.38945, 44.53203, 68.4], [-0.38939, 44.53202, 68.4], [-0.38947, 44.53187, 68.8], [-0.38963, 44.5319, 68.8], [-0.38971, 44.5318, 69.375], [-0.38994, 44.53205, 69.9], [-0.38995, 44.5321, 69.9], [-0.38985, 44.53209, 69.9], [-0.38982, 44.53222, 69.9], [-0.38993, 44.53224, 69.9], [-0.38996, 44.53214, 69.9], [-0.38994, 44.53227, 69.9], [-0.38974, 44.53252, 68.86121541501974]]]}}, {"type": "Feature", "properties": {"id_obligation": "330760000C0033", "priorite": "moyenne"}, "geometry": {"type": "Polygon", "coordinates": [[[-0.38891, 44.53274, 68.84285714285713], [-0.38877, 44.5326, 68.84285714285713], [-0.38871, 44.53239, 68.84285714285713], [-0.38879, 44.53216, 68.84285714285713], [-0.38894, 44.53202, 68.0], [-0.38921, 44.53192, 68.39999999999999], [-0.38937, 44.53191, 68.4], [-0.38929, 44.53204, 68.4], [-0.38942, 44.53207, 68.4], [-0.38945, 44.53192, 68.4], [-0.38978, 44.53198, 68.84285714285713], [-0.38997, 44.53208, 68.84285714285713], [-0.39009, 44.53223, 69.9], [-0.39013, 44.53241, 69.9], [-0.39005, 44.53263, 69.5142857142857], [-0.38985, 44.5328, 69.2], [-0.38979, 44.53275, 70.3], [-0.38972, 44.53276, 69.2], [-0.38973, 44.53285, 69.2], [-0.38969, 44.53286, 69.5142857142857], [-0.38944, 44.53288, 68.84285714285713], [-0.38918, 44.53285, 68.84285714285713], [-0.38891, 44.53274, 68.84285714285713]]]}}, {"type": "Feature", "properties": {"id_obligation": "330760000C0034", "priorite": "moyenne"}, "geometry": {"type": "Polygon", "coordinates": [[[-0.38961, 44.53143, 67.45833333333333], [-0.38969, 44.53152, 67.2], [-0.38962, 44.53155, 67.2], [-0.38971, 44.53155, 67.2], [-0.38974, 44.53163, 68.976], [-0.38964, 44.53216, 68.5111111111111], [-0.3895, 44.53231, 68.5111111111111], [-0.38929, 44.53241, 68.06666666666668], [-0.38905, 44.53244, 68.06666666666668], [-0.38878, 44.5324, 68.11856613756613], [-0.38858, 44.53231, 68.11856613756613], [-0.3884, 44.53211, 68.11856613756613], [-0.38834, 44.53185, 68.11856613756613], [-0.3884, 44.53158, 68.11856613756613], [-0.38856, 44.5314, 68.11856613756613], [-0.38881, 44.53128, 67.5642857142857], [-0.38906, 44.53126, 67.5642857142857], [-0.38913, 44.53126, 66.4], [-0.38913, 44.53131, 66.4], [-0.38941, 44.53132, 67.45833333333333], [-0.38961, 44.53143, 67.45833333333333]]]}}, {"type": "Feature", "properties": {"id_obligation": "330760000C0056", "priorite": "faible"}, "geometry": {"type": "Polygon", "coordinates": [[[-0.38931, 44.5342, 70.60000000000001], [-0.3896, 44.53414, 70.60000000000001], [-0.38993, 44.53418, 70.60000000000001], [-0.39014, 44.53427, 70.60000000000001], [-0.39029, 44.53441, 70.60000000000001], [-0.39034, 44.53458, 70.60000000000001], [-0.3903, 44.53481, 70.60000000000001], [-0.39018, 44.53496, 70.60000000000001], [-0.38993, 44.53509, 70.60000000000001], [-0.38965, 44.53512, 70.60000000000001], [-0.38983, 44.53483, 70.60000000000001], [-0.38934, 44.53457, 70.60000000000001], [-0.38909, 44.53437, 70.60000000000001], [-0.38931, 44.5342, 70.60000000000001]]]}}, {"type": "Feature", "properties": {"id_obligation": "330760000C0092", "priorite": "faible"}, "geometry": {"type": "Polygon", "coordinates": [[[-0.39, 44.53753, 57.0008620689655], [-0.3896, 44.5377, 56.3], [-0.38963, 44.53757, 56.3], [-0.38946, 44.53752, 56.3], [-0.38942, 44.53766, 56.3], [-0.38959, 44.53771, 56.38080561656861], [-0.38918, 44.53772, 55.8], [-0.38921, 44.53777, 56.3], [-0.38938, 44.53778, 55.8], [-0.38928, 44.53779, 56.09999999999998], [-0.38882, 44.53771, 57.0008620689655], [-0.38863, 44.53759, 57.0008620689655], [-0.38853, 44.53747, 57.0008620689655], [-0.38893, 44.53681, 57.0], [-0.38924, 44.53662, 57.5], [-0.38953, 44.53655, 57.5], [-0.38992, 44.53659, 57.0008620689655], [-0.39021, 44.53677, 57.0008620689655], [-0.3903, 44.53698, 57.0008620689655], [-0.3902, 44.53731, 57.0008620689655], [-0.39, 44.53753, 57.0008620689655]]]}}, {"type": "Feature", "properties": {"id_obligation": "330760000C0104", "priorite": "forte"}, "geometry": {"type": "Polygon", "coordinates": [[[-0.38507, 44.54201, 37.400000000000006], [-0.38488, 44.54211, 37.400000000000006], [-0.38465, 44.54217, 37.400000000000006], [-0.38441, 44.54215, 37.400000000000006], [-0.38416, 44.54206, 37.400000000000006], [-0.38398, 44.54194, 37.400000000000006], [-0.38387, 44.54173, 37.400000000000006], [-0.3839, 44.54155, 37.400000000000006], [-0.38431, 44.54111, 37.400000000000006], [-0.38459, 44.54102, 37.400000000000006], [-0.38489, 44.54103, 37.400000000000006], [-0.38521, 44.54116, 37.400000000000006], [-0.38537, 44.54136, 37.400000000000006], [-0.38538, 44.54158, 37.400000000000006], [-0.38507, 44.54201, 37.400000000000006]]]}}, {"type": "Feature", "properties": {"id_obligation": "330760000C0130", "priorite": "moyenne"}, "geometry": {"type": "Polygon", "coordinates": [[[-0.38148, 44.54372, 27.535848484848486], [-0.38106, 44.54376, 29.639999999999986], [-0.38096, 44.54374, 26.9], [-0.38099, 44.54362, 26.9], [-0.38094, 44.54357, 26.9], [-0.38086, 44.54356, 26.9], [-0.38084, 44.54369, 26.9], [-0.38066, 44.5436, 29.639999999999986], [-0.38049, 44.54337, 27.535848484848486], [-0.38053, 44.54311, 27.535848484848486], [-0.38093, 44.54259, 25.725], [-0.38108, 44.54246, 26.873333333333335], [-0.38135, 44.54237, 26.873333333333335], [-0.38165, 44.54237, 27.535848484848486], [-0.3819, 44.54246, 27.535848484848486], [-0.38208, 44.54258, 27.535848484848486], [-0.38218, 44.54275, 27.535848484848486], [-0.38218, 44.54293, 28.590909090909097], [-0.38203, 44.54316, 28.6], [-0.38171, 44.54319, 28.6], [-0.38172, 44.5433, 28.6], [-0.38194, 44.54328, 28.579764421512607], [-0.38174, 44.54354, 27.535848484848486], [-0.38148, 44.54372, 27.535848484848486]]]}}, {"type": "Feature", "properties": {"id_obligation": "330760000C0133", "priorite": "moyenne"}, "geometry": {"type": "Polygon", "coordinates": [[[-0.38094, 44.54296, 25.352722462722465], [-0.38088, 44.54318, 25.352722462722465], [-0.38075, 44.54333, 25.352722462722465], [-0.38055, 44.54344, 25.352722462722465], [-0.38031, 44.54348, 25.1], [-0.37998, 44.54344, 26.063636363636363], [-0.37977, 44.54334, 26.063636363636363], [-0.37963, 44.5432, 26.063636363636363], [-0.37958, 44.54299, 24.957142857142852], [-0.37964, 44.54276, 26.0], [-0.37977, 44.54261, 26.0], [-0.37997, 44.54251, 26.0], [-0.38023, 44.54247, 24.8], [-0.38017, 44.54262, 25.0], [-0.38027, 44.54271, 24.8], [-0.38032, 44.54247, 24.6], [-0.38056, 44.54252, 25.352722462722465], [-0.38076, 44.54262, 25.352722462722465], [-0.38089, 44.54279, 25.352722462722465], [-0.38094, 44.54296, 25.352722462722465]]]}}, {"type": "Feature", "properties": {"id_obligation": "330760000C0135", "priorite": "moyenne"}, "geometry": {"type": "Polygon", "coordinates": [[[-0.38015, 44.54366, 25.95061732064021], [-0.37988, 44.54369, 25.95061732064021], [-0.37956, 44.54365, 30.2], [-0.37935, 44.54355, 30.2], [-0.37922, 44.54341, 30.2], [-0.37917, 44.54324, 25.100000000000005], [-0.37921, 44.54303, 25.100000000000005], [-0.37937, 44.54284, 25.1], [-0.37939, 44.54313, 25.1], [-0.37948, 44.54313, 25.1], [-0.37943, 44.54282, 25.1], [-0.37939, 44.54283, 25.1], [-0.37957, 44.54274, 25.1], [-0.37976, 44.5427, 25.5], [-0.37978, 44.54279, 25.5], [-0.37989, 44.54281, 25.5], [-0.3799, 44.54275, 26.0], [-0.38012, 44.54275, 26.0], [-0.38014, 44.54267, 25.93684210526316], [-0.38038, 44.54273, 24.890909090909098], [-0.38054, 44.54281, 24.890909090909098], [-0.38069, 44.543, 25.022222222222226], [-0.38071, 44.54323, 25.022222222222226], [-0.3806, 44.54343, 25.95061732064021], [-0.38037, 44.54359, 25.95061732064021], [-0.38015, 44.54366, 25.95061732064021]]]}}, {"type": "Feature", "properties": {"id_obligation": "330760000C0136", "priorite": "moyenne"}, "geometry": {"type": "Polygon", "coordinates": [[[-0.38031, 44.54341, 26.064948646125117], [-0.38005, 44.54354, 26.064948646125117], [-0.3798, 44.54357, 26.25], [-0.37941, 44.54349, 30.2], [-0.37923, 44.54338, 30.2], [-0.37911, 44.54319, 25.055555555555554], [-0.37913, 44.54288, 25.0], [-0.37926, 44.54289, 25.0], [-0.37927, 44.54284, 25.0], [-0.37914, 44.54282, 25.0], [-0.3792, 44.5427, 25.74666666666667], [-0.37941, 44.54266, 26.3], [-0.3794, 44.54258, 26.3], [-0.37933, 44.54259, 26.3], [-0.37958, 44.54249, 25.84285714285715], [-0.37994, 44.54248, 25.84285714285715], [-0.38018, 44.54253, 25.183333333333337], [-0.38023, 44.5427, 24.8], [-0.38027, 44.54271, 24.8], [-0.38029, 44.54258, 24.8], [-0.38048, 44.5428, 25.183333333333337], [-0.38045, 44.54321, 26.064948646125117], [-0.38031, 44.54341, 26.064948646125117]]]}}, {"type": "Feature", "properties": {"id_obligation": "330760000C0138", "priorite": "moyenne"}, "geometry": {"type": "Polygon", "coordinates": [[[-0.38047, 44.54299, 25.0], [-0.38033, 44.54313, 25.0], [-0.38011, 44.54323, 25.0], [-0.37986, 44.54326, 25.43333333333333], [-0.37954, 44.5432, 25.43333333333333], [-0.37933, 44.54311, 25.100000000000005], [-0.37916, 44.54289, 25.0], [-0.37926, 44.54289, 25.0], [-0.37927, 44.54284, 25.0], [-0.37915, 44.54283, 25.0], [-0.37915, 44.54279, 25.531578947368427], [-0.37917, 44.5426, 26.630931776205248], [-0.37923, 44.54268, 26.1], [-0.37941, 44.54266, 26.3], [-0.3794, 44.54258, 26.3], [-0.37919, 44.54256, 27.2], [-0.3792, 44.54253, 24.3], [-0.37938, 44.54254, 24.3], [-0.37939, 44.54246, 24.3], [-0.37925, 44.54245, 24.3], [-0.37932, 44.54238, 25.358333333333334], [-0.37956, 44.54225, 25.564285714285713], [-0.3798, 44.54222, 25.564285714285713], [-0.38009, 44.54225, 24.714285714285715], [-0.38035, 44.54236, 24.714285714285715], [-0.38051, 44.54255, 24.714285714285715], [-0.38047, 44.54299, 25.0]]]}}, {"type": "Feature", "properties": {"id_obligation": "330760000C0140", "priorite": "moyenne"}, "geometry": {"type": "Polygon", "coordinates": [[[-0.37936, 44.54227, 25.200000000000003], [-0.37963, 44.54216, 25.418181818181814], [-0.37987, 44.54214, 25.418181818181814], [-0.38022, 44.5422, 24.875], [-0.38041, 44.54232, 24.875], [-0.38052, 44.54247, 25.00714285714286], [-0.38054, 44.54272, 25.00714285714286], [-0.38046, 44.54289, 25.066666666666666], [-0.38031, 44.54303, 25.066666666666666], [-0.38009, 44.54311, 24.842857142857135], [-0.37973, 44.54312, 24.842857142857135], [-0.3795, 44.54307, 25.055555555555554], [-0.37943, 44.54282, 25.1], [-0.37934, 44.54288, 25.1], [-0.37936, 44.543, 25.1], [-0.37919, 44.5428, 25.740909090909096], [-0.37917, 44.5426, 26.644785985205615], [-0.37923, 44.54268, 26.1], [-0.37941, 44.54266, 26.3], [-0.3794, 44.54258, 26.3], [-0.37918, 44.54256, 27.2], [-0.37919, 44.54253, 24.3], [-0.37938, 44.54254, 24.3], [-0.37939, 44.54246, 24.3], [-0.37921, 44.54245, 24.3], [-0.37936, 44.54227, 25.200000000000003]]]}}, {"type": "Feature", "properties": {"id_obligation": "330760000C0141", "priorite": "moyenne"}, "geometry": {"type": "Polygon", "coordinates": [[[-0.38086, 44.54287, 25.252716204853154], [-0.38063, 44.54308, 25.252716204853154], [-0.38023, 44.5432, 25.345454545454555], [-0.37999, 44.5432, 26.3], [-0.38, 44.54315, 26.3], [-0.37991, 44.54314, 26.3], [-0.37977, 44.54318, 25.345454545454555], [-0.37947, 44.54307, 25.1], [-0.37943, 44.54282, 25.1], [-0.37934, 44.54288, 25.1], [-0.37934, 44.54296, 25.055555555555554], [-0.37927, 44.54277, 25.609375000000004], [-0.37905, 44.54253, 25.609375000000004], [-0.37905, 44.54226, 25.5], [-0.37919, 44.54206, 25.5], [-0.3795, 44.54192, 25.5], [-0.38038, 44.54196, 25.1], [-0.38064, 44.54202, 25.1], [-0.38084, 44.54214, 25.1], [-0.38097, 44.54239, 25.014285714285716], [-0.38086, 44.54246, 25.5], [-0.38096, 44.54254, 25.014285714285716], [-0.38086, 44.54287, 25.252716204853154]]]}}, {"type": "Feature", "properties": {"id_obligation": "330760000C0160", "priorite": "moyenne"}, "geometry": {"type": "Polygon", "coordinates": [[[-0.38023, 44.54117, 28.644242424242425], [-0.37995, 44.5411, 28.644242424242425], [-0.37975, 44.54099, 28.644242424242425], [-0.37961, 44.5408, 30.1], [-0.3796, 44.54063, 30.1], [-0.37968, 44.54046, 29.29739641317886], [-0.37988, 44.54053, 30.1], [-0.37992, 44.54047, 30.1], [-0.37972, 44.5404, 29.07737284818894], [-0.37977, 44.54033, 27.366666666666664], [-0.37994, 44.5402, 30.1], [-0.38016, 44.54012, 30.1], [-0.38056, 44.54011, 28.644242424242425], [-0.38082, 44.54019, 28.644242424242425], [-0.38101, 44.5403, 28.644242424242425], [-0.38115, 44.5405, 27.6], [-0.38113, 44.54071, 27.6], [-0.38097, 44.54095, 28.644242424242425], [-0.38079, 44.54107, 28.644242424242425], [-0.38053, 44.54115, 28.644242424242425], [-0.38023, 44.54117, 28.644242424242425]]]}}, {"type": "Feature", "properties": {"id_obligation": "330760000C0193", "priorite": "très forte"}, "geometry": {"type": "Polygon", "coordinates": [[[-0.38045, 44.53797, 29.529411764705884], [-0.38049, 44.53814, 29.529411764705884], [-0.38043, 44.53837, 29.529411764705884], [-0.38022, 44.53862, 29.529411764705884], [-0.38003, 44.53873, 29.529411764705884], [-0.37979, 44.53878, 29.529411764705884], [-0.37946, 44.53876, 29.529411764705884], [-0.3792, 44.53866, 29.529411764705884], [-0.37905, 44.53852, 29.529411764705884], [-0.37899, 44.53832, 29.529411764705884], [-0.37906, 44.53798, 29.529411764705884], [-0.3792, 44.53778, 29.529411764705884], [-0.37944, 44.53766, 29.529411764705884], [-0.37968, 44.53763, 29.529411764705884], [-0.38002, 44.53768, 29.529411764705884], [-0.38027, 44.53779, 29.529411764705884], [-0.38045, 44.53797, 29.529411764705884]]]}}, {"type": "Feature", "properties": {"id_obligation": "330760000C0209", "priorite": "forte"}, "geometry": {"type": "Polygon", "coordinates": [[[-0.38004, 44.53491, 32.7], [-0.38013, 44.53512, 32.18], [-0.38007, 44.53539, 33.1], [-0.37987, 44.53556, 33.1], [-0.37959, 44.53564, 32.5], [-0.37925, 44.53563, 32.5], [-0.37885, 44.5355, -1000.0], [-0.37866, 44.53539, -1000.0], [-0.37855, 44.53523, -139.62087719298245], [-0.37853, 44.535, -139.62087719298245], [-0.37861, 44.53484, -139.62087719298245], [-0.37877, 44.53471, -139.62087719298245], [-0.37918, 44.53462, -139.62087719298245], [-0.37947, 44.53464, -139.62087719298245], [-0.37977, 44.53474, 32.7], [-0.38004, 44.53491, 32.7]]]}}, {"type": "Feature", "properties": {"id_obligation": "330760000C0210", "priorite": "forte"}, "geometry": {"type": "Polygon", "coordinates": [[[-0.37959, 44.53468, 32.7], [-0.3799, 44.53469, 32.179166666666674], [-0.38016, 44.53479, 32.179166666666674], [-0.38031, 44.53493, 32.179166666666674], [-0.38037, 44.53514, 32.179166666666674], [-0.38032, 44.53543, 32.179166666666674], [-0.3802, 44.53559, 32.179166666666674], [-0.38001, 44.5357, 32.179166666666674], [-0.37971, 44.53575, 32.5], [-0.3793, 44.53569, 32.179166666666674], [-0.37909, 44.53561, 32.179166666666674], [-0.37894, 44.53547, 32.179166666666674], [-0.37886, 44.53526, 31.300000000000004], [-0.37892, 44.53503, 32.179166666666674], [-0.37905, 44.53489, 32.179166666666674], [-0.37931, 44.53476, 32.179166666666674], [-0.37959, 44.53468, 32.7]]]}}, {"type": "Feature", "properties": {"id_obligation": "330760000C0211", "priorite": "forte"}, "geometry": {"type": "Polygon", "coordinates": [[[-0.38015, 44.5353, 32.180625000000006], [-0.37981, 44.5354, 32.7], [-0.37955, 44.5354, 32.5], [-0.3796, 44.53528, 33.1], [-0.37972, 44.5353, 33.1], [-0.37974, 44.53513, 33.1], [-0.37967, 44.53512, 33.1], [-0.37964, 44.53521, 33.1], [-0.37951, 44.5352, 33.1], [-0.37946, 44.53538, 32.5], [-0.37923, 44.53528, 32.5], [-0.37909, 44.53513, 31.460000000000008], [-0.37904, 44.53496, 31.460000000000008], [-0.37907, 44.53478, 32.180625000000006], [-0.37922, 44.53459, 32.180625000000006], [-0.37942, 44.53449, 32.180625000000006], [-0.37965, 44.53445, 32.180625000000006], [-0.37995, 44.53448, 32.180625000000006], [-0.38016, 44.53457, 32.180625000000006], [-0.3803, 44.53471, 32.180625000000006], [-0.38036, 44.53488, 32.180625000000006], [-0.38034, 44.53507, 32.180625000000006], [-0.38015, 44.5353, 32.180625000000006]]]}}, {"type": "Feature", "properties": {"id_obligation": "330760000C0229", "priorite": "moyenne"}, "geometry": {"type": "Polygon", "coordinates": [[[-0.38507, 44.53391, 70.30000000000007], [-0.38498, 44.53407, 62.699999999999996], [-0.38475, 44.53422, 62.699999999999996], [-0.38469, 44.53424, 62.7], [-0.3847, 44.53419, 62.7], [-0.38465, 44.53418, 62.7], [-0.38463, 44.53426, 62.7], [-0.38452, 44.53428, 64.07272727272729], [-0.38376, 44.5342, 65.96414648752432], [-0.38353, 44.53405, 65.96414648752432], [-0.38342, 44.53384, 65.96414648752432], [-0.38346, 44.53359, 64.45714285714287], [-0.38361, 44.5334, 64.45714285714287], [-0.3838, 44.53331, 64.4], [-0.38428, 44.53321, 66.26666666666667], [-0.38458, 44.53322, 69.36521739130434], [-0.38474, 44.5333, 69.3], [-0.38476, 44.5334, 69.3], [-0.38452, 44.53342, 68.4], [-0.38451, 44.53355, 69.0], [-0.38459, 44.53352, 69.0], [-0.38458, 44.53347, 69.0], [-0.38492, 44.53346, 70.3], [-0.38491, 44.53336, 69.3], [-0.38503, 44.5335, 69.36521739130434], [-0.38507, 44.53391, 70.30000000000007]]]}}, {"type": "Feature", "properties": {"id_obligation": "330760000C0237", "priorite": "faible"}, "geometry": {"type": "Polygon", "coordinates": [[[-0.38646, 44.53484, -1000.0], [-0.38618, 44.53493, -146.47999999999996], [-0.38549, 44.53484, -114.62523581681477], [-0.38525, 44.53471, -114.62523581681477], [-0.38514, 44.53454, 67.6], [-0.38513, 44.53437, 67.6], [-0.38521, 44.53415, -114.62523581681477], [-0.3854, 44.53399, -114.62523581681477], [-0.38568, 44.5339, 68.0], [-0.38592, 44.53391, 68.0], [-0.38639, 44.534, 71.30488290051619], [-0.3864, 44.53412, 71.1], [-0.38647, 44.53411, 71.1], [-0.38646, 44.53403, 71.8], [-0.38653, 44.53407, 69.48693183167931], [-0.38653, 44.53415, 69.3], [-0.38661, 44.53416, 69.3], [-0.38661, 44.53413, 69.49704124360312], [-0.38672, 44.53428, 69.3], [-0.38673, 44.53446, 69.3], [-0.38665, 44.53467, -1000.0], [-0.38646, 44.53484, -1000.0]]]}}, {"type": "Feature", "properties": {"id_obligation": "330760000C0238", "priorite": "moyenne"}, "geometry": {"type": "Polygon", "coordinates": [[[-0.38489, 44.53464, 67.25587193210617], [-0.38476, 44.53445, 67.25587193210617], [-0.38476, 44.53427, 63.4], [-0.3849, 44.53397, 63.4], [-0.38505, 44.53384, 65.0], [-0.3853, 44.53375, 70.1], [-0.38549, 44.53374, 68.6], [-0.38554, 44.53378, 72.0], [-0.38561, 44.53375, 72.0], [-0.38564, 44.53379, 68.9], [-0.3857, 44.53377, 68.9], [-0.38584, 44.53381, 69.27647058823531], [-0.38607, 44.53396, 68.42222222222222], [-0.38616, 44.53412, 68.42222222222222], [-0.38617, 44.53425, 68.42222222222222], [-0.38611, 44.5344, 67.6], [-0.38578, 44.53435, 67.6], [-0.38575, 44.53443, 67.6], [-0.38608, 44.53449, 67.6], [-0.38602, 44.53459, 67.6], [-0.38586, 44.53473, 67.6], [-0.38564, 44.53481, 67.25587193210617], [-0.3854, 44.53482, 67.25587193210617], [-0.38514, 44.53477, 67.25587193210617], [-0.38489, 44.53464, 67.25587193210617]]]}}, {"type": "Feature", "properties": {"id_obligation": "330760000C0240", "priorite": "faible"}, "geometry": {"type": "Polygon", "coordinates": [[[-0.38507, 44.53379, 68.43333333333334], [-0.38525, 44.53362, 68.43333333333334], [-0.38529, 44.5336, 70.1], [-0.3853, 44.53375, 70.1], [-0.38543, 44.53374, 70.1], [-0.38543, 44.53355, 70.1], [-0.38578, 44.53352, 69.403125], [-0.38602, 44.53358, 71.275], [-0.38621, 44.53369, 71.275], [-0.38628, 44.53376, 71.8], [-0.38625, 44.53386, 71.8], [-0.38633, 44.53386, 71.8], [-0.38635, 44.53409, 71.09999999999998], [-0.38627, 44.53426, 67.85999999999999], [-0.3861, 44.53439, 67.85999999999999], [-0.38578, 44.53435, 67.6], [-0.38575, 44.53443, 67.6], [-0.38592, 44.53446, 67.6], [-0.38556, 44.53448, 68.3], [-0.38533, 44.53442, 67.6], [-0.38515, 44.53431, 67.6], [-0.38504, 44.53415, 63.4], [-0.38501, 44.53396, 63.4], [-0.38507, 44.53379, 68.43333333333334]]]}}, {"type": "Feature", "properties": {"id_obligation": "330760000C0242", "priorite": "faible"}, "geometry": {"type": "MultiPolygon", "coordinates": [[[[-0.38544, 44.53392, 68.89999999999999], [-0.38563, 44.53379, 68.9], [-0.38588, 44.53372, 70.12], [-0.38621, 44.53373, 70.12], [-0.38632, 44.53376, 71.8], [-0.38625, 44.53376, 71.8], [-0.38625, 44.53386, 71.8], [-0.38638, 44.53385, 71.8], [-0.3864, 44.53412, 71.1], [-0.38647, 44.53411, 71.1], [-0.38645, 44.5339, 71.9], [-0.38655, 44.53391, 70.3], [-0.38653, 44.53415, 69.3], [-0.38661, 44.53416, 69.3], [-0.38663, 44.53398, 69.65000000000002], [-0.38668, 44.53415, 69.65000000000002], [-0.38666, 44.53436, 68.99008928571429], [-0.38655, 44.53452, 68.99008928571429], [-0.38636, 44.53463, 68.99008928571429], [-0.38613, 44.53469, 67.6], [-0.38581, 44.53468, 67.60000000000001], [-0.38558, 44.5346, 67.60000000000001], [-0.38542, 44.53446, 67.60000000000001], [-0.38535, 44.53429, 67.88571428571429], [-0.38535, 44.53408, 67.88571428571429], [-0.38544, 44.53392, 68.89999999999999]]], [[[-0.38644, 44.53383, 71.8], [-0.38643, 44.53381, 71.8], [-0.38648, 44.53384, 71.32499999999999], [-0.38644, 44.53383, 71.8]]]]}}, {"type": "Feature", "properties": {"id_obligation": "330760000C0244", "priorite": "faible"}, "geometry": {"type": "Polygon", "coordinates": [[[-0.38615, 44.53357, 69.7], [-0.38634, 44.53345, 71.8], [-0.38668, 44.53385, 70.62931133978783], [-0.38644, 44.53383, 71.8], [-0.38643, 44.53376, 71.8], [-0.38625, 44.53376, 71.8], [-0.38625, 44.53386, 71.8], [-0.38638, 44.53385, 71.8], [-0.3864, 44.53412, 71.1], [-0.38647, 44.53411, 71.1], [-0.38645, 44.5339, 71.9], [-0.38655, 44.53391, 70.3], [-0.38653, 44.53415, 69.3], [-0.38661, 44.53416, 69.3], [-0.38663, 44.53391, 70.9], [-0.38672, 44.53392, 70.9], [-0.38688, 44.53435, 69.0125], [-0.38647, 44.53435, 70.38], [-0.3862, 44.53424, 70.26713585434173], [-0.38602, 44.53401, 69.7], [-0.38603, 44.53372, 69.7], [-0.38615, 44.53357, 69.7]]]}}, {"type": "Feature", "properties": {"id_obligation": "330760000C0250", "priorite": "faible"}, "geometry": {"type": "Polygon", "coordinates": [[[-0.38661, 44.53455, 70.41], [-0.38629, 44.53456, 68.44999999999999], [-0.38608, 44.53449, 67.6], [-0.38611, 44.5344, 67.6], [-0.38585, 44.53434, 68.11], [-0.38568, 44.53403, 68.0], [-0.38572, 44.53403, 68.0], [-0.38572, 44.53397, 68.0], [-0.38564, 44.53396, 69.01176470588237], [-0.38562, 44.53374, 69.39473684210526], [-0.38563, 44.53369, 68.9], [-0.38564, 44.53379, 68.9], [-0.3857, 44.53379, 68.9], [-0.38572, 44.53363, 68.9], [-0.38567, 44.53359, 68.9], [-0.38593, 44.53337, 69.39473684210526], [-0.38619, 44.53332, 69.47846126010212], [-0.38658, 44.5337, 69.47846126010212], [-0.38668, 44.53385, 70.62931133978783], [-0.38644, 44.53383, 71.8], [-0.38643, 44.53376, 71.8], [-0.38625, 44.53376, 71.8], [-0.38625, 44.53386, 71.8], [-0.38638, 44.53385, 71.8], [-0.3864, 44.53412, 71.1], [-0.38647, 44.53411, 71.1], [-0.38645, 44.5339, 71.9], [-0.38655, 44.53391, 70.3], [-0.38653, 44.53415, 69.3], [-0.38661, 44.53416, 69.3], [-0.38663, 44.53391, 70.9], [-0.38672, 44.53392, 70.9], [-0.38689, 44.53437, 70.41], [-0.38689, 44.53445, 70.41], [-0.38661, 44.53455, 70.41]]]}}, {"type": "Feature", "properties": {"id_obligation": "330760000C0252", "priorite": "faible"}, "geometry": {"type": "MultiPolygon", "coordinates": [[[[-0.38624, 44.5343, 68.61999999999999], [-0.38596, 44.53433, 68.61999999999999], [-0.38571, 44.53431, 67.80000000000001], [-0.38546, 44.53419, 67.6], [-0.38533, 44.53402, 67.80000000000001], [-0.38529, 44.53377, 69.78000000000002], [-0.3853, 44.5337, 70.1], [-0.3853, 44.53375, 70.1], [-0.38543, 44.53374, 70.1], [-0.38543, 44.53354, 70.1], [-0.38538, 44.53353, 70.1], [-0.38544, 44.53347, 71.1], [-0.38571, 44.53351, 70.0], [-0.38568, 44.53342, 70.0], [-0.38582, 44.53345, 70.0], [-0.38584, 44.5334, 70.0], [-0.38567, 44.53335, 71.1], [-0.38619, 44.53332, 70.22631578947367], [-0.38668, 44.53385, 71.33333333333331], [-0.38644, 44.53383, 71.8], [-0.38643, 44.53376, 71.8], [-0.38625, 44.53376, 71.8], [-0.38625, 44.53386, 71.8], [-0.38638, 44.53385, 71.8], [-0.3864, 44.53412, 71.1], [-0.38647, 44.53411, 71.1], [-0.38645, 44.5339, 71.9], [-0.38655, 44.53391, 70.3], [-0.38649, 44.53417, 70.33124999999998], [-0.38624, 44.5343, 68.61999999999999]]], [[[-0.38664, 44.53398, 70.33124999999998], [-0.38662, 44.53402, 70.3], [-0.38663, 44.53391, 70.9], [-0.38664, 44.53398, 70.33124999999998]]]]}}, {"type": "Feature", "properties": {"id_obligation": "330760000C0253", "priorite": "faible"}, "geometry": {"type": "MultiPolygon", "coordinates": [[[[-0.38635, 44.53376, 71.8], [-0.38625, 44.53376, 71.8], [-0.38625, 44.53386, 71.8], [-0.38633, 44.53386, 71.8], [-0.38627, 44.53398, 69.94999999999999], [-0.38597, 44.53419, 69.23471188417336], [-0.38569, 44.53424, 67.80000000000001], [-0.38553, 44.53423, 67.6], [-0.38554, 44.5342, 67.6], [-0.38545, 44.53418, 67.6], [-0.38544, 44.53422, 67.80000000000001], [-0.38522, 44.53413, 67.80000000000001], [-0.38507, 44.53399, 63.4], [-0.38501, 44.53381, 70.30000000000007], [-0.38501, 44.53348, 70.48571428571428], [-0.38511, 44.53332, 70.48571428571428], [-0.38514, 44.5333, 72.2], [-0.38524, 44.53332, 72.2], [-0.38534, 44.53318, 70.73888888888884], [-0.38545, 44.53316, 71.1], [-0.38535, 44.53332, 71.1], [-0.38538, 44.53336, 71.1], [-0.38532, 44.53335, 71.2], [-0.38528, 44.53343, 71.2], [-0.38571, 44.53351, 70.0], [-0.38568, 44.53342, 70.0], [-0.38582, 44.53345, 70.0], [-0.38584, 44.5334, 70.0], [-0.38566, 44.53337, 71.1], [-0.38571, 44.53332, 71.1], [-0.38549, 44.5333, 71.1], [-0.38554, 44.53321, 71.1], [-0.3859, 44.53326, 71.1], [-0.38577, 44.53321, 71.1], [-0.38584, 44.53315, 70.78095238095236], [-0.3862, 44.53331, 70.78095238095236], [-0.38634, 44.53357, 70.05454545454546], [-0.38635, 44.53376, 71.8]]], [[[-0.38563, 44.53314, 70.73888888888884], [-0.38571, 44.53314, 71.05549283982455], [-0.38569, 44.53318, 71.1], [-0.38557, 44.53314, 70.73888888888884], [-0.38563, 44.53314, 70.73888888888884]]]]}}, {"type": "Feature", "properties": {"id_obligation": "330760000C0256", "priorite": "moyenne"}, "geometry": {"type": "Polygon", "coordinates": [[[-0.38497, 44.53326, 71.0], [-0.385, 44.53321, 71.0], [-0.38483, 44.53316, 69.4], [-0.3851, 44.53317, 70.2], [-0.38504, 44.53327, 70.2], [-0.38524, 44.53332, 72.2], [-0.3853, 44.53324, 72.2], [-0.38537, 44.53329, 71.1], [-0.38538, 44.53336, 71.2], [-0.38532, 44.53335, 71.2], [-0.38528, 44.53343, 71.2], [-0.38558, 44.5335, 70.0], [-0.3856, 44.53386, 67.76217526657705], [-0.38542, 44.53407, 67.76217526657705], [-0.38522, 44.53418, 63.01818181818182], [-0.38479, 44.53425, 63.01818181818182], [-0.38469, 44.53425, 62.7], [-0.3847, 44.53419, 62.7], [-0.38465, 44.53418, 62.7], [-0.38463, 44.53424, 62.7], [-0.38442, 44.5342, 63.024999999999984], [-0.38416, 44.5341, 63.024999999999984], [-0.38398, 44.53392, 63.024999999999984], [-0.38392, 44.53366, 67.34500832591227], [-0.38404, 44.53343, 68.26666666666667], [-0.38426, 44.53327, 68.26666666666667], [-0.38462, 44.53317, 69.38242799507836], [-0.38497, 44.53326, 71.0]]]}}, {"type": "Feature", "properties": {"id_obligation": "330760000C0264", "priorite": "faible"}, "geometry": {"type": "MultiPolygon", "coordinates": [[[[-0.38571, 44.53275, 68.86655121634844], [-0.38561, 44.5328, 67.7], [-0.38572, 44.53284, 70.5], [-0.3857, 44.53289, 70.5], [-0.38578, 44.53291, 70.9], [-0.38569, 44.53318, 71.0], [-0.38547, 44.53312, 71.1], [-0.38535, 44.53332, 71.1], [-0.38538, 44.53336, 71.1], [-0.38532, 44.53335, 71.2], [-0.38528, 44.53343, 71.2], [-0.38571, 44.53351, 70.0], [-0.38559, 44.53357, 71.889778970138], [-0.38547, 44.53355, 68.6], [-0.38546, 44.53361, 69.85625], [-0.38543, 44.53354, 70.1], [-0.38528, 44.53352, 70.1], [-0.38529, 44.53362, 70.1], [-0.38505, 44.53359, 69.85625], [-0.38473, 44.53348, 69.0], [-0.38492, 44.53346, 70.3], [-0.3849, 44.53328, 69.3], [-0.38468, 44.53323, 69.3], [-0.38476, 44.5334, 69.3], [-0.38463, 44.53342, 69.01333333333332], [-0.38447, 44.53314, 68.3670914175203], [-0.38497, 44.53326, 71.0], [-0.385, 44.53321, 71.0], [-0.38465, 44.5331, 68.2], [-0.38467, 44.53304, 68.2], [-0.38452, 44.53299, 68.2], [-0.38447, 44.53309, 68.2], [-0.38452, 44.53293, 69.0], [-0.38467, 44.53274, 67.6105263157895], [-0.38493, 44.53263, 69.32962962962964], [-0.38524, 44.53261, 69.32962962962964], [-0.38546, 44.53267, 68.48058720884342], [-0.3854, 44.53266, 68.6], [-0.38533, 44.53279, 69.1], [-0.38548, 44.53287, 69.1], [-0.38555, 44.53269, 68.4], [-0.38571, 44.53275, 68.86655121634844]]], [[[-0.38568, 44.53342, 70.0], [-0.38582, 44.53345, 70.0], [-0.38578, 44.53348, 70.21212121212119], [-0.38571, 44.53351, 70.0], [-0.38568, 44.53342, 70.0]]], [[[-0.38595, 44.53299, 70.78461538461536], [-0.38598, 44.53316, 70.78461538461536], [-0.38584, 44.5334, 70.0], [-0.38566, 44.53337, 71.1], [-0.38571, 44.53332, 71.1], [-0.38549, 44.5333, 71.1], [-0.38554, 44.53321, 71.1], [-0.3859, 44.53326, 71.1], [-0.38577, 44.53321, 71.1], [-0.38589, 44.53293, 70.9], [-0.38584, 44.53292, 70.6], [-0.38587, 44.53287, 69.28974358974362], [-0.38595, 44.53299, 70.78461538461536]]]]}}, {"type": "Feature", "properties": {"id_obligation": "330760000C0265", "priorite": "faible"}, "geometry": {"type": "MultiPolygon", "coordinates": [[[[-0.38501, 44.53372, 70.3], [-0.38499, 44.53364, 70.3], [-0.38493, 44.53361, 70.3], [-0.3847, 44.53364, 70.3], [-0.38454, 44.53354, 69.0], [-0.38458, 44.53347, 69.0], [-0.38492, 44.53346, 70.3], [-0.3849, 44.53328, 69.3], [-0.38468, 44.53323, 69.3], [-0.38476, 44.5334, 69.3], [-0.38452, 44.53342, 68.4], [-0.38451, 44.5335, 69.0], [-0.38442, 44.53334, 69.01333333333334], [-0.38452, 44.53293, 69.0], [-0.38471, 44.53275, 67.6761904761905], [-0.38499, 44.53267, 69.31600000000002], [-0.38538, 44.53271, 68.83686396833653], [-0.38533, 44.53279, 69.1], [-0.38548, 44.53287, 69.1], [-0.38556, 44.53275, 69.30952380952381], [-0.38572, 44.53284, 70.5], [-0.3857, 44.53289, 70.5], [-0.38578, 44.53291, 70.9], [-0.38569, 44.53318, 71.0], [-0.38547, 44.53312, 71.1], [-0.38535, 44.53332, 71.1], [-0.38538, 44.53336, 71.2], [-0.38532, 44.53335, 71.2], [-0.38528, 44.53343, 71.2], [-0.38571, 44.53351, 70.0], [-0.38568, 44.53342, 70.0], [-0.38582, 44.53345, 70.0], [-0.38578, 44.53351, 69.83777777777779], [-0.3856, 44.53362, 72.0], [-0.3856, 44.53357, 72.0], [-0.38547, 44.53355, 68.6], [-0.38544, 44.53367, 70.1], [-0.38543, 44.53354, 70.1], [-0.38528, 44.53352, 70.1], [-0.3853, 44.53371, 70.1], [-0.38501, 44.53372, 70.3]]], [[[-0.38584, 44.5334, 70.0], [-0.38566, 44.53337, 71.1], [-0.38571, 44.53332, 71.1], [-0.38549, 44.5333, 71.1], [-0.38554, 44.53321, 71.1], [-0.3859, 44.53326, 71.1], [-0.38577, 44.53321, 71.1], [-0.38588, 44.53296, 70.9], [-0.38594, 44.53307, 70.8073170731707], [-0.38593, 44.53329, 70.8073170731707], [-0.38582, 44.53345, 70.0], [-0.38584, 44.5334, 70.0]]], [[[-0.38585, 44.53292, 70.68428849676783], [-0.38584, 44.53292, 70.6], [-0.38584, 44.53291, 69.30952380952381], [-0.38585, 44.53292, 70.68428849676783]]]]}}, {"type": "Feature", "properties": {"id_obligation": "330760000C0267", "priorite": "faible"}, "geometry": {"type": "MultiPolygon", "coordinates": [[[[-0.38473, 44.53291, 69.58749999999999], [-0.3847, 44.53274, 69.58749999999999], [-0.38484, 44.53246, 64.7], [-0.38499, 44.53232, 64.7], [-0.38508, 44.53227, 64.7], [-0.38507, 44.5323, 64.7], [-0.38514, 44.53233, 64.7], [-0.38516, 44.53228, 64.7], [-0.3851, 44.53227, 64.7], [-0.3852, 44.53223, 67.17499999999998], [-0.3855, 44.53222, 67.17499999999998], [-0.38588, 44.53231, 68.7], [-0.38606, 44.53243, 68.7], [-0.38619, 44.53262, 68.88888888888887], [-0.38619, 44.53279, 68.88888888888887], [-0.38605, 44.53307, 71.2], [-0.3859, 44.5332, 71.2], [-0.38577, 44.53321, 71.1], [-0.38589, 44.53293, 70.9], [-0.38584, 44.53292, 70.6], [-0.38587, 44.53282, 68.0], [-0.38601, 44.53261, 68.7], [-0.38586, 44.53255, 68.7], [-0.38568, 44.53279, 69.6], [-0.38561, 44.5328, 67.7], [-0.38572, 44.53284, 70.5], [-0.3857, 44.53289, 70.5], [-0.38578, 44.53291, 70.9], [-0.38569, 44.53318, 71.1], [-0.38547, 44.53312, 71.1], [-0.38536, 44.53331, 71.1], [-0.38526, 44.53329, 72.2], [-0.38535, 44.53312, 69.8], [-0.38512, 44.53306, 69.8], [-0.38507, 44.53322, 70.2], [-0.38489, 44.5331, 69.77857142857144], [-0.38473, 44.53291, 69.58749999999999]]], [[[-0.38563, 44.5333, 70.70465116279068], [-0.38549, 44.5333, 71.1], [-0.38554, 44.53321, 71.1], [-0.38583, 44.53324, 71.1], [-0.38563, 44.5333, 70.70465116279068]]]]}}, {"type": "Feature", "properties": {"id_obligation": "330760000C0268", "priorite": "faible"}, "geometry": {"type": "Polygon", "coordinates": [[[-0.38488, 44.53286, 69.21875000000001], [-0.38482, 44.53269, 69.21875000000001], [-0.38486, 44.53251, 64.7], [-0.38502, 44.53232, 64.7], [-0.38508, 44.53229, 64.7], [-0.38514, 44.53233, 64.7], [-0.38511, 44.53227, 64.7], [-0.38545, 44.53218, 67.17499999999998], [-0.38578, 44.53223, 68.7], [-0.38599, 44.53232, 68.7], [-0.38614, 44.53247, 68.7], [-0.3862, 44.53264, 68.93333333333334], [-0.38616, 44.53281, 68.93333333333334], [-0.38601, 44.53301, 71.25000000000001], [-0.38582, 44.53311, 71.93471130027578], [-0.38589, 44.53293, 70.9], [-0.38584, 44.53292, 70.6], [-0.38587, 44.53282, 68.0], [-0.38601, 44.53261, 68.7], [-0.38586, 44.53255, 68.7], [-0.38568, 44.53279, 67.7], [-0.38561, 44.5328, 67.7], [-0.38572, 44.53284, 70.5], [-0.3857, 44.53289, 70.5], [-0.38578, 44.53291, 70.6], [-0.38571, 44.53313, 71.55678339299152], [-0.38539, 44.53313, 70.70487804878047], [-0.38507, 44.53303, 69.8], [-0.38488, 44.53286, 69.21875000000001]]]}}, {"type": "Feature", "properties": {"id_obligation": "330760000C0271", "priorite": "moyenne"}, "geometry": {"type": "Polygon", "coordinates": [[[-0.38562, 44.53203, 65.2], [-0.38591, 44.53211, 66.27999999999999], [-0.3861, 44.53223, 66.27999999999999], [-0.3862, 44.53239, 68.7], [-0.38618, 44.53265, 68.7], [-0.38608, 44.53281, 68.3], [-0.38602, 44.53277, 68.3], [-0.38596, 44.53279, 68.3], [-0.38594, 44.53284, 68.3], [-0.38605, 44.53285, 68.3], [-0.38598, 44.5329, 69.15882352941175], [-0.38588, 44.53295, 70.9], [-0.38584, 44.53292, 70.6], [-0.38601, 44.53261, 68.7], [-0.38586, 44.53255, 68.7], [-0.38568, 44.53279, 67.7], [-0.38562, 44.53278, 67.7], [-0.38572, 44.53284, 70.5], [-0.3857, 44.53289, 70.5], [-0.38578, 44.53291, 70.9], [-0.38571, 44.53301, 69.40540540540545], [-0.3854, 44.533, 69.40540540540545], [-0.38514, 44.53294, 69.32000000000001], [-0.38509, 44.53292, 70.2], [-0.38514, 44.53283, 70.2], [-0.38544, 44.53296, 69.9], [-0.38548, 44.5329, 69.9], [-0.3853, 44.53284, 70.0], [-0.38525, 44.53282, 70.0], [-0.38529, 44.5328, 67.7], [-0.38519, 44.53276, 67.7], [-0.38514, 44.53281, 70.5], [-0.38505, 44.53278, 70.2], [-0.38499, 44.53288, 70.2], [-0.38475, 44.53263, 67.60148099780453], [-0.38475, 44.53241, 67.60148099780453], [-0.38487, 44.53222, 64.7], [-0.38522, 44.53205, 64.7], [-0.38517, 44.53213, 64.7], [-0.38528, 44.53216, 64.7], [-0.38535, 44.53205, 64.7], [-0.38529, 44.53203, 64.7], [-0.38562, 44.53203, 65.2]]]}}, {"type": "Feature", "properties": {"id_obligation": "330760000C0272", "priorite": "moyenne"}, "geometry": {"type": "Polygon", "coordinates": [[[-0.38456, 44.53257, 66.2], [-0.3846, 44.53246, 66.2], [-0.38449, 44.53244, 66.2], [-0.38448, 44.53247, 66.2], [-0.38445, 44.5324, 66.2], [-0.38445, 44.53223, 66.2], [-0.38456, 44.53202, 66.25484374999999], [-0.38473, 44.53189, 66.25484374999999], [-0.38496, 44.53182, 64.7], [-0.38521, 44.53182, 64.7], [-0.38551, 44.53191, 64.61250000000001], [-0.38569, 44.53204, 64.6], [-0.38578, 44.53221, 67.02], [-0.38577, 44.53239, 67.02], [-0.38568, 44.53256, 68.55625], [-0.38557, 44.53266, 68.4], [-0.3854, 44.53266, 68.6], [-0.38535, 44.53275, 69.1], [-0.38528, 44.53276, 68.05], [-0.38503, 44.53277, 68.05], [-0.38478, 44.5327, 66.2], [-0.38456, 44.53257, 66.2]]]}}, {"type": "Feature", "properties": {"id_obligation": "330760000C0274", "priorite": "faible"}, "geometry": {"type": "MultiPolygon", "coordinates": [[[[-0.38525, 44.53302, 70.5375], [-0.38512, 44.53286, 70.2], [-0.38544, 44.53296, 69.9], [-0.38548, 44.5329, 69.9], [-0.3853, 44.53284, 70.0], [-0.38525, 44.53282, 70.0], [-0.38529, 44.5328, 67.7], [-0.38519, 44.53276, 67.7], [-0.38514, 44.53281, 70.5], [-0.3851, 44.53278, 69.22121212121213], [-0.38515, 44.53256, 69.22121212121213], [-0.38538, 44.53226, 67.88], [-0.38557, 44.53215, 66.46666666666667], [-0.38587, 44.5321, 66.46666666666667], [-0.38611, 44.53214, 66.27999999999999], [-0.38642, 44.53227, 66.27999999999999], [-0.38657, 44.53241, 66.27999999999999], [-0.38664, 44.53262, 69.34545454545453], [-0.38663, 44.53272, 68.8], [-0.38653, 44.53268, 68.8], [-0.38646, 44.53278, 68.8], [-0.38657, 44.53282, 68.8], [-0.38648, 44.53298, 70.72], [-0.38638, 44.53309, 70.72], [-0.38627, 44.53316, 71.56072092858658], [-0.38626, 44.53301, 69.4], [-0.38615, 44.53299, 69.4], [-0.38613, 44.53304, 71.4], [-0.38607, 44.53302, 71.3], [-0.386, 44.53317, 71.5], [-0.38604, 44.53323, 70.37236629224887], [-0.38577, 44.53321, 71.1], [-0.38589, 44.53293, 70.9], [-0.38584, 44.53292, 70.6], [-0.38587, 44.53282, 68.0], [-0.38601, 44.53261, 68.7], [-0.38586, 44.53255, 68.7], [-0.38568, 44.53279, 67.7], [-0.38561, 44.5328, 67.7], [-0.38572, 44.53284, 70.5], [-0.3857, 44.53289, 70.5], [-0.38578, 44.53291, 70.9], [-0.38569, 44.53318, 71.1], [-0.38544, 44.53313, 70.5375], [-0.38525, 44.53302, 70.5375]]]]}}, {"type": "Feature", "properties": {"id_obligation": "330760000C0275", "priorite": "faible"}, "geometry": {"type": "MultiPolygon", "coordinates": [[[[-0.38533, 44.53316, 69.8], [-0.38535, 44.53312, 69.8], [-0.3852, 44.53308, 69.8], [-0.38508, 44.53292, 70.2], [-0.38514, 44.53283, 70.2], [-0.38544, 44.53296, 69.9], [-0.38548, 44.5329, 69.9], [-0.3853, 44.53284, 70.0], [-0.38525, 44.53282, 70.0], [-0.38529, 44.5328, 67.7], [-0.38519, 44.53276, 67.7], [-0.38514, 44.53281, 70.5], [-0.38506, 44.53278, 70.2143514094169], [-0.3851, 44.53262, 67.96666666666665], [-0.38524, 44.53245, 67.96666666666665], [-0.38548, 44.53232, 67.96666666666665], [-0.38571, 44.53228, 67.1222222222222], [-0.38595, 44.53231, 67.1222222222222], [-0.38625, 44.53242, 69.38741399506955], [-0.38641, 44.53256, 69.38741399506955], [-0.38648, 44.53273, 69.30714285714284], [-0.38646, 44.5329, 69.8], [-0.38632, 44.53282, 69.8], [-0.38626, 44.5329, 69.8], [-0.38643, 44.53296, 69.8], [-0.38632, 44.5331, 71.0125], [-0.38629, 44.53312, 71.68059938910588], [-0.38624, 44.53306, 71.5], [-0.38626, 44.53301, 69.4], [-0.38615, 44.53299, 69.4], [-0.38613, 44.53304, 71.4], [-0.38607, 44.53302, 71.3], [-0.386, 44.53317, 71.5], [-0.38605, 44.53324, 70.22982059207126], [-0.3859, 44.53326, 71.1], [-0.38577, 44.53321, 71.1], [-0.38589, 44.53293, 70.9], [-0.38584, 44.53292, 70.6], [-0.38587, 44.53282, 68.0], [-0.38601, 44.53261, 68.7], [-0.38586, 44.53255, 68.7], [-0.38568, 44.53279, 67.7], [-0.38561, 44.5328, 67.7], [-0.38572, 44.53284, 70.5], [-0.3857, 44.53289, 70.5], [-0.38578, 44.53291, 70.9], [-0.38569, 44.53318, 71.1], [-0.38547, 44.53312, 71.1], [-0.38541, 44.53319, 70.38095238095238], [-0.38533, 44.53316, 69.8]]], [[[-0.38583, 44.53327, 71.04705882352938], [-0.3857, 44.53326, 71.04705882352938], [-0.38553, 44.53322, 71.1], [-0.3859, 44.53326, 71.1], [-0.38583, 44.53327, 71.04705882352938]]]]}}, {"type": "Feature", "properties": {"id_obligation": "330760000C0276", "priorite": "faible"}, "geometry": {"type": "MultiPolygon", "coordinates": [[[[-0.38635, 44.53327, 70.7], [-0.38619, 44.53332, 70.7], [-0.38622, 44.53335, 70.7], [-0.38612, 44.53339, 70.7], [-0.38587, 44.53343, 70.71555555555553], [-0.38566, 44.53337, 71.1], [-0.38571, 44.53332, 71.1], [-0.38549, 44.5333, 71.1], [-0.38554, 44.53321, 71.1], [-0.3859, 44.53326, 71.1], [-0.38577, 44.53321, 71.1], [-0.38589, 44.53293, 70.9], [-0.38584, 44.53292, 70.6], [-0.38587, 44.53282, 68.0], [-0.38601, 44.53261, 68.7], [-0.38586, 44.53255, 68.7], [-0.38568, 44.53279, 67.7], [-0.38562, 44.53278, 67.7], [-0.38572, 44.53284, 70.5], [-0.3857, 44.53289, 70.5], [-0.38578, 44.53291, 70.9], [-0.38569, 44.53318, 71.1], [-0.38547, 44.53312, 71.1], [-0.38535, 44.53332, 71.1], [-0.38538, 44.53336, 71.2], [-0.38532, 44.53335, 71.2], [-0.38529, 44.5334, 71.2], [-0.38499, 44.53323, 71.0], [-0.38489, 44.53296, 69.42692307692309], [-0.38501, 44.53267, 68.125], [-0.38516, 44.53254, 68.125], [-0.3855, 44.53238, 67.76842105263158], [-0.38565, 44.53235, 66.2], [-0.38562, 44.5324, 66.2], [-0.38568, 44.53241, 66.2], [-0.38569, 44.53234, 66.2], [-0.38587, 44.53233, 67.76842105263158], [-0.38621, 44.5324, 68.75], [-0.38644, 44.53254, 68.75], [-0.38653, 44.53269, 68.8], [-0.38646, 44.53278, 68.8], [-0.38655, 44.53281, 68.8], [-0.38652, 44.533, 69.69090909090909], [-0.38635, 44.53327, 70.7]]]]}}, {"type": "Feature", "properties": {"id_obligation": "330760000C0277", "priorite": "faible"}, "geometry": {"type": "Polygon", "coordinates": [[[-0.38533, 44.53352, 71.24166666666667], [-0.3851, 44.53344, 71.24166666666667], [-0.38491, 44.53327, 71.24166666666667], [-0.38489, 44.53324, 71.0], [-0.38497, 44.53326, 71.0], [-0.385, 44.53321, 71.0], [-0.38487, 44.53317, 71.0], [-0.38485, 44.53305, 69.74583333333332], [-0.38494, 44.53284, 68.85000000000001], [-0.38509, 44.5327, 68.85000000000001], [-0.38549, 44.53255, 67.9], [-0.38556, 44.53257, 67.9], [-0.38558, 44.53252, 67.83878489169084], [-0.38576, 44.5325, 68.43124999999999], [-0.38605, 44.53255, 68.41428571428573], [-0.38627, 44.53263, 68.41428571428573], [-0.38642, 44.53277, 68.41428571428573], [-0.3865, 44.53298, 70.25000000000001], [-0.38641, 44.53326, 70.36666666666666], [-0.38619, 44.53332, 70.36666666666666], [-0.38628, 44.5334, 70.36666666666666], [-0.38603, 44.53352, 70.36666666666666], [-0.38574, 44.53356, 70.4978260869565], [-0.38533, 44.53352, 71.24166666666667]]]}}, {"type": "Feature", "properties": {"id_obligation": "330760000C0280", "priorite": "faible"}, "geometry": {"type": "Polygon", "coordinates": [[[-0.38583, 44.53395, 69.22857142857143], [-0.38558, 44.53395, 69.22857142857143], [-0.38526, 44.53389, 69.22857142857143], [-0.38503, 44.53374, 70.04146341463417], [-0.38493, 44.53354, 70.41904761904759], [-0.38497, 44.53327, 70.41904761904759], [-0.38509, 44.53308, 70.51111111111112], [-0.38527, 44.53297, 70.16], [-0.38538, 44.53293, 69.90315728694722], [-0.38544, 44.53296, 69.9], [-0.38547, 44.53291, 69.9], [-0.38556, 44.53291, 69.3], [-0.38552, 44.53299, 69.3], [-0.38556, 44.533, 69.3], [-0.38566, 44.53299, 69.3], [-0.38564, 44.53291, 69.3], [-0.38578, 44.53293, 70.9], [-0.38569, 44.53318, 71.1], [-0.38547, 44.53312, 71.1], [-0.38535, 44.53332, 71.1], [-0.38538, 44.53336, 71.2], [-0.38532, 44.53335, 71.2], [-0.38528, 44.53343, 71.2], [-0.38555, 44.53349, 70.0], [-0.38571, 44.53351, 70.0], [-0.38568, 44.53342, 70.0], [-0.38582, 44.53345, 70.0], [-0.38584, 44.5334, 70.0], [-0.38566, 44.53337, 71.1], [-0.38571, 44.53332, 71.1], [-0.38549, 44.5333, 71.1], [-0.38554, 44.53321, 71.1], [-0.3859, 44.53326, 71.1], [-0.38577, 44.53321, 71.1], [-0.38589, 44.53294, 70.9], [-0.38614, 44.533, 70.08721140489058], [-0.38613, 44.53304, 71.4], [-0.38607, 44.53302, 71.3], [-0.386, 44.53317, 71.5], [-0.38605, 44.53324, 70.2], [-0.38616, 44.53326, 69.6], [-0.38624, 44.53323, 71.3], [-0.38629, 44.53312, 71.7], [-0.38624, 44.53305, 71.1848787314635], [-0.38636, 44.53315, 71.18235294117646], [-0.38643, 44.53325, 69.88666666666668], [-0.38619, 44.53332, 69.88666666666668], [-0.38644, 44.53355, 69.88666666666668], [-0.38631, 44.53373, 70.54545454545453], [-0.38606, 44.53388, 70.54545454545453], [-0.38583, 44.53395, 69.22857142857143]]]}}, {"type": "Feature", "properties": {"id_obligation": "330760000C0283", "priorite": "faible"}, "geometry": {"type": "MultiPolygon", "coordinates": [[[[-0.38692, 44.5331, 72.16666666666666], [-0.38686, 44.53312, 72.16666666666666], [-0.38676, 44.53316, 70.3], [-0.38673, 44.53312, 70.3], [-0.38675, 44.53316, 70.3], [-0.38619, 44.53332, 70.79230769230769], [-0.38652, 44.53364, 70.04075383999754], [-0.38641, 44.53368, 70.04075383999754], [-0.38617, 44.53371, 70.04075383999754], [-0.38587, 44.53367, 69.37000000000002], [-0.38565, 44.53359, 68.9], [-0.38552, 44.53348, 70.50008772288307], [-0.38571, 44.53351, 70.0], [-0.38568, 44.53342, 70.0], [-0.38582, 44.53345, 70.0], [-0.38584, 44.5334, 70.0], [-0.38566, 44.53337, 71.1], [-0.38571, 44.53332, 71.1], [-0.38549, 44.5333, 71.1], [-0.38554, 44.53321, 71.1], [-0.3859, 44.53326, 71.1], [-0.38577, 44.53321, 71.1], [-0.38589, 44.53293, 70.9], [-0.38584, 44.53292, 70.6], [-0.38587, 44.53282, 68.0], [-0.38601, 44.53261, 68.7], [-0.38591, 44.53257, 68.70588235294115], [-0.3862, 44.53254, 68.70588235294115], [-0.3866, 44.53263, 69.08571428571429], [-0.38681, 44.5328, 69.08571428571429], [-0.38692, 44.5331, 72.16666666666666]]], [[[-0.38539, 44.53309, 70.74999999999999], [-0.38551, 44.53281, 69.41470588235296], [-0.38583, 44.5326, 68.93037975515946], [-0.38568, 44.53279, 69.6], [-0.38561, 44.5328, 67.7], [-0.38572, 44.53284, 70.5], [-0.3857, 44.53289, 70.5], [-0.38578, 44.53291, 70.9], [-0.38569, 44.53318, 71.0], [-0.38547, 44.53312, 71.1], [-0.38538, 44.53326, 70.74999999999999], [-0.38539, 44.53309, 70.74999999999999]]]]}}, {"type": "Feature", "properties": {"id_obligation": "330760000C0293", "priorite": "moyenne"}, "geometry": {"type": "Polygon", "coordinates": [[[-0.38515, 44.53269, 68.91428571428571], [-0.38501, 44.5325, 65.89999999999999], [-0.385, 44.53232, 65.89999999999999], [-0.3851, 44.53213, 64.7], [-0.38525, 44.53199, 64.7], [-0.38547, 44.53191, 64.62857142857142], [-0.38572, 44.53189, 64.62857142857142], [-0.38601, 44.53196, 66.3], [-0.3862, 44.53207, 66.3], [-0.38633, 44.53226, 66.27499999999999], [-0.38633, 44.53244, 66.27499999999999], [-0.38623, 44.53262, 68.35], [-0.38608, 44.53275, 68.35], [-0.38596, 44.53279, 68.3], [-0.38595, 44.53282, 68.3], [-0.38587, 44.53284, 68.76800000000001], [-0.38601, 44.53261, 68.7], [-0.38586, 44.53255, 68.7], [-0.38568, 44.53279, 67.7], [-0.38561, 44.5328, 67.7], [-0.38571, 44.53286, 70.5], [-0.3855, 44.53284, 69.00674096309535], [-0.38557, 44.53266, 68.4], [-0.38548, 44.53263, 68.4], [-0.38545, 44.53267, 68.6], [-0.3854, 44.53266, 68.6], [-0.38533, 44.53279, 69.1], [-0.38515, 44.53269, 68.91428571428571]]]}}, {"type": "Feature", "properties": {"id_obligation": "330760000C0298", "priorite": "moyenne"}, "geometry": {"type": "Polygon", "coordinates": [[[-0.38341, 44.53351, 60.34499999999999], [-0.38313, 44.53361, 60.34499999999999], [-0.38287, 44.53361, 60.34499999999999], [-0.3825, 44.53351, 60.34499999999999], [-0.38227, 44.53336, 60.34499999999999], [-0.38218, 44.53319, 58.79999999999999], [-0.38223, 44.53292, 58.8], [-0.38235, 44.53297, 58.8], [-0.3824, 44.5329, 58.8], [-0.38226, 44.53286, 58.8], [-0.3823, 44.5328, 60.44999999999999], [-0.38258, 44.53261, 61.7], [-0.38251, 44.53276, 61.5], [-0.38263, 44.53279, 60.2], [-0.38268, 44.53268, 61.5], [-0.38262, 44.53259, 61.7], [-0.38283, 44.53252, 61.6], [-0.38308, 44.53251, 61.6], [-0.38344, 44.53261, 60.34499999999999], [-0.38365, 44.53277, 60.34499999999999], [-0.38373, 44.53294, 60.34499999999999], [-0.3837, 44.53312, 60.34499999999999], [-0.38341, 44.53351, 60.34499999999999]]]}}, {"type": "Feature", "properties": {"id_obligation": "330760000C0299", "priorite": "forte"}, "geometry": {"type": "Polygon", "coordinates": [[[-0.38266, 44.53316, 54.0], [-0.38289, 44.53321, 54.0], [-0.3831, 44.53335, 54.0], [-0.38322, 44.53355, 54.0], [-0.3832, 44.53377, 54.0], [-0.38304, 44.53399, 54.0], [-0.38287, 44.5341, 54.0], [-0.38264, 44.53417, 54.0], [-0.38235, 44.53416, 54.0], [-0.38211, 44.53407, 54.0], [-0.38194, 44.53395, 54.0], [-0.38184, 44.53379, 54.0], [-0.38184, 44.53361, 54.0], [-0.38193, 44.53345, 54.0], [-0.38211, 44.53328, 54.0], [-0.38236, 44.53318, 54.0], [-0.38266, 44.53316, 54.0]]]}}, {"type": "Feature", "properties": {"id_obligation": "330760000C0301", "priorite": "moyenne"}, "geometry": {"type": "Polygon", "coordinates": [[[-0.38292, 44.53265, 62.080000000000005], [-0.38302, 44.53281, 60.98], [-0.38302, 44.53297, 62.0], [-0.38294, 44.53304, 59.5], [-0.38285, 44.53302, 59.5], [-0.3828, 44.53311, 59.5], [-0.38293, 44.53315, 59.5], [-0.3827, 44.53334, 59.96666666666667], [-0.38241, 44.53342, 60.73283333333334], [-0.38216, 44.5334, 60.73283333333334], [-0.38184, 44.53328, 60.73283333333334], [-0.38166, 44.53315, 60.73283333333334], [-0.38156, 44.53295, 60.73283333333334], [-0.38159, 44.53277, 60.73283333333334], [-0.38175, 44.53256, 60.73283333333334], [-0.38195, 44.53245, 60.73283333333334], [-0.38225, 44.5324, 61.5], [-0.38257, 44.53245, 62.5], [-0.38292, 44.53265, 62.080000000000005]]]}}, {"type": "Feature", "properties": {"id_obligation": "330760000C0313", "priorite": "moyenne"}, "geometry": {"type": "Polygon", "coordinates": [[[-0.38066, 44.53202, 46.18], [-0.38065, 44.5322, 46.18], [-0.38052, 44.53243, 43.76666666666667], [-0.38029, 44.53257, 44.2], [-0.38005, 44.53262, 44.2], [-0.37981, 44.5326, 44.2], [-0.37944, 44.53248, 34.559999999999995], [-0.37924, 44.53232, 34.559999999999995], [-0.37917, 44.53215, 36.9], [-0.3792, 44.53198, 36.9], [-0.37934, 44.53178, 36.7], [-0.37946, 44.53181, 36.6], [-0.37951, 44.53174, 36.6], [-0.37941, 44.5317, 36.938732262450166], [-0.37956, 44.53163, 37.84375000000001], [-0.37962, 44.53161, 40.3], [-0.37971, 44.5318, 40.3], [-0.37982, 44.53177, 40.3], [-0.37976, 44.53158, 40.3], [-0.37987, 44.53158, 40.82857142857143], [-0.38026, 44.53167, 44.1], [-0.38053, 44.53183, 44.1], [-0.38066, 44.53202, 46.18]]]}}, {"type": "Feature", "properties": {"id_obligation": "330760000C0326", "priorite": "moyenne"}, "geometry": {"type": "Polygon", "coordinates": [[[-0.38029, 44.53114, 44.85509259259259], [-0.38059, 44.5311, 44.85509259259259], [-0.38083, 44.53115, 44.85509259259259], [-0.38112, 44.5313, 44.85509259259259], [-0.38124, 44.53145, 44.85509259259259], [-0.38127, 44.53166, 44.85509259259259], [-0.38118, 44.53183, 48.3], [-0.38097, 44.53204, 48.3], [-0.38079, 44.53212, 48.3], [-0.38082, 44.53206, 48.3], [-0.38067, 44.53202, 48.3], [-0.38062, 44.53209, 48.3], [-0.38074, 44.53213, 48.3], [-0.38044, 44.53214, 46.2], [-0.38021, 44.53208, 44.075], [-0.37998, 44.53195, 44.075], [-0.37986, 44.5318, 43.1], [-0.37983, 44.53163, 43.1], [-0.37989, 44.53146, 41.95555555555555], [-0.38005, 44.53127, 41.95555555555555], [-0.38029, 44.53114, 44.85509259259259]]]}}, {"type": "Feature", "properties": {"id_obligation": "330760000C0355", "priorite": "moyenne"}, "geometry": {"type": "Polygon", "coordinates": [[[-0.38317, 44.533, 60.92222222222222], [-0.38303, 44.53311, 60.97926615685084], [-0.3831, 44.53299, 62.0], [-0.38298, 44.53296, 62.0], [-0.38294, 44.53304, 59.5], [-0.38285, 44.53302, 59.5], [-0.3828, 44.53311, 59.5], [-0.38294, 44.53315, 59.5], [-0.38271, 44.53322, 59.15], [-0.38247, 44.53322, 59.15], [-0.38216, 44.53314, 58.8], [-0.38199, 44.53302, 58.8], [-0.3819, 44.53285, 58.8], [-0.3819, 44.53268, 58.8], [-0.38203, 44.53237, 60.26658249158249], [-0.38224, 44.53221, 60.26658249158249], [-0.38247, 44.53214, 62.5], [-0.38278, 44.53215, 62.5], [-0.38307, 44.53226, 60.26658249158249], [-0.38325, 44.53244, 60.26658249158249], [-0.3833, 44.53263, 60.26658249158249], [-0.38317, 44.533, 60.92222222222222]]]}}, {"type": "Feature", "properties": {"id_obligation": "330760000C0357", "priorite": "moyenne"}, "geometry": {"type": "Polygon", "coordinates": [[[-0.38312, 44.53285, 61.67857142857142], [-0.38283, 44.53294, 61.15714285714285], [-0.38259, 44.53293, 61.15714285714285], [-0.38225, 44.53284, 61.67857142857142], [-0.38202, 44.53268, 61.67857142857142], [-0.38194, 44.53251, 61.67857142857142], [-0.38196, 44.53233, 61.67857142857142], [-0.38208, 44.53213, 61.67857142857142], [-0.38229, 44.53198, 61.67857142857142], [-0.38252, 44.53193, 61.67857142857142], [-0.38276, 44.53194, 61.67857142857142], [-0.38309, 44.53203, 61.67857142857142], [-0.38328, 44.53214, 61.67857142857142], [-0.38338, 44.5323, 61.67857142857142], [-0.3834, 44.53248, 61.67857142857142], [-0.38331, 44.53268, 61.67857142857142], [-0.38312, 44.53285, 61.67857142857142]]]}}, {"type": "Feature", "properties": {"id_obligation": "330760000C0368", "priorite": "moyenne"}, "geometry": {"type": "Polygon", "coordinates": [[[-0.38763, 44.53034, 59.3], [-0.38751, 44.53033, 58.8], [-0.3875, 44.53041, 58.8], [-0.38745, 44.53041, 58.8], [-0.38744, 44.53046, 58.8], [-0.38759, 44.53045, 59.3], [-0.38741, 44.5307, 59.007692307692295], [-0.38721, 44.5308, 59.7], [-0.38697, 44.53085, 59.7], [-0.38672, 44.53082, 59.7], [-0.3862, 44.53066, 59.57499999999999], [-0.38623, 44.53062, 58.8], [-0.38609, 44.53058, 58.8], [-0.38601, 44.53049, 59.241256410256405], [-0.38596, 44.53032, 59.241256410256405], [-0.386, 44.53015, 59.241256410256405], [-0.38617, 44.5299, 59.241256410256405], [-0.38654, 44.52974, 59.241256410256405], [-0.38678, 44.5297, 59.241256410256405], [-0.38702, 44.52974, 59.241256410256405], [-0.38745, 44.52991, 59.241256410256405], [-0.38761, 44.5301, 59.84666666666667], [-0.38763, 44.53034, 59.3]]]}}, {"type": "Feature", "properties": {"id_obligation": "330760000C0386", "priorite": "forte"}, "geometry": {"type": "Polygon", "coordinates": [[[-0.37918, 44.53009, -1000.0], [-0.37944, 44.52986, -1000.0], [-0.37981, 44.52972, -482.175], [-0.38005, 44.52974, -482.175], [-0.38027, 44.52981, -482.175], [-0.38047, 44.52995, -482.175], [-0.38059, 44.53016, -482.175], [-0.38057, 44.53034, -482.175], [-0.38046, 44.5305, -482.175], [-0.38015, 44.53077, -482.175], [-0.37982, 44.53087, -482.175], [-0.37952, 44.53085, -482.175], [-0.37923, 44.53069, -482.175], [-0.37909, 44.5305, -482.175], [-0.37908, 44.53029, -482.175], [-0.37918, 44.53009, -1000.0]]]}}, {"type": "Feature", "properties": {"id_obligation": "330760000C0401", "priorite": "forte"}, "geometry": {"type": "Polygon", "coordinates": [[[-0.37866, 44.53423, 29.175324675324674], [-0.37841, 44.53436, 29.175324675324674], [-0.3781, 44.53438, 29.175324675324674], [-0.37773, 44.53428, 29.175324675324674], [-0.37753, 44.53411, 29.175324675324674], [-0.37747, 44.53395, 29.175324675324674], [-0.37755, 44.53361, 29.175324675324674], [-0.37765, 44.53345, 29.175324675324674], [-0.37784, 44.53333, 29.175324675324674], [-0.37808, 44.53327, 29.175324675324674], [-0.37838, 44.53328, 29.175324675324674], [-0.37861, 44.53336, 28.7], [-0.37886, 44.53364, 30.371428571428577], [-0.37887, 44.53383, 30.76340472131821], [-0.37872, 44.5338, 30.8], [-0.37869, 44.53392, 30.6], [-0.37883, 44.53395, 30.6], [-0.37866, 44.53423, 29.175324675324674]]]}}, {"type": "Feature", "properties": {"id_obligation": "330760000C0404", "priorite": "forte"}, "geometry": {"type": "Polygon", "coordinates": [[[-0.37926, 44.53431, 30.14929292929293], [-0.37899, 44.5344, 31.0], [-0.37847, 44.53435, 30.14929292929293], [-0.37821, 44.53422, 30.14929292929293], [-0.37807, 44.53403, 30.14929292929293], [-0.37807, 44.53385, 28.45454545454545], [-0.37826, 44.53335, 30.14929292929293], [-0.37844, 44.53318, 30.14929292929293], [-0.37871, 44.53308, 30.14929292929293], [-0.37903, 44.53307, 30.14929292929293], [-0.37925, 44.53314, 30.14929292929293], [-0.37949, 44.53329, 30.14929292929293], [-0.3796, 44.53345, 30.14929292929293], [-0.37967, 44.53377, 30.14929292929293], [-0.37951, 44.53409, 30.14929292929293], [-0.37926, 44.53431, 30.14929292929293]]]}}, {"type": "Feature", "properties": {"id_obligation": "330760000C0405", "priorite": "forte"}, "geometry": {"type": "Polygon", "coordinates": [[[-0.37851, 44.53426, 30.733386752136752], [-0.37838, 44.53411, 30.599999999999998], [-0.37835, 44.53393, 30.599999999999998], [-0.37842, 44.53373, 29.224999999999998], [-0.37856, 44.5336, 29.224999999999998], [-0.37877, 44.53351, 32.27777777777778], [-0.37901, 44.53348, 32.27777777777778], [-0.37931, 44.53353, 30.733386752136752], [-0.37951, 44.53363, 30.733386752136752], [-0.37964, 44.53378, 30.733386752136752], [-0.37968, 44.53395, 30.733386752136752], [-0.37963, 44.53415, 30.733386752136752], [-0.37946, 44.53432, 30.733386752136752], [-0.37925, 44.5344, 30.733386752136752], [-0.37901, 44.53442, 30.733386752136752], [-0.37876, 44.53438, 30.733386752136752], [-0.37851, 44.53426, 30.733386752136752]]]}}, {"type": "Feature", "properties": {"id_obligation": "330760000C0426", "priorite": "moyenne"}, "geometry": {"type": "Polygon", "coordinates": [[[-0.3778, 44.53956, 24.204734848484847], [-0.37762, 44.53939, 24.204734848484847], [-0.37757, 44.53918, 24.204734848484847], [-0.37765, 44.53896, 24.204734848484847], [-0.37785, 44.53879, 24.204734848484847], [-0.37808, 44.53872, 23.74545454545454], [-0.37833, 44.53872, 23.74545454545454], [-0.37864, 44.53878, 23.65], [-0.37883, 44.53889, 23.65], [-0.37894, 44.53905, 23.65], [-0.37897, 44.53922, 24.204734848484847], [-0.37888, 44.53944, 24.204734848484847], [-0.37862, 44.53963, 25.6], [-0.37847, 44.5396, 25.6], [-0.37843, 44.53968, 25.6], [-0.37829, 44.53968, 24.1], [-0.37833, 44.53959, 24.1], [-0.3782, 44.53956, 24.1], [-0.37815, 44.53967, 24.1], [-0.3778, 44.53956, 24.204734848484847]]]}}, {"type": "Feature", "properties": {"id_obligation": "330760000C0428", "priorite": "forte"}, "geometry": {"type": "Polygon", "coordinates": [[[-0.37841, 44.5394, 23.45], [-0.37807, 44.53934, 23.2], [-0.37787, 44.53924, 23.2], [-0.37774, 44.5391, 23.2], [-0.37769, 44.53892, 23.457142857142856], [-0.37777, 44.53866, 23.457142857142856], [-0.37791, 44.53851, 23.457142857142856], [-0.37812, 44.53842, 23.457142857142856], [-0.37836, 44.53838, 23.457142857142856], [-0.37866, 44.53843, 23.457142857142856], [-0.379, 44.53855, 23.457142857142856], [-0.37919, 44.53873, 23.457142857142856], [-0.37924, 44.53895, 23.457142857142856], [-0.37916, 44.53914, 23.457142857142856], [-0.37895, 44.5393, 23.457142857142856], [-0.37865, 44.53939, 23.45], [-0.37841, 44.5394, 23.45]]]}}, {"type": "Feature", "properties": {"id_obligation": "330760000C0431", "priorite": "moyenne"}, "geometry": {"type": "Polygon", "coordinates": [[[-0.37902, 44.53928, 24.596191955042887], [-0.37923, 44.5395, 26.9], [-0.37927, 44.53967, 26.9], [-0.37921, 44.53983, 26.9], [-0.3789, 44.53969, 26.9], [-0.37884, 44.53975, 26.9], [-0.37917, 44.5399, 26.9], [-0.37901, 44.54019, 26.9], [-0.37886, 44.54033, 25.51739130434782], [-0.37862, 44.54042, 25.499596707767743], [-0.37871, 44.54027, 26.2], [-0.37875, 44.54028, 26.2], [-0.37881, 44.54021, 26.2], [-0.37869, 44.54016, 26.2], [-0.37848, 44.54042, 25.4], [-0.37852, 44.54043, 25.51739130434782], [-0.3784, 44.54043, 25.0], [-0.37843, 44.54039, 25.0], [-0.37835, 44.54036, 25.0], [-0.37832, 44.54041, 25.0], [-0.37838, 44.54043, 25.0], [-0.3777, 44.54029, 21.4], [-0.37748, 44.54014, 21.4], [-0.3774, 44.54001, 21.4], [-0.37742, 44.53994, 21.4], [-0.37738, 44.53993, 21.4], [-0.37745, 44.53963, 23.235714285714284], [-0.37765, 44.53934, 24.596191955042887], [-0.3778, 44.53921, 24.596191955042887], [-0.37801, 44.53913, 24.596191955042887], [-0.37825, 44.53911, 23.49166666666666], [-0.37857, 44.53915, 23.49166666666666], [-0.37902, 44.53928, 24.596191955042887]]]}}, {"type": "Feature", "properties": {"id_obligation": "330760000C0432", "priorite": "moyenne"}, "geometry": {"type": "Polygon", "coordinates": [[[-0.3805, 44.54034, 28.059999999999995], [-0.38031, 44.54054, 28.059999999999995], [-0.38004, 44.54064, 28.059999999999995], [-0.37968, 44.54063, 26.90909090909091], [-0.37878, 44.54025, 26.2], [-0.37881, 44.54021, 26.2], [-0.37869, 44.54016, 26.2], [-0.37866, 44.5402, 26.2], [-0.37837, 44.54006, 25.038461538461533], [-0.37825, 44.53992, 24.1], [-0.37834, 44.53973, 24.1], [-0.37827, 44.53971, 24.1], [-0.37833, 44.53959, 24.1], [-0.37826, 44.53958, 24.1], [-0.37842, 44.5394, 24.4], [-0.37861, 44.53929, 24.4], [-0.37884, 44.53924, 26.9], [-0.37908, 44.53925, 26.9], [-0.3803, 44.53979, 26.82222222222222], [-0.38045, 44.53993, 26.82222222222222], [-0.38053, 44.54012, 26.82222222222222], [-0.3805, 44.54034, 28.059999999999995]]]}}, {"type": "Feature", "properties": {"id_obligation": "330760000C0435", "priorite": "moyenne"}, "geometry": {"type": "Polygon", "coordinates": [[[-0.37875, 44.54078, 25.875], [-0.3785, 44.54077, 25.2], [-0.3782, 44.54066, 25.2], [-0.37801, 44.54049, 25.2], [-0.37795, 44.54033, 25.25], [-0.37798, 44.54016, 25.25], [-0.37815, 44.53993, 24.1], [-0.37824, 44.53995, 24.1], [-0.37831, 44.53981, 24.1], [-0.37839, 44.53977, 25.6], [-0.3783, 44.53994, 25.6], [-0.37845, 44.53999, 25.6], [-0.3786, 44.53972, 25.6], [-0.37873, 44.53971, 26.639999999999997], [-0.37886, 44.53973, 26.9], [-0.37884, 44.53975, 26.9], [-0.37939, 44.54003, 26.143749999999997], [-0.37942, 44.5401, 25.88223682406964], [-0.37934, 44.54022, 25.7], [-0.37942, 44.54025, 26.0], [-0.37944, 44.54019, 26.0], [-0.37943, 44.54029, 27.568751730773265], [-0.37932, 44.54025, 27.0], [-0.37925, 44.54036, 27.0], [-0.37935, 44.54045, 26.2], [-0.37903, 44.5407, 25.875], [-0.37875, 44.54078, 25.875]]]}}, {"type": "Feature", "properties": {"id_obligation": "330760000C0436", "priorite": "moyenne"}, "geometry": {"type": "Polygon", "coordinates": [[[-0.37909, 44.54071, 25.4], [-0.3789, 44.54082, 25.4], [-0.37867, 44.54087, 25.4], [-0.37843, 44.54085, 25.2], [-0.37814, 44.54074, 25.2], [-0.37798, 44.54061, 25.2], [-0.37789, 44.5404, 25.133333333333333], [-0.37792, 44.54023, 25.133333333333333], [-0.37807, 44.54004, 25.133333333333333], [-0.37825, 44.53992, 24.415789473684217], [-0.37832, 44.53989, 25.6], [-0.3783, 44.53994, 25.6], [-0.37845, 44.53999, 25.6], [-0.37852, 44.53985, 25.6], [-0.3788, 44.53988, 25.6], [-0.37908, 44.54001, 25.99], [-0.37923, 44.54015, 27.0], [-0.37928, 44.54031, 27.0], [-0.37924, 44.54053, 25.4], [-0.37909, 44.54071, 25.4]]]}}, {"type": "Feature", "properties": {"id_obligation": "330760000C0437", "priorite": "moyenne"}, "geometry": {"type": "Polygon", "coordinates": [[[-0.37914, 44.54017, 26.2], [-0.37924, 44.54038, 26.2], [-0.3792, 44.54059, 25.172777777777775], [-0.37903, 44.54078, 25.172777777777775], [-0.37877, 44.54089, 25.172777777777775], [-0.37852, 44.54091, 25.4], [-0.37811, 44.54084, 25.172777777777775], [-0.37786, 44.54072, 25.172777777777775], [-0.37773, 44.54057, 25.172777777777775], [-0.37769, 44.54039, 25.172777777777775], [-0.37774, 44.54022, 25.172777777777775], [-0.37792, 44.54003, 25.172777777777775], [-0.37831, 44.53991, 25.6], [-0.3783, 44.53994, 25.6], [-0.37845, 44.53999, 25.6], [-0.37849, 44.53992, 25.6], [-0.37856, 44.53993, 24.724999999999998], [-0.37892, 44.54002, 26.2], [-0.37914, 44.54017, 26.2]]]}}, {"type": "Feature", "properties": {"id_obligation": "330760000C0446", "priorite": "moyenne"}, "geometry": {"type": "Polygon", "coordinates": [[[-0.37876, 44.54207, 24.199999999999996], [-0.37866, 44.54187, 25.15416666666666], [-0.37873, 44.54157, 25.15416666666666], [-0.37892, 44.54127, 25.15416666666666], [-0.37913, 44.54111, 25.15416666666666], [-0.37936, 44.54105, 25.15416666666666], [-0.3796, 44.54106, 25.15416666666666], [-0.3799, 44.54115, 26.099999999999998], [-0.38011, 44.54128, 26.1], [-0.38001, 44.54143, 26.1], [-0.38017, 44.54149, 26.1], [-0.3802, 44.54144, 26.1], [-0.38022, 44.54152, 25.016666666666666], [-0.37999, 44.54206, 25.15416666666666], [-0.37983, 44.5422, 25.15416666666666], [-0.37961, 44.54228, 25.15416666666666], [-0.37936, 44.5423, 25.15416666666666], [-0.37904, 44.54223, 24.199999999999996], [-0.37876, 44.54207, 24.199999999999996]]]}}, {"type": "Feature", "properties": {"id_obligation": "330760000C0450", "priorite": "moyenne"}, "geometry": {"type": "MultiPolygon", "coordinates": [[[[-0.37865, 44.54221, 24.2], [-0.37887, 44.54205, 24.2], [-0.37911, 44.542, 24.329999999999995], [-0.37951, 44.54201, 24.329999999999995], [-0.37974, 44.54208, 25.35], [-0.37995, 44.54225, 25.35], [-0.38002, 44.54242, 25.752941176470593], [-0.37999, 44.54263, 25.905949139647227], [-0.37981, 44.54259, 25.8], [-0.37976, 44.54273, 25.5], [-0.37978, 44.54279, 25.5], [-0.37988, 44.54281, 25.5], [-0.37967, 44.54294, 25.6875], [-0.37946, 44.54299, 25.1], [-0.37943, 44.54282, 25.1], [-0.37934, 44.54288, 25.1], [-0.37936, 44.54299, 25.1], [-0.37906, 44.54297, 25.061538461538458], [-0.37884, 44.54291, 24.639999999999997], [-0.37866, 44.54279, 24.639999999999997], [-0.37871, 44.54268, 24.2], [-0.37857, 44.54267, 24.4], [-0.37855, 44.54242, 24.353846153846156], [-0.37865, 44.54221, 24.2]]], [[[-0.3799, 44.5428, 25.6875], [-0.37989, 44.5428, 25.5], [-0.3799, 44.54275, 25.5], [-0.3799, 44.5428, 25.6875]]]]}}, {"type": "Feature", "properties": {"id_obligation": "330760000C0451", "priorite": "moyenne"}, "geometry": {"type": "MultiPolygon", "coordinates": [[[[-0.3796, 44.54236, 25.5], [-0.37951, 44.54235, 25.5], [-0.3795, 44.5425, 25.620000000000005], [-0.37934, 44.54259, 26.3], [-0.37913, 44.54255, 27.2], [-0.37913, 44.5426, 27.2], [-0.37922, 44.54262, 26.1], [-0.37912, 44.54264, 25.759999999999998], [-0.37879, 44.54261, 25.22], [-0.37857, 44.54253, 25.22], [-0.37841, 44.5424, 25.22], [-0.37833, 44.54218, 25.22], [-0.37839, 44.54195, 25.22], [-0.37853, 44.54177, 25.22], [-0.37872, 44.54166, 25.22], [-0.37895, 44.54161, 25.22], [-0.37935, 44.54166, 25.3], [-0.37928, 44.54182, 25.3], [-0.37943, 44.54185, 25.3], [-0.3795, 44.54172, 25.300000000000004], [-0.37966, 44.54185, 25.300000000000004], [-0.37973, 44.54202, 25.22], [-0.3797, 44.54226, 25.22], [-0.3796, 44.54241, 25.5], [-0.3796, 44.54236, 25.5]]], [[[-0.37955, 44.54246, 26.1], [-0.37955, 44.54242, 26.1], [-0.37958, 44.54243, 25.620000000000005], [-0.37955, 44.54246, 26.1]]]]}}, {"type": "Feature", "properties": {"id_obligation": "330760000C0463", "priorite": "moyenne"}, "geometry": {"type": "MultiPolygon", "coordinates": [[[[-0.37661, 44.53975, 21.861910869611002], [-0.3767, 44.53995, 22.19047619047619], [-0.37663, 44.54021, 22.19047619047619], [-0.37644, 44.5404, 22.6], [-0.37649, 44.54026, 22.6], [-0.37642, 44.54025, 22.4], [-0.37632, 44.54045, 22.6], [-0.376, 44.5405, 22.00588235294117], [-0.37581, 44.54058, 21.9], [-0.3758, 44.54054, 21.9], [-0.37563, 44.54055, 21.9], [-0.37561, 44.54061, 22.00588235294117], [-0.3753, 44.54058, 22.4], [-0.37531, 44.54055, 22.4], [-0.3751, 44.5405, 22.4], [-0.37509, 44.54053, 22.4], [-0.37489, 44.5404, 22.4], [-0.37479, 44.54025, 21.566666666666663], [-0.37478, 44.54022, 21.3], [-0.37488, 44.54023, 21.3], [-0.37497, 44.54001, 21.3], [-0.37477, 44.54001, 21.2], [-0.37486, 44.53979, 19.750000000000007], [-0.37505, 44.53962, 19.750000000000007], [-0.37539, 44.53954, 21.861910869611002], [-0.37575, 44.53958, 21.861910869611002], [-0.37606, 44.53953, 21.861910869611002], [-0.37639, 44.5396, 21.861910869611002], [-0.37661, 44.53975, 21.861910869611002]]], [[[-0.37476, 44.54012, 21.566666666666663], [-0.37476, 44.54006, 21.207008174293044], [-0.37482, 44.54007, 21.3], [-0.37478, 44.54022, 21.3], [-0.37476, 44.54012, 21.566666666666663]]]]}}, {"type": "Feature", "properties": {"id_obligation": "330760000C0464", "priorite": "moyenne"}, "geometry": {"type": "Polygon", "coordinates": [[[-0.37556, 44.54046, 21.900000000000002], [-0.37541, 44.54032, 21.900000000000002], [-0.37535, 44.54011, 22.775000000000002], [-0.37541, 44.5399, 22.308806022408962], [-0.37553, 44.53975, 22.308806022408962], [-0.37572, 44.53964, 22.308806022408962], [-0.37595, 44.53959, 22.2], [-0.37622, 44.53962, 22.308806022408962], [-0.37649, 44.53973, 22.308806022408962], [-0.37663, 44.53987, 22.308806022408962], [-0.37668, 44.54004, 22.247058823529407], [-0.37662, 44.54026, 22.599999999999998], [-0.3764, 44.54049, 22.6], [-0.37649, 44.54026, 22.6], [-0.3764, 44.54021, 22.4], [-0.37631, 44.54048, 22.6], [-0.37638, 44.5405, 22.6], [-0.37632, 44.54052, 22.599999999999998], [-0.3761, 44.54058, 22.333333333333332], [-0.37582, 44.54056, 22.333333333333332], [-0.37556, 44.54046, 21.900000000000002]]]}}, {"type": "Feature", "properties": {"id_obligation": "330760000C0466", "priorite": "moyenne"}, "geometry": {"type": "Polygon", "coordinates": [[[-0.37563, 44.53974, 22.331699808128377], [-0.3759, 44.53964, 22.24], [-0.37615, 44.53964, 22.24], [-0.37646, 44.53973, 22.331699808128377], [-0.37664, 44.53985, 22.331699808128377], [-0.37673, 44.54001, 22.307692307692307], [-0.37674, 44.54018, 22.307692307692307], [-0.37664, 44.54041, 22.599999999999998], [-0.37647, 44.54053, 22.599999999999998], [-0.37625, 44.54061, 22.421428571428567], [-0.37601, 44.54062, 22.421428571428567], [-0.37571, 44.54055, 21.900000000000002], [-0.37553, 44.54044, 21.900000000000002], [-0.37542, 44.54029, 22.775000000000002], [-0.37539, 44.54009, 22.775000000000002], [-0.37545, 44.53991, 22.331699808128377], [-0.37563, 44.53974, 22.331699808128377]]]}}, {"type": "Feature", "properties": {"id_obligation": "330760000C0467", "priorite": "moyenne"}, "geometry": {"type": "MultiPolygon", "coordinates": [[[[-0.37704, 44.53997, 24.399999999999995], [-0.37704, 44.54014, 24.399999999999995], [-0.37701, 44.5402, 24.4], [-0.37692, 44.5402, 24.4], [-0.37695, 44.5403, 24.4], [-0.37685, 44.54042, 24.399999999999995], [-0.37662, 44.54056, 24.399999999999995], [-0.37638, 44.54061, 22.433333333333334], [-0.37613, 44.54059, 22.433333333333334], [-0.37569, 44.54046, 23.233390804597697], [-0.37548, 44.5403, 23.233390804597697], [-0.37541, 44.54014, 22.5], [-0.37558, 44.54016, 22.5], [-0.3756, 44.54004, 24.4], [-0.37542, 44.53999, 21.7], [-0.37544, 44.53982, 23.233390804597697], [-0.37554, 44.53966, 23.233390804597697], [-0.37578, 44.53952, 23.233390804597697], [-0.37602, 44.53948, 23.233390804597697], [-0.37639, 44.53951, 23.233390804597697], [-0.37669, 44.53962, 23.233390804597697], [-0.37691, 44.53977, 23.233390804597697], [-0.37704, 44.53997, 24.399999999999995]]], [[[-0.37541, 44.54009, 22.4], [-0.37541, 44.5401, 22.426599124637907], [-0.3754, 44.54009, 22.356683692785946], [-0.37541, 44.54009, 22.4]]]]}}, {"type": "Feature", "properties": {"id_obligation": "330760000C0468", "priorite": "forte"}, "geometry": {"type": "Polygon", "coordinates": [[[-0.37666, 44.54073, 22.25984593837535], [-0.37643, 44.54087, 22.25984593837535], [-0.3762, 44.54091, 22.25984593837535], [-0.37584, 44.54089, 21.9], [-0.37563, 44.5408, 21.9], [-0.37545, 44.54063, 21.9], [-0.3754, 44.54046, 21.900000000000002], [-0.37544, 44.54023, 22.775000000000002], [-0.37549, 44.54015, 22.5], [-0.37558, 44.54016, 22.5], [-0.3756, 44.54004, 24.41077920514833], [-0.37581, 44.53995, 22.775000000000002], [-0.37605, 44.53991, 22.133333333333333], [-0.37635, 44.53993, 22.200000000000003], [-0.37656, 44.54001, 22.200000000000003], [-0.37671, 44.54015, 22.200000000000003], [-0.37679, 44.54031, 22.54], [-0.37677, 44.54054, 22.54], [-0.37666, 44.54073, 22.25984593837535]]]}}, {"type": "Feature", "properties": {"id_obligation": "330760000C0470", "priorite": "moyenne"}, "geometry": {"type": "Polygon", "coordinates": [[[-0.37641, 44.5409, 22.759857142857147], [-0.37607, 44.54091, 22.759857142857147], [-0.37583, 44.54085, 21.9], [-0.37564, 44.54073, 21.9], [-0.37553, 44.54052, 21.96], [-0.37554, 44.54029, 21.96], [-0.37563, 44.54012, 22.0], [-0.3758, 44.54, 22.0], [-0.37608, 44.53992, 22.184], [-0.3764, 44.53992, 22.184], [-0.37663, 44.53998, 24.399999999999995], [-0.37681, 44.5401, 24.399999999999995], [-0.37691, 44.54025, 24.399999999999995], [-0.37693, 44.54049, 24.399999999999995], [-0.37685, 44.54066, 22.759857142857147], [-0.37663, 44.54082, 22.759857142857147], [-0.37641, 44.5409, 22.759857142857147]]]}}, {"type": "Feature", "properties": {"id_obligation": "330760000C0471", "priorite": "moyenne"}, "geometry": {"type": "Polygon", "coordinates": [[[-0.37592, 44.53998, 22.072727272727267], [-0.37621, 44.53983, 22.181250000000002], [-0.37651, 44.53981, 22.181250000000002], [-0.37686, 44.5399, 22.38016608391608], [-0.37703, 44.54003, 22.38016608391608], [-0.37711, 44.5402, 23.7], [-0.37692, 44.5402, 24.4], [-0.37692, 44.5403, 24.4], [-0.3771, 44.54034, 22.5], [-0.37705, 44.54051, 23.530769230769224], [-0.37691, 44.54075, 22.38016608391608], [-0.37674, 44.54088, 22.38016608391608], [-0.37651, 44.54094, 22.38016608391608], [-0.37626, 44.54094, 22.38016608391608], [-0.37595, 44.54085, 21.9], [-0.37572, 44.54064, 21.9], [-0.37582, 44.54061, 21.9], [-0.3758, 44.54054, 21.9], [-0.37569, 44.54055, 22.056249999999995], [-0.37578, 44.54021, 22.056249999999995], [-0.37592, 44.53998, 22.072727272727267]]]}}, {"type": "Feature", "properties": {"id_obligation": "330760000C0473", "priorite": "moyenne"}, "geometry": {"type": "Polygon", "coordinates": [[[-0.37755, 44.54057, 22.58933823529412], [-0.37731, 44.54071, 22.58933823529412], [-0.37707, 44.54075, 22.58933823529412], [-0.37671, 44.54072, 22.58933823529412], [-0.3765, 44.54064, 22.599999999999998], [-0.37635, 44.54049, 22.6], [-0.3764, 44.5405, 22.6], [-0.37649, 44.54026, 22.6], [-0.3764, 44.54021, 22.4], [-0.37632, 44.54045, 22.6], [-0.3763, 44.54015, 22.5], [-0.37634, 44.54016, 22.5], [-0.37642, 44.54005, 22.5], [-0.37635, 44.54003, 22.5], [-0.37644, 44.5399, 22.5], [-0.3767, 44.53978, 22.58933823529412], [-0.37694, 44.53975, 22.58933823529412], [-0.37724, 44.53977, 21.4], [-0.37745, 44.53986, 21.4], [-0.3776, 44.53999, 21.4], [-0.37767, 44.54016, 23.0], [-0.37766, 44.54036, 23.0], [-0.37755, 44.54057, 22.58933823529412]]]}}, {"type": "Feature", "properties": {"id_obligation": "330760000C0484", "priorite": "moyenne"}, "geometry": {"type": "Polygon", "coordinates": [[[-0.37827, 44.54025, 23.14251519321179], [-0.37789, 44.54031, 22.85555555555556], [-0.37765, 44.54043, 22.85555555555556], [-0.3774, 44.54046, 22.85555555555556], [-0.37713, 44.54044, 23.27894736842105], [-0.37691, 44.54036, 23.27894736842105], [-0.37671, 44.54019, 23.27894736842105], [-0.37664, 44.54002, 21.4], [-0.37668, 44.53981, 21.4], [-0.37678, 44.53965, 23.14251519321179], [-0.37702, 44.53952, 23.14251519321179], [-0.37726, 44.53947, 23.14251519321179], [-0.37748, 44.53949, 23.14251519321179], [-0.37776, 44.53936, 23.14251519321179], [-0.37807, 44.53935, 24.7], [-0.37839, 44.53946, 24.7], [-0.37857, 44.53962, 25.6], [-0.37847, 44.5396, 25.6], [-0.3783, 44.53994, 25.6], [-0.37845, 44.53999, 25.6], [-0.3786, 44.5397, 25.6], [-0.37861, 44.53988, 24.270588235294124], [-0.3785, 44.5401, 23.14251519321179], [-0.37827, 44.54025, 23.14251519321179]]]}}, {"type": "Feature", "properties": {"id_obligation": "330760000C0489", "priorite": "moyenne"}, "geometry": {"type": "Polygon", "coordinates": [[[-0.37476, 44.53951, 19.864444444444445], [-0.37465, 44.5393, 19.864444444444445], [-0.37467, 44.53912, 19.864444444444445], [-0.37484, 44.53885, 22.699999999999996], [-0.37503, 44.53874, 22.699999999999996], [-0.37525, 44.53868, 19.864444444444445], [-0.37549, 44.53869, 19.864444444444445], [-0.3758, 44.53879, 19.864444444444445], [-0.37597, 44.53891, 19.864444444444445], [-0.37606, 44.53911, 19.864444444444445], [-0.37604, 44.53928, 19.864444444444445], [-0.3759, 44.53952, 19.864444444444445], [-0.37568, 44.53966, 19.864444444444445], [-0.37545, 44.53972, 18.580000000000002], [-0.37521, 44.53971, 18.580000000000002], [-0.37495, 44.53963, 19.864444444444445], [-0.37476, 44.53951, 19.864444444444445]]]}}, {"type": "Feature", "properties": {"id_obligation": "330760000C0492", "priorite": "moyenne"}, "geometry": {"type": "MultiPolygon", "coordinates": [[[[-0.3758, 44.53999, 23.766666666666666], [-0.3756, 44.54009, 24.4], [-0.37553, 44.54, 22.0], [-0.37542, 44.53999, 21.7], [-0.3754, 44.54012, 22.46880905004075], [-0.37496, 44.54005, 21.96428571428572], [-0.37497, 44.54001, 21.3], [-0.3749, 44.54002, 21.3], [-0.37475, 44.53991, 24.39291703125047], [-0.37481, 44.5397, 24.1], [-0.37466, 44.53968, 24.1], [-0.37478, 44.53935, 21.83571428571429], [-0.37495, 44.53922, 21.83571428571429], [-0.37518, 44.53914, 18.92222222222222], [-0.37533, 44.53913, 19.1], [-0.37527, 44.53925, 19.1], [-0.37537, 44.53927, 18.7], [-0.37544, 44.53915, 18.7], [-0.37572, 44.53921, 21.83571428571429], [-0.37589, 44.53934, 21.83571428571429], [-0.37599, 44.5395, 21.83571428571429], [-0.37593, 44.53984, 23.766666666666666], [-0.3758, 44.53999, 23.766666666666666]]], [[[-0.37469, 44.53979, 24.2], [-0.37468, 44.5398, 24.23696125258739], [-0.37468, 44.53978, 24.19169168860618], [-0.37469, 44.53979, 24.2]]]]}}, {"type": "Feature", "properties": {"id_obligation": "330760000C0496", "priorite": "moyenne"}, "geometry": {"type": "Polygon", "coordinates": [[[-0.37526, 44.54013, 22.78141666666667], [-0.37502, 44.54026, 22.78141666666667], [-0.37472, 44.5403, 21.83125], [-0.37438, 44.54024, 24.2], [-0.37419, 44.54012, 24.2], [-0.37402, 44.53992, 23.9], [-0.37399, 44.53974, 23.9], [-0.37408, 44.53948, 22.78141666666667], [-0.37428, 44.53931, 22.78141666666667], [-0.3745, 44.53924, 22.78141666666667], [-0.37475, 44.53924, 22.78141666666667], [-0.37511, 44.53931, 22.78141666666667], [-0.3753, 44.53942, 22.78141666666667], [-0.37542, 44.53958, 19.762500000000006], [-0.37539, 44.53993, 22.78141666666667], [-0.37526, 44.54013, 22.78141666666667]]]}}, {"type": "Feature", "properties": {"id_obligation": "330760000C0497", "priorite": "moyenne"}, "geometry": {"type": "Polygon", "coordinates": [[[-0.37507, 44.54057, 22.4], [-0.37485, 44.54067, 22.4], [-0.37444, 44.54069, 22.41566666666667], [-0.37414, 44.5406, 22.41566666666667], [-0.37396, 44.54048, 22.41566666666667], [-0.37386, 44.54028, 22.41566666666667], [-0.37367, 44.54018, 22.41566666666667], [-0.37355, 44.54003, 22.41566666666667], [-0.37353, 44.53981, 22.41566666666667], [-0.37363, 44.53958, 22.41566666666667], [-0.37385, 44.53943, 22.41566666666667], [-0.37408, 44.53937, 22.41566666666667], [-0.37471, 44.53938, 24.125], [-0.37512, 44.53947, 20.486666666666675], [-0.37529, 44.5396, 20.486666666666675], [-0.3754, 44.53981, 21.400000000000006], [-0.37524, 44.54036, 22.4], [-0.37507, 44.54057, 22.4]]]}}, {"type": "Feature", "properties": {"id_obligation": "330760000C0498", "priorite": "moyenne"}, "geometry": {"type": "MultiPolygon", "coordinates": [[[[-0.37543, 44.54044, 22.4], [-0.37531, 44.54055, 22.4], [-0.3751, 44.5405, 22.4], [-0.37506, 44.54057, 22.4], [-0.37513, 44.54059, 22.4], [-0.37513, 44.54064, 22.4], [-0.37489, 44.54068, 22.315384615384616], [-0.37455, 44.54064, 24.2], [-0.3743, 44.54051, 24.2], [-0.37418, 44.54035, 24.2], [-0.37413, 44.54008, 24.060000000000002], [-0.37416, 44.53989, 24.060000000000002], [-0.37438, 44.53991, 23.9], [-0.3744, 44.53985, 23.9], [-0.3742, 44.53982, 23.9], [-0.37432, 44.5397, 24.1], [-0.37483, 44.53935, 22.674999999999997], [-0.37512, 44.5393, 22.674999999999997], [-0.37539, 44.53933, 18.580000000000002], [-0.37564, 44.53946, 18.580000000000002], [-0.37578, 44.53969, 18.580000000000002], [-0.37575, 44.53994, 22.42142857142857], [-0.37559, 44.54014, 23.7054049205636], [-0.3756, 44.54004, 24.4], [-0.37542, 44.53999, 21.7], [-0.3754, 44.54014, 22.5], [-0.37557, 44.54016, 22.5], [-0.37543, 44.54044, 22.4]]], [[[-0.3752, 44.5406, 22.4], [-0.37522, 44.54061, 22.4], [-0.3752, 44.54061, 22.4], [-0.3752, 44.5406, 22.4]]]]}}, {"type": "Feature", "properties": {"id_obligation": "330760000C0499", "priorite": "moyenne"}, "geometry": {"type": "Polygon", "coordinates": [[[-0.3758, 44.53953, 21.758151709401712], [-0.3759, 44.53969, 21.758151709401712], [-0.37589, 44.53992, 21.758151709401712], [-0.3758, 44.54008, 23.580000000000002], [-0.37551, 44.54025, 23.580000000000002], [-0.37521, 44.54028, 22.0875], [-0.37488, 44.54022, 21.30280902964984], [-0.37497, 44.54001, 21.3], [-0.37477, 44.54001, 21.2], [-0.37476, 44.54006, 21.2], [-0.37482, 44.54007, 21.3], [-0.37479, 44.54019, 21.3], [-0.37468, 44.54012, 24.276428331778682], [-0.37481, 44.5397, 24.1], [-0.37464, 44.53968, 24.1], [-0.37462, 44.53978, 24.1], [-0.37469, 44.53979, 24.2], [-0.37468, 44.53984, 24.4], [-0.37461, 44.53983, 24.4], [-0.37456, 44.53999, 24.2], [-0.37452, 44.53987, 24.200000000000003], [-0.37454, 44.53967, 24.200000000000003], [-0.37463, 44.53951, 21.758151709401712], [-0.3748, 44.53938, 21.758151709401712], [-0.37503, 44.53931, 18.633333333333336], [-0.37531, 44.53931, 18.633333333333336], [-0.37557, 44.53939, 21.758151709401712], [-0.3758, 44.53953, 21.758151709401712]]]}}, {"type": "Feature", "properties": {"id_obligation": "330760000C0501", "priorite": "forte"}, "geometry": {"type": "Polygon", "coordinates": [[[-0.37455, 44.54028, 23.8375], [-0.3747, 44.54015, 23.8375], [-0.37482, 44.54009, 21.3], [-0.37478, 44.54022, 21.3], [-0.37488, 44.54023, 21.3], [-0.37495, 44.54006, 21.315011729300654], [-0.37523, 44.54005, 21.330000000000002], [-0.37541, 44.54009, 22.40314860645439], [-0.3754, 44.54014, 22.5], [-0.37562, 44.54016, 22.775000000000002], [-0.3758, 44.54027, 22.775000000000002], [-0.37593, 44.54046, 21.900000000000002], [-0.37593, 44.54063, 21.900000000000002], [-0.37582, 44.54086, 22.23435606060606], [-0.37546, 44.54118, 22.23435606060606], [-0.3752, 44.54129, 21.5], [-0.3749, 44.5413, 21.5], [-0.37457, 44.54121, 22.23435606060606], [-0.37434, 44.54101, 22.23435606060606], [-0.3743, 44.54079, 22.23435606060606], [-0.37455, 44.54028, 23.8375]]]}}, {"type": "Feature", "properties": {"id_obligation": "330760000C0509", "priorite": "forte"}, "geometry": {"type": "Polygon", "coordinates": [[[-0.36989, 44.53989, 18.025000000000002], [-0.36984, 44.53963, 17.550000000000004], [-0.36991, 44.53943, 18.025000000000002], [-0.37012, 44.53924, 18.025000000000002], [-0.37033, 44.53916, 18.025000000000002], [-0.37063, 44.53915, 18.025000000000002], [-0.37085, 44.53921, 18.025000000000002], [-0.37116, 44.53937, 18.025000000000002], [-0.37128, 44.53952, 18.025000000000002], [-0.37131, 44.53973, 18.025000000000002], [-0.37123, 44.53989, 18.025000000000002], [-0.37098, 44.54012, 18.025000000000002], [-0.37076, 44.5402, 18.025000000000002], [-0.37051, 44.54022, 18.025000000000002], [-0.37007, 44.54006, 18.025000000000002], [-0.36989, 44.53989, 18.025000000000002]]]}}, {"type": "Feature", "properties": {"id_obligation": "330760000C0510", "priorite": "forte"}, "geometry": {"type": "Polygon", "coordinates": [[[-0.37182, 44.53888, 19.2], [-0.37188, 44.53905, 19.2], [-0.37183, 44.53927, -345.12142857142857], [-0.37165, 44.53945, -1000.0], [-0.37135, 44.53956, 19.2], [-0.37096, 44.53956, 19.2], [-0.37073, 44.53951, -71.97808441558442], [-0.37054, 44.5394, -71.97808441558442], [-0.37041, 44.5392, -71.97808441558442], [-0.3704, 44.53893, -71.97808441558442], [-0.37047, 44.53876, -71.97808441558442], [-0.37062, 44.53862, -71.97808441558442], [-0.3709, 44.53853, -71.97808441558442], [-0.37122, 44.53853, -71.97808441558442], [-0.37145, 44.53859, -71.97808441558442], [-0.37182, 44.53888, 19.2]]]}}, {"type": "Feature", "properties": {"id_obligation": "330760000C0512", "priorite": "forte"}, "geometry": {"type": "Polygon", "coordinates": [[[-0.37223, 44.53911, -122.79484126984127], [-0.37229, 44.53928, -122.79484126984127], [-0.37224, 44.53952, -122.79484126984127], [-0.37206, 44.5397, -122.79484126984127], [-0.37178, 44.5398, -122.79484126984127], [-0.37124, 44.53981, -547.4222222222222], [-0.371, 44.53976, -122.79484126984127], [-0.37081, 44.53964, -122.79484126984127], [-0.37068, 44.53944, 18.6], [-0.37068, 44.53908, 18.6], [-0.37076, 44.53892, 18.6], [-0.37091, 44.53878, 18.6], [-0.37118, 44.53869, -122.79484126984127], [-0.37151, 44.53869, -122.79484126984127], [-0.37174, 44.53876, -122.79484126984127], [-0.37223, 44.53911, -122.79484126984127]]]}}, {"type": "Feature", "properties": {"id_obligation": "330760000C0514", "priorite": "forte"}, "geometry": {"type": "Polygon", "coordinates": [[[-0.37078, 44.53884, -163.14682539682542], [-0.37095, 44.53872, -163.14682539682542], [-0.37117, 44.53865, -163.14682539682542], [-0.3715, 44.53864, -163.14682539682542], [-0.37173, 44.5387, -163.14682539682542], [-0.37191, 44.53883, -163.14682539682542], [-0.37201, 44.53899, -163.14682539682542], [-0.37202, 44.53921, -163.14682539682542], [-0.37189, 44.53941, -708.8000000000001], [-0.37171, 44.53953, -708.8000000000001], [-0.37147, 44.53958, 18.557142857142857], [-0.37119, 44.53958, 18.557142857142857], [-0.37096, 44.53951, -163.14682539682542], [-0.37078, 44.53938, -163.14682539682542], [-0.37069, 44.53922, 18.6], [-0.37068, 44.53904, 18.6], [-0.37078, 44.53884, -163.14682539682542]]]}}, {"type": "Feature", "properties": {"id_obligation": "330760000C0522", "priorite": "forte"}, "geometry": {"type": "Polygon", "coordinates": [[[-0.37035, 44.54016, 18.025000000000002], [-0.37005, 44.54018, 18.025000000000002], [-0.36983, 44.54013, 18.025000000000002], [-0.36958, 44.53997, 18.025000000000002], [-0.36946, 44.53982, 18.025000000000002], [-0.36946, 44.53959, 18.025000000000002], [-0.36956, 44.53943, 18.025000000000002], [-0.36979, 44.53926, 18.025000000000002], [-0.37001, 44.53919, 18.025000000000002], [-0.37031, 44.53919, 18.025000000000002], [-0.37053, 44.53926, 18.025000000000002], [-0.37072, 44.53939, 18.025000000000002], [-0.37083, 44.53955, 18.5], [-0.37084, 44.53972, 18.5], [-0.37077, 44.53988, 18.025000000000002], [-0.3706, 44.54004, 18.025000000000002], [-0.37035, 44.54016, 18.025000000000002]]]}}, {"type": "Feature", "properties": {"id_obligation": "330760000C0555", "priorite": "très forte"}, "geometry": {"type": "Polygon", "coordinates": [[[-0.37341, 44.53706, 20.38571428571429], [-0.37307, 44.53713, 20.38571428571429], [-0.37272, 44.53706, 20.38571428571429], [-0.37247, 44.53688, 20.38571428571429], [-0.37238, 44.53667, 20.38571428571429], [-0.37247, 44.5364, 20.38571428571429], [-0.37266, 44.53616, 20.38571428571429], [-0.37297, 44.53594, 20.38571428571429], [-0.3732, 44.53588, 20.38571428571429], [-0.37344, 44.53589, 20.38571428571429], [-0.37374, 44.53601, 20.38571428571429], [-0.3739, 44.53614, 20.38571428571429], [-0.37398, 44.5363, 20.38571428571429], [-0.37397, 44.53647, 20.38571428571429], [-0.37365, 44.53685, 20.38571428571429], [-0.37341, 44.53706, 20.38571428571429]]]}}, {"type": "Feature", "properties": {"id_obligation": "330760000C0685", "priorite": "faible"}, "geometry": {"type": "MultiPolygon", "coordinates": [[[[-0.38654, 44.53322, 71.03333333333333], [-0.38619, 44.53332, 71.03333333333333], [-0.38641, 44.53352, 69.05714285714288], [-0.38589, 44.53379, 69.714], [-0.38564, 44.53382, 69.714], [-0.38517, 44.53375, 70.23500000000007], [-0.38488, 44.53361, 70.3], [-0.38477, 44.53349, 70.23500000000007], [-0.38492, 44.53346, 70.3], [-0.3849, 44.53328, 69.3], [-0.38473, 44.53324, 69.3], [-0.38475, 44.5332, 69.87412935386511], [-0.38497, 44.53326, 71.0], [-0.385, 44.53321, 71.0], [-0.38477, 44.53314, 69.4], [-0.38501, 44.53281, 70.26], [-0.38505, 44.53278, 70.2], [-0.38527, 44.53269, 69.15263157894739], [-0.38539, 44.53267, 68.6594338561533], [-0.38533, 44.53279, 69.1], [-0.38548, 44.53287, 69.1], [-0.38555, 44.53265, 68.4], [-0.3858, 44.53263, 69.11258853449571], [-0.38568, 44.53279, 67.7], [-0.38561, 44.5328, 67.7], [-0.38572, 44.53284, 70.5], [-0.3857, 44.53289, 70.5], [-0.38578, 44.53291, 70.9], [-0.38569, 44.53318, 71.1], [-0.38547, 44.53312, 71.1], [-0.38535, 44.53332, 71.1], [-0.38538, 44.53336, 71.2], [-0.38532, 44.53335, 71.2], [-0.38528, 44.53343, 71.2], [-0.38571, 44.53351, 70.0], [-0.38568, 44.53342, 70.0], [-0.38582, 44.53345, 70.0], [-0.38584, 44.5334, 70.0], [-0.38566, 44.53337, 71.1], [-0.38571, 44.53332, 71.1], [-0.38549, 44.5333, 71.1], [-0.38554, 44.53321, 71.1], [-0.3859, 44.53326, 71.1], [-0.38577, 44.53321, 71.1], [-0.38589, 44.53293, 70.9], [-0.38584, 44.53292, 70.6], [-0.38587, 44.53282, 68.0], [-0.38598, 44.53266, 68.7], [-0.3863, 44.53281, 69.00799999999998], [-0.38626, 44.5329, 69.8], [-0.38642, 44.53296, 69.8], [-0.38654, 44.53322, 71.03333333333333]], [[-0.38498, 44.53288, 70.2], [-0.38509, 44.53292, 70.2], [-0.38514, 44.53283, 70.2], [-0.38544, 44.53296, 69.9], [-0.38548, 44.5329, 69.9], [-0.3853, 44.53284, 70.0], [-0.38525, 44.53282, 70.0], [-0.38527, 44.53278, 67.7], [-0.38519, 44.53276, 67.7], [-0.38514, 44.53281, 70.5], [-0.38505, 44.53278, 70.20495098621466], [-0.38498, 44.53288, 70.2]]], [[[-0.38472, 44.5333, 69.3], [-0.38474, 44.5333, 69.3], [-0.38476, 44.5334, 69.3], [-0.38472, 44.5333, 69.3]]]]}}, {"type": "Feature", "properties": {"id_obligation": "330760000C0687", "priorite": "moyenne"}, "geometry": {"type": "Polygon", "coordinates": [[[-0.3896, 44.53226, 69.9], [-0.38936, 44.53231, 68.17272727272726], [-0.38899, 44.53226, 68.0], [-0.38878, 44.53217, 68.0], [-0.38862, 44.53201, 68.0], [-0.38857, 44.53184, 68.16666666666667], [-0.38859, 44.53162, 68.16666666666667], [-0.38874, 44.53143, 67.9], [-0.38893, 44.53133, 67.9], [-0.38913, 44.53129, 66.4], [-0.38931, 44.53133, 66.4], [-0.38932, 44.53129, 66.4], [-0.38956, 44.53132, 67.2], [-0.38983, 44.53142, 67.2], [-0.39003, 44.53168, 69.47], [-0.39003, 44.53171, 69.5], [-0.38993, 44.5317, 69.5], [-0.3899, 44.53182, 69.5], [-0.39001, 44.53184, 69.5], [-0.38996, 44.53199, 69.9], [-0.38981, 44.53216, 69.9], [-0.3896, 44.53226, 69.9]]]}}, {"type": "Feature", "properties": {"id_obligation": "330760000C0692", "priorite": "faible"}, "geometry": {"type": "Polygon", "coordinates": [[[-0.38601, 44.53388, 69.7], [-0.38612, 44.5337, 69.7], [-0.38648, 44.53359, 71.54545454545453], [-0.38668, 44.53385, 70.62931133978783], [-0.38644, 44.53383, 71.8], [-0.38643, 44.53376, 71.8], [-0.38625, 44.53376, 71.8], [-0.38625, 44.53386, 71.8], [-0.38638, 44.53385, 71.8], [-0.3864, 44.53412, 71.1], [-0.38647, 44.53411, 71.1], [-0.38645, 44.5339, 71.9], [-0.38655, 44.53391, 70.3], [-0.38653, 44.53415, 69.3], [-0.38661, 44.53416, 69.3], [-0.38663, 44.53391, 70.9], [-0.38672, 44.53392, 70.9], [-0.38685, 44.53423, 69.27777777777777], [-0.38691, 44.53455, 71.0], [-0.3867, 44.5346, 71.0], [-0.38643, 44.5346, 69.90373737373737], [-0.38611, 44.53449, 67.60000000000001], [-0.38611, 44.5344, 67.6], [-0.38598, 44.53438, 67.6], [-0.38592, 44.53427, 68.84], [-0.38593, 44.53392, 69.7], [-0.38601, 44.53388, 69.7]]]}}, {"type": "Feature", "properties": {"id_obligation": "330760000C0694", "priorite": "faible"}, "geometry": {"type": "Polygon", "coordinates": [[[-0.38656, 44.53447, 69.3], [-0.38625, 44.53442, 68.84], [-0.38599, 44.53424, 68.9020132575742], [-0.38605, 44.53424, 68.3], [-0.38606, 44.53417, 68.2], [-0.38597, 44.53417, 69.3], [-0.38597, 44.53422, 69.165238733721], [-0.38594, 44.53416, 68.84], [-0.38587, 44.53391, 69.7], [-0.38592, 44.53368, 68.575], [-0.38605, 44.53353, 68.575], [-0.3863, 44.53342, 71.8], [-0.38668, 44.53385, 70.62931133978783], [-0.38644, 44.53383, 71.8], [-0.38643, 44.53376, 71.8], [-0.38625, 44.53376, 71.8], [-0.38625, 44.53386, 71.8], [-0.38638, 44.53385, 71.8], [-0.3864, 44.53412, 71.1], [-0.38647, 44.53411, 71.1], [-0.38645, 44.5339, 71.9], [-0.38655, 44.53391, 70.3], [-0.38653, 44.53415, 69.3], [-0.38661, 44.53416, 69.3], [-0.38663, 44.53391, 70.9], [-0.38672, 44.53392, 70.9], [-0.38689, 44.53437, 70.53333333333333], [-0.38689, 44.53443, 70.53333333333333], [-0.38656, 44.53447, 69.3]]]}}, {"type": "Feature", "properties": {"id_obligation": "330760000C0696", "priorite": "faible"}, "geometry": {"type": "Polygon", "coordinates": [[[-0.38657, 44.53249, 69.54432824001694], [-0.3867, 44.53268, 69.38333333333331], [-0.38672, 44.53285, 69.38333333333331], [-0.38661, 44.53309, 71.16666666666667], [-0.38644, 44.53322, 71.16666666666667], [-0.3862, 44.53329, 71.10625000000002], [-0.38595, 44.5333, 71.10625000000002], [-0.38576, 44.53327, 71.10625000000002], [-0.38571, 44.53325, 70.83235294117644], [-0.38561, 44.53322, 71.1], [-0.3859, 44.53326, 71.1], [-0.38577, 44.53321, 71.1], [-0.38589, 44.53293, 70.9], [-0.38584, 44.53292, 70.6], [-0.38587, 44.53282, 68.0], [-0.38601, 44.53261, 68.7], [-0.38586, 44.53255, 68.7], [-0.38568, 44.53279, 67.7], [-0.38562, 44.53278, 67.7], [-0.38572, 44.53284, 70.5], [-0.3857, 44.53289, 70.5], [-0.38578, 44.53291, 70.9], [-0.38569, 44.53318, 71.1], [-0.38546, 44.53313, 71.1], [-0.38535, 44.53298, 69.23953488372098], [-0.38532, 44.53291, 69.94690039544493], [-0.38544, 44.53296, 69.9], [-0.38548, 44.5329, 69.9], [-0.38531, 44.53284, 70.0], [-0.38542, 44.53256, 67.63125], [-0.38556, 44.53257, 67.9], [-0.38559, 44.5325, 67.8], [-0.38551, 44.53248, 67.8], [-0.38588, 44.53233, 67.86666666666667], [-0.38613, 44.53233, 67.86666666666667], [-0.38638, 44.53239, 69.54432824001694], [-0.38657, 44.53249, 69.54432824001694]]]}}, {"type": "Feature", "properties": {"id_obligation": "330760000C0701", "priorite": "moyenne"}, "geometry": {"type": "Polygon", "coordinates": [[[-0.38452, 44.534, 66.68301165627712], [-0.38428, 44.53397, 66.68301165627712], [-0.38403, 44.53384, 66.68301165627712], [-0.38391, 44.53369, 66.68301165627712], [-0.38388, 44.53342, 66.63999999999999], [-0.38394, 44.53325, 67.03333333333335], [-0.38421, 44.53303, 67.03333333333335], [-0.38419, 44.53309, 66.7], [-0.3843, 44.53311, 66.7], [-0.38435, 44.53299, 66.7], [-0.38468, 44.53296, 69.1793103448276], [-0.38466, 44.53301, 68.4], [-0.38472, 44.53303, 68.4], [-0.38475, 44.53297, 68.4], [-0.385, 44.53301, 69.1793103448276], [-0.38512, 44.53306, 69.82556534428208], [-0.38504, 44.53327, 70.2], [-0.38524, 44.53332, 72.2], [-0.38531, 44.5332, 70.03501751675225], [-0.38536, 44.5333, 71.04285714285712], [-0.38538, 44.53336, 71.2], [-0.38532, 44.53335, 71.2], [-0.38528, 44.53343, 71.2], [-0.3854, 44.53346, 71.1], [-0.38539, 44.53352, 71.04285714285712], [-0.38528, 44.53352, 70.1], [-0.38529, 44.53372, 70.10000000000001], [-0.38512, 44.53385, 69.62051282051281], [-0.38452, 44.534, 66.68301165627712]]]}}, {"type": "Feature", "properties": {"id_obligation": "330760000C0712", "priorite": "faible"}, "geometry": {"type": "Polygon", "coordinates": [[[-0.38657, 44.53459, 70.2927736549165], [-0.38634, 44.53453, 70.2927736549165], [-0.38617, 44.53441, 70.2927736549165], [-0.38606, 44.53425, 68.84], [-0.38608, 44.53384, 71.8], [-0.38624, 44.53367, 71.8], [-0.38646, 44.53358, 71.32727272727271], [-0.38668, 44.53385, 70.62931133978783], [-0.38644, 44.53383, 71.8], [-0.38643, 44.53376, 71.8], [-0.38625, 44.53376, 71.8], [-0.38625, 44.53386, 71.8], [-0.38638, 44.53385, 71.8], [-0.3864, 44.53412, 71.1], [-0.38647, 44.53411, 71.1], [-0.38645, 44.5339, 71.9], [-0.38655, 44.53391, 70.3], [-0.38653, 44.53415, 69.3], [-0.38661, 44.53416, 69.3], [-0.38663, 44.53391, 70.9], [-0.38672, 44.53392, 70.9], [-0.38689, 44.53437, 69.86666666666667], [-0.38691, 44.53458, 69.86666666666667], [-0.38657, 44.53459, 70.2927736549165]]]}}, {"type": "Feature", "properties": {"id_obligation": "330760000C0715", "priorite": "moyenne"}, "geometry": {"type": "Polygon", "coordinates": [[[-0.38904, 44.53211, 68.02727272727272], [-0.3889, 44.53192, 68.37619047619049], [-0.38888, 44.53175, 68.37619047619049], [-0.38895, 44.53158, 67.9], [-0.3891, 44.53161, 67.9], [-0.38912, 44.53151, 67.9], [-0.38898, 44.53153, 67.9], [-0.38916, 44.53139, 67.31874999999998], [-0.38939, 44.53131, 67.8], [-0.38958, 44.5313, 67.8], [-0.38988, 44.53135, 67.49333333333334], [-0.39007, 44.53145, 67.5], [-0.39021, 44.53164, 69.5], [-0.39023, 44.53181, 69.5], [-0.39014, 44.53201, 69.89999999999999], [-0.38995, 44.53218, 69.9], [-0.38997, 44.53211, 69.9], [-0.38985, 44.53209, 69.9], [-0.38984, 44.53222, 69.9], [-0.38979, 44.53224, 68.89999999999999], [-0.38955, 44.53227, 68.89999999999999], [-0.38929, 44.53223, 68.02727272727272], [-0.38904, 44.53211, 68.02727272727272]]]}}, {"type": "Feature", "properties": {"id_obligation": "330760000C0716", "priorite": "moyenne"}, "geometry": {"type": "Polygon", "coordinates": [[[-0.39008, 44.5315, 68.61763095238095], [-0.39027, 44.53172, 69.73333333333332], [-0.39027, 44.53194, 69.73333333333332], [-0.39014, 44.53217, 69.9], [-0.3899, 44.53231, 69.9], [-0.38966, 44.53235, 68.18571428571428], [-0.38927, 44.5323, 67.9], [-0.38904, 44.53222, 67.9], [-0.38886, 44.53209, 67.9], [-0.38877, 44.53192, 68.05000000000001], [-0.38878, 44.53174, 68.05000000000001], [-0.3889, 44.53154, 68.31999999999998], [-0.38904, 44.53144, 68.31999999999998], [-0.38927, 44.53136, 67.8], [-0.38981, 44.5314, 68.61763095238095], [-0.39008, 44.5315, 68.61763095238095]]]}}, {"type": "Feature", "properties": {"id_obligation": "330760000C0720", "priorite": "forte"}, "geometry": {"type": "Polygon", "coordinates": [[[-0.37875, 44.53952, 23.797999999999995], [-0.37846, 44.53959, 24.099999999999998], [-0.37808, 44.53954, 24.099999999999998], [-0.37787, 44.53946, 23.797999999999995], [-0.37772, 44.53932, 23.797999999999995], [-0.37765, 44.53915, 23.797999999999995], [-0.37771, 44.53887, 23.797999999999995], [-0.37783, 44.53871, 23.797999999999995], [-0.37808, 44.53858, 23.797999999999995], [-0.37832, 44.53855, 23.740000000000002], [-0.37868, 44.5386, 23.6], [-0.3789, 44.53869, 23.6], [-0.37905, 44.53883, 23.6], [-0.37911, 44.53901, 23.797999999999995], [-0.37908, 44.53916, 23.797999999999995], [-0.37896, 44.53937, 23.797999999999995], [-0.37875, 44.53952, 23.797999999999995]]]}}, {"type": "Feature", "properties": {"id_obligation": "330760000C0737", "priorite": "moyenne"}, "geometry": {"type": "Polygon", "coordinates": [[[-0.3811, 44.53265, 56.8], [-0.38098, 44.53245, 56.8], [-0.38098, 44.53228, 56.8], [-0.38114, 44.53199, 56.8], [-0.38131, 44.53187, 56.8], [-0.38159, 44.53179, 56.8], [-0.38183, 44.53181, 56.8], [-0.38215, 44.5319, 56.8], [-0.38235, 44.53206, 56.8], [-0.38242, 44.53223, 56.8], [-0.3824, 44.53241, 56.8], [-0.38226, 44.53266, 56.8], [-0.38208, 44.53279, 56.8], [-0.38185, 44.53285, 56.8], [-0.3816, 44.53285, 56.8], [-0.38134, 44.53278, 56.8], [-0.3811, 44.53265, 56.8]]]}}, {"type": "Feature", "properties": {"id_obligation": "330760000C0741", "priorite": "faible"}, "geometry": {"type": "MultiPolygon", "coordinates": [[[[-0.38418, 44.5333, 68.6399336094436], [-0.38404, 44.5331, 66.3421052631579], [-0.38404, 44.53292, 66.3421052631579], [-0.38414, 44.53273, 68.6399336094436], [-0.38441, 44.53255, 66.96923076923076], [-0.38455, 44.53259, 66.2], [-0.38458, 44.53251, 66.2], [-0.38483, 44.53251, 66.96923076923076], [-0.38506, 44.53258, 68.53333333333335], [-0.38525, 44.53269, 68.53333333333335], [-0.38536, 44.53286, 70.0], [-0.38519, 44.53276, 67.7], [-0.38514, 44.53281, 70.5], [-0.38505, 44.53278, 70.2], [-0.38498, 44.53288, 70.2], [-0.38509, 44.53292, 70.2], [-0.38514, 44.53283, 70.2], [-0.38538, 44.53293, 69.90504155303144], [-0.38535, 44.53312, 69.8], [-0.38512, 44.53306, 69.8], [-0.38508, 44.53315, 70.2], [-0.38511, 44.53316, 70.2], [-0.38504, 44.53327, 70.2], [-0.38521, 44.53331, 72.2], [-0.38492, 44.53346, 70.29434428434713], [-0.3849, 44.53328, 69.3], [-0.38468, 44.53323, 69.3], [-0.38476, 44.5334, 69.3], [-0.3845, 44.53345, 69.0], [-0.38418, 44.5333, 68.6399336094436]]], [[[-0.38479, 44.53348, 69.3777777777778], [-0.38472, 44.53348, 69.79853318563845], [-0.38492, 44.53346, 70.3], [-0.38479, 44.53348, 69.3777777777778]]], [[[-0.38465, 44.53347, 69.0], [-0.38465, 44.53348, 69.0], [-0.38461, 44.53347, 69.3777777777778], [-0.38465, 44.53347, 69.0]]]]}}, {"type": "Feature", "properties": {"id_obligation": "330760000C0779", "priorite": "faible"}, "geometry": {"type": "Polygon", "coordinates": [[[-0.38844, 44.53354, 71.0153846153846], [-0.3883, 44.53368, 71.0153846153846], [-0.38813, 44.53377, 71.0153846153846], [-0.38772, 44.53332, 69.3], [-0.38752, 44.53286, 71.0153846153846], [-0.38784, 44.53281, 71.0153846153846], [-0.38813, 44.53287, 71.0153846153846], [-0.38836, 44.53301, 71.0153846153846], [-0.38848, 44.53323, 71.0153846153846], [-0.38844, 44.53354, 71.0153846153846]]]}}, {"type": "Feature", "properties": {"id_obligation": "330760000C0780", "priorite": "faible"}, "geometry": {"type": "Polygon", "coordinates": [[[-0.38803, 44.53292, 70.775], [-0.38833, 44.53314, 70.775], [-0.38838, 44.53331, 70.775], [-0.38835, 44.5335, 70.775], [-0.3881, 44.53374, 70.775], [-0.38782, 44.53346, 70.775], [-0.38764, 44.5332, 70.15], [-0.38752, 44.53288, 70.775], [-0.38803, 44.53292, 70.775]]]}}, {"type": "Feature", "properties": {"id_obligation": "330760000C0785", "priorite": "forte"}, "geometry": {"type": "Polygon", "coordinates": [[[-0.37762, 44.53833, 25.20714285714286], [-0.3776, 44.53853, 25.20714285714286], [-0.3775, 44.5387, 25.20714285714286], [-0.37733, 44.53882, 25.20714285714286], [-0.37696, 44.5389, 25.20714285714286], [-0.37671, 44.5389, 25.20714285714286], [-0.37648, 44.53884, 25.20714285714286], [-0.37627, 44.53869, 25.20714285714286], [-0.37618, 44.53849, 25.20714285714286], [-0.37618, 44.53814, 25.20714285714286], [-0.37626, 44.53797, 25.20714285714286], [-0.37647, 44.53782, 25.20714285714286], [-0.37675, 44.53775, 25.20714285714286], [-0.37711, 44.53779, 25.20714285714286], [-0.37735, 44.53792, 25.20714285714286], [-0.37762, 44.53833, 25.20714285714286]]]}}, {"type": "Feature", "properties": {"id_obligation": "330760000C0797", "priorite": "forte"}, "geometry": {"type": "Polygon", "coordinates": [[[-0.37611, 44.54015, 22.0], [-0.37629, 44.54026, 22.10555555555555], [-0.37637, 44.54035, 22.6], [-0.37631, 44.54048, 22.6], [-0.3764, 44.5405, 22.6], [-0.37642, 44.54046, 22.57058823529412], [-0.37644, 44.5407, 22.415468409586055], [-0.3763, 44.5409, 22.415468409586055], [-0.37611, 44.54101, 22.415468409586055], [-0.37576, 44.54107, 22.415468409586055], [-0.37551, 44.54107, 22.415468409586055], [-0.37529, 44.541, 22.415468409586055], [-0.37511, 44.54087, 22.415468409586055], [-0.37502, 44.54071, 22.4], [-0.37501, 44.54046, 22.4], [-0.3751, 44.5403, 22.199999999999996], [-0.37527, 44.54018, 22.199999999999996], [-0.3754, 44.54013, 22.495215156193016], [-0.37558, 44.54016, 22.5], [-0.37559, 44.5401, 24.4], [-0.37611, 44.54015, 22.0]]]}}, {"type": "Feature", "properties": {"id_obligation": "330760000C0800", "priorite": "moyenne"}, "geometry": {"type": "Polygon", "coordinates": [[[-0.37982, 44.54087, 25.400000000000002], [-0.38012, 44.54082, 25.400000000000002], [-0.38041, 44.54087, 25.400000000000002], [-0.38076, 44.54105, 25.400000000000002], [-0.38088, 44.5412, 25.400000000000002], [-0.3809, 44.54141, 25.400000000000002], [-0.38073, 44.54169, 25.400000000000002], [-0.38057, 44.54183, 25.400000000000002], [-0.38036, 44.54192, 25.400000000000002], [-0.38005, 44.54193, 25.400000000000002], [-0.37971, 44.54183, 25.3], [-0.37953, 44.54172, 25.3], [-0.37949, 44.54169, 25.3], [-0.37959, 44.54154, 25.3], [-0.37946, 44.5415, 25.3], [-0.37941, 44.54157, 25.3], [-0.37938, 44.5414, 25.3], [-0.37959, 44.54102, 25.400000000000002], [-0.37982, 44.54087, 25.400000000000002]]]}}, {"type": "Feature", "properties": {"id_obligation": "330760000C0812", "priorite": "moyenne"}, "geometry": {"type": "Polygon", "coordinates": [[[-0.38717, 44.53056, 59.7], [-0.387, 44.53038, 58.16000000000001], [-0.38696, 44.53026, 57.294872380866074], [-0.387, 44.53022, 57.3], [-0.38696, 44.53021, 57.202683602247646], [-0.38703, 44.52993, 59.90828571428572], [-0.38722, 44.52976, 59.90828571428572], [-0.38744, 44.52968, 59.90828571428572], [-0.38769, 44.52967, 59.90828571428572], [-0.38805, 44.52972, 59.90828571428572], [-0.38825, 44.52982, 59.90828571428572], [-0.3884, 44.53001, 59.90828571428572], [-0.38842, 44.53019, 59.90828571428572], [-0.38835, 44.53042, 61.775], [-0.38821, 44.53057, 61.775], [-0.38803, 44.53065, 62.3], [-0.38802, 44.53059, 60.9], [-0.38796, 44.53057, 60.9], [-0.3879, 44.53061, 62.3], [-0.38772, 44.53055, 62.3], [-0.3876, 44.53068, 62.3], [-0.38717, 44.53056, 59.7]]]}}, {"type": "Feature", "properties": {"id_obligation": "330760000C0815", "priorite": "moyenne"}, "geometry": {"type": "Polygon", "coordinates": [[[-0.38091, 44.53143, 46.41428571428571], [-0.38087, 44.53164, 44.888888888888886], [-0.38072, 44.53181, 44.888888888888886], [-0.38044, 44.53199, 44.888888888888886], [-0.38021, 44.53204, 44.088888888888896], [-0.37997, 44.53202, 44.088888888888896], [-0.37968, 44.5319, 38.230000000000004], [-0.37952, 44.53177, 38.230000000000004], [-0.37943, 44.53156, 38.75000000000001], [-0.37948, 44.53124, 42.44415343915344], [-0.37963, 44.53104, 42.44415343915344], [-0.37983, 44.53093, 42.44415343915344], [-0.38007, 44.53087, 42.44415343915344], [-0.38037, 44.5309, 42.44415343915344], [-0.38063, 44.53103, 42.44415343915344], [-0.38081, 44.53123, 42.44415343915344], [-0.38091, 44.53143, 46.41428571428571]]]}}, {"type": "Feature", "properties": {"id_obligation": "330760000C0824", "priorite": "moyenne"}, "geometry": {"type": "Polygon", "coordinates": [[[-0.38602, 44.53159, 60.8], [-0.38631, 44.53153, 60.8], [-0.38666, 44.53159, 64.25806878306878], [-0.38686, 44.53169, 64.25806878306878], [-0.38703, 44.53187, 64.25806878306878], [-0.38705, 44.53205, 64.25806878306878], [-0.38694, 44.5323, 67.3], [-0.38681, 44.53245, 67.3], [-0.38672, 44.53244, 67.3], [-0.38665, 44.53253, 67.3], [-0.38637, 44.53258, 66.25], [-0.38613, 44.53255, 66.25], [-0.38582, 44.53243, 64.25806878306878], [-0.38568, 44.53229, 64.25806878306878], [-0.38562, 44.53211, 64.64285714285714], [-0.38563, 44.53203, 64.6], [-0.38571, 44.53205, 64.6], [-0.38576, 44.53194, 64.7], [-0.38568, 44.53192, 64.6], [-0.38579, 44.53173, 60.8], [-0.38602, 44.53159, 60.8]]]}}, {"type": "Feature", "properties": {"id_obligation": "330760000C0827", "priorite": "moyenne"}, "geometry": {"type": "MultiPolygon", "coordinates": [[[[-0.37787, 44.5406, 22.402272727272724], [-0.37763, 44.54074, 22.402272727272724], [-0.37733, 44.54079, 22.402272727272724], [-0.37695, 44.54074, 22.402272727272724], [-0.37668, 44.54064, 22.6], [-0.37649, 44.54047, 22.6], [-0.37644, 44.54039, 22.6], [-0.37649, 44.54026, 22.6], [-0.37642, 44.54025, 22.4], [-0.37641, 44.54021, 22.4], [-0.37644, 44.54006, 22.402272727272724], [-0.37656, 44.53991, 22.402272727272724], [-0.37682, 44.53978, 22.402272727272724], [-0.3773, 44.53969, 21.4], [-0.37762, 44.53973, 22.402272727272724], [-0.37783, 44.53982, 22.402272727272724], [-0.37801, 44.54, 22.402272727272724], [-0.37804, 44.54018, 22.402272727272724], [-0.37787, 44.5406, 22.402272727272724]]]]}}, {"type": "Feature", "properties": {"id_obligation": "330760000C0828", "priorite": "moyenne"}, "geometry": {"type": "MultiPolygon", "coordinates": [[[[-0.3765, 44.54002, 22.54961305361305], [-0.37672, 44.53987, 22.54961305361305], [-0.37696, 44.53981, 22.54961305361305], [-0.37727, 44.53982, 21.4], [-0.37749, 44.5399, 21.4], [-0.37765, 44.54003, 21.4], [-0.37773, 44.5402, 22.84666666666667], [-0.37771, 44.54042, 22.54961305361305], [-0.3776, 44.54058, 22.54961305361305], [-0.37742, 44.54069, 22.54961305361305], [-0.37719, 44.54075, 22.54961305361305], [-0.37688, 44.54074, 22.54961305361305], [-0.37667, 44.54066, 22.6], [-0.3765, 44.54054, 22.6], [-0.37643, 44.54042, 22.6], [-0.37649, 44.54026, 22.6], [-0.37642, 44.54025, 22.4], [-0.3765, 44.54002, 22.54961305361305]]]]}}, {"type": "Feature", "properties": {"id_obligation": "330760000C0836", "priorite": "faible"}, "geometry": {"type": "Polygon", "coordinates": [[[-0.38639, 44.53471, 69.92067901234569], [-0.38626, 44.53446, 69.92067901234569], [-0.38637, 44.53407, 71.6], [-0.3864, 44.53404, 71.16112178053707], [-0.3864, 44.53412, 71.1], [-0.38647, 44.53411, 71.1], [-0.38646, 44.53398, 71.8], [-0.38655, 44.53393, 70.21208699267973], [-0.38653, 44.53415, 69.3], [-0.38661, 44.53416, 69.3], [-0.38663, 44.53391, 70.9], [-0.38672, 44.53392, 70.9], [-0.38674, 44.53396, 69.80740740740741], [-0.38689, 44.53437, 71.0], [-0.38691, 44.53461, 68.68530135989664], [-0.38679, 44.53459, 68.6], [-0.38676, 44.53469, 68.7], [-0.38689, 44.53474, 68.7], [-0.38692, 44.53467, 68.7], [-0.38691, 44.53488, 69.35], [-0.38676, 44.53486, 68.66666666666667], [-0.38639, 44.53471, 69.92067901234569]]]}}, {"type": "Feature", "properties": {"id_obligation": "330760000C0838", "priorite": "moyenne"}, "geometry": {"type": "Polygon", "coordinates": [[[-0.38865, 44.53074, 60.09375], [-0.3885, 44.53102, 60.09375], [-0.38828, 44.53117, 60.09375], [-0.38805, 44.53123, 60.09375], [-0.3878, 44.53122, 60.09375], [-0.38726, 44.53107, 60.09375], [-0.38708, 44.53095, 60.09375], [-0.38697, 44.53075, 58.89999999999999], [-0.38698, 44.53058, 58.89999999999999], [-0.38713, 44.53033, 59.17500000000001], [-0.3874, 44.53017, 59.17500000000001], [-0.38763, 44.53011, 60.300000000000004], [-0.38813, 44.53015, 60.09375], [-0.38837, 44.53021, 60.09375], [-0.38855, 44.53034, 60.09375], [-0.38866, 44.53055, 60.09375], [-0.38865, 44.53074, 60.09375]]]}}, {"type": "Feature", "properties": {"id_obligation": "330760000C0839", "priorite": "moyenne"}, "geometry": {"type": "Polygon", "coordinates": [[[-0.38751, 44.531, 62.3], [-0.38716, 44.53097, 60.59895833333334], [-0.38687, 44.53085, 60.59895833333334], [-0.3867, 44.53063, 58.86666666666667], [-0.38673, 44.53034, 58.7], [-0.38694, 44.5304, 58.7], [-0.387, 44.5303, 58.7], [-0.3868, 44.53025, 58.7], [-0.38682, 44.53022, 57.231842771072635], [-0.38697, 44.53027, 57.3], [-0.387, 44.53022, 57.3], [-0.38688, 44.53016, 57.75], [-0.38745, 44.5299, 61.2], [-0.3877, 44.52989, 61.20000000000001], [-0.38799, 44.52996, 61.20000000000001], [-0.38817, 44.53007, 61.20000000000001], [-0.38827, 44.53023, 61.20000000000001], [-0.38829, 44.5304, 61.775], [-0.38821, 44.53064, 62.3], [-0.38807, 44.53079, 62.3], [-0.38751, 44.531, 62.3]]]}}, {"type": "Feature", "properties": {"id_obligation": "330760000C0852", "priorite": "moyenne"}, "geometry": {"type": "Polygon", "coordinates": [[[-0.38629, 44.53222, 66.3], [-0.38619, 44.53219, 66.3], [-0.38613, 44.53229, 66.1], [-0.38616, 44.53236, 66.2], [-0.3859, 44.53247, 66.2], [-0.3856, 44.53249, 66.2], [-0.38532, 44.53242, 64.7], [-0.38508, 44.53227, 64.7], [-0.38499, 44.53212, 64.7], [-0.38498, 44.53195, 64.7], [-0.38509, 44.53171, 64.69183673469387], [-0.38524, 44.53157, 64.69183673469387], [-0.38551, 44.53147, 64.69183673469387], [-0.38576, 44.53147, 64.69183673469387], [-0.38601, 44.53153, 60.8], [-0.38599, 44.53156, 60.8], [-0.38616, 44.5316, 60.8], [-0.38633, 44.53178, 65.60000000000001], [-0.38636, 44.53199, 65.6], [-0.38632, 44.53198, 65.6], [-0.38625, 44.5321, 65.6], [-0.38634, 44.53213, 65.6], [-0.38629, 44.53222, 66.3]]]}}, {"type": "Feature", "properties": {"id_obligation": "330760000C0854", "priorite": "moyenne"}, "geometry": {"type": "Polygon", "coordinates": [[[-0.38684, 44.53248, 67.3], [-0.38672, 44.53244, 67.3], [-0.38665, 44.53253, 67.3], [-0.38679, 44.53256, 67.3], [-0.3867, 44.53265, 68.04999999999998], [-0.3866, 44.53271, 68.8], [-0.38653, 44.53268, 68.8], [-0.38648, 44.53276, 68.8], [-0.38627, 44.5328, 68.675], [-0.38593, 44.53274, 68.66640269211045], [-0.38601, 44.53261, 68.7], [-0.38586, 44.53255, 68.7], [-0.38577, 44.53268, 68.7], [-0.38572, 44.53265, 68.22222222222223], [-0.38558, 44.53252, 67.83483425893958], [-0.38551, 44.53234, 66.67142857142856], [-0.38561, 44.53202, 64.62857142857142], [-0.38571, 44.53205, 64.6], [-0.38576, 44.53194, 64.7], [-0.38569, 44.53192, 64.6], [-0.38592, 44.53178, 65.6], [-0.38616, 44.53174, 65.6], [-0.38646, 44.53178, 65.6], [-0.38675, 44.53191, 65.6], [-0.38688, 44.53206, 65.6], [-0.38692, 44.53228, 67.3], [-0.38684, 44.53248, 67.3]]]}}, {"type": "Feature", "properties": {"id_obligation": "330760000C0857", "priorite": "moyenne"}, "geometry": {"type": "MultiPolygon", "coordinates": [[[[-0.38198, 44.5425, 26.8], [-0.38202, 44.54272, 26.8], [-0.38191, 44.54292, 25.996455627705625], [-0.38167, 44.54311, 25.996455627705625], [-0.38129, 44.54319, 26.73458646907684], [-0.38156, 44.54284, 26.8], [-0.38148, 44.54281, 26.8], [-0.38119, 44.54318, 26.8], [-0.38088, 44.54307, 25.996455627705625], [-0.38062, 44.54288, 25.85], [-0.38053, 44.54272, 25.85], [-0.38054, 44.54254, 25.85], [-0.38064, 44.54238, 24.312499999999996], [-0.38086, 44.54221, 24.312499999999996], [-0.38108, 44.54214, 25.5], [-0.38132, 44.54214, 25.5], [-0.3818, 44.54233, 25.996455627705625], [-0.38198, 44.5425, 26.8]]]]}}, {"type": "Feature", "properties": {"id_obligation": "330760000C0860", "priorite": "moyenne"}, "geometry": {"type": "MultiPolygon", "coordinates": [[[[-0.37943, 44.54282, 25.1], [-0.37939, 44.54287, 25.1], [-0.37922, 44.54282, 25.036363636363635], [-0.37899, 44.54268, 25.737499999999997], [-0.37889, 44.54252, 25.737499999999997], [-0.37889, 44.54227, 24.199999999999996], [-0.37898, 44.54211, 24.2], [-0.37896, 44.54218, 24.2], [-0.37905, 44.54219, 24.2], [-0.37911, 44.54207, 24.2], [-0.37903, 44.54206, 24.2], [-0.3792, 44.54196, 24.199999999999996], [-0.37943, 44.54191, 25.24433879612451], [-0.37971, 44.54191, 25.24433879612451], [-0.37994, 44.54198, 25.24433879612451], [-0.38012, 44.5421, 25.24433879612451], [-0.38022, 44.54226, 25.24433879612451], [-0.38022, 44.54249, 24.8], [-0.38014, 44.54266, 26.0], [-0.37981, 44.54259, 25.8], [-0.37978, 44.54279, 25.5], [-0.37989, 44.54281, 25.5], [-0.37973, 44.54287, 25.32222222222222], [-0.37945, 44.54287, 25.32222222222222], [-0.37943, 44.54282, 25.1]]], [[[-0.3799, 44.54275, 25.5], [-0.38004, 44.54275, 26.0], [-0.37996, 44.5428, 25.514285714285712], [-0.37989, 44.54281, 25.5], [-0.3799, 44.54275, 25.5]]], [[[-0.37901, 44.5421, 24.2], [-0.37899, 44.54209, 24.2], [-0.37901, 44.54207, 24.199999999999996], [-0.37901, 44.5421, 24.2]]]]}}, {"type": "Feature", "properties": {"id_obligation": "330760000C0871", "priorite": "faible"}, "geometry": {"type": "Polygon", "coordinates": [[[-0.38793, 44.53138, 63.5], [-0.38805, 44.53158, 63.6375], [-0.38802, 44.53183, 63.6375], [-0.38788, 44.53203, 63.6375], [-0.38768, 44.53213, 63.6375], [-0.38738, 44.53218, 63.6375], [-0.38698, 44.53212, 63.6375], [-0.38677, 44.53203, 63.6375], [-0.38662, 44.53189, 63.6375], [-0.38656, 44.53172, 63.6375], [-0.38662, 44.53145, 64.5], [-0.38674, 44.5313, 64.5], [-0.38681, 44.5313, 64.5], [-0.38694, 44.53119, 64.5], [-0.38717, 44.53115, 63.5], [-0.38769, 44.53124, 63.5], [-0.38793, 44.53138, 63.5]]]}}, {"type": "Feature", "properties": {"id_obligation": "330760000C0877", "priorite": "moyenne"}, "geometry": {"type": "Polygon", "coordinates": [[[-0.38011, 44.54312, 25.6], [-0.38003, 44.54333, 25.6], [-0.37978, 44.54352, 25.6], [-0.37947, 44.54358, 28.74285714285714], [-0.37923, 44.54357, 28.74285714285714], [-0.37896, 44.54346, 28.74285714285714], [-0.37881, 44.54331, 25.78024593315587], [-0.37849, 44.54315, 25.78024593315587], [-0.37836, 44.54291, 24.727999999999994], [-0.3784, 44.54267, 24.727999999999994], [-0.3786, 44.54231, 25.78024593315587], [-0.37888, 44.54214, 24.52857142857143], [-0.37897, 44.54212, 24.2], [-0.37896, 44.54218, 24.2], [-0.37905, 44.54219, 24.2], [-0.3791, 44.5421, 24.2], [-0.37958, 44.54215, 25.564285714285713], [-0.37985, 44.54226, 25.564285714285713], [-0.37998, 44.54241, 25.564285714285713], [-0.38004, 44.54264, 25.963209641917576], [-0.37981, 44.54259, 25.8], [-0.37978, 44.54279, 25.5], [-0.37989, 44.54281, 25.5], [-0.3799, 44.54275, 26.0], [-0.38006, 44.54278, 25.645833333333343], [-0.38011, 44.54312, 25.6]]]}}, {"type": "Feature", "properties": {"id_obligation": "330760000C0878", "priorite": "moyenne"}, "geometry": {"type": "Polygon", "coordinates": [[[-0.37875, 44.54289, 24.4], [-0.37857, 44.54276, 24.4], [-0.37868, 44.54279, 24.4], [-0.37871, 44.54268, 24.2], [-0.37851, 44.54267, 24.4], [-0.37847, 44.54251, 24.346666666666668], [-0.37851, 44.54234, 24.952527486703183], [-0.37863, 44.54219, 24.952527486703183], [-0.37883, 44.54208, 24.952527486703183], [-0.37906, 44.54203, 24.199999999999996], [-0.37937, 44.54206, 25.35], [-0.37958, 44.54214, 25.35], [-0.37973, 44.54228, 25.35], [-0.37978, 44.54237, 25.2], [-0.37967, 44.54236, 25.2], [-0.37966, 44.54241, 25.2], [-0.3798, 44.54242, 25.2], [-0.37978, 44.54265, 25.642105263157895], [-0.37966, 44.54281, 25.1], [-0.37947, 44.54292, 25.1], [-0.37943, 44.54282, 25.1], [-0.37934, 44.54288, 25.1], [-0.37936, 44.54295, 25.1], [-0.37898, 44.54296, 25.04615384615385], [-0.37875, 44.54289, 24.4]]]}}, {"type": "Feature", "properties": {"id_obligation": "330760000C0880", "priorite": "moyenne"}, "geometry": {"type": "Polygon", "coordinates": [[[-0.37893, 44.54226, 24.300000000000004], [-0.37914, 44.54235, 24.300000000000004], [-0.37925, 44.54245, 24.3], [-0.37918, 44.54244, 24.3], [-0.3791, 44.54252, 24.3], [-0.3793, 44.54254, 24.3], [-0.37932, 44.54258, 26.3], [-0.37913, 44.54255, 27.2], [-0.37913, 44.5426, 27.2], [-0.37922, 44.54261, 26.1], [-0.37923, 44.54268, 26.1], [-0.37933, 44.54267, 26.005555555555556], [-0.37928, 44.54291, 25.0], [-0.37917, 44.54307, 25.0], [-0.37898, 44.54318, 25.0], [-0.37868, 44.54324, 25.084259259259255], [-0.37826, 44.54318, 25.399999999999995], [-0.37804, 44.5431, 25.399999999999995], [-0.37787, 44.54296, 25.399999999999995], [-0.37779, 44.54275, 25.399999999999995], [-0.37786, 44.5425, 25.084259259259255], [-0.37804, 44.54232, 25.084259259259255], [-0.37831, 44.54223, 25.084259259259255], [-0.37893, 44.54226, 24.300000000000004]]]}}, {"type": "Feature", "properties": {"id_obligation": "330760000C0881", "priorite": "moyenne"}, "geometry": {"type": "Polygon", "coordinates": [[[-0.37801, 44.54242, 24.58625], [-0.37831, 44.54237, 24.32], [-0.37855, 44.54241, 24.32], [-0.37884, 44.54255, 24.2], [-0.37897, 44.5427, 24.2], [-0.37901, 44.54292, 25.0], [-0.37894, 44.54308, 24.58625], [-0.37873, 44.54329, 24.58625], [-0.37847, 44.5434, 24.58625], [-0.37823, 44.54342, 24.58625], [-0.378, 44.54337, 24.58625], [-0.37776, 44.54325, 24.58625], [-0.37762, 44.5431, 24.58625], [-0.37757, 44.54293, 24.58625], [-0.37762, 44.54275, 24.58625], [-0.37778, 44.54257, 24.58625], [-0.37801, 44.54242, 24.58625]]]}}, {"type": "Feature", "properties": {"id_obligation": "330760000C0883", "priorite": "moyenne"}, "geometry": {"type": "Polygon", "coordinates": [[[-0.38047, 44.54025, 27.185714285714283], [-0.38054, 44.54051, 28.238461538461536], [-0.38052, 44.54059, 27.6], [-0.38031, 44.54056, 28.4], [-0.38022, 44.54069, 28.4], [-0.38032, 44.54073, 28.4], [-0.38035, 44.54068, 27.7], [-0.38046, 44.54069, 28.4], [-0.38043, 44.54075, 28.238461538461536], [-0.38036, 44.54082, 28.238461538461536], [-0.38018, 44.54093, 28.238461538461536], [-0.37983, 44.54098, 26.914819902319902], [-0.37953, 44.54091, 26.914819902319902], [-0.37927, 44.54091, 26.914819902319902], [-0.37891, 44.54079, 26.914819902319902], [-0.37871, 44.54062, 26.914819902319902], [-0.37862, 44.54038, 25.59059078243663], [-0.37881, 44.54021, 26.2], [-0.37869, 44.54016, 26.2], [-0.37882, 44.53991, 26.899999999999995], [-0.37894, 44.5398, 26.9], [-0.37967, 44.54012, 27.0], [-0.37991, 44.54018, 26.7], [-0.37988, 44.54013, 26.7], [-0.37902, 44.53974, 26.9], [-0.37917, 44.53968, 26.8125], [-0.37948, 44.53964, 26.8125], [-0.37972, 44.53969, 26.8125], [-0.37994, 44.5398, 26.914819902319902], [-0.38012, 44.54003, 26.914819902319902], [-0.38047, 44.54025, 27.185714285714283]]]}}, {"type": "Feature", "properties": {"id_obligation": "330760000C0888", "priorite": "moyenne"}, "geometry": {"type": "Polygon", "coordinates": [[[-0.38001, 44.53265, 39.10283613445378], [-0.37983, 44.53277, 39.10283613445378], [-0.37965, 44.53283, 39.10283613445378], [-0.3794, 44.53284, 39.10283613445378], [-0.37909, 44.53276, 39.10283613445378], [-0.37891, 44.53264, 39.10283613445378], [-0.37881, 44.53249, 39.10283613445378], [-0.3788, 44.53231, 39.10283613445378], [-0.37896, 44.53188, 39.10283613445378], [-0.37926, 44.53166, 38.10000000000001], [-0.37946, 44.5317, 37.2], [-0.37949, 44.53163, 37.2], [-0.37945, 44.53162, 37.2], [-0.37962, 44.53162, 40.3], [-0.37971, 44.5318, 40.3], [-0.37982, 44.53177, 40.3], [-0.37977, 44.53165, 40.3], [-0.3801, 44.53179, 40.3], [-0.38024, 44.53198, 41.94705882352942], [-0.38024, 44.53223, 44.2], [-0.38001, 44.53265, 39.10283613445378]]]}}, {"type": "Feature", "properties": {"id_obligation": "330760000C0889", "priorite": "moyenne"}, "geometry": {"type": "Polygon", "coordinates": [[[-0.38042, 44.5319, 43.57142857142857], [-0.38027, 44.53209, 43.57142857142857], [-0.38001, 44.5322, 38.97999999999999], [-0.37966, 44.53225, 38.97999999999999], [-0.37937, 44.53218, 36.9], [-0.37919, 44.53205, 36.9], [-0.37902, 44.53175, 37.05], [-0.37899, 44.53157, 37.05], [-0.37907, 44.53139, 36.08], [-0.37925, 44.53123, 36.08], [-0.3796, 44.53113, 39.74244352869353], [-0.37984, 44.53112, 39.74244352869353], [-0.38007, 44.53118, 41.95555555555555], [-0.38025, 44.53129, 41.95555555555555], [-0.38044, 44.53169, 43.669230769230765], [-0.38042, 44.5319, 43.57142857142857]]]}}, {"type": "Feature", "properties": {"id_obligation": "330760000C0893", "priorite": "moyenne"}, "geometry": {"type": "Polygon", "coordinates": [[[-0.38567, 44.5314, 60.79999999999999], [-0.38558, 44.53119, 61.22077922077922], [-0.38561, 44.53102, 61.22077922077922], [-0.38579, 44.53075, 58.8], [-0.38608, 44.53059, 58.8], [-0.38603, 44.53067, 58.8], [-0.38616, 44.53072, 58.8], [-0.38623, 44.53062, 58.8], [-0.38611, 44.53058, 58.8], [-0.38628, 44.53056, 59.645454545454534], [-0.38653, 44.53059, 61.22077922077922], [-0.38679, 44.53069, 61.22077922077922], [-0.38695, 44.53082, 61.22077922077922], [-0.38703, 44.53102, 64.5], [-0.387, 44.53119, 64.5], [-0.38682, 44.53146, 64.5], [-0.38664, 44.53158, 64.5], [-0.38641, 44.53164, 60.8], [-0.38616, 44.53163, 60.8], [-0.38589, 44.53155, 60.79999999999999], [-0.38567, 44.5314, 60.79999999999999]]]}}, {"type": "Feature", "properties": {"id_obligation": "330760000C0895", "priorite": "moyenne"}, "geometry": {"type": "Polygon", "coordinates": [[[-0.38546, 44.5318, 64.62857142857142], [-0.38536, 44.53159, 63.299206349206344], [-0.3854, 44.53142, 63.299206349206344], [-0.3856, 44.53114, 63.299206349206344], [-0.3858, 44.53103, 63.299206349206344], [-0.38604, 44.53098, 59.5], [-0.3863, 44.53101, 59.5], [-0.38621, 44.53116, 59.5], [-0.38631, 44.53119, 59.5], [-0.3864, 44.53105, 59.5], [-0.38659, 44.53113, 63.666666666666664], [-0.38676, 44.53131, 63.666666666666664], [-0.3868, 44.53148, 63.299206349206344], [-0.38674, 44.53165, 63.299206349206344], [-0.38656, 44.53189, 65.6], [-0.38637, 44.532, 65.6], [-0.38613, 44.53204, 65.60000000000001], [-0.38588, 44.53202, 64.62857142857142], [-0.38574, 44.53198, 64.7], [-0.38576, 44.53194, 64.7], [-0.38562, 44.53193, 64.62857142857142], [-0.38546, 44.5318, 64.62857142857142]]]}}, {"type": "Feature", "properties": {"id_obligation": "330760000C0896", "priorite": "faible"}, "geometry": {"type": "MultiPolygon", "coordinates": [[[[-0.39003, 44.53821, 53.7], [-0.38984, 44.53818, 53.7], [-0.3898, 44.5383, 53.7], [-0.38991, 44.53831, 53.7], [-0.38968, 44.53842, 52.79136677808182], [-0.38973, 44.53828, 53.0], [-0.38956, 44.53825, 53.0], [-0.38945, 44.53846, 54.2], [-0.38901, 44.53838, 55.42558743977401], [-0.3888, 44.53828, 55.42558743977401], [-0.38867, 44.53812, 55.42558743977401], [-0.38855, 44.53778, 55.78333333333333], [-0.38861, 44.53753, 56.3], [-0.38875, 44.53739, 56.3], [-0.38903, 44.53728, 56.3], [-0.38915, 44.53727, 56.5], [-0.38912, 44.53731, 56.1], [-0.38922, 44.53734, 56.1], [-0.38931, 44.53727, 56.5], [-0.38987, 44.53733, 56.071428571428555], [-0.3901, 44.53746, 56.25], [-0.3902, 44.53762, 56.25], [-0.38982, 44.53763, 55.2], [-0.38982, 44.5377, 55.2], [-0.39009, 44.53772, 56.2], [-0.39006, 44.5378, 55.7], [-0.38998, 44.53777, 55.7], [-0.38994, 44.5379, 55.7], [-0.39015, 44.53799, 55.7], [-0.39003, 44.53821, 53.7]]], [[[-0.39022, 44.53779, 56.10937500000003], [-0.39021, 44.53785, 56.087906391933096], [-0.39015, 44.53783, 56.2], [-0.39023, 44.53774, 56.10937500000003], [-0.39022, 44.53779, 56.10937500000003]]]]}}, {"type": "Feature", "properties": {"id_obligation": "330760000C0898", "priorite": "faible"}, "geometry": {"type": "Polygon", "coordinates": [[[-0.38612, 44.5334, 69.6], [-0.38601, 44.53324, 70.79090909090908], [-0.38599, 44.53303, 70.79090909090908], [-0.3861, 44.53283, 69.8], [-0.38628, 44.53271, 69.8], [-0.38651, 44.53265, 68.96666666666667], [-0.38688, 44.53267, 68.5], [-0.38683, 44.53274, 68.5], [-0.38701, 44.5328, 68.5], [-0.38706, 44.53274, 68.5], [-0.38727, 44.53292, 69.7], [-0.38686, 44.53312, 69.7], [-0.38676, 44.53316, 70.3], [-0.38673, 44.53312, 70.3], [-0.38675, 44.53316, 70.3], [-0.38619, 44.53332, 69.6], [-0.38644, 44.53355, 69.6], [-0.38612, 44.5334, 69.6]]]}}, {"type": "Feature", "properties": {"id_obligation": "330760000C0899", "priorite": "forte"}, "geometry": {"type": "Polygon", "coordinates": [[[-0.38003, 44.52949, -543.1423076923077], [-0.38, 44.52984, -543.1423076923077], [-0.37989, 44.53005, -543.1423076923077], [-0.37961, 44.53024, -543.1423076923077], [-0.3793, 44.53029, -1000.0], [-0.37898, 44.53024, -1000.0], [-0.37868, 44.53003, -543.1423076923077], [-0.37842, 44.52993, -543.1423076923077], [-0.37828, 44.52979, -543.1423076923077], [-0.37821, 44.52958, -543.1423076923077], [-0.37826, 44.52934, -543.1423076923077], [-0.37837, 44.52919, -543.1423076923077], [-0.37857, 44.52908, -543.1423076923077], [-0.37886, 44.52903, -543.1423076923077], [-0.37941, 44.52906, -543.1423076923077], [-0.37964, 44.52912, -543.1423076923077], [-0.37981, 44.52922, -543.1423076923077], [-0.38003, 44.52949, -543.1423076923077]]]}}, {"type": "Feature", "properties": {"id_obligation": "330760000C0902", "priorite": "forte"}, "geometry": {"type": "Polygon", "coordinates": [[[-0.37635, 44.5384, 22.27051282051282], [-0.37623, 44.53855, 22.27051282051282], [-0.37599, 44.53868, 22.27051282051282], [-0.37569, 44.53871, 22.099999999999998], [-0.3753, 44.53864, 22.099999999999998], [-0.37502, 44.53849, 22.27051282051282], [-0.37465, 44.53838, 22.27051282051282], [-0.37446, 44.53821, 21.5], [-0.37441, 44.538, 21.5], [-0.37446, 44.53783, 21.5], [-0.37463, 44.53765, 22.27051282051282], [-0.37476, 44.53734, 22.27051282051282], [-0.37504, 44.53718, 22.27051282051282], [-0.37534, 44.53715, 21.433333333333337], [-0.37591, 44.5373, 22.27051282051282], [-0.37614, 44.53753, 22.27051282051282], [-0.37632, 44.53763, 22.27051282051282], [-0.37645, 44.53784, 23.45], [-0.37635, 44.5384, 22.27051282051282]]]}}, {"type": "Feature", "properties": {"id_obligation": "330760000C0903", "priorite": "moyenne"}, "geometry": {"type": "Polygon", "coordinates": [[[-0.37111, 44.53986, -102.48862433862433], [-0.3709, 44.53971, -102.48862433862433], [-0.37081, 44.53954, -102.48862433862433], [-0.37083, 44.53933, -102.48862433862433], [-0.37103, 44.53909, 18.6], [-0.37124, 44.53912, 18.6], [-0.37125, 44.53907, 18.6], [-0.3711, 44.53906, 18.6], [-0.37115, 44.53904, 18.6], [-0.37138, 44.53899, 19.055555555555557], [-0.37164, 44.539, 19.055555555555557], [-0.37188, 44.53907, -102.48862433862433], [-0.37205, 44.5392, -102.48862433862433], [-0.37214, 44.53937, -102.48862433862433], [-0.37212, 44.53959, -102.48862433862433], [-0.37202, 44.53974, -102.48862433862433], [-0.37184, 44.53986, -102.48862433862433], [-0.37161, 44.53992, -102.48862433862433], [-0.37135, 44.53992, -102.48862433862433], [-0.37111, 44.53986, -102.48862433862433]]]}}, {"type": "Feature", "properties": {"id_obligation": "330760000C0904", "priorite": "moyenne"}, "geometry": {"type": "Polygon", "coordinates": [[[-0.38256, 44.54356, 27.41641414141414], [-0.38237, 44.54367, 27.41641414141414], [-0.382, 44.54373, 27.41641414141414], [-0.38159, 44.54374, 27.41641414141414], [-0.38131, 44.54364, 27.41641414141414], [-0.38116, 44.5435, 27.41641414141414], [-0.38109, 44.54333, 26.858333333333334], [-0.3811, 44.54309, 26.858333333333334], [-0.38124, 44.5429, 26.8], [-0.38143, 44.54279, 26.8], [-0.38172, 44.54273, 27.41641414141414], [-0.38222, 44.54272, 27.41641414141414], [-0.38245, 44.5428, 27.41641414141414], [-0.38262, 44.54293, 27.41641414141414], [-0.3827, 44.5431, 27.41641414141414], [-0.3827, 44.54336, 27.41641414141414], [-0.38256, 44.54356, 27.41641414141414]]]}}, {"type": "Feature", "properties": {"id_obligation": "330760000C0906", "priorite": "moyenne"}, "geometry": {"type": "Polygon", "coordinates": [[[-0.38009, 44.53273, 45.609920634920634], [-0.37998, 44.53253, 43.728571428571435], [-0.38002, 44.53231, 43.911111111111104], [-0.38018, 44.5321, 43.911111111111104], [-0.38038, 44.532, 43.911111111111104], [-0.38069, 44.53196, 48.3], [-0.38105, 44.53204, 45.609920634920634], [-0.38126, 44.53213, 45.609920634920634], [-0.3814, 44.53228, 45.609920634920634], [-0.38145, 44.53244, 45.609920634920634], [-0.38138, 44.53268, 45.609920634920634], [-0.38125, 44.53283, 45.609920634920634], [-0.38105, 44.53293, 45.609920634920634], [-0.3808, 44.53297, 45.609920634920634], [-0.38032, 44.53287, 45.609920634920634], [-0.38009, 44.53273, 45.609920634920634]]]}}, {"type": "Feature", "properties": {"id_obligation": "330760000C0907", "priorite": "moyenne"}, "geometry": {"type": "Polygon", "coordinates": [[[-0.38103, 44.5321, 47.4], [-0.38108, 44.53231, 47.4], [-0.38099, 44.53252, 46.5], [-0.38077, 44.53271, 46.5], [-0.38048, 44.53279, 43.6], [-0.38024, 44.53278, 43.6], [-0.37993, 44.53269, 43.6917297979798], [-0.37968, 44.53253, 43.6917297979798], [-0.37959, 44.53237, 37.4], [-0.37958, 44.53223, 36.9], [-0.37967, 44.53203, 39.2111111111111], [-0.3799, 44.53185, 39.2111111111111], [-0.38027, 44.53176, 44.094658480597026], [-0.38018, 44.53182, 44.0], [-0.38029, 44.53192, 44.1], [-0.38038, 44.53183, 44.1], [-0.38028, 44.53176, 44.1], [-0.38035, 44.53176, 43.150000000000006], [-0.38059, 44.5318, 48.3], [-0.38084, 44.53193, 48.3], [-0.38103, 44.5321, 47.4]]]}}, {"type": "Feature", "properties": {"id_obligation": "330760000C0914", "priorite": "moyenne"}, "geometry": {"type": "Polygon", "coordinates": [[[-0.3787, 44.53142, 35.731249999999996], [-0.37855, 44.53122, 35.731249999999996], [-0.37854, 44.53105, 35.731249999999996], [-0.37865, 44.53081, 35.731249999999996], [-0.37882, 44.53068, 35.731249999999996], [-0.37904, 44.5306, 34.55833333333333], [-0.37929, 44.53059, 34.55833333333333], [-0.3796, 44.53067, 35.731249999999996], [-0.37978, 44.53079, 35.731249999999996], [-0.3799, 44.53099, 35.731249999999996], [-0.37989, 44.53116, 35.731249999999996], [-0.37976, 44.5314, 37.2], [-0.37958, 44.53152, 37.2], [-0.37939, 44.53159, 37.2], [-0.3794, 44.53155, 37.2], [-0.37934, 44.53154, 37.2], [-0.37931, 44.5316, 37.2], [-0.37923, 44.5316, 36.74999999999999], [-0.37888, 44.53153, 35.731249999999996], [-0.3787, 44.53142, 35.731249999999996]]]}}, {"type": "Feature", "properties": {"id_obligation": "330760000C0916", "priorite": "moyenne"}, "geometry": {"type": "Polygon", "coordinates": [[[-0.38714, 44.53168, 63.111111111111114], [-0.38691, 44.53174, 61.58253968253969], [-0.3866, 44.53172, 61.58253968253969], [-0.3863, 44.53161, 60.8], [-0.38614, 44.53145, 60.8], [-0.38609, 44.53126, 59.5], [-0.38617, 44.53103, 59.96666666666667], [-0.3863, 44.53088, 59.96666666666667], [-0.38639, 44.53082, 60.3], [-0.38647, 44.53084, 60.3], [-0.38651, 44.53077, 59.7], [-0.38674, 44.53073, 59.7], [-0.38698, 44.53076, 59.7], [-0.38728, 44.53087, 61.58253968253969], [-0.38743, 44.53101, 61.58253968253969], [-0.38749, 44.53118, 63.5], [-0.38736, 44.53153, 63.111111111111114], [-0.38714, 44.53168, 63.111111111111114]]]}}, {"type": "Feature", "properties": {"id_obligation": "330760000C0917", "priorite": "faible"}, "geometry": {"type": "Polygon", "coordinates": [[[-0.38694, 44.53162, 63.1], [-0.38682, 44.53142, 64.5], [-0.38683, 44.53126, 64.5], [-0.38697, 44.53101, 64.5], [-0.38721, 44.53087, 64.5], [-0.38745, 44.53082, 63.72666666666667], [-0.38769, 44.53085, 63.72666666666667], [-0.38802, 44.53095, 63.72666666666667], [-0.38821, 44.53112, 63.72666666666667], [-0.38827, 44.53129, 63.72666666666667], [-0.38824, 44.53146, 63.72666666666667], [-0.38812, 44.53165, 63.72666666666667], [-0.38794, 44.53177, 63.72666666666667], [-0.38771, 44.53183, 63.03333333333333], [-0.38746, 44.53183, 63.03333333333333], [-0.38718, 44.53176, 63.1], [-0.38694, 44.53162, 63.1]]]}}, {"type": "Feature", "properties": {"id_obligation": "330760000C0918", "priorite": "moyenne"}, "geometry": {"type": "Polygon", "coordinates": [[[-0.38153, 44.5429, 26.800000000000008], [-0.38143, 44.54301, 26.8], [-0.38156, 44.54284, 26.8], [-0.38148, 44.54281, 26.8], [-0.38124, 44.54311, 26.8], [-0.38081, 44.54314, 25.696618903971842], [-0.38051, 44.54304, 25.696618903971842], [-0.38009, 44.54279, 25.234615384615388], [-0.38005, 44.54275, 26.0], [-0.38012, 44.54275, 26.0], [-0.38014, 44.54265, 26.0], [-0.37997, 44.54263, 26.0], [-0.37996, 44.54239, 25.03333333333333], [-0.3801, 44.54217, 25.03333333333333], [-0.38034, 44.54203, 25.03333333333333], [-0.38085, 44.54195, 25.0], [-0.38109, 44.54196, 25.696618903971842], [-0.38146, 44.54211, 25.696618903971842], [-0.38162, 44.54225, 25.696618903971842], [-0.38169, 44.54241, 27.1], [-0.38165, 44.54268, 27.1], [-0.38153, 44.5429, 26.800000000000008]]]}}, {"type": "Feature", "properties": {"id_obligation": "330760000C0922", "priorite": "moyenne"}, "geometry": {"type": "Polygon", "coordinates": [[[-0.37555, 44.5393, 18.92222222222222], [-0.37531, 44.53944, 18.92222222222222], [-0.37507, 44.53947, 19.67407407407407], [-0.3747, 44.53943, 19.67407407407407], [-0.37449, 44.53932, 19.67407407407407], [-0.37434, 44.53913, 19.67407407407407], [-0.37433, 44.53895, 19.67407407407407], [-0.3744, 44.53873, 19.67407407407407], [-0.37459, 44.53856, 19.67407407407407], [-0.37481, 44.53848, 19.67407407407407], [-0.37505, 44.53847, 19.67407407407407], [-0.37534, 44.53852, 19.67407407407407], [-0.37554, 44.53862, 19.67407407407407], [-0.37567, 44.53878, 19.67407407407407], [-0.37571, 44.53896, 17.400000000000002], [-0.37567, 44.53915, 18.92222222222222], [-0.37555, 44.5393, 18.92222222222222]]]}}, {"type": "Feature", "properties": {"id_obligation": "330760000C0926", "priorite": "moyenne"}, "geometry": {"type": "Polygon", "coordinates": [[[-0.38914, 44.53125, 66.4], [-0.38897, 44.53119, 66.5], [-0.38881, 44.53106, 66.5], [-0.38872, 44.5309, 63.39203463203463], [-0.38873, 44.53069, 63.39203463203463], [-0.38884, 44.53047, 63.39203463203463], [-0.38899, 44.53033, 63.39203463203463], [-0.38927, 44.53024, 63.39203463203463], [-0.38962, 44.53026, 63.39203463203463], [-0.38994, 44.53035, 63.39203463203463], [-0.39012, 44.53047, 63.39203463203463], [-0.39022, 44.53064, 61.400000000000006], [-0.39021, 44.53089, 61.400000000000006], [-0.39008, 44.53109, 63.26666666666667], [-0.38984, 44.53122, 64.95714285714284], [-0.38952, 44.53127, 64.95714285714284], [-0.38914, 44.53125, 66.4]]]}}, {"type": "Feature", "properties": {"id_obligation": "330760000C0927", "priorite": "moyenne"}, "geometry": {"type": "Polygon", "coordinates": [[[-0.38992, 44.53151, 65.26116161616162], [-0.38966, 44.53161, 67.81111111111112], [-0.3893, 44.53161, 67.81111111111112], [-0.38911, 44.53158, 67.9], [-0.38912, 44.53151, 67.9], [-0.38903, 44.5315, 67.9], [-0.38901, 44.53153, 67.9], [-0.38884, 44.53141, 68.02999999999999], [-0.38876, 44.53124, 65.91111111111111], [-0.38878, 44.53096, 65.91111111111111], [-0.38886, 44.53079, 65.26116161616162], [-0.38903, 44.53066, 65.26116161616162], [-0.38926, 44.53058, 60.86363636363637], [-0.38951, 44.53058, 60.86363636363637], [-0.38985, 44.53065, 65.26116161616162], [-0.39003, 44.53077, 65.26116161616162], [-0.39013, 44.53092, 63.64], [-0.39009, 44.53133, 65.26116161616162], [-0.38992, 44.53151, 65.26116161616162]]]}}, {"type": "Feature", "properties": {"id_obligation": "330760000C0929", "priorite": "moyenne"}, "geometry": {"type": "Polygon", "coordinates": [[[-0.38121, 44.5425, 25.86666666666667], [-0.38106, 44.54271, 25.86666666666667], [-0.38082, 44.54285, 25.86666666666667], [-0.38052, 44.54289, 24.560000000000002], [-0.38028, 44.54284, 24.560000000000002], [-0.38007, 44.54275, 26.0], [-0.38012, 44.54275, 26.0], [-0.38014, 44.54265, 26.0], [-0.37993, 44.54263, 26.0], [-0.3798, 44.54251, 25.2], [-0.37974, 44.54242, 25.2], [-0.37985, 44.54243, 25.2], [-0.37986, 44.54237, 25.2], [-0.37972, 44.54236, 25.2], [-0.3797, 44.54222, 25.2], [-0.37976, 44.54206, 25.247169312169316], [-0.37997, 44.54185, 25.247169312169316], [-0.38019, 44.54177, 25.247169312169316], [-0.38043, 44.54174, 25.247169312169316], [-0.38067, 44.54179, 25.247169312169316], [-0.381, 44.54195, 25.247169312169316], [-0.38113, 44.54209, 25.247169312169316], [-0.38121, 44.54228, 25.5], [-0.38121, 44.5425, 25.86666666666667]]]}}, {"type": "Feature", "properties": {"id_obligation": "330760000C0935", "priorite": "moyenne"}, "geometry": {"type": "Polygon", "coordinates": [[[-0.38004, 44.53199, 40.37272727272727], [-0.38, 44.53205, 40.3], [-0.37985, 44.53203, 40.4], [-0.3798, 44.53211, 40.4], [-0.37989, 44.53214, 40.4], [-0.37981, 44.53219, 40.37272727272727], [-0.37946, 44.53226, 37.18181818181818], [-0.37904, 44.53217, 37.54659090909091], [-0.37882, 44.53203, 37.54659090909091], [-0.37866, 44.53175, 37.54659090909091], [-0.37862, 44.53133, 37.54659090909091], [-0.37874, 44.53109, 33.9], [-0.37891, 44.53096, 33.9], [-0.37913, 44.53088, 33.9], [-0.37937, 44.53087, 34.25999999999999], [-0.37967, 44.53095, 34.25999999999999], [-0.37992, 44.53114, 37.54659090909091], [-0.38013, 44.53169, 42.099999999999994], [-0.38004, 44.53199, 40.37272727272727]]]}}, {"type": "Feature", "properties": {"id_obligation": "330760000C0937", "priorite": "faible"}, "geometry": {"type": "Polygon", "coordinates": [[[-0.38958, 44.5373, 57.33529411764705], [-0.38928, 44.53736, 57.33529411764705], [-0.38892, 44.53729, 56.1], [-0.3887, 44.53719, 56.1], [-0.38901, 44.53672, 57.4], [-0.38951, 44.53632, 57.261751973516674], [-0.38983, 44.53646, 57.261751973516674], [-0.38999, 44.53669, 57.43333333333334], [-0.38997, 44.53691, 57.43333333333334], [-0.38977, 44.53719, 57.7], [-0.38958, 44.5373, 57.33529411764705]]]}}, {"type": "Feature", "properties": {"id_obligation": "330760000C0939", "priorite": "faible"}, "geometry": {"type": "MultiPolygon", "coordinates": [[[[-0.38573, 44.53422, 68.0], [-0.38553, 44.53423, 67.6], [-0.38545, 44.53418, 67.6], [-0.38543, 44.53423, 67.6], [-0.38506, 44.53417, 69.23114911398966], [-0.38481, 44.53403, 69.23114911398966], [-0.38467, 44.53376, 70.3], [-0.38474, 44.5338, 70.3], [-0.38496, 44.53377, 70.3], [-0.38499, 44.53364, 70.3], [-0.38493, 44.53361, 70.3], [-0.38466, 44.53365, 70.3], [-0.38465, 44.5335, 69.85199999999999], [-0.38492, 44.53346, 70.3], [-0.3849, 44.53328, 69.3], [-0.38477, 44.53325, 69.3], [-0.38481, 44.53322, 71.0], [-0.38497, 44.53326, 71.0], [-0.385, 44.53321, 71.0], [-0.38489, 44.53316, 69.85199999999999], [-0.38511, 44.53308, 70.00313703001743], [-0.38504, 44.53327, 70.2], [-0.38524, 44.53332, 72.2], [-0.38535, 44.53312, 69.8], [-0.38518, 44.53307, 69.8], [-0.38571, 44.53313, 71.0487725753011], [-0.38569, 44.53318, 71.1], [-0.38547, 44.53312, 71.1], [-0.38535, 44.53332, 71.1], [-0.38538, 44.53336, 71.2], [-0.38532, 44.53335, 71.2], [-0.38528, 44.53343, 71.2], [-0.38571, 44.53351, 70.0], [-0.38568, 44.53342, 70.0], [-0.38582, 44.53345, 70.0], [-0.38584, 44.5334, 70.0], [-0.38566, 44.53337, 71.1], [-0.38571, 44.53332, 71.1], [-0.38549, 44.5333, 71.1], [-0.38554, 44.53321, 71.1], [-0.3859, 44.53326, 71.1], [-0.38577, 44.53321, 71.1], [-0.3858, 44.53315, 71.0], [-0.38606, 44.53327, 70.48809523809523], [-0.3862, 44.53346, 70.48809523809523], [-0.38623, 44.53379, 69.03750000000001], [-0.38617, 44.53395, 68.0], [-0.386, 44.53412, 68.0], [-0.38573, 44.53422, 68.0]]], [[[-0.38473, 44.5333, 69.3], [-0.38474, 44.5333, 69.3], [-0.38476, 44.5334, 69.3], [-0.38467, 44.53341, 71.7], [-0.38473, 44.5333, 69.3]]]]}}, {"type": "Feature", "properties": {"id_obligation": "330760000C0942", "priorite": "moyenne"}, "geometry": {"type": "MultiPolygon", "coordinates": [[[[-0.38374, 44.53341, 64.13333333333334], [-0.38359, 44.53321, 65.22608695652174], [-0.38357, 44.53304, 65.22608695652174], [-0.38369, 44.53277, 65.43749999999999], [-0.38383, 44.53262, 65.43749999999999], [-0.38409, 44.5325, 65.5], [-0.38447, 44.53248, 66.2], [-0.38444, 44.53257, 66.2], [-0.38455, 44.53259, 66.2], [-0.38458, 44.53251, 66.2], [-0.38463, 44.53252, 66.71666666666667], [-0.38493, 44.53273, 67.02201351637493], [-0.38499, 44.53302, 69.18571428571431], [-0.38492, 44.53319, 70.2769351665314], [-0.38465, 44.5331, 68.2], [-0.38467, 44.53304, 68.2], [-0.38452, 44.53299, 68.2], [-0.38444, 44.53314, 68.2], [-0.3849, 44.53324, 71.0], [-0.38488, 44.53328, 69.3], [-0.38468, 44.53323, 69.3], [-0.38476, 44.5334, 69.3], [-0.38452, 44.53342, 68.4], [-0.38451, 44.53353, 69.0], [-0.38438, 44.5335, 65.8], [-0.38436, 44.53356, 65.8], [-0.38423, 44.53356, 68.2173913043478], [-0.38418, 44.53355, 64.0], [-0.3842, 44.5335, 64.0], [-0.38407, 44.53348, 64.0], [-0.38405, 44.53353, 64.0], [-0.38374, 44.53341, 64.13333333333334]]], [[[-0.38459, 44.53351, 68.2173913043478], [-0.38458, 44.53347, 69.0], [-0.38465, 44.53348, 68.2173913043478], [-0.38459, 44.53351, 68.2173913043478]]]]}}, {"type": "Feature", "properties": {"id_obligation": "330760000C0943", "priorite": "moyenne"}, "geometry": {"type": "Polygon", "coordinates": [[[-0.3847, 44.53291, 67.90588235294118], [-0.38469, 44.53311, 68.37252207403664], [-0.38467, 44.53304, 68.2], [-0.38452, 44.53299, 68.2], [-0.38444, 44.53314, 68.2], [-0.38466, 44.53318, 69.4], [-0.38457, 44.53332, 65.76942483660132], [-0.38439, 44.53344, 65.76942483660132], [-0.38399, 44.53352, 64.06666666666666], [-0.38374, 44.53351, 64.4], [-0.38346, 44.53344, 64.4], [-0.3833, 44.53331, 64.4], [-0.3832, 44.53311, 65.76942483660132], [-0.3832, 44.53278, 65.76942483660132], [-0.38331, 44.53256, 65.76942483660132], [-0.38349, 44.53244, 65.76942483660132], [-0.38366, 44.53238, 65.76942483660132], [-0.38391, 44.53236, 65.44999999999999], [-0.38403, 44.53238, 65.5], [-0.384, 44.53248, 65.5], [-0.38411, 44.5325, 65.5], [-0.38415, 44.53241, 65.5], [-0.38438, 44.53252, 67.45], [-0.38458, 44.53271, 67.45], [-0.3847, 44.53291, 67.90588235294118]]]}}, {"type": "Feature", "properties": {"id_obligation": "330760000C0947", "priorite": "moyenne"}, "geometry": {"type": "Polygon", "coordinates": [[[-0.38088, 44.53214, 48.3], [-0.38063, 44.5323, 48.3], [-0.38041, 44.53237, 43.93636363636363], [-0.38011, 44.53235, 43.93636363636363], [-0.37985, 44.53224, 40.35555555555556], [-0.37962, 44.53202, 40.333333333333336], [-0.37955, 44.53184, 40.333333333333336], [-0.37959, 44.53167, 40.300000000000004], [-0.37962, 44.53162, 40.3], [-0.37971, 44.5318, 40.3], [-0.37982, 44.53177, 40.3], [-0.37975, 44.53156, 40.3], [-0.37964, 44.53159, 40.3], [-0.37976, 44.53149, 40.300000000000004], [-0.38012, 44.53132, 42.806249999999984], [-0.38049, 44.53133, 42.806249999999984], [-0.3807, 44.53142, 46.42], [-0.38094, 44.53164, 45.099999999999994], [-0.381, 44.53181, 45.099999999999994], [-0.38098, 44.53199, 45.099999999999994], [-0.38088, 44.53214, 48.3]]]}}, {"type": "Feature", "properties": {"id_obligation": "330760000C0950", "priorite": "moyenne"}, "geometry": {"type": "Polygon", "coordinates": [[[-0.38049, 44.53158, 46.5], [-0.38045, 44.53166, 46.3], [-0.38055, 44.5317, 46.3], [-0.38064, 44.53159, 46.3], [-0.38061, 44.53157, 45.265000000000015], [-0.38085, 44.53159, 45.265000000000015], [-0.38122, 44.53171, 44.636825396825394], [-0.3814, 44.53189, 44.636825396825394], [-0.38145, 44.53205, 44.636825396825394], [-0.38141, 44.53223, 44.636825396825394], [-0.38127, 44.53242, 44.636825396825394], [-0.38108, 44.53253, 44.636825396825394], [-0.38079, 44.53259, 45.29999999999999], [-0.38054, 44.53256, 45.29999999999999], [-0.38022, 44.53244, 44.20000000000001], [-0.38006, 44.5323, 44.20000000000001], [-0.38, 44.53217, 40.4], [-0.38, 44.532, 41.41428571428571], [-0.38015, 44.53176, 44.074999999999996], [-0.38049, 44.53158, 46.5]]]}}, {"type": "Feature", "properties": {"id_obligation": "330760000C0952", "priorite": "moyenne"}, "geometry": {"type": "Polygon", "coordinates": [[[-0.38346, 44.53302, 64.46000000000001], [-0.38333, 44.53282, 66.04766091051806], [-0.38333, 44.53264, 66.04766091051806], [-0.38346, 44.53238, 66.04766091051806], [-0.38368, 44.53222, 66.04766091051806], [-0.38391, 44.53216, 65.5], [-0.38416, 44.53216, 65.5], [-0.38443, 44.53224, 66.2], [-0.38461, 44.53235, 66.2], [-0.38473, 44.53255, 67.60000000000001], [-0.38473, 44.53273, 67.60000000000001], [-0.3846, 44.53298, 67.72142857142859], [-0.38452, 44.53299, 68.2], [-0.38444, 44.53311, 67.72142857142859], [-0.38423, 44.53319, 66.02142857142857], [-0.38399, 44.53321, 66.02142857142857], [-0.38389, 44.53319, 64.47193993573848], [-0.3839, 44.53315, 64.5], [-0.38371, 44.53315, 64.46000000000001], [-0.38346, 44.53302, 64.46000000000001]]]}}, {"type": "Feature", "properties": {"id_obligation": "330760000C0953", "priorite": "moyenne"}, "geometry": {"type": "Polygon", "coordinates": [[[-0.38353, 44.53278, 64.28], [-0.38338, 44.53259, 65.9606568627451], [-0.38337, 44.53241, 65.9606568627451], [-0.38347, 44.53216, 65.9606568627451], [-0.38366, 44.53199, 65.9606568627451], [-0.38388, 44.53191, 65.9606568627451], [-0.38411, 44.5319, 65.9606568627451], [-0.38446, 44.53198, 65.9606568627451], [-0.38469, 44.53212, 65.9606568627451], [-0.38478, 44.53228, 66.2], [-0.38478, 44.53246, 66.2], [-0.38467, 44.53271, 67.79411764705883], [-0.3846, 44.53278, 68.6859746645374], [-0.38448, 44.53275, 66.1], [-0.38441, 44.5329, 69.0], [-0.38431, 44.53293, 66.06666666666668], [-0.38407, 44.53295, 66.06666666666668], [-0.38378, 44.5329, 64.28], [-0.38353, 44.53278, 64.28]]]}}, {"type": "Feature", "properties": {"id_obligation": "330760000C0960", "priorite": "faible"}, "geometry": {"type": "Polygon", "coordinates": [[[-0.38963, 44.53678, 58.0], [-0.38945, 44.53707, 57.51916666666666], [-0.38914, 44.5372, 57.51916666666666], [-0.3887, 44.53718, 57.51916666666666], [-0.38895, 44.53679, 57.0], [-0.38937, 44.53641, 57.51916666666666], [-0.38944, 44.53637, 57.51916666666666], [-0.38958, 44.53653, 57.51916666666666], [-0.38963, 44.53678, 58.0]]]}}, {"type": "Feature", "properties": {"id_obligation": "330760000C0965", "priorite": "faible"}, "geometry": {"type": "Polygon", "coordinates": [[[-0.3869, 44.53446, 68.87142857142858], [-0.38691, 44.53461, 68.68530135989664], [-0.38679, 44.53459, 68.6], [-0.38676, 44.53469, 68.7], [-0.38689, 44.53474, 68.7], [-0.38692, 44.53469, 68.87142857142858], [-0.3868, 44.53548, 29.321031746031764], [-0.3865, 44.53544, 29.321031746031764], [-0.3863, 44.53534, 29.321031746031764], [-0.38612, 44.53512, -85.9428571428571], [-0.38616, 44.53501, 65.9], [-0.38609, 44.53499, -85.9428571428571], [-0.3861, 44.5349, 66.9], [-0.38619, 44.53491, 66.9], [-0.38623, 44.53482, -1000.0], [-0.38615, 44.5348, 66.9], [-0.38615, 44.53475, 66.9], [-0.38629, 44.5346, 29.321031746031764], [-0.38649, 44.5345, 29.321031746031764], [-0.3869, 44.53446, 68.87142857142858]]]}}, {"type": "Feature", "properties": {"id_obligation": "330760000C0966", "priorite": "faible"}, "geometry": {"type": "Polygon", "coordinates": [[[-0.38657, 44.53514, -11.967499999999996], [-0.38636, 44.53505, -11.967499999999996], [-0.3862, 44.53489, -476.8974139325404], [-0.38623, 44.53482, -1000.0], [-0.38616, 44.53481, -57.34632707906084], [-0.38613, 44.53468, 66.9], [-0.38619, 44.53445, 66.9], [-0.38631, 44.5343, -11.967499999999996], [-0.38655, 44.53418, -11.967499999999996], [-0.38679, 44.53414, 69.64999999999999], [-0.38685, 44.53423, 69.64999999999999], [-0.38691, 44.53461, 68.68530135989664], [-0.38679, 44.53459, 68.6], [-0.38676, 44.53469, 68.7], [-0.38689, 44.53474, 68.7], [-0.38692, 44.53469, 69.34444444444445], [-0.38688, 44.53519, 67.45555555555555], [-0.38657, 44.53514, -11.967499999999996]]]}}, {"type": "Feature", "properties": {"id_obligation": "330760000C0973", "priorite": "moyenne"}, "geometry": {"type": "Polygon", "coordinates": [[[-0.38574, 44.5302, 59.38214285714286], [-0.38603, 44.53013, 59.38214285714286], [-0.38627, 44.53014, 59.38214285714286], [-0.38661, 44.53026, 58.7], [-0.38659, 44.5303, 58.7], [-0.38672, 44.53034, 58.7], [-0.38679, 44.53041, 58.699999999999996], [-0.38685, 44.53058, 59.7], [-0.38682, 44.53076, 59.7], [-0.38664, 44.53101, 59.38214285714286], [-0.38634, 44.53115, 59.5], [-0.3864, 44.53104, 59.5], [-0.3863, 44.53101, 59.5], [-0.38622, 44.53116, 59.5], [-0.38614, 44.53117, 59.728571428571435], [-0.3859, 44.53113, 59.38214285714286], [-0.38562, 44.53101, 59.38214285714286], [-0.38547, 44.53088, 59.38214285714286], [-0.3854, 44.53071, 59.38214285714286], [-0.38553, 44.53036, 59.38214285714286], [-0.38574, 44.5302, 59.38214285714286]]]}}, {"type": "Feature", "properties": {"id_obligation": "330760000C0974", "priorite": "moyenne"}, "geometry": {"type": "Polygon", "coordinates": [[[-0.38686, 44.53119, 64.5], [-0.38677, 44.53118, 64.5], [-0.38673, 44.53125, 64.5], [-0.38658, 44.53128, 59.5], [-0.38634, 44.53128, 59.5], [-0.38598, 44.53117, 59.5], [-0.38578, 44.53101, 59.5], [-0.38571, 44.53084, 58.79999999999999], [-0.38574, 44.53066, 58.79999999999999], [-0.38587, 44.53046, 58.8], [-0.38605, 44.53034, 58.8], [-0.38634, 44.53027, 58.70000000000001], [-0.38658, 44.53029, 58.70000000000001], [-0.38688, 44.53039, 58.7], [-0.38705, 44.53051, 58.7], [-0.38714, 44.53068, 59.8078125], [-0.38714, 44.53085, 59.8078125], [-0.38704, 44.53102, 64.5], [-0.38686, 44.53119, 64.5]]]}}, {"type": "Feature", "properties": {"id_obligation": "330760000C0977", "priorite": "faible"}, "geometry": {"type": "MultiPolygon", "coordinates": [[[[-0.38497, 44.53326, 71.0], [-0.385, 44.53321, 71.0], [-0.38483, 44.53313, 68.92142857142856], [-0.38497, 44.53299, 68.92142857142856], [-0.38519, 44.5329, 69.89268292682925], [-0.38526, 44.53289, 69.99008948316924], [-0.38544, 44.53296, 69.9], [-0.38548, 44.5329, 69.9], [-0.38542, 44.53288, 69.99521870616756], [-0.38557, 44.53289, 69.3], [-0.38552, 44.53299, 69.3], [-0.38556, 44.533, 69.3], [-0.38566, 44.53299, 69.3], [-0.38564, 44.5329, 69.3], [-0.38578, 44.53293, 70.9], [-0.38569, 44.53318, 71.1], [-0.38547, 44.53312, 71.1], [-0.38535, 44.53332, 71.1], [-0.38538, 44.53336, 71.2], [-0.38532, 44.53335, 71.2], [-0.38528, 44.53343, 71.2], [-0.38571, 44.53351, 70.0], [-0.38568, 44.53342, 70.0], [-0.38582, 44.53345, 70.0], [-0.38584, 44.5334, 70.0], [-0.38566, 44.53337, 71.1], [-0.38571, 44.53332, 71.1], [-0.38549, 44.5333, 71.1], [-0.38554, 44.53321, 71.1], [-0.3859, 44.53326, 71.1], [-0.38577, 44.53321, 71.1], [-0.38589, 44.53296, 71.27647058823528], [-0.38605, 44.53306, 71.34352630331692], [-0.386, 44.53317, 71.5], [-0.38605, 44.53324, 70.2], [-0.3862, 44.53326, 70.32580645161289], [-0.38621, 44.53344, 70.32580645161289], [-0.38611, 44.5337, 69.0294117647059], [-0.38605, 44.53377, 69.7], [-0.38592, 44.53376, 69.7], [-0.3859, 44.53387, 69.0294117647059], [-0.38567, 44.53393, 69.11470588235295], [-0.38542, 44.53393, 69.11470588235295], [-0.38504, 44.53384, 70.30000000000007], [-0.38492, 44.53377, 70.3], [-0.38501, 44.53372, 70.3], [-0.38499, 44.53364, 70.3], [-0.38493, 44.53361, 70.3], [-0.38478, 44.53362, 70.3], [-0.38474, 44.53357, 69.53999999999999], [-0.38472, 44.53348, 69.79317662018292], [-0.38492, 44.53346, 70.3], [-0.3849, 44.53328, 69.3], [-0.38477, 44.53325, 69.3], [-0.38478, 44.53321, 70.55703001124019], [-0.38497, 44.53326, 71.0]]], [[[-0.38474, 44.53335, 69.53999999999999], [-0.38474, 44.53332, 69.3], [-0.38476, 44.5334, 69.3], [-0.38474, 44.53335, 69.53999999999999]]]]}}, {"type": "Feature", "properties": {"id_obligation": "330760000C0979", "priorite": "moyenne"}, "geometry": {"type": "MultiPolygon", "coordinates": [[[[-0.3853, 44.53311, 69.8], [-0.38512, 44.53306, 69.8], [-0.38508, 44.53315, 70.2], [-0.38511, 44.53316, 70.2], [-0.38504, 44.53327, 70.2], [-0.38522, 44.53332, 72.2], [-0.38513, 44.53344, 70.53333333333332], [-0.38489, 44.53358, 69.71621621621631], [-0.38458, 44.53362, 69.71621621621631], [-0.38418, 44.53355, 64.0], [-0.3842, 44.5335, 64.0], [-0.38406, 44.5335, 64.0], [-0.38393, 44.5334, 64.0], [-0.38387, 44.53332, 64.4], [-0.3839, 44.53315, 64.5], [-0.38381, 44.53314, 64.5], [-0.38376, 44.53285, 65.3925925925926], [-0.38401, 44.53245, 65.5], [-0.384, 44.53248, 65.5], [-0.38411, 44.5325, 65.5], [-0.38414, 44.53237, 65.5], [-0.38452, 44.5323, 66.96923076923076], [-0.38487, 44.53237, 68.95], [-0.3851, 44.53249, 68.95], [-0.38523, 44.53264, 68.95], [-0.38526, 44.53278, 67.7], [-0.38519, 44.53276, 67.7], [-0.38514, 44.53281, 70.5], [-0.38505, 44.53278, 70.2], [-0.38498, 44.53288, 70.2], [-0.38509, 44.53292, 70.2], [-0.38514, 44.53283, 70.2], [-0.38525, 44.53287, 70.0], [-0.3853, 44.53311, 69.8]]]]}}, {"type": "Feature", "properties": {"id_obligation": "330760000C0980", "priorite": "faible"}, "geometry": {"type": "Polygon", "coordinates": [[[-0.384, 44.53247, 65.5], [-0.38411, 44.5325, 65.5], [-0.38414, 44.53237, 65.5], [-0.3844, 44.53229, 66.2], [-0.38465, 44.53229, 66.2], [-0.38492, 44.53237, 67.41636039399198], [-0.38511, 44.53249, 67.41636039399198], [-0.38522, 44.53265, 69.34210526315792], [-0.38524, 44.53277, 67.7], [-0.38519, 44.53276, 67.7], [-0.38514, 44.53281, 70.5], [-0.38505, 44.53278, 70.2], [-0.38498, 44.53288, 70.2], [-0.38509, 44.53292, 70.2], [-0.38514, 44.53283, 70.2], [-0.38523, 44.53286, 70.0], [-0.38514, 44.53301, 70.66666666666667], [-0.3849, 44.53318, 70.00409954041699], [-0.38465, 44.5331, 68.2], [-0.38467, 44.53304, 68.2], [-0.38452, 44.53299, 68.2], [-0.38444, 44.53314, 68.2], [-0.38479, 44.53321, 70.72744431425404], [-0.38469, 44.53323, 68.63181818181819], [-0.38444, 44.53322, 68.63181818181819], [-0.38416, 44.53313, 66.34285714285714], [-0.38403, 44.53305, 66.6], [-0.38408, 44.53298, 66.1], [-0.38389, 44.53288, 63.5], [-0.38393, 44.53283, 63.5], [-0.38388, 44.53282, 63.5], [-0.38387, 44.53271, 64.93076923076924], [-0.384, 44.53247, 65.5]]]}}, {"type": "Feature", "properties": {"id_obligation": "330760000C0985", "priorite": "moyenne"}, "geometry": {"type": "Polygon", "coordinates": [[[-0.37992, 44.53082, 35.82272727272727], [-0.37994, 44.53099, 35.82272727272727], [-0.37984, 44.53126, 37.2], [-0.37969, 44.5314, 37.2], [-0.37938, 44.53153, 36.69090909090908], [-0.37913, 44.53156, 36.69090909090908], [-0.37889, 44.53151, 35.82272727272727], [-0.37867, 44.53139, 35.82272727272727], [-0.37855, 44.53125, 35.82272727272727], [-0.37844, 44.53089, 35.82272727272727], [-0.37848, 44.53068, 35.82272727272727], [-0.37866, 44.53049, 35.82272727272727], [-0.37894, 44.53039, 35.2], [-0.3793, 44.5304, 35.2], [-0.37958, 44.53049, 35.82272727272727], [-0.37992, 44.53082, 35.82272727272727]]]}}, {"type": "Feature", "properties": {"id_obligation": "330760000C0987", "priorite": "moyenne"}, "geometry": {"type": "MultiPolygon", "coordinates": [[[[-0.38423, 44.53414, 64.33355866540414], [-0.38386, 44.53411, 67.2943843414127], [-0.38363, 44.53403, 67.2943843414127], [-0.38346, 44.53389, 67.2943843414127], [-0.38339, 44.53368, 67.2943843414127], [-0.38347, 44.53335, 67.2943843414127], [-0.38358, 44.5332, 65.18461538461538], [-0.38377, 44.53309, 65.18461538461538], [-0.38407, 44.53303, 66.46625686902287], [-0.38422, 44.53304, 66.7], [-0.38419, 44.53309, 66.7], [-0.3843, 44.53311, 66.7], [-0.38432, 44.53306, 66.7], [-0.38448, 44.53306, 68.2], [-0.38444, 44.53314, 68.2], [-0.38497, 44.53326, 71.0], [-0.38501, 44.53331, 69.85500000000003], [-0.38508, 44.53352, 69.85500000000003], [-0.38499, 44.53379, 70.3], [-0.38483, 44.53393, 70.3], [-0.38423, 44.53414, 64.33355866540414]]], [[[-0.38477, 44.53314, 68.8], [-0.38477, 44.53313, 68.8], [-0.38482, 44.53315, 69.33888888888889], [-0.38477, 44.53314, 68.8]]]]}}, {"type": "Feature", "properties": {"id_obligation": "330760000C0989", "priorite": "moyenne"}, "geometry": {"type": "Polygon", "coordinates": [[[-0.38444, 44.53351, 65.8], [-0.38438, 44.5335, 65.8], [-0.38439, 44.53357, 65.8], [-0.3843, 44.53365, 65.5], [-0.38404, 44.53375, 63.500000000000014], [-0.38368, 44.53376, 63.500000000000014], [-0.38339, 44.53368, 65.90256410256411], [-0.38319, 44.53351, 65.90256410256411], [-0.38313, 44.53334, 65.90256410256411], [-0.38317, 44.53309, 65.90256410256411], [-0.38329, 44.53288, 65.90256410256411], [-0.38347, 44.53276, 65.90256410256411], [-0.38369, 44.5327, 65.00000000000001], [-0.38396, 44.5327, 65.4], [-0.38395, 44.53274, 65.4], [-0.38405, 44.53276, 65.4], [-0.38407, 44.53271, 65.4], [-0.38426, 44.53278, 68.11538461538463], [-0.3845, 44.53302, 68.2], [-0.38444, 44.53314, 68.2], [-0.38453, 44.53315, 68.2], [-0.38444, 44.53351, 65.8]]]}}, {"type": "Feature", "properties": {"id_obligation": "330760000C0994", "priorite": "moyenne"}, "geometry": {"type": "MultiPolygon", "coordinates": [[[[-0.38499, 44.53386, 69.6225], [-0.38465, 44.53388, 68.5290090659933], [-0.38442, 44.53383, 66.4], [-0.38444, 44.53366, 66.4], [-0.38433, 44.53366, 66.4], [-0.38432, 44.53378, 66.4], [-0.38423, 44.53372, 68.5290090659933], [-0.38416, 44.53364, 64.0], [-0.3842, 44.5335, 64.0], [-0.38409, 44.53349, 64.0], [-0.38406, 44.53319, 67.4142857142857], [-0.38413, 44.53302, 67.32352941176472], [-0.38428, 44.53289, 67.32352941176472], [-0.38444, 44.53282, 66.1], [-0.38439, 44.53289, 69.0], [-0.38455, 44.53294, 69.0], [-0.38462, 44.53279, 66.1], [-0.38475, 44.53279, 68.46551724137932], [-0.38501, 44.53284, 70.2], [-0.38498, 44.53288, 70.2], [-0.38509, 44.53292, 70.2], [-0.38515, 44.53287, 68.46551724137932], [-0.38538, 44.533, 68.85], [-0.38548, 44.53313, 71.1], [-0.38535, 44.53332, 71.1], [-0.38538, 44.53336, 71.2], [-0.38532, 44.53335, 71.2], [-0.38528, 44.53343, 71.2], [-0.38552, 44.53349, 71.1], [-0.38543, 44.53364, 70.1], [-0.38543, 44.53354, 70.1], [-0.38528, 44.53352, 70.1], [-0.3853, 44.53374, 70.1], [-0.38499, 44.53386, 69.6225]]], [[[-0.38549, 44.5333, 71.1], [-0.38552, 44.53324, 71.1], [-0.38553, 44.53331, 71.1], [-0.38549, 44.5333, 71.1]]]]}}, {"type": "Feature", "properties": {"id_obligation": "330760000C1008", "priorite": "moyenne"}, "geometry": {"type": "Polygon", "coordinates": [[[-0.38872, 44.53117, 65.72857142857143], [-0.38895, 44.53103, 65.72857142857143], [-0.38919, 44.53098, 65.6923076923077], [-0.38959, 44.53102, 67.68079537398086], [-0.3898, 44.5311, 67.68079537398086], [-0.38997, 44.53128, 67.68079537398086], [-0.39001, 44.53145, 67.2], [-0.38997, 44.53166, 67.2], [-0.38977, 44.53187, 69.47], [-0.38943, 44.53197, 68.63548387096775], [-0.38947, 44.53187, 68.8], [-0.38963, 44.5319, 68.8], [-0.3897, 44.53176, 69.4], [-0.38954, 44.53175, 70.2], [-0.3895, 44.53182, 68.8], [-0.38941, 44.5318, 68.8], [-0.38933, 44.53197, 68.4], [-0.38917, 44.53196, 68.63548387096775], [-0.38907, 44.53195, 68.0], [-0.38913, 44.53173, 68.0], [-0.38899, 44.53171, 68.5], [-0.389, 44.53193, 68.0], [-0.38878, 44.53183, 68.0], [-0.38864, 44.53168, 68.10000000000001], [-0.38862, 44.53134, 65.72857142857143], [-0.38872, 44.53117, 65.72857142857143]]]}}, {"type": "Feature", "properties": {"id_obligation": "330760000C1013", "priorite": "moyenne"}, "geometry": {"type": "MultiPolygon", "coordinates": [[[[-0.38901, 44.53105, 65.92999999999999], [-0.38934, 44.53109, 65.48], [-0.38938, 44.53117, 64.5], [-0.3895, 44.53115, 64.44111852372227], [-0.3896, 44.53121, 65.48], [-0.38972, 44.53137, 67.8], [-0.38975, 44.53154, 67.8], [-0.38969, 44.53176, 69.42932573734731], [-0.38954, 44.53175, 70.2], [-0.3895, 44.53182, 68.8], [-0.38941, 44.5318, 68.8], [-0.38929, 44.53204, 68.4], [-0.38906, 44.53206, 68.26666666666667], [-0.38867, 44.532, 67.44883547008546], [-0.38848, 44.53189, 67.44883547008546], [-0.38835, 44.53174, 67.44883547008546], [-0.38832, 44.53157, 67.44883547008546], [-0.3884, 44.53133, 67.44883547008546], [-0.38855, 44.53119, 67.44883547008546], [-0.38877, 44.53109, 65.92999999999999], [-0.38901, 44.53105, 65.92999999999999]]], [[[-0.38947, 44.53198, 68.95384615384616], [-0.3894, 44.53201, 68.4], [-0.38947, 44.53187, 68.8], [-0.38959, 44.5319, 68.8], [-0.38947, 44.53198, 68.95384615384616]]]]}}, {"type": "Feature", "properties": {"id_obligation": "330760000C1025", "priorite": "faible"}, "geometry": {"type": "MultiPolygon", "coordinates": [[[[-0.38583, 44.53259, 68.88131084796487], [-0.38568, 44.53279, 67.7], [-0.38561, 44.5328, 67.7], [-0.38572, 44.53284, 70.5], [-0.3857, 44.53289, 70.5], [-0.38578, 44.53291, 70.9], [-0.3857, 44.53312, 70.99411764705879], [-0.38564, 44.53317, 71.1], [-0.38547, 44.53312, 71.1], [-0.38539, 44.53326, 71.1], [-0.38528, 44.53327, 72.2], [-0.38535, 44.53312, 69.8], [-0.38512, 44.53306, 69.8], [-0.38506, 44.53325, 70.2], [-0.38474, 44.53312, 68.6169438964639], [-0.38458, 44.53294, 67.85238095238097], [-0.38463, 44.53279, 66.1], [-0.38454, 44.53274, 68.8], [-0.38473, 44.53245, 68.84778602301137], [-0.38493, 44.53235, 66.12222222222222], [-0.38517, 44.53231, 66.12222222222222], [-0.38542, 44.53234, 66.12222222222222], [-0.38566, 44.53243, 68.05], [-0.38583, 44.53259, 68.88131084796487]]], [[[-0.38586, 44.53292, 70.74327492352394], [-0.38584, 44.53292, 70.6], [-0.38587, 44.53282, 68.0], [-0.38586, 44.53292, 70.74327492352394]]]]}}, {"type": "Feature", "properties": {"id_obligation": "330760000C1026", "priorite": "faible"}, "geometry": {"type": "MultiPolygon", "coordinates": [[[[-0.38547, 44.5324, 68.2684210526316], [-0.38586, 44.53255, 68.7], [-0.38568, 44.53279, 69.6], [-0.38561, 44.5328, 67.7], [-0.38572, 44.53284, 70.5], [-0.3857, 44.53289, 70.5], [-0.38578, 44.53291, 70.9], [-0.38569, 44.53318, 71.1], [-0.38547, 44.53312, 71.1], [-0.38535, 44.53332, 71.1], [-0.38538, 44.53336, 71.2], [-0.38532, 44.53335, 71.2], [-0.38529, 44.5334, 71.2], [-0.38483, 44.53322, 70.08571428571429], [-0.38497, 44.53326, 71.0], [-0.385, 44.53321, 71.0], [-0.38468, 44.5331, 68.32068726142006], [-0.38457, 44.53291, 68.14000000000003], [-0.38463, 44.53279, 66.1], [-0.38459, 44.53274, 67.45], [-0.38472, 44.53255, 67.45], [-0.38491, 44.53243, 67.45], [-0.38512, 44.53238, 68.2684210526316], [-0.38547, 44.5324, 68.2684210526316]]], [[[-0.38609, 44.53279, 68.3], [-0.38608, 44.53303, 71.32222053650693], [-0.3859, 44.53327, 70.5939393939394], [-0.38566, 44.53337, 70.0], [-0.38571, 44.53332, 71.1], [-0.38549, 44.5333, 71.1], [-0.38554, 44.53321, 71.1], [-0.3859, 44.53326, 71.1], [-0.38577, 44.53321, 71.1], [-0.38589, 44.53293, 70.9], [-0.38584, 44.53292, 70.6], [-0.38587, 44.53282, 68.0], [-0.38602, 44.53266, 68.925], [-0.38609, 44.53279, 68.3]], [[-0.38596, 44.53279, 68.3], [-0.38594, 44.53284, 68.3], [-0.38607, 44.53285, 68.3], [-0.38609, 44.53279, 68.3], [-0.38596, 44.53279, 68.3]]]]}}, {"type": "Feature", "properties": {"id_obligation": "330760000C1030", "priorite": "faible"}, "geometry": {"type": "MultiPolygon", "coordinates": [[[[-0.38547, 44.53312, 71.1], [-0.38537, 44.53332, 71.1], [-0.38512, 44.53337, 70.04516129032258], [-0.38491, 44.53335, 69.3], [-0.3849, 44.53328, 69.3], [-0.38468, 44.53323, 69.3], [-0.38468, 44.53328, 69.3], [-0.38456, 44.53322, 68.9111111111111], [-0.38447, 44.53314, 68.38318247080129], [-0.38497, 44.53326, 71.0], [-0.385, 44.53321, 71.0], [-0.38465, 44.5331, 68.2], [-0.38467, 44.53304, 68.2], [-0.38452, 44.53299, 68.2], [-0.38445, 44.53312, 68.2], [-0.38439, 44.53304, 67.67857142857146], [-0.38437, 44.53278, 67.67857142857146], [-0.38449, 44.53258, 66.2], [-0.38455, 44.53259, 66.2], [-0.3846, 44.53247, 66.2], [-0.38483, 44.53236, 67.9], [-0.38508, 44.53233, 67.9], [-0.38543, 44.53236, 68.2909090909091], [-0.38573, 44.53248, 68.2909090909091], [-0.38584, 44.53259, 68.86624652204218], [-0.38568, 44.53279, 67.7], [-0.38561, 44.5328, 67.7], [-0.38572, 44.53284, 70.5], [-0.3857, 44.53289, 70.5], [-0.38578, 44.53291, 70.9], [-0.38567, 44.53318, 71.1], [-0.38547, 44.53312, 71.1]]], [[[-0.38554, 44.53321, 71.1], [-0.38558, 44.53322, 71.1], [-0.38555, 44.53323, 70.95641025641021], [-0.38554, 44.53321, 71.1]]], [[[-0.3859, 44.53279, 68.6], [-0.38591, 44.53278, 68.62275220982143], [-0.38591, 44.5328, 68.16224289729577], [-0.3859, 44.53279, 68.6]]], [[[-0.38589, 44.53293, 70.87815218676388], [-0.38584, 44.53292, 70.6], [-0.38591, 44.5328, 68.16224289729577], [-0.38592, 44.5328, 68.0], [-0.38589, 44.53293, 70.87815218676388]]]]}}, {"type": "Feature", "properties": {"id_obligation": "330760000C1040", "priorite": "moyenne"}, "geometry": {"type": "Polygon", "coordinates": [[[-0.37973, 44.53047, 34.470075757575756], [-0.37986, 44.53067, 34.470075757575756], [-0.37985, 44.53085, 34.470075757575756], [-0.37972, 44.53108, 34.470075757575756], [-0.37954, 44.5312, 34.470075757575756], [-0.37926, 44.53126, 34.35833333333333], [-0.37902, 44.53125, 34.35833333333333], [-0.37872, 44.53116, 34.470075757575756], [-0.37852, 44.531, 34.470075757575756], [-0.37845, 44.53083, 34.470075757575756], [-0.37847, 44.53066, 34.470075757575756], [-0.37858, 44.53047, 34.470075757575756], [-0.37875, 44.53034, 34.470075757575756], [-0.37898, 44.53027, 34.470075757575756], [-0.37923, 44.53028, 34.470075757575756], [-0.37949, 44.53033, 34.470075757575756], [-0.37973, 44.53047, 34.470075757575756]]]}}, {"type": "Feature", "properties": {"id_obligation": "330760000C1042", "priorite": "faible"}, "geometry": {"type": "MultiPolygon", "coordinates": [[[[-0.38705, 44.53272, 68.5], [-0.3869, 44.53264, 68.5], [-0.38683, 44.53274, 68.5], [-0.38701, 44.5328, 68.5], [-0.38706, 44.53274, 68.5], [-0.3871, 44.53294, 69.04], [-0.38704, 44.53305, 73.06363636363635], [-0.38619, 44.53332, 71.07142857142857], [-0.38628, 44.5334, 71.07142857142857], [-0.38578, 44.53319, 71.07821489801066], [-0.38589, 44.53293, 70.9], [-0.38584, 44.53292, 70.6], [-0.38587, 44.53282, 68.0], [-0.38601, 44.53261, 68.7], [-0.38586, 44.53255, 68.7], [-0.38565, 44.53278, 68.61725946592824], [-0.38578, 44.53258, 68.7], [-0.38595, 44.53245, 68.7], [-0.38618, 44.53238, 68.7], [-0.38643, 44.53238, 68.7], [-0.3867, 44.53246, 67.3], [-0.38665, 44.53253, 67.3], [-0.38684, 44.53258, 67.3], [-0.38686, 44.53254, 67.3], [-0.38705, 44.53272, 68.5]]], [[[-0.38564, 44.53298, 69.3], [-0.38568, 44.53294, 69.3], [-0.38564, 44.53293, 69.3], [-0.38564, 44.53281, 67.77358525238175], [-0.38572, 44.53284, 70.5], [-0.3857, 44.53289, 70.5], [-0.38578, 44.53291, 70.9], [-0.38571, 44.53312, 71.15999999999995], [-0.38564, 44.53298, 69.3]]]]}}, {"type": "Feature", "properties": {"id_obligation": "330760000C1043", "priorite": "faible"}, "geometry": {"type": "Polygon", "coordinates": [[[-0.38585, 44.53288, 69.45656874899218], [-0.38601, 44.53261, 68.7], [-0.38591, 44.53257, 68.7], [-0.38612, 44.53234, 66.89999999999999], [-0.38623, 44.53235, 66.3], [-0.38635, 44.53225, 66.3], [-0.3866, 44.53223, 66.3], [-0.38684, 44.53229, 67.3], [-0.38709, 44.53241, 67.3], [-0.38726, 44.53269, 68.23333333333333], [-0.38715, 44.53299, 69.8], [-0.38641, 44.53326, 72.2470588235294], [-0.38625, 44.53321, 71.36333467846873], [-0.38629, 44.53312, 71.7], [-0.38626, 44.53301, 69.4], [-0.38615, 44.53299, 69.4], [-0.38602, 44.5331, 70.66999999999999], [-0.38585, 44.53288, 69.45656874899218]]]}}, {"type": "Feature", "properties": {"id_obligation": "330760000C1046", "priorite": "faible"}, "geometry": {"type": "Polygon", "coordinates": [[[-0.38643, 44.53296, 69.8], [-0.38647, 44.5329, 69.8], [-0.3864, 44.53285, 69.8], [-0.38632, 44.53282, 69.8], [-0.38627, 44.53289, 69.8], [-0.38613, 44.53279, 69.675], [-0.38603, 44.53262, 68.37014705882353], [-0.38603, 44.53245, 68.37014705882353], [-0.38628, 44.53211, 65.6], [-0.38636, 44.53213, 65.6], [-0.38641, 44.53205, 65.6], [-0.38653, 44.53201, 68.37014705882353], [-0.38684, 44.53199, 68.37014705882353], [-0.38719, 44.5321, 68.37014705882353], [-0.38738, 44.53222, 68.37014705882353], [-0.38751, 44.53242, 68.37014705882353], [-0.38751, 44.5326, 68.37014705882353], [-0.38735, 44.53283, 69.3], [-0.38713, 44.53297, 69.3], [-0.38704, 44.533, 69.7], [-0.38692, 44.53294, 69.7], [-0.38687, 44.53301, 69.7], [-0.38691, 44.53302, 69.7], [-0.38684, 44.53303, 69.0625], [-0.38643, 44.53296, 69.8]]]}}, {"type": "Feature", "properties": {"id_obligation": "330760000C1048", "priorite": "faible"}, "geometry": {"type": "Polygon", "coordinates": [[[-0.38625, 44.53305, 70.8090909090909], [-0.38626, 44.5329, 69.8], [-0.38643, 44.53296, 69.8], [-0.38647, 44.5329, 69.8], [-0.38632, 44.53282, 69.8], [-0.38644, 44.53265, 68.8], [-0.38665, 44.53253, 67.3], [-0.38684, 44.53258, 67.3], [-0.38687, 44.53249, 67.3], [-0.38715, 44.53252, 69.68879268879269], [-0.38744, 44.53263, 69.68879268879269], [-0.38763, 44.53281, 69.68879268879269], [-0.38768, 44.53298, 69.68879268879269], [-0.38763, 44.53316, 69.68879268879269], [-0.3875, 44.53277, 69.68879268879269], [-0.38686, 44.53312, 72.34285714285713], [-0.38676, 44.53316, 70.3], [-0.38673, 44.53312, 70.3], [-0.38675, 44.53316, 70.3], [-0.38636, 44.53327, 70.8090909090909], [-0.38625, 44.53305, 70.8090909090909]]]}}, {"type": "Feature", "properties": {"id_obligation": "330760000C1050", "priorite": "faible"}, "geometry": {"type": "Polygon", "coordinates": [[[-0.38769, 44.53267, 69.49939393939393], [-0.38767, 44.53285, 69.49939393939393], [-0.38756, 44.53301, 69.49939393939393], [-0.3875, 44.53277, 69.49939393939393], [-0.38704, 44.53305, 69.96666666666665], [-0.38676, 44.53316, 70.3], [-0.38673, 44.53312, 70.3], [-0.38675, 44.53316, 70.3], [-0.38668, 44.53319, 73.2], [-0.38632, 44.533, 73.2], [-0.38622, 44.53284, 68.96666666666665], [-0.38621, 44.53266, 68.96666666666665], [-0.38637, 44.5324, 69.49939393939393], [-0.38654, 44.53227, 69.49939393939393], [-0.38676, 44.5322, 67.3], [-0.387, 44.53219, 67.3], [-0.38723, 44.53225, 69.49939393939393], [-0.3875, 44.5324, 69.49939393939393], [-0.38769, 44.53267, 69.49939393939393]]]}}, {"type": "Feature", "properties": {"id_obligation": "330760000C1069", "priorite": "forte"}, "geometry": {"type": "Polygon", "coordinates": [[[-0.37993, 44.53586, 32.11965240641712], [-0.37968, 44.53599, 32.11965240641712], [-0.37932, 44.53601, 32.11965240641712], [-0.37898, 44.5359, 32.11965240641712], [-0.3788, 44.53572, 32.11965240641712], [-0.37876, 44.53554, 32.11965240641712], [-0.37888, 44.53513, 31.3], [-0.37899, 44.53498, 31.3], [-0.37918, 44.53487, 31.3], [-0.37946, 44.53481, 31.772727272727284], [-0.3798, 44.53485, 32.800000000000004], [-0.38002, 44.53494, 32.800000000000004], [-0.38017, 44.53508, 32.800000000000004], [-0.38023, 44.53525, 32.11965240641712], [-0.38011, 44.53563, 32.11965240641712], [-0.37993, 44.53586, 32.11965240641712]]]}}, {"type": "Feature", "properties": {"id_obligation": "330760000C1075", "priorite": "moyenne"}, "geometry": {"type": "Polygon", "coordinates": [[[-0.38396, 44.53286, 64.92222222222223], [-0.38383, 44.53267, 65.42857142857143], [-0.38382, 44.53249, 65.42857142857143], [-0.38393, 44.53224, 65.5], [-0.38413, 44.53207, 65.5], [-0.38437, 44.532, 66.42048374905518], [-0.38462, 44.532, 66.42048374905518], [-0.3849, 44.53207, 64.7], [-0.38509, 44.53218, 64.7], [-0.38522, 44.53237, 66.42048374905518], [-0.38522, 44.53254, 66.42048374905518], [-0.38512, 44.53279, 69.47333333333334], [-0.38505, 44.53278, 70.2], [-0.38501, 44.5329, 69.47333333333334], [-0.38475, 44.53302, 67.95925925925927], [-0.38476, 44.53297, 68.4], [-0.3847, 44.53295, 68.4], [-0.38469, 44.53303, 67.95925925925927], [-0.38452, 44.53299, 68.2], [-0.38449, 44.53304, 68.2], [-0.38434, 44.53302, 66.7], [-0.38437, 44.53293, 66.7], [-0.38432, 44.53292, 66.7], [-0.38421, 44.53299, 64.92222222222223], [-0.38396, 44.53286, 64.92222222222223]]]}}, {"type": "Feature", "properties": {"id_obligation": "330760000C1083", "priorite": "moyenne"}, "geometry": {"type": "Polygon", "coordinates": [[[-0.3847, 44.53243, 65.66741071428572], [-0.38456, 44.53224, 65.66741071428572], [-0.38456, 44.53202, 65.66741071428572], [-0.3847, 44.53178, 65.66741071428572], [-0.38492, 44.53163, 65.66741071428572], [-0.38516, 44.53157, 65.66741071428572], [-0.38541, 44.53158, 65.66741071428572], [-0.38569, 44.53167, 65.66741071428572], [-0.38587, 44.5318, 65.66741071428572], [-0.38597, 44.532, 64.64285714285714], [-0.38595, 44.53218, 64.64285714285714], [-0.3858, 44.53241, 66.8125], [-0.38556, 44.53256, 67.8947362041145], [-0.38559, 44.5325, 67.8], [-0.38537, 44.53248, 67.9], [-0.38536, 44.53252, 67.9], [-0.38555, 44.53257, 67.9], [-0.38542, 44.5326, 66.5142857142857], [-0.38518, 44.53261, 66.5142857142857], [-0.3849, 44.53254, 65.66741071428572], [-0.3847, 44.53243, 65.66741071428572]]]}}, {"type": "Feature", "properties": {"id_obligation": "330760000C1092", "priorite": "faible"}, "geometry": {"type": "MultiPolygon", "coordinates": [[[[-0.39021, 44.53738, 56.197743227973014], [-0.39025, 44.53764, 56.8], [-0.38991, 44.53761, 55.7], [-0.38982, 44.53763, 55.2], [-0.38982, 44.5377, 55.2], [-0.39009, 44.53772, 56.2], [-0.39006, 44.5378, 55.7], [-0.38998, 44.53777, 55.7], [-0.38994, 44.5379, 55.7], [-0.3901, 44.53798, 55.960000000000015], [-0.38992, 44.5381, 55.55882352941176], [-0.38963, 44.53816, 55.55882352941176], [-0.3893, 44.53812, 55.5], [-0.38902, 44.53801, 55.5], [-0.38884, 44.53783, 55.5], [-0.38879, 44.53766, 55.96666666666667], [-0.38886, 44.53738, 56.4], [-0.38898, 44.53723, 56.4], [-0.38918, 44.53712, 56.4], [-0.38942, 44.53707, 57.868750000000006], [-0.38977, 44.53711, 57.868750000000006], [-0.38998, 44.53719, 57.868750000000006], [-0.39021, 44.53738, 56.197743227973014]]], [[[-0.3902, 44.53785, 56.11550833753673], [-0.39015, 44.53783, 56.2], [-0.39023, 44.53772, 56.8], [-0.3902, 44.53785, 56.11550833753673]]]]}}, {"type": "Feature", "properties": {"id_obligation": "330760000C1094", "priorite": "moyenne"}, "geometry": {"type": "Polygon", "coordinates": [[[-0.3836, 44.53384, 63.48571428571429], [-0.38371, 44.53369, 63.48571428571429], [-0.38406, 44.53353, 64.0], [-0.38401, 44.53368, 64.0], [-0.38414, 44.53369, 64.0], [-0.38419, 44.53351, 64.0], [-0.38425, 44.53351, 68.62509013282839], [-0.38444, 44.53358, 65.8], [-0.38445, 44.53354, 65.8], [-0.38452, 44.53355, 68.62509013282839], [-0.38474, 44.53363, 70.3], [-0.38459, 44.53366, 70.3], [-0.38454, 44.53372, 70.3], [-0.38458, 44.53377, 70.3], [-0.38471, 44.53376, 70.3], [-0.38474, 44.5338, 70.3], [-0.38491, 44.53377, 70.3], [-0.38512, 44.53386, 70.12666666666664], [-0.3853, 44.53405, 63.4], [-0.38533, 44.53423, 63.4], [-0.38527, 44.53443, 65.49166184753489], [-0.38514, 44.53458, 65.49166184753489], [-0.38476, 44.53483, 64.1], [-0.38441, 44.53489, 64.1], [-0.38388, 44.5348, 65.49166184753489], [-0.38365, 44.53466, 65.49166184753489], [-0.38353, 44.53446, 65.49166184753489], [-0.3836, 44.53384, 63.48571428571429]]]}}, {"type": "Feature", "properties": {"id_obligation": "330760000C1103", "priorite": "faible"}, "geometry": {"type": "Polygon", "coordinates": [[[-0.38014, 44.5398, 29.71746031746032], [-0.38005, 44.53963, 30.0], [-0.38005, 44.53945, 30.0], [-0.38018, 44.53923, 29.71746031746032], [-0.38035, 44.53911, 29.71746031746032], [-0.38058, 44.53904, 29.08571428571429], [-0.38082, 44.53904, 29.08571428571429], [-0.38108, 44.53911, 29.71746031746032], [-0.38127, 44.53924, 29.71746031746032], [-0.38136, 44.5394, 29.71746031746032], [-0.38136, 44.53958, 29.71746031746032], [-0.38126, 44.53978, 29.71746031746032], [-0.3811, 44.53991, 29.71746031746032], [-0.38089, 44.53999, 29.71746031746032], [-0.38065, 44.54001, 29.71746031746032], [-0.38038, 44.53995, 29.71746031746032], [-0.38014, 44.5398, 29.71746031746032]]]}}, {"type": "Feature", "properties": {"id_obligation": "330760000C1104", "priorite": "moyenne"}, "geometry": {"type": "Polygon", "coordinates": [[[-0.38048, 44.53879, 29.765625], [-0.38077, 44.53874, 29.765625], [-0.38111, 44.5388, 29.765625], [-0.38131, 44.5389, 29.765625], [-0.38147, 44.53909, 29.765625], [-0.38149, 44.53927, 29.765625], [-0.38138, 44.53951, 29.765625], [-0.38124, 44.53965, 29.765625], [-0.38104, 44.53974, 30.2], [-0.3808, 44.53978, 30.2], [-0.38047, 44.53972, 30.0], [-0.38026, 44.53962, 30.0], [-0.38012, 44.53947, 30.0], [-0.38007, 44.53929, 29.7], [-0.38025, 44.53893, 29.765625], [-0.38048, 44.53879, 29.765625]]]}}, {"type": "Feature", "properties": {"id_obligation": "330760000C1105", "priorite": "moyenne"}, "geometry": {"type": "Polygon", "coordinates": [[[-0.38059, 44.54009, 29.27380952380952], [-0.38015, 44.54003, 29.27380952380952], [-0.37989, 44.53992, 29.27380952380952], [-0.37972, 44.53969, 29.27380952380952], [-0.37973, 44.53947, 29.27380952380952], [-0.37997, 44.53913, 29.27380952380952], [-0.38015, 44.53901, 29.27380952380952], [-0.38058, 44.53886, 28.95], [-0.38082, 44.53886, 28.899999999999995], [-0.38114, 44.53895, 28.899999999999995], [-0.38132, 44.53907, 28.899999999999995], [-0.38142, 44.53924, 29.27380952380952], [-0.38142, 44.53942, 29.27380952380952], [-0.38124, 44.53973, 29.27380952380952], [-0.38093, 44.53998, 29.27380952380952], [-0.38059, 44.54009, 29.27380952380952]]]}}, {"type": "Feature", "properties": {"id_obligation": "330760000C1116", "priorite": "faible"}, "geometry": {"type": "Polygon", "coordinates": [[[-0.38682, 44.53492, 67.5], [-0.38674, 44.53491, 67.5], [-0.38672, 44.53498, 67.5], [-0.3868, 44.53503, 67.6], [-0.38661, 44.53524, 67.6], [-0.38639, 44.53534, 65.44285714285714], [-0.38606, 44.53538, 65.44285714285714], [-0.38572, 44.53533, 41.992935635792776], [-0.3855, 44.53524, 41.992935635792776], [-0.38536, 44.53509, 41.992935635792776], [-0.38531, 44.53491, 41.992935635792776], [-0.38542, 44.53459, 67.6], [-0.38553, 44.53443, 67.6], [-0.38578, 44.5343, 67.6], [-0.38602, 44.53427, 67.6], [-0.38641, 44.53433, 68.6], [-0.38662, 44.53443, 68.6], [-0.38675, 44.53458, 68.6], [-0.38676, 44.53469, 68.7], [-0.38681, 44.5347, 69.99482895910931], [-0.38682, 44.53492, 67.5]]]}}, {"type": "Feature", "properties": {"id_obligation": "330760000C1117", "priorite": "faible"}, "geometry": {"type": "Polygon", "coordinates": [[[-0.38615, 44.53455, -466.55], [-0.38646, 44.53461, -111.01125356125355], [-0.38665, 44.53473, -111.01125356125355], [-0.38676, 44.53488, 67.47777777777779], [-0.38672, 44.53498, 67.5], [-0.38678, 44.53506, 67.47777777777779], [-0.38666, 44.53532, -111.01125356125355], [-0.3865, 44.53546, -111.01125356125355], [-0.38629, 44.53554, -111.01125356125355], [-0.38605, 44.53555, -111.01125356125355], [-0.3857, 44.53547, -111.01125356125355], [-0.38551, 44.53536, -111.01125356125355], [-0.38539, 44.53521, -111.01125356125355], [-0.38536, 44.53504, -111.01125356125355], [-0.38545, 44.53481, -111.01125356125355], [-0.38561, 44.53467, -111.01125356125355], [-0.3859, 44.53456, -466.55], [-0.38615, 44.53455, -466.55]]]}}, {"type": "Feature", "properties": {"id_obligation": "330760000D0005", "priorite": "moyenne"}, "geometry": {"type": "Polygon", "coordinates": [[[-0.38751, 44.51797, 46.88083333333333], [-0.38754, 44.51819, 46.88083333333333], [-0.38738, 44.51848, 46.88083333333333], [-0.38713, 44.5186, 46.88083333333333], [-0.38687, 44.51864, 49.1], [-0.38679, 44.5184, 47.4], [-0.38689, 44.51839, 47.4], [-0.38688, 44.51835, 47.4], [-0.38672, 44.51836, 49.1], [-0.38678, 44.51863, 49.1], [-0.38643, 44.51852, 48.266666666666666], [-0.38621, 44.5183, 46.199999999999996], [-0.38613, 44.51814, 46.199999999999996], [-0.38613, 44.51792, 46.88083333333333], [-0.38627, 44.51773, 46.88083333333333], [-0.38651, 44.51761, 46.88083333333333], [-0.38686, 44.51757, 46.88083333333333], [-0.3871, 44.51762, 46.88083333333333], [-0.38737, 44.51778, 46.88083333333333], [-0.38751, 44.51797, 46.88083333333333]]]}}, {"type": "Feature", "properties": {"id_obligation": "330760000D0044", "priorite": "très forte"}, "geometry": {"type": "Polygon", "coordinates": [[[-0.38571, 44.52294, 50.32000000000001], [-0.38569, 44.52327, 50.32000000000001], [-0.38564, 44.5234, 50.32000000000001], [-0.3855, 44.52355, 50.32000000000001], [-0.3853, 44.52365, 50.32000000000001], [-0.38505, 44.52368, 50.32000000000001], [-0.38473, 44.52365, 50.32000000000001], [-0.38447, 44.52354, 50.32000000000001], [-0.38434, 44.5234, 50.32000000000001], [-0.38429, 44.5232, 50.32000000000001], [-0.38412, 44.52293, 50.32000000000001], [-0.38417, 44.52268, 50.32000000000001], [-0.38433, 44.5225, 50.32000000000001], [-0.38464, 44.52238, 50.32000000000001], [-0.38509, 44.5224, 50.32000000000001], [-0.3854, 44.52252, 50.32000000000001], [-0.3856, 44.52274, 50.32000000000001], [-0.38571, 44.52294, 50.32000000000001]]]}}, {"type": "Feature", "properties": {"id_obligation": "330760000D0069", "priorite": "moyenne"}, "geometry": {"type": "Polygon", "coordinates": [[[-0.38753, 44.52387, 45.02063492063491], [-0.38778, 44.524, 45.02063492063491], [-0.38791, 44.5242, 45.02063492063491], [-0.38788, 44.5245, 45.02063492063491], [-0.38769, 44.5247, 46.3], [-0.38765, 44.5246, 46.3], [-0.38754, 44.52463, 46.3], [-0.38759, 44.52475, 46.27161269472023], [-0.38746, 44.5248, 45.699999999999996], [-0.38708, 44.52491, 45.1], [-0.38671, 44.52489, 45.02063492063491], [-0.38645, 44.52478, 45.02063492063491], [-0.38631, 44.52464, 45.02063492063491], [-0.38626, 44.52447, 45.02063492063491], [-0.3863, 44.52427, 45.02063492063491], [-0.38654, 44.52402, 45.02063492063491], [-0.38688, 44.52387, 45.02063492063491], [-0.38716, 44.52383, 45.02063492063491], [-0.38753, 44.52387, 45.02063492063491]]]}}, {"type": "Feature", "properties": {"id_obligation": "330760000D0072", "priorite": "moyenne"}, "geometry": {"type": "MultiPolygon", "coordinates": [[[[-0.38859, 44.52515, 48.89999999999999], [-0.38853, 44.52531, 50.02606303418804], [-0.38839, 44.52545, 50.02606303418804], [-0.38815, 44.52556, 50.00666666666668], [-0.38807, 44.52542, 50.1], [-0.38797, 44.52544, 50.1], [-0.38798, 44.52558, 50.1], [-0.38767, 44.52566, 50.00666666666668], [-0.38744, 44.52566, 63.0], [-0.38714, 44.52556, 53.16875000000002], [-0.38697, 44.52538, 53.16875000000002], [-0.3869, 44.52516, 53.91250000000001], [-0.38699, 44.52494, 50.02606303418804], [-0.38716, 44.52481, 50.02606303418804], [-0.38767, 44.52458, 45.83846153846154], [-0.38791, 44.52456, 45.83846153846154], [-0.3882, 44.52462, 50.02606303418804], [-0.38843, 44.52477, 50.02606303418804], [-0.38859, 44.52515, 48.89999999999999]]]]}}, {"type": "Feature", "properties": {"id_obligation": "330760000D0075", "priorite": "forte"}, "geometry": {"type": "Polygon", "coordinates": [[[-0.388, 44.52723, 53.800000000000004], [-0.38774, 44.52712, 53.800000000000004], [-0.38757, 44.52694, 53.800000000000004], [-0.38753, 44.52673, 53.800000000000004], [-0.38762, 44.52647, 53.800000000000004], [-0.38781, 44.5263, 53.800000000000004], [-0.38804, 44.52621, 53.800000000000004], [-0.38839, 44.52619, 53.800000000000004], [-0.38867, 44.52626, 53.800000000000004], [-0.38884, 44.52638, 53.800000000000004], [-0.38894, 44.52654, 53.800000000000004], [-0.38898, 44.52681, 53.800000000000004], [-0.38891, 44.52698, 53.800000000000004], [-0.38876, 44.52711, 53.800000000000004], [-0.38854, 44.5272, 53.800000000000004], [-0.38824, 44.52724, 53.800000000000004], [-0.388, 44.52723, 53.800000000000004]]]}}, {"type": "Feature", "properties": {"id_obligation": "330760000D0085", "priorite": "forte"}, "geometry": {"type": "Polygon", "coordinates": [[[-0.38755, 44.52786, 56.133333333333326], [-0.38738, 44.52767, 56.133333333333326], [-0.38735, 44.52749, 56.133333333333326], [-0.38744, 44.52725, 56.133333333333326], [-0.38759, 44.52711, 56.133333333333326], [-0.38786, 44.52701, 56.133333333333326], [-0.38811, 44.52701, 56.133333333333326], [-0.38844, 44.52707, 56.4], [-0.38863, 44.52717, 56.4], [-0.38877, 44.52737, 56.39999999999999], [-0.3887, 44.52774, 56.133333333333326], [-0.38856, 44.52788, 56.133333333333326], [-0.38834, 44.52797, 56.133333333333326], [-0.3881, 44.52799, 56.133333333333326], [-0.38782, 44.52796, 56.133333333333326], [-0.38755, 44.52786, 56.133333333333326]]]}}, {"type": "Feature", "properties": {"id_obligation": "330760000D0086", "priorite": "forte"}, "geometry": {"type": "Polygon", "coordinates": [[[-0.38915, 44.52717, -472.0], [-0.38921, 44.52736, -472.0], [-0.38918, 44.52754, -1000.0], [-0.38903, 44.52772, -1000.0], [-0.38878, 44.52783, -1000.0], [-0.38842, 44.52789, -1000.0], [-0.38818, 44.52786, -472.0], [-0.38796, 44.52777, -472.0], [-0.3878, 44.52758, -472.0], [-0.38774, 44.52731, 55.6], [-0.38778, 44.52714, -472.0], [-0.38792, 44.52699, -472.0], [-0.38811, 44.52689, -472.0], [-0.38846, 44.52684, -472.0], [-0.38876, 44.52688, -472.0], [-0.38898, 44.527, -472.0], [-0.38915, 44.52717, -472.0]]]}}, {"type": "Feature", "properties": {"id_obligation": "330760000D0101", "priorite": "moyenne"}, "geometry": {"type": "Polygon", "coordinates": [[[-0.38898, 44.52907, 57.02799999999998], [-0.38893, 44.52913, 57.1], [-0.38886, 44.52911, 57.1], [-0.38888, 44.52918, 57.1], [-0.38878, 44.52924, 57.02799999999998], [-0.38849, 44.52932, 55.32857142857142], [-0.38821, 44.52931, 55.32857142857142], [-0.38797, 44.52925, -66.95394805194806], [-0.38779, 44.52912, -66.95394805194806], [-0.38767, 44.52894, 55.46428571428571], [-0.38767, 44.52873, 55.46428571428571], [-0.38775, 44.52856, -66.95394805194806], [-0.38797, 44.52841, -66.95394805194806], [-0.3882, 44.52835, 56.6], [-0.38847, 44.52835, 56.6], [-0.3887, 44.52841, -66.95394805194806], [-0.38888, 44.52852, -66.95394805194806], [-0.38901, 44.52869, -682.84], [-0.38904, 44.52881, -1000.0], [-0.38899, 44.52883, -1000.0], [-0.38904, 44.52888, -682.84], [-0.38898, 44.52907, 57.02799999999998]]]}}, {"type": "Feature", "properties": {"id_obligation": "330760000D0107", "priorite": "moyenne"}, "geometry": {"type": "Polygon", "coordinates": [[[-0.38947, 44.52922, -119.5323966877421], [-0.38939, 44.52939, -119.5323966877421], [-0.38922, 44.52952, -119.5323966877421], [-0.38899, 44.52959, 56.6], [-0.38873, 44.5296, 56.6], [-0.38849, 44.52956, -119.5323966877421], [-0.38824, 44.52942, -119.5323966877421], [-0.38809, 44.52924, 55.442105263157885], [-0.38806, 44.52896, 55.442105263157885], [-0.38813, 44.5288, 56.78181818181818], [-0.38833, 44.52864, 56.78181818181818], [-0.38856, 44.52857, 56.6], [-0.38892, 44.52857, 56.92857142857143], [-0.38916, 44.52864, -1000.0], [-0.38934, 44.52876, -1000.0], [-0.38945, 44.52899, -119.5323966877421], [-0.38947, 44.52922, -119.5323966877421]]]}}, {"type": "Feature", "properties": {"id_obligation": "330760000D0109", "priorite": "moyenne"}, "geometry": {"type": "Polygon", "coordinates": [[[-0.38842, 44.52971, -154.8402421652422], [-0.38824, 44.52959, -154.8402421652422], [-0.38814, 44.52943, 55.29999999999999], [-0.38813, 44.52918, 55.29999999999999], [-0.38821, 44.52902, 55.4], [-0.38817, 44.52915, 55.4], [-0.38827, 44.52916, 55.0], [-0.38834, 44.529, 55.4], [-0.38825, 44.52899, 55.4], [-0.38838, 44.52889, 57.03146586871701], [-0.3884, 44.52896, 56.9], [-0.38855, 44.52896, 56.9], [-0.38855, 44.5289, 57.7], [-0.38864, 44.52891, 57.2], [-0.38866, 44.52885, 57.2], [-0.3885, 44.52884, 57.7], [-0.38894, 44.52881, 57.081481481481475], [-0.38921, 44.5289, -1000.0], [-0.38936, 44.52903, -1000.0], [-0.38944, 44.52919, -154.8402421652422], [-0.38945, 44.5294, -154.8402421652422], [-0.38936, 44.52956, -154.8402421652422], [-0.38919, 44.52969, -154.8402421652422], [-0.38896, 44.52977, -154.8402421652422], [-0.38871, 44.52978, -154.8402421652422], [-0.38842, 44.52971, -154.8402421652422]]]}}, {"type": "Feature", "properties": {"id_obligation": "330760000D0116", "priorite": "moyenne"}, "geometry": {"type": "Polygon", "coordinates": [[[-0.38863, 44.52952, 56.6], [-0.38838, 44.52961, 56.29027573529411], [-0.38808, 44.52961, 56.29027573529411], [-0.38784, 44.52953, 56.29027573529411], [-0.38765, 44.5294, 56.29027573529411], [-0.38754, 44.5292, 56.29027573529411], [-0.38762, 44.52887, 55.5], [-0.38773, 44.52871, 55.5], [-0.38791, 44.52859, 55.5], [-0.38815, 44.52853, 56.1235294117647], [-0.38839, 44.52855, 56.1235294117647], [-0.38873, 44.52865, 56.949999999999996], [-0.38889, 44.52878, 56.949999999999996], [-0.38897, 44.52895, 57.05312499999998], [-0.38895, 44.52914, 57.1], [-0.38886, 44.52911, 57.1], [-0.38886, 44.52917, 57.1], [-0.38892, 44.5292, 57.1], [-0.38885, 44.52934, 56.6], [-0.38863, 44.52952, 56.6]]]}}, {"type": "Feature", "properties": {"id_obligation": "330760000D0234", "priorite": "très forte"}, "geometry": {"type": "Polygon", "coordinates": [[[-0.37943, 44.52468, 29.85384615384616], [-0.37973, 44.52465, 29.85384615384616], [-0.38009, 44.52473, 29.85384615384616], [-0.38031, 44.52488, 29.85384615384616], [-0.3804, 44.52509, 29.85384615384616], [-0.38036, 44.52532, 29.85384615384616], [-0.38024, 44.52547, 29.85384615384616], [-0.37995, 44.52568, 29.85384615384616], [-0.37964, 44.52573, 29.85384615384616], [-0.3793, 44.52569, 29.85384615384616], [-0.37908, 44.52562, 29.85384615384616], [-0.37893, 44.52549, 29.85384615384616], [-0.37884, 44.52528, 29.85384615384616], [-0.37888, 44.52508, 29.85384615384616], [-0.37898, 44.52492, 29.85384615384616], [-0.37943, 44.52468, 29.85384615384616]]]}}, {"type": "Feature", "properties": {"id_obligation": "330760000D0341", "priorite": "très forte"}, "geometry": {"type": "Polygon", "coordinates": [[[-0.38024, 44.51835, 45.1888888888889], [-0.38051, 44.51824, 45.1888888888889], [-0.38081, 44.51824, 45.1888888888889], [-0.38111, 44.51833, 45.1888888888889], [-0.38128, 44.51847, 45.1888888888889], [-0.38136, 44.51864, 45.1888888888889], [-0.38134, 44.51882, 45.1888888888889], [-0.38122, 44.51902, 45.1888888888889], [-0.38104, 44.51915, 45.1888888888889], [-0.38081, 44.51922, 45.1888888888889], [-0.38056, 44.51922, 45.1888888888889], [-0.38027, 44.51914, 45.1888888888889], [-0.3801, 44.51901, 45.1888888888889], [-0.38, 44.51884, 45.1888888888889], [-0.38001, 44.51866, 45.1888888888889], [-0.38009, 44.51849, 45.1888888888889], [-0.38024, 44.51835, 45.1888888888889]]]}}, {"type": "Feature", "properties": {"id_obligation": "330760000D0350", "priorite": "très forte"}, "geometry": {"type": "Polygon", "coordinates": [[[-0.38205, 44.5183, -1000.0], [-0.38182, 44.51815, -1000.0], [-0.38173, 44.51798, -1000.0], [-0.38173, 44.51776, -1000.0], [-0.38183, 44.51761, -1000.0], [-0.382, 44.51749, -1000.0], [-0.38223, 44.51742, -1000.0], [-0.38255, 44.51742, -1000.0], [-0.38277, 44.51749, -1000.0], [-0.38294, 44.51761, -1000.0], [-0.38304, 44.51776, -1000.0], [-0.38305, 44.51798, -1000.0], [-0.38296, 44.51814, -1000.0], [-0.38279, 44.51827, -1000.0], [-0.38256, 44.51835, -1000.0], [-0.38229, 44.51835, -1000.0], [-0.38205, 44.5183, -1000.0]]]}}, {"type": "Feature", "properties": {"id_obligation": "330760000D0389", "priorite": "moyenne"}, "geometry": {"type": "Polygon", "coordinates": [[[-0.3864, 44.51875, 51.0], [-0.3867, 44.51872, 51.0], [-0.38668, 44.51864, 51.0], [-0.38631, 44.51869, 51.0], [-0.38618, 44.51851, 49.7], [-0.38615, 44.51828, 48.92352941176471], [-0.38621, 44.51816, 46.2], [-0.38621, 44.51822, 46.2], [-0.38632, 44.51822, 46.2], [-0.38634, 44.5181, 46.2], [-0.38625, 44.5181, 46.2], [-0.38646, 44.51796, 46.199999999999996], [-0.38669, 44.51791, 44.669999999999995], [-0.38699, 44.5179, 44.669999999999995], [-0.38721, 44.51796, 48.26199849170438], [-0.38739, 44.51808, 48.26199849170438], [-0.38749, 44.51824, 48.26199849170438], [-0.38751, 44.51847, 48.26199849170438], [-0.38742, 44.51863, 48.26199849170438], [-0.38725, 44.51876, 48.26199849170438], [-0.38679, 44.51885, 50.239999999999995], [-0.3864, 44.51875, 51.0]]]}}, {"type": "Feature", "properties": {"id_obligation": "330760000D0399", "priorite": "forte"}, "geometry": {"type": "Polygon", "coordinates": [[[-0.38722, 44.51873, 48.97], [-0.38711, 44.51898, 48.11538461538461], [-0.38682, 44.51915, 48.11538461538461], [-0.38636, 44.51922, 48.11538461538461], [-0.38605, 44.51918, 48.11538461538461], [-0.38581, 44.51905, 48.11538461538461], [-0.38555, 44.51869, 48.11538461538461], [-0.38549, 44.51847, 48.11538461538461], [-0.38552, 44.5183, 48.11538461538461], [-0.38564, 44.51815, 48.11538461538461], [-0.38583, 44.51805, 48.11538461538461], [-0.38613, 44.51799, 46.67999999999999], [-0.38672, 44.51807, 46.800000000000004], [-0.38691, 44.51818, 44.7], [-0.3871, 44.5184, 48.97], [-0.38722, 44.51873, 48.97]]]}}, {"type": "Feature", "properties": {"id_obligation": "330760000D0400", "priorite": "moyenne"}, "geometry": {"type": "Polygon", "coordinates": [[[-0.3871, 44.51892, 49.505384615384614], [-0.38695, 44.51907, 49.505384615384614], [-0.38674, 44.51916, 49.505384615384614], [-0.38639, 44.51921, 49.505384615384614], [-0.38609, 44.51915, 49.505384615384614], [-0.3859, 44.51904, 49.505384615384614], [-0.38578, 44.51889, 49.505384615384614], [-0.38574, 44.51869, 49.505384615384614], [-0.38581, 44.51848, 49.699999999999996], [-0.38597, 44.51834, 49.699999999999996], [-0.38618, 44.51826, 48.5], [-0.38652, 44.51822, 48.5], [-0.38676, 44.51826, 48.276923076923076], [-0.38696, 44.51836, 48.276923076923076], [-0.38709, 44.5185, 48.276923076923076], [-0.38715, 44.5187, 50.05], [-0.3871, 44.51892, 49.505384615384614]]]}}, {"type": "Feature", "properties": {"id_obligation": "330760000D0403", "priorite": "moyenne"}, "geometry": {"type": "Polygon", "coordinates": [[[-0.3875, 44.51871, 48.1164537037037], [-0.38743, 44.51887, 48.1164537037037], [-0.38727, 44.51901, 48.1164537037037], [-0.38692, 44.51914, 48.1164537037037], [-0.38658, 44.51918, 48.1164537037037], [-0.38635, 44.51914, 51.0], [-0.38611, 44.51901, 51.0], [-0.38596, 44.51875, 49.39375], [-0.38594, 44.51833, 49.39375], [-0.38599, 44.51816, 46.199999999999996], [-0.38618, 44.51798, 46.199999999999996], [-0.38646, 44.51789, 44.669999999999995], [-0.38693, 44.51789, 44.669999999999995], [-0.38718, 44.518, 48.1164537037037], [-0.38741, 44.51828, 48.1164537037037], [-0.3875, 44.51871, 48.1164537037037]]]}}, {"type": "Feature", "properties": {"id_obligation": "330760000D0406", "priorite": "moyenne"}, "geometry": {"type": "MultiPolygon", "coordinates": [[[[-0.38689, 44.51839, 47.4], [-0.38688, 44.51835, 47.4], [-0.38672, 44.51836, 49.1], [-0.38676, 44.51854, 49.1], [-0.3866, 44.51862, 48.35000000000001], [-0.38626, 44.51867, 49.16428571428571], [-0.38595, 44.51863, 47.226488095238096], [-0.38575, 44.51853, 47.226488095238096], [-0.38561, 44.51834, 47.226488095238096], [-0.38557, 44.51809, 47.226488095238096], [-0.38563, 44.51791, 47.226488095238096], [-0.38578, 44.51777, 47.226488095238096], [-0.386, 44.51768, 47.226488095238096], [-0.38638, 44.51765, 47.226488095238096], [-0.38661, 44.5177, 47.226488095238096], [-0.38681, 44.5178, 47.226488095238096], [-0.38693, 44.51795, 47.226488095238096], [-0.38697, 44.51817, 45.19166666666666], [-0.38693, 44.51833, 48.35000000000001], [-0.38689, 44.51839, 47.4]]], [[[-0.38683, 44.51848, 49.1], [-0.38679, 44.5184, 47.4], [-0.38689, 44.51839, 47.4], [-0.38683, 44.51848, 49.1]]]]}}, {"type": "Feature", "properties": {"id_obligation": "330760000D0449", "priorite": "moyenne"}, "geometry": {"type": "MultiPolygon", "coordinates": [[[[-0.39133, 44.52194, 54.699999999999996], [-0.3911, 44.52201, 55.347368421052636], [-0.39079, 44.52199, 54.8], [-0.39052, 44.52188, 54.8], [-0.39036, 44.52174, 54.8], [-0.39029, 44.52152, 54.315384615384616], [-0.39032, 44.52138, 53.7], [-0.39038, 44.52139, 53.7], [-0.3904, 44.52133, 53.7], [-0.39053, 44.52138, 53.7], [-0.39056, 44.52133, 53.7], [-0.39042, 44.52126, 53.7], [-0.39054, 44.52114, 54.35333333333335], [-0.39053, 44.5212, 54.8], [-0.39061, 44.52121, 54.8], [-0.39058, 44.52129, 54.8], [-0.39081, 44.52134, 55.5], [-0.39083, 44.5213, 55.5], [-0.39076, 44.52128, 54.7], [-0.39087, 44.521, 54.7], [-0.39099, 44.52099, 54.51052114162639], [-0.39098, 44.52107, 54.4], [-0.39118, 44.52111, 55.2], [-0.39127, 44.52112, 55.2], [-0.39131, 44.52104, 56.3], [-0.3915, 44.52114, 55.53529411764707], [-0.39155, 44.52118, 56.0], [-0.3915, 44.52129, 56.0], [-0.39159, 44.5213, 56.0], [-0.39162, 44.52124, 56.0], [-0.39171, 44.52144, 54.97916666666666], [-0.39168, 44.52161, 54.97916666666666], [-0.39155, 44.52179, 54.699999999999996], [-0.39133, 44.52194, 54.699999999999996]]], [[[-0.39068, 44.52106, 54.35333333333335], [-0.3907, 44.52105, 54.7], [-0.39068, 44.5211, 54.7], [-0.39063, 44.52108, 54.35333333333335], [-0.39068, 44.52106, 54.35333333333335]]], [[[-0.39109, 44.52099, 54.81707317073171], [-0.39117, 44.521, 54.2], [-0.39115, 44.52101, 54.2], [-0.39103, 44.52099, 54.81707317073171], [-0.39109, 44.52099, 54.81707317073171]]]]}}, {"type": "Feature", "properties": {"id_obligation": "330760000D0450", "priorite": "moyenne"}, "geometry": {"type": "MultiPolygon", "coordinates": [[[[-0.39159, 44.52183, 57.0], [-0.39138, 44.52193, 55.11666666666667], [-0.39113, 44.52196, 55.11666666666667], [-0.39089, 44.52192, 55.11666666666667], [-0.39056, 44.52176, 55.18750000000001], [-0.39043, 44.52161, 55.18750000000001], [-0.3904, 44.52133, 53.7], [-0.39053, 44.52138, 53.7], [-0.39056, 44.52133, 53.7], [-0.39044, 44.5213, 53.7], [-0.39045, 44.52123, 54.21951219512197], [-0.39057, 44.52111, 54.76374447179589], [-0.39053, 44.5212, 54.8], [-0.39061, 44.52121, 54.8], [-0.39058, 44.52129, 54.8], [-0.39081, 44.52134, 55.5], [-0.39083, 44.5213, 55.5], [-0.39076, 44.52128, 54.7], [-0.39088, 44.52097, 54.7], [-0.39082, 44.52096, 54.7], [-0.39087, 44.52092, 54.672500000000014], [-0.39095, 44.52088, 54.2], [-0.39093, 44.52097, 54.2], [-0.391, 44.52097, 54.2], [-0.39102, 44.52086, 54.2], [-0.39121, 44.52081, 54.672500000000014], [-0.39158, 44.52085, 55.12], [-0.39181, 44.52096, 55.0], [-0.39173, 44.52106, 55.0], [-0.39182, 44.52111, 55.0], [-0.39186, 44.52101, 55.0], [-0.39197, 44.5212, 55.08181818181818], [-0.39194, 44.52142, 55.08181818181818], [-0.39159, 44.52183, 57.0]]], [[[-0.39069, 44.52103, 54.58], [-0.39071, 44.52102, 54.7], [-0.39068, 44.5211, 54.7], [-0.3906, 44.52108, 54.7], [-0.39069, 44.52103, 54.58]]]]}}, {"type": "Feature", "properties": {"id_obligation": "330760000D0453", "priorite": "moyenne"}, "geometry": {"type": "Polygon", "coordinates": [[[-0.39165, 44.52214, 55.110929339477714], [-0.39136, 44.5222, 55.275], [-0.39112, 44.52218, 55.275], [-0.39075, 44.52204, 55.110929339477714], [-0.39056, 44.52189, 55.110929339477714], [-0.39045, 44.52169, 54.3], [-0.39047, 44.5215, 54.3], [-0.39062, 44.5213, 54.944848600917915], [-0.39081, 44.52134, 55.5], [-0.39083, 44.5213, 55.5], [-0.39076, 44.52128, 54.7], [-0.39081, 44.52115, 54.7], [-0.39089, 44.52119, 53.4], [-0.3909, 44.52115, 53.4], [-0.39084, 44.52114, 53.7], [-0.39104, 44.52108, 54.4], [-0.39127, 44.52112, 55.2], [-0.39131, 44.52108, 56.3], [-0.39157, 44.52114, 56.0], [-0.3915, 44.52129, 56.0], [-0.39159, 44.5213, 56.0], [-0.39163, 44.52122, 56.0], [-0.3917, 44.52124, 56.0], [-0.39174, 44.52119, 56.0], [-0.39184, 44.52125, 56.0], [-0.39204, 44.52142, 55.110929339477714], [-0.3921, 44.52159, 55.110929339477714], [-0.39206, 44.52177, 55.110929339477714], [-0.39187, 44.52199, 55.110929339477714], [-0.39165, 44.52214, 55.110929339477714]]]}}, {"type": "Feature", "properties": {"id_obligation": "330760000D0454", "priorite": "moyenne"}, "geometry": {"type": "Polygon", "coordinates": [[[-0.39182, 44.52186, 55.053148244943905], [-0.39162, 44.52195, 54.78333333333333], [-0.39138, 44.52198, 54.78333333333333], [-0.39114, 44.52194, 56.15], [-0.39116, 44.52189, 56.5], [-0.39086, 44.52172, 56.5], [-0.39082, 44.52176, 56.5], [-0.39074, 44.52168, 56.15], [-0.39069, 44.52158, 54.0], [-0.39088, 44.52142, 53.5], [-0.39069, 44.5214, 54.1], [-0.39071, 44.52132, 55.39770149475399], [-0.39081, 44.52134, 55.5], [-0.39083, 44.5213, 55.5], [-0.39076, 44.52128, 54.7], [-0.39079, 44.52122, 54.3], [-0.39082, 44.52118, 53.60298764394617], [-0.39089, 44.52119, 53.4], [-0.39087, 44.52114, 53.7], [-0.39098, 44.52106, 54.4], [-0.39118, 44.52111, 55.2], [-0.3913, 44.52109, 56.3], [-0.3913, 44.52102, 54.2], [-0.39111, 44.52101, 54.2], [-0.39144, 44.52096, 55.438235294117646], [-0.39168, 44.52098, 55.333333333333336], [-0.39177, 44.52101, 55.0], [-0.39173, 44.52106, 55.0], [-0.39182, 44.52111, 55.0], [-0.39184, 44.52104, 55.0], [-0.39192, 44.52109, 55.333333333333336], [-0.39209, 44.52127, 55.333333333333336], [-0.39212, 44.52149, 55.053148244943905], [-0.392, 44.52171, 55.053148244943905], [-0.39182, 44.52186, 55.053148244943905]]]}}, {"type": "Feature", "properties": {"id_obligation": "330760000D0457", "priorite": "moyenne"}, "geometry": {"type": "Polygon", "coordinates": [[[-0.39345, 44.5217, 55.89458333333333], [-0.39326, 44.52181, 55.89458333333333], [-0.39284, 44.52195, 55.89458333333333], [-0.39259, 44.52196, 55.89458333333333], [-0.39189, 44.52174, 55.89458333333333], [-0.39172, 44.52156, 55.4], [-0.39169, 44.52135, 55.4], [-0.39181, 44.52112, 55.0], [-0.39198, 44.52099, 55.0], [-0.39239, 44.52086, 55.95624999999998], [-0.39263, 44.52085, 55.95624999999998], [-0.39318, 44.52094, 55.89458333333333], [-0.39344, 44.52105, 55.89458333333333], [-0.3936, 44.52129, 56.9], [-0.39356, 44.52155, 56.9], [-0.39345, 44.5217, 55.89458333333333]]]}}, {"type": "Feature", "properties": {"id_obligation": "330760000D0458", "priorite": "moyenne"}, "geometry": {"type": "Polygon", "coordinates": [[[-0.39293, 44.52064, 55.83588789682539], [-0.39314, 44.52081, 55.83588789682539], [-0.39322, 44.52098, 55.83588789682539], [-0.39317, 44.52127, 56.04285714285714], [-0.39306, 44.52143, 56.04285714285714], [-0.39287, 44.52154, 56.04285714285714], [-0.39263, 44.52159, 56.34444444444444], [-0.3923, 44.52156, 56.34444444444444], [-0.39209, 44.52148, 55.83588789682539], [-0.39191, 44.52131, 55.83588789682539], [-0.39186, 44.52114, 55.0], [-0.3919, 44.52089, 55.83588789682539], [-0.39202, 44.52073, 55.83588789682539], [-0.39221, 44.52062, 55.83588789682539], [-0.39245, 44.52057, 55.83588789682539], [-0.3927, 44.52058, 55.83588789682539], [-0.39293, 44.52064, 55.83588789682539]]]}}, {"type": "Feature", "properties": {"id_obligation": "330760000D0464", "priorite": "moyenne"}, "geometry": {"type": "MultiPolygon", "coordinates": [[[[-0.39215, 44.52155, 55.4], [-0.3919, 44.52169, 54.67999999999999], [-0.39166, 44.52175, 54.67999999999999], [-0.39136, 44.52173, 54.5], [-0.39147, 44.52161, 57.0], [-0.39141, 44.52158, 57.0], [-0.39133, 44.52165, 55.1], [-0.39119, 44.52159, 55.1], [-0.39119, 44.52147, 54.6], [-0.39104, 44.5214, 54.6], [-0.39095, 44.5215, 54.455887152919296], [-0.39087, 44.52135, 55.01600000000002], [-0.3909, 44.52115, 53.4], [-0.39106, 44.52087, 54.199999999999996], [-0.39126, 44.52074, 54.2], [-0.39135, 44.52075, 54.2], [-0.39133, 44.52067, 54.2], [-0.39144, 44.52059, 55.68333333333333], [-0.39177, 44.52049, 55.68333333333333], [-0.39212, 44.52054, 55.19406845238095], [-0.39242, 44.52072, 55.19406845238095], [-0.39253, 44.52093, 56.300000000000004], [-0.39247, 44.52119, 56.300000000000004], [-0.39215, 44.52155, 55.4]]], [[[-0.39122, 44.52169, 55.1], [-0.39123, 44.52168, 55.1], [-0.39127, 44.5217, 54.5], [-0.39122, 44.52169, 55.1]]], [[[-0.39108, 44.52161, 55.1], [-0.3911, 44.52162, 55.1], [-0.39109, 44.52163, 55.1], [-0.39108, 44.52161, 55.1]]]]}}, {"type": "Feature", "properties": {"id_obligation": "330760000D0465", "priorite": "moyenne"}, "geometry": {"type": "Polygon", "coordinates": [[[-0.39217, 44.52085, 56.89999999999999], [-0.39223, 44.52102, 55.125], [-0.39219, 44.5212, 55.125], [-0.392, 44.52143, 56.0], [-0.39181, 44.52153, 56.0], [-0.39151, 44.52158, 54.611428571428554], [-0.39128, 44.52154, 54.611428571428554], [-0.39103, 44.52142, 54.6], [-0.39089, 44.52126, 54.6], [-0.39086, 44.52119, 53.4], [-0.3909, 44.52115, 53.4], [-0.39085, 44.52114, 53.7], [-0.39084, 44.52109, 54.4702702702703], [-0.3909, 44.52092, 54.2], [-0.39107, 44.52072, 54.2], [-0.39126, 44.52062, 54.687500000000014], [-0.3915, 44.52057, 54.687500000000014], [-0.39174, 44.5206, 56.89999999999999], [-0.39197, 44.52068, 56.89999999999999], [-0.39217, 44.52085, 56.89999999999999]]]}}, {"type": "Feature", "properties": {"id_obligation": "330760000D0466", "priorite": "moyenne"}, "geometry": {"type": "Polygon", "coordinates": [[[-0.39129, 44.52058, 54.2], [-0.39152, 44.52054, 55.025], [-0.39176, 44.52056, 55.025], [-0.39204, 44.52067, 56.9], [-0.39219, 44.52081, 56.9], [-0.39225, 44.52098, 55.0], [-0.39222, 44.52116, 55.0], [-0.39207, 44.52134, 55.16071120689655], [-0.39188, 44.52145, 55.16071120689655], [-0.39164, 44.5215, 54.79999999999999], [-0.39145, 44.52148, 54.3], [-0.39149, 44.52142, 54.3], [-0.39141, 44.52137, 53.5], [-0.3913, 44.52142, 54.6], [-0.39133, 44.52145, 54.3], [-0.39112, 44.52136, 55.120689655172406], [-0.39097, 44.52122, 55.120689655172406], [-0.39091, 44.52105, 54.98000000000001], [-0.39093, 44.52097, 54.2], [-0.391, 44.52097, 54.2], [-0.39102, 44.52085, 54.2], [-0.39096, 44.52085, 54.2], [-0.39106, 44.52072, 54.2], [-0.39129, 44.52058, 54.2]]]}}, {"type": "Feature", "properties": {"id_obligation": "330760000D0467", "priorite": "moyenne"}, "geometry": {"type": "Polygon", "coordinates": [[[-0.39217, 44.52116, 55.05530701754385], [-0.3919, 44.52124, 55.3875], [-0.3917, 44.52124, 56.0], [-0.39174, 44.52119, 56.0], [-0.39157, 44.52114, 56.0], [-0.39153, 44.52122, 56.0], [-0.39137, 44.52116, 55.241666666666674], [-0.39127, 44.5211, 55.936172463646606], [-0.39132, 44.52103, 56.3], [-0.39118, 44.521, 54.2], [-0.39111, 44.52087, 54.2], [-0.39113, 44.52065, 54.2], [-0.39123, 44.52049, 54.799999999999976], [-0.39132, 44.52047, 54.8], [-0.39131, 44.52042, 54.8], [-0.39141, 44.52037, 54.799999999999976], [-0.39164, 44.5203, 55.05530701754385], [-0.39197, 44.52031, 55.05530701754385], [-0.3922, 44.52038, 55.05530701754385], [-0.39237, 44.52051, 55.05530701754385], [-0.39245, 44.52068, 55.05530701754385], [-0.39244, 44.52086, 55.05530701754385], [-0.39234, 44.52103, 55.05530701754385], [-0.39217, 44.52116, 55.05530701754385]]]}}, {"type": "Feature", "properties": {"id_obligation": "330760000D0469", "priorite": "moyenne"}, "geometry": {"type": "MultiPolygon", "coordinates": [[[[-0.39162, 44.52028, 55.306964285714294], [-0.39187, 44.52032, 55.306964285714294], [-0.39207, 44.52041, 55.306964285714294], [-0.39221, 44.52055, 55.306964285714294], [-0.39226, 44.52072, 56.9], [-0.39221, 44.52094, 56.9], [-0.39207, 44.5211, 55.0], [-0.39186, 44.5212, 55.0], [-0.39171, 44.52123, 56.0], [-0.39174, 44.52119, 56.0], [-0.39157, 44.52114, 56.0], [-0.39153, 44.52123, 56.0], [-0.39136, 44.5212, 55.58124999999999], [-0.39111, 44.52109, 54.4], [-0.39127, 44.52112, 55.2], [-0.3913, 44.52102, 54.2], [-0.39099, 44.52097, 54.2], [-0.39102, 44.52085, 54.2], [-0.39096, 44.52085, 54.2], [-0.39095, 44.52089, 54.2], [-0.39093, 44.52077, 54.20000000000001], [-0.39098, 44.52057, 54.47999999999999], [-0.39106, 44.52055, 53.2], [-0.39102, 44.52052, 53.2], [-0.39116, 44.5204, 54.47999999999999], [-0.39138, 44.52031, 55.306964285714294], [-0.39162, 44.52028, 55.306964285714294]]], [[[-0.39163, 44.52122, 56.0], [-0.39166, 44.52123, 56.0], [-0.39162, 44.52123, 56.0], [-0.39163, 44.52122, 56.0]]]]}}, {"type": "Feature", "properties": {"id_obligation": "330760000D0477", "priorite": "moyenne"}, "geometry": {"type": "Polygon", "coordinates": [[[-0.39183, 44.52131, 53.9], [-0.39169, 44.52145, 53.9], [-0.39149, 44.52154, 53.9], [-0.39126, 44.52157, 54.830232558139485], [-0.39115, 44.52151, 54.6], [-0.39119, 44.52147, 54.6], [-0.39104, 44.5214, 54.6], [-0.39093, 44.52152, 54.4], [-0.39084, 44.52149, 53.61482776987292], [-0.39088, 44.52142, 53.5], [-0.39068, 44.52139, 54.1], [-0.39054, 44.52124, 54.51875000000002], [-0.3905, 44.52106, 54.51875000000002], [-0.39054, 44.52088, 54.53333333333334], [-0.39067, 44.52073, 54.53333333333334], [-0.39086, 44.52062, 54.53333333333334], [-0.39116, 44.52058, 54.199999999999996], [-0.39147, 44.52061, 55.68333333333333], [-0.39173, 44.52072, 55.68333333333333], [-0.39173, 44.52079, 56.9], [-0.3918, 44.52079, 56.9], [-0.3919, 44.52097, 55.0], [-0.39183, 44.52131, 53.9]], [[-0.39183, 44.52094, 55.0], [-0.39173, 44.52106, 55.0], [-0.39182, 44.52111, 55.0], [-0.3919, 44.52097, 55.0], [-0.39183, 44.52094, 55.0]]]}}, {"type": "Feature", "properties": {"id_obligation": "330760000D0480", "priorite": "moyenne"}, "geometry": {"type": "MultiPolygon", "coordinates": [[[[-0.39099, 44.52099, 54.5], [-0.39098, 44.52107, 54.4], [-0.39127, 44.52112, 55.2], [-0.39131, 44.52109, 56.3], [-0.39141, 44.52118, 55.560714285714276], [-0.3915, 44.52139, 54.78292682926827], [-0.39146, 44.52161, 57.0], [-0.39141, 44.52158, 57.0], [-0.39133, 44.52165, 55.1], [-0.39119, 44.52159, 55.1], [-0.39119, 44.52147, 54.6], [-0.39104, 44.5214, 54.6], [-0.39086, 44.52154, 54.1], [-0.39127, 44.5217, 54.5], [-0.39125, 44.52182, 55.19655172413792], [-0.39113, 44.52187, 56.5], [-0.39086, 44.52172, 56.5], [-0.3908, 44.52178, 56.5], [-0.39104, 44.5219, 56.5], [-0.39065, 44.5219, 55.32222222222222], [-0.39037, 44.52182, 53.04444444444444], [-0.39022, 44.5217, 51.7], [-0.39025, 44.52166, 51.7], [-0.39017, 44.52165, 51.7], [-0.39011, 44.52152, 53.77272727272727], [-0.39014, 44.52128, 53.220000000000006], [-0.39024, 44.52112, 53.220000000000006], [-0.39043, 44.521, 53.220000000000006], [-0.39067, 44.52094, 54.23333333333334], [-0.39094, 44.52095, 54.2], [-0.39115, 44.52101, 54.2], [-0.39099, 44.52099, 54.5]]], [[[-0.39138, 44.52172, 55.19655172413792], [-0.39132, 44.52177, 54.34163254064432], [-0.39145, 44.52163, 57.0], [-0.39138, 44.52172, 55.19655172413792]]]]}}, {"type": "Feature", "properties": {"id_obligation": "330760000D0481", "priorite": "moyenne"}, "geometry": {"type": "MultiPolygon", "coordinates": [[[[-0.3914, 44.52167, 57.0], [-0.39145, 44.52163, 57.0], [-0.3914, 44.5217, 55.096428571428554], [-0.39131, 44.52178, 54.267588399623165], [-0.3914, 44.52167, 57.0]]], [[[-0.39116, 44.52189, 56.5], [-0.39086, 44.52172, 56.5], [-0.3908, 44.52178, 56.5], [-0.39108, 44.52192, 56.5], [-0.39079, 44.52196, 55.47777777777779], [-0.39049, 44.52191, 52.54285714285714], [-0.39029, 44.52182, 52.54285714285714], [-0.39017, 44.52171, 51.7], [-0.39025, 44.52166, 51.7], [-0.39018, 44.52164, 51.7], [-0.39015, 44.52167, 52.54285714285714], [-0.3901, 44.5215, 53.699999999999996], [-0.39015, 44.52128, 53.974999999999994], [-0.3903, 44.52113, 53.974999999999994], [-0.39051, 44.52103, 53.974999999999994], [-0.39072, 44.521, 54.7], [-0.39068, 44.5211, 54.7], [-0.39058, 44.52108, 54.7], [-0.39053, 44.5212, 54.8], [-0.39061, 44.52121, 54.8], [-0.39058, 44.52129, 54.8], [-0.39081, 44.52134, 55.5], [-0.39083, 44.5213, 55.5], [-0.39076, 44.52128, 54.7], [-0.39086, 44.52101, 54.7], [-0.39099, 44.52102, 54.44762287152702], [-0.39098, 44.52107, 54.4], [-0.39118, 44.52108, 55.2], [-0.39133, 44.52116, 55.88076923076922], [-0.39149, 44.52142, 54.209485408893265], [-0.39146, 44.52161, 57.0], [-0.39141, 44.52158, 57.0], [-0.39133, 44.52165, 55.1], [-0.39119, 44.52159, 55.1], [-0.39119, 44.52147, 54.6], [-0.39104, 44.5214, 54.6], [-0.39086, 44.52154, 54.1], [-0.39127, 44.5217, 54.5], [-0.39124, 44.52184, 55.096428571428554], [-0.39116, 44.52189, 56.5]], [[-0.39141, 44.52137, 53.5], [-0.3913, 44.52142, 54.6], [-0.3913, 44.52148, 54.3], [-0.3914, 44.52153, 54.3], [-0.39149, 44.52142, 54.3], [-0.39141, 44.52137, 53.5]]]]}}, {"type": "Feature", "properties": {"id_obligation": "330760000D0482", "priorite": "moyenne"}, "geometry": {"type": "Polygon", "coordinates": [[[-0.39102, 44.52202, 55.05999999999999], [-0.39082, 44.52212, 56.5], [-0.39058, 44.52215, 56.5], [-0.39035, 44.52212, 56.5], [-0.39007, 44.52199, 54.54895634920636], [-0.38993, 44.52184, 54.54895634920636], [-0.38989, 44.52165, 52.8], [-0.38996, 44.52168, 52.8], [-0.39001, 44.52161, 52.8], [-0.3899, 44.52157, 52.8], [-0.38994, 44.52149, 52.51250000000002], [-0.39013, 44.52128, 54.54895634920636], [-0.39032, 44.52116, 54.49375000000001], [-0.39057, 44.52111, 54.76027345294027], [-0.39053, 44.5212, 54.8], [-0.39061, 44.52121, 54.8], [-0.39058, 44.52129, 54.8], [-0.39081, 44.52134, 55.5], [-0.39083, 44.5213, 55.5], [-0.39076, 44.52128, 54.7], [-0.39082, 44.52113, 54.7], [-0.39086, 44.52114, 53.7], [-0.39081, 44.52118, 53.7], [-0.39089, 44.52119, 53.4], [-0.3909, 44.52115, 53.4], [-0.39109, 44.52125, 54.306666666666665], [-0.39129, 44.52146, 54.69199999999997], [-0.39131, 44.52165, 55.1], [-0.39119, 44.52159, 55.1], [-0.39119, 44.52147, 54.6], [-0.39104, 44.5214, 54.6], [-0.39086, 44.52154, 54.1], [-0.39127, 44.5217, 55.1], [-0.39102, 44.52202, 55.05999999999999]]]}}, {"type": "Feature", "properties": {"id_obligation": "330760000D0483", "priorite": "moyenne"}, "geometry": {"type": "Polygon", "coordinates": [[[-0.39057, 44.52128, 54.25714285714286], [-0.39075, 44.52139, 53.5], [-0.39068, 44.52139, 54.1], [-0.39063, 44.52154, 54.0], [-0.39069, 44.52159, 54.0], [-0.39077, 44.5215, 53.7], [-0.39083, 44.5215, 53.656511146864425], [-0.39085, 44.52155, 54.53199999999999], [-0.39087, 44.52172, 54.53199999999999], [-0.3908, 44.52178, 56.5], [-0.39084, 44.52181, 56.5], [-0.39063, 44.52205, 56.5], [-0.39036, 44.52216, 54.032714285714285], [-0.39011, 44.52217, 54.032714285714285], [-0.38973, 44.52209, 54.032714285714285], [-0.38931, 44.52192, 54.032714285714285], [-0.38917, 44.52178, 52.8], [-0.38912, 44.52156, 52.8], [-0.38919, 44.52139, 54.032714285714285], [-0.38935, 44.52121, 54.032714285714285], [-0.38956, 44.52112, 54.032714285714285], [-0.38979, 44.52108, 53.699999999999996], [-0.39057, 44.52128, 54.25714285714286]]]}}, {"type": "Feature", "properties": {"id_obligation": "330760000D0484", "priorite": "moyenne"}, "geometry": {"type": "Polygon", "coordinates": [[[-0.39074, 44.52209, 56.5], [-0.39044, 44.52212, 56.5], [-0.3902, 44.52206, 54.662742453960995], [-0.38996, 44.5219, 54.662742453960995], [-0.38986, 44.52164, 52.8], [-0.38996, 44.52168, 52.8], [-0.39001, 44.52161, 52.8], [-0.38988, 44.52156, 52.8], [-0.38989, 44.52152, 52.51250000000002], [-0.39006, 44.52131, 54.662742453960995], [-0.39024, 44.52119, 54.662742453960995], [-0.39056, 44.52112, 54.77992200325672], [-0.39053, 44.5212, 54.8], [-0.39061, 44.52121, 54.8], [-0.39058, 44.52129, 54.8], [-0.39081, 44.52134, 55.5], [-0.39083, 44.5213, 55.5], [-0.39076, 44.52128, 54.7], [-0.39081, 44.52115, 54.7], [-0.39114, 44.52135, 54.63684210526313], [-0.39121, 44.52147, 54.63684210526313], [-0.39123, 44.52152, 54.63684210526313], [-0.39123, 44.52161, 55.1], [-0.39115, 44.52151, 54.6], [-0.39119, 44.52147, 54.6], [-0.39104, 44.5214, 54.6], [-0.39086, 44.52154, 54.1], [-0.39105, 44.52164, 54.1], [-0.39108, 44.52161, 55.1], [-0.39121, 44.52171, 55.1], [-0.3911, 44.52185, 56.5], [-0.39086, 44.52172, 56.5], [-0.3908, 44.52178, 56.5], [-0.39105, 44.5219, 56.5], [-0.39074, 44.52209, 56.5]]]}}, {"type": "Feature", "properties": {"id_obligation": "330760000D0489", "priorite": "moyenne"}, "geometry": {"type": "Polygon", "coordinates": [[[-0.38977, 44.52138, 54.00045995670995], [-0.3896, 44.5212, 54.00045995670995], [-0.38956, 44.52103, 54.1], [-0.38963, 44.52068, 53.7], [-0.38979, 44.52049, 53.7], [-0.39001, 44.5204, 54.0], [-0.39025, 44.52037, 54.0], [-0.39053, 44.5204, 54.00045995670995], [-0.39079, 44.52052, 54.00045995670995], [-0.39093, 44.52072, 54.00045995670995], [-0.3909, 44.52115, 53.4], [-0.39082, 44.52114, 53.7], [-0.39081, 44.52118, 53.7], [-0.39087, 44.5212, 54.39696969696969], [-0.39081, 44.52129, 55.33576753272235], [-0.39076, 44.52128, 54.7], [-0.39088, 44.52097, 54.7], [-0.39074, 44.52094, 54.7], [-0.39068, 44.5211, 54.7], [-0.39058, 44.52108, 54.7], [-0.39053, 44.5212, 54.8], [-0.39061, 44.52121, 54.8], [-0.39058, 44.52129, 54.8], [-0.39077, 44.52134, 55.5], [-0.39075, 44.52136, 54.39696969696969], [-0.39042, 44.52149, 53.7], [-0.39003, 44.52148, 54.00045995670995], [-0.38977, 44.52138, 54.00045995670995]]]}}, {"type": "Feature", "properties": {"id_obligation": "330760000D0496", "priorite": "forte"}, "geometry": {"type": "Polygon", "coordinates": [[[-0.38996, 44.52066, 53.7], [-0.38971, 44.5209, 53.7], [-0.38942, 44.52097, 52.8], [-0.38913, 44.52096, 52.8], [-0.38891, 44.52089, 53.31428571428572], [-0.38873, 44.52077, 53.31428571428572], [-0.38863, 44.52057, 53.31428571428572], [-0.38865, 44.51999, 53.31428571428572], [-0.38872, 44.51982, 53.31428571428572], [-0.38892, 44.51967, 53.31428571428572], [-0.38926, 44.51959, 53.4], [-0.38971, 44.51966, 53.31428571428572], [-0.38992, 44.51983, 53.31428571428572], [-0.39002, 44.52012, 53.31428571428572], [-0.38996, 44.52066, 53.7]]]}}, {"type": "Feature", "properties": {"id_obligation": "330760000D0500", "priorite": "très forte"}, "geometry": {"type": "Polygon", "coordinates": [[[-0.39038, 44.51918, 53.44], [-0.39063, 44.51905, 53.44], [-0.39095, 44.51903, 53.44], [-0.39124, 44.51909, 53.44], [-0.39145, 44.51923, 53.44], [-0.39154, 44.5194, 53.44], [-0.39155, 44.51967, 53.44], [-0.39147, 44.51984, 53.44], [-0.3913, 44.51998, 53.44], [-0.39108, 44.52006, 53.44], [-0.3908, 44.52007, 53.44], [-0.39057, 44.52003, 53.44], [-0.39037, 44.51993, 53.44], [-0.39025, 44.51978, 53.44], [-0.39023, 44.51937, 53.44], [-0.39038, 44.51918, 53.44]]]}}, {"type": "Feature", "properties": {"id_obligation": "330760000D0594", "priorite": "forte"}, "geometry": {"type": "Polygon", "coordinates": [[[-0.39406, 44.52591, 58.199999999999996], [-0.39403, 44.5257, 58.199999999999996], [-0.39411, 44.52554, 58.199999999999996], [-0.39441, 44.52528, 58.199999999999996], [-0.39469, 44.52519, 58.199999999999996], [-0.39493, 44.5252, 58.199999999999996], [-0.39515, 44.52527, 58.199999999999996], [-0.3954, 44.52542, 58.199999999999996], [-0.39553, 44.52562, 58.199999999999996], [-0.39552, 44.5258, 58.199999999999996], [-0.39537, 44.52602, 58.199999999999996], [-0.39517, 44.52618, 58.199999999999996], [-0.39496, 44.52626, 58.199999999999996], [-0.39471, 44.52628, 58.199999999999996], [-0.39448, 44.52623, 58.199999999999996], [-0.39422, 44.52609, 58.199999999999996], [-0.39406, 44.52591, 58.199999999999996]]]}}, {"type": "Feature", "properties": {"id_obligation": "330760000D0596", "priorite": "forte"}, "geometry": {"type": "Polygon", "coordinates": [[[-0.39404, 44.52596, 58.23571428571428], [-0.394, 44.52578, 58.23571428571428], [-0.39408, 44.52557, 58.23571428571428], [-0.39428, 44.52541, 58.23571428571428], [-0.39451, 44.52533, 58.3], [-0.39482, 44.52533, 58.3], [-0.39505, 44.52541, 58.23571428571428], [-0.39528, 44.52557, 58.23571428571428], [-0.39538, 44.52573, 58.23571428571428], [-0.39539, 44.52591, 58.23571428571428], [-0.39531, 44.52607, 58.23571428571428], [-0.39513, 44.52621, 58.23571428571428], [-0.39491, 44.52629, 58.23571428571428], [-0.39467, 44.5263, 58.23571428571428], [-0.39422, 44.52614, 58.23571428571428], [-0.39404, 44.52596, 58.23571428571428]]]}}, {"type": "Feature", "properties": {"id_obligation": "330760000D0638", "priorite": "moyenne"}, "geometry": {"type": "Polygon", "coordinates": [[[-0.39574, 44.5342, 69.84285714285714], [-0.39564, 44.53444, 69.9], [-0.39543, 44.53463, 69.9], [-0.39523, 44.53472, 70.40222634508349], [-0.39499, 44.53475, 70.40222634508349], [-0.39465, 44.5347, 70.40222634508349], [-0.39445, 44.5346, 70.40222634508349], [-0.39432, 44.53446, 70.40222634508349], [-0.39427, 44.53425, 70.3], [-0.39438, 44.53394, 72.57272727272728], [-0.39449, 44.5338, 68.4], [-0.39455, 44.53381, 68.4], [-0.39454, 44.53376, 68.4], [-0.39472, 44.53368, 70.1], [-0.39502, 44.53364, 70.1], [-0.39535, 44.5337, 69.6], [-0.39555, 44.53381, 69.6], [-0.3957, 44.53403, 69.84285714285714], [-0.39574, 44.5342, 69.84285714285714]]]}}, {"type": "Feature", "properties": {"id_obligation": "330760000D0648", "priorite": "moyenne"}, "geometry": {"type": "Polygon", "coordinates": [[[-0.39101, 44.53344, 70.26677697302696], [-0.39113, 44.53364, 70.26677697302696], [-0.39108, 44.53398, 70.26677697302696], [-0.39092, 44.53416, 70.26677697302696], [-0.39065, 44.53427, 70.26677697302696], [-0.39034, 44.53428, 69.85714285714286], [-0.39003, 44.53421, 70.26677697302696], [-0.38969, 44.53402, 70.26677697302696], [-0.38955, 44.53387, 70.26677697302696], [-0.38952, 44.53369, 70.26677697302696], [-0.38957, 44.53349, 70.57499999999999], [-0.38973, 44.53332, 70.57499999999999], [-0.39, 44.53321, 70.1], [-0.38994, 44.53336, 70.1], [-0.39016, 44.53337, 69.8], [-0.39015, 44.53323, 70.1], [-0.39001, 44.53321, 70.1], [-0.39017, 44.5332, 69.82727272727271], [-0.39077, 44.53331, 70.26677697302696], [-0.39101, 44.53344, 70.26677697302696]]]}}, {"type": "Feature", "properties": {"id_obligation": "330760000D0659", "priorite": "moyenne"}, "geometry": {"type": "Polygon", "coordinates": [[[-0.39055, 44.53137, 62.745115546218486], [-0.39027, 44.5314, 67.5], [-0.39031, 44.53134, 67.5], [-0.39015, 44.53132, 67.5], [-0.39013, 44.53137, 67.5], [-0.39006, 44.53136, 67.04117647058824], [-0.38967, 44.53112, 60.814285714285724], [-0.38957, 44.53091, 60.814285714285724], [-0.38961, 44.53073, 60.79046377375446], [-0.3898, 44.53051, 60.875], [-0.38998, 44.53039, 62.745115546218486], [-0.39021, 44.53033, 62.745115546218486], [-0.39051, 44.53034, 62.745115546218486], [-0.3908, 44.53046, 62.745115546218486], [-0.39097, 44.53059, 62.745115546218486], [-0.39105, 44.53075, 62.745115546218486], [-0.39105, 44.53093, 62.745115546218486], [-0.39076, 44.53127, 62.745115546218486], [-0.39055, 44.53137, 62.745115546218486]]]}}, {"type": "Feature", "properties": {"id_obligation": "330760000D0690", "priorite": "moyenne"}, "geometry": {"type": "Polygon", "coordinates": [[[-0.39218, 44.52968, 65.69296703296703], [-0.39195, 44.52989, 65.69296703296703], [-0.39161, 44.52998, 66.38571428571429], [-0.39127, 44.52993, 65.69296703296703], [-0.391, 44.52975, 65.69296703296703], [-0.39092, 44.52946, 65.69296703296703], [-0.39078, 44.5293, 65.69296703296703], [-0.39075, 44.52913, 65.69296703296703], [-0.39082, 44.52889, 65.69296703296703], [-0.39097, 44.52875, 65.69296703296703], [-0.39129, 44.52862, 65.09], [-0.39154, 44.5286, 65.09], [-0.3919, 44.52865, 66.4], [-0.392, 44.5287, 66.55513937806003], [-0.39176, 44.52864, 66.6], [-0.3917, 44.52877, 66.6], [-0.39189, 44.52882, 66.6], [-0.39192, 44.52876, 66.3], [-0.39213, 44.52879, 66.3], [-0.39217, 44.52883, 66.4], [-0.39226, 44.52904, 65.69296703296703], [-0.39218, 44.52968, 65.69296703296703]]]}}, {"type": "Feature", "properties": {"id_obligation": "330760000D0694", "priorite": "moyenne"}, "geometry": {"type": "Polygon", "coordinates": [[[-0.39174, 44.52878, 66.6], [-0.39189, 44.52882, 66.6], [-0.39192, 44.52876, 66.3], [-0.39232, 44.52882, 66.3], [-0.39234, 44.52875, 66.3], [-0.39176, 44.52864, 66.6], [-0.39171, 44.52875, 66.6], [-0.39164, 44.52849, 65.43684210526317], [-0.39176, 44.52854, 66.5], [-0.3918, 44.52849, 66.5], [-0.39166, 44.52842, 64.4], [-0.3918, 44.5282, 63.888888888888886], [-0.3921, 44.52805, 64.96666666666665], [-0.39246, 44.52805, 64.96666666666665], [-0.39245, 44.52809, 64.3], [-0.39266, 44.5281, 64.06440968258359], [-0.3926, 44.52834, 64.2], [-0.39273, 44.52836, 64.2], [-0.39279, 44.52816, 63.9], [-0.39296, 44.52832, 64.13076923076923], [-0.39302, 44.52848, 64.2], [-0.39288, 44.52882, 65.1091458614485], [-0.39271, 44.52894, 65.1091458614485], [-0.39249, 44.529, 66.3], [-0.39225, 44.529, 66.3], [-0.39197, 44.52894, 66.45], [-0.39174, 44.52878, 66.6]]]}}, {"type": "Feature", "properties": {"id_obligation": "330760000D0699", "priorite": "moyenne"}, "geometry": {"type": "Polygon", "coordinates": [[[-0.39409, 44.52881, 66.8], [-0.394, 44.52879, 66.8], [-0.39395, 44.52891, 66.8], [-0.39404, 44.52893, 66.8], [-0.39408, 44.52885, 66.8], [-0.39408, 44.52889, 66.8], [-0.39396, 44.52908, 66.55974025974027], [-0.39379, 44.5292, 66.55974025974027], [-0.39343, 44.52933, 66.32727272727273], [-0.39318, 44.52934, 66.32727272727273], [-0.39295, 44.52928, 65.6], [-0.3927, 44.52914, 65.6], [-0.39255, 44.52895, 66.55974025974027], [-0.39254, 44.52878, 66.55974025974027], [-0.39265, 44.52858, 66.55974025974027], [-0.39287, 44.52835, 66.55974025974027], [-0.39313, 44.52824, 66.55974025974027], [-0.39342, 44.52823, 66.55974025974027], [-0.39377, 44.52835, 67.2], [-0.39395, 44.52848, 67.2], [-0.39409, 44.52881, 66.8]]]}}, {"type": "Feature", "properties": {"id_obligation": "330760000D0707", "priorite": "moyenne"}, "geometry": {"type": "Polygon", "coordinates": [[[-0.39157, 44.52846, 65.15445042730397], [-0.39176, 44.52854, 66.5], [-0.3918, 44.52849, 66.5], [-0.39166, 44.52842, 64.4], [-0.39172, 44.52831, 64.0], [-0.39162, 44.52827, 64.0], [-0.39155, 44.52837, 64.0], [-0.39164, 44.52841, 64.4], [-0.39153, 44.5284, 63.0], [-0.39149, 44.52827, 64.04374999999999], [-0.39153, 44.52809, 64.04374999999999], [-0.39168, 44.52785, 64.94672898860398], [-0.39187, 44.52773, 64.94672898860398], [-0.39211, 44.52768, 64.94672898860398], [-0.39236, 44.52769, 64.94672898860398], [-0.3926, 44.52776, 64.19999999999999], [-0.39278, 44.52789, 64.19999999999999], [-0.39288, 44.5281, 64.15384615384616], [-0.39285, 44.52828, 64.15384615384616], [-0.3927, 44.52855, 64.94672898860398], [-0.39252, 44.52867, 64.94672898860398], [-0.39227, 44.52874, 66.35272186830524], [-0.39176, 44.52863, 66.275], [-0.39157, 44.52846, 65.15445042730397]]]}}, {"type": "Feature", "properties": {"id_obligation": "330760000D0736", "priorite": "moyenne"}, "geometry": {"type": "Polygon", "coordinates": [[[-0.38842, 44.52463, 49.1], [-0.38866, 44.52459, 49.1], [-0.38897, 44.52464, 49.1], [-0.38925, 44.52479, 49.1], [-0.38938, 44.52498, 49.1], [-0.38939, 44.52516, 49.1], [-0.38923, 44.52542, 49.1], [-0.38908, 44.52555, 49.1], [-0.38887, 44.52564, 49.1], [-0.38864, 44.52566, 49.1], [-0.3883, 44.52559, 49.1], [-0.38811, 44.52548, 50.100000000000016], [-0.38798, 44.52533, 50.100000000000016], [-0.38795, 44.52515, 48.29999999999999], [-0.38817, 44.52476, 49.1], [-0.38842, 44.52463, 49.1]]]}}, {"type": "Feature", "properties": {"id_obligation": "330760000D0753", "priorite": "forte"}, "geometry": {"type": "Polygon", "coordinates": [[[-0.39344, 44.52575, 58.666666666666664], [-0.39314, 44.52566, 58.666666666666664], [-0.39295, 44.52555, 58.666666666666664], [-0.39284, 44.5254, 58.666666666666664], [-0.39282, 44.52518, 58.666666666666664], [-0.39294, 44.52496, 58.666666666666664], [-0.3931, 44.52483, 58.666666666666664], [-0.39332, 44.52475, 58.666666666666664], [-0.39362, 44.52474, 58.666666666666664], [-0.39399, 44.52484, 58.666666666666664], [-0.39418, 44.52496, 58.666666666666664], [-0.3943, 44.52511, 58.666666666666664], [-0.39431, 44.52533, 58.666666666666664], [-0.39419, 44.52554, 58.666666666666664], [-0.39396, 44.52568, 58.666666666666664], [-0.39369, 44.52575, 58.666666666666664], [-0.39344, 44.52575, 58.666666666666664]]]}}, {"type": "Feature", "properties": {"id_obligation": "330760000D0797", "priorite": "moyenne"}, "geometry": {"type": "Polygon", "coordinates": [[[-0.38876, 44.52849, -19.295705071326207], [-0.38897, 44.52864, -19.295705071326207], [-0.38906, 44.52882, -1000.0], [-0.38899, 44.52883, -1000.0], [-0.38906, 44.52886, -471.4571428571429], [-0.38902, 44.52906, 56.949999999999974], [-0.38896, 44.52914, 57.1], [-0.38886, 44.52911, 57.1], [-0.38888, 44.52921, 56.949999999999974], [-0.38862, 44.52933, 55.32307692307692], [-0.38837, 44.52934, 55.32307692307692], [-0.38807, 44.52931, -19.295705071326207], [-0.38786, 44.52921, -19.295705071326207], [-0.38772, 44.52906, -19.295705071326207], [-0.38768, 44.52888, 55.474999999999994], [-0.38771, 44.52873, 55.4], [-0.38784, 44.52857, 55.4], [-0.38804, 44.52846, 55.4], [-0.38853, 44.52843, 56.6], [-0.38876, 44.52849, -19.295705071326207]]]}}, {"type": "Feature", "properties": {"id_obligation": "330760000D0801", "priorite": "moyenne"}, "geometry": {"type": "Polygon", "coordinates": [[[-0.396, 44.53401, 70.0256302294197], [-0.3961, 44.53421, 69.75789473684209], [-0.3961, 44.53432, 69.8], [-0.39598, 44.53429, 69.4], [-0.3959, 44.53436, 69.8], [-0.39594, 44.5344, 69.8], [-0.39609, 44.53435, 69.8], [-0.39594, 44.53464, 70.0256302294197], [-0.39576, 44.53476, 70.0256302294197], [-0.39552, 44.53483, 70.0256302294197], [-0.39527, 44.53483, 70.0256302294197], [-0.39502, 44.53476, 70.0256302294197], [-0.3948, 44.53462, 70.0256302294197], [-0.3947, 44.53442, 70.5], [-0.39472, 44.53425, 70.5], [-0.39487, 44.534, 70.23333333333333], [-0.39504, 44.53387, 70.23333333333333], [-0.39527, 44.5338, 69.67692307692309], [-0.39551, 44.5338, 69.67692307692309], [-0.39577, 44.53387, 70.0256302294197], [-0.396, 44.53401, 70.0256302294197]]]}}, {"type": "Feature", "properties": {"id_obligation": "330760000D0802", "priorite": "forte"}, "geometry": {"type": "Polygon", "coordinates": [[[-0.39609, 44.5343, 69.8], [-0.39616, 44.53436, 69.8], [-0.39606, 44.53454, 69.79999999999998], [-0.3958, 44.53473, 69.79999999999998], [-0.39544, 44.53478, 69.9], [-0.3951, 44.53469, 69.6941102756892], [-0.39493, 44.53456, 69.6941102756892], [-0.39478, 44.53434, 70.5], [-0.39471, 44.53395, 70.5], [-0.39483, 44.5337, 68.5], [-0.39499, 44.53357, 68.5], [-0.39521, 44.5335, 69.6941102756892], [-0.39545, 44.53349, 69.6941102756892], [-0.39573, 44.53356, 69.6941102756892], [-0.39613, 44.5339, 69.68571428571428], [-0.3962, 44.53407, 69.68571428571428], [-0.39617, 44.53428, 69.8], [-0.39609, 44.5343, 69.8]]]}}, {"type": "Feature", "properties": {"id_obligation": "330760000D0810", "priorite": "moyenne"}, "geometry": {"type": "MultiPolygon", "coordinates": [[[[-0.39209, 44.52139, 56.0], [-0.39203, 44.52161, 55.02230944917152], [-0.39183, 44.52179, 55.02230944917152], [-0.39157, 44.52189, 55.23333333333334], [-0.39121, 44.52188, 55.23333333333334], [-0.39081, 44.52171, 55.07333333333334], [-0.39068, 44.5216, 54.8], [-0.39069, 44.52159, 54.0], [-0.39088, 44.52142, 53.5], [-0.39068, 44.52139, 54.1], [-0.39064, 44.52153, 54.0], [-0.39062, 44.52148, 54.35142857142857], [-0.39061, 44.5213, 54.9200014103352], [-0.39081, 44.52134, 55.5], [-0.39083, 44.5213, 55.5], [-0.39076, 44.52128, 54.7], [-0.39088, 44.52097, 54.7], [-0.39094, 44.52093, 54.2], [-0.39093, 44.52097, 54.2], [-0.391, 44.52097, 54.2], [-0.39101, 44.52089, 54.2], [-0.39119, 44.52083, 55.25200000000001], [-0.39149, 44.52083, 55.25200000000001], [-0.39171, 44.5209, 55.09090909090909], [-0.39181, 44.52096, 55.0], [-0.39173, 44.52106, 55.0], [-0.39182, 44.52111, 55.0], [-0.39187, 44.521, 55.0], [-0.39209, 44.52139, 56.0]]]]}}, {"type": "Feature", "properties": {"id_obligation": "330760000D0811", "priorite": "moyenne"}, "geometry": {"type": "Polygon", "coordinates": [[[-0.3915, 44.52066, 54.800000000000004], [-0.39161, 44.52073, 55.6], [-0.39155, 44.52078, 53.7], [-0.39161, 44.5208, 53.7], [-0.39163, 44.52075, 55.6], [-0.39173, 44.52087, 54.800000000000004], [-0.39174, 44.52119, 56.0], [-0.39157, 44.52114, 56.0], [-0.3915, 44.52129, 56.0], [-0.39159, 44.5213, 56.0], [-0.39163, 44.52122, 56.0], [-0.3917, 44.52124, 56.0], [-0.39163, 44.52136, 54.07142857142857], [-0.3915, 44.52145, 54.07142857142857], [-0.39145, 44.52146, 54.3], [-0.39149, 44.52142, 54.3], [-0.39141, 44.52137, 53.5], [-0.39132, 44.5214, 54.6], [-0.3913, 44.52148, 54.3], [-0.39136, 44.52151, 54.3], [-0.3912, 44.52154, 55.98748859133028], [-0.39115, 44.52151, 54.6], [-0.39119, 44.52147, 54.6], [-0.39104, 44.5214, 54.6], [-0.39093, 44.52152, 54.4], [-0.39082, 44.52151, 54.73469387755098], [-0.39088, 44.52142, 53.5], [-0.39068, 44.52139, 54.1], [-0.39066, 44.52146, 54.1], [-0.39051, 44.52138, 53.7], [-0.39056, 44.52133, 53.7], [-0.3904, 44.52126, 53.7], [-0.39035, 44.5211, 54.50000000000001], [-0.39037, 44.52092, 54.7], [-0.39048, 44.52076, 54.7], [-0.39066, 44.52064, 54.7], [-0.39093, 44.52057, 54.199999999999996], [-0.39116, 44.52057, 54.199999999999996], [-0.3915, 44.52066, 54.800000000000004]]]}}, {"type": "Feature", "properties": {"id_obligation": "330760000D0813", "priorite": "moyenne"}, "geometry": {"type": "Polygon", "coordinates": [[[-0.39021, 44.52094, 53.44845002772592], [-0.39018, 44.5211, 53.4], [-0.39027, 44.52111, 53.4], [-0.39032, 44.52105, 52.4], [-0.39028, 44.52104, 53.5], [-0.39032, 44.52086, 53.5], [-0.39049, 44.5208, 53.183333333333316], [-0.39074, 44.52078, 54.25625000000001], [-0.39107, 44.52084, 55.00384615384617], [-0.39126, 44.52095, 55.00384615384617], [-0.39138, 44.5211, 55.00384615384617], [-0.3914, 44.52128, 54.978571428571406], [-0.39136, 44.52142, 54.6], [-0.3913, 44.52142, 54.6], [-0.39132, 44.52148, 54.3], [-0.39121, 44.52159, 55.1], [-0.39123, 44.52155, 55.1], [-0.39115, 44.52151, 54.6], [-0.39119, 44.52147, 54.6], [-0.39104, 44.5214, 54.6], [-0.39086, 44.52154, 54.1], [-0.39111, 44.52165, 55.1], [-0.39091, 44.52172, 55.07142857142856], [-0.39066, 44.52173, 55.07142857142856], [-0.39042, 44.52168, 54.65], [-0.39021, 44.52157, 54.65], [-0.39008, 44.52142, 53.70000000000001], [-0.39004, 44.52124, 53.70000000000001], [-0.39021, 44.52094, 53.44845002772592]]]}}, {"type": "Feature", "properties": {"id_obligation": "330760000D0824", "priorite": "forte"}, "geometry": {"type": "Polygon", "coordinates": [[[-0.3961, 44.53484, 69.80728070175438], [-0.39579, 44.53482, 69.80728070175438], [-0.39553, 44.5347, 69.80728070175438], [-0.39536, 44.53452, 69.96], [-0.39532, 44.53442, 69.9], [-0.39539, 44.53444, 69.9], [-0.39541, 44.53439, 69.9], [-0.39545, 44.53431, 69.9], [-0.39551, 44.53433, 69.7], [-0.39558, 44.53412, 69.2], [-0.39548, 44.53406, 69.9], [-0.39532, 44.5344, 69.9], [-0.39538, 44.53414, 69.725], [-0.39553, 44.534, 69.725], [-0.39581, 44.53388, 69.80728070175438], [-0.39605, 44.53384, 69.80728070175438], [-0.3963, 44.53387, 69.80728070175438], [-0.39651, 44.53397, 69.80728070175438], [-0.3967, 44.53417, 69.80728070175438], [-0.39675, 44.53434, 69.80728070175438], [-0.3967, 44.53451, 69.80728070175438], [-0.39657, 44.53466, 69.80728070175438], [-0.3961, 44.53484, 69.80728070175438]]]}}, {"type": "Feature", "properties": {"id_obligation": "330760000D0828", "priorite": "moyenne"}, "geometry": {"type": "Polygon", "coordinates": [[[-0.39235, 44.52889, 66.3], [-0.392, 44.52897, 65.93571428571428], [-0.39168, 44.52892, 65.93571428571428], [-0.3912, 44.52875, 64.0], [-0.391, 44.52859, 63.333333333333336], [-0.39092, 44.52843, 63.333333333333336], [-0.39096, 44.52821, 64.82927331349207], [-0.39112, 44.528, 64.82927331349207], [-0.39135, 44.52787, 64.82927331349207], [-0.39159, 44.52782, 64.9], [-0.39216, 44.52789, 64.9], [-0.39247, 44.52799, 64.27], [-0.39255, 44.52804, 64.3], [-0.39264, 44.52814, 64.14035109962978], [-0.3926, 44.52834, 64.2], [-0.39271, 44.52836, 64.2], [-0.39255, 44.52874, 66.3], [-0.39235, 44.52889, 66.3]], [[-0.39248, 44.52803, 64.3], [-0.39245, 44.52809, 64.3], [-0.39253, 44.5281, 64.3], [-0.39255, 44.52804, 64.3], [-0.39248, 44.52803, 64.3]]]}}, {"type": "Feature", "properties": {"id_obligation": "330760000D0829", "priorite": "forte"}, "geometry": {"type": "Polygon", "coordinates": [[[-0.39374, 44.52901, 66.8], [-0.39344, 44.52896, 66.85000000000001], [-0.39328, 44.52889, 66.70718725808878], [-0.39335, 44.52881, 66.9], [-0.39346, 44.52881, 66.9], [-0.39339, 44.52877, 66.9], [-0.39342, 44.52872, 66.9], [-0.3933, 44.52868, 66.9], [-0.39318, 44.52881, 66.75352217693955], [-0.39311, 44.52871, 66.85000000000001], [-0.39306, 44.52854, 66.9], [-0.39314, 44.52828, 66.8223076923077], [-0.39328, 44.52813, 66.8223076923077], [-0.39349, 44.52804, 66.8223076923077], [-0.39406, 44.52799, 66.8223076923077], [-0.39431, 44.52802, 66.8223076923077], [-0.39453, 44.52811, 66.8223076923077], [-0.39471, 44.52829, 66.8223076923077], [-0.39474, 44.52851, 66.8223076923077], [-0.39461, 44.52878, 66.89999999999999], [-0.39438, 44.52892, 66.89999999999999], [-0.39374, 44.52901, 66.8]]]}}, {"type": "Feature", "properties": {"id_obligation": "330760000D0841", "priorite": "moyenne"}, "geometry": {"type": "Polygon", "coordinates": [[[-0.38824, 44.5287, 57.385714285714286], [-0.38813, 44.52855, 56.6], [-0.3881, 44.52837, 56.6], [-0.38819, 44.52815, -233.52035714285716], [-0.38834, 44.52802, -233.52035714285716], [-0.38855, 44.52793, -233.52035714285716], [-0.3888, 44.52792, -233.52035714285716], [-0.38912, 44.52798, -233.52035714285716], [-0.38931, 44.52809, -233.52035714285716], [-0.38943, 44.52824, -233.52035714285716], [-0.38946, 44.52842, -233.52035714285716], [-0.38937, 44.52864, -1000.0], [-0.38917, 44.5288, -1000.0], [-0.38906, 44.52884, -1000.0], [-0.389, 44.52881, -1000.0], [-0.38905, 44.52885, -1000.0], [-0.389, 44.52886, -339.1875000000001], [-0.38875, 44.52888, -339.1875000000001], [-0.38849, 44.52883, 57.385714285714286], [-0.38824, 44.5287, 57.385714285714286]]]}}, {"type": "Feature", "properties": {"id_obligation": "330760000D0846", "priorite": "moyenne"}, "geometry": {"type": "Polygon", "coordinates": [[[-0.39279, 44.52843, 64.2], [-0.39295, 44.52866, 65.0460469187675], [-0.39292, 44.52894, 65.0460469187675], [-0.39276, 44.52913, 65.0460469187675], [-0.3925, 44.52925, 65.0460469187675], [-0.39226, 44.52926, 65.0460469187675], [-0.39167, 44.52917, 64.28235294117646], [-0.39161, 44.52915, 64.3], [-0.39163, 44.52906, 64.3], [-0.39148, 44.52907, 64.28235294117646], [-0.39134, 44.52893, 64.28235294117646], [-0.39129, 44.52872, 65.84285714285714], [-0.39137, 44.5285, 64.535], [-0.39151, 44.52836, 64.535], [-0.39158, 44.52832, 64.0], [-0.39155, 44.52837, 64.0], [-0.39154, 44.52837, 63.0], [-0.3915, 44.52843, 63.0], [-0.39176, 44.52854, 66.5], [-0.3918, 44.52849, 66.5], [-0.39166, 44.52842, 64.4], [-0.39172, 44.52831, 64.0], [-0.39165, 44.52829, 64.0], [-0.39172, 44.52827, 64.535], [-0.39202, 44.52824, 65.48749999999998], [-0.39253, 44.52832, 64.2], [-0.39279, 44.52843, 64.2]]]}}, {"type": "Feature", "properties": {"id_obligation": "330760000D0847", "priorite": "moyenne"}, "geometry": {"type": "Polygon", "coordinates": [[[-0.39233, 44.52914, 64.89234593837534], [-0.39206, 44.52926, 64.18], [-0.39175, 44.52926, 64.18], [-0.39139, 44.52917, 64.60714285714285], [-0.39121, 44.52905, 64.60714285714285], [-0.39108, 44.52886, 64.89234593837534], [-0.39108, 44.52869, 64.89234593837534], [-0.3912, 44.52843, 63.333333333333336], [-0.39141, 44.52827, 63.333333333333336], [-0.39164, 44.5282, 65.11250000000001], [-0.39188, 44.5282, 65.11250000000001], [-0.39225, 44.52829, 65.4705882352941], [-0.39244, 44.52841, 65.4705882352941], [-0.39255, 44.52857, 65.38571428571429], [-0.39257, 44.52875, 65.38571428571429], [-0.3925, 44.52895, 64.89234593837534], [-0.39233, 44.52914, 64.89234593837534]]]}}, {"type": "Feature", "properties": {"id_obligation": "330760000D0848", "priorite": "moyenne"}, "geometry": {"type": "Polygon", "coordinates": [[[-0.39161, 44.52917, 64.3], [-0.39163, 44.52906, 64.3], [-0.3915, 44.52904, 64.5], [-0.39149, 44.5291, 64.3], [-0.39142, 44.52909, 64.3], [-0.39125, 44.5289, 64.0], [-0.39123, 44.52872, 64.0], [-0.39132, 44.52851, 63.98888888888889], [-0.39157, 44.52833, 64.0], [-0.39155, 44.52837, 64.0], [-0.39154, 44.52837, 63.0], [-0.3915, 44.52843, 63.0], [-0.39176, 44.52854, 66.5], [-0.3918, 44.52849, 66.5], [-0.39166, 44.52842, 64.4], [-0.3917, 44.52829, 65.54583333333333], [-0.39195, 44.52827, 65.54583333333333], [-0.39223, 44.52833, 65.35000000000001], [-0.39242, 44.52844, 65.35000000000001], [-0.39255, 44.52864, 66.3], [-0.39255, 44.52881, 66.3], [-0.39246, 44.529, 65.16992272347535], [-0.3923, 44.52913, 65.16992272347535], [-0.39208, 44.52921, 65.16992272347535], [-0.39184, 44.52923, 65.16992272347535], [-0.39161, 44.52917, 64.3]]]}}, {"type": "Feature", "properties": {"id_obligation": "330760000D0853", "priorite": "moyenne"}, "geometry": {"type": "Polygon", "coordinates": [[[-0.38826, 44.52931, 55.32307692307692], [-0.38823, 44.52917, 55.4], [-0.38834, 44.529, 55.4], [-0.38825, 44.52899, 55.4], [-0.38831, 44.52889, 57.4], [-0.3884, 44.52889, 57.4], [-0.3884, 44.52896, 56.9], [-0.38855, 44.52896, 56.9], [-0.38855, 44.5289, 57.7], [-0.38864, 44.52891, 57.2], [-0.38866, 44.52885, 57.2], [-0.38838, 44.52882, 56.7], [-0.3886, 44.5287, 56.683333333333344], [-0.38883, 44.52866, -615.6], [-0.38907, 44.52868, -615.6], [-0.38938, 44.5288, -111.66000457875457], [-0.38954, 44.52895, -111.66000457875457], [-0.38961, 44.52912, -111.66000457875457], [-0.38959, 44.52932, -111.66000457875457], [-0.38945, 44.52951, -111.66000457875457], [-0.38926, 44.52962, -111.66000457875457], [-0.38903, 44.52966, -111.66000457875457], [-0.38879, 44.52965, -111.66000457875457], [-0.3885, 44.52954, -111.66000457875457], [-0.38826, 44.52931, 55.32307692307692]]]}}, {"type": "Feature", "properties": {"id_obligation": "330760000D0854", "priorite": "moyenne"}, "geometry": {"type": "Polygon", "coordinates": [[[-0.38851, 44.52943, -109.70105006105004], [-0.38834, 44.52932, -109.70105006105004], [-0.38824, 44.52916, 55.4], [-0.38834, 44.529, 55.4], [-0.38822, 44.529, 55.4], [-0.38823, 44.52893, 55.5], [-0.3884, 44.52889, 57.4], [-0.3884, 44.52896, 56.9], [-0.38855, 44.52896, 56.9], [-0.38855, 44.5289, 57.7], [-0.38864, 44.52891, 57.2], [-0.38866, 44.52885, 57.2], [-0.38838, 44.52884, 56.7], [-0.38838, 44.5288, 56.7], [-0.38828, 44.5288, 55.5], [-0.38834, 44.52872, 56.70714285714287], [-0.38863, 44.52856, -735.7], [-0.38898, 44.52854, -735.7], [-0.38922, 44.5286, -109.70105006105004], [-0.38941, 44.52872, -109.70105006105004], [-0.38951, 44.52888, -109.70105006105004], [-0.38953, 44.52913, -109.70105006105004], [-0.38944, 44.5293, -109.70105006105004], [-0.38927, 44.52943, -109.70105006105004], [-0.38904, 44.5295, 56.68333333333334], [-0.38879, 44.5295, 56.68333333333334], [-0.38851, 44.52943, -109.70105006105004]]]}}, {"type": "Feature", "properties": {"id_obligation": "330760000D0865", "priorite": "moyenne"}, "geometry": {"type": "MultiPolygon", "coordinates": [[[[-0.39444, 44.53346, 68.64999999999999], [-0.3948, 44.53351, 70.59213800904976], [-0.39507, 44.53368, 70.59213800904976], [-0.39517, 44.53388, 70.26470588235294], [-0.39509, 44.53418, 70.5], [-0.39504, 44.53417, 70.5], [-0.39507, 44.5341, 70.5], [-0.39498, 44.53409, 70.5], [-0.39496, 44.53412, 70.5], [-0.3949, 44.53429, 70.5], [-0.39497, 44.5343, 70.5], [-0.39462, 44.53448, 70.59213800904976], [-0.39424, 44.53457, 70.59213800904976], [-0.394, 44.53455, 70.59213800904976], [-0.39372, 44.53444, 70.59213800904976], [-0.39356, 44.5343, 70.59213800904976], [-0.39348, 44.53408, 70.59213800904976], [-0.39351, 44.53391, 70.59213800904976], [-0.39362, 44.53376, 70.59213800904976], [-0.39415, 44.53353, 68.64999999999999], [-0.39444, 44.53346, 68.64999999999999]]], [[[-0.39502, 44.53423, 70.5], [-0.39504, 44.53423, 70.5], [-0.39501, 44.53426, 70.5], [-0.39502, 44.53423, 70.5]]]]}}, {"type": "Feature", "properties": {"id_obligation": "330760000D0866", "priorite": "moyenne"}, "geometry": {"type": "Polygon", "coordinates": [[[-0.3951, 44.53393, 71.7], [-0.39511, 44.53401, 70.28823529411765], [-0.39495, 44.53416, 70.5], [-0.39474, 44.53424, 70.28823529411765], [-0.39449, 44.53426, 74.44000000000001], [-0.39417, 44.5342, 70.3], [-0.39395, 44.53411, 70.3], [-0.3938, 44.53397, 70.07474789915968], [-0.39375, 44.53379, 70.07474789915968], [-0.3938, 44.53357, 67.5], [-0.39398, 44.53339, 67.5], [-0.39422, 44.5333, 67.5], [-0.39443, 44.53329, 67.5], [-0.39479, 44.53335, 70.07474789915968], [-0.395, 44.53344, 70.07474789915968], [-0.39513, 44.53358, 70.07474789915968], [-0.39519, 44.53375, 70.41999999999999], [-0.39514, 44.53396, 71.7], [-0.3951, 44.53393, 71.7]]]}}, {"type": "Feature", "properties": {"id_obligation": "330760000D0867", "priorite": "moyenne"}, "geometry": {"type": "Polygon", "coordinates": [[[-0.39087, 44.53212, 69.92985714285714], [-0.39098, 44.53228, 70.97500000000001], [-0.391, 44.53245, 70.97500000000001], [-0.39089, 44.53269, 69.92985714285714], [-0.39068, 44.53285, 69.92985714285714], [-0.39045, 44.53291, 69.92985714285714], [-0.3902, 44.53291, 69.92985714285714], [-0.38994, 44.53284, 69.5142857142857], [-0.38976, 44.53272, 69.5142857142857], [-0.38964, 44.53252, 69.92985714285714], [-0.38964, 44.53235, 69.92985714285714], [-0.38974, 44.53216, 69.9], [-0.3899, 44.53202, 69.9], [-0.39012, 44.53194, 69.89999999999999], [-0.39024, 44.532, 69.9], [-0.39025, 44.53193, 69.9], [-0.39063, 44.53199, 69.92985714285714], [-0.39087, 44.53212, 69.92985714285714]]]}}, {"type": "Feature", "properties": {"id_obligation": "330760000D0871", "priorite": "moyenne"}, "geometry": {"type": "Polygon", "coordinates": [[[-0.39024, 44.53263, 69.5], [-0.38988, 44.53268, 69.5], [-0.38948, 44.5326, 68.9], [-0.38924, 44.5324, 68.9], [-0.38919, 44.53219, 68.67419354838711], [-0.38929, 44.53189, 68.67419354838711], [-0.38944, 44.53175, 69.61428571428571], [-0.38992, 44.53149, 67.77857142857142], [-0.39006, 44.53146, 67.5], [-0.39026, 44.53152, 67.5], [-0.39031, 44.53147, 67.59970656442994], [-0.39052, 44.53152, 68.54], [-0.39072, 44.53162, 68.54], [-0.39085, 44.53176, 69.11999999999999], [-0.3909, 44.53193, 69.11999999999999], [-0.39082, 44.53217, 69.11999999999999], [-0.39074, 44.53227, 70.9405098426502], [-0.39065, 44.53225, 71.1], [-0.39062, 44.53235, 71.1], [-0.39024, 44.53263, 69.5]]]}}, {"type": "Feature", "properties": {"id_obligation": "330760000D0872", "priorite": "moyenne"}, "geometry": {"type": "Polygon", "coordinates": [[[-0.38951, 44.53217, 68.39999999999999], [-0.38937, 44.53206, 68.4], [-0.38942, 44.53207, 68.4], [-0.38945, 44.53203, 68.4], [-0.38939, 44.53202, 68.4], [-0.38947, 44.53187, 68.8], [-0.38963, 44.5319, 68.8], [-0.3897, 44.53176, 69.4], [-0.38954, 44.53175, 70.2], [-0.3895, 44.53182, 68.8], [-0.38941, 44.5318, 68.8], [-0.38932, 44.53199, 68.4], [-0.3893, 44.53196, 69.12222222222223], [-0.38928, 44.53185, 69.4], [-0.38934, 44.53186, 69.4], [-0.3894, 44.53176, 69.3], [-0.38928, 44.53174, 69.39684897617327], [-0.38934, 44.53154, 68.7], [-0.38948, 44.53139, 68.7], [-0.38974, 44.53127, 67.3875], [-0.38999, 44.53125, 67.3875], [-0.39028, 44.5313, 67.49000000000001], [-0.39052, 44.53142, 67.49000000000001], [-0.39064, 44.53158, 69.4625], [-0.39067, 44.53175, 70.32168388677916], [-0.39059, 44.532, 69.9], [-0.39046, 44.53215, 69.9], [-0.39026, 44.53225, 69.89999999999999], [-0.39001, 44.53229, 69.89999999999999], [-0.38972, 44.53225, 68.39999999999999], [-0.38951, 44.53217, 68.39999999999999]]]}}, {"type": "Feature", "properties": {"id_obligation": "330760000D0875", "priorite": "forte"}, "geometry": {"type": "MultiPolygon", "coordinates": [[[[-0.3962, 44.53382, 69.81228070175437], [-0.39644, 44.53387, 69.81228070175437], [-0.39664, 44.53397, 69.81228070175437], [-0.39681, 44.53419, 69.81228070175437], [-0.39684, 44.53436, 69.81228070175437], [-0.39678, 44.53453, 69.81228070175437], [-0.39664, 44.53467, 69.81228070175437], [-0.39636, 44.53479, 69.81228070175437], [-0.39606, 44.53481, 69.81228070175437], [-0.39583, 44.53475, 69.81228070175437], [-0.39564, 44.53464, 69.81228070175437], [-0.39549, 44.53444, 69.975], [-0.39546, 44.53432, 69.87610970917972], [-0.39551, 44.53433, 69.7], [-0.39554, 44.53427, 69.7], [-0.3955, 44.53426, 70.9], [-0.39558, 44.53412, 69.2], [-0.39554, 44.53408, 69.9], [-0.3959, 44.53386, 69.81228070175437], [-0.3962, 44.53382, 69.81228070175437]]]]}}, {"type": "Feature", "properties": {"id_obligation": "330760000D0878", "priorite": "moyenne"}, "geometry": {"type": "Polygon", "coordinates": [[[-0.38851, 44.52579, 50.1], [-0.38844, 44.52612, 50.1219696969697], [-0.38819, 44.52631, 50.1219696969697], [-0.38783, 44.5264, 50.1219696969697], [-0.38751, 44.52637, 50.1219696969697], [-0.38729, 44.5263, 50.1219696969697], [-0.38708, 44.52608, 50.1219696969697], [-0.38683, 44.52593, 50.1219696969697], [-0.38672, 44.52573, 50.1219696969697], [-0.38674, 44.52555, 48.70000000000001], [-0.38683, 44.52538, 48.70000000000001], [-0.38701, 44.52525, 48.70000000000001], [-0.38724, 44.52519, 48.70000000000001], [-0.38783, 44.52524, 48.51818181818182], [-0.38836, 44.52556, 50.1], [-0.38851, 44.52579, 50.1]]]}}, {"type": "Feature", "properties": {"id_obligation": "330760000D0882", "priorite": "moyenne"}, "geometry": {"type": "Polygon", "coordinates": [[[-0.38804, 44.52425, 44.91428571428572], [-0.38806, 44.5243, 44.6], [-0.388, 44.52429, 44.6], [-0.38799, 44.52434, 45.0], [-0.38815, 44.52433, 45.0], [-0.38836, 44.52476, 46.398561507936506], [-0.38831, 44.52493, 48.300000000000004], [-0.38814, 44.52511, 48.300000000000004], [-0.38792, 44.52519, 48.300000000000004], [-0.38763, 44.52524, 51.087500000000006], [-0.38732, 44.52519, 51.087500000000006], [-0.38691, 44.52496, 46.398561507936506], [-0.38674, 44.52478, 46.398561507936506], [-0.38671, 44.52461, 46.398561507936506], [-0.38679, 44.5244, 44.30625], [-0.38698, 44.52422, 44.30625], [-0.38727, 44.52414, 44.1], [-0.38764, 44.52415, 44.1], [-0.38804, 44.52425, 44.91428571428572]]]}}, {"type": "Feature", "properties": {"id_obligation": "330760000D0884", "priorite": "moyenne"}, "geometry": {"type": "Polygon", "coordinates": [[[-0.38851, 44.52685, 57.07916666666666], [-0.38868, 44.52667, 57.07916666666666], [-0.38888, 44.52658, 57.07916666666666], [-0.38923, 44.52653, 56.9], [-0.38953, 44.52659, 57.07916666666666], [-0.38971, 44.52671, 57.07916666666666], [-0.38982, 44.52687, 56.7], [-0.38987, 44.52711, 56.7], [-0.38979, 44.52731, 57.07916666666666], [-0.38964, 44.52744, 57.07916666666666], [-0.38943, 44.52752, 57.07916666666666], [-0.38914, 44.52756, 57.07916666666666], [-0.38889, 44.52752, 57.07916666666666], [-0.38868, 44.52742, 57.07916666666666], [-0.38855, 44.52727, 57.07916666666666], [-0.38848, 44.52707, 57.07916666666666], [-0.38851, 44.52685, 57.07916666666666]]]}}, {"type": "Feature", "properties": {"id_obligation": "330760000D0886", "priorite": "moyenne"}, "geometry": {"type": "Polygon", "coordinates": [[[-0.38923, 44.52715, 57.262499999999996], [-0.38893, 44.52709, 58.2], [-0.38872, 44.52693, 58.2], [-0.3886, 44.52666, 57.316071428571426], [-0.38861, 44.52649, 57.316071428571426], [-0.38875, 44.5263, 57.316071428571426], [-0.38895, 44.5262, 57.316071428571426], [-0.38938, 44.52607, 57.316071428571426], [-0.38965, 44.52607, 57.316071428571426], [-0.39, 44.52618, 57.316071428571426], [-0.39017, 44.5263, 57.316071428571426], [-0.39025, 44.52647, 57.316071428571426], [-0.39025, 44.52664, 57.316071428571426], [-0.39011, 44.52687, 57.316071428571426], [-0.38994, 44.52699, 57.316071428571426], [-0.38964, 44.52709, 57.262499999999996], [-0.38923, 44.52715, 57.262499999999996]]]}}, {"type": "Feature", "properties": {"id_obligation": "330760000D0889", "priorite": "moyenne"}, "geometry": {"type": "Polygon", "coordinates": [[[-0.39091, 44.5286, 65.17573426573428], [-0.39087, 44.52838, 65.17573426573428], [-0.391, 44.52815, 65.17573426573428], [-0.39121, 44.52799, 65.17573426573428], [-0.39151, 44.52792, 64.0], [-0.39176, 44.52795, 64.0], [-0.39218, 44.52813, 64.9], [-0.39215, 44.52828, 64.9], [-0.39224, 44.52816, 64.9], [-0.39234, 44.52826, 65.58181818181819], [-0.39243, 44.5285, 65.58181818181819], [-0.39232, 44.52874, 66.3130358659793], [-0.39176, 44.52864, 66.6], [-0.3917, 44.52877, 66.6], [-0.39189, 44.52882, 66.6], [-0.39192, 44.52876, 66.3], [-0.39226, 44.52881, 66.3], [-0.3921, 44.52891, 66.36], [-0.39188, 44.52898, 65.53076923076924], [-0.39163, 44.52898, 65.53076923076924], [-0.3911, 44.52878, 65.17573426573428], [-0.39091, 44.5286, 65.17573426573428]]]}}, {"type": "Feature", "properties": {"id_obligation": "330760000D0893", "priorite": "moyenne"}, "geometry": {"type": "Polygon", "coordinates": [[[-0.38807, 44.52926, 55.32307692307692], [-0.38788, 44.52909, 55.32307692307692], [-0.38782, 44.52888, 55.613636363636374], [-0.38788, 44.52865, -27.38714946044667], [-0.38807, 44.52849, -27.38714946044667], [-0.38829, 44.52841, 56.94285714285714], [-0.38869, 44.5284, 56.94285714285714], [-0.38893, 44.52844, 57.79999999999999], [-0.38913, 44.52855, 57.79999999999999], [-0.38925, 44.5287, -615.6363636363636], [-0.38928, 44.52888, -615.6363636363636], [-0.3892, 44.52911, 57.04117647058825], [-0.38906, 44.52925, 57.04117647058825], [-0.38885, 44.52933, 57.04117647058825], [-0.38835, 44.52934, 56.75000000000001], [-0.38807, 44.52926, 55.32307692307692]]]}}, {"type": "Feature", "properties": {"id_obligation": "330760000D0894", "priorite": "moyenne"}, "geometry": {"type": "Polygon", "coordinates": [[[-0.38906, 44.52922, 56.935], [-0.38888, 44.52935, 56.935], [-0.38864, 44.52941, 55.6], [-0.38824, 44.52939, 55.349999999999994], [-0.38802, 44.52932, 55.349999999999994], [-0.38783, 44.52915, 55.349999999999994], [-0.38777, 44.52898, 55.46666666666666], [-0.38779, 44.52878, 55.45], [-0.3879, 44.52862, 55.45], [-0.38815, 44.52848, 55.45], [-0.3884, 44.52844, 56.6], [-0.38871, 44.52847, -5.51293269230769], [-0.38893, 44.52854, -5.51293269230769], [-0.38909, 44.52867, -5.51293269230769], [-0.38917, 44.52883, -436.26666666666665], [-0.38918, 44.52901, -436.26666666666665], [-0.38906, 44.52922, 56.935]]]}}, {"type": "Feature", "properties": {"id_obligation": "330760000D0902", "priorite": "moyenne"}, "geometry": {"type": "Polygon", "coordinates": [[[-0.38879, 44.52456, 45.52894736842106], [-0.38858, 44.52472, 45.52894736842106], [-0.38836, 44.52478, 45.52894736842106], [-0.38801, 44.5248, 45.52894736842106], [-0.38772, 44.52475, 46.3], [-0.38765, 44.5246, 46.3], [-0.38753, 44.52465, 46.300000000000004], [-0.38739, 44.52446, 45.52894736842106], [-0.38737, 44.52429, 45.52894736842106], [-0.38745, 44.52409, 45.52894736842106], [-0.38767, 44.5239, 45.52894736842106], [-0.38798, 44.52374, 45.52894736842106], [-0.38829, 44.52372, 45.52894736842106], [-0.38859, 44.52378, 45.52894736842106], [-0.38882, 44.52393, 45.52894736842106], [-0.38891, 44.52414, 45.52894736842106], [-0.38879, 44.52456, 45.52894736842106]]]}}, {"type": "Feature", "properties": {"id_obligation": "330760000D0908", "priorite": "moyenne"}, "geometry": {"type": "Polygon", "coordinates": [[[-0.39198, 44.52894, 66.375], [-0.39172, 44.52888, 66.46666666666667], [-0.39153, 44.52877, 66.46666666666667], [-0.39141, 44.52861, 66.46666666666667], [-0.3914, 44.52839, 64.65217391304348], [-0.39153, 44.52813, 65.18061358930925], [-0.39168, 44.52799, 65.18061358930925], [-0.39195, 44.5279, 64.9], [-0.39225, 44.52791, 64.9], [-0.39268, 44.52802, 63.90668641479805], [-0.3926, 44.52834, 64.2], [-0.39273, 44.52836, 64.2], [-0.39281, 44.5281, 63.9], [-0.39294, 44.5283, 64.2], [-0.39293, 44.52852, 64.2], [-0.39279, 44.52874, 65.18061358930925], [-0.39256, 44.52887, 65.18061358930925], [-0.39198, 44.52894, 66.375]]]}}, {"type": "Feature", "properties": {"id_obligation": "330760000D0916", "priorite": "moyenne"}, "geometry": {"type": "Polygon", "coordinates": [[[-0.39195, 44.52088, 55.34736842105263], [-0.39191, 44.52096, 55.34736842105263], [-0.3919, 44.52097, 55.0], [-0.39183, 44.52094, 55.0], [-0.39175, 44.5211, 55.34736842105263], [-0.3914, 44.5212, 55.77241379310344], [-0.39119, 44.52119, 56.8], [-0.39122, 44.52114, 56.8], [-0.39114, 44.52112, 56.8], [-0.39112, 44.52118, 56.8], [-0.39101, 44.52116, 54.51363636363638], [-0.39084, 44.52108, 54.7], [-0.39088, 44.52097, 54.7], [-0.39074, 44.52094, 54.7], [-0.39073, 44.52098, 54.7], [-0.39064, 44.52083, 53.6], [-0.39062, 44.52044, 53.6], [-0.39069, 44.5202, 54.895535987303674], [-0.39082, 44.52005, 54.895535987303674], [-0.39102, 44.51996, 54.8], [-0.39125, 44.51992, 54.8], [-0.39154, 44.51995, 54.895535987303674], [-0.39187, 44.52015, 54.895535987303674], [-0.39197, 44.52057, 55.68333333333332], [-0.39195, 44.52088, 55.34736842105263]]]}}, {"type": "Feature", "properties": {"id_obligation": "330760000D0918", "priorite": "moyenne"}, "geometry": {"type": "Polygon", "coordinates": [[[-0.39032, 44.52101, 54.57142857142856], [-0.39034, 44.52074, 54.89894653867479], [-0.39048, 44.52055, 54.89894653867479], [-0.39073, 44.52043, 54.89894653867479], [-0.39103, 44.5204, 54.43333333333333], [-0.39133, 44.52046, 54.8], [-0.39175, 44.5207, 55.785714285714285], [-0.3918, 44.52075, 56.9], [-0.39175, 44.52074, 56.9], [-0.39173, 44.52079, 56.9], [-0.39182, 44.52077, 56.9], [-0.39188, 44.52085, 55.33076923076923], [-0.39193, 44.52102, 55.33076923076923], [-0.39187, 44.52122, 55.15454545454545], [-0.39173, 44.52136, 55.15454545454545], [-0.39152, 44.52146, 55.15454545454545], [-0.39146, 44.52147, 54.3], [-0.39149, 44.52142, 54.3], [-0.39141, 44.52137, 53.5], [-0.3913, 44.52142, 54.6], [-0.39133, 44.52149, 54.3], [-0.39118, 44.52148, 54.6], [-0.39104, 44.5214, 54.6], [-0.39099, 44.52147, 54.4], [-0.39091, 44.52145, 54.8195652173913], [-0.3908, 44.52139, 53.5], [-0.39069, 44.52138, 54.37999999999999], [-0.39048, 44.52124, 54.37999999999999], [-0.39032, 44.52101, 54.57142857142856]]]}}, {"type": "Feature", "properties": {"id_obligation": "330760000D0920", "priorite": "moyenne"}, "geometry": {"type": "Polygon", "coordinates": [[[-0.39016, 44.52148, 53.971428571428575], [-0.38998, 44.5213, 53.26000000000001], [-0.38993, 44.52108, 53.26000000000001], [-0.39003, 44.52087, 53.875], [-0.39029, 44.52063, 53.875], [-0.39056, 44.52051, 53.6], [-0.3908, 44.52049, 53.6], [-0.39117, 44.52057, 53.91428571428571], [-0.39134, 44.52067, 54.2], [-0.39127, 44.52066, 54.2], [-0.39126, 44.52075, 54.2], [-0.39135, 44.52075, 54.2], [-0.39136, 44.52068, 54.2], [-0.3915, 44.52088, 53.91428571428571], [-0.3915, 44.52105, 55.386486486486476], [-0.39136, 44.52138, 54.97027027027023], [-0.39119, 44.52153, 56.36672632225145], [-0.39119, 44.52147, 54.6], [-0.39104, 44.5214, 54.6], [-0.39086, 44.52154, 54.1], [-0.39099, 44.5216, 54.1], [-0.39069, 44.52162, 54.23902439024392], [-0.3906, 44.52155, 54.4], [-0.39055, 44.52159, 54.5], [-0.39016, 44.52148, 53.971428571428575]]]}}, {"type": "Feature", "properties": {"id_obligation": "330760000D0924", "priorite": "moyenne"}, "geometry": {"type": "Polygon", "coordinates": [[[-0.39105, 44.52908, 64.63735294117646], [-0.39127, 44.52901, 64.61999999999999], [-0.39151, 44.52901, 64.61999999999999], [-0.3918, 44.52909, 64.3], [-0.39197, 44.52921, 64.3], [-0.39207, 44.52936, 63.8], [-0.39208, 44.52954, 63.8], [-0.39198, 44.52974, 64.63735294117646], [-0.39181, 44.52987, 64.63735294117646], [-0.39158, 44.52995, 64.63735294117646], [-0.39133, 44.52995, 64.63735294117646], [-0.39103, 44.52987, 64.63735294117646], [-0.39086, 44.52975, 64.63735294117646], [-0.39076, 44.52958, 64.63735294117646], [-0.39076, 44.5294, 64.63735294117646], [-0.39084, 44.52923, 64.63735294117646], [-0.39105, 44.52908, 64.63735294117646]]]}}, {"type": "Feature", "properties": {"id_obligation": "330760000D0930", "priorite": "moyenne"}, "geometry": {"type": "Polygon", "coordinates": [[[-0.39323, 44.52788, 64.92758589181287], [-0.39338, 44.52807, 64.92758589181287], [-0.3934, 44.52825, 64.92758589181287], [-0.39331, 44.52853, 64.92758589181287], [-0.39313, 44.52871, 64.92758589181287], [-0.39292, 44.52879, 64.92758589181287], [-0.39269, 44.52881, 64.92758589181287], [-0.39237, 44.52876, 65.92631578947368], [-0.39216, 44.52867, 65.92631578947368], [-0.39201, 44.5285, 66.16087495363733], [-0.39206, 44.52844, 65.8], [-0.3923, 44.52846, 65.8], [-0.39233, 44.52839, 65.8], [-0.392, 44.52833, 66.6], [-0.39197, 44.52838, 66.6], [-0.39205, 44.528, 64.92758589181287], [-0.39219, 44.52786, 64.92758589181287], [-0.39239, 44.52776, 64.14999999999999], [-0.39263, 44.52773, 64.14999999999999], [-0.39296, 44.52776, 64.92758589181287], [-0.39323, 44.52788, 64.92758589181287]]]}}, {"type": "Feature", "properties": {"id_obligation": "330760000D0931", "priorite": "moyenne"}, "geometry": {"type": "Polygon", "coordinates": [[[-0.39208, 44.52845, 65.8], [-0.3923, 44.52846, 65.8], [-0.39233, 44.52839, 65.8], [-0.392, 44.52833, 66.6], [-0.39198, 44.52838, 66.6], [-0.39186, 44.52823, 64.9], [-0.39183, 44.52806, 64.9], [-0.39191, 44.52783, 64.6075396825397], [-0.39206, 44.52769, 64.6075396825397], [-0.39227, 44.5276, 64.6075396825397], [-0.39251, 44.52758, 64.6075396825397], [-0.39283, 44.52764, 64.6075396825397], [-0.39303, 44.52775, 64.6075396825397], [-0.39315, 44.5279, 63.9], [-0.39318, 44.52808, 63.9], [-0.39309, 44.52831, 64.2], [-0.39294, 44.52844, 64.2], [-0.39273, 44.52852, 64.7125], [-0.39249, 44.52855, 64.7125], [-0.39229, 44.52848, 65.7], [-0.39224, 44.52851, 65.69523809523808], [-0.39208, 44.52845, 65.8]]]}}, {"type": "Feature", "properties": {"id_obligation": "330760000D0944", "priorite": "forte"}, "geometry": {"type": "MultiPolygon", "coordinates": [[[[-0.39441, 44.52836, 66.97723639455782], [-0.39471, 44.52846, 66.97723639455782], [-0.39489, 44.52863, 66.97723639455782], [-0.39494, 44.52885, 66.97723639455782], [-0.39486, 44.52908, 68.06499999999998], [-0.39468, 44.52923, 68.8], [-0.39473, 44.52913, 68.8], [-0.39459, 44.52906, 66.2], [-0.39444, 44.52932, 68.4], [-0.39398, 44.52938, 66.49], [-0.3937, 44.52932, 67.12857142857142], [-0.3935, 44.52922, 67.12857142857142], [-0.39342, 44.52915, 68.51473596977058], [-0.39356, 44.52909, 66.5], [-0.3935, 44.52901, 66.1], [-0.39336, 44.52907, 66.45337803078382], [-0.39332, 44.52886, 66.75000000000001], [-0.39335, 44.52881, 66.9], [-0.39346, 44.52881, 66.9], [-0.39339, 44.52877, 66.9], [-0.39342, 44.52872, 66.9], [-0.39337, 44.5287, 66.9], [-0.39356, 44.52847, 67.08333333333333], [-0.39383, 44.52836, 66.47999999999999], [-0.39441, 44.52836, 66.97723639455782]]], [[[-0.39466, 44.52925, 68.06499999999998], [-0.39456, 44.52929, 68.70139800778199], [-0.39461, 44.52921, 68.8], [-0.39468, 44.52923, 68.8], [-0.39466, 44.52925, 68.06499999999998]]]]}}, {"type": "Feature", "properties": {"id_obligation": "330760000D0946", "priorite": "forte"}, "geometry": {"type": "Polygon", "coordinates": [[[-0.39498, 44.52973, 67.52628667628667], [-0.39471, 44.52985, 67.52628667628667], [-0.3944, 44.52986, 67.52628667628667], [-0.39406, 44.52977, 67.52628667628667], [-0.39386, 44.52961, 67.52628667628667], [-0.39378, 44.52945, 66.48888888888888], [-0.3938, 44.52927, 66.50144772797225], [-0.39391, 44.52929, 66.6], [-0.39393, 44.52925, 66.4], [-0.39404, 44.52924, 66.5], [-0.39408, 44.52917, 66.5], [-0.39396, 44.52914, 66.5], [-0.39384, 44.52919, 66.5], [-0.39387, 44.52911, 66.77857142857142], [-0.39397, 44.52898, 66.77857142857142], [-0.39414, 44.52886, 66.77857142857142], [-0.39421, 44.52883, 66.9], [-0.39429, 44.52888, 66.9], [-0.39429, 44.52881, 66.9], [-0.39442, 44.52879, 66.95454545454545], [-0.39466, 44.5288, 66.95454545454545], [-0.39491, 44.52888, 68.8], [-0.39509, 44.529, 68.8], [-0.39519, 44.52916, 67.7], [-0.3952, 44.52933, 67.7], [-0.39498, 44.52973, 67.52628667628667]]]}}, {"type": "Feature", "properties": {"id_obligation": "330760000D0948", "priorite": "forte"}, "geometry": {"type": "Polygon", "coordinates": [[[-0.39535, 44.52908, 67.23340404040404], [-0.39532, 44.52928, 67.23340404040404], [-0.39519, 44.52949, 67.23340404040404], [-0.39501, 44.52961, 67.23340404040404], [-0.3947, 44.5297, 68.01111111111112], [-0.39446, 44.5297, 68.01111111111112], [-0.39414, 44.52961, 67.23340404040404], [-0.39393, 44.52945, 67.23340404040404], [-0.39386, 44.52928, 66.55509007808591], [-0.39404, 44.52924, 66.5], [-0.39408, 44.52917, 66.5], [-0.39396, 44.52914, 66.5], [-0.39386, 44.52918, 66.5], [-0.39388, 44.5291, 66.49090909090908], [-0.39399, 44.52892, 66.8], [-0.39404, 44.52893, 66.8], [-0.39408, 44.52885, 66.8], [-0.39412, 44.52886, 66.8], [-0.39414, 44.5288, 66.8], [-0.39407, 44.5288, 66.83999999999997], [-0.3943, 44.52866, 66.9], [-0.39453, 44.52861, 66.9], [-0.39477, 44.52863, 66.9], [-0.39509, 44.52874, 67.23340404040404], [-0.39528, 44.52891, 67.23340404040404], [-0.39535, 44.52908, 67.23340404040404]]]}}, {"type": "Feature", "properties": {"id_obligation": "330760000D0950", "priorite": "forte"}, "geometry": {"type": "Polygon", "coordinates": [[[-0.39426, 44.52975, 68.14505494505494], [-0.39411, 44.52957, 68.4], [-0.39408, 44.52936, 68.4], [-0.39419, 44.52915, 68.4], [-0.39435, 44.52903, 68.4], [-0.39457, 44.52895, 67.82307692307691], [-0.39481, 44.52894, 67.82307692307691], [-0.39511, 44.52901, 68.14505494505494], [-0.3953, 44.52913, 68.14505494505494], [-0.3954, 44.52929, 68.14505494505494], [-0.39542, 44.52946, 68.14505494505494], [-0.39532, 44.52967, 68.14505494505494], [-0.39517, 44.5298, 68.14505494505494], [-0.39495, 44.52988, 68.14505494505494], [-0.39471, 44.52989, 68.14505494505494], [-0.39446, 44.52985, 68.14505494505494], [-0.39426, 44.52975, 68.14505494505494]]]}}, {"type": "Feature", "properties": {"id_obligation": "330760000D0951", "priorite": "moyenne"}, "geometry": {"type": "Polygon", "coordinates": [[[-0.39227, 44.52854, 64.20335649160175], [-0.39226, 44.52854, 64.20468728216505], [-0.39214, 44.52845, 65.8], [-0.3923, 44.52846, 65.8], [-0.39233, 44.52839, 65.8], [-0.39203, 44.5283, 64.89999999999999], [-0.39201, 44.52812, 64.89999999999999], [-0.39211, 44.52784, 64.765], [-0.39229, 44.52766, 64.765], [-0.39251, 44.52758, 64.765], [-0.39275, 44.52757, 64.765], [-0.39307, 44.52762, 64.765], [-0.39332, 44.52776, 64.765], [-0.39343, 44.52791, 64.765], [-0.39345, 44.52809, 64.765], [-0.39336, 44.52837, 64.765], [-0.39322, 44.52852, 64.765], [-0.39302, 44.52861, 64.765], [-0.39278, 44.52865, 64.2], [-0.39245, 44.52861, 64.2], [-0.39227, 44.52854, 64.20335649160175]], [[-0.39237, 44.52856, 64.7], [-0.39239, 44.52851, 65.7], [-0.39229, 44.52848, 65.7], [-0.39227, 44.52854, 64.20335649160175], [-0.39237, 44.52856, 64.7]]]}}, {"type": "Feature", "properties": {"id_obligation": "330760000D0953", "priorite": "moyenne"}, "geometry": {"type": "Polygon", "coordinates": [[[-0.39133, 44.52165, 55.1], [-0.39119, 44.52159, 55.1], [-0.39119, 44.52147, 54.6], [-0.39104, 44.5214, 54.6], [-0.39086, 44.52154, 54.1], [-0.39127, 44.5217, 54.5], [-0.39124, 44.52181, 53.9], [-0.39116, 44.52189, 56.5], [-0.39086, 44.52172, 56.5], [-0.3908, 44.52178, 56.5], [-0.3911, 44.52193, 56.5], [-0.39082, 44.52203, 55.33333333333334], [-0.39046, 44.52201, 55.33333333333334], [-0.39013, 44.52181, 51.883333333333326], [-0.38985, 44.52172, 51.883333333333326], [-0.3897, 44.52158, 52.800000000000004], [-0.38963, 44.52137, 52.800000000000004], [-0.38972, 44.52106, 53.83749999999999], [-0.3899, 44.52089, 53.83749999999999], [-0.39012, 44.52081, 53.83749999999999], [-0.39036, 44.52079, 53.756249999999994], [-0.3907, 44.52085, 53.756249999999994], [-0.39099, 44.52099, 54.50614335831308], [-0.39098, 44.52107, 54.4], [-0.39118, 44.52108, 55.2], [-0.39126, 44.52114, 54.903571428571446], [-0.39135, 44.52127, 55.09905520033063], [-0.39129, 44.52126, 55.1], [-0.39117, 44.52136, 54.5], [-0.39129, 44.52141, 54.7], [-0.39137, 44.52133, 54.7], [-0.39138, 44.5214, 54.084740898560554], [-0.3913, 44.52142, 54.6], [-0.3913, 44.52148, 54.3], [-0.39139, 44.52156, 54.96181818181816], [-0.39133, 44.52165, 55.1]]]}}, {"type": "Feature", "properties": {"id_obligation": "330760000D0957", "priorite": "moyenne"}, "geometry": {"type": "Polygon", "coordinates": [[[-0.39066, 44.5207, 53.65947689737164], [-0.39085, 44.52087, 53.65947689737164], [-0.39091, 44.52103, 54.21052631578949], [-0.3909, 44.52115, 53.4], [-0.39082, 44.52114, 53.7], [-0.39081, 44.52118, 53.7], [-0.39089, 44.52119, 53.4], [-0.39086, 44.52126, 54.36538461538461], [-0.39083, 44.5213, 55.5], [-0.39076, 44.52128, 54.7], [-0.39088, 44.52097, 54.7], [-0.39074, 44.52094, 54.7], [-0.39068, 44.5211, 54.7], [-0.39058, 44.52108, 54.7], [-0.39053, 44.5212, 54.8], [-0.39061, 44.52121, 54.8], [-0.39058, 44.52129, 54.8], [-0.39081, 44.52134, 55.5], [-0.39075, 44.5214, 54.1], [-0.39068, 44.52139, 54.1], [-0.39066, 44.52146, 54.1], [-0.39043, 44.52154, 53.56153846153846], [-0.38999, 44.52153, 52.79999999999999], [-0.38978, 44.52144, 52.79999999999999], [-0.38964, 44.5213, 52.79999999999999], [-0.38957, 44.52113, 53.65947689737164], [-0.38962, 44.5209, 53.7], [-0.38975, 44.52074, 53.7], [-0.38991, 44.52065, 53.7], [-0.38995, 44.52068, 53.7], [-0.38995, 44.52064, 53.7], [-0.3902, 44.5206, 53.89000000000001], [-0.39045, 44.52062, 53.65947689737164], [-0.39066, 44.5207, 53.65947689737164]]]}}, {"type": "Feature", "properties": {"id_obligation": "330760000D0960", "priorite": "moyenne"}, "geometry": {"type": "Polygon", "coordinates": [[[-0.3912, 44.52154, 55.963647742783564], [-0.39115, 44.52151, 57.1], [-0.39119, 44.52147, 54.6], [-0.39104, 44.5214, 54.6], [-0.39086, 44.52154, 54.1], [-0.39105, 44.52164, 54.1], [-0.3911, 44.52162, 55.1], [-0.39098, 44.52169, 55.3], [-0.3908, 44.52174, 54.835294117647045], [-0.39049, 44.52174, 54.835294117647045], [-0.39019, 44.52164, 51.7], [-0.39004, 44.52151, 53.314285714285724], [-0.38991, 44.52126, 53.314285714285724], [-0.38995, 44.52101, 53.452941176470574], [-0.39006, 44.52085, 53.452941176470574], [-0.39025, 44.52074, 53.452941176470574], [-0.39055, 44.52068, 54.7], [-0.3909, 44.52073, 54.486956521739145], [-0.39111, 44.52081, 54.486956521739145], [-0.39127, 44.52094, 54.486956521739145], [-0.39135, 44.5211, 55.16666666666666], [-0.39134, 44.52126, 55.1], [-0.39117, 44.52136, 54.5], [-0.39128, 44.5214, 54.7], [-0.3912, 44.52154, 55.963647742783564]]]}}, {"type": "Feature", "properties": {"id_obligation": "330760000D0962", "priorite": "moyenne"}, "geometry": {"type": "Polygon", "coordinates": [[[-0.38958, 44.52042, 53.96497770345597], [-0.38984, 44.5203, 53.96497770345597], [-0.39009, 44.52028, 53.70000000000001], [-0.3904, 44.52034, 53.96497770345597], [-0.3906, 44.52045, 53.96497770345597], [-0.39073, 44.52064, 54.70000000000001], [-0.39074, 44.52082, 54.70000000000001], [-0.39065, 44.52104, 54.34347826086958], [-0.39049, 44.52118, 54.34347826086958], [-0.39027, 44.52126, 53.25833333333333], [-0.39003, 44.52128, 53.25833333333333], [-0.38971, 44.52121, 53.96497770345597], [-0.38952, 44.5211, 53.96497770345597], [-0.38941, 44.52095, 53.96497770345597], [-0.38938, 44.52077, 53.96497770345597], [-0.38945, 44.52056, 53.96497770345597], [-0.38958, 44.52042, 53.96497770345597]]]}}, {"type": "Feature", "properties": {"id_obligation": "330760000D0964", "priorite": "très forte"}, "geometry": {"type": "Polygon", "coordinates": [[[-0.3801, 44.51901, 45.1888888888889], [-0.37998, 44.51886, 45.1888888888889], [-0.37994, 44.51869, 45.1888888888889], [-0.38003, 44.51847, 45.1888888888889], [-0.38017, 44.51833, 45.1888888888889], [-0.38038, 44.51824, 45.1888888888889], [-0.38063, 44.51821, 45.1888888888889], [-0.38093, 44.51827, 45.1888888888889], [-0.38113, 44.51837, 45.1888888888889], [-0.38127, 44.51857, 45.1888888888889], [-0.38129, 44.51874, 45.1888888888889], [-0.38121, 44.51892, 45.1888888888889], [-0.38106, 44.51906, 45.1888888888889], [-0.38084, 44.51915, 45.1888888888889], [-0.38059, 44.51918, 45.1888888888889], [-0.38034, 44.51913, 45.1888888888889], [-0.3801, 44.51901, 45.1888888888889]]]}}, {"type": "Feature", "properties": {"id_obligation": "330760000D0966", "priorite": "moyenne"}, "geometry": {"type": "MultiPolygon", "coordinates": [[[[-0.39021, 44.5209, 53.46416356778686], [-0.39018, 44.5211, 53.4], [-0.39027, 44.52111, 53.4], [-0.39032, 44.52105, 52.4], [-0.39028, 44.52104, 53.5], [-0.3903, 44.52083, 53.5], [-0.39047, 44.52075, 53.3076923076923], [-0.39123, 44.52068, 54.52307692307696], [-0.39126, 44.52075, 54.2], [-0.39135, 44.52075, 54.2], [-0.39136, 44.5207, 54.2], [-0.39143, 44.52072, 54.81724137931035], [-0.39172, 44.52088, 54.81724137931035], [-0.3918, 44.52098, 55.0], [-0.39173, 44.52106, 55.0], [-0.39184, 44.52109, 55.0], [-0.39184, 44.52121, 55.05294117647057], [-0.39169, 44.52149, 55.05294117647057], [-0.39152, 44.52162, 55.9], [-0.39141, 44.52167, 57.0], [-0.39147, 44.52161, 57.0], [-0.39141, 44.52158, 57.0], [-0.39133, 44.52165, 55.1], [-0.39119, 44.52159, 55.1], [-0.39119, 44.52147, 54.6], [-0.39104, 44.5214, 54.6], [-0.39086, 44.52154, 54.1], [-0.39105, 44.52164, 54.1], [-0.39108, 44.52161, 55.1], [-0.39119, 44.5217, 55.1], [-0.39097, 44.52178, 55.094444444444434], [-0.39086, 44.52172, 56.5], [-0.39083, 44.52179, 56.5], [-0.39069, 44.52178, 55.094444444444434], [-0.39029, 44.52168, 54.58], [-0.39009, 44.52151, 54.02105263157896], [-0.39003, 44.52129, 54.02105263157896], [-0.39021, 44.5209, 53.46416356778686]]], [[[-0.39123, 44.52168, 55.1], [-0.39126, 44.5217, 54.665434536283264], [-0.39123, 44.5217, 55.094444444444434], [-0.39123, 44.52168, 55.1]]]]}}, {"type": "Feature", "properties": {"id_obligation": "330760000D0970", "priorite": "moyenne"}, "geometry": {"type": "Polygon", "coordinates": [[[-0.39149, 44.53238, 69.7218660968661], [-0.3914, 44.53261, 69.7218660968661], [-0.39112, 44.53283, 69.7218660968661], [-0.3907, 44.53287, 71.0], [-0.39043, 44.53281, 69.35999999999999], [-0.39016, 44.53267, 69.35999999999999], [-0.38999, 44.53243, 69.35999999999999], [-0.39005, 44.53211, 69.8111111111111], [-0.38998, 44.53185, 69.8111111111111], [-0.39013, 44.5315, 67.5], [-0.39029, 44.5315, 67.7], [-0.39031, 44.53134, 67.49585845181018], [-0.3905, 44.53127, 69.63999999999999], [-0.39074, 44.53125, 69.63999999999999], [-0.391, 44.53129, 69.7218660968661], [-0.3912, 44.53139, 69.7218660968661], [-0.39138, 44.53161, 69.7218660968661], [-0.39139, 44.53179, 69.7218660968661], [-0.3913, 44.53199, 69.7218660968661], [-0.39147, 44.5322, 69.7218660968661], [-0.39149, 44.53238, 69.7218660968661]]]}}, {"type": "Feature", "properties": {"id_obligation": "330760000D0972", "priorite": "moyenne"}, "geometry": {"type": "Polygon", "coordinates": [[[-0.38798, 44.52605, 51.57142857142857], [-0.38775, 44.52601, 51.53333333333333], [-0.38751, 44.52589, 51.53333333333333], [-0.38735, 44.52571, 52.90000000000002], [-0.38732, 44.52553, 48.7], [-0.38738, 44.52551, 48.7], [-0.38746, 44.52534, 48.7], [-0.38737, 44.52532, 48.6], [-0.38739, 44.52527, 48.44444444444444], [-0.38757, 44.52509, 48.44444444444444], [-0.38779, 44.52501, 48.3], [-0.38813, 44.52497, 48.3], [-0.38841, 44.52504, 48.89999999999999], [-0.38862, 44.5252, 48.89999999999999], [-0.38875, 44.52543, 50.24988662131519], [-0.38875, 44.52565, 50.24988662131519], [-0.38864, 44.52582, 50.24988662131519], [-0.38847, 44.52595, 50.24988662131519], [-0.38822, 44.52604, 51.57142857142857], [-0.38798, 44.52605, 51.57142857142857]]]}}, {"type": "Feature", "properties": {"id_obligation": "330760000D0974", "priorite": "moyenne"}, "geometry": {"type": "MultiPolygon", "coordinates": [[[[-0.38733, 44.52488, 52.73], [-0.38771, 44.52493, 48.29999999999999], [-0.38788, 44.52501, 48.3], [-0.38769, 44.52509, 48.3], [-0.38773, 44.52516, 48.3], [-0.38796, 44.52512, 48.3], [-0.38791, 44.52502, 48.3], [-0.38807, 44.52522, 48.29999999999999], [-0.38808, 44.52544, 50.1], [-0.38797, 44.52544, 50.1], [-0.38795, 44.52557, 50.1], [-0.38801, 44.5256, 50.1], [-0.38793, 44.52573, 51.449999999999996], [-0.3878, 44.52584, 51.8], [-0.38779, 44.52578, 51.0], [-0.38769, 44.52577, 51.0], [-0.38769, 44.5259, 51.8], [-0.38744, 44.52598, 55.2], [-0.3872, 44.52599, 55.2], [-0.38692, 44.52593, 51.074444444444445], [-0.38674, 44.52581, 51.074444444444445], [-0.3866, 44.52557, 51.074444444444445], [-0.38665, 44.52526, 51.074444444444445], [-0.38704, 44.52495, 51.074444444444445], [-0.38733, 44.52488, 52.73]]]]}}, {"type": "Feature", "properties": {"id_obligation": "330760000D0985", "priorite": "moyenne"}, "geometry": {"type": "Polygon", "coordinates": [[[-0.39089, 44.53164, 69.4], [-0.39077, 44.53179, 69.4], [-0.39069, 44.53185, 68.85596659289962], [-0.39077, 44.53171, 69.6], [-0.39069, 44.5317, 70.6], [-0.39061, 44.5319, 69.47801914779596], [-0.39029, 44.53197, 69.77999999999999], [-0.39015, 44.5319, 69.9], [-0.39013, 44.53196, 69.9], [-0.38967, 44.53184, 69.82000000000001], [-0.3897, 44.53176, 69.4], [-0.38954, 44.53174, 69.82000000000001], [-0.38943, 44.5315, 67.2], [-0.38949, 44.53126, 67.2], [-0.38966, 44.53104, 66.8347619047619], [-0.38985, 44.53093, 66.8347619047619], [-0.39014, 44.53087, 62.85], [-0.39032, 44.53095, 61.6], [-0.39039, 44.53088, 61.43208408711868], [-0.39051, 44.53091, 61.3], [-0.39076, 44.53102, 61.3], [-0.39092, 44.5312, 66.8347619047619], [-0.39095, 44.53144, 66.8347619047619], [-0.39089, 44.53164, 69.4]]]}}, {"type": "Feature", "properties": {"id_obligation": "330760000D0987", "priorite": "moyenne"}, "geometry": {"type": "Polygon", "coordinates": [[[-0.3907, 44.53147, 63.13939393939395], [-0.39044, 44.53159, 63.13939393939395], [-0.3902, 44.53161, 67.49333333333334], [-0.38984, 44.53156, 63.13939393939395], [-0.38961, 44.53142, 63.13939393939395], [-0.38951, 44.53127, 64.44], [-0.3895, 44.53098, 64.44], [-0.38956, 44.53081, 60.83636363636362], [-0.38975, 44.53064, 60.83636363636362], [-0.38996, 44.53057, 61.46666666666667], [-0.39026, 44.53055, 61.46666666666667], [-0.39051, 44.53059, 61.3], [-0.39071, 44.53069, 61.3], [-0.39084, 44.53085, 61.3], [-0.39085, 44.53127, 63.13939393939395], [-0.3907, 44.53147, 63.13939393939395]]]}}, {"type": "Feature", "properties": {"id_obligation": "330760000D0993", "priorite": "forte"}, "geometry": {"type": "Polygon", "coordinates": [[[-0.39352, 44.52961, 66.51930014430015], [-0.3933, 44.52968, 66.51930014430015], [-0.39306, 44.52968, 66.51930014430015], [-0.39272, 44.5296, 66.51930014430015], [-0.39254, 44.52947, 66.51930014430015], [-0.39244, 44.52926, 66.51930014430015], [-0.39246, 44.52908, 66.51930014430015], [-0.39258, 44.52888, 66.51930014430015], [-0.39276, 44.52876, 66.51930014430015], [-0.393, 44.52869, 66.85714285714286], [-0.39328, 44.5287, 66.82660945030244], [-0.39316, 44.52884, 66.9], [-0.39328, 44.52889, 66.7], [-0.39335, 44.52881, 66.9], [-0.39346, 44.52881, 66.9], [-0.39339, 44.52877, 66.9], [-0.39341, 44.52874, 66.9], [-0.39358, 44.5288, 66.51930014430015], [-0.39374, 44.52892, 66.51930014430015], [-0.39383, 44.52908, 66.49166666666666], [-0.39382, 44.52927, 66.51287653225488], [-0.39373, 44.52945, 66.51930014430015], [-0.39352, 44.52961, 66.51930014430015]]]}}, {"type": "Feature", "properties": {"id_obligation": "330760000D0995", "priorite": "forte"}, "geometry": {"type": "Polygon", "coordinates": [[[-0.3939, 44.52974, 66.99689754689754], [-0.39356, 44.52968, 66.99689754689754], [-0.39335, 44.52958, 66.99689754689754], [-0.3932, 44.52939, 66.28181818181818], [-0.39318, 44.52923, 65.58777437308544], [-0.39329, 44.52897, 66.1], [-0.39349, 44.52881, 66.1], [-0.39378, 44.52871, 66.8], [-0.39404, 44.52869, 66.8], [-0.3944, 44.52878, 66.89999999999999], [-0.39458, 44.5289, 66.89999999999999], [-0.39469, 44.52906, 68.00555555555555], [-0.39471, 44.52912, 68.53590468826486], [-0.39459, 44.52906, 66.2], [-0.39441, 44.5294, 68.4], [-0.39452, 44.52942, 68.4], [-0.39461, 44.52921, 68.8], [-0.39468, 44.52923, 68.8], [-0.39459, 44.52947, 68.4], [-0.39443, 44.5296, 68.4], [-0.39419, 44.52969, 66.99689754689754], [-0.3939, 44.52974, 66.99689754689754]]]}}, {"type": "Feature", "properties": {"id_obligation": "330760000D0997", "priorite": "forte"}, "geometry": {"type": "Polygon", "coordinates": [[[-0.39355, 44.52962, 66.46103896103897], [-0.39331, 44.52965, 66.46103896103897], [-0.39307, 44.52961, 66.46103896103897], [-0.39287, 44.5295, 66.46103896103897], [-0.3927, 44.5293, 65.6], [-0.39264, 44.52913, 65.6], [-0.3927, 44.52891, 66.46103896103897], [-0.39285, 44.52877, 66.46103896103897], [-0.39323, 44.5286, 66.85714285714286], [-0.39347, 44.52856, 66.85714285714286], [-0.3937, 44.52859, 66.8], [-0.39396, 44.52871, 66.8], [-0.39405, 44.5288, 66.8], [-0.394, 44.52879, 66.8], [-0.39395, 44.52891, 66.8], [-0.39404, 44.52893, 66.8], [-0.3941, 44.52885, 66.8], [-0.39419, 44.52914, 66.50909090909092], [-0.39409, 44.52934, 66.6], [-0.39355, 44.52962, 66.46103896103897]]]}}, {"type": "Feature", "properties": {"id_obligation": "330760000D1006", "priorite": "moyenne"}, "geometry": {"type": "Polygon", "coordinates": [[[-0.38857, 44.52913, 55.349999999999994], [-0.38834, 44.52929, 55.349999999999994], [-0.3881, 44.52934, 55.32727272727272], [-0.38778, 44.52931, 55.92522727272727], [-0.38752, 44.5292, 55.92522727272727], [-0.38739, 44.52905, 55.92522727272727], [-0.38733, 44.52883, 55.92522727272727], [-0.38739, 44.52862, 55.92522727272727], [-0.38754, 44.52844, 55.92522727272727], [-0.38774, 44.52832, 55.92522727272727], [-0.38798, 44.52827, 55.92522727272727], [-0.38828, 44.5283, 56.6], [-0.3885, 44.52838, 56.6], [-0.38868, 44.52856, 56.6], [-0.38873, 44.52873, 56.88636363636363], [-0.38857, 44.52913, 55.349999999999994]]]}}, {"type": "Feature", "properties": {"id_obligation": "330760000D1007", "priorite": "moyenne"}, "geometry": {"type": "Polygon", "coordinates": [[[-0.38891, 44.52904, 57.0], [-0.3889, 44.52898, 57.0], [-0.38885, 44.52898, 57.0], [-0.38888, 44.52911, 57.1], [-0.38873, 44.52926, 57.033333333333324], [-0.38853, 44.52936, 55.32307692307692], [-0.38829, 44.52939, 55.32307692307692], [-0.38797, 44.52934, 56.29070512820513], [-0.38776, 44.52924, 56.29070512820513], [-0.38762, 44.52909, 56.29070512820513], [-0.38758, 44.52891, 55.5], [-0.38764, 44.52865, 56.29070512820513], [-0.38776, 44.5285, 56.29070512820513], [-0.38802, 44.52837, 56.29070512820513], [-0.38832, 44.52835, 56.29070512820513], [-0.38856, 44.52839, 56.6], [-0.3888, 44.52853, 56.6], [-0.38892, 44.52872, 57.146153846153844], [-0.38891, 44.52904, 57.0]]]}}, {"type": "Feature", "properties": {"id_obligation": "330760000D1008", "priorite": "moyenne"}, "geometry": {"type": "Polygon", "coordinates": [[[-0.39079, 44.5334, 70.16038095238096], [-0.39062, 44.53368, 71.02857142857144], [-0.39051, 44.53375, 70.9], [-0.39016, 44.53365, 70.1], [-0.39014, 44.53371, 70.1], [-0.39036, 44.53374, 70.9], [-0.39034, 44.5338, 71.56078016032939], [-0.38999, 44.53382, 70.65000000000002], [-0.38967, 44.53376, 70.16038095238096], [-0.38947, 44.53365, 70.16038095238096], [-0.38934, 44.5335, 70.16038095238096], [-0.38932, 44.53327, 70.16038095238096], [-0.38944, 44.533, 69.2], [-0.38973, 44.5328, 69.2], [-0.38975, 44.5329, 69.2], [-0.38986, 44.53289, 69.2], [-0.38981, 44.53278, 69.9502515216678], [-0.39009, 44.53276, 69.75], [-0.39042, 44.53282, 70.16038095238096], [-0.39065, 44.53296, 70.16038095238096], [-0.39078, 44.53314, 70.16038095238096], [-0.39079, 44.5334, 70.16038095238096]]]}}, {"type": "Feature", "properties": {"id_obligation": "330760000D1010", "priorite": "moyenne"}, "geometry": {"type": "Polygon", "coordinates": [[[-0.38904, 44.52824, 57.8], [-0.38917, 44.52839, 57.8], [-0.3892, 44.52857, -5.407820666728226], [-0.38912, 44.52879, -378.2352941176471], [-0.38892, 44.52896, -378.2352941176471], [-0.38869, 44.52904, 57.0], [-0.38821, 44.52899, 55.507692307692324], [-0.38802, 44.52889, 55.5], [-0.3881, 44.52873, 55.4], [-0.38804, 44.52872, 55.4], [-0.38798, 44.52878, 55.5], [-0.38798, 44.52885, 55.5], [-0.38789, 44.52873, 55.58], [-0.38786, 44.52856, 55.58], [-0.38794, 44.52833, -5.407820666728226], [-0.38809, 44.52819, -5.407820666728226], [-0.3883, 44.5281, 57.8], [-0.38854, 44.52808, 57.8], [-0.38879, 44.52812, 57.8], [-0.38904, 44.52824, 57.8]]]}}, {"type": "Feature", "properties": {"id_obligation": "330760000D1017", "priorite": "moyenne"}, "geometry": {"type": "Polygon", "coordinates": [[[-0.39041, 44.53259, 69.35999999999999], [-0.39049, 44.53283, 69.64185714285713], [-0.39047, 44.53301, 69.86], [-0.39036, 44.53317, 69.86], [-0.39017, 44.53329, 69.8], [-0.39015, 44.53323, 70.1], [-0.39, 44.53321, 70.1], [-0.38994, 44.53334, 70.57499999999999], [-0.38964, 44.53335, 70.57499999999999], [-0.38936, 44.53326, 69.64185714285713], [-0.38917, 44.53309, 69.64185714285713], [-0.38909, 44.53282, 69.64185714285713], [-0.38911, 44.53265, 68.9], [-0.38922, 44.53249, 68.9], [-0.38935, 44.5324, 68.9], [-0.38949, 44.53243, 68.9], [-0.3895, 44.53238, 68.9], [-0.38941, 44.53237, 68.9], [-0.38945, 44.53235, 68.9], [-0.38971, 44.53231, 69.64185714285713], [-0.38995, 44.53232, 69.64185714285713], [-0.39022, 44.53242, 69.35999999999999], [-0.39041, 44.53259, 69.35999999999999]]]}}, {"type": "Feature", "properties": {"id_obligation": "330760000D1026", "priorite": "moyenne"}, "geometry": {"type": "MultiPolygon", "coordinates": [[[[-0.39153, 44.52122, 56.0], [-0.3915, 44.52129, 56.0], [-0.39162, 44.52128, 55.324999999999996], [-0.3919, 44.52156, 55.42666666666666], [-0.39196, 44.52177, 55.42666666666666], [-0.39191, 44.52194, 54.96962124243636], [-0.39174, 44.52214, 54.96962124243636], [-0.39141, 44.52233, 54.96962124243636], [-0.39111, 44.52239, 56.5], [-0.39081, 44.52233, 56.5], [-0.39037, 44.52211, 54.96962124243636], [-0.39023, 44.52197, 54.96962124243636], [-0.39017, 44.52175, 53.72777777777779], [-0.39025, 44.52166, 51.7], [-0.3902, 44.52164, 51.7], [-0.39028, 44.52138, 53.7], [-0.39038, 44.52139, 53.7], [-0.3904, 44.52133, 53.7], [-0.39053, 44.52138, 53.7], [-0.39056, 44.52133, 53.7], [-0.39038, 44.52125, 53.7], [-0.39046, 44.52119, 54.136363636363654], [-0.39056, 44.52114, 54.8], [-0.39053, 44.5212, 54.8], [-0.39061, 44.52121, 54.8], [-0.39058, 44.52129, 54.8], [-0.39081, 44.52134, 55.5], [-0.39083, 44.5213, 55.5], [-0.39076, 44.52128, 54.7], [-0.39084, 44.52107, 54.7], [-0.39118, 44.52108, 55.2], [-0.39153, 44.52122, 56.0]]], [[[-0.39068, 44.52109, 54.7], [-0.39068, 44.5211, 54.7], [-0.39067, 44.5211, 54.136363636363654], [-0.39068, 44.52109, 54.7]]]]}}, {"type": "Feature", "properties": {"id_obligation": "330760000D1027", "priorite": "moyenne"}, "geometry": {"type": "Polygon", "coordinates": [[[-0.39142, 44.52196, 54.857142857142854], [-0.39118, 44.52201, 55.275], [-0.39094, 44.52199, 55.275], [-0.39065, 44.52188, 54.8], [-0.3905, 44.52174, 54.8], [-0.39043, 44.52157, 54.31071428571429], [-0.39046, 44.5214, 54.31071428571429], [-0.39053, 44.52138, 53.7], [-0.39056, 44.52133, 53.7], [-0.39051, 44.52132, 53.7], [-0.3906, 44.52121, 54.8], [-0.39058, 44.52129, 54.8], [-0.39081, 44.52134, 55.5], [-0.39083, 44.5213, 55.5], [-0.39076, 44.52128, 54.7], [-0.39084, 44.52108, 54.7], [-0.39098, 44.52104, 54.4], [-0.39098, 44.52107, 54.4], [-0.39127, 44.52112, 55.2], [-0.39131, 44.52106, 56.3], [-0.39156, 44.52117, 56.0], [-0.3915, 44.52129, 56.0], [-0.39159, 44.5213, 56.0], [-0.39164, 44.52122, 56.0], [-0.39179, 44.52148, 55.096], [-0.39177, 44.52166, 54.857142857142854], [-0.39165, 44.52182, 54.857142857142854], [-0.39142, 44.52196, 54.857142857142854]]]}}, {"type": "Feature", "properties": {"id_obligation": "330760000D1028", "priorite": "moyenne"}, "geometry": {"type": "Polygon", "coordinates": [[[-0.38979, 44.53307, 70.1], [-0.39006, 44.53295, 70.1], [-0.39031, 44.53294, 70.1], [-0.39062, 44.53301, 70.44246031746032], [-0.39081, 44.53312, 70.44246031746032], [-0.39092, 44.53328, 70.44246031746032], [-0.39093, 44.53346, 70.44246031746032], [-0.39083, 44.53369, 70.9], [-0.39067, 44.53382, 70.9], [-0.39046, 44.53389, 71.9021734357101], [-0.39051, 44.53372, 70.9], [-0.39016, 44.53365, 70.1], [-0.39014, 44.53371, 70.1], [-0.39036, 44.53374, 70.9], [-0.39031, 44.53391, 71.94009823371852], [-0.38991, 44.53384, 70.44246031746032], [-0.38973, 44.53373, 70.44246031746032], [-0.38961, 44.53358, 70.73333333333333], [-0.38959, 44.5334, 70.73333333333333], [-0.38966, 44.53321, 70.1], [-0.38979, 44.53307, 70.1]]]}}, {"type": "Feature", "properties": {"id_obligation": "330760000E0076", "priorite": "forte"}, "geometry": {"type": "Polygon", "coordinates": [[[-0.41403, 44.53823, 70.52711111111111], [-0.41378, 44.53835, 71.09333333333333], [-0.41369, 44.53837, 70.3], [-0.41373, 44.53824, 70.3], [-0.41359, 44.53822, 70.3], [-0.41355, 44.53838, 70.3], [-0.41328, 44.53837, 70.52711111111111], [-0.41305, 44.5383, 70.52711111111111], [-0.41288, 44.53817, 70.52711111111111], [-0.41279, 44.53801, 70.52711111111111], [-0.41272, 44.53759, 70.52711111111111], [-0.41282, 44.53734, 70.52711111111111], [-0.41299, 44.53722, 70.52711111111111], [-0.41344, 44.53706, 69.6], [-0.41376, 44.53704, 70.52711111111111], [-0.41405, 44.53713, 70.52711111111111], [-0.41424, 44.5373, 70.52711111111111], [-0.41432, 44.53755, 70.52711111111111], [-0.41431, 44.53773, 70.52711111111111], [-0.41403, 44.53823, 70.52711111111111]]]}}, {"type": "Feature", "properties": {"id_obligation": "330760000E0091", "priorite": "moyenne"}, "geometry": {"type": "Polygon", "coordinates": [[[-0.41147, 44.53605, 71.84973262032086], [-0.41153, 44.53627, 71.84973262032086], [-0.41128, 44.53674, 71.84973262032086], [-0.41109, 44.53685, 71.84973262032086], [-0.41091, 44.5369, 73.0], [-0.41095, 44.53679, 73.0], [-0.41084, 44.53677, 75.2], [-0.41089, 44.53667, 75.2], [-0.41076, 44.53664, 75.2], [-0.41072, 44.53674, 75.2], [-0.41079, 44.53676, 75.2], [-0.41072, 44.53691, 73.0], [-0.41033, 44.5368, 71.84973262032086], [-0.41018, 44.53667, 71.84973262032086], [-0.40995, 44.5363, 71.84973262032086], [-0.40996, 44.53608, 71.84973262032086], [-0.41011, 44.53582, 71.84973262032086], [-0.41035, 44.53569, 71.84973262032086], [-0.41065, 44.53565, 70.5], [-0.41105, 44.53573, 71.84973262032086], [-0.41147, 44.53605, 71.84973262032086]]]}}, {"type": "Feature", "properties": {"id_obligation": "330760000E0118", "priorite": "forte"}, "geometry": {"type": "Polygon", "coordinates": [[[-0.41045, 44.53562, 70.90400000000001], [-0.4102, 44.53576, 70.90400000000001], [-0.40977, 44.5358, 70.90400000000001], [-0.40948, 44.53574, 70.90400000000001], [-0.40929, 44.53563, 70.90400000000001], [-0.40916, 44.53544, 70.90400000000001], [-0.40911, 44.53512, 70.90400000000001], [-0.40919, 44.53483, 70.90400000000001], [-0.40938, 44.53466, 70.90400000000001], [-0.40988, 44.5345, 70.90400000000001], [-0.41013, 44.53448, 70.90400000000001], [-0.41044, 44.53454, 70.90400000000001], [-0.41067, 44.53468, 70.90400000000001], [-0.41076, 44.53484, 70.90400000000001], [-0.41074, 44.53513, 70.90400000000001], [-0.41045, 44.53562, 70.90400000000001]]]}}, {"type": "Feature", "properties": {"id_obligation": "330760000E0120", "priorite": "forte"}, "geometry": {"type": "Polygon", "coordinates": [[[-0.40914, 44.53507, 70.68909090909091], [-0.40935, 44.53491, 70.68909090909091], [-0.40957, 44.53484, 70.4], [-0.40989, 44.53484, 70.4], [-0.41012, 44.53491, 70.52], [-0.41033, 44.53507, 70.52], [-0.4104, 44.53524, 70.4], [-0.4104, 44.53544, 70.4], [-0.4103, 44.5356, 70.68909090909091], [-0.41012, 44.53573, 70.68909090909091], [-0.40989, 44.53579, 70.68909090909091], [-0.40961, 44.5358, 70.68909090909091], [-0.40937, 44.53574, 70.68909090909091], [-0.40918, 44.53562, 70.68909090909091], [-0.40908, 44.53546, 70.68909090909091], [-0.40907, 44.53527, 70.68909090909091], [-0.40914, 44.53507, 70.68909090909091]]]}}, {"type": "Feature", "properties": {"id_obligation": "330760000E0125", "priorite": "moyenne"}, "geometry": {"type": "Polygon", "coordinates": [[[-0.40876, 44.53753, 71.2], [-0.40851, 44.5374, 71.03333333333333], [-0.4086, 44.53732, 70.9], [-0.40856, 44.5373, 70.9], [-0.40852, 44.53734, 70.6], [-0.40842, 44.53729, 71.03333333333333], [-0.40835, 44.53709, 72.5], [-0.40837, 44.53692, 71.72072829131653], [-0.40849, 44.53676, 71.72072829131653], [-0.40874, 44.53663, 71.11176470588236], [-0.40919, 44.53656, 71.11176470588236], [-0.40947, 44.53659, 71.72072829131653], [-0.40969, 44.53667, 71.72072829131653], [-0.40985, 44.53681, 71.72072829131653], [-0.40992, 44.53698, 71.3], [-0.4099, 44.53715, 71.3], [-0.40985, 44.53725, 73.6], [-0.40978, 44.53724, 73.6], [-0.40978, 44.53735, 73.6], [-0.4096, 44.53747, 73.6], [-0.40907, 44.53756, 71.2], [-0.40876, 44.53753, 71.2]]]}}, {"type": "Feature", "properties": {"id_obligation": "330760000E0141", "priorite": "forte"}, "geometry": {"type": "Polygon", "coordinates": [[[-0.40334, 44.53454, 71.5], [-0.40353, 44.53466, 71.5], [-0.40365, 44.53481, 71.11111111111111], [-0.40368, 44.53503, 71.11111111111111], [-0.4036, 44.5352, 71.74893274853801], [-0.40344, 44.53534, 71.74893274853801], [-0.40322, 44.53542, 71.74893274853801], [-0.40292, 44.53544, 71.74893274853801], [-0.4027, 44.53538, 71.74893274853801], [-0.40251, 44.53527, 71.74893274853801], [-0.4024, 44.53512, 72.0125], [-0.40237, 44.5349, 72.0125], [-0.40244, 44.53473, 71.74893274853801], [-0.4026, 44.5346, 71.3], [-0.40282, 44.53451, 71.3], [-0.40311, 44.53449, 71.5], [-0.40334, 44.53454, 71.5]]]}}, {"type": "Feature", "properties": {"id_obligation": "330760000E0144", "priorite": "moyenne"}, "geometry": {"type": "Polygon", "coordinates": [[[-0.3994, 44.53457, 72.195], [-0.39956, 44.53443, 72.195], [-0.39984, 44.53434, 72.195], [-0.40016, 44.53434, 72.195], [-0.40043, 44.53443, 72.195], [-0.40067, 44.53463, 72.195], [-0.40076, 44.53479, 72.01], [-0.40077, 44.53503, 72.5], [-0.40061, 44.53499, 72.5], [-0.4006, 44.53509, 72.5], [-0.40074, 44.53509, 72.5], [-0.40063, 44.53523, 72.5], [-0.40043, 44.53534, 72.5], [-0.4002, 44.53539, 72.195], [-0.39986, 44.53539, 72.61999999999999], [-0.39958, 44.53529, 72.8], [-0.39947, 44.5352, 72.61999999999999], [-0.39935, 44.53499, 72.195], [-0.39932, 44.53479, 72.195], [-0.3994, 44.53457, 72.195]]]}}, {"type": "Feature", "properties": {"id_obligation": "330760000E0344", "priorite": "très forte"}, "geometry": {"type": "Polygon", "coordinates": [[[-0.4164, 44.53218, 65.02857142857142], [-0.41617, 44.53225, 65.02857142857142], [-0.41593, 44.53224, 65.02857142857142], [-0.4157, 44.53217, 65.02857142857142], [-0.41547, 44.53199, 65.02857142857142], [-0.41538, 44.53182, 65.02857142857142], [-0.41539, 44.53164, 65.02857142857142], [-0.41549, 44.53148, 65.02857142857142], [-0.41572, 44.53134, 65.02857142857142], [-0.41594, 44.53126, 65.02857142857142], [-0.41618, 44.53125, 65.02857142857142], [-0.41646, 44.53133, 65.02857142857142], [-0.41668, 44.5315, 65.02857142857142], [-0.41676, 44.53167, 65.02857142857142], [-0.41675, 44.53184, 65.02857142857142], [-0.41662, 44.53204, 65.02857142857142], [-0.4164, 44.53218, 65.02857142857142]]]}}, {"type": "Feature", "properties": {"id_obligation": "330760000E0369", "priorite": "très forte"}, "geometry": {"type": "Polygon", "coordinates": [[[-0.42463, 44.5234, 51.8], [-0.42479, 44.52327, 51.8], [-0.42508, 44.5232, 51.8], [-0.42539, 44.52321, 51.8], [-0.42561, 44.52329, 51.8], [-0.4258, 44.52346, 51.8], [-0.42585, 44.52364, 51.8], [-0.42582, 44.52387, 51.8], [-0.4257, 44.52403, 51.8], [-0.4255, 44.52414, 51.8], [-0.42526, 44.52419, 51.8], [-0.42496, 44.52417, 51.8], [-0.42475, 44.52408, 51.8], [-0.4246, 44.52395, 51.8], [-0.42453, 44.5236, 51.8], [-0.42463, 44.5234, 51.8]]]}}, {"type": "Feature", "properties": {"id_obligation": "330760000E0793", "priorite": "moyenne"}, "geometry": {"type": "Polygon", "coordinates": [[[-0.41429, 44.53944, 65.22333333333333], [-0.41405, 44.53957, 65.22333333333333], [-0.41375, 44.53959, 65.22333333333333], [-0.41346, 44.53953, 65.22333333333333], [-0.41324, 44.53938, 65.22333333333333], [-0.41315, 44.53921, 65.22333333333333], [-0.41317, 44.53896, 65.22333333333333], [-0.41326, 44.53879, 65.22333333333333], [-0.41343, 44.53866, 65.22333333333333], [-0.41365, 44.53859, 65.22333333333333], [-0.4139, 44.53858, 65.22333333333333], [-0.41418, 44.53865, 65.22333333333333], [-0.41435, 44.53877, 65.22333333333333], [-0.41445, 44.53892, 65.78], [-0.41441, 44.53929, 65.22333333333333], [-0.41429, 44.53944, 65.22333333333333]]]}}, {"type": "Feature", "properties": {"id_obligation": "330760000E0794", "priorite": "moyenne"}, "geometry": {"type": "Polygon", "coordinates": [[[-0.41337, 44.53872, 64.4531623931624], [-0.41358, 44.53856, 64.4531623931624], [-0.41381, 44.5385, 64.4531623931624], [-0.41423, 44.5385, 64.4531623931624], [-0.41445, 44.53858, 64.4531623931624], [-0.41464, 44.53875, 64.4531623931624], [-0.41468, 44.53882, 63.7], [-0.41454, 44.53884, 64.6], [-0.41454, 44.53889, 64.6], [-0.41466, 44.53891, 64.6], [-0.4147, 44.53896, 63.5], [-0.41469, 44.53915, 64.4531623931624], [-0.41455, 44.53934, 64.4531623931624], [-0.41436, 44.53944, 64.4531623931624], [-0.41412, 44.53949, 64.4531623931624], [-0.41377, 44.53948, 64.4531623931624], [-0.41355, 44.53941, 64.4531623931624], [-0.41338, 44.53928, 64.4531623931624], [-0.4133, 44.53911, 64.0], [-0.41329, 44.53889, 64.0], [-0.41337, 44.53872, 64.4531623931624]]]}}, {"type": "Feature", "properties": {"id_obligation": "330760000E0797", "priorite": "forte"}, "geometry": {"type": "Polygon", "coordinates": [[[-0.41421, 44.53928, 64.23379435107377], [-0.41402, 44.53915, 64.23379435107377], [-0.41394, 44.53905, 64.1], [-0.41407, 44.53904, 64.1], [-0.41407, 44.53894, 66.9], [-0.41391, 44.53895, 66.9], [-0.41392, 44.53875, 65.65555555555555], [-0.41405, 44.53856, 64.23379435107377], [-0.41424, 44.53844, 64.23379435107377], [-0.41447, 44.53839, 64.23379435107377], [-0.41485, 44.5384, 64.23379435107377], [-0.41508, 44.53847, 64.23379435107377], [-0.41529, 44.53863, 64.23379435107377], [-0.41536, 44.5388, 64.32499999999999], [-0.41534, 44.53902, 64.32499999999999], [-0.41525, 44.53919, 62.74285714285713], [-0.41502, 44.53933, 61.5], [-0.41514, 44.53892, 64.4], [-0.41506, 44.53889, 64.4], [-0.41496, 44.53935, 61.5], [-0.41459, 44.53938, 64.23379435107377], [-0.41421, 44.53928, 64.23379435107377]]]}}, {"type": "Feature", "properties": {"id_obligation": "330760000E0882", "priorite": "moyenne"}, "geometry": {"type": "Polygon", "coordinates": [[[-0.41309, 44.53879, 71.58722222222222], [-0.41294, 44.53861, 71.58722222222222], [-0.41291, 44.53844, 72.0], [-0.413, 44.53807, 72.0], [-0.41317, 44.53789, 72.0], [-0.41338, 44.5378, 71.86], [-0.41342, 44.53779, 71.8], [-0.41341, 44.53793, 71.8], [-0.41356, 44.53793, 71.8], [-0.41357, 44.53778, 71.8], [-0.41394, 44.53781, 71.58722222222222], [-0.4142, 44.53794, 71.58722222222222], [-0.41434, 44.53814, 71.58722222222222], [-0.41434, 44.53832, 71.58722222222222], [-0.41424, 44.53867, 71.58722222222222], [-0.4141, 44.53881, 71.58722222222222], [-0.4139, 44.53891, 71.58722222222222], [-0.41366, 44.53894, 71.58722222222222], [-0.41335, 44.5389, 71.58722222222222], [-0.41309, 44.53879, 71.58722222222222]]]}}, {"type": "Feature", "properties": {"id_obligation": "330760000E0947", "priorite": "très forte"}, "geometry": {"type": "Polygon", "coordinates": [[[-0.41122, 44.54233, 49.2], [-0.41095, 44.54243, 49.2], [-0.4107, 44.54244, 49.2], [-0.41043, 44.54237, 49.2], [-0.41024, 44.54225, 49.2], [-0.41014, 44.54209, 49.2], [-0.41013, 44.54192, 49.2], [-0.41023, 44.54169, 49.2], [-0.41039, 44.54157, 49.2], [-0.41061, 44.54149, 49.2], [-0.41086, 44.54148, 49.2], [-0.41113, 44.54155, 49.2], [-0.41132, 44.54166, 49.2], [-0.41142, 44.54182, 49.2], [-0.41144, 44.542, 49.2], [-0.41136, 44.54219, 49.2], [-0.41122, 44.54233, 49.2]]]}}, {"type": "Feature", "properties": {"id_obligation": "330760000E0948", "priorite": "très forte"}, "geometry": {"type": "Polygon", "coordinates": [[[-0.41199, 44.54123, 57.0], [-0.41214, 44.54142, 57.0], [-0.41216, 44.54159, 57.0], [-0.41208, 44.5418, 57.0], [-0.41192, 44.54194, 57.0], [-0.4117, 44.54202, 57.0], [-0.41146, 44.54203, 57.0], [-0.41116, 44.54197, 57.0], [-0.41097, 44.54186, 57.0], [-0.41085, 44.5417, 57.0], [-0.41084, 44.54152, 57.0], [-0.41092, 44.54131, 57.0], [-0.41109, 44.54118, 57.0], [-0.41131, 44.5411, 57.0], [-0.41156, 44.54109, 57.0], [-0.41179, 44.54114, 57.0], [-0.41199, 44.54123, 57.0]]]}}, {"type": "Feature", "properties": {"id_obligation": "330760000E0989", "priorite": "faible"}, "geometry": {"type": "Polygon", "coordinates": [[[-0.40832, 44.53775, 70.63333333333334], [-0.40808, 44.53773, 70.63333333333334], [-0.40762, 44.53756, 71.04440104166667], [-0.40743, 44.53744, 71.04440104166667], [-0.40732, 44.53728, 72.5], [-0.40731, 44.5371, 72.5], [-0.40739, 44.53693, 70.1], [-0.4076, 44.53675, 70.1], [-0.40787, 44.53667, 70.1], [-0.40812, 44.53667, 70.1], [-0.4086, 44.5368, 70.1], [-0.40869, 44.53684, 71.1], [-0.40868, 44.53688, 71.1], [-0.40879, 44.53689, 71.1], [-0.4089, 44.53696, 71.275], [-0.409, 44.53712, 71.275], [-0.40902, 44.53727, 71.2], [-0.40892, 44.53724, 71.2], [-0.40879, 44.53744, 71.2], [-0.40888, 44.53747, 71.2], [-0.40902, 44.53728, 71.2], [-0.40899, 44.53737, 71.2], [-0.40884, 44.53756, 71.2], [-0.40856, 44.53771, 70.63333333333334], [-0.40832, 44.53775, 70.63333333333334]]]}}, {"type": "Feature", "properties": {"id_obligation": "330760000E0990", "priorite": "faible"}, "geometry": {"type": "Polygon", "coordinates": [[[-0.40781, 44.53683, 70.9555064935065], [-0.4081, 44.53678, 70.78571428571429], [-0.40839, 44.53683, 70.9555064935065], [-0.40866, 44.53697, 70.9555064935065], [-0.4088, 44.53716, 71.08181818181819], [-0.40882, 44.53733, 71.08181818181819], [-0.40873, 44.5375, 70.6], [-0.40852, 44.53771, 70.6], [-0.40831, 44.53779, 70.6], [-0.40807, 44.53781, 70.6], [-0.40775, 44.53773, 70.9555064935065], [-0.40756, 44.53762, 70.9555064935065], [-0.40744, 44.53747, 70.9555064935065], [-0.40741, 44.53729, 70.9555064935065], [-0.40748, 44.53711, 70.9555064935065], [-0.40763, 44.53694, 70.9555064935065], [-0.40781, 44.53683, 70.9555064935065]]]}}, {"type": "Feature", "properties": {"id_obligation": "330760000E0991", "priorite": "faible"}, "geometry": {"type": "Polygon", "coordinates": [[[-0.4083, 44.53796, 71.26300366300366], [-0.40801, 44.53793, 71.26300366300366], [-0.40771, 44.53777, 71.26300366300366], [-0.40758, 44.53758, 71.51428571428572], [-0.40759, 44.53736, 71.51428571428572], [-0.40776, 44.53714, 71.47142857142856], [-0.40806, 44.53693, 71.47142857142856], [-0.40833, 44.53685, 70.89999999999999], [-0.40857, 44.53686, 70.89999999999999], [-0.40883, 44.53695, 71.3], [-0.40898, 44.53705, 71.3], [-0.4091, 44.53723, 71.2], [-0.40904, 44.53753, 71.2], [-0.40883, 44.53776, 71.26300366300366], [-0.40859, 44.53789, 71.26300366300366], [-0.4083, 44.53796, 71.26300366300366]]]}}, {"type": "Feature", "properties": {"id_obligation": "330760000E0992", "priorite": "moyenne"}, "geometry": {"type": "MultiPolygon", "coordinates": [[[[-0.40745, 44.5372, 70.82971611721611], [-0.4074, 44.53703, 70.82971611721611], [-0.40745, 44.53686, 70.1], [-0.40761, 44.53667, 70.1], [-0.40786, 44.53655, 70.1], [-0.4081, 44.53653, 70.10000000000001], [-0.40833, 44.53657, 70.10000000000001], [-0.40856, 44.53668, 71.10000000000001], [-0.4087, 44.53681, 71.1], [-0.40868, 44.53688, 71.1], [-0.40874, 44.53689, 71.1], [-0.40876, 44.53698, 71.1], [-0.40873, 44.53715, 71.1], [-0.40865, 44.53728, 70.7875], [-0.40857, 44.53735, 70.7875], [-0.40856, 44.5373, 70.9], [-0.40852, 44.53734, 70.6], [-0.40842, 44.5373, 70.6], [-0.4083, 44.53744, 70.6], [-0.40826, 44.53741, 70.6], [-0.40822, 44.5375, 70.6], [-0.40812, 44.53751, 71.45384615384613], [-0.40788, 44.53748, 70.82971611721611], [-0.40764, 44.53738, 70.82971611721611], [-0.40745, 44.5372, 70.82971611721611]]], [[[-0.40827, 44.53749, 70.6], [-0.40831, 44.53745, 70.6], [-0.40835, 44.53747, 70.6], [-0.40827, 44.53749, 70.6]]]]}}, {"type": "Feature", "properties": {"id_obligation": "330760000E1010", "priorite": "moyenne"}, "geometry": {"type": "Polygon", "coordinates": [[[-0.41032, 44.53811, 73.5], [-0.41039, 44.538, 73.5], [-0.41031, 44.53798, 73.5], [-0.41026, 44.53806, 73.5], [-0.41022, 44.53802, 72.4], [-0.41029, 44.53788, 72.4], [-0.41022, 44.53786, 72.4], [-0.41017, 44.53793, 72.4], [-0.41015, 44.53774, 71.5], [-0.41027, 44.53748, 72.8], [-0.41038, 44.5375, 72.8], [-0.41045, 44.53733, 72.6], [-0.41055, 44.53729, 73.3], [-0.41053, 44.53732, 73.3], [-0.41071, 44.53735, 72.1], [-0.41072, 44.53725, 72.5], [-0.41093, 44.53725, 72.54285714285712], [-0.4113, 44.53734, 72.1], [-0.41147, 44.53746, 72.1], [-0.41158, 44.53766, 72.584375], [-0.41157, 44.53783, 72.584375], [-0.41145, 44.53807, 72.584375], [-0.41128, 44.5382, 72.584375], [-0.41105, 44.53827, 72.584375], [-0.4108, 44.53827, 72.584375], [-0.41054, 44.53822, 72.584375], [-0.41032, 44.53811, 73.5]]]}}, {"type": "Feature", "properties": {"id_obligation": "330760000E1011", "priorite": "moyenne"}, "geometry": {"type": "Polygon", "coordinates": [[[-0.41075, 44.53848, 71.18], [-0.41049, 44.53861, 71.18], [-0.41013, 44.53862, 72.4], [-0.40978, 44.53849, 72.4], [-0.40964, 44.53835, 72.4], [-0.40958, 44.53814, 72.275], [-0.4097, 44.53785, 72.275], [-0.40967, 44.53758, 73.15555555555557], [-0.40981, 44.53736, 73.6], [-0.40992, 44.53738, 73.6], [-0.40994, 44.53727, 73.6], [-0.41003, 44.53723, 73.15555555555557], [-0.41045, 44.53716, 72.66857142857141], [-0.41061, 44.53717, 72.5], [-0.41053, 44.53732, 73.3], [-0.41071, 44.53735, 72.1], [-0.41074, 44.53725, 72.5], [-0.41068, 44.53724, 72.5], [-0.41069, 44.53719, 72.5], [-0.41109, 44.53731, 72.32500000000002], [-0.41125, 44.53744, 72.32500000000002], [-0.41132, 44.53765, 72.5], [-0.41124, 44.53792, 72.5], [-0.41075, 44.53848, 71.18]]]}}, {"type": "Feature", "properties": {"id_obligation": "330760000E1019", "priorite": "moyenne"}, "geometry": {"type": "Polygon", "coordinates": [[[-0.41139, 44.53647, 72.57422619047618], [-0.41155, 44.53665, 72.57422619047618], [-0.41157, 44.53687, 72.57422619047618], [-0.41142, 44.53723, 72.57422619047618], [-0.41128, 44.53737, 72.57422619047618], [-0.41102, 44.53748, 72.41874999999999], [-0.41076, 44.5375, 72.5], [-0.41081, 44.5374, 72.5], [-0.41068, 44.53736, 72.5], [-0.41061, 44.53747, 72.5], [-0.41044, 44.53743, 72.56666666666662], [-0.41046, 44.5373, 72.6], [-0.41038, 44.53728, 72.6], [-0.41031, 44.53738, 72.6], [-0.41016, 44.53727, 72.56666666666662], [-0.41006, 44.5371, 71.9], [-0.41006, 44.53693, 71.9], [-0.41021, 44.53659, 72.57422619047618], [-0.41035, 44.53644, 72.57422619047618], [-0.41057, 44.53634, 72.2], [-0.41079, 44.53631, 71.6], [-0.41072, 44.53645, 71.6], [-0.41078, 44.53646, 71.6], [-0.41086, 44.53631, 71.6], [-0.41139, 44.53647, 72.57422619047618]]]}}, {"type": "Feature", "properties": {"id_obligation": "330760000E1021", "priorite": "moyenne"}, "geometry": {"type": "Polygon", "coordinates": [[[-0.40991, 44.53702, 72.92668856609738], [-0.41002, 44.53676, 72.92668856609738], [-0.41018, 44.53664, 72.92668856609738], [-0.41045, 44.53655, 74.21111111111112], [-0.41069, 44.53655, 74.21111111111112], [-0.41114, 44.53665, 73.31428571428572], [-0.41132, 44.53676, 73.31428571428572], [-0.41146, 44.53695, 73.31428571428572], [-0.41145, 44.53717, 72.10000000000001], [-0.41125, 44.53754, 72.5], [-0.41104, 44.53769, 72.5], [-0.41095, 44.53772, 72.5], [-0.41082, 44.53769, 72.5], [-0.4108, 44.53775, 72.5], [-0.41066, 44.53775, 73.4], [-0.4107, 44.53766, 73.4], [-0.41055, 44.53761, 72.2], [-0.41047, 44.53761, 73.4], [-0.41045, 44.53767, 73.4], [-0.4103, 44.53764, 73.4], [-0.41029, 44.53767, 73.4], [-0.41017, 44.53762, 72.92], [-0.40999, 44.53744, 72.40588235294118], [-0.40991, 44.53702, 72.92668856609738]]]}}, {"type": "Feature", "properties": {"id_obligation": "330760000E1022", "priorite": "moyenne"}, "geometry": {"type": "Polygon", "coordinates": [[[-0.41142, 44.53728, 72.10000000000001], [-0.41143, 44.53749, 72.10000000000001], [-0.41127, 44.53777, 72.5], [-0.41111, 44.5379, 72.5], [-0.41083, 44.53799, 73.03529411764707], [-0.41064, 44.53799, 73.03529411764707], [-0.41046, 44.53796, 73.4], [-0.41054, 44.5379, 72.3], [-0.41056, 44.53774, 73.4], [-0.41066, 44.53776, 73.4], [-0.4107, 44.53766, 73.4], [-0.41055, 44.53761, 72.2], [-0.41047, 44.53761, 73.4], [-0.41045, 44.53767, 73.4], [-0.4103, 44.53764, 73.4], [-0.41029, 44.53768, 73.4], [-0.41045, 44.53772, 73.4], [-0.41041, 44.53795, 73.4], [-0.41009, 44.53779, 72.24117647058823], [-0.40998, 44.53763, 72.80000000000001], [-0.40991, 44.53738, 73.6], [-0.40996, 44.53727, 73.6], [-0.40991, 44.53726, 73.6], [-0.41001, 44.53704, 71.35000000000001], [-0.41016, 44.53691, 71.35000000000001], [-0.41043, 44.53682, 72.99166666666667], [-0.41073, 44.53683, 72.99166666666667], [-0.41068, 44.53702, 73.0], [-0.41057, 44.53699, 72.9], [-0.41053, 44.53709, 72.9], [-0.41079, 44.53715, 72.9], [-0.41092, 44.53688, 73.0], [-0.41108, 44.53694, 73.0], [-0.41142, 44.53728, 72.10000000000001]]]}}, {"type": "Feature", "properties": {"id_obligation": "330760000E1059", "priorite": "faible"}, "geometry": {"type": "Polygon", "coordinates": [[[-0.40382, 44.53956, 69.92], [-0.40369, 44.53986, 70.3], [-0.40343, 44.54004, 70.3], [-0.40308, 44.54009, 65.4], [-0.40266, 44.54, 64.7], [-0.40268, 44.53997, 64.7], [-0.40256, 44.53994, 64.1], [-0.40253, 44.53997, 64.43713147961778], [-0.40206, 44.53986, 66.2], [-0.40187, 44.53975, 66.2], [-0.40174, 44.53956, 70.5], [-0.40183, 44.53959, 70.5], [-0.40232, 44.53921, 70.5], [-0.4027, 44.53929, 70.8], [-0.40268, 44.53935, 70.3], [-0.40243, 44.5393, 70.3], [-0.40235, 44.53947, 70.3], [-0.40315, 44.53964, 70.3], [-0.40319, 44.53955, 70.3], [-0.40294, 44.5395, 70.3], [-0.40308, 44.53918, 73.2], [-0.40278, 44.53911, 73.2], [-0.40273, 44.53923, 70.5], [-0.40225, 44.53913, 70.5], [-0.40222, 44.53918, 70.5], [-0.40231, 44.5392, 70.5], [-0.40168, 44.53941, 70.5], [-0.4016, 44.53914, 70.5], [-0.40169, 44.53891, 70.5], [-0.40185, 44.53878, 70.5], [-0.40207, 44.5387, 70.5], [-0.40231, 44.53868, 73.2], [-0.40295, 44.53879, 73.2], [-0.40261, 44.53904, 73.2], [-0.40319, 44.53885, 69.55964285714286], [-0.40339, 44.53891, 69.55964285714286], [-0.40359, 44.53907, 69.55964285714286], [-0.40382, 44.53956, 69.92]]]}}, {"type": "Feature", "properties": {"id_obligation": "330760000E1060", "priorite": "faible"}, "geometry": {"type": "Polygon", "coordinates": [[[-0.40339, 44.53966, 70.54529532967032], [-0.4031, 44.53973, 69.86153846153846], [-0.40286, 44.53971, 69.86153846153846], [-0.40239, 44.5396, 70.3], [-0.40221, 44.53947, 70.3], [-0.40213, 44.53934, 70.45714285714287], [-0.40232, 44.53921, 70.5], [-0.4027, 44.53929, 70.8], [-0.40268, 44.53935, 70.8], [-0.40243, 44.5393, 70.3], [-0.40235, 44.53947, 70.3], [-0.40315, 44.53964, 70.3], [-0.40319, 44.53955, 70.3], [-0.40294, 44.5395, 70.3], [-0.40308, 44.53918, 73.2], [-0.40278, 44.53911, 73.2], [-0.40273, 44.53923, 70.5], [-0.40225, 44.53913, 70.5], [-0.40222, 44.53918, 70.5], [-0.40231, 44.5392, 70.5], [-0.40211, 44.53928, 70.45714285714287], [-0.40212, 44.53913, 70.45714285714287], [-0.40225, 44.53886, 70.54529532967032], [-0.40259, 44.53868, 70.54529532967032], [-0.40284, 44.53867, 70.54529532967032], [-0.40304, 44.5387, 70.54529532967032], [-0.40261, 44.53904, 70.45714285714287], [-0.40321, 44.53884, 70.54529532967032], [-0.40312, 44.53872, 70.54529532967032], [-0.40344, 44.53881, 70.54529532967032], [-0.40361, 44.53893, 70.54529532967032], [-0.4037, 44.5391, 70.54529532967032], [-0.4037, 44.53927, 70.54529532967032], [-0.40359, 44.5395, 70.54529532967032], [-0.40339, 44.53966, 70.54529532967032]]]}}, {"type": "Feature", "properties": {"id_obligation": "330760000E1061", "priorite": "faible"}, "geometry": {"type": "Polygon", "coordinates": [[[-0.40318, 44.538, 71.98749999999998], [-0.40346, 44.53817, 71.98749999999998], [-0.40358, 44.53837, 71.98749999999998], [-0.40355, 44.53859, 71.98749999999998], [-0.40335, 44.5388, 71.98749999999998], [-0.40316, 44.53891, 71.98749999999998], [-0.40284, 44.53895, 71.98749999999998], [-0.40321, 44.53884, 71.98749999999998], [-0.40308, 44.53866, 71.98749999999998], [-0.40273, 44.53897, 71.98749999999998], [-0.40241, 44.53896, 71.98749999999998], [-0.40212, 44.53884, 71.98749999999998], [-0.40197, 44.5387, 71.98749999999998], [-0.4019, 44.53853, 71.98749999999998], [-0.40193, 44.53836, 71.98749999999998], [-0.40209, 44.5381, 71.98749999999998], [-0.40229, 44.53796, 71.98749999999998], [-0.40257, 44.53789, 71.98749999999998], [-0.4029, 44.53792, 71.98749999999998], [-0.40318, 44.538, 71.98749999999998]]]}}, {"type": "Feature", "properties": {"id_obligation": "330760000E1076", "priorite": "moyenne"}, "geometry": {"type": "Polygon", "coordinates": [[[-0.40493, 44.53664, 71.14399999999999], [-0.4047, 44.53677, 71.14399999999999], [-0.40447, 44.53683, 71.14399999999999], [-0.40423, 44.53681, 71.14399999999999], [-0.40402, 44.53673, 71.14399999999999], [-0.4038, 44.53656, 71.14399999999999], [-0.40372, 44.53639, 71.14399999999999], [-0.40375, 44.53621, 71.14399999999999], [-0.40389, 44.53599, 70.91111111111111], [-0.404, 44.5359, 71.0], [-0.40406, 44.53595, 71.0], [-0.40409, 44.53585, 71.0], [-0.40435, 44.53579, 70.75555555555555], [-0.4046, 44.5358, 70.75555555555555], [-0.40487, 44.5359, 72.7], [-0.40503, 44.53604, 72.7], [-0.40496, 44.53612, 72.7], [-0.40504, 44.53617, 72.7], [-0.40508, 44.53611, 72.7], [-0.4051, 44.53616, 71.28333333333332], [-0.40505, 44.53623, 69.3], [-0.40511, 44.53621, 69.3], [-0.40505, 44.53648, 71.14399999999999], [-0.40493, 44.53664, 71.14399999999999]]]}}, {"type": "Feature", "properties": {"id_obligation": "330760000E1080", "priorite": "moyenne"}, "geometry": {"type": "Polygon", "coordinates": [[[-0.40547, 44.536, 69.8], [-0.4057, 44.53592, 70.3], [-0.40595, 44.53591, 70.3], [-0.40636, 44.53601, 70.00909090909092], [-0.40655, 44.53613, 70.00909090909092], [-0.40667, 44.53633, 70.2], [-0.40666, 44.53651, 70.2], [-0.40656, 44.5367, 70.00909090909092], [-0.40627, 44.53692, 70.00909090909092], [-0.40607, 44.53702, 70.00909090909092], [-0.40577, 44.53704, 70.00909090909092], [-0.40547, 44.53697, 70.00909090909092], [-0.40522, 44.53682, 70.00909090909092], [-0.4051, 44.53662, 70.0], [-0.40512, 44.53644, 70.0], [-0.40521, 44.53628, 69.5], [-0.4054, 44.53634, 69.5], [-0.40544, 44.53626, 69.5], [-0.40526, 44.53621, 69.5], [-0.40547, 44.536, 69.8]]]}}, {"type": "Feature", "properties": {"id_obligation": "330760000E1102", "priorite": "faible"}, "geometry": {"type": "Polygon", "coordinates": [[[-0.4081, 44.53706, 70.1], [-0.40814, 44.53701, 70.1], [-0.40807, 44.53698, 70.1], [-0.40818, 44.53693, 71.5], [-0.40855, 44.53688, 72.5], [-0.40888, 44.53697, 71.3], [-0.40901, 44.53705, 71.3], [-0.409, 44.53712, 71.3], [-0.40909, 44.53713, 71.3], [-0.40916, 44.5373, 71.2], [-0.40912, 44.53751, 71.2], [-0.4089, 44.53777, 71.46507936507938], [-0.40871, 44.53789, 71.46507936507938], [-0.40848, 44.53794, 71.46507936507938], [-0.40824, 44.53793, 71.46507936507938], [-0.40792, 44.53781, 71.46507936507938], [-0.40776, 44.53767, 71.46507936507938], [-0.40768, 44.5375, 71.16666666666667], [-0.4077, 44.53732, 71.16666666666667], [-0.40779, 44.53719, 71.5], [-0.40803, 44.53701, 71.5], [-0.4081, 44.53706, 70.1]]]}}, {"type": "Feature", "properties": {"id_obligation": "330760000E1131", "priorite": "forte"}, "geometry": {"type": "Polygon", "coordinates": [[[-0.40093, 44.53457, 73.14266831852356], [-0.40113, 44.5344, 73.14266831852356], [-0.40141, 44.53432, 73.14266831852356], [-0.4017, 44.53433, 73.14266831852356], [-0.40219, 44.53456, 72.5], [-0.40215, 44.53461, 72.5], [-0.40221, 44.53461, 73.6], [-0.4022, 44.53466, 73.6], [-0.4021, 44.53464, 72.8], [-0.40209, 44.53473, 73.6], [-0.40219, 44.53474, 73.6], [-0.4022, 44.53469, 73.6], [-0.40235, 44.53475, 73.6], [-0.40237, 44.53503, 72.2], [-0.40206, 44.53501, 72.2], [-0.40205, 44.53509, 72.2], [-0.40234, 44.53511, 72.2], [-0.40222, 44.53525, 72.79999999999997], [-0.40211, 44.53527, 73.1], [-0.40202, 44.53535, 72.79999999999997], [-0.40179, 44.53539, 73.14266831852356], [-0.40136, 44.53538, 73.14266831852356], [-0.40114, 44.53531, 73.14266831852356], [-0.40097, 44.53517, 73.14266831852356], [-0.40088, 44.53501, 74.69285714285714], [-0.40093, 44.53457, 73.14266831852356]]]}}, {"type": "Feature", "properties": {"id_obligation": "330760000E1142", "priorite": "forte"}, "geometry": {"type": "Polygon", "coordinates": [[[-0.41562, 44.53863, 63.58809523809524], [-0.41575, 44.53882, 63.58809523809524], [-0.41576, 44.539, 63.58809523809524], [-0.41562, 44.53949, 63.58809523809524], [-0.4155, 44.53964, 63.58809523809524], [-0.41526, 44.53977, 61.5], [-0.41502, 44.53981, 61.5], [-0.41476, 44.53978, 61.5], [-0.41454, 44.5397, 63.58809523809524], [-0.41436, 44.53952, 63.58809523809524], [-0.41431, 44.53935, 64.23333333333333], [-0.41434, 44.5392, 64.23333333333333], [-0.41418, 44.53896, 64.23333333333333], [-0.41419, 44.53872, 64.0], [-0.41434, 44.53853, 64.0], [-0.4146, 44.53841, 64.0], [-0.415, 44.53839, 64.3], [-0.41532, 44.53847, 63.58809523809524], [-0.41562, 44.53863, 63.58809523809524]]]}}, {"type": "Feature", "properties": {"id_obligation": "330760000E1149", "priorite": "faible"}, "geometry": {"type": "Polygon", "coordinates": [[[-0.40926, 44.53782, 71.47249999999998], [-0.40897, 44.53791, 71.47249999999998], [-0.40866, 44.53789, 71.47249999999998], [-0.40832, 44.53774, 71.47249999999998], [-0.40819, 44.53758, 71.47249999999998], [-0.40817, 44.53736, 71.54999999999997], [-0.4082, 44.53727, 72.5], [-0.40829, 44.5373, 72.5], [-0.40839, 44.53723, 72.5], [-0.40824, 44.53722, 72.5], [-0.4085, 44.53691, 71.10999999999999], [-0.4087, 44.53682, 71.1], [-0.40868, 44.53688, 71.1], [-0.40879, 44.5369, 71.1], [-0.40882, 44.5368, 71.1], [-0.40895, 44.53679, 71.10999999999999], [-0.40928, 44.53686, 71.3], [-0.40948, 44.53696, 71.3], [-0.40961, 44.53711, 71.3], [-0.40965, 44.53728, 71.3], [-0.40946, 44.53764, 71.47249999999998], [-0.40926, 44.53782, 71.47249999999998]]]}}, {"type": "Feature", "properties": {"id_obligation": "330760000E1160", "priorite": "moyenne"}, "geometry": {"type": "Polygon", "coordinates": [[[-0.41066, 44.53775, 73.4], [-0.4107, 44.53766, 73.4], [-0.41055, 44.53761, 72.2], [-0.41046, 44.53763, 73.4], [-0.41038, 44.53754, 72.93571428571428], [-0.41046, 44.5373, 72.6], [-0.41038, 44.53728, 72.6], [-0.41032, 44.53738, 72.6], [-0.41036, 44.5372, 72.9181818181818], [-0.41049, 44.53701, 74.06666666666668], [-0.41067, 44.53689, 73.00952380952381], [-0.41074, 44.53687, 73.0], [-0.41068, 44.53702, 72.9], [-0.41057, 44.53699, 72.9], [-0.41053, 44.53709, 72.9], [-0.41079, 44.53715, 72.9], [-0.41094, 44.53683, 73.0], [-0.41121, 44.53685, 73.02745032745032], [-0.41148, 44.53696, 73.02745032745032], [-0.41162, 44.5371, 73.02745032745032], [-0.41169, 44.53727, 73.02745032745032], [-0.41164, 44.53748, 73.02745032745032], [-0.4115, 44.53766, 73.02745032745032], [-0.41125, 44.53779, 73.02745032745032], [-0.41092, 44.53781, 72.5], [-0.41096, 44.53772, 72.5], [-0.41082, 44.53769, 72.5], [-0.41078, 44.53779, 72.5], [-0.41066, 44.53775, 73.4]]]}}, {"type": "Feature", "properties": {"id_obligation": "330760000E1163", "priorite": "moyenne"}, "geometry": {"type": "Polygon", "coordinates": [[[-0.40449, 44.53537, 71.7], [-0.40449, 44.53545, 71.7], [-0.4046, 44.53545, 71.7], [-0.40461, 44.53538, 71.52222222222221], [-0.4049, 44.53546, 70.47999999999999], [-0.40502, 44.53552, 70.3], [-0.405, 44.53559, 70.3], [-0.4051, 44.5356, 70.3], [-0.40515, 44.53565, 70.47999999999999], [-0.40509, 44.53575, 71.0], [-0.40519, 44.53576, 71.0], [-0.40518, 44.53596, 71.30909090909091], [-0.40502, 44.53623, 72.7], [-0.40485, 44.53636, 70.08000000000001], [-0.40463, 44.53643, 70.08000000000001], [-0.40439, 44.53644, 70.08000000000001], [-0.40406, 44.53635, 71.06622183372184], [-0.40388, 44.53623, 71.06622183372184], [-0.40378, 44.53607, 70.83846153846154], [-0.40377, 44.53589, 70.83846153846154], [-0.4039, 44.53564, 70.8], [-0.40405, 44.5355, 70.8], [-0.40449, 44.53537, 71.7]]]}}, {"type": "Feature", "properties": {"id_obligation": "330760000E1165", "priorite": "forte"}, "geometry": {"type": "Polygon", "coordinates": [[[-0.40593, 44.53548, 71.8], [-0.40582, 44.53552, 71.8], [-0.40584, 44.53557, 71.8], [-0.4058, 44.53558, 72.0], [-0.40584, 44.53566, 71.8], [-0.40597, 44.53563, 71.8], [-0.40597, 44.53556, 71.8], [-0.40599, 44.53572, 71.69999999999999], [-0.40589, 44.536, 70.98728442985586], [-0.40569, 44.53616, 70.98728442985586], [-0.40542, 44.53624, 71.12857142857143], [-0.40516, 44.53623, 71.12857142857143], [-0.40482, 44.53615, 70.8], [-0.40458, 44.53601, 70.8], [-0.40452, 44.53593, 70.8], [-0.40457, 44.53584, 70.8], [-0.40448, 44.53584, 70.8], [-0.40438, 44.53556, 71.10769230769229], [-0.40445, 44.53522, 71.19000000000001], [-0.40451, 44.53513, 71.23715481460033], [-0.40463, 44.53517, 71.4], [-0.40461, 44.53509, 70.8], [-0.40455, 44.53508, 70.8], [-0.40466, 44.53501, 71.19000000000001], [-0.405, 44.53492, 70.47272727272727], [-0.40539, 44.53496, 70.47272727272727], [-0.40563, 44.53509, 70.98728442985586], [-0.40593, 44.53548, 71.8]]]}}, {"type": "Feature", "properties": {"id_obligation": "330760000E1166", "priorite": "forte"}, "geometry": {"type": "Polygon", "coordinates": [[[-0.40552, 44.53571, 71.0], [-0.40534, 44.53593, 71.0], [-0.40514, 44.53603, 72.55833333333335], [-0.4049, 44.53607, 72.55833333333335], [-0.40449, 44.53598, 70.8], [-0.40457, 44.53584, 70.8], [-0.40446, 44.53584, 70.8], [-0.4044, 44.53595, 70.8], [-0.4043, 44.53589, 70.72666666666665], [-0.40417, 44.53578, 70.69832296264033], [-0.40423, 44.53565, 70.8], [-0.40416, 44.53563, 70.8], [-0.40413, 44.5357, 70.8], [-0.4041, 44.53558, 71.604], [-0.40413, 44.53541, 71.604], [-0.40426, 44.5353, 71.9], [-0.40424, 44.53526, 71.9], [-0.40444, 44.53495, 71.36666666666666], [-0.40467, 44.53481, 70.725], [-0.40496, 44.53476, 70.725], [-0.40537, 44.53483, 71.12003703703704], [-0.40563, 44.53503, 71.12003703703704], [-0.40569, 44.53525, 70.35], [-0.40552, 44.53571, 71.0]]]}}, {"type": "Feature", "properties": {"id_obligation": "330760000E1167", "priorite": "moyenne"}, "geometry": {"type": "Polygon", "coordinates": [[[-0.4092, 44.5363, 71.07333333333334], [-0.40939, 44.53641, 71.07333333333334], [-0.40952, 44.5366, 71.07333333333334], [-0.40953, 44.53678, 71.3], [-0.40944, 44.53698, 71.3], [-0.40924, 44.53721, 71.3], [-0.40899, 44.53732, 71.10555555555557], [-0.40902, 44.53727, 71.2], [-0.40892, 44.53724, 71.2], [-0.40885, 44.53734, 71.2], [-0.40869, 44.53734, 71.10555555555557], [-0.4084, 44.53728, 72.5], [-0.40839, 44.53723, 72.5], [-0.40832, 44.5372, 72.5], [-0.40829, 44.53723, 72.5], [-0.40821, 44.53717, 72.5], [-0.4081, 44.53706, 70.1], [-0.40814, 44.53701, 70.1], [-0.40806, 44.53698, 70.1], [-0.40806, 44.5368, 70.1], [-0.40821, 44.53649, 71.07333333333334], [-0.40835, 44.53635, 71.07333333333334], [-0.40862, 44.53625, 70.08], [-0.40892, 44.53624, 70.08], [-0.4092, 44.5363, 71.07333333333334]]]}}, {"type": "Feature", "properties": {"id_obligation": "330760000E1177", "priorite": "forte"}, "geometry": {"type": "Polygon", "coordinates": [[[-0.41157, 44.53478, 68.65714285714284], [-0.41173, 44.53497, 68.65714285714284], [-0.41175, 44.53519, 68.65714285714284], [-0.41163, 44.53543, 68.65714285714284], [-0.41146, 44.53556, 68.65714285714284], [-0.41118, 44.53563, 68.65714285714284], [-0.41085, 44.53561, 68.65714285714284], [-0.41062, 44.53555, 68.65714285714284], [-0.41044, 44.53543, 68.65714285714284], [-0.41034, 44.53527, 68.65714285714284], [-0.41033, 44.53509, 68.65714285714284], [-0.41045, 44.53483, 68.65714285714284], [-0.41062, 44.53471, 68.65714285714284], [-0.41085, 44.53464, 68.65714285714284], [-0.41136, 44.53468, 68.65714285714284], [-0.41157, 44.53478, 68.65714285714284]]]}}, {"type": "Feature", "properties": {"id_obligation": "330760000E1186", "priorite": "moyenne"}, "geometry": {"type": "Polygon", "coordinates": [[[-0.4062, 44.53603, 70.01238095238095], [-0.40632, 44.53624, 70.15714285714286], [-0.40632, 44.53641, 70.15714285714286], [-0.40618, 44.53665, 68.7], [-0.40595, 44.53679, 68.7], [-0.40571, 44.53683, 69.10000000000001], [-0.40547, 44.53681, 69.10000000000001], [-0.40515, 44.53672, 70.01238095238095], [-0.40498, 44.53659, 70.01238095238095], [-0.40489, 44.53638, 69.35714285714286], [-0.40492, 44.53621, 69.35714285714286], [-0.40504, 44.53602, 72.70000000000002], [-0.40521, 44.53589, 72.70000000000002], [-0.40544, 44.53583, 70.01238095238095], [-0.40595, 44.5359, 70.01238095238095], [-0.4062, 44.53603, 70.01238095238095]]]}}, {"type": "Feature", "properties": {"id_obligation": "330760000E1187", "priorite": "moyenne"}, "geometry": {"type": "Polygon", "coordinates": [[[-0.40468, 44.53653, 70.98464285714284], [-0.40457, 44.53632, 72.27499999999999], [-0.40462, 44.5361, 72.27499999999999], [-0.4048, 44.53589, 72.7], [-0.40506, 44.53577, 71.17], [-0.40533, 44.53579, 71.0], [-0.40534, 44.53576, 71.0], [-0.40588, 44.53594, 70.98464285714284], [-0.40602, 44.53609, 70.27000000000001], [-0.40607, 44.53626, 70.27000000000001], [-0.40604, 44.5364, 70.12456250689641], [-0.40585, 44.53636, 70.1], [-0.40582, 44.53642, 70.1], [-0.406, 44.53647, 70.1], [-0.40585, 44.53665, 69.39285714285714], [-0.40564, 44.53675, 69.39285714285714], [-0.4054, 44.53679, 70.98464285714284], [-0.4049, 44.53667, 70.98464285714284], [-0.40468, 44.53653, 70.98464285714284]]]}}, {"type": "Feature", "properties": {"id_obligation": "330760000E1197", "priorite": "forte"}, "geometry": {"type": "Polygon", "coordinates": [[[-0.40383, 44.53467, 72.08507982178376], [-0.40399, 44.53486, 72.12857142857142], [-0.40402, 44.53494, 71.9], [-0.40396, 44.53495, 71.9], [-0.40402, 44.53509, 72.12857142857142], [-0.40396, 44.53526, 72.08507982178376], [-0.40383, 44.53541, 72.08507982178376], [-0.40362, 44.5355, 72.08507982178376], [-0.40332, 44.53554, 71.2], [-0.40303, 44.5355, 71.2], [-0.40242, 44.5351, 71.92999999999998], [-0.40234, 44.53486, 71.92999999999998], [-0.4024, 44.53467, 73.55008896194586], [-0.40261, 44.53449, 73.58695652173911], [-0.4029, 44.53441, 71.39411764705882], [-0.40297, 44.53441, 71.23051046543121], [-0.40298, 44.5345, 71.3], [-0.40305, 44.53449, 71.3], [-0.40304, 44.5344, 71.2], [-0.40319, 44.53441, 71.39411764705882], [-0.40383, 44.53467, 72.08507982178376]]]}}, {"type": "Feature", "properties": {"id_obligation": "330760000E1201", "priorite": "moyenne"}, "geometry": {"type": "Polygon", "coordinates": [[[-0.4129, 44.53773, 70.89539215686274], [-0.41311, 44.53764, 70.88235294117645], [-0.41334, 44.53762, 69.4], [-0.41371, 44.53768, 71.8], [-0.41391, 44.53779, 71.8], [-0.41405, 44.53798, 70.3], [-0.41398, 44.53837, 70.3], [-0.41383, 44.53851, 70.3], [-0.41355, 44.53861, 70.3], [-0.4133, 44.53862, 70.3], [-0.413, 44.53855, 70.89539215686274], [-0.4128, 44.53844, 70.89539215686274], [-0.41269, 44.53828, 70.89539215686274], [-0.41272, 44.53791, 70.89539215686274], [-0.4129, 44.53773, 70.89539215686274]]]}}, {"type": "Feature", "properties": {"id_obligation": "330760000E1206", "priorite": "moyenne"}, "geometry": {"type": "Polygon", "coordinates": [[[-0.41027, 44.53706, 73.85000000000001], [-0.41011, 44.53687, 73.11847826086958], [-0.41009, 44.5367, 73.11847826086958], [-0.41021, 44.53643, 73.11847826086958], [-0.41042, 44.53627, 73.11847826086958], [-0.41065, 44.5362, 71.55000000000001], [-0.41089, 44.5362, 71.55000000000001], [-0.41119, 44.53628, 73.11847826086958], [-0.41138, 44.53639, 73.11847826086958], [-0.4115, 44.53659, 73.11847826086958], [-0.4115, 44.53677, 73.11847826086958], [-0.41139, 44.53699, 73.11847826086958], [-0.41123, 44.53712, 73.11847826086958], [-0.41102, 44.5372, 72.97391304347826], [-0.41069, 44.53721, 72.5], [-0.41072, 44.53713, 72.5], [-0.41057, 44.53711, 76.4], [-0.4106, 44.53719, 72.5], [-0.41027, 44.53706, 73.85000000000001]]]}}, {"type": "Feature", "properties": {"id_obligation": "330760000E1207", "priorite": "moyenne"}, "geometry": {"type": "Polygon", "coordinates": [[[-0.40101, 44.53549, 72.2], [-0.40094, 44.53545, 72.2], [-0.401, 44.53538, 72.2], [-0.40093, 44.53535, 72.2], [-0.40086, 44.53543, 72.2], [-0.4008, 44.5354, 72.2], [-0.40063, 44.53524, 72.20833333333333], [-0.40057, 44.53507, 72.20833333333333], [-0.40062, 44.53483, 71.8], [-0.40075, 44.53467, 76.94285714285715], [-0.40101, 44.53456, 76.94285714285715], [-0.40137, 44.5345, 71.7], [-0.40167, 44.53454, 72.8531462585034], [-0.40187, 44.53464, 72.8531462585034], [-0.40201, 44.53478, 72.8531462585034], [-0.40206, 44.53495, 72.7], [-0.40203, 44.53519, 72.7], [-0.40191, 44.53535, 72.8531462585034], [-0.40167, 44.53549, 72.8531462585034], [-0.40155, 44.53551, 72.2], [-0.40147, 44.53545, 72.2], [-0.40137, 44.53553, 72.23333333333333], [-0.40101, 44.53549, 72.2]], [[-0.4006, 44.53496, 71.8], [-0.40072, 44.53496, 71.8], [-0.40072, 44.53483, 71.8], [-0.40062, 44.53483, 71.8], [-0.4006, 44.53496, 71.8]]]}}, {"type": "Feature", "properties": {"id_obligation": "330760000E1217", "priorite": "forte"}, "geometry": {"type": "Polygon", "coordinates": [[[-0.40399, 44.53459, 71.61000000000001], [-0.40398, 44.53483, 71.6], [-0.40402, 44.53483, 71.6], [-0.40397, 44.53498, 71.9], [-0.40383, 44.53512, 72.12857142857142], [-0.40356, 44.53523, 72.21818181818183], [-0.40321, 44.53525, 72.21818181818183], [-0.40298, 44.53522, 72.33333333333334], [-0.40277, 44.53512, 71.6], [-0.4028, 44.53504, 71.6], [-0.40268, 44.53503, 71.6], [-0.40264, 44.53498, 72.33333333333334], [-0.40255, 44.53463, 71.3], [-0.40258, 44.53446, 71.23333333333333], [-0.40275, 44.53427, 71.23333333333333], [-0.40302, 44.53417, 71.31052631578946], [-0.4034, 44.53416, 71.31052631578946], [-0.40362, 44.53424, 71.63333333333333], [-0.40388, 44.53443, 71.63333333333333], [-0.40399, 44.53459, 71.61000000000001]]]}}, {"type": "Feature", "properties": {"id_obligation": "330760000E1218", "priorite": "forte"}, "geometry": {"type": "MultiPolygon", "coordinates": [[[[-0.40413, 44.53424, 71.6], [-0.404, 44.53428, 71.6], [-0.404, 44.53434, 71.6], [-0.40414, 44.53434, 71.56476757965912], [-0.40414, 44.53442, 71.60575729166561], [-0.40391, 44.53444, 71.6], [-0.40399, 44.53459, 71.5], [-0.40407, 44.53458, 71.56619929784385], [-0.40384, 44.53476, 71.57499999999999], [-0.40317, 44.53491, 71.44117647058822], [-0.40291, 44.53492, 71.44117647058822], [-0.40263, 44.53484, 73.38799999999998], [-0.40242, 44.53468, 73.38799999999998], [-0.40234, 44.53443, 71.85901711229945], [-0.40236, 44.53425, 71.85901711229945], [-0.40248, 44.53409, 71.85901711229945], [-0.40268, 44.53398, 71.85901711229945], [-0.4029, 44.53393, 71.85901711229945], [-0.40318, 44.5338, 71.85901711229945], [-0.40349, 44.53376, 71.85901711229945], [-0.40383, 44.53386, 71.85901711229945], [-0.40404, 44.53405, 71.85901711229945], [-0.40413, 44.53424, 71.6]]], [[[-0.40409, 44.5345, 71.8], [-0.40412, 44.5345, 71.8], [-0.40411, 44.53452, 71.57499999999999], [-0.40409, 44.5345, 71.8]]]]}}, {"type": "Feature", "properties": {"id_obligation": "330760000E1220", "priorite": "forte"}, "geometry": {"type": "Polygon", "coordinates": [[[-0.40522, 44.53548, 69.8], [-0.40514, 44.53549, 69.8], [-0.40522, 44.5355, 69.8], [-0.40519, 44.53561, 70.83999999999999], [-0.40497, 44.53582, 70.83999999999999], [-0.40463, 44.5359, 70.81428571428572], [-0.40454, 44.5359, 70.8], [-0.40457, 44.53584, 70.8], [-0.40451, 44.53582, 70.8], [-0.40443, 44.5359, 70.8], [-0.40424, 44.53586, 70.85294117647058], [-0.40415, 44.53582, 70.62470528481921], [-0.40423, 44.53565, 70.8], [-0.40416, 44.53563, 70.8], [-0.40411, 44.53576, 70.6], [-0.40404, 44.53574, 71.0], [-0.4039, 44.53555, 71.78235294117647], [-0.40388, 44.53511, 71.78235294117647], [-0.40396, 44.53487, 71.90833333333333], [-0.4041, 44.53482, 71.6], [-0.40412, 44.53473, 71.90833333333333], [-0.40434, 44.53465, 70.8], [-0.40458, 44.53463, 70.8], [-0.40491, 44.5347, 71.08172672329802], [-0.4051, 44.53481, 71.08172672329802], [-0.40524, 44.53499, 71.08172672329802], [-0.40522, 44.53548, 69.8]]]}}, {"type": "Feature", "properties": {"id_obligation": "330760000E1229", "priorite": "forte"}, "geometry": {"type": "Polygon", "coordinates": [[[-0.40464, 44.53455, 71.75], [-0.40443, 44.53471, 71.75], [-0.40409, 44.53479, 71.6], [-0.40408, 44.53468, 71.6], [-0.40397, 44.53469, 71.6], [-0.40398, 44.53479, 71.6], [-0.40388, 44.53478, 71.62727272727274], [-0.40361, 44.53469, 71.63453787878788], [-0.40345, 44.53456, 71.63453787878788], [-0.40337, 44.53431, 71.33654542705357], [-0.40341, 44.53438, 71.3], [-0.40351, 44.53437, 71.3], [-0.40351, 44.53429, 71.3], [-0.40343, 44.53421, 71.3], [-0.40338, 44.53424, 71.3], [-0.40338, 44.5342, 71.32666666666665], [-0.40347, 44.53403, 71.63453787878788], [-0.40365, 44.53391, 71.63453787878788], [-0.40387, 44.53384, 71.63453787878788], [-0.4042, 44.53383, 71.63453787878788], [-0.40442, 44.5339, 71.63453787878788], [-0.4046, 44.53402, 71.63453787878788], [-0.40469, 44.53418, 71.89999999999999], [-0.40471, 44.53438, 72.34703032782527], [-0.40464, 44.53455, 71.75]]]}}, {"type": "Feature", "properties": {"id_obligation": "330760000E1230", "priorite": "forte"}, "geometry": {"type": "Polygon", "coordinates": [[[-0.40432, 44.53402, 71.5625], [-0.40454, 44.53394, 71.92], [-0.40485, 44.53393, 71.92], [-0.40513, 44.53401, 71.73741071428572], [-0.4053, 44.53413, 71.73741071428572], [-0.40539, 44.53429, 71.73741071428572], [-0.40538, 44.5346, 71.73741071428572], [-0.40529, 44.53477, 71.73741071428572], [-0.40511, 44.53489, 71.73741071428572], [-0.40488, 44.53496, 71.73741071428572], [-0.40455, 44.53495, 71.73741071428572], [-0.40433, 44.53489, 71.73741071428572], [-0.40416, 44.53477, 71.73741071428572], [-0.40407, 44.53461, 71.60714285714286], [-0.40409, 44.5345, 71.8], [-0.40415, 44.53449, 71.8], [-0.40414, 44.53442, 71.6], [-0.40406, 44.53443, 71.6], [-0.40407, 44.53434, 71.51565430269947], [-0.40425, 44.53434, 71.5], [-0.40425, 44.53423, 71.5], [-0.40411, 44.53424, 71.6], [-0.40432, 44.53402, 71.5625]]]}}, {"type": "Feature", "properties": {"id_obligation": "330760000E1231", "priorite": "forte"}, "geometry": {"type": "Polygon", "coordinates": [[[-0.40407, 44.53386, 71.69616477272727], [-0.40431, 44.53373, 71.69616477272727], [-0.40465, 44.53369, 71.69616477272727], [-0.40495, 44.53375, 71.69616477272727], [-0.40517, 44.53389, 71.69616477272727], [-0.40527, 44.53406, 71.69616477272727], [-0.40528, 44.53437, 71.69616477272727], [-0.40521, 44.53454, 71.69616477272727], [-0.40506, 44.53467, 71.69616477272727], [-0.40484, 44.53476, 71.575], [-0.40451, 44.53478, 71.575], [-0.40428, 44.53473, 71.64999999999999], [-0.40404, 44.53458, 71.54515816365372], [-0.40411, 44.53458, 71.6], [-0.40414, 44.53442, 71.6], [-0.40395, 44.53443, 71.6], [-0.40394, 44.53406, 71.69616477272727], [-0.40407, 44.53386, 71.69616477272727]]]}}, {"type": "Feature", "properties": {"id_obligation": "330760000E1233", "priorite": "forte"}, "geometry": {"type": "Polygon", "coordinates": [[[-0.40437, 44.53379, 71.62920454545454], [-0.4046, 44.53386, 71.62920454545454], [-0.40477, 44.53398, 71.62920454545454], [-0.40486, 44.53414, 71.89999999999999], [-0.40487, 44.53438, 71.89999999999999], [-0.40481, 44.53455, 71.75], [-0.4046, 44.53471, 71.75], [-0.40437, 44.53478, 71.62727272727274], [-0.40409, 44.53479, 71.6], [-0.40408, 44.53468, 71.6], [-0.40397, 44.53469, 71.6], [-0.40398, 44.53478, 71.6], [-0.40379, 44.53474, 71.62920454545454], [-0.40356, 44.53459, 71.62920454545454], [-0.40347, 44.53443, 71.29999999999998], [-0.40345, 44.53438, 71.3], [-0.40351, 44.53437, 71.3], [-0.40346, 44.5342, 71.29999999999998], [-0.40357, 44.53399, 71.62920454545454], [-0.40379, 44.53385, 71.62920454545454], [-0.4041, 44.53378, 71.62920454545454], [-0.40437, 44.53379, 71.62920454545454]]]}}, {"type": "Feature", "properties": {"id_obligation": "330760000E1246", "priorite": "forte"}, "geometry": {"type": "Polygon", "coordinates": [[[-0.4028, 44.53507, 71.6], [-0.4028, 44.53504, 71.6], [-0.40248, 44.53502, 71.6], [-0.40247, 44.5351, 71.6], [-0.40272, 44.53511, 71.6], [-0.40253, 44.53518, 72.07142857142858], [-0.40213, 44.53519, 72.07142857142858], [-0.40179, 44.53513, 72.00000000000001], [-0.4016, 44.53502, 72.00000000000001], [-0.40147, 44.53482, 71.7], [-0.40148, 44.5346, 71.7], [-0.40159, 44.53436, 71.82427001569859], [-0.40174, 44.53422, 71.82427001569859], [-0.40202, 44.53412, 71.82427001569859], [-0.40226, 44.53412, 71.82427001569859], [-0.4027, 44.53418, 71.2], [-0.4029, 44.5343, 71.2], [-0.40297, 44.53438, 71.2], [-0.40298, 44.5345, 71.3], [-0.40303, 44.5345, 71.3], [-0.40297, 44.53486, 71.3], [-0.4028, 44.53507, 71.6]]]}}, {"type": "Feature", "properties": {"id_obligation": "330760000E1247", "priorite": "moyenne"}, "geometry": {"type": "Polygon", "coordinates": [[[-0.40758, 44.53597, 69.74008658008658], [-0.40769, 44.53618, 70.14285714285715], [-0.40766, 44.53635, 70.14285714285715], [-0.40751, 44.53658, 69.36666666666666], [-0.40732, 44.53669, 69.36666666666666], [-0.40703, 44.53675, 69.5], [-0.40679, 44.53672, 69.5], [-0.40643, 44.53659, 70.09090909090911], [-0.40627, 44.53646, 70.09090909090911], [-0.4062, 44.53624, 69.74008658008658], [-0.40625, 44.53607, 69.74008658008658], [-0.40639, 44.53588, 69.74008658008658], [-0.40658, 44.53577, 69.74008658008658], [-0.40681, 44.53572, 69.74008658008658], [-0.40705, 44.53574, 69.74008658008658], [-0.40735, 44.53583, 69.74008658008658], [-0.40758, 44.53597, 69.74008658008658]]]}}, {"type": "Feature", "properties": {"id_obligation": "330760000E1249", "priorite": "moyenne"}, "geometry": {"type": "Polygon", "coordinates": [[[-0.40737, 44.53685, 69.50000000000001], [-0.40728, 44.53684, 69.7], [-0.40728, 44.53678, 69.7], [-0.40708, 44.5368, 69.7], [-0.40682, 44.53668, 69.46742105543876], [-0.40689, 44.53662, 69.7], [-0.40684, 44.53652, 69.7], [-0.4067, 44.53655, 69.7], [-0.40671, 44.5366, 69.5], [-0.40666, 44.53655, 69.53076923076925], [-0.40659, 44.53634, 69.61666666666669], [-0.40663, 44.53614, 69.6], [-0.40675, 44.53598, 69.6], [-0.40694, 44.53587, 69.6], [-0.40718, 44.53582, 69.99641941391941], [-0.40752, 44.53585, 69.99641941391941], [-0.40783, 44.53595, 69.99641941391941], [-0.408, 44.53608, 69.99641941391941], [-0.40809, 44.53629, 71.3], [-0.40804, 44.53651, 70.34], [-0.40799, 44.5366, 70.1], [-0.40785, 44.5366, 70.1], [-0.40782, 44.53665, 70.1], [-0.4079, 44.53668, 70.1], [-0.40766, 44.5368, 70.34], [-0.40737, 44.53685, 69.50000000000001]]]}}, {"type": "Feature", "properties": {"id_obligation": "330760000E1252", "priorite": "moyenne"}, "geometry": {"type": "Polygon", "coordinates": [[[-0.40768, 44.53644, 69.53333333333333], [-0.40785, 44.5366, 70.1], [-0.40782, 44.53665, 70.1], [-0.40789, 44.53667, 70.1], [-0.40791, 44.53687, 70.10000000000001], [-0.40783, 44.53708, 69.88154607297466], [-0.40767, 44.53722, 69.88154607297466], [-0.40745, 44.5373, 70.47999999999999], [-0.40702, 44.53732, 70.47999999999999], [-0.40673, 44.53726, 69.88154607297466], [-0.40655, 44.53714, 69.88154607297466], [-0.40645, 44.53698, 69.34], [-0.40643, 44.53674, 69.34], [-0.40651, 44.53658, 69.97333333333334], [-0.40666, 44.53645, 69.97333333333334], [-0.40694, 44.53635, 70.07142857142858], [-0.40722, 44.53633, 70.2], [-0.40739, 44.5364, 70.2], [-0.40747, 44.53636, 69.53333333333333], [-0.40768, 44.53644, 69.53333333333333]]]}}, {"type": "Feature", "properties": {"id_obligation": "330760000E1253", "priorite": "moyenne"}, "geometry": {"type": "Polygon", "coordinates": [[[-0.40729, 44.537, 69.93125], [-0.4072, 44.53705, 70.6], [-0.40723, 44.53702, 70.6], [-0.40716, 44.53699, 70.0], [-0.40713, 44.53708, 70.6], [-0.40702, 44.53711, 69.93125], [-0.40676, 44.53714, 69.79199675324676], [-0.40647, 44.53707, 69.79199675324676], [-0.40598, 44.53684, 69.79199675324676], [-0.40583, 44.5367, 69.5], [-0.40577, 44.53658, 68.7], [-0.40584, 44.5366, 68.7], [-0.40588, 44.53653, 68.7], [-0.40585, 44.53649, 69.5], [-0.40576, 44.53649, 69.5], [-0.40586, 44.53623, 70.14999999999999], [-0.40606, 44.53607, 70.14999999999999], [-0.40634, 44.53599, 69.6], [-0.40657, 44.536, 69.6], [-0.40718, 44.53614, 69.90000000000003], [-0.4074, 44.53631, 70.2], [-0.40732, 44.53632, 70.2], [-0.40733, 44.53628, 70.2], [-0.40724, 44.53627, 70.2], [-0.40722, 44.53633, 70.2], [-0.40739, 44.5364, 70.2], [-0.40743, 44.53637, 70.2], [-0.4075, 44.53652, 69.67272727272729], [-0.40751, 44.53669, 69.67272727272729], [-0.40743, 44.53686, 69.93125], [-0.40729, 44.537, 69.93125]]]}}, {"type": "Feature", "properties": {"id_obligation": "330760000E1254", "priorite": "moyenne"}, "geometry": {"type": "Polygon", "coordinates": [[[-0.40674, 44.53666, 69.5], [-0.40686, 44.53667, 69.0], [-0.40688, 44.53659, 69.7], [-0.40714, 44.53654, 69.6625], [-0.40738, 44.53657, 69.78333333333335], [-0.40766, 44.53669, 69.78333333333335], [-0.40783, 44.53688, 69.78333333333335], [-0.40786, 44.53705, 69.78333333333335], [-0.40779, 44.53722, 69.78333333333335], [-0.40763, 44.5374, 69.78333333333335], [-0.40742, 44.53751, 69.78333333333335], [-0.40718, 44.53755, 69.78333333333335], [-0.40694, 44.53751, 69.78333333333335], [-0.40667, 44.53739, 69.78333333333335], [-0.40653, 44.53725, 69.78333333333335], [-0.40647, 44.53709, 69.78333333333335], [-0.40651, 44.53692, 69.78333333333335], [-0.40674, 44.53666, 69.5]]]}}, {"type": "Feature", "properties": {"id_obligation": "330760000E1255", "priorite": "forte"}, "geometry": {"type": "MultiPolygon", "coordinates": [[[[-0.40213, 44.53548, 72.62352941176471], [-0.40217, 44.53539, 73.1], [-0.40225, 44.53541, 73.1], [-0.40228, 44.53537, 73.1], [-0.40226, 44.53526, 73.1], [-0.40211, 44.53527, 73.1], [-0.40202, 44.53541, 73.1], [-0.40186, 44.53519, 72.59375], [-0.40186, 44.53494, 73.41333333333334], [-0.40195, 44.53478, 73.41333333333334], [-0.4021, 44.53467, 73.17674168614357], [-0.40209, 44.53473, 73.6], [-0.40219, 44.53474, 73.6], [-0.4022, 44.53469, 73.6], [-0.40236, 44.53475, 73.6], [-0.40241, 44.53458, 71.9], [-0.40309, 44.53464, 71.88947368421051], [-0.40321, 44.5347, 71.5], [-0.40323, 44.5348, 71.5], [-0.40333, 44.5348, 71.5], [-0.40342, 44.53495, 72.33846153846153], [-0.40341, 44.5352, 72.33846153846153], [-0.40328, 44.5354, 71.2], [-0.40298, 44.53555, 71.2], [-0.40301, 44.53548, 71.2], [-0.40284, 44.53544, 71.2], [-0.4028, 44.53551, 71.2], [-0.40296, 44.53555, 71.2], [-0.40268, 44.53557, 71.2], [-0.40213, 44.53548, 72.62352941176471]]], [[[-0.4022, 44.53462, 73.6], [-0.4022, 44.53466, 73.6], [-0.40215, 44.53464, 73.6], [-0.4022, 44.53462, 73.6]]]]}}, {"type": "Feature", "properties": {"id_obligation": "330760000E1257", "priorite": "moyenne"}, "geometry": {"type": "MultiPolygon", "coordinates": [[[[-0.40201, 44.53554, 72.37469073776538], [-0.40205, 44.53546, 73.1], [-0.40213, 44.53548, 73.1], [-0.40217, 44.53539, 73.1], [-0.40225, 44.53541, 73.1], [-0.40226, 44.53526, 73.1], [-0.40211, 44.53527, 73.1], [-0.40193, 44.53553, 72.2], [-0.40161, 44.53541, 72.2], [-0.40144, 44.53518, 72.49095053405978], [-0.40144, 44.53497, 72.49095053405978], [-0.4015, 44.5348, 71.87647058823529], [-0.40155, 44.53484, 71.7], [-0.40154, 44.53476, 71.7], [-0.40161, 44.5347, 71.87647058823529], [-0.40193, 44.53457, 71.87647058823529], [-0.40215, 44.53456, 72.5], [-0.40215, 44.53461, 72.5], [-0.40221, 44.53461, 73.6], [-0.4022, 44.53466, 73.6], [-0.4021, 44.53464, 72.8], [-0.40209, 44.53473, 73.6], [-0.40219, 44.53474, 73.6], [-0.4022, 44.53469, 73.6], [-0.40236, 44.53475, 73.6], [-0.40241, 44.53458, 71.9], [-0.40267, 44.53463, 72.03333333333333], [-0.40287, 44.53474, 72.03333333333333], [-0.403, 44.53492, 75.7], [-0.403, 44.53519, 72.79333333333334], [-0.40287, 44.53539, 72.49095053405978], [-0.40257, 44.53554, 72.49095053405978], [-0.40201, 44.53554, 72.37469073776538]]]]}}, {"type": "Feature", "properties": {"id_obligation": "330760000E1265", "priorite": "forte"}, "geometry": {"type": "Polygon", "coordinates": [[[-0.40449, 44.53493, 71.64185841935841], [-0.40427, 44.53501, 72.0111111111111], [-0.40409, 44.53504, 71.9], [-0.40408, 44.53494, 71.9], [-0.40396, 44.53495, 71.9], [-0.40397, 44.53504, 71.9], [-0.40368, 44.53498, 71.5], [-0.4035, 44.53487, 71.5], [-0.40333, 44.53466, 71.46666666666667], [-0.40328, 44.53444, 71.46666666666667], [-0.40331, 44.5343, 71.4], [-0.40334, 44.53433, 71.4], [-0.40339, 44.5343, 71.3], [-0.40341, 44.53438, 71.3], [-0.40351, 44.53437, 71.3], [-0.40343, 44.53421, 71.3], [-0.40332, 44.53427, 71.4], [-0.40334, 44.53424, 71.33076923076922], [-0.40354, 44.53407, 71.33076923076922], [-0.40376, 44.534, 71.58571428571429], [-0.40415, 44.53397, 71.58571428571429], [-0.40445, 44.53403, 71.8], [-0.40464, 44.53414, 71.9], [-0.40456, 44.53414, 71.9], [-0.40456, 44.53433, 72.0], [-0.40465, 44.53433, 72.0], [-0.40465, 44.53416, 71.9], [-0.40474, 44.5343, 71.8], [-0.40477, 44.53438, 71.51912282798142], [-0.4047, 44.53438, 72.4], [-0.40468, 44.53451, 72.1], [-0.40476, 44.53452, 71.4], [-0.40477, 44.53441, 71.4], [-0.40478, 44.53455, 71.82727272727271], [-0.40469, 44.53476, 71.64185841935841], [-0.40449, 44.53493, 71.64185841935841]]]}}, {"type": "Feature", "properties": {"id_obligation": "330760000E1266", "priorite": "forte"}, "geometry": {"type": "Polygon", "coordinates": [[[-0.40346, 44.53442, 71.5], [-0.40369, 44.53428, 71.6], [-0.40387, 44.53424, 71.6], [-0.40415, 44.53423, 71.55019010906767], [-0.404, 44.53428, 71.6], [-0.404, 44.53434, 71.6], [-0.40425, 44.53434, 71.5], [-0.40425, 44.53425, 71.5], [-0.40428, 44.53425, 71.5], [-0.40449, 44.53434, 71.5], [-0.40467, 44.53452, 71.5], [-0.40472, 44.53479, 71.55923737916218], [-0.40469, 44.53496, 71.55923737916218], [-0.4046, 44.53509, 70.8], [-0.40452, 44.53508, 70.8], [-0.40452, 44.53515, 71.4], [-0.40438, 44.53522, 71.25], [-0.40399, 44.53528, 71.8286848937311], [-0.40378, 44.53526, 71.87894736842107], [-0.40357, 44.53517, 71.55923737916218], [-0.40342, 44.53503, 71.55923737916218], [-0.40335, 44.53463, 71.5], [-0.40346, 44.53442, 71.5]]]}}, {"type": "Feature", "properties": {"id_obligation": "330760000E1267", "priorite": "moyenne"}, "geometry": {"type": "Polygon", "coordinates": [[[-0.40565, 44.5363, 70.33255224642483], [-0.40556, 44.53626, 70.3], [-0.40552, 44.53635, 70.5], [-0.40561, 44.53637, 70.5], [-0.40549, 44.53649, 70.15454545454544], [-0.40529, 44.53659, 69.4], [-0.40505, 44.53662, 69.4], [-0.40475, 44.53657, 70.075], [-0.40454, 44.53648, 70.075], [-0.40439, 44.53631, 70.1], [-0.40433, 44.53611, 70.44999999999999], [-0.40439, 44.53594, 70.44999999999999], [-0.40456, 44.53573, 70.81666666666668], [-0.40474, 44.53562, 70.81666666666668], [-0.40501, 44.53557, 70.3], [-0.40533, 44.53562, 71.0], [-0.40558, 44.53574, 71.0], [-0.40571, 44.53594, 70.52095508658009], [-0.40572, 44.53613, 70.52095508658009], [-0.40565, 44.5363, 70.33255224642483]]]}}, {"type": "Feature", "properties": {"id_obligation": "330760000E1268", "priorite": "moyenne"}, "geometry": {"type": "Polygon", "coordinates": [[[-0.40537, 44.53665, 70.5], [-0.40513, 44.53669, 70.58075396825396], [-0.40488, 44.53667, 70.58075396825396], [-0.40463, 44.53657, 70.0], [-0.40445, 44.53639, 70.0], [-0.40442, 44.53628, 70.1], [-0.40448, 44.53626, 70.1], [-0.40442, 44.53625, 70.1], [-0.40446, 44.53607, 70.0875], [-0.40458, 44.5359, 70.58075396825396], [-0.40477, 44.53579, 70.58075396825396], [-0.405, 44.53573, 71.0], [-0.40534, 44.53577, 71.0], [-0.40551, 44.53584, 71.0], [-0.40567, 44.53598, 71.0], [-0.40574, 44.53615, 70.07777777777777], [-0.40571, 44.53633, 70.07777777777777], [-0.4056, 44.5365, 70.5], [-0.40537, 44.53665, 70.5]]]}}, {"type": "Feature", "properties": {"id_obligation": "330760000E1272", "priorite": "forte"}, "geometry": {"type": "Polygon", "coordinates": [[[-0.40653, 44.53595, 71.13571428571429], [-0.40636, 44.53614, 71.13571428571429], [-0.40604, 44.53625, 71.13571428571429], [-0.40568, 44.53624, 71.13571428571429], [-0.40541, 44.53614, 71.13571428571429], [-0.40523, 44.53596, 71.13571428571429], [-0.4052, 44.53576, 71.0], [-0.40533, 44.53579, 71.0], [-0.40536, 44.53568, 71.0], [-0.4052, 44.53568, 71.0], [-0.40521, 44.53541, 71.13571428571429], [-0.40531, 44.53525, 71.13571428571429], [-0.40548, 44.53513, 71.13571428571429], [-0.40583, 44.53504, 71.13571428571429], [-0.40608, 44.53505, 71.13571428571429], [-0.40631, 44.53512, 71.13571428571429], [-0.40647, 44.53525, 71.13571428571429], [-0.40658, 44.53545, 71.13571428571429], [-0.40653, 44.53595, 71.13571428571429]]]}}, {"type": "Feature", "properties": {"id_obligation": "330760000E1277", "priorite": "forte"}, "geometry": {"type": "MultiPolygon", "coordinates": [[[[-0.40453, 44.53574, 70.9], [-0.40423, 44.53582, 70.8], [-0.40415, 44.53582, 70.6174766345011], [-0.40423, 44.53565, 70.8], [-0.40416, 44.53563, 70.8], [-0.40411, 44.53576, 70.6], [-0.40399, 44.53574, 71.0], [-0.40396, 44.53582, 71.0], [-0.40374, 44.53576, 70.75454545454544], [-0.40365, 44.53571, 70.36221370617851], [-0.40364, 44.53571, 70.30669224911571], [-0.4034, 44.53547, 71.18401269598749], [-0.40337, 44.53523, 71.18401269598749], [-0.40347, 44.53502, 71.18401269598749], [-0.40369, 44.53487, 71.18401269598749], [-0.40393, 44.53482, 71.90833333333333], [-0.40431, 44.53481, 71.90833333333333], [-0.4046, 44.53488, 70.8], [-0.40478, 44.535, 70.8], [-0.40488, 44.53521, 71.34285714285716], [-0.40487, 44.53539, 71.34285714285716], [-0.40475, 44.53559, 70.9], [-0.40453, 44.53574, 70.9]], [[-0.40376, 44.53574, 70.8], [-0.40381, 44.53562, 70.8], [-0.40369, 44.53563, 70.8], [-0.40365, 44.53571, 70.36221370617851], [-0.40376, 44.53574, 70.8]]]]}}, {"type": "Feature", "properties": {"id_obligation": "330760000E1281", "priorite": "forte"}, "geometry": {"type": "Polygon", "coordinates": [[[-0.40371, 44.53548, 71.47736596736597], [-0.40348, 44.53534, 71.47736596736597], [-0.40337, 44.53518, 71.0], [-0.40339, 44.53498, 71.0], [-0.40333, 44.53498, 71.0], [-0.40334, 44.53489, 71.0], [-0.40344, 44.53469, 71.5], [-0.40362, 44.53457, 71.5], [-0.40392, 44.5345, 71.6], [-0.40399, 44.53459, 71.5], [-0.40411, 44.53458, 71.6], [-0.40409, 44.5345, 71.8], [-0.40415, 44.53449, 71.62307692307694], [-0.40444, 44.53457, 71.47736596736597], [-0.40461, 44.5347, 71.47736596736597], [-0.4047, 44.53486, 70.8], [-0.40472, 44.53513, 70.8], [-0.40461, 44.53534, 71.7], [-0.4045, 44.53531, 71.7], [-0.40449, 44.53543, 71.7], [-0.40428, 44.53551, 71.68181818181819], [-0.40402, 44.53553, 71.76666666666665], [-0.40371, 44.53548, 71.47736596736597]]]}}, {"type": "Feature", "properties": {"id_obligation": "330760000E1283", "priorite": "moyenne"}, "geometry": {"type": "Polygon", "coordinates": [[[-0.41054, 44.53851, 72.27510313216196], [-0.41033, 44.5386, 70.60000000000001], [-0.41009, 44.53863, 70.60000000000001], [-0.40986, 44.53859, 72.27510313216196], [-0.40956, 44.53848, 72.27510313216196], [-0.40941, 44.53834, 72.27510313216196], [-0.40934, 44.53813, 72.27510313216196], [-0.40952, 44.53775, 72.27510313216196], [-0.40982, 44.53751, 72.27510313216196], [-0.41007, 44.53742, 72.6], [-0.41005, 44.5375, 72.6], [-0.41038, 44.5375, 72.8], [-0.4104, 44.53743, 72.6], [-0.41079, 44.53761, 72.67272727272729], [-0.41087, 44.5377, 72.5], [-0.41082, 44.53769, 72.5], [-0.41078, 44.5378, 72.5], [-0.41092, 44.53785, 72.92941176470588], [-0.41083, 44.53815, 72.92941176470588], [-0.41054, 44.53851, 72.27510313216196]]]}}, {"type": "Feature", "properties": {"id_obligation": "330760000E1285", "priorite": "faible"}, "geometry": {"type": "Polygon", "coordinates": [[[-0.41054, 44.5381, 72.73999999999998], [-0.41026, 44.53818, 72.405], [-0.41002, 44.53818, 72.405], [-0.40972, 44.53808, 72.4], [-0.40955, 44.53796, 72.4], [-0.40946, 44.53779, 72.71575710108604], [-0.40947, 44.53762, 72.71575710108604], [-0.40959, 44.53742, 73.6], [-0.40975, 44.53731, 73.6], [-0.40974, 44.53734, 73.6], [-0.40992, 44.53738, 73.6], [-0.40996, 44.53727, 73.6], [-0.40989, 44.53726, 73.6], [-0.41001, 44.53724, 72.70526315789473], [-0.4102, 44.53724, 72.70526315789473], [-0.41038, 44.53728, 72.6], [-0.41034, 44.53738, 72.6], [-0.41016, 44.53736, 72.6], [-0.41017, 44.53732, 72.6], [-0.41009, 44.53731, 72.6], [-0.41005, 44.5375, 72.6], [-0.41038, 44.5375, 72.8], [-0.41046, 44.5373, 72.6], [-0.41057, 44.53734, 72.525], [-0.41065, 44.5374, 72.5], [-0.41058, 44.53751, 72.5], [-0.41072, 44.53755, 72.5], [-0.41075, 44.5375, 72.5], [-0.41081, 44.53764, 72.77222222222223], [-0.4108, 44.53782, 72.77222222222223], [-0.4107, 44.53797, 72.73999999999998], [-0.41054, 44.5381, 72.73999999999998]]]}}, {"type": "Feature", "properties": {"id_obligation": "330760000E1287", "priorite": "moyenne"}, "geometry": {"type": "Polygon", "coordinates": [[[-0.40976, 44.53713, 73.31428571428572], [-0.40995, 44.53702, 73.31428571428572], [-0.41025, 44.53697, 72.45882352941175], [-0.41056, 44.537, 72.9], [-0.41053, 44.53709, 72.9], [-0.41079, 44.53715, 72.9], [-0.41082, 44.5371, 72.9], [-0.41096, 44.53723, 72.74666666666666], [-0.41095, 44.53735, 72.1], [-0.41103, 44.53741, 72.55], [-0.41099, 44.53761, 72.55], [-0.41093, 44.53771, 72.5], [-0.41082, 44.53769, 72.5], [-0.41078, 44.5378, 72.5], [-0.41083, 44.53781, 72.5], [-0.41064, 44.53791, 72.5], [-0.41049, 44.53794, 73.2937301098388], [-0.41056, 44.53774, 73.4], [-0.41066, 44.53776, 73.4], [-0.4107, 44.53766, 73.4], [-0.41055, 44.53761, 72.2], [-0.41047, 44.53761, 73.4], [-0.41045, 44.53767, 73.4], [-0.4103, 44.53764, 73.4], [-0.41029, 44.53768, 73.4], [-0.41045, 44.53772, 73.4], [-0.41041, 44.53795, 73.4], [-0.41026, 44.53794, 72.4], [-0.41029, 44.53788, 72.4], [-0.41022, 44.53786, 72.4], [-0.41018, 44.53793, 72.4], [-0.41003, 44.5379, 72.4], [-0.40982, 44.53782, 72.4], [-0.40967, 44.53768, 71.86666666666666], [-0.40961, 44.53751, 71.86666666666666], [-0.40963, 44.53733, 73.31428571428572], [-0.40976, 44.53713, 73.31428571428572]]]}}, {"type": "Feature", "properties": {"id_obligation": "330760000E1297", "priorite": "forte"}, "geometry": {"type": "Polygon", "coordinates": [[[-0.40078, 44.53541, 72.2], [-0.40042, 44.5354, 72.5], [-0.4002, 44.53532, 72.5], [-0.40005, 44.53518, 72.5], [-0.39998, 44.53506, 71.72499999999998], [-0.39997, 44.53488, 71.9], [-0.39999, 44.53495, 71.9], [-0.40015, 44.53494, 71.9], [-0.40014, 44.53487, 71.9], [-0.39998, 44.53485, 71.9], [-0.40003, 44.53483, 71.2], [-0.40001, 44.53471, 71.2], [-0.40012, 44.53455, 71.2], [-0.40031, 44.53444, 71.2], [-0.40061, 44.53438, 72.25377192982455], [-0.40111, 44.5344, 72.25377192982455], [-0.40134, 44.53448, 72.25377192982455], [-0.4015, 44.53462, 72.25377192982455], [-0.40158, 44.53484, 71.89999999999998], [-0.40151, 44.53509, 71.89999999999998], [-0.40131, 44.53525, 72.25377192982455], [-0.40078, 44.53541, 72.2]]]}}, {"type": "Feature", "properties": {"id_obligation": "330760000E1298", "priorite": "moyenne"}, "geometry": {"type": "Polygon", "coordinates": [[[-0.4013, 44.53472, 72.71405989843488], [-0.40145, 44.53491, 72.29999999999998], [-0.40146, 44.53515, 72.29999999999998], [-0.40135, 44.53535, 72.2], [-0.40118, 44.53547, 72.2], [-0.40095, 44.53553, 72.05909090909094], [-0.40052, 44.53553, 71.2], [-0.40024, 44.53546, 72.31428571428572], [-0.40007, 44.53533, 72.31428571428572], [-0.39998, 44.53517, 71.9], [-0.39999, 44.53495, 71.9], [-0.40015, 44.53494, 71.9], [-0.40014, 44.53487, 71.9], [-0.40001, 44.53485, 71.9], [-0.40009, 44.53473, 71.60833333333332], [-0.40026, 44.53461, 71.60833333333332], [-0.40048, 44.53455, 76.60000000000001], [-0.40076, 44.53454, 76.60000000000001], [-0.40104, 44.5346, 72.71405989843488], [-0.4013, 44.53472, 72.71405989843488]]]}}, {"type": "Feature", "properties": {"id_obligation": "330760000E1303", "priorite": "moyenne"}, "geometry": {"type": "Polygon", "coordinates": [[[-0.41054, 44.53787, 72.3], [-0.41056, 44.53774, 73.4], [-0.41066, 44.53776, 73.4], [-0.4107, 44.53766, 73.4], [-0.41055, 44.53761, 72.2], [-0.41047, 44.53761, 73.4], [-0.41045, 44.53767, 73.4], [-0.4103, 44.53764, 73.4], [-0.41029, 44.53768, 73.4], [-0.41045, 44.53772, 73.4], [-0.41046, 44.53779, 73.4], [-0.41042, 44.5379, 73.4], [-0.41029, 44.53794, 72.6034482758621], [-0.41029, 44.53788, 72.4], [-0.41022, 44.53786, 72.4], [-0.41016, 44.53796, 72.4], [-0.41005, 44.53795, 72.6034482758621], [-0.40979, 44.53791, 72.4], [-0.4096, 44.53781, 72.4], [-0.40947, 44.53767, 73.6], [-0.40942, 44.53746, 73.6], [-0.40951, 44.53715, 73.6], [-0.40968, 44.53697, 73.6], [-0.40996, 44.53687, 70.9], [-0.41053, 44.53684, 72.99354838709678], [-0.41073, 44.53689, 73.0], [-0.41068, 44.53702, 73.0], [-0.41057, 44.53699, 72.9], [-0.41053, 44.53709, 72.9], [-0.41079, 44.53715, 72.9], [-0.41088, 44.53696, 73.0], [-0.41092, 44.53699, 72.99354838709678], [-0.41107, 44.53718, 72.99354838709678], [-0.41108, 44.53735, 72.56562499999997], [-0.41098, 44.53762, 72.56562499999997], [-0.4109, 44.53771, 72.5], [-0.41082, 44.53769, 72.5], [-0.41074, 44.53782, 72.8], [-0.41054, 44.53787, 72.3]]]}}, {"type": "Feature", "properties": {"id_obligation": "330760000E1305", "priorite": "moyenne"}, "geometry": {"type": "Polygon", "coordinates": [[[-0.40925, 44.53762, 72.29089075630252], [-0.40912, 44.53743, 72.29089075630252], [-0.40912, 44.53725, 72.29089075630252], [-0.40919, 44.53709, 71.3], [-0.40926, 44.53709, 71.3], [-0.40926, 44.53699, 71.3], [-0.40949, 44.53684, 71.3], [-0.40972, 44.53679, 70.9], [-0.40997, 44.53681, 70.9], [-0.41031, 44.5369, 73.28235294117647], [-0.41048, 44.53702, 73.28235294117647], [-0.41058, 44.53722, 72.958226729117], [-0.41053, 44.53732, 73.3], [-0.41058, 44.53733, 73.3], [-0.41056, 44.5374, 73.04799999999996], [-0.41044, 44.53763, 73.40000000000002], [-0.41041, 44.53766, 73.4], [-0.4103, 44.53764, 73.4], [-0.41029, 44.53768, 73.4], [-0.41036, 44.5377, 73.4], [-0.41004, 44.53782, 71.5], [-0.40979, 44.53782, 71.5], [-0.40949, 44.53775, 72.29089075630252], [-0.40925, 44.53762, 72.29089075630252]]]}}, {"type": "Feature", "properties": {"id_obligation": "330760000E1313", "priorite": "moyenne"}, "geometry": {"type": "Polygon", "coordinates": [[[-0.40756, 44.53597, 70.2], [-0.40779, 44.5359, 70.28368421052633], [-0.4081, 44.53592, 70.28368421052633], [-0.40842, 44.53603, 70.28368421052633], [-0.4086, 44.5362, 70.28368421052633], [-0.40864, 44.53637, 70.28368421052633], [-0.40855, 44.53665, 70.28368421052633], [-0.40843, 44.5368, 70.28368421052633], [-0.40824, 44.53691, 70.28368421052633], [-0.40801, 44.53696, 70.1], [-0.40766, 44.53692, 70.28368421052633], [-0.40744, 44.53684, 70.28368421052633], [-0.40728, 44.5367, 70.28368421052633], [-0.40721, 44.53653, 69.89473684210527], [-0.40724, 44.53634, 70.2], [-0.40739, 44.5364, 70.2], [-0.40745, 44.53637, 70.2], [-0.40746, 44.53632, 70.2], [-0.40732, 44.53632, 70.2], [-0.40733, 44.53628, 70.2], [-0.40727, 44.53627, 70.2], [-0.40735, 44.53613, 70.2], [-0.40756, 44.53597, 70.2]]]}}, {"type": "Feature", "properties": {"id_obligation": "330760000E1315", "priorite": "moyenne"}, "geometry": {"type": "Polygon", "coordinates": [[[-0.40802, 44.53613, 71.3], [-0.40832, 44.53622, 70.8017156862745], [-0.4085, 44.53634, 70.8017156862745], [-0.40861, 44.53651, 70.8017156862745], [-0.40859, 44.53673, 70.8017156862745], [-0.40845, 44.53694, 72.5], [-0.40827, 44.53706, 72.5], [-0.40804, 44.53713, 71.3], [-0.4078, 44.53713, 71.3], [-0.40746, 44.53702, 70.8017156862745], [-0.40729, 44.5369, 69.57500000000002], [-0.40728, 44.53678, 69.7], [-0.40722, 44.53679, 69.7], [-0.4072, 44.53673, 69.57500000000002], [-0.40727, 44.53642, 70.03529411764707], [-0.4073, 44.53638, 69.8], [-0.40745, 44.53637, 70.2], [-0.40746, 44.53632, 70.2], [-0.40735, 44.53633, 70.2], [-0.40751, 44.53622, 70.03529411764707], [-0.40776, 44.53614, 71.3], [-0.40802, 44.53613, 71.3]]]}}, {"type": "Feature", "properties": {"id_obligation": "330760000E1316", "priorite": "moyenne"}, "geometry": {"type": "Polygon", "coordinates": [[[-0.40703, 44.53689, 69.7], [-0.40687, 44.53675, 69.7], [-0.40683, 44.53668, 69.30986525778468], [-0.40689, 44.53662, 69.7], [-0.40684, 44.53652, 69.7], [-0.40681, 44.53653, 69.7], [-0.40685, 44.53636, 69.60000000000001], [-0.40691, 44.53627, 69.6], [-0.40702, 44.5363, 69.6], [-0.40706, 44.53622, 69.6], [-0.40698, 44.5362, 69.6], [-0.40718, 44.5361, 70.16666666666667], [-0.40742, 44.53605, 70.16666666666667], [-0.40772, 44.53609, 71.3], [-0.40792, 44.53618, 71.3], [-0.40807, 44.53632, 71.3], [-0.40813, 44.53648, 70.7], [-0.40809, 44.5367, 70.1], [-0.40797, 44.53685, 70.1], [-0.40778, 44.53695, 70.1], [-0.40755, 44.537, 69.66], [-0.40725, 44.53698, 69.66], [-0.40703, 44.53689, 69.7]]]}}, {"type": "Feature", "properties": {"id_obligation": "330760000F0057", "priorite": "moyenne"}, "geometry": {"type": "Polygon", "coordinates": [[[-0.39654, 44.54361, 47.0], [-0.39625, 44.54365, 47.0], [-0.39601, 44.5436, 47.0], [-0.39576, 44.54347, 47.0], [-0.39563, 44.54332, 47.0], [-0.3956, 44.54315, 47.0], [-0.39566, 44.54297, 47.0], [-0.39585, 44.54279, 47.0], [-0.39606, 44.5427, 47.0], [-0.3963, 44.54268, 47.0], [-0.39654, 44.54272, 47.0], [-0.39679, 44.54285, 47.0], [-0.39692, 44.54301, 47.0], [-0.39695, 44.54318, 47.0], [-0.39688, 44.54335, 47.0], [-0.39674, 44.54351, 47.0], [-0.39654, 44.54361, 47.0]]]}}, {"type": "Feature", "properties": {"id_obligation": "330760000F0093", "priorite": "moyenne"}, "geometry": {"type": "Polygon", "coordinates": [[[-0.39038, 44.53933, 47.67333333333333], [-0.39061, 44.53928, 47.67333333333333], [-0.39091, 44.53931, 47.67333333333333], [-0.39118, 44.53943, 47.67333333333333], [-0.39135, 44.53961, 48.73333333333333], [-0.39137, 44.53979, 48.73333333333333], [-0.39114, 44.54012, 46.4], [-0.3909, 44.54022, 49.56], [-0.39066, 44.54024, 49.56], [-0.39042, 44.54018, 47.67333333333333], [-0.39021, 44.54008, 47.67333333333333], [-0.39004, 44.53981, 47.67333333333333], [-0.39006, 44.53963, 47.67333333333333], [-0.39016, 44.53948, 47.67333333333333], [-0.39038, 44.53933, 47.67333333333333]]]}}, {"type": "Feature", "properties": {"id_obligation": "330760000F0106", "priorite": "moyenne"}, "geometry": {"type": "Polygon", "coordinates": [[[-0.38932, 44.53891, 53.44837606837607], [-0.38915, 44.53872, 54.199999999999996], [-0.38912, 44.5385, 54.199999999999996], [-0.38923, 44.53829, 53.6], [-0.38939, 44.53817, 53.6], [-0.38967, 44.53809, 53.31111111111111], [-0.38991, 44.53809, 53.31111111111111], [-0.39021, 44.53817, 53.7], [-0.39042, 44.53832, 53.7], [-0.39051, 44.53848, 53.44837606837607], [-0.39051, 44.53865, 53.44837606837607], [-0.39039, 44.53886, 53.44837606837607], [-0.39023, 44.53898, 53.44837606837607], [-0.39001, 44.53905, 53.44837606837607], [-0.38977, 44.53905, 53.44837606837607], [-0.38932, 44.53891, 53.44837606837607]]]}}, {"type": "Feature", "properties": {"id_obligation": "330760000F0108", "priorite": "moyenne"}, "geometry": {"type": "Polygon", "coordinates": [[[-0.38895, 44.53877, 54.80608465608466], [-0.38882, 44.53857, 54.80608465608466], [-0.38884, 44.53835, 54.80608465608466], [-0.38901, 44.53808, 55.5], [-0.38927, 44.53793, 55.5], [-0.38926, 44.53797, 55.5], [-0.38944, 44.53801, 55.5], [-0.38955, 44.5379, 55.5], [-0.3897, 44.53791, 55.5], [-0.39004, 44.53802, 59.271428571428565], [-0.39025, 44.53819, 59.271428571428565], [-0.39032, 44.53835, 52.85555555555556], [-0.3903, 44.53853, 52.85555555555556], [-0.39018, 44.53872, 52.4], [-0.38995, 44.53888, 52.4], [-0.38974, 44.53896, 54.80608465608466], [-0.3895, 44.53897, 54.80608465608466], [-0.38919, 44.5389, 54.80608465608466], [-0.38895, 44.53877, 54.80608465608466]]]}}, {"type": "Feature", "properties": {"id_obligation": "330760000F0112", "priorite": "moyenne"}, "geometry": {"type": "MultiPolygon", "coordinates": [[[[-0.38925, 44.53815, 53.0], [-0.3891, 44.53796, 55.766666666666666], [-0.38909, 44.53779, 55.766666666666666], [-0.38919, 44.53756, 56.300000000000004], [-0.38941, 44.5374, 56.300000000000004], [-0.38964, 44.53734, 55.63333333333333], [-0.38989, 44.53735, 55.63333333333333], [-0.39021, 44.53743, 56.580000000000005], [-0.39043, 44.53758, 56.8], [-0.39032, 44.53766, 56.8], [-0.38993, 44.5376, 55.7], [-0.38982, 44.53763, 55.2], [-0.38982, 44.5377, 55.2], [-0.39009, 44.53772, 56.2], [-0.39006, 44.5378, 55.7], [-0.38998, 44.53777, 55.7], [-0.38994, 44.5379, 55.7], [-0.39021, 44.53802, 60.2], [-0.39013, 44.53813, 60.2], [-0.39022, 44.53816, 60.2], [-0.3903, 44.53806, 55.7], [-0.39041, 44.5381, 56.724999999999994], [-0.39025, 44.53824, 56.724999999999994], [-0.39005, 44.53831, 53.7], [-0.39007, 44.53822, 53.7], [-0.38984, 44.53818, 53.7], [-0.3898, 44.5383, 53.7], [-0.38996, 44.53832, 53.7], [-0.38973, 44.53831, 53.0], [-0.38973, 44.53828, 53.0], [-0.38956, 44.53825, 53.0], [-0.3895, 44.53827, 53.0], [-0.38925, 44.53815, 53.0]]], [[[-0.39042, 44.53793, 56.2], [-0.39015, 44.53783, 56.2], [-0.39023, 44.53772, 56.8], [-0.39052, 44.53783, 56.8], [-0.39042, 44.53793, 56.2]]], [[[-0.39043, 44.538, 55.5], [-0.39048, 44.53799, 55.40356576063638], [-0.39047, 44.53801, 55.5], [-0.39043, 44.538, 55.5]]]]}}, {"type": "Feature", "properties": {"id_obligation": "330760000F0113", "priorite": "moyenne"}, "geometry": {"type": "MultiPolygon", "coordinates": [[[[-0.38951, 44.53809, 55.5], [-0.38933, 44.53798, 55.5], [-0.38944, 44.53801, 55.5], [-0.38955, 44.5379, 55.5], [-0.38926, 44.53784, 55.5], [-0.38924, 44.53788, 55.5], [-0.38919, 44.53775, 55.8], [-0.38959, 44.53781, 55.8], [-0.3896, 44.53774, 55.8], [-0.38919, 44.53772, 55.8], [-0.3892, 44.53753, 55.977272727272705], [-0.38931, 44.53737, 57.300000000000004], [-0.38949, 44.53725, 57.300000000000004], [-0.38972, 44.53718, 56.187867965367964], [-0.39005, 44.53719, 56.187867965367964], [-0.3904, 44.53735, 56.187867965367964], [-0.39054, 44.53762, 56.8], [-0.39039, 44.53756, 56.8], [-0.39032, 44.53766, 56.8], [-0.38993, 44.5376, 55.7], [-0.38982, 44.53763, 55.2], [-0.38982, 44.5377, 55.2], [-0.39009, 44.53772, 56.2], [-0.39006, 44.5378, 55.7], [-0.38998, 44.53777, 55.7], [-0.38994, 44.5379, 55.7], [-0.39021, 44.53802, 60.2], [-0.39014, 44.53812, 60.2], [-0.38975, 44.53814, 56.041666666666664], [-0.38951, 44.53809, 55.5]]], [[[-0.38928, 44.53791, 55.5], [-0.38927, 44.53792, 55.5], [-0.38926, 44.5379, 55.5], [-0.38928, 44.53791, 55.5]]], [[[-0.39042, 44.53793, 56.2], [-0.39015, 44.53783, 56.2], [-0.39023, 44.53772, 56.8], [-0.39051, 44.53783, 56.213636363636354], [-0.39042, 44.53793, 56.2]]]]}}, {"type": "Feature", "properties": {"id_obligation": "330760000F0114", "priorite": "moyenne"}, "geometry": {"type": "Polygon", "coordinates": [[[-0.38944, 44.538, 55.5], [-0.38955, 44.5379, 55.5], [-0.3893, 44.53783, 55.91249999999997], [-0.38929, 44.53777, 55.8], [-0.38959, 44.53781, 55.8], [-0.3896, 44.53774, 55.8], [-0.38928, 44.53772, 55.8], [-0.38929, 44.53755, 55.91249999999997], [-0.38937, 44.53738, 57.5], [-0.38959, 44.53722, 57.5], [-0.38983, 44.53716, 57.01705153508772], [-0.39033, 44.53718, 57.01705153508772], [-0.39056, 44.53725, 59.3], [-0.39074, 44.53738, 59.3], [-0.39073, 44.53745, 59.3], [-0.39078, 44.53743, 59.3], [-0.39084, 44.53758, 59.9], [-0.39075, 44.53763, 59.9], [-0.39069, 44.53758, 59.4], [-0.39063, 44.53763, 58.9], [-0.39071, 44.53776, 59.9], [-0.39084, 44.53767, 59.9], [-0.3908, 44.53778, 59.31831055411637], [-0.39064, 44.53785, 59.4], [-0.39069, 44.53795, 56.431578947368415], [-0.39052, 44.53808, 55.5], [-0.39055, 44.53804, 55.5], [-0.39043, 44.538, 55.5], [-0.39061, 44.53795, 55.8], [-0.39058, 44.53789, 55.8], [-0.39042, 44.53793, 56.2], [-0.39015, 44.53783, 56.2], [-0.39023, 44.53772, 56.8], [-0.3906, 44.53784, 56.8], [-0.39065, 44.53773, 56.8], [-0.39061, 44.53765, 56.8], [-0.39039, 44.53756, 56.8], [-0.39032, 44.53766, 56.8], [-0.38991, 44.53761, 55.7], [-0.38982, 44.53763, 55.2], [-0.38982, 44.5377, 55.2], [-0.39009, 44.53772, 56.2], [-0.39006, 44.5378, 55.7], [-0.38998, 44.53777, 55.7], [-0.38994, 44.5379, 55.7], [-0.39021, 44.53802, 60.2], [-0.39013, 44.53813, 60.2], [-0.39022, 44.53816, 60.2], [-0.3903, 44.53806, 55.7], [-0.39046, 44.53811, 55.533038083063936], [-0.39033, 44.53815, 56.483333333333356], [-0.39016, 44.53817, 56.483333333333356], [-0.38974, 44.53813, 55.5], [-0.38944, 44.538, 55.5]]]}}, {"type": "Feature", "properties": {"id_obligation": "330760000F0115", "priorite": "moyenne"}, "geometry": {"type": "Polygon", "coordinates": [[[-0.39165, 44.53769, 59.62222222222221], [-0.39161, 44.53794, 59.62222222222221], [-0.39148, 44.53809, 57.48514306599832], [-0.39108, 44.53829, 57.48514306599832], [-0.39087, 44.53848, 57.400000000000006], [-0.39065, 44.53856, 57.400000000000006], [-0.39036, 44.53856, 57.400000000000006], [-0.38999, 44.53845, 53.7], [-0.38977, 44.5383, 53.7], [-0.38968, 44.53814, 53.7], [-0.38968, 44.53797, 55.699999999999974], [-0.38956, 44.53781, 55.8], [-0.3896, 44.53774, 55.8], [-0.38954, 44.5377, 56.63325297213482], [-0.3896, 44.53771, 56.3], [-0.38963, 44.53757, 56.3], [-0.38957, 44.53756, 56.3], [-0.38966, 44.5374, 56.12857142857143], [-0.38987, 44.53725, 56.12857142857143], [-0.39029, 44.53712, 59.139999999999986], [-0.39099, 44.53713, 61.15], [-0.39126, 44.53723, 61.15], [-0.39151, 44.53746, 61.15], [-0.39165, 44.53769, 59.62222222222221]]]}}, {"type": "Feature", "properties": {"id_obligation": "330760000F0132", "priorite": "moyenne"}, "geometry": {"type": "Polygon", "coordinates": [[[-0.39308, 44.53475, 71.48897118506493], [-0.39303, 44.53497, 71.48897118506493], [-0.39282, 44.53518, 71.48897118506493], [-0.39255, 44.53528, 71.48897118506493], [-0.39212, 44.53531, 70.5], [-0.39177, 44.53522, 71.55454545454546], [-0.39144, 44.53499, 71.55454545454546], [-0.39131, 44.5348, 73.38571428571427], [-0.39132, 44.53463, 73.38571428571427], [-0.39147, 44.53436, 71.48897118506493], [-0.39163, 44.53424, 71.48897118506493], [-0.39185, 44.53417, 71.48897118506493], [-0.39224, 44.53413, 71.48897118506493], [-0.39257, 44.5342, 71.48897118506493], [-0.39282, 44.53433, 71.48897118506493], [-0.39308, 44.53475, 71.48897118506493]]]}}, {"type": "Feature", "properties": {"id_obligation": "330760000F0133", "priorite": "forte"}, "geometry": {"type": "Polygon", "coordinates": [[[-0.39266, 44.53514, 70.93594961240308], [-0.3925, 44.53532, 70.93594961240308], [-0.39228, 44.53542, 70.93594961240308], [-0.39176, 44.53553, 70.93594961240308], [-0.39142, 44.5355, 70.93594961240308], [-0.39116, 44.53539, 70.93594961240308], [-0.39091, 44.53509, 70.93594961240308], [-0.39085, 44.53492, 70.93594961240308], [-0.39091, 44.53461, 70.93594961240308], [-0.39108, 44.53443, 70.93594961240308], [-0.39134, 44.53433, 70.93594961240308], [-0.39182, 44.53428, 71.3], [-0.39219, 44.53434, 70.53333333333333], [-0.3925, 44.53451, 70.53333333333333], [-0.39265, 44.53465, 70.53333333333333], [-0.39272, 44.53485, 70.14999999999999], [-0.39266, 44.53514, 70.93594961240308]]]}}, {"type": "Feature", "properties": {"id_obligation": "330760000F0153", "priorite": "très forte"}, "geometry": {"type": "Polygon", "coordinates": [[[-0.39557, 44.53685, 71.52857142857144], [-0.39563, 44.53707, 71.52857142857144], [-0.39554, 44.5373, 71.52857142857144], [-0.39534, 44.53746, 71.52857142857144], [-0.39494, 44.53764, 71.52857142857144], [-0.3947, 44.53768, 71.52857142857144], [-0.39423, 44.53761, 71.52857142857144], [-0.39394, 44.53745, 71.52857142857144], [-0.39384, 44.53729, 71.60000000000001], [-0.39381, 44.53708, 71.60000000000001], [-0.39389, 44.53687, 71.52857142857144], [-0.39405, 44.53674, 71.52857142857144], [-0.39456, 44.53655, 71.52857142857144], [-0.3948, 44.53651, 71.52857142857144], [-0.39508, 44.53654, 71.52857142857144], [-0.39538, 44.53668, 71.52857142857144], [-0.39557, 44.53685, 71.52857142857144]]]}}, {"type": "Feature", "properties": {"id_obligation": "330760000F0165", "priorite": "forte"}, "geometry": {"type": "Polygon", "coordinates": [[[-0.39848, 44.53558, -1000.0], [-0.39834, 44.53538, -166.6888888888889], [-0.39832, 44.5352, -166.6888888888889], [-0.39846, 44.53486, -145.67040193602693], [-0.39865, 44.5347, -145.67040193602693], [-0.39887, 44.53462, -145.67040193602693], [-0.39911, 44.53461, -145.67040193602693], [-0.39941, 44.53467, -145.67040193602693], [-0.39965, 44.5348, -145.67040193602693], [-0.39977, 44.535, 72.35], [-0.39971, 44.53531, 71.9], [-0.39959, 44.53527, 72.8], [-0.39952, 44.53535, 72.8], [-0.39963, 44.53541, 72.8], [-0.39969, 44.53537, 72.8], [-0.39964, 44.53547, 73.45625], [-0.39948, 44.53537, 72.2], [-0.39942, 44.53544, 72.2], [-0.3996, 44.53552, 78.5], [-0.39929, 44.53571, 73.3875], [-0.39905, 44.53574, 73.3875], [-0.39875, 44.5357, -1000.0], [-0.39848, 44.53558, -1000.0]]]}}, {"type": "Feature", "properties": {"id_obligation": "330760000F0167", "priorite": "forte"}, "geometry": {"type": "Polygon", "coordinates": [[[-0.39879, 44.53499, 72.89999999999999], [-0.3991, 44.53496, 72.89999999999999], [-0.3994, 44.53504, 72.8], [-0.39962, 44.53519, 72.8], [-0.3997, 44.53532, 72.40083074294469], [-0.39959, 44.53527, 72.8], [-0.39952, 44.53535, 72.8], [-0.39963, 44.53541, 72.8], [-0.39967, 44.53536, 72.8], [-0.39971, 44.53538, 72.8], [-0.39969, 44.53556, 73.2578947368421], [-0.39949, 44.53584, -106.02868421052631], [-0.39932, 44.53596, -106.02868421052631], [-0.39909, 44.53603, -106.02868421052631], [-0.39885, 44.53603, -106.02868421052631], [-0.39855, 44.53594, -106.02868421052631], [-0.39838, 44.53582, -106.02868421052631], [-0.39828, 44.53566, -1000.0], [-0.39827, 44.53549, -1000.0], [-0.39854, 44.53512, 71.4], [-0.39879, 44.53499, 72.89999999999999]]]}}, {"type": "Feature", "properties": {"id_obligation": "330760000F0171", "priorite": "forte"}, "geometry": {"type": "Polygon", "coordinates": [[[-0.39996, 44.5358, 73.36314814814814], [-0.39963, 44.53586, 74.95], [-0.39939, 44.53582, 73.1], [-0.39907, 44.53567, 73.1], [-0.39898, 44.53558, 73.15792017381187], [-0.39917, 44.53531, 73.9], [-0.39908, 44.5353, 73.9], [-0.39893, 44.53551, 73.1], [-0.3989, 44.53531, 73.54], [-0.39902, 44.53508, 73.0], [-0.39895, 44.53527, 73.0], [-0.39906, 44.53529, 73.0], [-0.39915, 44.53508, 73.0], [-0.39904, 44.53506, 73.0], [-0.39914, 44.53496, 73.0], [-0.39939, 44.53485, 73.36314814814814], [-0.39963, 44.53482, 73.36314814814814], [-0.39986, 44.53487, 71.89999999999999], [-0.40017, 44.53502, 71.89999999999999], [-0.40031, 44.53515, 73.36314814814814], [-0.40038, 44.53532, 73.36314814814814], [-0.40035, 44.53549, 73.36314814814814], [-0.40021, 44.53567, 73.36314814814814], [-0.39996, 44.5358, 73.36314814814814]]]}}, {"type": "Feature", "properties": {"id_obligation": "330760000F0172", "priorite": "forte"}, "geometry": {"type": "Polygon", "coordinates": [[[-0.40021, 44.53573, 73.37444444444445], [-0.40004, 44.53588, 73.37444444444445], [-0.39977, 44.53598, 73.37444444444445], [-0.39952, 44.53598, 73.37444444444445], [-0.3993, 44.53592, 73.37444444444445], [-0.39894, 44.53573, 73.37444444444445], [-0.39882, 44.53557, 73.53333333333335], [-0.3988, 44.53535, 73.53333333333335], [-0.39903, 44.53506, 73.0], [-0.39913, 44.535, 73.0], [-0.39935, 44.53493, 73.37444444444445], [-0.39959, 44.53492, 73.37444444444445], [-0.39982, 44.53498, 73.37444444444445], [-0.40013, 44.53515, 73.37444444444445], [-0.40025, 44.5353, 73.37444444444445], [-0.40028, 44.53552, 73.37444444444445], [-0.40021, 44.53573, 73.37444444444445]], [[-0.39895, 44.53527, 73.0], [-0.39906, 44.53529, 73.0], [-0.39915, 44.53508, 73.0], [-0.39903, 44.53506, 73.0], [-0.39895, 44.53527, 73.0]]]}}, {"type": "Feature", "properties": {"id_obligation": "330760000F0186", "priorite": "très forte"}, "geometry": {"type": "Polygon", "coordinates": [[[-0.39919, 44.53678, -115.4075], [-0.39932, 44.53698, -115.4075], [-0.39931, 44.53719, -115.4075], [-0.39914, 44.53744, -115.4075], [-0.39895, 44.53754, -115.4075], [-0.39865, 44.53758, -115.4075], [-0.39838, 44.53753, -115.4075], [-0.39799, 44.53736, -115.4075], [-0.39785, 44.53721, 71.7], [-0.3978, 44.53703, 71.7], [-0.39781, 44.537, 71.7], [-0.39791, 44.53703, 71.7], [-0.39795, 44.53698, 71.7], [-0.39783, 44.53695, 71.7], [-0.39781, 44.53698, 71.7], [-0.39787, 44.53682, -115.4075], [-0.39801, 44.53667, -115.4075], [-0.39822, 44.53658, -115.4075], [-0.39846, 44.53654, -115.4075], [-0.39895, 44.53666, -115.4075], [-0.39919, 44.53678, -115.4075]]]}}, {"type": "Feature", "properties": {"id_obligation": "330760000F0211", "priorite": "moyenne"}, "geometry": {"type": "Polygon", "coordinates": [[[-0.40078, 44.5364, 71.03999999999999], [-0.40063, 44.53621, 71.03999999999999], [-0.40061, 44.53603, 71.03999999999999], [-0.40071, 44.53583, 70.3], [-0.40087, 44.5357, 70.3], [-0.4011, 44.53562, 71.03999999999999], [-0.40134, 44.53561, 71.03999999999999], [-0.40164, 44.53568, 72.2], [-0.40182, 44.5358, 72.2], [-0.40193, 44.53595, 71.2], [-0.40195, 44.53606, 71.2], [-0.40196, 44.53606, 71.2], [-0.40195, 44.53612, 71.2], [-0.40186, 44.53633, 71.03999999999999], [-0.4017, 44.53647, 71.03999999999999], [-0.40148, 44.53655, 70.7], [-0.40123, 44.53656, 70.7], [-0.40098, 44.53651, 71.03999999999999], [-0.40078, 44.5364, 71.03999999999999]], [[-0.4019, 44.53604, 71.2], [-0.40187, 44.5361, 71.2], [-0.40193, 44.53612, 71.2], [-0.40195, 44.53606, 71.2], [-0.4019, 44.53604, 71.2]]]}}, {"type": "Feature", "properties": {"id_obligation": "330760000F0212", "priorite": "moyenne"}, "geometry": {"type": "Polygon", "coordinates": [[[-0.40289, 44.53545, 71.2], [-0.40284, 44.53544, 71.2], [-0.4028, 44.53551, 71.2], [-0.40286, 44.53553, 71.2], [-0.40272, 44.53571, 71.35555555555555], [-0.40244, 44.53587, 72.2], [-0.4022, 44.53592, 72.2], [-0.40196, 44.53591, 72.2], [-0.40167, 44.53581, 72.2], [-0.40145, 44.53562, 72.2], [-0.40157, 44.53549, 72.2], [-0.40147, 44.53545, 72.2], [-0.40139, 44.5355, 72.24285714285715], [-0.4014, 44.53532, 72.24285714285715], [-0.40158, 44.53502, 72.7], [-0.40167, 44.53494, 72.7], [-0.40176, 44.53494, 72.7], [-0.40175, 44.5349, 72.7], [-0.40203, 44.53482, 72.20000000000002], [-0.40235, 44.53481, 72.20000000000002], [-0.40263, 44.5349, 71.60000000000001], [-0.40283, 44.53506, 71.60000000000001], [-0.40289, 44.53545, 71.2]]]}}, {"type": "Feature", "properties": {"id_obligation": "330760000F0213", "priorite": "moyenne"}, "geometry": {"type": "Polygon", "coordinates": [[[-0.40236, 44.53605, 72.00316239316241], [-0.40198, 44.53618, 71.53333333333335], [-0.40173, 44.53617, 72.00316239316241], [-0.40144, 44.53607, 72.00316239316241], [-0.40128, 44.53593, 72.00316239316241], [-0.40121, 44.53577, 72.23333333333333], [-0.40123, 44.53559, 72.23333333333333], [-0.40144, 44.53517, 72.00316239316241], [-0.4016, 44.53505, 72.00316239316241], [-0.40188, 44.53497, 72.56], [-0.40231, 44.53502, 72.2], [-0.40206, 44.53501, 72.2], [-0.40205, 44.53509, 72.2], [-0.40238, 44.53511, 72.2], [-0.40239, 44.53505, 72.2], [-0.40257, 44.53517, 71.69230769230771], [-0.40269, 44.53538, 71.39999999999999], [-0.40263, 44.53565, 71.39999999999999], [-0.40236, 44.53605, 72.00316239316241]]]}}, {"type": "Feature", "properties": {"id_obligation": "330760000F0214", "priorite": "moyenne"}, "geometry": {"type": "MultiPolygon", "coordinates": [[[[-0.40165, 44.53703, 71.33192118226602], [-0.40173, 44.5372, 71.33192118226602], [-0.40172, 44.53737, 71.33192118226602], [-0.40158, 44.53759, 71.33192118226602], [-0.40139, 44.53771, 71.33192118226602], [-0.40115, 44.53777, 70.3], [-0.4009, 44.53776, 70.3], [-0.40068, 44.53769, 70.3], [-0.4005, 44.53756, 70.3], [-0.4004, 44.5374, 70.3], [-0.4004, 44.53722, 70.3], [-0.40053, 44.53699, 70.3], [-0.4007, 44.53687, 71.33192118226602], [-0.40092, 44.5368, 71.33192118226602], [-0.40116, 44.5368, 70.8], [-0.40144, 44.53688, 70.8], [-0.40165, 44.53703, 71.33192118226602]]], [[[-0.40256, 44.53618, 71.2], [-0.40238, 44.53643, 71.2], [-0.40206, 44.53656, 71.2], [-0.40176, 44.53655, 70.8], [-0.40148, 44.53646, 70.8], [-0.4013, 44.53629, 70.8], [-0.40124, 44.5361, 70.8], [-0.40131, 44.53611, 70.8], [-0.40133, 44.53607, 70.8], [-0.40124, 44.53608, 70.8], [-0.40117, 44.53584, 71.82857142857141], [-0.40119, 44.53566, 71.82857142857141], [-0.4013, 44.53547, 71.82857142857141], [-0.40147, 44.53535, 71.82857142857141], [-0.4017, 44.53528, 71.82857142857141], [-0.402, 44.53528, 72.53103448275864], [-0.40209, 44.53531, 73.1], [-0.40206, 44.53538, 73.1], [-0.40197, 44.53541, 72.2], [-0.40179, 44.53578, 72.2], [-0.40186, 44.53581, 72.2], [-0.40205, 44.53546, 73.1], [-0.40213, 44.53548, 73.1], [-0.40217, 44.53539, 73.1], [-0.40225, 44.53541, 73.1], [-0.40227, 44.53537, 73.1], [-0.4025, 44.5356, 72.53103448275864], [-0.40256, 44.53618, 71.2]]]]}}, {"type": "Feature", "properties": {"id_obligation": "330760000F0217", "priorite": "moyenne"}, "geometry": {"type": "Polygon", "coordinates": [[[-0.4043, 44.53597, 70.9], [-0.40413, 44.5361, 70.9], [-0.40392, 44.53617, 71.0], [-0.40368, 44.53619, 71.0], [-0.40343, 44.53614, 71.03647058823529], [-0.40318, 44.53602, 71.03647058823529], [-0.40305, 44.53587, 71.03647058823529], [-0.40302, 44.53566, 71.03647058823529], [-0.40314, 44.53541, 71.03647058823529], [-0.4033, 44.53528, 71.03647058823529], [-0.40351, 44.5352, 71.03647058823529], [-0.40384, 44.53516, 71.03647058823529], [-0.40418, 44.53526, 71.9], [-0.40399, 44.53527, 71.9], [-0.404, 44.53534, 71.4], [-0.40407, 44.53538, 71.9], [-0.40422, 44.53534, 71.9], [-0.40425, 44.5353, 71.9], [-0.40432, 44.53536, 71.78235294117647], [-0.40443, 44.53556, 70.74545454545454], [-0.4044, 44.53578, 70.74545454545454], [-0.4043, 44.53597, 70.9]]]}}, {"type": "Feature", "properties": {"id_obligation": "330760000F0218", "priorite": "moyenne"}, "geometry": {"type": "Polygon", "coordinates": [[[-0.40359, 44.53545, 71.06807383792678], [-0.40374, 44.5353, 71.06807383792678], [-0.40395, 44.53521, 71.78235294117647], [-0.4042, 44.53519, 71.78235294117647], [-0.40451, 44.53525, 71.6], [-0.40471, 44.53536, 71.6], [-0.40483, 44.53551, 70.9], [-0.40477, 44.53549, 70.9], [-0.40473, 44.53556, 70.9], [-0.40486, 44.53561, 70.9], [-0.40486, 44.53569, 70.85000000000001], [-0.40475, 44.53595, 70.8], [-0.40461, 44.5361, 70.8], [-0.40441, 44.53619, 70.95], [-0.4041, 44.53622, 70.95], [-0.4038, 44.53615, 71.0], [-0.40361, 44.53603, 71.0], [-0.40349, 44.53583, 70.75454545454544], [-0.40359, 44.53545, 71.06807383792678]]]}}, {"type": "Feature", "properties": {"id_obligation": "330760000F0269", "priorite": "faible"}, "geometry": {"type": "Polygon", "coordinates": [[[-0.39548, 44.54982, 36.7], [-0.39551, 44.54977, 36.7], [-0.3954, 44.54975, 36.7], [-0.39537, 44.5498, 36.7], [-0.39521, 44.54977, 36.90714285714285], [-0.39498, 44.54966, 36.90714285714285], [-0.39484, 44.54951, 37.9], [-0.3948, 44.54933, 37.9], [-0.39486, 44.54916, 38.214523809523804], [-0.395, 44.54898, 38.214523809523804], [-0.39525, 44.54885, 38.214523809523804], [-0.39579, 44.54892, 39.4], [-0.3967, 44.5492, 39.4], [-0.39659, 44.54952, 38.214523809523804], [-0.3964, 44.54969, 38.214523809523804], [-0.39612, 44.54978, 38.214523809523804], [-0.39548, 44.54982, 36.7]]]}}, {"type": "Feature", "properties": {"id_obligation": "330760000F0287", "priorite": "forte"}, "geometry": {"type": "Polygon", "coordinates": [[[-0.39072, 44.54813, 33.2], [-0.39085, 44.54798, 33.2], [-0.39105, 44.54788, 33.2], [-0.39142, 44.54782, 33.2], [-0.39166, 44.54785, 33.2], [-0.39187, 44.54795, 33.2], [-0.39201, 44.54809, 33.2], [-0.39208, 44.54832, 33.2], [-0.39204, 44.54849, 33.2], [-0.39186, 44.54867, 33.2], [-0.39165, 44.54876, 33.2], [-0.39134, 44.54879, 33.2], [-0.39109, 44.54876, 33.2], [-0.39088, 44.54866, 33.2], [-0.39074, 44.54851, 33.2], [-0.39068, 44.54834, 33.2], [-0.39072, 44.54813, 33.2]]]}}, {"type": "Feature", "properties": {"id_obligation": "330760000F0293", "priorite": "moyenne"}, "geometry": {"type": "Polygon", "coordinates": [[[-0.39277, 44.54824, 37.21539856968428], [-0.39306, 44.5482, 36.888888888888886], [-0.39344, 44.5483, 37.199999999999996], [-0.39364, 44.5484, 37.199999999999996], [-0.39378, 44.5486, 37.81428571428571], [-0.39379, 44.54877, 37.81428571428571], [-0.39359, 44.54909, 36.633333333333326], [-0.39349, 44.54907, 36.4], [-0.39345, 44.54914, 36.4], [-0.3935, 44.54916, 36.633333333333326], [-0.39329, 44.54925, 36.38461538461539], [-0.39299, 44.54927, 36.38461538461539], [-0.39263, 44.54916, 37.21539856968428], [-0.39248, 44.54908, 37.21539856968428], [-0.39235, 44.54892, 37.9], [-0.39231, 44.54875, 37.9], [-0.39253, 44.54838, 37.21539856968428], [-0.39277, 44.54824, 37.21539856968428]]]}}, {"type": "Feature", "properties": {"id_obligation": "330760000F0294", "priorite": "moyenne"}, "geometry": {"type": "Polygon", "coordinates": [[[-0.39353, 44.54808, 36.56666666666667], [-0.39367, 44.54823, 36.56666666666667], [-0.39371, 44.54841, 37.07272727272727], [-0.39364, 44.54866, 37.67999999999999], [-0.3934, 44.54885, 37.670613463517775], [-0.39351, 44.5487, 37.9], [-0.3934, 44.54865, 37.9], [-0.39325, 44.5489, 37.03758989817662], [-0.39293, 44.54891, 36.8], [-0.39266, 44.54886, 37.06080186480186], [-0.39246, 44.54875, 37.06080186480186], [-0.39233, 44.54859, 37.06080186480186], [-0.39231, 44.54841, 37.06080186480186], [-0.39239, 44.54817, 37.06080186480186], [-0.39254, 44.54804, 37.06080186480186], [-0.39276, 44.54795, 37.06080186480186], [-0.39326, 44.54796, 36.56666666666667], [-0.39353, 44.54808, 36.56666666666667]]]}}, {"type": "Feature", "properties": {"id_obligation": "330760000F0295", "priorite": "moyenne"}, "geometry": {"type": "Polygon", "coordinates": [[[-0.39389, 44.54874, 37.0424856979405], [-0.39364, 44.54892, 37.0424856979405], [-0.39336, 44.54899, 36.96842105263157], [-0.39304, 44.54899, 37.72499999999999], [-0.39281, 44.54893, 37.72499999999999], [-0.39259, 44.54878, 37.72499999999999], [-0.39247, 44.54858, 36.62], [-0.39246, 44.54833, 36.62], [-0.39262, 44.54809, 37.0424856979405], [-0.39289, 44.54796, 37.0424856979405], [-0.39312, 44.54778, 37.0424856979405], [-0.39335, 44.54771, 37.0424856979405], [-0.39359, 44.54771, 37.0424856979405], [-0.39391, 44.54781, 37.0424856979405], [-0.39412, 44.54803, 37.0424856979405], [-0.39414, 44.54825, 37.0424856979405], [-0.39389, 44.54874, 37.0424856979405]]]}}, {"type": "Feature", "properties": {"id_obligation": "330760000F0296", "priorite": "moyenne"}, "geometry": {"type": "Polygon", "coordinates": [[[-0.39293, 44.54849, 36.9], [-0.39292, 44.54853, 36.9], [-0.39309, 44.54854, 37.1], [-0.39335, 44.54851, 37.2], [-0.39331, 44.54841, 37.2], [-0.39315, 44.5484, 36.38538553101743], [-0.39356, 44.54839, 37.53333333333333], [-0.3938, 44.54848, 35.93235960144927], [-0.39396, 44.54861, 35.93235960144927], [-0.39404, 44.54878, 35.93235960144927], [-0.39402, 44.54896, 35.8375], [-0.39393, 44.54911, 36.4], [-0.39365, 44.54933, 35.65], [-0.39359, 44.54935, 34.9], [-0.39388, 44.54906, 34.9], [-0.39379, 44.54902, 34.9], [-0.39346, 44.54935, 34.9], [-0.3935, 44.54937, 34.9], [-0.3934, 44.54939, 34.9], [-0.39316, 44.54927, 34.9], [-0.39309, 44.54935, 34.772324110139564], [-0.39286, 44.54924, 35.5], [-0.39272, 44.5491, 35.5], [-0.39267, 44.54888, 35.5], [-0.39274, 44.54869, 37.374999999999986], [-0.39293, 44.54849, 36.9]]]}}, {"type": "Feature", "properties": {"id_obligation": "330760000F0297", "priorite": "moyenne"}, "geometry": {"type": "Polygon", "coordinates": [[[-0.39365, 44.54929, 34.9], [-0.39388, 44.54906, 34.9], [-0.39379, 44.54902, 34.9], [-0.39346, 44.54935, 34.9], [-0.39336, 44.54937, 34.9], [-0.39316, 44.54927, 34.9], [-0.39309, 44.54935, 34.77728782777137], [-0.3929, 44.54928, 34.4], [-0.39263, 44.54905, 36.775], [-0.39259, 44.54888, 36.775], [-0.39264, 44.54871, 37.32499999999999], [-0.39291, 44.54837, 37.32499999999999], [-0.39315, 44.54824, 37.05925925925927], [-0.39339, 44.5482, 37.05925925925927], [-0.39364, 44.54824, 35.98905168905169], [-0.39391, 44.54835, 35.98905168905169], [-0.39409, 44.54852, 35.98905168905169], [-0.39414, 44.54869, 34.9], [-0.3941, 44.54886, 34.9], [-0.39394, 44.54908, 34.9], [-0.39365, 44.54929, 34.9]]]}}, {"type": "Feature", "properties": {"id_obligation": "330760000F0299", "priorite": "moyenne"}, "geometry": {"type": "Polygon", "coordinates": [[[-0.39393, 44.54911, 36.4], [-0.39373, 44.5493, 36.4], [-0.39382, 44.54935, 36.4], [-0.39394, 44.54924, 36.4], [-0.39382, 44.54942, 35.4], [-0.39366, 44.54953, 34.88024760636386], [-0.39316, 44.54927, 34.9], [-0.39292, 44.54953, 34.465305852332975], [-0.39274, 44.54944, 34.4], [-0.3926, 44.54929, 36.188390645586296], [-0.39248, 44.54901, 36.188390645586296], [-0.3925, 44.54883, 37.454545454545446], [-0.39263, 44.54864, 37.454545454545446], [-0.39281, 44.54853, 37.454545454545446], [-0.39293, 44.54849, 36.9], [-0.39292, 44.54853, 36.9], [-0.39329, 44.54855, 37.2], [-0.39335, 44.54849, 37.2], [-0.39364, 44.5486, 37.9], [-0.39387, 44.54878, 37.9], [-0.39396, 44.54894, 35.9], [-0.39396, 44.54913, 36.4], [-0.39393, 44.54911, 36.4]]]}}, {"type": "Feature", "properties": {"id_obligation": "330760000F0300", "priorite": "moyenne"}, "geometry": {"type": "Polygon", "coordinates": [[[-0.39408, 44.5488, 36.17549783549783], [-0.39422, 44.54899, 36.77999999999999], [-0.39423, 44.54921, 36.77999999999999], [-0.39408, 44.54943, 36.17549783549783], [-0.39385, 44.54957, 36.17549783549783], [-0.39357, 44.54962, 34.56666666666666], [-0.39367, 44.54952, 34.9], [-0.39316, 44.54927, 34.9], [-0.39298, 44.54947, 34.57111947617826], [-0.39293, 44.54945, 34.4], [-0.39277, 44.54932, 36.699999999999996], [-0.39268, 44.54916, 36.699999999999996], [-0.39269, 44.54898, 36.879999999999995], [-0.39282, 44.54877, 36.879999999999995], [-0.39293, 44.54869, 37.44110914307073], [-0.39299, 44.54871, 36.9], [-0.39294, 44.54877, 36.9], [-0.39308, 44.54882, 37.8], [-0.39317, 44.5487, 37.8], [-0.393, 44.54864, 37.9], [-0.39323, 44.54858, 37.48181818181817], [-0.39348, 44.54859, 37.48181818181817], [-0.39408, 44.5488, 36.17549783549783]]]}}, {"type": "Feature", "properties": {"id_obligation": "330760000F0316", "priorite": "moyenne"}, "geometry": {"type": "Polygon", "coordinates": [[[-0.39393, 44.54972, 34.143055555555556], [-0.39396, 44.54998, 34.143055555555556], [-0.39353, 44.5505, 34.143055555555556], [-0.39334, 44.5506, 34.1], [-0.39304, 44.55063, 34.1], [-0.39281, 44.55059, 34.143055555555556], [-0.39257, 44.55047, 34.143055555555556], [-0.3924, 44.55029, 34.143055555555556], [-0.39236, 44.55008, 34.0625], [-0.39244, 44.54991, 34.0625], [-0.39279, 44.54956, 33.1], [-0.393, 44.54944, 34.61450726505341], [-0.39288, 44.54957, 34.4], [-0.39338, 44.54981, 34.4], [-0.39367, 44.54952, 34.9], [-0.39349, 44.54943, 34.9], [-0.39375, 44.54955, 34.9], [-0.39393, 44.54972, 34.143055555555556]]]}}, {"type": "Feature", "properties": {"id_obligation": "330760000F0317", "priorite": "moyenne"}, "geometry": {"type": "Polygon", "coordinates": [[[-0.39464, 44.54906, 37.25652173913043], [-0.39466, 44.54919, 37.4], [-0.39452, 44.5493, 35.8], [-0.3946, 44.54934, 36.06269054892694], [-0.39381, 44.55014, 34.1], [-0.39353, 44.55025, 34.1], [-0.39324, 44.5505, 34.1], [-0.39294, 44.55057, 34.262499999999996], [-0.39259, 44.55051, 34.262499999999996], [-0.39218, 44.55028, 34.262499999999996], [-0.39204, 44.55009, 34.262499999999996], [-0.39204, 44.54988, 33.75000000000001], [-0.39226, 44.54961, 33.75000000000001], [-0.39233, 44.54936, 33.75000000000001], [-0.39272, 44.54896, 35.44437413733609], [-0.39292, 44.54886, 36.80937499999999], [-0.39321, 44.54882, 36.80937499999999], [-0.39338, 44.54868, 37.9], [-0.39322, 44.54889, 37.0], [-0.39334, 44.54894, 37.1], [-0.39351, 44.5487, 37.9], [-0.39341, 44.54866, 37.9], [-0.39373, 44.54857, 36.80937499999999], [-0.39403, 44.5486, 37.25652173913043], [-0.39443, 44.54881, 37.25652173913043], [-0.39464, 44.54906, 37.25652173913043]]]}}, {"type": "Feature", "properties": {"id_obligation": "330760000F0319", "priorite": "moyenne"}, "geometry": {"type": "Polygon", "coordinates": [[[-0.39316, 44.54927, 34.9], [-0.39288, 44.54957, 34.4], [-0.39338, 44.54981, 34.4], [-0.39353, 44.54966, 34.661005068511585], [-0.39345, 44.54988, 34.449999999999996], [-0.39306, 44.55029, 34.38333333333333], [-0.39279, 44.5504, 34.38333333333333], [-0.39255, 44.55041, 34.38333333333333], [-0.39232, 44.55036, 34.28888888888889], [-0.39208, 44.55024, 34.28888888888889], [-0.39192, 44.55005, 34.28888888888889], [-0.39191, 44.54983, 33.8], [-0.39201, 44.54967, 33.8], [-0.39237, 44.5493, 34.28888888888889], [-0.39257, 44.54921, 34.4], [-0.39282, 44.54917, 34.4], [-0.39306, 44.54921, 34.9], [-0.39316, 44.54927, 34.9]]]}}, {"type": "Feature", "properties": {"id_obligation": "330760000F0325", "priorite": "moyenne"}, "geometry": {"type": "Polygon", "coordinates": [[[-0.3914, 44.54864, 33.64666666666667], [-0.39166, 44.54874, 33.64666666666667], [-0.39185, 44.54892, 33.64666666666667], [-0.3919, 44.5491, 33.64666666666667], [-0.39185, 44.54927, 33.64666666666667], [-0.39161, 44.54953, 33.64666666666667], [-0.39137, 44.54966, 33.64666666666667], [-0.39113, 44.54969, 33.64666666666667], [-0.39084, 44.54965, 33.64666666666667], [-0.39042, 44.54945, 33.64666666666667], [-0.39026, 44.54931, 33.64666666666667], [-0.39018, 44.5491, 33.64666666666667], [-0.39025, 44.54889, 33.64666666666667], [-0.3905, 44.54868, 33.64666666666667], [-0.39078, 44.54861, 33.64666666666667], [-0.3914, 44.54864, 33.64666666666667]]]}}, {"type": "Feature", "properties": {"id_obligation": "330760000F0368", "priorite": "moyenne"}, "geometry": {"type": "Polygon", "coordinates": [[[-0.38867, 44.54353, -308.4952380952381], [-0.38876, 44.54374, -308.4952380952381], [-0.38869, 44.54396, -308.4952380952381], [-0.3885, 44.54416, -308.4952380952381], [-0.38823, 44.54426, 37.0], [-0.38799, 44.54427, 37.0], [-0.38763, 44.54417, -308.4952380952381], [-0.38743, 44.54406, -308.4952380952381], [-0.38731, 44.54391, -308.4952380952381], [-0.38727, 44.54374, -308.4952380952381], [-0.38734, 44.54357, -308.4952380952381], [-0.38752, 44.54338, -308.4952380952381], [-0.38773, 44.54329, -308.4952380952381], [-0.38796, 44.54326, -1000.0], [-0.38846, 44.54337, -308.4952380952381], [-0.38867, 44.54353, -308.4952380952381]]]}}, {"type": "Feature", "properties": {"id_obligation": "330760000F0370", "priorite": "moyenne"}, "geometry": {"type": "Polygon", "coordinates": [[[-0.38897, 44.5432, 40.185520270899865], [-0.3889, 44.54317, 39.8], [-0.38881, 44.54327, 39.8], [-0.38888, 44.5433, 39.5], [-0.38897, 44.54321, 40.16790123215124], [-0.38893, 44.54331, 39.5], [-0.38877, 44.54355, 39.5], [-0.38855, 44.54369, 39.5], [-0.38831, 44.54374, 0.1754693051309571], [-0.38807, 44.54372, 0.1754693051309571], [-0.38777, 44.54361, 0.1754693051309571], [-0.38762, 44.54348, 0.1754693051309571], [-0.38755, 44.54331, 38.4], [-0.3876, 44.54309, 38.4], [-0.38788, 44.54275, 39.79324640902144], [-0.38779, 44.54288, 40.2], [-0.38791, 44.54293, 37.5], [-0.38805, 44.54267, 38.9], [-0.38832, 44.54264, 38.4], [-0.38857, 44.54269, 39.0], [-0.38855, 44.54273, 39.0], [-0.3886, 44.54274, 39.0], [-0.38864, 44.54271, 40.08571428571428], [-0.38883, 44.54283, 40.08571428571428], [-0.38895, 44.54301, 39.592307692307685], [-0.38897, 44.5432, 40.185520270899865]]]}}, {"type": "Feature", "properties": {"id_obligation": "330760000F0372", "priorite": "faible"}, "geometry": {"type": "Polygon", "coordinates": [[[-0.38897, 44.54311, 39.60766309713678], [-0.38868, 44.54319, 39.411111111111104], [-0.38843, 44.54318, 39.411111111111104], [-0.38834, 44.54315, 38.9], [-0.38833, 44.5431, 38.9], [-0.38827, 44.54309, 37.0], [-0.38826, 44.54313, 37.366626413208934], [-0.38816, 44.54308, 38.26666666666666], [-0.38795, 44.54287, 38.9], [-0.38816, 44.54246, 38.9], [-0.38808, 44.54243, 38.9], [-0.38792, 44.54267, 39.27134392929186], [-0.3881, 44.54238, 38.49999999999999], [-0.38821, 44.5423, 38.345797174866135], [-0.38842, 44.54233, 38.4], [-0.38843, 44.5423, 38.4], [-0.38854, 44.54233, 39.1], [-0.38844, 44.54248, 39.2], [-0.38854, 44.54249, 39.2], [-0.38856, 44.54243, 39.2], [-0.38873, 44.54246, 39.1], [-0.38875, 44.54239, 38.0], [-0.3892, 44.54254, 41.4], [-0.38906, 44.54271, 40.5], [-0.38913, 44.54274, 42.0], [-0.38911, 44.54278, 42.0], [-0.38922, 44.54281, 42.0], [-0.38914, 44.54297, 39.60766309713678], [-0.38897, 44.54311, 39.60766309713678]]]}}, {"type": "Feature", "properties": {"id_obligation": "330760000F0373", "priorite": "faible"}, "geometry": {"type": "Polygon", "coordinates": [[[-0.38814, 44.54227, 38.1], [-0.38842, 44.54233, 38.4], [-0.38843, 44.5423, 38.4], [-0.38854, 44.54233, 39.1], [-0.38844, 44.54248, 39.2], [-0.38854, 44.54249, 39.2], [-0.38856, 44.54243, 39.2], [-0.38873, 44.54246, 39.1], [-0.38875, 44.54239, 38.0], [-0.3892, 44.54254, 41.4], [-0.38906, 44.54271, 40.5], [-0.38913, 44.54274, 42.0], [-0.38911, 44.54278, 42.0], [-0.38922, 44.54281, 42.0], [-0.38932, 44.54264, 41.3], [-0.38918, 44.5429, 39.651368952684734], [-0.38901, 44.54302, 39.651368952684734], [-0.38878, 44.54308, 40.23333333333333], [-0.3888, 44.54299, 39.5], [-0.3887, 44.54295, 39.4], [-0.38864, 44.54309, 39.4], [-0.38825, 44.543, 38.9], [-0.388, 44.54275, 38.9], [-0.38816, 44.54246, 38.9], [-0.38808, 44.54243, 38.9], [-0.38797, 44.5426, 38.9], [-0.38814, 44.54227, 38.1]]]}}, {"type": "Feature", "properties": {"id_obligation": "330760000F0375", "priorite": "faible"}, "geometry": {"type": "MultiPolygon", "coordinates": [[[[-0.38884, 44.54324, 39.8], [-0.38857, 44.54332, 39.32857142857142], [-0.38833, 44.54331, 39.32857142857142], [-0.38806, 44.54323, 37.95], [-0.38789, 44.5431, 37.95], [-0.38779, 44.54289, 39.96388950856384], [-0.38791, 44.54293, 37.5], [-0.38816, 44.54246, 38.9], [-0.38809, 44.54243, 38.9], [-0.38814, 44.5424, 38.9], [-0.38837, 44.54235, 38.856521739130436], [-0.38853, 44.54234, 39.1], [-0.38844, 44.54248, 39.2], [-0.38854, 44.54249, 39.2], [-0.38856, 44.54243, 39.2], [-0.38873, 44.54246, 39.1], [-0.38875, 44.54239, 38.0], [-0.38888, 44.54244, 41.4], [-0.38905, 44.54257, 41.4], [-0.3891, 44.54265, 40.5], [-0.38906, 44.54271, 40.5], [-0.38913, 44.54274, 42.0], [-0.38911, 44.54292, 41.833333333333336], [-0.38901, 44.54311, 39.833333333333336], [-0.38884, 44.54324, 39.8]]], [[[-0.38779, 44.54287, 40.2], [-0.38796, 44.54252, 38.9], [-0.38804, 44.54246, 38.9], [-0.38808, 44.54243, 38.9], [-0.38779, 44.54287, 40.2]]]]}}, {"type": "Feature", "properties": {"id_obligation": "330760000F0377", "priorite": "faible"}, "geometry": {"type": "Polygon", "coordinates": [[[-0.38895, 44.54295, 39.43333333333333], [-0.38876, 44.54307, 39.54070724611976], [-0.3888, 44.54299, 39.5], [-0.3887, 44.54295, 39.4], [-0.38863, 44.54311, 39.4], [-0.38832, 44.54312, 38.9], [-0.38827, 44.54309, 37.0], [-0.38824, 44.54312, 38.464285714285715], [-0.38795, 44.54302, 38.9], [-0.38778, 44.54289, 38.879999999999995], [-0.38769, 44.54273, 38.879999999999995], [-0.3877, 44.54255, 38.74], [-0.38794, 44.54226, 38.74], [-0.38799, 44.54223, 38.74], [-0.38815, 44.54225, 38.1], [-0.38814, 44.54229, 38.1], [-0.38854, 44.54233, 39.1], [-0.38844, 44.54248, 39.2], [-0.38854, 44.54249, 39.2], [-0.38856, 44.54243, 39.2], [-0.38873, 44.54246, 39.1], [-0.38875, 44.54239, 38.0], [-0.38907, 44.54249, 38.73333333333333], [-0.38906, 44.54279, 40.199999999999996], [-0.38895, 44.54295, 39.43333333333333]]]}}, {"type": "Feature", "properties": {"id_obligation": "330760000F0380", "priorite": "faible"}, "geometry": {"type": "Polygon", "coordinates": [[[-0.3884, 44.54318, 38.519999999999996], [-0.38827, 44.54327, 38.9], [-0.38835, 44.54314, 38.9], [-0.38827, 44.54309, 37.0], [-0.38818, 44.54327, 38.9], [-0.38824, 44.54329, 38.9], [-0.38795, 44.54336, -394.2916666666667], [-0.38771, 44.54335, -33.33402236652237], [-0.3874, 44.54324, -33.33402236652237], [-0.38724, 44.54311, -33.33402236652237], [-0.38716, 44.54295, -33.33402236652237], [-0.38722, 44.5427, -33.33402236652237], [-0.38765, 44.5421, -33.33402236652237], [-0.38795, 44.54222, 38.48571428571429], [-0.38815, 44.54225, 38.1], [-0.38814, 44.54229, 38.1], [-0.38854, 44.54233, 39.1], [-0.38844, 44.54248, 39.2], [-0.38854, 44.54249, 39.2], [-0.38856, 44.54243, 39.2], [-0.38873, 44.54246, 39.1], [-0.38878, 44.5424, 38.813636363636355], [-0.38867, 44.54277, 39.58636363636364], [-0.3884, 44.54318, 38.519999999999996]]]}}, {"type": "Feature", "properties": {"id_obligation": "330760000F0389", "priorite": "faible"}, "geometry": {"type": "Polygon", "coordinates": [[[-0.38801, 44.54273, 38.9], [-0.38816, 44.54246, 38.9], [-0.38808, 44.54243, 38.9], [-0.38791, 44.54269, 38.9], [-0.38774, 44.54259, 38.77447433518862], [-0.38757, 44.54234, 38.77447433518862], [-0.3876, 44.54208, 38.77447433518862], [-0.38795, 44.54222, 38.77447433518862], [-0.38815, 44.54225, 38.1], [-0.38814, 44.54229, 38.1], [-0.38854, 44.54233, 39.1], [-0.38844, 44.54248, 39.2], [-0.38854, 44.54249, 39.2], [-0.38856, 44.54243, 39.2], [-0.38873, 44.54246, 39.1], [-0.38875, 44.54239, 38.0], [-0.38902, 44.54247, 38.88333333333333], [-0.38892, 44.54261, 38.9], [-0.38874, 44.54272, 38.9], [-0.38851, 44.54278, 38.48571428571429], [-0.38801, 44.54273, 38.9]]]}}, {"type": "Feature", "properties": {"id_obligation": "330760000F0391", "priorite": "faible"}, "geometry": {"type": "Polygon", "coordinates": [[[-0.38867, 44.54263, 38.7], [-0.3887, 44.54257, 38.7], [-0.38864, 44.54255, 38.7], [-0.3886, 44.54263, 38.7], [-0.38865, 44.54264, 38.7], [-0.38853, 44.5427, 38.81], [-0.38818, 44.54275, 38.614285714285714], [-0.38801, 44.54273, 38.9], [-0.38816, 44.54246, 38.9], [-0.38808, 44.54243, 38.9], [-0.3879, 44.54271, 38.9], [-0.38786, 44.5427, 38.9], [-0.38767, 44.54259, 38.706852846401716], [-0.38755, 44.54245, 38.706852846401716], [-0.38751, 44.54228, 38.706852846401716], [-0.38756, 44.54207, 38.706852846401716], [-0.38795, 44.54222, 38.300000000000004], [-0.38815, 44.54225, 38.1], [-0.38814, 44.54229, 38.1], [-0.38854, 44.54233, 39.1], [-0.38844, 44.54248, 39.2], [-0.38854, 44.54249, 39.2], [-0.38856, 44.54243, 39.2], [-0.38873, 44.54246, 39.1], [-0.38875, 44.54239, 38.0], [-0.38884, 44.54242, 38.873684210526314], [-0.38867, 44.54263, 38.7]]]}}, {"type": "Feature", "properties": {"id_obligation": "330760000F0392", "priorite": "faible"}, "geometry": {"type": "Polygon", "coordinates": [[[-0.38879, 44.54291, 41.31249999999999], [-0.38854, 44.54294, 41.31249999999999], [-0.38826, 44.54291, 38.9], [-0.38804, 44.54283, 38.9], [-0.38798, 44.54278, 38.9], [-0.38816, 44.54246, 38.9], [-0.38808, 44.54243, 38.9], [-0.3879, 44.54271, 38.9], [-0.38782, 44.54247, 38.73333333333333], [-0.3879, 44.5422, 38.349999999999994], [-0.38815, 44.54225, 38.1], [-0.38814, 44.54229, 38.1], [-0.38854, 44.54233, 39.1], [-0.38844, 44.54248, 39.2], [-0.38854, 44.54249, 39.2], [-0.38856, 44.54243, 39.2], [-0.38873, 44.54246, 39.1], [-0.38875, 44.54239, 38.0], [-0.3892, 44.54254, 41.4], [-0.38906, 44.54271, 40.5], [-0.38911, 44.54274, 42.0], [-0.38879, 44.54291, 41.31249999999999]]]}}, {"type": "Feature", "properties": {"id_obligation": "330760000F0393", "priorite": "faible"}, "geometry": {"type": "Polygon", "coordinates": [[[-0.38854, 44.54233, 39.1], [-0.38844, 44.54248, 39.2], [-0.38854, 44.54249, 39.2], [-0.38856, 44.54243, 39.2], [-0.38873, 44.54246, 39.1], [-0.38875, 44.54239, 38.0], [-0.3892, 44.54254, 41.4], [-0.38906, 44.54271, 40.5], [-0.38912, 44.54276, 42.0], [-0.38875, 44.5429, 40.63636363636363], [-0.38827, 44.54283, 38.82857142857143], [-0.38805, 44.54267, 38.9], [-0.38816, 44.54246, 38.9], [-0.38808, 44.54243, 38.9], [-0.38799, 44.54258, 38.9], [-0.388, 44.54225, 38.349999999999994], [-0.38854, 44.54233, 39.1]]]}}, {"type": "Feature", "properties": {"id_obligation": "330760000F0405", "priorite": "faible"}, "geometry": {"type": "Polygon", "coordinates": [[[-0.38916, 44.54308, 40.59542483660131], [-0.38875, 44.54294, 40.59542483660131], [-0.38858, 44.54276, 38.900000000000006], [-0.38863, 44.54267, 39.1], [-0.38856, 44.54271, 39.0], [-0.38859, 44.54244, 39.29570589482296], [-0.38873, 44.54246, 39.1], [-0.38875, 44.54239, 38.0], [-0.3892, 44.54254, 41.4], [-0.38906, 44.54271, 40.5], [-0.38913, 44.54274, 42.0], [-0.38911, 44.54278, 42.0], [-0.38922, 44.54281, 42.0], [-0.38931, 44.54264, 41.3], [-0.38939, 44.54263, 41.366033296196896], [-0.38985, 44.54292, 40.59542483660131], [-0.38952, 44.54306, 40.59542483660131], [-0.38916, 44.54308, 40.59542483660131]]]}}, {"type": "Feature", "properties": {"id_obligation": "330760000F0527", "priorite": "moyenne"}, "geometry": {"type": "Polygon", "coordinates": [[[-0.39847, 44.55002, 42.152723809523806], [-0.39825, 44.54982, 42.152723809523806], [-0.39818, 44.54965, 42.152723809523806], [-0.3982, 44.54948, 42.152723809523806], [-0.39835, 44.5493, 42.152723809523806], [-0.39864, 44.54913, 42.152723809523806], [-0.39888, 44.54908, 41.833333333333336], [-0.39912, 44.5491, 41.833333333333336], [-0.39939, 44.54921, 42.152723809523806], [-0.39967, 44.54947, 42.06], [-0.39974, 44.54964, 42.06], [-0.39971, 44.54982, 42.15599999999999], [-0.39966, 44.5499, 41.9], [-0.39962, 44.54987, 41.9], [-0.39949, 44.54998, 41.9], [-0.39953, 44.55001, 41.9], [-0.39925, 44.55014, 42.15599999999999], [-0.39901, 44.55016, 42.214285714285715], [-0.39847, 44.55002, 42.152723809523806]]]}}, {"type": "Feature", "properties": {"id_obligation": "330760000F0533", "priorite": "moyenne"}, "geometry": {"type": "Polygon", "coordinates": [[[-0.4012, 44.53504, 72.3], [-0.40142, 44.53507, 72.3], [-0.40143, 44.535, 72.3], [-0.4015, 44.535, 72.3], [-0.40179, 44.53506, 73.1], [-0.40207, 44.53522, 73.1], [-0.40211, 44.53527, 73.1], [-0.40206, 44.53538, 73.1], [-0.40197, 44.53541, 72.2], [-0.40179, 44.53578, 72.2], [-0.40186, 44.53581, 72.2], [-0.40205, 44.53546, 73.1], [-0.40213, 44.53548, 73.1], [-0.40217, 44.53539, 73.1], [-0.40218, 44.5356, 72.70000000000002], [-0.402, 44.53585, 72.2], [-0.40184, 44.53598, 72.2], [-0.40162, 44.53606, 72.33174603174602], [-0.40138, 44.53607, 72.33174603174602], [-0.40107, 44.53598, 72.33174603174602], [-0.40088, 44.53587, 72.33174603174602], [-0.40079, 44.53575, 72.33174603174602], [-0.40075, 44.53557, 71.47777777777779], [-0.40078, 44.53546, 72.2], [-0.40086, 44.53547, 72.2], [-0.40088, 44.53552, 72.2], [-0.40097, 44.53552, 72.2], [-0.40101, 44.53548, 72.2], [-0.40094, 44.53545, 72.2], [-0.401, 44.53538, 72.2], [-0.40093, 44.53535, 72.2], [-0.40086, 44.53543, 72.2], [-0.40081, 44.53541, 72.2], [-0.40097, 44.53518, 72.3], [-0.4012, 44.53504, 72.3]]]}}, {"type": "Feature", "properties": {"id_obligation": "330760000F0536", "priorite": "moyenne"}, "geometry": {"type": "Polygon", "coordinates": [[[-0.38907, 44.53866, 54.57747928262215], [-0.38891, 44.53848, 54.57747928262215], [-0.38889, 44.53827, 54.57747928262215], [-0.389, 44.53805, 55.75454545454545], [-0.38925, 44.53786, 55.5], [-0.38926, 44.53797, 55.5], [-0.38944, 44.53801, 55.5], [-0.38955, 44.5379, 55.5], [-0.38928, 44.53785, 55.5], [-0.38942, 44.53781, 55.45714285714286], [-0.38967, 44.5378, 55.45714285714286], [-0.38967, 44.53784, 54.8], [-0.38996, 44.53786, 55.7], [-0.38994, 44.5379, 55.7], [-0.39021, 44.53802, 60.2], [-0.39013, 44.53813, 60.2], [-0.39022, 44.53816, 60.2], [-0.39029, 44.53808, 56.445711573350216], [-0.39032, 44.53814, 56.3], [-0.39035, 44.53836, 56.3], [-0.39026, 44.5386, 52.3], [-0.39011, 44.53874, 52.3], [-0.38983, 44.53884, 53.00000000000001], [-0.38958, 44.53884, 53.00000000000001], [-0.38907, 44.53866, 54.57747928262215]]]}}, {"type": "Feature", "properties": {"id_obligation": "330760000F0546", "priorite": "moyenne"}, "geometry": {"type": "Polygon", "coordinates": [[[-0.39257, 44.5489, 37.05313131313131], [-0.39237, 44.54874, 37.05313131313131], [-0.39229, 44.54853, 37.05313131313131], [-0.39235, 44.54829, 37.05313131313131], [-0.39247, 44.54815, 37.05313131313131], [-0.39273, 44.54803, 37.05313131313131], [-0.39297, 44.54801, 37.05313131313131], [-0.39334, 44.54805, 36.554545454545455], [-0.39355, 44.54813, 36.554545454545455], [-0.39372, 44.54831, 36.554545454545455], [-0.39376, 44.54848, 37.27777777777777], [-0.39372, 44.54868, 37.655555555555544], [-0.3936, 44.54884, 37.655555555555544], [-0.3934, 44.54895, 37.655555555555544], [-0.39315, 44.54899, 36.43333333333333], [-0.39286, 44.54898, 36.43333333333333], [-0.39257, 44.5489, 37.05313131313131]]]}}, {"type": "Feature", "properties": {"id_obligation": "330760000F0552", "priorite": "faible"}, "geometry": {"type": "Polygon", "coordinates": [[[-0.38829, 44.54275, 38.775], [-0.38813, 44.54261, 38.8375], [-0.3881, 44.54256, 38.9], [-0.38816, 44.54246, 38.9], [-0.38806, 44.54244, 38.8375], [-0.38809, 44.54224, 38.271428571428565], [-0.38815, 44.54225, 38.1], [-0.38814, 44.54229, 38.1], [-0.38854, 44.54233, 39.1], [-0.38844, 44.54248, 39.2], [-0.38854, 44.54249, 39.2], [-0.38856, 44.54243, 39.2], [-0.38873, 44.54246, 39.1], [-0.38875, 44.54239, 38.0], [-0.3892, 44.54254, 41.4], [-0.38916, 44.54262, 40.5], [-0.38911, 44.54261, 40.5], [-0.38906, 44.54271, 40.5], [-0.38913, 44.54274, 42.0], [-0.38904, 44.54281, 41.766666666666666], [-0.38881, 44.54286, 40.474999999999994], [-0.38851, 44.54283, 40.474999999999994], [-0.38829, 44.54275, 38.775]]]}}, {"type": "Feature", "properties": {"id_obligation": "330760000F0553", "priorite": "faible"}, "geometry": {"type": "Polygon", "coordinates": [[[-0.38809, 44.54224, 38.349999999999994], [-0.38815, 44.54225, 38.1], [-0.38814, 44.54229, 38.1], [-0.38854, 44.54233, 39.1], [-0.38844, 44.54248, 39.2], [-0.38854, 44.54249, 39.2], [-0.38856, 44.54243, 39.2], [-0.38873, 44.54246, 39.1], [-0.38875, 44.54239, 38.0], [-0.3892, 44.54254, 41.4], [-0.38906, 44.54271, 40.5], [-0.38916, 44.54279, 42.0], [-0.38876, 44.54291, 41.06666666666666], [-0.38833, 44.54284, 38.9], [-0.38807, 44.5426, 38.9], [-0.38816, 44.54246, 38.9], [-0.38808, 44.54243, 38.9], [-0.38804, 44.5425, 38.9], [-0.38809, 44.54224, 38.349999999999994]]]}}, {"type": "Feature", "properties": {"id_obligation": "330760000F0563", "priorite": "moyenne"}, "geometry": {"type": "Polygon", "coordinates": [[[-0.40444, 44.53631, 70.08], [-0.40416, 44.5364, 70.08], [-0.40387, 44.53638, 70.81118055555555], [-0.40358, 44.53628, 70.81118055555555], [-0.40338, 44.53611, 70.81118055555555], [-0.4033, 44.53589, 70.71666666666667], [-0.40341, 44.53557, 70.8], [-0.40354, 44.53542, 70.8], [-0.40374, 44.53532, 70.8], [-0.40399, 44.53529, 71.77323555799747], [-0.40407, 44.53538, 71.9], [-0.40422, 44.53531, 71.9], [-0.40449, 44.53539, 71.7], [-0.40449, 44.53545, 71.7], [-0.40463, 44.53546, 71.46], [-0.40476, 44.53561, 71.46], [-0.4048, 44.53578, 70.825], [-0.40462, 44.53615, 70.08], [-0.40444, 44.53631, 70.08]]]}}, {"type": "Feature", "properties": {"id_obligation": "330760000F0566", "priorite": "moyenne"}, "geometry": {"type": "Polygon", "coordinates": [[[-0.39255, 44.53768, 61.57515384615385], [-0.39231, 44.53773, 61.57515384615385], [-0.39188, 44.53767, 59.449999999999996], [-0.39172, 44.53789, 59.449999999999996], [-0.39145, 44.53806, 59.449999999999996], [-0.39122, 44.53813, 59.449999999999996], [-0.39097, 44.53814, 59.449999999999996], [-0.39068, 44.53805, 56.876923076923084], [-0.39057, 44.53796, 55.8], [-0.39058, 44.53789, 55.8], [-0.39051, 44.53791, 55.8], [-0.39023, 44.53772, 56.76566890151562], [-0.3906, 44.53784, 56.8], [-0.39065, 44.53773, 56.8], [-0.39061, 44.53765, 56.8], [-0.39039, 44.53756, 56.8], [-0.39032, 44.53766, 56.8], [-0.39015, 44.53762, 55.7], [-0.39009, 44.5373, 58.32400000000003], [-0.39021, 44.5371, 61.57515384615385], [-0.39045, 44.53697, 61.57515384615385], [-0.39074, 44.53692, 61.57515384615385], [-0.39101, 44.53696, 61.57515384615385], [-0.39144, 44.53692, 61.57515384615385], [-0.3917, 44.53672, 61.57515384615385], [-0.39211, 44.53667, 66.9], [-0.39262, 44.53683, 66.9], [-0.39287, 44.53702, 66.9], [-0.39291, 44.53732, 66.9], [-0.3927, 44.53759, 66.9], [-0.39255, 44.53768, 61.57515384615385]]]}}, {"type": "Feature", "properties": {"id_obligation": "330760000F0568", "priorite": "forte"}, "geometry": {"type": "Polygon", "coordinates": [[[-0.39276, 44.55022, 34.13333333333333], [-0.39246, 44.55026, 34.38257575757576], [-0.39223, 44.55022, 34.38257575757576], [-0.392, 44.5501, 34.38257575757576], [-0.39187, 44.54995, 34.38257575757576], [-0.39183, 44.54978, 34.38257575757576], [-0.39188, 44.54962, 34.38257575757576], [-0.39205, 44.54943, 34.38257575757576], [-0.39226, 44.54933, 34.38257575757576], [-0.3925, 44.5493, 34.4], [-0.39275, 44.54934, 34.4], [-0.39299, 44.54946, 34.588425083326605], [-0.39288, 44.54957, 34.4], [-0.39315, 44.5497, 34.4], [-0.39316, 44.54979, 34.7], [-0.39311, 44.54977, 34.7], [-0.39282, 44.55007, 34.7], [-0.39289, 44.55012, 34.7], [-0.39315, 44.54985, 34.7], [-0.39295, 44.55012, 34.13333333333333], [-0.39276, 44.55022, 34.13333333333333]]]}}, {"type": "Feature", "properties": {"id_obligation": "330760000F0573", "priorite": "moyenne"}, "geometry": {"type": "MultiPolygon", "coordinates": [[[[-0.40292, 44.54049, 67.79107142857143], [-0.40266, 44.54059, 65.3], [-0.40236, 44.54059, 65.3], [-0.40198, 44.54047, 67.79107142857143], [-0.40179, 44.5403, 67.79107142857143], [-0.40165, 44.53994, 67.79107142857143], [-0.40166, 44.53976, 67.79107142857143], [-0.40178, 44.53957, 67.79107142857143], [-0.40183, 44.53959, 67.79107142857143], [-0.40207, 44.53939, 67.79107142857143], [-0.40233, 44.53935, 70.3], [-0.4024, 44.53936, 70.3], [-0.40235, 44.53947, 70.3], [-0.40309, 44.53963, 70.3], [-0.40323, 44.53975, 67.79107142857143], [-0.40331, 44.53992, 67.79107142857143], [-0.40329, 44.5401, 67.79107142857143], [-0.40318, 44.54027, 67.79107142857143], [-0.40292, 44.54049, 67.79107142857143]]]]}}, {"type": "Feature", "properties": {"id_obligation": "330760000F0581", "priorite": "forte"}, "geometry": {"type": "Polygon", "coordinates": [[[-0.39904, 44.53725, -384.43888888888887], [-0.39887, 44.53738, -384.43888888888887], [-0.39864, 44.53745, -1000.0], [-0.39839, 44.53745, -1000.0], [-0.3981, 44.53736, -384.43888888888887], [-0.39792, 44.53723, -384.43888888888887], [-0.39782, 44.537, 71.7], [-0.39791, 44.53703, 71.7], [-0.39795, 44.53698, 71.7], [-0.39783, 44.53695, 71.7], [-0.39782, 44.53697, 71.7], [-0.39782, 44.53686, 71.7], [-0.3979, 44.53669, -384.43888888888887], [-0.39805, 44.53655, -384.43888888888887], [-0.39831, 44.53645, -384.43888888888887], [-0.39855, 44.53645, -384.43888888888887], [-0.39886, 44.53652, -384.43888888888887], [-0.39904, 44.53664, -384.43888888888887], [-0.39916, 44.53685, -384.43888888888887], [-0.39915, 44.53704, -384.43888888888887], [-0.39904, 44.53725, -384.43888888888887]]]}}, {"type": "Feature", "properties": {"id_obligation": "330760000F0596", "priorite": "moyenne"}, "geometry": {"type": "Polygon", "coordinates": [[[-0.40161, 44.53561, 72.2], [-0.40147, 44.5358, 72.2], [-0.40129, 44.53591, 72.2], [-0.401, 44.53597, 70.27142857142857], [-0.40064, 44.53593, 71.94842032967033], [-0.40035, 44.53579, 71.94842032967033], [-0.40017, 44.53561, 72.0357142857143], [-0.40012, 44.53544, 72.0357142857143], [-0.40017, 44.53526, 72.0357142857143], [-0.40036, 44.53508, 72.5], [-0.40061, 44.53496, 71.8], [-0.40072, 44.53496, 71.8], [-0.40072, 44.53493, 71.8], [-0.40093, 44.5349, 72.12307692307692], [-0.4013, 44.53499, 72.3], [-0.40121, 44.53498, 72.3], [-0.4012, 44.53506, 72.3], [-0.40144, 44.53506, 72.29999999999998], [-0.4016, 44.53525, 72.25714285714285], [-0.40161, 44.53561, 72.2]]]}}, {"type": "Feature", "properties": {"id_obligation": "330760000F0598", "priorite": "moyenne"}, "geometry": {"type": "Polygon", "coordinates": [[[-0.40005, 44.53586, 71.71785714285714], [-0.39984, 44.53571, 71.71785714285714], [-0.39976, 44.53554, 71.9], [-0.39977, 44.5353, 71.9], [-0.39988, 44.53514, 71.71785714285714], [-0.40011, 44.535, 71.71785714285714], [-0.40044, 44.53495, 72.0], [-0.4007, 44.53497, 72.3], [-0.40092, 44.53504, 72.3], [-0.40111, 44.53521, 72.20000000000002], [-0.40117, 44.53537, 72.20000000000002], [-0.40115, 44.53559, 70.24999999999999], [-0.40105, 44.53575, 70.24999999999999], [-0.40087, 44.53587, 70.24999999999999], [-0.40064, 44.53593, 71.2], [-0.40035, 44.53593, 71.2], [-0.40005, 44.53586, 71.71785714285714]]]}}, {"type": "Feature", "properties": {"id_obligation": "330760000F0600", "priorite": "moyenne"}, "geometry": {"type": "Polygon", "coordinates": [[[-0.39992, 44.53577, 71.80366459627331], [-0.39985, 44.53556, 71.80366459627331], [-0.3999, 44.53539, 71.80366459627331], [-0.40008, 44.53521, 71.80366459627331], [-0.40029, 44.53511, 72.5], [-0.40054, 44.53508, 72.5], [-0.40078, 44.53512, 72.5], [-0.40103, 44.53524, 72.5], [-0.40115, 44.53539, 71.68260869565219], [-0.4012, 44.53555, 71.68260869565219], [-0.40115, 44.53572, 70.3], [-0.40098, 44.53591, 70.3], [-0.40079, 44.53601, 70.3], [-0.40056, 44.53605, 71.80366459627331], [-0.40032, 44.53602, 71.80366459627331], [-0.40006, 44.53591, 71.80366459627331], [-0.39992, 44.53577, 71.80366459627331]]]}}, {"type": "Feature", "properties": {"id_obligation": "330760000F0609", "priorite": "faible"}, "geometry": {"type": "Polygon", "coordinates": [[[-0.38946, 44.54309, 40.24183238636363], [-0.38923, 44.54316, 39.5], [-0.38898, 44.54316, 39.5], [-0.38876, 44.54311, 39.4], [-0.3888, 44.54299, 39.5], [-0.3887, 44.54295, 39.4], [-0.38866, 44.54306, 39.4], [-0.38847, 44.54287, 42.7], [-0.38851, 44.5428, 42.7], [-0.38845, 44.54281, 42.7], [-0.38843, 44.5427, 39.993750000000006], [-0.38851, 44.54249, 39.2], [-0.38856, 44.54243, 39.2], [-0.38873, 44.54246, 39.1], [-0.38875, 44.54239, 38.0], [-0.38914, 44.54252, 39.7], [-0.3892, 44.54254, 41.4], [-0.38906, 44.54271, 40.5], [-0.38913, 44.54274, 42.0], [-0.38911, 44.54278, 42.0], [-0.38922, 44.54281, 42.0], [-0.38931, 44.54264, 41.3], [-0.38939, 44.54263, 41.366033296196896], [-0.38972, 44.54283, 41.5], [-0.38964, 44.54296, 40.24183238636363], [-0.38946, 44.54309, 40.24183238636363]]]}}, {"type": "Feature", "properties": {"id_obligation": "330760000F0611", "priorite": "faible"}, "geometry": {"type": "Polygon", "coordinates": [[[-0.38959, 44.54317, 40.61237460638776], [-0.38937, 44.54325, 40.2], [-0.38907, 44.54325, 40.2], [-0.38875, 44.54315, 39.49999999999999], [-0.3888, 44.54299, 39.5], [-0.3887, 44.54295, 39.4], [-0.38864, 44.54309, 39.4], [-0.38849, 44.54286, 40.46923076923076], [-0.38847, 44.54268, 40.46923076923076], [-0.38858, 44.54244, 39.26387513476919], [-0.38873, 44.54246, 39.1], [-0.38875, 44.54239, 38.0], [-0.3892, 44.54254, 41.4], [-0.38906, 44.54271, 40.5], [-0.38913, 44.54274, 42.0], [-0.38911, 44.54278, 42.0], [-0.38922, 44.54281, 42.0], [-0.38931, 44.54264, 41.3], [-0.38939, 44.54263, 41.366033296196896], [-0.38984, 44.54292, 41.349999999999994], [-0.38959, 44.54317, 40.61237460638776]]]}}, {"type": "Feature", "properties": {"id_obligation": "330760000F0643", "priorite": "moyenne"}, "geometry": {"type": "MultiPolygon", "coordinates": [[[[-0.39071, 44.53776, 59.9], [-0.39075, 44.53774, 59.9], [-0.3908, 44.53778, 59.326577139636996], [-0.39064, 44.53785, 59.4], [-0.39071, 44.53793, 58.4], [-0.39086, 44.53785, 58.9], [-0.39093, 44.53806, 56.05999999999999], [-0.39088, 44.53823, 56.05999999999999], [-0.39067, 44.53848, 55.37459077380954], [-0.39047, 44.53858, 53.7], [-0.39017, 44.53861, 53.7], [-0.3899, 44.53855, 52.3], [-0.38994, 44.53849, 52.3], [-0.38978, 44.5385, 52.3], [-0.38969, 44.53845, 53.225], [-0.38973, 44.53828, 53.0], [-0.38956, 44.53825, 53.0], [-0.38954, 44.53829, 53.468682727797855], [-0.3895, 44.53809, 53.23333333333333], [-0.38958, 44.53792, 55.43124999999999], [-0.38976, 44.53771, 55.43124999999999], [-0.38982, 44.53767, 55.2], [-0.39009, 44.53772, 56.2], [-0.39006, 44.5378, 55.7], [-0.38998, 44.53777, 55.7], [-0.38994, 44.5379, 55.7], [-0.39021, 44.53802, 60.2], [-0.39013, 44.53813, 60.2], [-0.39022, 44.53816, 60.2], [-0.3903, 44.53806, 55.7], [-0.3905, 44.53812, 55.5], [-0.39055, 44.53804, 55.5], [-0.39043, 44.538, 55.5], [-0.39061, 44.53795, 55.8], [-0.39058, 44.53789, 55.8], [-0.39042, 44.53793, 56.2], [-0.39015, 44.53783, 56.2], [-0.39023, 44.53772, 56.8], [-0.3906, 44.53784, 56.8], [-0.39062, 44.53767, 56.8], [-0.39071, 44.53776, 59.9]]], [[[-0.39021, 44.53757, 56.26000000000002], [-0.39037, 44.53759, 56.8], [-0.39032, 44.53766, 56.8], [-0.38997, 44.53761, 55.7], [-0.39021, 44.53757, 56.26000000000002]]]]}}, {"type": "Feature", "properties": {"id_obligation": "330760000F0644", "priorite": "moyenne"}, "geometry": {"type": "Polygon", "coordinates": [[[-0.39095, 44.53771, 58.94738698073579], [-0.39064, 44.53785, 59.4], [-0.39071, 44.53793, 58.4], [-0.391, 44.53778, 58.9], [-0.39101, 44.53804, 57.40312500000002], [-0.39079, 44.53834, 55.5], [-0.39054, 44.53847, 55.5], [-0.39024, 44.53851, 56.3], [-0.39001, 44.53846, 56.3], [-0.38974, 44.53834, 53.14], [-0.38973, 44.53828, 53.0], [-0.38953, 44.53824, 53.14], [-0.38936, 44.53806, 55.6653846153846], [-0.38933, 44.53798, 55.5], [-0.38944, 44.53801, 55.5], [-0.38955, 44.5379, 55.5], [-0.38932, 44.53785, 55.5], [-0.38934, 44.53777, 55.8], [-0.38959, 44.53781, 55.8], [-0.3896, 44.53774, 55.8], [-0.38935, 44.53773, 55.8], [-0.38943, 44.53755, 56.300000000000004], [-0.38946, 44.53752, 56.3], [-0.3896, 44.53741, 56.300000000000004], [-0.38994, 44.53727, 55.987500000000004], [-0.39024, 44.53724, 55.987500000000004], [-0.39054, 44.53732, 59.556249999999984], [-0.39073, 44.53744, 59.3], [-0.39083, 44.53758, 59.9], [-0.39075, 44.53763, 59.9], [-0.39069, 44.53758, 59.4], [-0.39063, 44.53763, 58.9], [-0.3907, 44.53769, 58.9], [-0.39066, 44.53772, 58.9], [-0.39071, 44.53776, 59.9], [-0.39091, 44.53766, 57.40312500000002], [-0.39095, 44.53771, 58.94738698073579]], [[-0.38942, 44.53766, 56.3], [-0.3896, 44.53771, 56.3], [-0.38963, 44.53757, 56.3], [-0.38946, 44.53752, 56.3], [-0.38942, 44.53766, 56.3]]]}}, {"type": "Feature", "properties": {"id_obligation": "330760000F0651", "priorite": "moyenne"}, "geometry": {"type": "MultiPolygon", "coordinates": [[[[-0.40268, 44.53609, 71.90333333333334], [-0.40234, 44.53603, 71.90333333333334], [-0.40214, 44.53592, 71.90333333333334], [-0.40201, 44.53572, 72.50000000000001], [-0.40205, 44.53546, 73.1], [-0.40213, 44.53548, 73.1], [-0.40217, 44.53539, 73.1], [-0.40225, 44.53541, 73.1], [-0.40228, 44.53537, 73.1], [-0.40226, 44.53526, 73.1], [-0.40221, 44.53526, 73.1], [-0.40247, 44.53507, 71.6], [-0.40259, 44.53512, 71.6], [-0.40279, 44.53512, 71.6], [-0.4028, 44.53504, 71.6], [-0.40259, 44.53503, 71.6], [-0.40274, 44.53499, 71.60000000000001], [-0.40299, 44.535, 71.60000000000001], [-0.40339, 44.53512, 71.0], [-0.40355, 44.53525, 71.0], [-0.40364, 44.53542, 71.90333333333334], [-0.40362, 44.5356, 71.90333333333334], [-0.40348, 44.53583, 71.90333333333334], [-0.4033, 44.53594, 71.90333333333334], [-0.40268, 44.53609, 71.90333333333334]]], [[[-0.4022, 44.53528, 73.1], [-0.40218, 44.53528, 73.1], [-0.40221, 44.53526, 73.10000000000001], [-0.4022, 44.53528, 73.1]]]]}}, {"type": "Feature", "properties": {"id_obligation": "330760000F0652", "priorite": "faible"}, "geometry": {"type": "Polygon", "coordinates": [[[-0.3896, 44.54314, -21.377414565826335], [-0.38956, 44.54336, -21.377414565826335], [-0.38933, 44.54362, -21.377414565826335], [-0.38906, 44.54373, -21.377414565826335], [-0.38875, 44.54374, -21.377414565826335], [-0.38845, 44.54364, -21.377414565826335], [-0.38812, 44.5434, -21.377414565826335], [-0.38801, 44.54324, -267.1058823529412], [-0.38802, 44.54297, -267.1058823529412], [-0.38813, 44.54276, 40.19166666666666], [-0.38832, 44.54259, 40.19166666666666], [-0.38854, 44.54252, 38.870000000000005], [-0.38885, 44.54252, 38.870000000000005], [-0.38912, 44.5426, 41.57142857142857], [-0.38916, 44.54262, 40.5], [-0.38911, 44.54261, 40.5], [-0.38906, 44.54271, 40.5], [-0.38913, 44.54274, 42.0], [-0.38911, 44.54278, 42.0], [-0.38922, 44.54281, 42.0], [-0.38928, 44.5427, 42.0], [-0.3896, 44.54314, -21.377414565826335]]]}}, {"type": "Feature", "properties": {"id_obligation": "330760000F0665", "priorite": "forte"}, "geometry": {"type": "Polygon", "coordinates": [[[-0.3973, 44.53727, 72.64], [-0.39718, 44.53707, 72.64], [-0.3972, 44.53685, 72.64], [-0.39736, 44.53665, 72.64], [-0.39757, 44.53654, 72.64], [-0.39781, 44.5365, 72.64], [-0.39806, 44.53653, 72.64], [-0.39836, 44.53664, 72.64], [-0.39852, 44.53679, 72.64], [-0.39858, 44.53696, 73.58], [-0.39857, 44.53704, 77.0], [-0.39851, 44.53703, 77.0], [-0.39854, 44.53691, 71.3], [-0.39846, 44.53689, 71.3], [-0.39843, 44.53704, 77.0], [-0.39856, 44.53707, 77.0], [-0.39838, 44.53734, 72.64], [-0.39818, 44.53744, 72.64], [-0.39795, 44.53748, 72.64], [-0.39749, 44.53739, 72.64], [-0.3973, 44.53727, 72.64]]]}}, {"type": "Feature", "properties": {"id_obligation": "330760000F0675", "priorite": "faible"}, "geometry": {"type": "Polygon", "coordinates": [[[-0.3894, 44.5431, 40.7525], [-0.38893, 44.543, 40.7525], [-0.3887, 44.54274, 40.7525], [-0.38869, 44.54256, 38.7], [-0.38877, 44.5424, 38.7], [-0.3892, 44.54254, 41.4], [-0.38906, 44.54271, 40.5], [-0.38913, 44.54274, 42.0], [-0.38911, 44.54278, 42.0], [-0.38922, 44.54281, 42.0], [-0.38931, 44.54264, 41.3], [-0.38939, 44.54263, 41.366033296196896], [-0.38986, 44.54294, 40.7525], [-0.3894, 44.5431, 40.7525]]]}}, {"type": "Feature", "properties": {"id_obligation": "330760000F0677", "priorite": "faible"}, "geometry": {"type": "Polygon", "coordinates": [[[-0.39961, 44.5494, 42.25185185185185], [-0.39955, 44.54962, 42.300000000000004], [-0.39945, 44.54973, 42.3], [-0.39939, 44.54965, 42.3], [-0.39911, 44.5498, 42.3], [-0.39915, 44.54985, 42.3], [-0.39923, 44.54985, 42.3], [-0.39914, 44.54988, 42.455555555555556], [-0.3989, 44.5499, 42.455555555555556], [-0.39867, 44.54986, 42.25185185185185], [-0.39847, 44.54976, 42.25185185185185], [-0.3983, 44.54957, 42.25185185185185], [-0.39826, 44.54939, 42.25185185185185], [-0.39833, 44.54919, 42.25185185185185], [-0.39848, 44.54905, 42.25185185185185], [-0.39872, 44.54895, 42.25185185185185], [-0.39896, 44.54892, 42.25185185185185], [-0.3992, 44.54896, 42.25185185185185], [-0.39939, 44.54907, 42.25185185185185], [-0.39955, 44.54923, 42.25185185185185], [-0.39961, 44.5494, 42.25185185185185]]]}}, {"type": "Feature", "properties": {"id_obligation": "330760000F0679", "priorite": "moyenne"}, "geometry": {"type": "Polygon", "coordinates": [[[-0.39357, 44.54843, 37.2], [-0.39365, 44.54864, 37.63636363636363], [-0.39359, 44.54886, 36.711764705882345], [-0.3934, 44.54905, 36.711764705882345], [-0.39327, 44.549, 37.6], [-0.3932, 44.54913, 37.6], [-0.39289, 44.54915, 36.199999999999996], [-0.39235, 44.54895, 36.937651020003955], [-0.39222, 44.54881, 36.937651020003955], [-0.39217, 44.54864, 36.937651020003955], [-0.39221, 44.54847, 36.937651020003955], [-0.39238, 44.54827, 36.937651020003955], [-0.39258, 44.54817, 36.937651020003955], [-0.39282, 44.54813, 36.300000000000004], [-0.39307, 44.54817, 36.300000000000004], [-0.39336, 44.54827, 37.2], [-0.39357, 44.54843, 37.2]]]}}, {"type": "Feature", "properties": {"id_obligation": "330760000F0681", "priorite": "moyenne"}, "geometry": {"type": "Polygon", "coordinates": [[[-0.392, 44.53981, 47.465384615384615], [-0.392, 44.54002, 47.465384615384615], [-0.39166, 44.54048, 47.465384615384615], [-0.39149, 44.5406, 47.465384615384615], [-0.39121, 44.54067, 46.4], [-0.39086, 44.54065, 46.4], [-0.39059, 44.54055, 47.465384615384615], [-0.39025, 44.5403, 47.465384615384615], [-0.39018, 44.54014, 46.0], [-0.39021, 44.53993, 46.0], [-0.39055, 44.53941, 47.465384615384615], [-0.39076, 44.53926, 49.2], [-0.39106, 44.53919, 49.2], [-0.39136, 44.53923, 49.2], [-0.39164, 44.53937, 47.465384615384615], [-0.392, 44.53981, 47.465384615384615]]]}}, {"type": "Feature", "properties": {"id_obligation": "330760000F0686", "priorite": "faible"}, "geometry": {"type": "Polygon", "coordinates": [[[-0.39375, 44.54945, 36.81256613756614], [-0.39371, 44.54928, 35.75714285714286], [-0.39388, 44.54906, 34.9], [-0.39381, 44.54903, 34.9], [-0.39392, 44.54893, 34.9], [-0.39412, 44.54884, 37.5], [-0.39436, 44.5488, 37.5], [-0.39467, 44.54886, 38.9], [-0.39461, 44.54892, 38.9], [-0.39467, 44.54895, 38.9], [-0.39459, 44.54904, 37.7], [-0.39464, 44.54906, 37.7], [-0.3948, 44.54892, 38.0], [-0.39486, 44.54896, 38.300000000000004], [-0.39502, 44.54914, 37.15714285714285], [-0.39505, 44.5493, 37.15714285714285], [-0.395, 44.54947, 36.81256613756614], [-0.39483, 44.54963, 36.81256613756614], [-0.39463, 44.54973, 36.81256613756614], [-0.39439, 44.54976, 36.81256613756614], [-0.39416, 44.54972, 36.81256613756614], [-0.39394, 44.54963, 36.81256613756614], [-0.39375, 44.54945, 36.81256613756614]]]}}, {"type": "Feature", "properties": {"id_obligation": "330760000F0693", "priorite": "faible"}, "geometry": {"type": "Polygon", "coordinates": [[[-0.39491, 44.54871, 38.5625], [-0.39497, 44.54883, 38.5625], [-0.39523, 44.54884, 38.5625], [-0.39528, 44.54888, 38.5625], [-0.39544, 44.54906, 37.4], [-0.39546, 44.54924, 37.4], [-0.39536, 44.54944, 37.0], [-0.39508, 44.54969, 37.0], [-0.39484, 44.54977, 37.0], [-0.39453, 44.54979, 37.05778811524609], [-0.39419, 44.54971, 37.05778811524609], [-0.39374, 44.54948, 37.05778811524609], [-0.39361, 44.54933, 34.9], [-0.39388, 44.54906, 34.9], [-0.39379, 44.54902, 34.9], [-0.39358, 44.54923, 34.9], [-0.39358, 44.5491, 36.4], [-0.39373, 44.54887, 34.9], [-0.39399, 44.54869, 34.9], [-0.39428, 44.54863, 38.25], [-0.39491, 44.54871, 38.5625]]]}}, {"type": "Feature", "properties": {"id_obligation": "330760000F0694", "priorite": "faible"}, "geometry": {"type": "Polygon", "coordinates": [[[-0.39509, 44.54938, 37.512541208791205], [-0.39477, 44.5495, 37.1653846153846], [-0.39452, 44.5495, 37.1653846153846], [-0.39424, 44.54941, 37.128571428571426], [-0.39406, 44.54929, 37.128571428571426], [-0.39397, 44.54912, 36.95], [-0.39398, 44.54886, 36.95], [-0.39406, 44.5487, 37.512541208791205], [-0.39436, 44.54841, 37.512541208791205], [-0.39469, 44.54829, 37.512541208791205], [-0.39482, 44.54828, 37.512541208791205], [-0.39472, 44.5484, 37.512541208791205], [-0.39497, 44.54883, 38.0], [-0.3955, 44.54887, 38.0], [-0.39509, 44.54938, 37.512541208791205]]]}}, {"type": "Feature", "properties": {"id_obligation": "330760000F0695", "priorite": "faible"}, "geometry": {"type": "Polygon", "coordinates": [[[-0.39518, 44.54931, 37.56984126984127], [-0.39478, 44.54944, 37.222222222222214], [-0.39454, 44.54941, 37.25714285714286], [-0.39429, 44.54931, 37.25714285714286], [-0.39415, 44.54917, 37.25714285714286], [-0.39409, 44.54901, 37.5], [-0.39414, 44.5488, 37.5], [-0.39438, 44.54853, 37.56984126984127], [-0.39475, 44.54837, 37.56984126984127], [-0.39472, 44.5484, 37.56984126984127], [-0.39497, 44.54883, 38.300000000000004], [-0.39552, 44.54887, 37.56984126984127], [-0.39518, 44.54931, 37.56984126984127]]]}}, {"type": "Feature", "properties": {"id_obligation": "330760000F0700", "priorite": "très forte"}, "geometry": {"type": "Polygon", "coordinates": [[[-0.39378, 44.5374, 71.48131868131868], [-0.39366, 44.53724, 71.48131868131868], [-0.39363, 44.53707, 71.48131868131868], [-0.39372, 44.53685, 71.48131868131868], [-0.39393, 44.53669, 71.48131868131868], [-0.39415, 44.53662, 71.48131868131868], [-0.39439, 44.53662, 71.48131868131868], [-0.39467, 44.53668, 71.48131868131868], [-0.39486, 44.53679, 71.48131868131868], [-0.39498, 44.53694, 71.68571428571428], [-0.39501, 44.53712, 71.68571428571428], [-0.39492, 44.53734, 71.48131868131868], [-0.39477, 44.53747, 71.48131868131868], [-0.39455, 44.53756, 71.48131868131868], [-0.39431, 44.53758, 71.48131868131868], [-0.39403, 44.53753, 71.48131868131868], [-0.39378, 44.5374, 71.48131868131868]]]}}, {"type": "Feature", "properties": {"id_obligation": "330760000F0712", "priorite": "moyenne"}, "geometry": {"type": "MultiPolygon", "coordinates": [[[[-0.38932, 44.53858, 53.79999999999999], [-0.38919, 44.53838, 53.4], [-0.38919, 44.53821, 53.4], [-0.38928, 44.53797, 55.5], [-0.38944, 44.53801, 55.5], [-0.38955, 44.5379, 55.5], [-0.38939, 44.53787, 55.5], [-0.38973, 44.53774, 55.60476190476191], [-0.39008, 44.53776, 55.9515134470968], [-0.39006, 44.5378, 55.7], [-0.38998, 44.53777, 55.7], [-0.38994, 44.5379, 55.7], [-0.39021, 44.53802, 60.2], [-0.39013, 44.53813, 60.2], [-0.39022, 44.53816, 60.2], [-0.3903, 44.53806, 55.7], [-0.3905, 44.53812, 55.5], [-0.39055, 44.53804, 55.5], [-0.39043, 44.538, 55.5], [-0.39058, 44.53796, 55.8], [-0.3907, 44.53824, 56.724999999999994], [-0.39063, 44.53848, 54.720027056277054], [-0.39051, 44.53863, 54.720027056277054], [-0.39015, 44.53877, 52.44545454545453], [-0.38962, 44.53873, 53.79999999999999], [-0.38932, 44.53858, 53.79999999999999]]], [[[-0.39039, 44.53783, 55.99999999999999], [-0.39052, 44.53791, 55.8], [-0.39042, 44.53793, 56.2], [-0.39015, 44.53783, 56.2], [-0.39022, 44.53778, 55.99999999999999], [-0.39039, 44.53783, 55.99999999999999]]]]}}, {"type": "Feature", "properties": {"id_obligation": "330760000F0713", "priorite": "moyenne"}, "geometry": {"type": "Polygon", "coordinates": [[[-0.39017, 44.53807, 60.2], [-0.39013, 44.53813, 60.2], [-0.39022, 44.53816, 60.2], [-0.39027, 44.53811, 60.2], [-0.39036, 44.53816, 58.574999999999996], [-0.39051, 44.5383, 58.574999999999996], [-0.39056, 44.53848, 54.38538461538461], [-0.39052, 44.53866, 54.38538461538461], [-0.39039, 44.53884, 54.38538461538461], [-0.39015, 44.53897, 54.38538461538461], [-0.38992, 44.53901, 54.38538461538461], [-0.38956, 44.53896, 54.38538461538461], [-0.38934, 44.53887, 54.38538461538461], [-0.38919, 44.53872, 54.38538461538461], [-0.38914, 44.53855, 53.974999999999994], [-0.38918, 44.53837, 53.6], [-0.38933, 44.53817, 53.6], [-0.38959, 44.53806, 53.300000000000004], [-0.38987, 44.53803, 53.300000000000004], [-0.39017, 44.53807, 60.2]]]}}, {"type": "Feature", "properties": {"id_obligation": "330760000F0722", "priorite": "faible"}, "geometry": {"type": "Polygon", "coordinates": [[[-0.39462, 44.54999, 37.18507936507936], [-0.39447, 44.5498, 37.18507936507936], [-0.39447, 44.54959, 37.18507936507936], [-0.3946, 44.54938, 37.4], [-0.39478, 44.54926, 37.4], [-0.39506, 44.54919, 37.18507936507936], [-0.3955, 44.54927, 37.92], [-0.39546, 44.54936, 38.0], [-0.39555, 44.54937, 37.8], [-0.39558, 44.5493, 37.8], [-0.39576, 44.54945, 37.92], [-0.39584, 44.54961, 37.43333333333333], [-0.39582, 44.54978, 37.43333333333333], [-0.39572, 44.54996, 36.699999999999996], [-0.39555, 44.55008, 36.699999999999996], [-0.39533, 44.55016, 36.7], [-0.3951, 44.55016, 36.7], [-0.39481, 44.5501, 37.18507936507936], [-0.39462, 44.54999, 37.18507936507936]]]}}, {"type": "Feature", "properties": {"id_obligation": "330760000F0724", "priorite": "faible"}, "geometry": {"type": "Polygon", "coordinates": [[[-0.39492, 44.54991, 37.88087912087912], [-0.39481, 44.54966, 37.0], [-0.39485, 44.54949, 37.0], [-0.39507, 44.54914, 37.88087912087912], [-0.3953, 44.54901, 38.66153846153846], [-0.39553, 44.54897, 38.66153846153846], [-0.39577, 44.54899, 38.66153846153846], [-0.39609, 44.54909, 39.4], [-0.39626, 44.54922, 39.4], [-0.39635, 44.54943, 37.88087912087912], [-0.39631, 44.5496, 37.88087912087912], [-0.39611, 44.54996, 37.88087912087912], [-0.39592, 44.55008, 37.88087912087912], [-0.39568, 44.55014, 36.699999999999996], [-0.39514, 44.55005, 37.88087912087912], [-0.39492, 44.54991, 37.88087912087912]]]}}, {"type": "Feature", "properties": {"id_obligation": "330760000F0725", "priorite": "moyenne"}, "geometry": {"type": "Polygon", "coordinates": [[[-0.39493, 44.55012, 37.403076923076924], [-0.39478, 44.54993, 37.0], [-0.39475, 44.54976, 37.0], [-0.39484, 44.54955, 37.403076923076924], [-0.39499, 44.5494, 37.403076923076924], [-0.39528, 44.54931, 37.92], [-0.39546, 44.5493, 37.961733638009456], [-0.39546, 44.54936, 38.0], [-0.39555, 44.54937, 37.8], [-0.39557, 44.54931, 37.8], [-0.39582, 44.54938, 37.8], [-0.39604, 44.54953, 37.8], [-0.39613, 44.54969, 37.403076923076924], [-0.39613, 44.54987, 37.403076923076924], [-0.39603, 44.55004, 37.403076923076924], [-0.39587, 44.55018, 37.403076923076924], [-0.39565, 44.55026, 37.403076923076924], [-0.3954, 44.55027, 37.403076923076924], [-0.39493, 44.55012, 37.403076923076924]]]}}, {"type": "Feature", "properties": {"id_obligation": "330760000F0736", "priorite": "forte"}, "geometry": {"type": "Polygon", "coordinates": [[[-0.39962, 44.53499, 28.53716666666667], [-0.39979, 44.53522, 72.9], [-0.39976, 44.53548, 74.24000000000001], [-0.39949, 44.53578, 74.24000000000001], [-0.39926, 44.53586, 74.24000000000001], [-0.39895, 44.53587, 73.25], [-0.39819, 44.53556, 28.53716666666667], [-0.39806, 44.53541, 28.53716666666667], [-0.39803, 44.53523, 28.53716666666667], [-0.39813, 44.53498, 28.53716666666667], [-0.39827, 44.53484, 28.53716666666667], [-0.39848, 44.53475, 28.53716666666667], [-0.39872, 44.53473, 73.0], [-0.39962, 44.53499, 28.53716666666667]]]}}, {"type": "Feature", "properties": {"id_obligation": "330760000F0741", "priorite": "moyenne"}, "geometry": {"type": "Polygon", "coordinates": [[[-0.39209, 44.53536, 72.00797619047619], [-0.39189, 44.53547, 72.00797619047619], [-0.39166, 44.53552, 72.00797619047619], [-0.39135, 44.5355, 72.00797619047619], [-0.39114, 44.53541, 72.00797619047619], [-0.39098, 44.53527, 72.00797619047619], [-0.39092, 44.5351, 72.00797619047619], [-0.39095, 44.53488, 72.00797619047619], [-0.39107, 44.53473, 72.00797619047619], [-0.39127, 44.53462, 72.00797619047619], [-0.3915, 44.53457, 74.3], [-0.39181, 44.5346, 74.3], [-0.39197, 44.53466, 71.3], [-0.39193, 44.53471, 71.3], [-0.39203, 44.53474, 71.3], [-0.39205, 44.5347, 71.3], [-0.39212, 44.53476, 70.6], [-0.39208, 44.53483, 70.6], [-0.3922, 44.53486, 70.6], [-0.39222, 44.53517, 70.53333333333333], [-0.39209, 44.53536, 72.00797619047619]]]}}, {"type": "Feature", "properties": {"id_obligation": "BATIMENT0000000255839535", "priorite": "faible"}, "geometry": {"type": "Polygon", "coordinates": [[[-0.38483, 44.53281, 68.18333333333332], [-0.38511, 44.53274, 69.44583333333334], [-0.38535, 44.53276, 69.1], [-0.38548, 44.53287, 69.1], [-0.38551, 44.53281, 69.1], [-0.38569, 44.53288, 69.87058823529411], [-0.38577, 44.53293, 71.4401864844974], [-0.38569, 44.53318, 71.0], [-0.38547, 44.53312, 71.1], [-0.38535, 44.53332, 71.1], [-0.38538, 44.53336, 71.2], [-0.38532, 44.53335, 71.2], [-0.38528, 44.53343, 71.2], [-0.38571, 44.53351, 70.0], [-0.38568, 44.53342, 70.0], [-0.38582, 44.53345, 70.0], [-0.38584, 44.5334, 70.0], [-0.38566, 44.53337, 71.1], [-0.38571, 44.53332, 71.1], [-0.38549, 44.5333, 71.1], [-0.38554, 44.53321, 71.1], [-0.3859, 44.53326, 71.1], [-0.38577, 44.53321, 71.1], [-0.38585, 44.53301, 71.26061969697604], [-0.38592, 44.53331, 70.96578947368418], [-0.38573, 44.5336, 69.75681818181819], [-0.38562, 44.53359, 68.9], [-0.3856, 44.53369, 72.0], [-0.3856, 44.53357, 72.0], [-0.38547, 44.53355, 68.6], [-0.38549, 44.53373, 68.6], [-0.38525, 44.53377, 70.20769230769231], [-0.38495, 44.53372, 70.3], [-0.38501, 44.53372, 70.3], [-0.38493, 44.53361, 70.3], [-0.3847, 44.53363, 70.3], [-0.38457, 44.53353, 69.0], [-0.38458, 44.53347, 69.0], [-0.38492, 44.53346, 70.3], [-0.3849, 44.53328, 69.3], [-0.38468, 44.53323, 69.3], [-0.38476, 44.5334, 69.3], [-0.38452, 44.53344, 69.0], [-0.3845, 44.53315, 68.600391435475], [-0.38497, 44.53326, 71.0], [-0.385, 44.53321, 71.0], [-0.38465, 44.5331, 68.2], [-0.38467, 44.53304, 68.2], [-0.38459, 44.53301, 68.2], [-0.38483, 44.53281, 68.18333333333332]]]}}, {"type": "Feature", "properties": {"id_obligation": "BATIMENT0000000255839539", "priorite": "moyenne"}, "geometry": {"type": "MultiPolygon", "coordinates": [[[[-0.38515, 44.53297, 69.15555555555558], [-0.3854, 44.5331, 71.03809523809521], [-0.38545, 44.53315, 71.1], [-0.38535, 44.53332, 71.1], [-0.38539, 44.53333, 71.1], [-0.38532, 44.53335, 71.2], [-0.38528, 44.53343, 71.2], [-0.38555, 44.53349, 70.85714285714283], [-0.38553, 44.53356, 68.6], [-0.38547, 44.53355, 68.6], [-0.38547, 44.53367, 68.6], [-0.38543, 44.53372, 70.1], [-0.38543, 44.53354, 70.1], [-0.38528, 44.53352, 70.1], [-0.3853, 44.53375, 70.1], [-0.3854, 44.53375, 70.1], [-0.38528, 44.53382, 69.61025641025643], [-0.38506, 44.53389, 69.61025641025643], [-0.3847, 44.53392, 69.61025641025643], [-0.38438, 44.53383, 66.4], [-0.38445, 44.53383, 66.4], [-0.38444, 44.53366, 66.4], [-0.38433, 44.53366, 66.4], [-0.38432, 44.53379, 66.4], [-0.38428, 44.53376, 68.78475405050511], [-0.38417, 44.5336, 64.0], [-0.3842, 44.5335, 64.0], [-0.38414, 44.53349, 64.0], [-0.38414, 44.53338, 67.11111111111109], [-0.38424, 44.53318, 68.60000000000001], [-0.3845, 44.53302, 68.2], [-0.38444, 44.53314, 68.2], [-0.38497, 44.53326, 71.0], [-0.385, 44.53321, 71.0], [-0.38465, 44.5331, 68.2], [-0.38467, 44.53304, 68.2], [-0.38454, 44.533, 68.2], [-0.38469, 44.53296, 68.4], [-0.38466, 44.53301, 68.4], [-0.38472, 44.53303, 68.4], [-0.38476, 44.53297, 68.4], [-0.3847, 44.53295, 68.4], [-0.38515, 44.53297, 69.15555555555558]]], [[[-0.38549, 44.5333, 71.1], [-0.38551, 44.53326, 71.1], [-0.38553, 44.53329, 70.85714285714283], [-0.38549, 44.5333, 71.1]]]]}}, {"type": "Feature", "properties": {"id_obligation": "BATIMENT0000000255839547", "priorite": "moyenne"}, "geometry": {"type": "Polygon", "coordinates": [[[-0.38421, 44.53344, 65.8], [-0.38405, 44.53326, 66.32000000000001], [-0.38402, 44.53305, 66.6], [-0.38406, 44.53305, 66.6], [-0.38412, 44.53286, 66.325], [-0.38429, 44.53273, 66.325], [-0.38452, 44.53266, 67.33157894736843], [-0.38477, 44.53266, 67.33157894736843], [-0.38507, 44.53273, 69.49000000000002], [-0.38518, 44.53278, 67.7], [-0.38514, 44.53281, 70.5], [-0.38505, 44.53278, 70.2], [-0.38498, 44.53288, 70.2], [-0.38509, 44.53292, 70.2], [-0.38514, 44.53283, 70.2], [-0.38533, 44.53291, 70.0], [-0.38538, 44.533, 70.35384615384615], [-0.3854, 44.53318, 70.35384615384615], [-0.38533, 44.53335, 71.2], [-0.38516, 44.53349, 71.33749999999999], [-0.38495, 44.53357, 71.33749999999999], [-0.38471, 44.53359, 69.016], [-0.38445, 44.53354, 65.8], [-0.38421, 44.53344, 65.8]]]}}, {"type": "Feature", "properties": {"id_obligation": "BATIMENT0000000255839548", "priorite": "moyenne"}, "geometry": {"type": "MultiPolygon", "coordinates": [[[[-0.38499, 44.53364, 70.3], [-0.38493, 44.53361, 70.3], [-0.38465, 44.53365, 70.3], [-0.38424, 44.53353, 67.18499999999999], [-0.38408, 44.5334, 67.08000000000001], [-0.384, 44.53324, 67.08000000000001], [-0.38401, 44.53306, 66.92608695652174], [-0.38406, 44.53305, 66.6], [-0.38405, 44.53297, 66.1], [-0.38413, 44.53286, 66.92608695652174], [-0.3843, 44.53274, 66.92608695652174], [-0.38458, 44.53267, 68.3608695652174], [-0.38482, 44.53269, 68.3608695652174], [-0.38518, 44.53278, 67.7], [-0.38514, 44.53281, 70.5], [-0.38505, 44.53278, 70.2], [-0.38498, 44.53288, 70.2], [-0.38509, 44.53292, 70.2], [-0.38514, 44.53283, 70.2], [-0.38525, 44.53287, 70.0], [-0.38537, 44.53293, 69.91009537528733], [-0.38546, 44.53308, 71.09999999999995], [-0.38535, 44.53332, 71.1], [-0.38539, 44.53333, 71.1], [-0.38532, 44.53335, 71.2], [-0.38528, 44.53343, 71.2], [-0.38535, 44.53344, 71.10024254108124], [-0.38499, 44.53364, 70.3]]]]}}, {"type": "Feature", "properties": {"id_obligation": "BATIMENT0000000255839550", "priorite": "faible"}, "geometry": {"type": "MultiPolygon", "coordinates": [[[[-0.38537, 44.53284, 69.51176470588233], [-0.38544, 44.53288, 69.97059418265749], [-0.3853, 44.53284, 70.0], [-0.38525, 44.53282, 70.0], [-0.38537, 44.53284, 69.51176470588233]]], [[[-0.38559, 44.53306, 69.1], [-0.3855, 44.53304, 69.1], [-0.38548, 44.53308, 69.1], [-0.38561, 44.5331, 69.1], [-0.38563, 44.53316, 71.1], [-0.38547, 44.53312, 71.1], [-0.38535, 44.53332, 71.1], [-0.38538, 44.53336, 71.2], [-0.38532, 44.53335, 71.2], [-0.38528, 44.53343, 71.2], [-0.38552, 44.53348, 70.53321271601494], [-0.38543, 44.53357, 70.1], [-0.38528, 44.53352, 70.1], [-0.38529, 44.53365, 70.1], [-0.385, 44.53371, 70.3], [-0.38493, 44.53361, 70.3], [-0.38464, 44.53365, 70.3], [-0.38444, 44.53358, 65.8], [-0.38445, 44.53352, 65.8], [-0.38438, 44.5335, 65.8], [-0.38437, 44.53353, 65.8], [-0.38427, 44.53344, 69.07000000000001], [-0.38419, 44.53328, 69.07000000000001], [-0.3842, 44.53309, 66.7], [-0.3843, 44.53311, 66.7], [-0.38437, 44.53293, 66.7], [-0.38428, 44.53295, 66.7], [-0.38444, 44.53281, 66.1], [-0.38439, 44.53289, 69.0], [-0.38455, 44.53294, 69.0], [-0.38463, 44.53279, 66.1], [-0.38458, 44.53275, 68.8], [-0.38498, 44.53273, 69.22857142857144], [-0.38518, 44.53277, 67.7], [-0.38514, 44.53281, 70.5], [-0.38505, 44.53278, 70.2], [-0.38498, 44.53288, 70.2], [-0.38509, 44.53292, 70.2], [-0.38514, 44.53283, 70.2], [-0.38544, 44.53296, 69.9], [-0.38547, 44.53291, 69.9], [-0.38559, 44.53306, 69.1]]], [[[-0.38561, 44.53332, 71.1], [-0.38549, 44.5333, 71.1], [-0.38554, 44.53321, 71.1], [-0.38563, 44.53322, 71.1], [-0.38561, 44.53332, 71.1]]]]}}, {"type": "Feature", "properties": {"id_obligation": "BATIMENT0000000255839595", "priorite": "faible"}, "geometry": {"type": "MultiPolygon", "coordinates": [[[[-0.38488, 44.53377, 70.3], [-0.38501, 44.53372, 70.3], [-0.38499, 44.53364, 70.3], [-0.38493, 44.53361, 70.3], [-0.38472, 44.53363, 70.3], [-0.38466, 44.53352, 69.61304347826088], [-0.38465, 44.53349, 69.0], [-0.38492, 44.53346, 70.3], [-0.3849, 44.53328, 69.3], [-0.38471, 44.53324, 69.3], [-0.38473, 44.53319, 69.59502167706982], [-0.38497, 44.53326, 71.0], [-0.385, 44.53321, 71.0], [-0.38477, 44.53313, 68.8], [-0.38484, 44.53306, 67.9], [-0.38495, 44.53299, 68.77999999999999], [-0.38516, 44.53291, 70.02083333333333], [-0.38529, 44.5329, 69.96890473760924], [-0.38544, 44.53296, 69.9], [-0.38552, 44.53292, 70.18260869565215], [-0.38556, 44.533, 69.3], [-0.38568, 44.53297, 70.18260869565215], [-0.38575, 44.533, 72.0], [-0.38569, 44.53318, 71.1], [-0.38547, 44.53312, 71.1], [-0.38535, 44.53332, 71.1], [-0.38538, 44.53336, 71.2], [-0.38532, 44.53335, 71.2], [-0.38528, 44.53343, 71.2], [-0.38571, 44.53351, 70.0], [-0.38568, 44.53342, 70.0], [-0.38582, 44.53345, 70.0], [-0.38584, 44.5334, 70.0], [-0.38566, 44.53337, 71.1], [-0.38571, 44.53332, 71.1], [-0.38549, 44.5333, 71.1], [-0.38554, 44.53321, 71.1], [-0.3859, 44.53326, 71.1], [-0.38577, 44.53321, 71.1], [-0.38584, 44.53305, 72.0], [-0.386, 44.53333, 70.48444444444442], [-0.3859, 44.53366, 69.5038461538462], [-0.38574, 44.5338, 69.5038461538462], [-0.38553, 44.53388, 68.30000000000001], [-0.38528, 44.53389, 68.30000000000001], [-0.38488, 44.53377, 70.3]]], [[[-0.38468, 44.53328, 69.3], [-0.38474, 44.5333, 69.3], [-0.38476, 44.5334, 69.3], [-0.38465, 44.53343, 69.0], [-0.38468, 44.53328, 69.3]]]]}}, {"type": "Feature", "properties": {"id_obligation": "BATIMENT0000000255842598", "priorite": "moyenne"}, "geometry": {"type": "Polygon", "coordinates": [[[-0.39109, 44.52924, 64.3], [-0.39097, 44.52909, 64.3], [-0.39094, 44.52891, 65.23557692307692], [-0.39101, 44.52872, 65.23557692307692], [-0.39114, 44.52857, 65.23557692307692], [-0.39134, 44.52847, 65.23557692307692], [-0.3915, 44.52844, 63.24996329640422], [-0.39176, 44.52854, 66.5], [-0.3918, 44.52849, 66.5], [-0.39169, 44.52844, 66.5], [-0.39188, 44.52847, 64.9], [-0.39209, 44.52857, 65.84444444444445], [-0.39224, 44.52873, 66.3], [-0.39176, 44.52864, 66.6], [-0.3917, 44.52877, 66.6], [-0.39189, 44.52882, 66.6], [-0.39192, 44.52876, 66.3], [-0.39227, 44.52881, 66.3], [-0.39221, 44.52913, 65.23557692307692], [-0.39208, 44.52927, 65.23557692307692], [-0.39188, 44.52937, 64.63846153846153], [-0.39164, 44.52941, 64.63846153846153], [-0.39134, 44.52937, 64.3], [-0.39109, 44.52924, 64.3]]]}}, {"type": "Feature", "properties": {"id_obligation": "BATIMENT0000000255844111", "priorite": "faible"}, "geometry": {"type": "Polygon", "coordinates": [[[-0.4107, 44.5378, 73.0], [-0.41061, 44.53786, 73.0], [-0.41056, 44.53789, 73.0], [-0.4105, 44.53792, 72.78524943360344], [-0.41056, 44.53774, 73.4], [-0.41066, 44.53776, 73.4], [-0.4107, 44.53766, 73.4], [-0.41055, 44.53761, 72.2], [-0.41047, 44.53761, 73.4], [-0.41045, 44.53767, 73.4], [-0.4103, 44.53764, 73.4], [-0.41029, 44.53768, 73.4], [-0.41045, 44.53772, 73.4], [-0.41041, 44.53794, 73.4], [-0.41024, 44.53796, 72.4], [-0.41029, 44.53788, 72.4], [-0.41022, 44.53786, 72.4], [-0.41016, 44.53796, 72.4], [-0.40989, 44.53792, 72.4], [-0.40969, 44.53783, 72.4], [-0.40955, 44.53769, 72.70912221459095], [-0.4095, 44.53752, 72.70912221459095], [-0.40955, 44.53731, 73.6], [-0.40967, 44.53716, 73.6], [-0.40992, 44.53704, 73.6], [-0.41016, 44.53701, 72.02307692307694], [-0.41048, 44.53706, 72.97777777777776], [-0.4106, 44.53711, 73.7886843146932], [-0.41053, 44.53732, 73.3], [-0.41071, 44.53735, 72.1], [-0.4107, 44.53718, 72.5], [-0.41081, 44.53731, 72.97777777777776], [-0.41086, 44.53748, 72.79444444444442], [-0.41082, 44.53765, 72.79444444444442], [-0.4107, 44.5378, 73.0]]]}}, {"type": "Feature", "properties": {"id_obligation": "BATIMENT0000000255846570", "priorite": "moyenne"}, "geometry": {"type": "Polygon", "coordinates": [[[-0.3899, 44.53349, 70.03383838383839], [-0.39017, 44.53339, 70.08333333333333], [-0.39041, 44.53337, 70.08333333333333], [-0.39078, 44.53344, 70.03383838383839], [-0.39096, 44.53355, 70.03383838383839], [-0.39109, 44.53374, 70.03383838383839], [-0.3911, 44.53392, 70.03383838383839], [-0.391, 44.53414, 70.03383838383839], [-0.39085, 44.53428, 70.03383838383839], [-0.39064, 44.53437, 69.0], [-0.39026, 44.5344, 69.0], [-0.39003, 44.53436, 70.03383838383839], [-0.3898, 44.53422, 70.03383838383839], [-0.38969, 44.53406, 70.03383838383839], [-0.38967, 44.53389, 70.03383838383839], [-0.38974, 44.53368, 70.03383838383839], [-0.3899, 44.53349, 70.03383838383839]]]}}, {"type": "Feature", "properties": {"id_obligation": "BATIMENT0000000255846600", "priorite": "moyenne"}, "geometry": {"type": "Polygon", "coordinates": [[[-0.39484, 44.53473, 70.1749304029304], [-0.3947, 44.53454, 70.5], [-0.39468, 44.53436, 70.5], [-0.39478, 44.53415, 70.84285714285714], [-0.39499, 44.53399, 70.84285714285714], [-0.3951, 44.53395, 71.7], [-0.39513, 44.53399, 71.7], [-0.39514, 44.53394, 71.7], [-0.39522, 44.53393, 69.82666666666667], [-0.39547, 44.53393, 69.82666666666667], [-0.39572, 44.534, 70.1749304029304], [-0.39591, 44.53411, 70.1749304029304], [-0.39602, 44.53427, 69.73846153846152], [-0.39603, 44.53431, 69.8], [-0.39593, 44.53431, 69.4], [-0.3959, 44.53436, 69.8], [-0.39594, 44.5344, 69.8], [-0.39604, 44.53438, 69.8], [-0.39593, 44.53466, 70.1749304029304], [-0.39577, 44.5348, 70.1749304029304], [-0.39555, 44.53488, 70.1749304029304], [-0.3953, 44.53489, 70.1749304029304], [-0.39504, 44.53483, 70.1749304029304], [-0.39484, 44.53473, 70.1749304029304]]]}}, {"type": "Feature", "properties": {"id_obligation": "BATIMENT0000000255846628", "priorite": "faible"}, "geometry": {"type": "MultiPolygon", "coordinates": [[[[-0.3892, 44.53814, 53.0], [-0.38908, 44.53799, 55.76111111111111], [-0.38904, 44.53782, 55.76111111111111], [-0.3891, 44.53763, 56.300000000000004], [-0.38922, 44.53748, 56.300000000000004], [-0.38942, 44.53737, 56.300000000000004], [-0.38967, 44.53733, 55.63333333333333], [-0.38995, 44.53736, 55.63333333333333], [-0.3902, 44.53748, 56.8], [-0.39033, 44.53764, 56.8], [-0.38982, 44.53763, 55.2], [-0.38982, 44.5377, 55.2], [-0.39009, 44.53772, 56.2], [-0.39006, 44.5378, 55.7], [-0.38998, 44.53777, 55.7], [-0.38994, 44.5379, 55.7], [-0.39021, 44.53802, 60.2], [-0.39013, 44.53813, 60.2], [-0.39018, 44.53815, 60.2], [-0.39006, 44.53822, 53.7], [-0.38984, 44.53818, 53.7], [-0.38981, 44.53829, 53.7], [-0.38945, 44.53826, 53.0], [-0.3892, 44.53814, 53.0]]], [[[-0.39034, 44.5379, 55.738116006481285], [-0.39015, 44.53783, 56.2], [-0.39023, 44.53772, 56.8], [-0.39036, 44.5378, 56.39000000000002], [-0.39034, 44.5379, 55.738116006481285]]]]}}, {"type": "Feature", "properties": {"id_obligation": "BATIMENT0000000255846720", "priorite": "moyenne"}, "geometry": {"type": "Polygon", "coordinates": [[[-0.38014, 44.54265, 26.0], [-0.37981, 44.54259, 25.8], [-0.37978, 44.54279, 25.5], [-0.37989, 44.54281, 25.5], [-0.3799, 44.54275, 26.0], [-0.38006, 44.54275, 26.0], [-0.37997, 44.54282, 25.75], [-0.37975, 44.54291, 25.099999999999998], [-0.37945, 44.54293, 25.1], [-0.37943, 44.54282, 25.1], [-0.37938, 44.54283, 25.1], [-0.37935, 44.54292, 25.1], [-0.37925, 44.54289, 25.0], [-0.37927, 44.54284, 25.0], [-0.37908, 44.54282, 25.0], [-0.379, 44.54276, 25.0], [-0.37889, 44.5426, 25.759999999999998], [-0.37886, 44.54237, 24.199999999999996], [-0.37896, 44.54218, 24.2], [-0.37905, 44.54219, 24.2], [-0.37915, 44.54204, 24.199999999999996], [-0.37938, 44.54198, 25.5], [-0.37966, 44.54198, 25.5], [-0.37989, 44.54204, 25.335469457013573], [-0.38006, 44.54216, 25.335469457013573], [-0.38016, 44.54232, 25.335469457013573], [-0.38014, 44.54265, 26.0]]]}}]}