{"type": "FeatureCollection", "features": [{"type": "Feature", "properties": {"id_obligation": "330770000D1805", "priorite": "très forte"}, "geometry": {"type": "Polygon", "coordinates": [[[-0.54839, 44.56774, 77.93375], [-0.54824, 44.56788, 77.93375], [-0.54802, 44.56797, 77.375], [-0.54772, 44.56798, 77.15367487795655], [-0.54774, 44.56791, 77.2], [-0.54762, 44.5679, 77.3], [-0.5476, 44.56797, 77.3], [-0.54735, 44.56793, 77.14], [-0.54711, 44.5678, 77.14], [-0.54699, 44.56765, 77.14], [-0.54696, 44.56749, 77.93375], [-0.54701, 44.56724, 77.93375], [-0.54716, 44.56702, 77.93375], [-0.54724, 44.56676, 77.93375], [-0.54737, 44.56662, 77.93375], [-0.54763, 44.5665, 78.7], [-0.54808, 44.56651, 77.93375], [-0.54838, 44.56665, 77.93375], [-0.54852, 44.56688, 77.93375], [-0.54839, 44.56774, 77.93375]]]}}, {"type": "Feature", "properties": {"id_obligation": "331970000A0044", "priorite": "très forte"}, "geometry": {"type": "Polygon", "coordinates": [[[-0.53218, 44.56542, 73.57142857142857], [-0.53199, 44.56553, 73.57142857142857], [-0.53176, 44.56558, 73.57142857142857], [-0.53152, 44.56556, 73.57142857142857], [-0.5312, 44.56545, 73.57142857142857], [-0.53104, 44.56532, 73.57142857142857], [-0.53097, 44.56515, 73.57142857142857], [-0.53099, 44.56497, 73.57142857142857], [-0.53118, 44.56469, 73.57142857142857], [-0.53138, 44.56458, 73.57142857142857], [-0.53162, 44.56453, 73.57142857142857], [-0.53186, 44.56455, 73.57142857142857], [-0.53219, 44.56469, 73.57142857142857], [-0.53232, 44.56483, 73.57142857142857], [-0.53237, 44.56506, 73.57142857142857], [-0.53218, 44.56542, 73.57142857142857]]]}}, {"type": "Feature", "properties": {"id_obligation": "331970000A0488", "priorite": "moyenne"}, "geometry": {"type": "Polygon", "coordinates": [[[-0.51137, 44.55429, 80.9], [-0.51162, 44.55418, 80.42727272727274], [-0.51192, 44.55416, 80.42727272727274], [-0.51222, 44.55424, 80.81910533910533], [-0.51243, 44.55439, 80.81910533910533], [-0.51251, 44.55456, 80.81910533910533], [-0.5124, 44.55493, 80.81910533910533], [-0.51223, 44.55505, 80.81910533910533], [-0.51202, 44.55513, 80.81910533910533], [-0.51178, 44.55514, 80.81910533910533], [-0.51148, 44.55507, 81.4], [-0.5113, 44.55496, 81.4], [-0.51118, 44.55481, 81.0111111111111], [-0.51116, 44.55464, 81.0111111111111], [-0.51123, 44.55444, 80.9], [-0.51137, 44.55429, 80.9]]]}}, {"type": "Feature", "properties": {"id_obligation": "331970000A0489", "priorite": "moyenne"}, "geometry": {"type": "Polygon", "coordinates": [[[-0.5121, 44.55494, 80.425], [-0.5118, 44.55495, 80.425], [-0.51145, 44.55483, 81.4], [-0.51153, 44.55471, 81.4], [-0.51145, 44.55469, 81.4], [-0.51138, 44.5548, 81.4], [-0.51134, 44.55477, 80.7], [-0.51141, 44.55467, 80.7], [-0.51122, 44.55462, 80.7], [-0.51121, 44.5544, 80.80909090909091], [-0.51135, 44.55414, 80.89760101010101], [-0.51152, 44.55402, 80.89760101010101], [-0.51174, 44.55396, 81.21818181818182], [-0.51198, 44.55395, 81.21818181818182], [-0.51231, 44.55404, 81.6], [-0.5125, 44.55416, 81.6], [-0.51259, 44.55433, 80.89760101010101], [-0.5126, 44.55451, 80.89760101010101], [-0.51247, 44.55473, 80.89760101010101], [-0.5123, 44.55485, 80.89760101010101], [-0.5121, 44.55494, 80.425]]]}}, {"type": "Feature", "properties": {"id_obligation": "331970000A0649", "priorite": "moyenne"}, "geometry": {"type": "Polygon", "coordinates": [[[-0.51378, 44.5498, 83.82961538461538], [-0.5137, 44.54959, 84.10000000000001], [-0.51373, 44.54946, 84.46783138160313], [-0.51406, 44.54953, 83.3], [-0.51416, 44.54929, 83.4], [-0.51381, 44.54926, 84.4], [-0.51405, 44.54904, 83.65], [-0.51428, 44.54897, 83.65], [-0.51453, 44.54897, 83.65], [-0.51524, 44.54912, 83.82961538461538], [-0.51553, 44.54928, 83.82961538461538], [-0.51562, 44.54944, 83.7], [-0.51563, 44.54962, 83.7], [-0.5155, 44.54991, 83.82961538461538], [-0.51531, 44.55007, 83.82961538461538], [-0.51491, 44.55015, 83.82961538461538], [-0.51404, 44.54999, 83.82961538461538], [-0.51378, 44.5498, 83.82961538461538]]]}}, {"type": "Feature", "properties": {"id_obligation": "331970000A0695", "priorite": "forte"}, "geometry": {"type": "Polygon", "coordinates": [[[-0.52443, 44.55233, 81.10187301587301], [-0.52428, 44.55214, 81.10187301587301], [-0.52426, 44.55196, 81.10187301587301], [-0.52436, 44.55169, 81.10187301587301], [-0.5245, 44.55155, 81.10187301587301], [-0.52476, 44.55145, 80.47999999999999], [-0.52501, 44.55143, 80.47999999999999], [-0.52518, 44.55146, 80.0], [-0.52516, 44.55149, 80.0], [-0.52524, 44.55151, 80.0], [-0.5253, 44.55149, 80.55555555555556], [-0.52554, 44.55162, 80.55555555555556], [-0.52565, 44.55178, 81.05714285714285], [-0.52567, 44.55196, 81.05714285714285], [-0.52557, 44.55222, 81.10187301587301], [-0.52543, 44.55236, 81.10187301587301], [-0.52522, 44.55246, 81.89999999999999], [-0.52498, 44.55249, 81.89999999999999], [-0.52469, 44.55245, 81.10187301587301], [-0.52443, 44.55233, 81.10187301587301]]]}}, {"type": "Feature", "properties": {"id_obligation": "331970000A0786", "priorite": "moyenne"}, "geometry": {"type": "Polygon", "coordinates": [[[-0.51189, 44.55283, 83.6], [-0.51211, 44.55274, 81.13333333333334], [-0.51237, 44.55273, 81.13333333333334], [-0.51266, 44.5528, 80.04444444444444], [-0.51284, 44.55291, 80.04444444444444], [-0.51295, 44.55306, 81.9443137254902], [-0.51297, 44.55324, 81.9443137254902], [-0.51288, 44.55345, 81.9443137254902], [-0.51273, 44.55358, 81.9443137254902], [-0.51252, 44.55366, 81.9443137254902], [-0.51228, 44.55368, 81.9443137254902], [-0.51198, 44.55362, 81.9443137254902], [-0.51178, 44.55351, 81.9443137254902], [-0.51166, 44.55336, 82.48823529411764], [-0.51164, 44.55319, 82.6], [-0.5117, 44.5533, 82.6], [-0.51181, 44.55327, 82.6], [-0.51172, 44.55312, 82.0], [-0.51164, 44.55314, 82.0], [-0.5117, 44.55301, 83.6], [-0.51189, 44.55283, 83.6]]]}}, {"type": "Feature", "properties": {"id_obligation": "331970000A0791", "priorite": "moyenne"}, "geometry": {"type": "Polygon", "coordinates": [[[-0.51322, 44.55305, 80.88143790849674], [-0.51305, 44.55317, 80.88143790849674], [-0.51283, 44.55324, 81.8], [-0.5125, 44.55324, 81.8], [-0.51215, 44.55314, 83.86248744865975], [-0.51217, 44.55302, 83.1], [-0.51203, 44.553, 83.1], [-0.51201, 44.55308, 84.1], [-0.51192, 44.55301, 82.89999999999999], [-0.51179, 44.55282, 80.88143790849674], [-0.51179, 44.55265, 80.88143790849674], [-0.51193, 44.55242, 80.88143790849674], [-0.51229, 44.5522, 80.35], [-0.51251, 44.55213, 80.35], [-0.51281, 44.55213, 80.35], [-0.51314, 44.55224, 79.52777777777779], [-0.51333, 44.55241, 79.52777777777779], [-0.51339, 44.55262, 80.88143790849674], [-0.51322, 44.55305, 80.88143790849674]]]}}, {"type": "Feature", "properties": {"id_obligation": "331970000A0792", "priorite": "moyenne"}, "geometry": {"type": "MultiPolygon", "coordinates": [[[[-0.51211, 44.55197, 80.06433531746032], [-0.5124, 44.55188, 80.06433531746032], [-0.51265, 44.55189, 80.06433531746032], [-0.51286, 44.55195, 80.55714285714284], [-0.51297, 44.552, 80.55714285714284], [-0.51286, 44.55209, 80.5], [-0.51306, 44.55216, 82.1], [-0.51311, 44.55211, 82.1], [-0.51322, 44.55234, 79.55714285714286], [-0.51318, 44.55251, 79.55714285714286], [-0.51302, 44.55275, 80.06433531746032], [-0.51284, 44.55287, 79.88750000000002], [-0.51261, 44.55292, 79.88750000000002], [-0.51236, 44.55291, 79.88750000000002], [-0.51204, 44.55281, 80.06433531746032], [-0.51188, 44.55268, 80.06433531746032], [-0.5118, 44.55251, 80.06433531746032], [-0.51182, 44.55233, 80.06433531746032], [-0.51192, 44.55214, 80.06433531746032], [-0.51211, 44.55197, 80.06433531746032]]]]}}, {"type": "Feature", "properties": {"id_obligation": "331970000A0796", "priorite": "moyenne"}, "geometry": {"type": "Polygon", "coordinates": [[[-0.51306, 44.55216, 82.1], [-0.51312, 44.55209, 82.1], [-0.51308, 44.55207, 80.5], [-0.5132, 44.55198, 80.3941176470588], [-0.51349, 44.55189, -783.98], [-0.5138, 44.55191, -783.98], [-0.51411, 44.55203, -180.90063725490197], [-0.51425, 44.55217, -180.90063725490197], [-0.51432, 44.55237, -180.90063725490197], [-0.51427, 44.55254, -180.90063725490197], [-0.51409, 44.5528, -180.90063725490197], [-0.5139, 44.55291, -180.90063725490197], [-0.51361, 44.55296, -180.90063725490197], [-0.51337, 44.55293, -180.90063725490197], [-0.51311, 44.55283, -180.90063725490197], [-0.51295, 44.5527, -180.90063725490197], [-0.51288, 44.55253, 79.4], [-0.51292, 44.55231, 79.31646322870377], [-0.51312, 44.55237, 79.5], [-0.51315, 44.5523, 79.5], [-0.51306, 44.55227, 79.5], [-0.51309, 44.55224, 79.1], [-0.51297, 44.55223, 79.82346338770817], [-0.51302, 44.55214, 80.71963659288834], [-0.51306, 44.55216, 82.1]]]}}, {"type": "Feature", "properties": {"id_obligation": "331970000A0803", "priorite": "moyenne"}, "geometry": {"type": "Polygon", "coordinates": [[[-0.51413, 44.55199, -54.76972222222224], [-0.51422, 44.55219, -54.76972222222224], [-0.51416, 44.55241, -54.76972222222224], [-0.51399, 44.55259, -54.76972222222224], [-0.51377, 44.55268, 80.7], [-0.51353, 44.5527, 80.7], [-0.51329, 44.55266, -54.76972222222224], [-0.51298, 44.55251, -54.76972222222224], [-0.51285, 44.55236, 79.91111111111111], [-0.51282, 44.55218, 79.91111111111111], [-0.51288, 44.55201, 80.3], [-0.51306, 44.55184, 80.3], [-0.51327, 44.55175, -54.76972222222224], [-0.51351, 44.55173, -54.76972222222224], [-0.51397, 44.55186, -54.76972222222224], [-0.51413, 44.55199, -54.76972222222224]]]}}, {"type": "Feature", "properties": {"id_obligation": "331970000A0804", "priorite": "moyenne"}, "geometry": {"type": "Polygon", "coordinates": [[[-0.51291, 44.55175, -41.09075617283951], [-0.51321, 44.5517, 80.3], [-0.51346, 44.55173, -41.09075617283951], [-0.51379, 44.55187, -41.09075617283951], [-0.51394, 44.55201, -41.09075617283951], [-0.51401, 44.55218, -567.72], [-0.51398, 44.55235, -567.72], [-0.51383, 44.55255, 80.7], [-0.51364, 44.55266, 80.7], [-0.51335, 44.55272, -41.09075617283951], [-0.51311, 44.55268, -41.09075617283951], [-0.51278, 44.55255, 80.4], [-0.51262, 44.55242, 80.4], [-0.51255, 44.55226, 79.81249999999999], [-0.51257, 44.55208, 79.81249999999999], [-0.51268, 44.55191, -41.09075617283951], [-0.51291, 44.55175, -41.09075617283951]]]}}, {"type": "Feature", "properties": {"id_obligation": "331970000A0806", "priorite": "moyenne"}, "geometry": {"type": "Polygon", "coordinates": [[[-0.51405, 44.55108, 80.79999999999998], [-0.514, 44.55125, 80.79999999999998], [-0.51384, 44.55145, 80.79999999999998], [-0.51364, 44.55155, 80.79999999999998], [-0.51341, 44.55159, 81.16153846153847], [-0.51317, 44.55157, 81.16153846153847], [-0.51279, 44.55141, 81.6], [-0.51287, 44.55142, 81.6], [-0.51288, 44.55134, 81.6], [-0.51278, 44.55133, 81.6], [-0.51277, 44.5514, 81.6], [-0.51267, 44.55129, 80.5], [-0.5126, 44.55112, 80.95833333333334], [-0.51264, 44.55095, 79.85999999999999], [-0.51277, 44.55076, 79.85999999999999], [-0.51301, 44.55062, 79.85999999999999], [-0.51334, 44.55057, 80.9], [-0.51329, 44.55071, 80.9], [-0.51344, 44.55074, 80.9], [-0.51343, 44.55079, 80.9], [-0.51349, 44.5508, 80.9], [-0.51355, 44.55061, 80.9], [-0.51381, 44.55073, 80.82093406593408], [-0.51397, 44.55088, 80.82093406593408], [-0.51405, 44.55108, 80.79999999999998]]]}}, {"type": "Feature", "properties": {"id_obligation": "331970000A0816", "priorite": "moyenne"}, "geometry": {"type": "Polygon", "coordinates": [[[-0.51422, 44.54985, 81.89976063152533], [-0.51435, 44.55009, 80.9], [-0.51408, 44.55095, 81.89976063152533], [-0.51396, 44.5511, 81.89976063152533], [-0.51377, 44.5512, 81.89976063152533], [-0.51353, 44.55125, 81.23529411764707], [-0.51323, 44.55122, 81.23529411764707], [-0.51278, 44.55098, 79.86000000000001], [-0.51268, 44.55082, 79.86000000000001], [-0.51267, 44.55064, 81.96666666666665], [-0.51243, 44.55041, 81.96666666666665], [-0.51241, 44.55019, 81.96666666666665], [-0.51255, 44.54984, 84.1], [-0.51275, 44.54961, 84.1], [-0.51303, 44.54952, 84.1], [-0.51297, 44.54967, 84.1], [-0.51326, 44.54973, 84.1], [-0.51334, 44.54953, 84.1], [-0.5136, 44.54958, 83.73636363636362], [-0.51366, 44.5496, 83.73636363636362], [-0.51422, 44.54985, 81.89976063152533]]]}}, {"type": "Feature", "properties": {"id_obligation": "331970000A0817", "priorite": "moyenne"}, "geometry": {"type": "Polygon", "coordinates": [[[-0.51249, 44.54997, 82.63113095238096], [-0.51234, 44.54973, 82.63113095238096], [-0.51244, 44.54935, 82.63113095238096], [-0.51256, 44.54919, 82.63113095238096], [-0.51275, 44.54908, 82.63113095238096], [-0.51304, 44.54902, 83.09374999999999], [-0.51351, 44.5491, 84.42857142857143], [-0.51373, 44.54918, 84.42857142857143], [-0.51386, 44.54927, 84.4], [-0.51333, 44.54912, 84.4], [-0.51323, 44.54924, 80.7], [-0.51328, 44.54925, 84.4], [-0.51324, 44.54936, 83.2], [-0.51397, 44.54951, 84.5], [-0.51386, 44.54986, 80.9], [-0.51375, 44.55001, 80.9], [-0.51362, 44.5501, 80.9], [-0.5135, 44.55008, 80.9], [-0.51347, 44.55016, 80.9], [-0.51335, 44.55018, 83.3], [-0.51342, 44.55002, 83.3], [-0.51316, 44.54996, 83.3], [-0.51307, 44.55016, 83.3], [-0.51274, 44.55009, 82.63113095238096], [-0.51249, 44.54997, 82.63113095238096]]]}}, {"type": "Feature", "properties": {"id_obligation": "331970000A0818", "priorite": "moyenne"}, "geometry": {"type": "Polygon", "coordinates": [[[-0.51461, 44.54907, 83.0], [-0.51472, 44.54932, 83.0], [-0.51469, 44.54947, 84.04426302954617], [-0.51424, 44.54939, 80.6], [-0.51418, 44.54954, 80.6], [-0.51456, 44.54963, 83.72358483373434], [-0.51428, 44.54987, 83.66250000000001], [-0.51406, 44.54994, 84.10000000000001], [-0.51382, 44.54994, 84.10000000000001], [-0.51307, 44.54979, 84.10000000000001], [-0.51279, 44.54964, 84.10000000000001], [-0.51265, 44.54933, 82.625], [-0.51269, 44.54894, 81.9], [-0.5128, 44.54869, 81.9], [-0.51301, 44.54853, 81.9], [-0.51331, 44.54846, 81.9], [-0.51363, 44.5485, 82.1], [-0.51388, 44.54862, 82.1], [-0.51404, 44.54883, 82.1], [-0.51427, 44.54889, 83.2046875], [-0.51461, 44.54907, 83.0]]]}}, {"type": "Feature", "properties": {"id_obligation": "331970000A0820", "priorite": "moyenne"}, "geometry": {"type": "Polygon", "coordinates": [[[-0.51491, 44.54915, 83.36892857142858], [-0.515, 44.54927, 83.71249999999999], [-0.515, 44.54954, 84.25894210691837], [-0.51428, 44.54939, 84.2], [-0.51418, 44.54954, 80.6], [-0.51494, 44.5497, 83.4], [-0.51478, 44.5499, 83.4], [-0.51452, 44.55001, 83.4], [-0.51422, 44.55003, 83.36892857142858], [-0.5137, 44.54992, 83.36892857142858], [-0.51347, 44.5498, 83.36892857142858], [-0.51325, 44.54982, 84.1], [-0.51301, 44.54978, 84.1], [-0.51276, 44.54965, 83.42], [-0.51264, 44.5495, 83.42], [-0.51261, 44.54932, 83.42], [-0.51271, 44.54906, 82.1], [-0.51286, 44.54892, 82.1], [-0.51308, 44.54884, 82.1], [-0.51338, 44.54882, 82.1], [-0.51364, 44.5489, 83.25], [-0.5139, 44.54882, 83.25], [-0.51415, 44.54882, 83.25], [-0.51446, 44.54889, 83.36892857142858], [-0.51491, 44.54915, 83.36892857142858]]]}}, {"type": "Feature", "properties": {"id_obligation": "331970000A0906", "priorite": "forte"}, "geometry": {"type": "Polygon", "coordinates": [[[-0.52479, 44.55198, 81.7], [-0.52465, 44.55183, 81.7], [-0.52461, 44.55162, 80.6], [-0.5247, 44.55141, 80.81513605442179], [-0.5249, 44.55124, 80.81513605442179], [-0.52513, 44.55118, 80.0], [-0.52537, 44.55118, 80.0], [-0.52565, 44.55123, 80.81513605442179], [-0.52584, 44.55135, 80.81513605442179], [-0.52596, 44.5515, 80.375], [-0.52598, 44.55167, 80.375], [-0.5259, 44.55189, 81.28333333333335], [-0.52574, 44.55203, 81.28333333333335], [-0.52552, 44.55211, 81.03333333333333], [-0.52504, 44.55209, 81.7], [-0.52479, 44.55198, 81.7]]]}}, {"type": "Feature", "properties": {"id_obligation": "331970000A0909", "priorite": "forte"}, "geometry": {"type": "Polygon", "coordinates": [[[-0.52477, 44.5511, 80.771875], [-0.52505, 44.551, 80.771875], [-0.52529, 44.551, 80.771875], [-0.52559, 44.55108, 80.771875], [-0.52577, 44.55119, 80.771875], [-0.52587, 44.55135, 80.771875], [-0.52589, 44.55152, 80.771875], [-0.52578, 44.55174, 80.25555555555556], [-0.52578, 44.55168, 79.6], [-0.52571, 44.55168, 79.6], [-0.5257, 44.55176, 79.5], [-0.52575, 44.55177, 79.5773825184309], [-0.52557, 44.55189, 81.1], [-0.52558, 44.55182, 81.1], [-0.52547, 44.55181, 81.1], [-0.52545, 44.55193, 81.1], [-0.5254, 44.55194, 81.375], [-0.52516, 44.55196, 81.375], [-0.52503, 44.55193, 81.7], [-0.52504, 44.5519, 81.7], [-0.52485, 44.55188, 81.0125], [-0.52466, 44.55177, 81.0125], [-0.52455, 44.5516, 80.771875], [-0.52454, 44.55142, 80.771875], [-0.52462, 44.55124, 80.771875], [-0.52477, 44.5511, 80.771875]]]}}, {"type": "Feature", "properties": {"id_obligation": "331970000A0915", "priorite": "forte"}, "geometry": {"type": "Polygon", "coordinates": [[[-0.53451, 44.56493, 77.28833333333334], [-0.53423, 44.56501, 77.28833333333334], [-0.53398, 44.56501, 77.28833333333334], [-0.5337, 44.56493, 77.28833333333334], [-0.53351, 44.56481, 77.28833333333334], [-0.53341, 44.56465, 77.28833333333334], [-0.5334, 44.56447, 77.28833333333334], [-0.53352, 44.56425, 77.28833333333334], [-0.53374, 44.5641, 77.28833333333334], [-0.53398, 44.56405, 77.34], [-0.53422, 44.56406, 77.34], [-0.53449, 44.56415, 76.8], [-0.53467, 44.56427, 76.8], [-0.53476, 44.56444, 77.28833333333334], [-0.53476, 44.56462, 77.28833333333334], [-0.53467, 44.56479, 77.28833333333334], [-0.53451, 44.56493, 77.28833333333334]]]}}, {"type": "Feature", "properties": {"id_obligation": "331970000A0916", "priorite": "forte"}, "geometry": {"type": "Polygon", "coordinates": [[[-0.53425, 44.56489, 77.35714285714286], [-0.53396, 44.56493, 77.35714285714286], [-0.53358, 44.56485, 77.35714285714286], [-0.53339, 44.56474, 77.35714285714286], [-0.53326, 44.56454, 77.35714285714286], [-0.53326, 44.56437, 77.35714285714286], [-0.5334, 44.56411, 77.35714285714286], [-0.53356, 44.56397, 77.35714285714286], [-0.53378, 44.56389, 77.87142857142858], [-0.53403, 44.56388, 77.87142857142858], [-0.53432, 44.56395, 77.35714285714286], [-0.53453, 44.56405, 77.35714285714286], [-0.53466, 44.56421, 76.8], [-0.5347, 44.56438, 76.8], [-0.53449, 44.56476, 77.35714285714286], [-0.53425, 44.56489, 77.35714285714286]]]}}, {"type": "Feature", "properties": {"id_obligation": "331970000A0919", "priorite": "forte"}, "geometry": {"type": "Polygon", "coordinates": [[[-0.53378, 44.5638, 77.26031746031745], [-0.53406, 44.56372, 77.26031746031745], [-0.5343, 44.56373, 77.26031746031745], [-0.53465, 44.56383, 77.26031746031745], [-0.53487, 44.56399, 77.26031746031745], [-0.53495, 44.56415, 77.26031746031745], [-0.53494, 44.56433, 77.26031746031745], [-0.53484, 44.5645, 77.26031746031745], [-0.53468, 44.56463, 77.26031746031745], [-0.5344, 44.56472, 78.88571428571429], [-0.53416, 44.56471, 78.88571428571429], [-0.53381, 44.56461, 76.1], [-0.53362, 44.56449, 76.1], [-0.53351, 44.56433, 76.83333333333333], [-0.5335, 44.56415, 76.83333333333333], [-0.53358, 44.56397, 77.26031746031745], [-0.53378, 44.5638, 77.26031746031745]]]}}, {"type": "Feature", "properties": {"id_obligation": "331970000A0925", "priorite": "très forte"}, "geometry": {"type": "Polygon", "coordinates": [[[-0.53105, 44.56507, 73.57142857142857], [-0.53106, 44.56486, 73.57142857142857], [-0.53119, 44.56467, 73.57142857142857], [-0.53138, 44.56455, 73.57142857142857], [-0.53162, 44.5645, 73.57142857142857], [-0.53187, 44.56452, 73.57142857142857], [-0.53213, 44.5646, 73.57142857142857], [-0.53233, 44.56476, 73.57142857142857], [-0.5324, 44.56493, 73.57142857142857], [-0.53239, 44.5651, 73.57142857142857], [-0.53228, 44.56529, 73.57142857142857], [-0.53206, 44.56544, 73.57142857142857], [-0.53183, 44.56549, 73.57142857142857], [-0.53153, 44.56547, 73.57142857142857], [-0.5313, 44.56537, 73.57142857142857], [-0.53105, 44.56507, 73.57142857142857]]]}}, {"type": "Feature", "properties": {"id_obligation": "331970000A0929", "priorite": "forte"}, "geometry": {"type": "Polygon", "coordinates": [[[-0.53332, 44.56377, 76.1], [-0.53353, 44.56386, 76.1], [-0.53367, 44.56401, 76.1], [-0.53372, 44.56418, 76.76398601398603], [-0.53365, 44.56442, 76.76398601398603], [-0.53353, 44.56458, 76.76398601398603], [-0.53328, 44.56471, 76.76398601398603], [-0.53303, 44.56474, 76.96363636363638], [-0.53271, 44.56469, 76.76398601398603], [-0.53249, 44.5646, 76.76398601398603], [-0.53234, 44.56447, 76.76398601398603], [-0.53227, 44.56425, 76.76398601398603], [-0.53234, 44.56403, 76.76398601398603], [-0.53252, 44.56385, 76.76398601398603], [-0.53278, 44.56374, 75.9923076923077], [-0.53309, 44.56372, 75.9923076923077], [-0.53332, 44.56377, 76.1]]]}}, {"type": "Feature", "properties": {"id_obligation": "331970000A0941", "priorite": "forte"}, "geometry": {"type": "Polygon", "coordinates": [[[-0.55126, 44.557, 73.9], [-0.5509, 44.55696, 74.42500000000001], [-0.55062, 44.55683, 74.42500000000001], [-0.55046, 44.5566, 74.42500000000001], [-0.55051, 44.55634, 74.42500000000001], [-0.55083, 44.55599, 74.42500000000001], [-0.55101, 44.55587, 74.42500000000001], [-0.55124, 44.55581, 74.42500000000001], [-0.55149, 44.55581, 74.42500000000001], [-0.55172, 44.55588, 74.42500000000001], [-0.55195, 44.55603, 74.42500000000001], [-0.55207, 44.55623, 74.2], [-0.552, 44.55653, 74.2], [-0.55175, 44.55678, 73.9], [-0.55154, 44.55691, 73.9], [-0.55126, 44.557, 73.9]]]}}, {"type": "Feature", "properties": {"id_obligation": "331970000A0969", "priorite": "moyenne"}, "geometry": {"type": "Polygon", "coordinates": [[[-0.51423, 44.55121, 80.93738110628867], [-0.51429, 44.55137, 80.60000000000001], [-0.51424, 44.55162, 80.60000000000001], [-0.5141, 44.55177, 80.60000000000001], [-0.51387, 44.5519, 80.60000000000001], [-0.51363, 44.55194, 80.96923076923076], [-0.51335, 44.55192, 80.96923076923076], [-0.51308, 44.55182, 81.6], [-0.51278, 44.55149, 81.6], [-0.51272, 44.55133, 80.35714285714288], [-0.51277, 44.55112, 80.35714285714288], [-0.51283, 44.55103, 79.8], [-0.51289, 44.55106, 79.9], [-0.5129, 44.55103, 79.9], [-0.51284, 44.55102, 79.80435833663026], [-0.51294, 44.55092, 80.35714285714288], [-0.5132, 44.55081, 80.35714285714288], [-0.51349, 44.5508, 81.23529411764707], [-0.51375, 44.55087, 80.93738110628867], [-0.5141, 44.55107, 80.93738110628867], [-0.51423, 44.55121, 80.93738110628867]]]}}, {"type": "Feature", "properties": {"id_obligation": "331970000A0972", "priorite": "moyenne"}, "geometry": {"type": "Polygon", "coordinates": [[[-0.51253, 44.55247, 80.4], [-0.51259, 44.55235, 80.4], [-0.51247, 44.55233, 80.3], [-0.51244, 44.55242, 80.36509038283282], [-0.51227, 44.55226, -89.41828144078143], [-0.51223, 44.55208, -89.41828144078143], [-0.51228, 44.55191, -89.41828144078143], [-0.51246, 44.55171, 81.28333333333333], [-0.51253, 44.55166, 81.4], [-0.51261, 44.55168, 81.4], [-0.51265, 44.5516, 81.28333333333333], [-0.51288, 44.55155, -89.41828144078143], [-0.51319, 44.55159, -89.41828144078143], [-0.51354, 44.55175, -89.41828144078143], [-0.51369, 44.55189, -783.98], [-0.51375, 44.5521, -783.98], [-0.5137, 44.55227, -73.88571428571426], [-0.51364, 44.55235, 80.7], [-0.51359, 44.55233, 80.7], [-0.51349, 44.55249, -73.88571428571426], [-0.51323, 44.55259, 79.40769230769232], [-0.51298, 44.55261, 79.40769230769232], [-0.51253, 44.55247, 80.4]]]}}, {"type": "Feature", "properties": {"id_obligation": "331970000A0983", "priorite": "très forte"}, "geometry": {"type": "Polygon", "coordinates": [[[-0.54006, 44.55845, -327.925], [-0.54004, 44.55868, -327.925], [-0.53986, 44.55894, -327.925], [-0.53968, 44.55906, -327.925], [-0.53945, 44.55933, -1000.0], [-0.53918, 44.55944, -1000.0], [-0.53893, 44.55946, -1000.0], [-0.53869, 44.5594, -327.925], [-0.53846, 44.55928, -327.925], [-0.53831, 44.55909, -327.925], [-0.5383, 44.55887, -327.925], [-0.5384, 44.55871, -327.925], [-0.53859, 44.55854, -327.925], [-0.53855, 44.55824, -327.925], [-0.53867, 44.55801, -327.925], [-0.53882, 44.55787, -327.925], [-0.53916, 44.55776, 74.99999999999999], [-0.5396, 44.55782, -327.925], [-0.53986, 44.55801, -327.925], [-0.54006, 44.55845, -327.925]]]}}, {"type": "Feature", "properties": {"id_obligation": "331970000A0985", "priorite": "forte"}, "geometry": {"type": "Polygon", "coordinates": [[[-0.52514, 44.5529, 80.44999999999999], [-0.52502, 44.5527, 81.2], [-0.52506, 44.55248, 81.2], [-0.52525, 44.55221, 80.44999999999999], [-0.52549, 44.55208, 79.0], [-0.52573, 44.55204, 79.0], [-0.52597, 44.55207, 79.0], [-0.52627, 44.55218, 80.44999999999999], [-0.52644, 44.55232, 80.44999999999999], [-0.52652, 44.55253, 80.44999999999999], [-0.52647, 44.55271, 80.44999999999999], [-0.5263, 44.55293, 80.44999999999999], [-0.52612, 44.55305, 80.44999999999999], [-0.52588, 44.55311, 80.44999999999999], [-0.52563, 44.55311, 80.44999999999999], [-0.52537, 44.55304, 80.44999999999999], [-0.52514, 44.5529, 80.44999999999999]]]}}, {"type": "Feature", "properties": {"id_obligation": "331970000A0986", "priorite": "forte"}, "geometry": {"type": "Polygon", "coordinates": [[[-0.52596, 44.55234, 80.67087542087542], [-0.52567, 44.55243, 79.0], [-0.52531, 44.55242, 81.89999999999999], [-0.52504, 44.55232, 81.9], [-0.52511, 44.5522, 81.9], [-0.52497, 44.55217, 81.9], [-0.52494, 44.55224, 81.9], [-0.52482, 44.55201, 81.13636363636365], [-0.52486, 44.55171, 81.13636363636365], [-0.52499, 44.55151, 80.16666666666667], [-0.52536, 44.5513, 81.0], [-0.52558, 44.55124, 81.0], [-0.5259, 44.55124, 80.67087542087542], [-0.52618, 44.55133, 80.67087542087542], [-0.52637, 44.55152, 80.67087542087542], [-0.52641, 44.55169, 80.67087542087542], [-0.52634, 44.55196, 80.67087542087542], [-0.52596, 44.55234, 80.67087542087542]]]}}, {"type": "Feature", "properties": {"id_obligation": "331970000A0988", "priorite": "très forte"}, "geometry": {"type": "MultiPolygon", "coordinates": [[[[-0.54784, 44.56819, 77.19999999999999], [-0.54763, 44.56828, 77.19999999999999], [-0.54738, 44.56831, 77.15], [-0.54699, 44.56824, 77.4482564102564], [-0.5467, 44.56807, 77.4482564102564], [-0.54659, 44.56792, 77.4482564102564], [-0.54656, 44.56774, 77.4482564102564], [-0.54665, 44.56749, 77.4482564102564], [-0.5468, 44.56735, 77.4482564102564], [-0.54701, 44.56727, 77.4482564102564], [-0.54725, 44.56725, 77.4482564102564], [-0.54757, 44.5673, 78.48461538461538], [-0.54763, 44.56733, 78.22534054622656], [-0.54762, 44.56739, 78.4], [-0.54768, 44.5674, 78.4], [-0.54759, 44.56751, 78.4], [-0.54782, 44.56754, 78.6], [-0.54784, 44.56746, 78.6], [-0.54792, 44.56751, 78.48461538461538], [-0.54802, 44.56763, 77.26666666666667], [-0.54806, 44.5678, 77.26666666666667], [-0.54801, 44.568, 77.19999999999999], [-0.54784, 44.56819, 77.19999999999999]]], [[[-0.54778, 44.56746, 78.6], [-0.54779, 44.56742, 78.6], [-0.54784, 44.56746, 78.6], [-0.54778, 44.56746, 78.6]]]]}}, {"type": "Feature", "properties": {"id_obligation": "331970000A0991", "priorite": "forte"}, "geometry": {"type": "Polygon", "coordinates": [[[-0.53351, 44.56487, 76.86507936507938], [-0.53327, 44.56501, 76.86507936507938], [-0.53296, 44.56505, 76.86507936507938], [-0.53265, 44.56499, 76.86507936507938], [-0.53245, 44.56488, 76.86507936507938], [-0.53231, 44.56469, 76.86507936507938], [-0.53229, 44.56452, 76.86507936507938], [-0.5324, 44.56425, 76.86507936507938], [-0.53259, 44.56408, 76.86507936507938], [-0.53282, 44.56401, 77.32857142857145], [-0.53306, 44.564, 77.32857142857145], [-0.53335, 44.56406, 76.1], [-0.53355, 44.56416, 76.1], [-0.53368, 44.56431, 76.86507936507938], [-0.53372, 44.56448, 76.86507936507938], [-0.53351, 44.56487, 76.86507936507938]]]}}, {"type": "Feature", "properties": {"id_obligation": "331970000A0994", "priorite": "forte"}, "geometry": {"type": "Polygon", "coordinates": [[[-0.53245, 44.56373, 77.1236263736264], [-0.53258, 44.56358, 77.1236263736264], [-0.53278, 44.56348, 77.1236263736264], [-0.53302, 44.56344, 77.1236263736264], [-0.53342, 44.5635, 77.1236263736264], [-0.53365, 44.56358, 77.1236263736264], [-0.53381, 44.56372, 77.1236263736264], [-0.53389, 44.56393, 77.1236263736264], [-0.53381, 44.5642, 77.1236263736264], [-0.53356, 44.56447, 77.1236263736264], [-0.53331, 44.5646, 77.4857142857143], [-0.53302, 44.56464, 77.4857142857143], [-0.53268, 44.56457, 77.1236263736264], [-0.53244, 44.56443, 77.1236263736264], [-0.53233, 44.56422, 77.1236263736264], [-0.53245, 44.56373, 77.1236263736264]]]}}, {"type": "Feature", "properties": {"id_obligation": "331970000A0995", "priorite": "très forte"}, "geometry": {"type": "Polygon", "coordinates": [[[-0.5382, 44.56846, -282.7166666666667], [-0.53803, 44.56869, -282.7166666666667], [-0.53743, 44.56891, -1000.0], [-0.53717, 44.56891, -1000.0], [-0.53691, 44.56885, -282.7166666666667], [-0.53672, 44.56874, -282.7166666666667], [-0.53657, 44.56855, -282.7166666666667], [-0.53659, 44.56824, -282.7166666666667], [-0.53681, 44.56803, -282.7166666666667], [-0.53656, 44.56791, -282.7166666666667], [-0.53643, 44.56776, -282.7166666666667], [-0.5364, 44.56758, -282.7166666666667], [-0.53647, 44.56732, -282.7166666666667], [-0.53662, 44.56718, -282.7166666666667], [-0.53688, 44.56708, -282.7166666666667], [-0.53741, 44.56712, 76.3], [-0.53808, 44.56745, -282.7166666666667], [-0.53821, 44.56765, -282.7166666666667], [-0.5382, 44.56846, -282.7166666666667]]]}}, {"type": "Feature", "properties": {"id_obligation": "331970000A1000", "priorite": "forte"}, "geometry": {"type": "Polygon", "coordinates": [[[-0.51144, 44.55567, 81.58859649122807], [-0.51159, 44.5558, 81.58859649122807], [-0.51166, 44.55596, 81.58859649122807], [-0.51164, 44.55614, 81.58859649122807], [-0.51135, 44.5567, 81.58859649122807], [-0.51121, 44.55685, 81.58859649122807], [-0.51092, 44.55698, 81.75], [-0.51056, 44.55698, 81.58859649122807], [-0.5103, 44.55686, 81.58859649122807], [-0.51009, 44.55666, 81.58859649122807], [-0.51002, 44.55648, 81.58859649122807], [-0.51004, 44.55631, 81.58859649122807], [-0.51035, 44.55578, 81.58859649122807], [-0.5105, 44.55565, 81.58859649122807], [-0.51082, 44.55554, 81.20000000000002], [-0.51119, 44.55557, 81.58859649122807], [-0.51144, 44.55567, 81.58859649122807]]]}}, {"type": "Feature", "properties": {"id_obligation": "331970000A1002", "priorite": "moyenne"}, "geometry": {"type": "Polygon", "coordinates": [[[-0.51377, 44.55228, -519.9111111111112], [-0.51371, 44.55251, 80.7], [-0.51359, 44.55266, 80.7], [-0.51334, 44.55279, 80.7], [-0.51304, 44.55281, -19.775047930283232], [-0.51271, 44.55274, 79.37530110908935], [-0.51272, 44.5527, 79.5], [-0.51267, 44.55273, 80.55216142926443], [-0.51249, 44.55265, 79.85882352941178], [-0.51231, 44.55246, 80.35], [-0.51228, 44.55225, 80.35], [-0.51237, 44.55203, -19.775047930283232], [-0.51252, 44.55189, -19.775047930283232], [-0.51273, 44.5518, -19.775047930283232], [-0.51297, 44.55177, 80.60000000000001], [-0.51332, 44.55183, -19.775047930283232], [-0.51353, 44.55192, -19.775047930283232], [-0.51369, 44.55207, -19.775047930283232], [-0.51377, 44.55228, -519.9111111111112]]]}}, {"type": "Feature", "properties": {"id_obligation": "331970000A1003", "priorite": "très forte"}, "geometry": {"type": "Polygon", "coordinates": [[[-0.55085, 44.55697, 74.875], [-0.55077, 44.55676, 74.875], [-0.55081, 44.55659, 74.875], [-0.55103, 44.55634, 75.7], [-0.5513, 44.55622, 75.7], [-0.55155, 44.55621, 75.7], [-0.55196, 44.55634, 74.2], [-0.5519, 44.55646, 74.2], [-0.552, 44.55649, 74.2], [-0.55205, 44.5564, 74.2], [-0.55218, 44.55657, 74.875], [-0.5522, 44.55674, 74.875], [-0.55214, 44.55691, 74.875], [-0.55195, 44.5571, 74.875], [-0.55175, 44.5572, 74.875], [-0.55152, 44.55724, 74.875], [-0.55128, 44.55721, 74.875], [-0.55102, 44.55711, 74.875], [-0.55085, 44.55697, 74.875]]]}}, {"type": "Feature", "properties": {"id_obligation": "331970000A1014", "priorite": "très forte"}, "geometry": {"type": "Polygon", "coordinates": [[[-0.55295, 44.55637, 74.5], [-0.55301, 44.55663, 74.5], [-0.55282, 44.55691, 74.69166666666665], [-0.55258, 44.55705, 74.69166666666665], [-0.55234, 44.5571, 74.69166666666665], [-0.55204, 44.55705, 74.69166666666665], [-0.5515, 44.55679, 73.9], [-0.55158, 44.5567, 73.9], [-0.55148, 44.55665, 73.9], [-0.55141, 44.55674, 73.9], [-0.55134, 44.55666, 75.02499999999999], [-0.55127, 44.55649, 75.7], [-0.55145, 44.5563, 75.7], [-0.55135, 44.55625, 75.7], [-0.55132, 44.55628, 75.7], [-0.55144, 44.55608, 75.7], [-0.55167, 44.55594, 75.7], [-0.5519, 44.55589, 74.69166666666665], [-0.55214, 44.5559, 74.69166666666665], [-0.55242, 44.55599, 74.69166666666665], [-0.55295, 44.55637, 74.5]]]}}, {"type": "Feature", "properties": {"id_obligation": "331970000A1031", "priorite": "très forte"}, "geometry": {"type": "Polygon", "coordinates": [[[-0.52778, 44.55332, -16.730357142857137], [-0.52769, 44.55348, -16.730357142857137], [-0.52747, 44.55373, -16.730357142857137], [-0.52727, 44.55384, -16.730357142857137], [-0.52703, 44.55388, -16.730357142857137], [-0.52678, 44.55385, -16.730357142857137], [-0.52653, 44.55377, -16.730357142857137], [-0.52634, 44.55359, -16.730357142857137], [-0.52628, 44.55342, 80.0], [-0.52633, 44.55304, 80.0], [-0.52651, 44.55277, -16.730357142857137], [-0.52679, 44.55261, -16.730357142857137], [-0.52709, 44.55258, -16.730357142857137], [-0.52748, 44.55269, -16.730357142857137], [-0.52768, 44.55285, -16.730357142857137], [-0.52778, 44.55315, -16.730357142857137], [-0.52778, 44.55332, -16.730357142857137]]]}}, {"type": "Feature", "properties": {"id_obligation": "331970000A1041", "priorite": "moyenne"}, "geometry": {"type": "Polygon", "coordinates": [[[-0.51173, 44.55345, 81.5], [-0.51208, 44.55337, 81.5], [-0.51251, 44.55347, 80.93025568181818], [-0.51273, 44.55362, 80.93025568181818], [-0.51283, 44.55383, 80.93025568181818], [-0.5128, 44.554, 80.93025568181818], [-0.51266, 44.55421, 80.93025568181818], [-0.51229, 44.55448, 80.10000000000001], [-0.51207, 44.55455, 80.10000000000001], [-0.5118, 44.55455, 80.82727272727271], [-0.51152, 44.55446, 80.82727272727271], [-0.51134, 44.55434, 80.82727272727271], [-0.51124, 44.55417, 80.93025568181818], [-0.51125, 44.55399, 80.93025568181818], [-0.51152, 44.55361, 80.93025568181818], [-0.51173, 44.55345, 81.5]]]}}, {"type": "Feature", "properties": {"id_obligation": "331970000A1042", "priorite": "moyenne"}, "geometry": {"type": "Polygon", "coordinates": [[[-0.51253, 44.55424, 81.62534722222222], [-0.51231, 44.55431, 81.1888888888889], [-0.51196, 44.55431, 81.1888888888889], [-0.51164, 44.55422, 81.0], [-0.51144, 44.55406, 81.0], [-0.51138, 44.55389, 81.62534722222222], [-0.51141, 44.55372, 81.62534722222222], [-0.51155, 44.5535, 81.62534722222222], [-0.51178, 44.55336, 81.62534722222222], [-0.51194, 44.55332, 82.8], [-0.51205, 44.55334, 82.8], [-0.51207, 44.55331, 82.8], [-0.51259, 44.55345, 81.62534722222222], [-0.51276, 44.55358, 81.62534722222222], [-0.51285, 44.55374, 81.62534722222222], [-0.51284, 44.55391, 81.62534722222222], [-0.51275, 44.55409, 81.62534722222222], [-0.51253, 44.55424, 81.62534722222222]]]}}, {"type": "Feature", "properties": {"id_obligation": "331970000A1043", "priorite": "forte"}, "geometry": {"type": "Polygon", "coordinates": [[[-0.52588, 44.55253, 82.0], [-0.52575, 44.55249, 82.0], [-0.52564, 44.55263, 82.0], [-0.52578, 44.55267, 82.0], [-0.52587, 44.55255, 82.0], [-0.52579, 44.55279, 82.0], [-0.52553, 44.55297, 82.0], [-0.52524, 44.55303, 81.56309523809524], [-0.52493, 44.55299, 81.56309523809524], [-0.52469, 44.55287, 81.56309523809524], [-0.52436, 44.55252, 81.56309523809524], [-0.52428, 44.5523, 81.56309523809524], [-0.52437, 44.55204, 81.56309523809524], [-0.52448, 44.55189, 81.56309523809524], [-0.52473, 44.55176, 81.56309523809524], [-0.52488, 44.55173, 80.6], [-0.5249, 44.55179, 80.6], [-0.5249, 44.55173, 80.6], [-0.52497, 44.55172, 81.15], [-0.52547, 44.55183, 81.07999001577402], [-0.52544, 44.55198, 81.0], [-0.52556, 44.55199, 81.0], [-0.52557, 44.5519, 81.1], [-0.52569, 44.55203, 81.05714285714285], [-0.52588, 44.55253, 82.0]]]}}, {"type": "Feature", "properties": {"id_obligation": "331970000B0295", "priorite": "moyenne"}, "geometry": {"type": "Polygon", "coordinates": [[[-0.50008, 44.55599, 82.2], [-0.50001, 44.55597, 82.2], [-0.50003, 44.55602, 82.2], [-0.49977, 44.5561, 83.45555555555558], [-0.49943, 44.55609, 83.00064942002442], [-0.49921, 44.556, 83.00064942002442], [-0.49903, 44.55583, 83.00064942002442], [-0.49899, 44.55566, 82.90666666666668], [-0.49919, 44.55527, 83.4], [-0.49935, 44.55519, 82.97857142857141], [-0.49959, 44.55514, 82.975], [-0.49982, 44.55516, 82.975], [-0.50004, 44.55523, 83.35384615384615], [-0.50025, 44.55542, 83.7], [-0.50007, 44.55561, 83.5], [-0.50018, 44.55567, 83.5], [-0.5003, 44.55554, 83.40574446338316], [-0.5003, 44.55565, 82.7], [-0.50026, 44.55564, 82.7], [-0.50016, 44.55578, 82.7], [-0.50024, 44.55582, 82.7], [-0.50008, 44.55599, 82.2]]]}}, {"type": "Feature", "properties": {"id_obligation": "331970000B0296", "priorite": "moyenne"}, "geometry": {"type": "Polygon", "coordinates": [[[-0.49958, 44.55621, 82.35], [-0.49926, 44.55623, 81.75147686678244], [-0.49922, 44.55619, 81.7], [-0.4992, 44.55622, 81.7], [-0.49896, 44.55616, 82.36666666666666], [-0.49877, 44.55605, 82.36666666666666], [-0.49866, 44.55589, 81.66], [-0.49864, 44.55572, 81.66], [-0.49874, 44.55547, 82.34545454545454], [-0.49893, 44.5553, 82.34545454545454], [-0.49921, 44.55521, 83.46249999999999], [-0.4995, 44.5552, 83.46249999999999], [-0.49982, 44.55528, 82.8], [-0.49976, 44.55534, 82.8], [-0.49984, 44.55538, 82.8], [-0.4999, 44.55532, 82.8], [-0.49998, 44.55537, 82.91666666666667], [-0.50011, 44.55556, 83.75714285714285], [-0.50007, 44.55561, 83.5], [-0.50013, 44.55564, 83.5], [-0.50012, 44.55573, 83.75714285714285], [-0.5, 44.55597, 84.4], [-0.49983, 44.55611, 84.4], [-0.49958, 44.55621, 82.35]]]}}, {"type": "Feature", "properties": {"id_obligation": "331970000B0304", "priorite": "moyenne"}, "geometry": {"type": "Polygon", "coordinates": [[[-0.50038, 44.55502, 83.3], [-0.50021, 44.55519, 83.3], [-0.49995, 44.55529, 82.97777777777777], [-0.49984, 44.55526, 82.8], [-0.49979, 44.55531, 82.8], [-0.49971, 44.5553, 82.97777777777777], [-0.49938, 44.55521, 83.5], [-0.49919, 44.5551, 83.1], [-0.49908, 44.55495, 82.93333333333331], [-0.49905, 44.55482, 83.0487177646663], [-0.49913, 44.55479, 83.0], [-0.49905, 44.55469, 82.93333333333331], [-0.49918, 44.55446, 83.32047421532715], [-0.49932, 44.55432, 83.32047421532715], [-0.49958, 44.55422, 82.6], [-0.49956, 44.55426, 82.6], [-0.49964, 44.55429, 81.3], [-0.49967, 44.55425, 81.1], [-0.49959, 44.55422, 82.48235294117643], [-0.49984, 44.55421, 82.48235294117643], [-0.50016, 44.55429, 84.65], [-0.50034, 44.55441, 84.65], [-0.50044, 44.55456, 85.19645446138695], [-0.50037, 44.55465, 85.0], [-0.50042, 44.55467, 84.8], [-0.50046, 44.55463, 84.86574854364135], [-0.50038, 44.55502, 83.3]]]}}, {"type": "Feature", "properties": {"id_obligation": "331970000B0311", "priorite": "moyenne"}, "geometry": {"type": "Polygon", "coordinates": [[[-0.49968, 44.55476, 83.3], [-0.49976, 44.55479, 83.3], [-0.49969, 44.55482, 83.8], [-0.49975, 44.55485, 83.21428571428571], [-0.49965, 44.55505, 83.5], [-0.49926, 44.55526, 82.86470588235296], [-0.49919, 44.55528, 83.4], [-0.49913, 44.55525, 83.4], [-0.49909, 44.5553, 82.74948075971953], [-0.49883, 44.5553, 82.86470588235296], [-0.49861, 44.55523, 83.04779831932773], [-0.49844, 44.5551, 83.04779831932773], [-0.4983, 44.55491, 83.04779831932773], [-0.49829, 44.5547, 83.04779831932773], [-0.49839, 44.55454, 83.04779831932773], [-0.49856, 44.55442, 83.04779831932773], [-0.49889, 44.55428, 83.04779831932773], [-0.49914, 44.55427, 83.04779831932773], [-0.49938, 44.55432, 82.6], [-0.49957, 44.55444, 82.6], [-0.49972, 44.55463, 83.21428571428571], [-0.49968, 44.55476, 83.3]]]}}, {"type": "Feature", "properties": {"id_obligation": "331970000B0318", "priorite": "moyenne"}, "geometry": {"type": "Polygon", "coordinates": [[[-0.49895, 44.55558, 81.3], [-0.49884, 44.55555, 81.3], [-0.49879, 44.55562, 81.69999999999997], [-0.49864, 44.55534, 82.63333333333333], [-0.4987, 44.55513, 82.63333333333333], [-0.49891, 44.5549, 82.96], [-0.49911, 44.5548, 82.96], [-0.49941, 44.55476, 82.84166666666665], [-0.49965, 44.55481, 83.26], [-0.4999, 44.55493, 83.26], [-0.50005, 44.55507, 82.96249999999999], [-0.5001, 44.55529, 82.96249999999999], [-0.50003, 44.55546, 82.81894886363635], [-0.49982, 44.55568, 82.81894886363635], [-0.49962, 44.55578, 82.98500000000001], [-0.49938, 44.55582, 82.98500000000001], [-0.49914, 44.55579, 81.69999999999997], [-0.49892, 44.5557, 81.64533492237456], [-0.49895, 44.55558, 81.3]]]}}, {"type": "Feature", "properties": {"id_obligation": "331970000B0321", "priorite": "moyenne"}, "geometry": {"type": "Polygon", "coordinates": [[[-0.49933, 44.55608, 82.56957236842106], [-0.49906, 44.55619, 82.7], [-0.49882, 44.5562, 82.7], [-0.49846, 44.55613, 82.2], [-0.49824, 44.55598, 82.2], [-0.49816, 44.55581, 81.775], [-0.49816, 44.55564, 81.775], [-0.49828, 44.55538, 83.46249999999999], [-0.49849, 44.55522, 83.46249999999999], [-0.49872, 44.55516, 82.55], [-0.49896, 44.55516, 82.55], [-0.49925, 44.55523, 83.09375], [-0.49932, 44.55526, 83.5], [-0.49927, 44.55533, 83.5], [-0.49937, 44.55537, 83.5], [-0.49941, 44.55532, 83.5], [-0.49955, 44.5555, 83.04375], [-0.49956, 44.55568, 83.04375], [-0.49949, 44.5559, 82.56957236842106], [-0.49933, 44.55608, 82.56957236842106]]]}}, {"type": "Feature", "properties": {"id_obligation": "331970000B0322", "priorite": "moyenne"}, "geometry": {"type": "Polygon", "coordinates": [[[-0.4983, 44.55594, 82.2], [-0.49836, 44.55581, 82.2], [-0.49826, 44.55578, 82.2], [-0.4982, 44.55591, 82.2], [-0.49815, 44.5559, 82.2], [-0.49805, 44.55584, 82.2], [-0.49794, 44.55574, 82.2], [-0.49786, 44.55558, 83.07596493142712], [-0.49787, 44.55534, 86.22727272727273], [-0.49797, 44.55519, 86.22727272727273], [-0.49814, 44.55507, 86.22727272727273], [-0.49841, 44.55498, 83.07596493142712], [-0.49865, 44.55498, 83.07596493142712], [-0.49901, 44.55509, 83.0142857142857], [-0.49905, 44.55518, 82.8], [-0.49916, 44.55516, 82.8], [-0.49932, 44.55522, 83.0142857142857], [-0.49927, 44.55533, 83.5], [-0.49937, 44.55537, 83.5], [-0.49944, 44.55529, 83.5], [-0.49956, 44.55547, 82.82352941176471], [-0.49958, 44.55565, 82.82352941176471], [-0.49945, 44.55589, 83.2], [-0.49916, 44.55604, 83.2], [-0.49886, 44.55607, 82.47142857142856], [-0.4983, 44.55594, 82.2]]]}}, {"type": "Feature", "properties": {"id_obligation": "331970000B0359", "priorite": "moyenne"}, "geometry": {"type": "Polygon", "coordinates": [[[-0.49747, 44.55623, 82.39999999999999], [-0.49716, 44.55619, 82.39999999999999], [-0.49695, 44.55609, 82.39999999999999], [-0.49681, 44.55595, 82.39999999999999], [-0.49676, 44.55576, 82.39999999999999], [-0.49681, 44.55552, 82.39999999999999], [-0.49695, 44.55537, 82.39999999999999], [-0.49716, 44.55527, 82.39999999999999], [-0.4974, 44.55524, 82.39999999999999], [-0.49781, 44.5553, 82.39999999999999], [-0.49801, 44.55539, 82.39999999999999], [-0.49814, 44.55554, 82.39999999999999], [-0.49819, 44.55571, 82.39999999999999], [-0.49813, 44.55594, 82.39999999999999], [-0.49795, 44.55611, 82.39999999999999], [-0.49772, 44.55621, 82.39999999999999], [-0.49747, 44.55623, 82.39999999999999]]]}}, {"type": "Feature", "properties": {"id_obligation": "331970000B0366", "priorite": "moyenne"}, "geometry": {"type": "Polygon", "coordinates": [[[-0.49625, 44.55492, 88.6], [-0.49628, 44.55484, 88.6], [-0.4964, 44.55476, 88.6], [-0.49668, 44.55469, 85.0], [-0.49701, 44.55472, 85.77725000000001], [-0.49728, 44.55483, 85.77725000000001], [-0.49742, 44.55498, 85.77725000000001], [-0.49746, 44.5552, 84.22999999999999], [-0.49734, 44.5555, 85.77725000000001], [-0.4972, 44.55564, 85.77725000000001], [-0.49699, 44.55574, 85.77725000000001], [-0.49674, 44.55577, 85.77725000000001], [-0.49641, 44.55571, 85.77725000000001], [-0.49622, 44.55561, 85.77725000000001], [-0.49609, 44.55546, 85.77725000000001], [-0.49605, 44.55529, 86.6], [-0.4962, 44.55492, 88.6], [-0.49625, 44.55492, 88.6]]]}}, {"type": "Feature", "properties": {"id_obligation": "331970000B0618", "priorite": "forte"}, "geometry": {"type": "Polygon", "coordinates": [[[-0.49967, 44.55721, 83.4], [-0.49959, 44.557, 83.4], [-0.49963, 44.55683, 83.4], [-0.49982, 44.55661, 83.4], [-0.50001, 44.55651, 83.4], [-0.5003, 44.55646, 83.4], [-0.50053, 44.5565, 83.4], [-0.50077, 44.5566, 83.4], [-0.50092, 44.55674, 83.4], [-0.50099, 44.55692, 83.4], [-0.50095, 44.5571, 83.4], [-0.5008, 44.55729, 83.4], [-0.50061, 44.55741, 83.4], [-0.50037, 44.55746, 83.4], [-0.50012, 44.55745, 83.4], [-0.49987, 44.55736, 83.4], [-0.49967, 44.55721, 83.4]]]}}, {"type": "Feature", "properties": {"id_obligation": "331970000B0724", "priorite": "moyenne"}, "geometry": {"type": "Polygon", "coordinates": [[[-0.49643, 44.556, 84.002], [-0.49622, 44.55609, 84.002], [-0.49598, 44.55612, 84.002], [-0.49574, 44.55609, 84.002], [-0.49546, 44.55594, 84.002], [-0.49531, 44.5558, 84.002], [-0.49525, 44.55563, 83.03999999999999], [-0.4953, 44.55542, 83.03999999999999], [-0.49537, 44.55533, 82.8], [-0.4955, 44.55542, 82.8], [-0.49565, 44.55531, 82.8], [-0.4956, 44.55527, 82.8], [-0.49553, 44.55533, 82.8], [-0.49544, 44.55527, 82.8], [-0.49576, 44.55506, 85.2], [-0.496, 44.55502, 85.2], [-0.49631, 44.55506, 86.6], [-0.49659, 44.55522, 86.6], [-0.49674, 44.55541, 84.002], [-0.49674, 44.55563, 84.002], [-0.49662, 44.55583, 84.002], [-0.49643, 44.556, 84.002]]]}}, {"type": "Feature", "properties": {"id_obligation": "331970000B0755", "priorite": "moyenne"}, "geometry": {"type": "MultiPolygon", "coordinates": [[[[-0.49844, 44.55633, 81.7], [-0.49844, 44.55635, 81.7], [-0.49839, 44.55633, 81.7], [-0.49844, 44.55633, 81.7]]], [[[-0.49817, 44.55613, 81.7], [-0.49813, 44.55596, 82.2], [-0.49822, 44.55571, 81.61428571428573], [-0.4984, 44.55553, 81.61428571428573], [-0.49848, 44.55549, 81.46897670510073], [-0.49862, 44.55552, 81.9], [-0.49866, 44.55544, 81.83333333333334], [-0.4989, 44.55543, 81.83333333333334], [-0.49899, 44.55545, 82.3], [-0.49893, 44.55554, 82.3], [-0.49902, 44.55557, 82.3], [-0.49908, 44.55547, 82.3], [-0.4994, 44.55562, 82.85999999999999], [-0.49944, 44.55565, 82.81022749002344], [-0.49932, 44.55565, 83.2], [-0.49927, 44.55577, 83.2], [-0.4994, 44.55578, 83.2], [-0.49941, 44.55573, 83.2], [-0.49946, 44.55574, 83.2], [-0.49948, 44.55569, 83.2], [-0.49957, 44.55594, 82.7], [-0.49953, 44.55594, 82.7], [-0.49951, 44.55611, 81.74], [-0.49931, 44.55634, 81.74], [-0.49898, 44.55645, 81.36666666666667], [-0.49868, 44.55643, 81.36666666666667], [-0.49854, 44.55639, 81.7], [-0.49856, 44.55631, 81.7], [-0.49869, 44.55623, 81.7], [-0.4986, 44.55617, 81.7], [-0.49848, 44.55624, 81.7], [-0.49835, 44.55625, 81.7], [-0.49834, 44.5563, 81.7], [-0.49817, 44.55613, 81.7]]]]}}, {"type": "Feature", "properties": {"id_obligation": "331970000B0764", "priorite": "forte"}, "geometry": {"type": "Polygon", "coordinates": [[[-0.49947, 44.55667, 81.87777777777778], [-0.49911, 44.55669, 81.87777777777778], [-0.49878, 44.55658, 81.47777777777777], [-0.49858, 44.55635, 81.47777777777777], [-0.49857, 44.5563, 81.7], [-0.49869, 44.55623, 81.7], [-0.4986, 44.55617, 81.7], [-0.49857, 44.55619, 81.7], [-0.4987, 44.55593, 82.10000000000001], [-0.49893, 44.55579, 82.7], [-0.4991, 44.55561, 83.03333333333336], [-0.49936, 44.5555, 83.03333333333336], [-0.4997, 44.55549, 82.93076923076924], [-0.49992, 44.55554, 82.93076923076924], [-0.50011, 44.55565, 82.93076923076924], [-0.50024, 44.55584, 82.93076923076924], [-0.50024, 44.55609, 83.47500000000005], [-0.50017, 44.55626, 83.47500000000005], [-0.50003, 44.5564, 82.47683226495728], [-0.49947, 44.55667, 81.87777777777778]]]}}, {"type": "Feature", "properties": {"id_obligation": "331970000B0765", "priorite": "forte"}, "geometry": {"type": "Polygon", "coordinates": [[[-0.4995, 44.55639, 81.72], [-0.49931, 44.55628, 81.72], [-0.4992, 44.55613, 81.72], [-0.49917, 44.55596, 83.02142857142859], [-0.49926, 44.55564, 82.84545454545453], [-0.49939, 44.55549, 82.84545454545453], [-0.49965, 44.55538, 82.84545454545453], [-0.49989, 44.55535, 83.04545454545452], [-0.50025, 44.55542, 83.7], [-0.50007, 44.55561, 83.5], [-0.50018, 44.55567, 83.5], [-0.50037, 44.55547, 83.4], [-0.50053, 44.5556, 83.42999999999999], [-0.5007, 44.55587, 82.3727272727273], [-0.50071, 44.5561, 83.02881493506493], [-0.50059, 44.55628, 83.02881493506493], [-0.50041, 44.5564, 83.02881493506493], [-0.50011, 44.55647, 84.89999999999999], [-0.4995, 44.55639, 81.72]]]}}, {"type": "Feature", "properties": {"id_obligation": "331970000B0774", "priorite": "forte"}, "geometry": {"type": "Polygon", "coordinates": [[[-0.5024, 44.55663, 81.87], [-0.50239, 44.5569, 81.99938135938136], [-0.50215, 44.55715, 81.99938135938136], [-0.50176, 44.55724, 81.52], [-0.50137, 44.55715, 81.52], [-0.5012, 44.55703, 81.99938135938136], [-0.5011, 44.55686, 81.99938135938136], [-0.50075, 44.55673, 81.99938135938136], [-0.50059, 44.55654, 81.99938135938136], [-0.50056, 44.55635, 81.99938135938136], [-0.50067, 44.55608, 82.4], [-0.5009, 44.55585, 82.4], [-0.5011, 44.55574, 82.4], [-0.5014, 44.5557, 82.30714285714282], [-0.50178, 44.55579, 82.12222222222222], [-0.50201, 44.55593, 82.12222222222222], [-0.50212, 44.55609, 82.12222222222222], [-0.50204, 44.55618, 82.2], [-0.50213, 44.5562, 82.2], [-0.50209, 44.55636, 81.87], [-0.5024, 44.55663, 81.87]]]}}, {"type": "Feature", "properties": {"id_obligation": "331970000B0775", "priorite": "forte"}, "geometry": {"type": "Polygon", "coordinates": [[[-0.50123, 44.55576, 82.39999999999999], [-0.50161, 44.55563, 82.06363636363636], [-0.50185, 44.55564, 82.06363636363636], [-0.50215, 44.55573, 81.99806818181818], [-0.50244, 44.55589, 81.99806818181818], [-0.50253, 44.55606, 81.99806818181818], [-0.50251, 44.55628, 81.92727272727274], [-0.50239, 44.55647, 81.92727272727274], [-0.5022, 44.5566, 81.99806818181818], [-0.50206, 44.55684, 81.99806818181818], [-0.50189, 44.55696, 81.60000000000001], [-0.50167, 44.55703, 81.60000000000001], [-0.50143, 44.55703, 81.60000000000001], [-0.50109, 44.55695, 81.99806818181818], [-0.50086, 44.55681, 81.99806818181818], [-0.50076, 44.55664, 81.99806818181818], [-0.50076, 44.55646, 81.7625], [-0.50123, 44.55576, 82.39999999999999]]]}}, {"type": "Feature", "properties": {"id_obligation": "331970000B0784", "priorite": "moyenne"}, "geometry": {"type": "MultiPolygon", "coordinates": [[[[-0.50528, 44.55395, 82.96388888888889], [-0.50552, 44.55391, 82.96388888888889], [-0.50586, 44.55396, 82.0], [-0.50583, 44.55401, 82.0], [-0.50596, 44.55408, 82.0], [-0.50611, 44.55406, 82.0], [-0.50626, 44.5542, 82.0], [-0.50632, 44.55437, 82.96388888888889], [-0.50628, 44.55455, 82.96388888888889], [-0.50612, 44.55477, 82.96388888888889], [-0.5055, 44.55503, 81.9], [-0.50548, 44.555, 81.9], [-0.50534, 44.55504, 81.9], [-0.50519, 44.55503, 82.96388888888889], [-0.50492, 44.55493, 82.96388888888889], [-0.50474, 44.55475, 82.96388888888889], [-0.5047, 44.55446, 82.96388888888889], [-0.50481, 44.55426, 82.96388888888889], [-0.50528, 44.55395, 82.96388888888889]]]]}}, {"type": "Feature", "properties": {"id_obligation": "331970000B0785", "priorite": "moyenne"}, "geometry": {"type": "Polygon", "coordinates": [[[-0.5062, 44.55528, 84.76153846153846], [-0.50607, 44.55551, 84.76153846153846], [-0.50584, 44.55566, 84.76153846153846], [-0.50555, 44.55571, 84.76153846153846], [-0.50525, 44.55567, 84.76153846153846], [-0.505, 44.55554, 84.76153846153846], [-0.50475, 44.55525, 84.76153846153846], [-0.50468, 44.55504, 84.76153846153846], [-0.50474, 44.55487, 84.76153846153846], [-0.50493, 44.5547, 84.76153846153846], [-0.50525, 44.55458, 87.9], [-0.50539, 44.55459, 87.9], [-0.50538, 44.55455, 87.9], [-0.50549, 44.55455, 87.9], [-0.50573, 44.55458, 84.76153846153846], [-0.50593, 44.55469, 84.76153846153846], [-0.50618, 44.55507, 84.76153846153846], [-0.5062, 44.55528, 84.76153846153846]]]}}, {"type": "Feature", "properties": {"id_obligation": "331970000B0790", "priorite": "moyenne"}, "geometry": {"type": "Polygon", "coordinates": [[[-0.50642, 44.55411, 82.6], [-0.50635, 44.55412, 82.6], [-0.5063, 44.5542, 82.6], [-0.50636, 44.55421, 82.6], [-0.50645, 44.55423, 82.6], [-0.5065, 44.55412, 82.6], [-0.50673, 44.55419, 83.12857142857142], [-0.50691, 44.55431, 83.12857142857142], [-0.50703, 44.55451, 81.26666666666665], [-0.507, 44.55473, 81.26666666666665], [-0.50683, 44.55499, 81.63999999999999], [-0.50664, 44.55511, 81.63999999999999], [-0.50641, 44.55516, 81.46666666666665], [-0.50616, 44.55515, 81.46666666666665], [-0.50583, 44.55504, 81.94615079365079], [-0.50567, 44.55491, 81.94615079365079], [-0.50559, 44.55475, 81.94615079365079], [-0.50562, 44.55453, 81.94615079365079], [-0.50578, 44.5543, 81.94615079365079], [-0.50597, 44.55418, 81.94615079365079], [-0.50619, 44.55412, 82.60000000000001], [-0.50642, 44.55411, 82.6]]]}}, {"type": "Feature", "properties": {"id_obligation": "331970000B0800", "priorite": "moyenne"}, "geometry": {"type": "Polygon", "coordinates": [[[-0.50761, 44.55445, 81.5], [-0.5073, 44.55459, 80.60000000000001], [-0.50689, 44.55457, 82.30999999999997], [-0.5069, 44.55452, 81.8], [-0.50672, 44.55445, 81.8], [-0.50669, 44.5545, 81.8], [-0.50651, 44.55437, 82.30999999999997], [-0.50643, 44.55422, 82.6], [-0.5065, 44.55412, 82.6], [-0.50642, 44.55412, 82.6], [-0.50645, 44.55398, 82.4923076923077], [-0.50671, 44.55367, 81.45001221001222], [-0.5068, 44.55342, 81.45001221001222], [-0.50701, 44.55326, 80.8], [-0.50724, 44.5532, 80.8], [-0.50748, 44.5532, 81.45001221001222], [-0.50778, 44.55327, 81.45001221001222], [-0.508, 44.55341, 81.45001221001222], [-0.50809, 44.55356, 81.45001221001222], [-0.5081, 44.55374, 80.92], [-0.50802, 44.55392, 80.92], [-0.50783, 44.55408, 80.92], [-0.50761, 44.55445, 81.5]]]}}, {"type": "Feature", "properties": {"id_obligation": "331970000B0819", "priorite": "faible"}, "geometry": {"type": "Polygon", "coordinates": [[[-0.50859, 44.55495, 81.37383753501399], [-0.50827, 44.55508, 81.37383753501399], [-0.50786, 44.55507, 81.37383753501399], [-0.50759, 44.55497, 81.37383753501399], [-0.50743, 44.55479, 81.37383753501399], [-0.50739, 44.55457, 81.00588235294117], [-0.50751, 44.55426, 81.0], [-0.5077, 44.55403, 81.0], [-0.50785, 44.55406, 81.0], [-0.50789, 44.55399, 81.0], [-0.50781, 44.55396, 81.0], [-0.50821, 44.55389, 81.27999999999999], [-0.50845, 44.55392, 83.39999999999999], [-0.50865, 44.55401, 83.39999999999999], [-0.50881, 44.55419, 83.39999999999999], [-0.50886, 44.5544, 81.0], [-0.50873, 44.55476, 81.37383753501399], [-0.50859, 44.55495, 81.37383753501399]]]}}, {"type": "Feature", "properties": {"id_obligation": "331970000B0821", "priorite": "faible"}, "geometry": {"type": "Polygon", "coordinates": [[[-0.50801, 44.55395, 81.4], [-0.50794, 44.55407, 81.4], [-0.50801, 44.55409, 81.4], [-0.50811, 44.55393, 81.4], [-0.50807, 44.55392, 81.4], [-0.50835, 44.55385, 83.39999999999999], [-0.50859, 44.55387, 83.39999999999999], [-0.50898, 44.55401, 81.35066666666667], [-0.50916, 44.55419, 81.35066666666667], [-0.50921, 44.55436, 81.35066666666667], [-0.50916, 44.55453, 81.35066666666667], [-0.50901, 44.55474, 81.35066666666667], [-0.50876, 44.55487, 81.35066666666667], [-0.50852, 44.5549, 81.35066666666667], [-0.50828, 44.55487, 81.35066666666667], [-0.50794, 44.55475, 79.6], [-0.50774, 44.55453, 81.5], [-0.50779, 44.55452, 81.5], [-0.50778, 44.55438, 81.5], [-0.50771, 44.55439, 81.5], [-0.50786, 44.55408, 81.39999999999999], [-0.50801, 44.55395, 81.4]]]}}, {"type": "Feature", "properties": {"id_obligation": "331970000B0833", "priorite": "faible"}, "geometry": {"type": "Polygon", "coordinates": [[[-0.50987, 44.55513, 80.275], [-0.50969, 44.55525, 80.275], [-0.50929, 44.55532, 80.275], [-0.5089, 44.5552, 81.04770467836258], [-0.50859, 44.55488, 81.04770467836258], [-0.50856, 44.55466, 79.7], [-0.50868, 44.55444, 79.7], [-0.50885, 44.55432, 79.7], [-0.50903, 44.55425, 79.7], [-0.50923, 44.55395, 80.73750000000001], [-0.5095, 44.55384, 80.73750000000001], [-0.50981, 44.55383, 80.89722222222228], [-0.51014, 44.5539, 80.89722222222228], [-0.5102, 44.55399, 80.0], [-0.51018, 44.55392, 80.0], [-0.51033, 44.55401, 80.89722222222228], [-0.51032, 44.55409, 83.4], [-0.5104, 44.55409, 83.4], [-0.51044, 44.55417, 80.89722222222228], [-0.51046, 44.55435, 82.18421052631581], [-0.51035, 44.55461, 82.18421052631581], [-0.51014, 44.5546, 82.4], [-0.51013, 44.5547, 82.4], [-0.51021, 44.55474, 82.4], [-0.51004, 44.55483, 82.4], [-0.50987, 44.55513, 80.275]]]}}, {"type": "Feature", "properties": {"id_obligation": "331970000B0835", "priorite": "faible"}, "geometry": {"type": "Polygon", "coordinates": [[[-0.50937, 44.55482, 80.4], [-0.50943, 44.55471, 80.4], [-0.50937, 44.5547, 80.4], [-0.50933, 44.5548, 80.4], [-0.50926, 44.55475, 79.7], [-0.50929, 44.55471, 79.7], [-0.5092, 44.5547, 79.7], [-0.50912, 44.55459, 81.1], [-0.50908, 44.55441, 81.1], [-0.50916, 44.55421, 80.4], [-0.5094, 44.55402, 80.4], [-0.50948, 44.55404, 80.4], [-0.50953, 44.55396, 80.4], [-0.50976, 44.55391, 80.64285714285714], [-0.50999, 44.55394, 80.4], [-0.51002, 44.55416, 80.4], [-0.5101, 44.55416, 80.4], [-0.51012, 44.55411, 80.4], [-0.51017, 44.55417, 80.4], [-0.51013, 44.55399, 80.4], [-0.51007, 44.554, 80.4], [-0.51006, 44.55395, 80.4], [-0.51017, 44.55398, 81.42173913043482], [-0.51036, 44.55409, 81.42173913043482], [-0.51048, 44.5543, 81.21712058679307], [-0.51047, 44.55447, 81.21712058679307], [-0.51037, 44.55468, 82.4], [-0.51031, 44.55474, 82.4], [-0.51034, 44.5546, 82.4], [-0.51014, 44.5546, 82.4], [-0.51013, 44.5547, 82.4], [-0.5102, 44.5547, 82.4], [-0.51021, 44.55478, 82.4], [-0.50998, 44.55489, 81.1], [-0.50951, 44.55487, 80.44736842105266], [-0.50937, 44.55482, 80.4]]]}}, {"type": "Feature", "properties": {"id_obligation": "331970000B0841", "priorite": "moyenne"}, "geometry": {"type": "Polygon", "coordinates": [[[-0.51096, 44.55517, 81.22372788030682], [-0.51073, 44.55543, 81.22372788030682], [-0.51034, 44.55552, 80.9], [-0.50996, 44.55545, 81.22372788030682], [-0.50971, 44.55529, 81.22372788030682], [-0.5096, 44.55513, 81.22372788030682], [-0.5095, 44.5547, 81.11111111111111], [-0.50952, 44.55452, 81.11111111111111], [-0.50958, 44.5544, 82.05454545454546], [-0.50966, 44.55431, 82.43752880132669], [-0.50954, 44.55455, 81.0], [-0.50953, 44.55462, 81.2], [-0.50962, 44.55464, 81.2], [-0.50971, 44.55444, 81.0], [-0.50982, 44.55446, 81.8], [-0.50984, 44.55429, 82.9], [-0.50971, 44.55427, 82.0], [-0.50983, 44.55421, 82.05454545454546], [-0.51026, 44.55415, 80.52500000000002], [-0.51063, 44.5542, 80.5], [-0.51083, 44.55432, 80.5], [-0.51094, 44.55446, 81.08588154190691], [-0.51082, 44.55442, 80.5], [-0.51073, 44.55455, 80.5], [-0.51088, 44.5546, 81.6], [-0.51095, 44.55449, 81.6], [-0.51096, 44.55517, 81.22372788030682]]]}}, {"type": "Feature", "properties": {"id_obligation": "331970000B0849", "priorite": "moyenne"}, "geometry": {"type": "MultiPolygon", "coordinates": [[[[-0.51028, 44.55486, 82.4], [-0.51034, 44.5546, 82.4], [-0.51014, 44.5546, 82.4], [-0.51013, 44.55467, 82.4], [-0.5101, 44.55454, 82.39999999999999], [-0.51016, 44.55437, 82.39999999999999], [-0.51037, 44.5541, 83.39999999999999], [-0.51057, 44.554, 83.39999999999999], [-0.51064, 44.55399, 82.3], [-0.51071, 44.55404, 82.3], [-0.51072, 44.55397, 82.3], [-0.51087, 44.55397, 81.64210526315786], [-0.51139, 44.55414, 81.81701277002028], [-0.51155, 44.55431, 80.9], [-0.51149, 44.55429, 80.9], [-0.51147, 44.55443, 80.9], [-0.51157, 44.55446, 80.9], [-0.51159, 44.55441, 80.9], [-0.5116, 44.55449, 80.81666666666666], [-0.51154, 44.55466, 81.08888888888889], [-0.51151, 44.5547, 81.4], [-0.51145, 44.55469, 81.4], [-0.51136, 44.5549, 81.08888888888889], [-0.51116, 44.555, 81.08888888888889], [-0.51093, 44.55505, 81.81701277002028], [-0.51068, 44.55503, 81.81701277002028], [-0.51028, 44.55486, 82.4]]], [[[-0.51015, 44.55471, 82.39999999999999], [-0.51014, 44.5547, 82.4], [-0.5102, 44.5547, 82.4], [-0.51021, 44.55478, 82.4], [-0.51015, 44.55471, 82.39999999999999]]]]}}, {"type": "Feature", "properties": {"id_obligation": "331970000B0889", "priorite": "moyenne"}, "geometry": {"type": "MultiPolygon", "coordinates": [[[[-0.51239, 44.55177, 81.16666666666667], [-0.51223, 44.55164, 81.16666666666667], [-0.51215, 44.55148, 80.64999999999999], [-0.51217, 44.55122, 80.5], [-0.51228, 44.55106, 80.5], [-0.51251, 44.55093, 80.5], [-0.51275, 44.55088, 79.86000000000001], [-0.51304, 44.5509, 79.86000000000001], [-0.51337, 44.55105, 81.5], [-0.51328, 44.55102, 81.5], [-0.51323, 44.5511, 81.5], [-0.51338, 44.55114, 81.5], [-0.51341, 44.5511, 81.5], [-0.51345, 44.55115, 81.5], [-0.51351, 44.55132, 80.96666666666665], [-0.51348, 44.55153, 80.82863095238095], [-0.51337, 44.55169, 80.82863095238095], [-0.51319, 44.55181, 80.82863095238095], [-0.51296, 44.55186, 80.7], [-0.51268, 44.55186, 80.7], [-0.51239, 44.55177, 81.16666666666667]]], [[[-0.5134, 44.55108, 81.5], [-0.51338, 44.55108, 81.5], [-0.51339, 44.55107, 81.5], [-0.5134, 44.55108, 81.5]]]]}}, {"type": "Feature", "properties": {"id_obligation": "331970000B0928", "priorite": "faible"}, "geometry": {"type": "Polygon", "coordinates": [[[-0.51082, 44.5527, 84.0], [-0.51104, 44.55279, 84.0], [-0.51118, 44.55293, 84.0], [-0.51124, 44.55311, 81.42857142857143], [-0.51119, 44.55333, 81.42857142857143], [-0.51106, 44.55348, 81.70000000000002], [-0.51087, 44.55359, 81.70000000000002], [-0.51058, 44.55363, 81.5], [-0.51033, 44.5536, 81.2846153846154], [-0.51004, 44.55351, 81.55000000000001], [-0.50985, 44.55333, 80.77142857142857], [-0.5098, 44.55316, 80.77142857142857], [-0.50986, 44.55295, 79.8], [-0.51003, 44.55277, 79.8], [-0.51024, 44.55269, 79.8], [-0.51056, 44.55266, 81.41682692307694], [-0.51082, 44.5527, 84.0]]]}}, {"type": "Feature", "properties": {"id_obligation": "331970000B0930", "priorite": "faible"}, "geometry": {"type": "Polygon", "coordinates": [[[-0.5099, 44.55365, 80.1], [-0.50978, 44.55366, 80.2], [-0.50979, 44.55372, 80.12857142857142], [-0.50957, 44.55346, 80.917183600713], [-0.50957, 44.55329, 80.917183600713], [-0.50971, 44.55302, 80.917183600713], [-0.50994, 44.55287, 80.917183600713], [-0.51018, 44.55282, 80.47058823529412], [-0.51042, 44.55284, 80.47058823529412], [-0.51076, 44.55294, 80.57142857142857], [-0.51093, 44.55307, 80.57142857142857], [-0.51103, 44.55327, 81.01333333333334], [-0.511, 44.55345, 81.01333333333334], [-0.51087, 44.55367, 81.42727272727274], [-0.5107, 44.55379, 81.42727272727274], [-0.51047, 44.55386, 81.33636363636363], [-0.51039, 44.55369, 81.4], [-0.51033, 44.55369, 81.4], [-0.51031, 44.55386, 81.4], [-0.50994, 44.55379, 80.12857142857142], [-0.5099, 44.55365, 80.1]]]}}, {"type": "Feature", "properties": {"id_obligation": "331970000B0931", "priorite": "faible"}, "geometry": {"type": "Polygon", "coordinates": [[[-0.51099, 44.5537, 81.35625], [-0.51083, 44.55387, 82.3], [-0.51072, 44.55394, 82.3], [-0.51065, 44.55391, 82.3], [-0.51062, 44.55398, 82.3], [-0.51041, 44.55401, 83.4], [-0.5104, 44.55396, 83.4], [-0.51033, 44.55401, 83.4], [-0.51008, 44.55396, 80.34705882352944], [-0.50988, 44.55385, 80.1], [-0.50994, 44.55384, 80.1], [-0.5099, 44.55365, 80.1], [-0.50978, 44.55366, 80.2], [-0.50981, 44.55379, 80.13973338481874], [-0.5097, 44.55366, 80.15], [-0.50965, 44.55349, 80.15], [-0.5097, 44.55331, 81.09271822814055], [-0.50985, 44.55317, 81.09271822814055], [-0.51019, 44.55303, 79.71780023387679], [-0.51017, 44.55311, 80.7], [-0.51032, 44.55311, 81.0], [-0.51035, 44.55306, 80.9], [-0.51022, 44.55302, 79.94464644447201], [-0.51033, 44.55302, 80.79545454545456], [-0.51062, 44.55307, 80.86666666666665], [-0.51083, 44.55319, 80.86666666666665], [-0.51097, 44.55333, 80.86666666666665], [-0.51103, 44.55352, 81.35625], [-0.51099, 44.5537, 81.35625]]]}}, {"type": "Feature", "properties": {"id_obligation": "331970000B0932", "priorite": "faible"}, "geometry": {"type": "Polygon", "coordinates": [[[-0.51128, 44.55392, 81.11905462184875], [-0.51101, 44.5541, 81.11905462184875], [-0.51072, 44.55415, 81.64210526315786], [-0.5103, 44.5541, 81.17058823529418], [-0.51007, 44.55397, 81.17058823529418], [-0.50997, 44.55381, 81.17058823529418], [-0.50996, 44.55355, 81.01], [-0.51003, 44.55328, 81.00714285714287], [-0.51017, 44.55314, 81.00714285714287], [-0.51025, 44.55309, 81.18063665453394], [-0.51032, 44.55311, 81.0], [-0.51034, 44.55306, 80.79186705263636], [-0.51043, 44.55303, 80.66470588235295], [-0.51076, 44.55301, 80.66470588235295], [-0.51101, 44.55304, 80.4], [-0.51122, 44.55314, 80.4], [-0.51135, 44.55329, 80.4], [-0.51137, 44.55371, 81.70000000000002], [-0.51128, 44.55392, 81.11905462184875]]]}}, {"type": "Feature", "properties": {"id_obligation": "331970000B0944", "priorite": "faible"}, "geometry": {"type": "Polygon", "coordinates": [[[-0.51262, 44.55338, 81.8], [-0.51242, 44.55348, 81.8], [-0.51218, 44.55352, 82.425], [-0.51193, 44.55349, 82.425], [-0.51163, 44.55337, 82.44999999999999], [-0.51147, 44.55323, 82.44999999999999], [-0.5114, 44.55301, 81.77058823529411], [-0.51145, 44.55281, 83.62307692307695], [-0.5116, 44.55267, 83.62307692307695], [-0.51188, 44.55256, 82.20640021742963], [-0.51213, 44.55255, 82.20640021742963], [-0.51245, 44.55261, 80.06363636363636], [-0.51267, 44.55274, 80.59655937134394], [-0.51254, 44.5527, 80.5], [-0.51252, 44.55273, 80.5], [-0.51242, 44.5527, 80.4], [-0.51241, 44.55273, 79.9], [-0.51263, 44.5528, 79.9], [-0.5127, 44.55278, 79.266828426937], [-0.51277, 44.55287, 82.20640021742963], [-0.5128, 44.55304, 82.20640021742963], [-0.51275, 44.55322, 81.8], [-0.51262, 44.55338, 81.8]]]}}, {"type": "Feature", "properties": {"id_obligation": "331970000B0954", "priorite": "faible"}, "geometry": {"type": "Polygon", "coordinates": [[[-0.51038, 44.55449, 80.9], [-0.51021, 44.55435, 80.9], [-0.51014, 44.55423, 80.9], [-0.51012, 44.55414, 81.14857142857149], [-0.51017, 44.55417, 80.4], [-0.51016, 44.55392, 80.0], [-0.51022, 44.55399, 80.0], [-0.51016, 44.5539, 81.14857142857149], [-0.51032, 44.55373, 81.4], [-0.51032, 44.55391, 81.5], [-0.51043, 44.55392, 81.4], [-0.51045, 44.55373, 81.4], [-0.51039, 44.55369, 81.4], [-0.51054, 44.55364, 81.5], [-0.51058, 44.55363, 81.5], [-0.51058, 44.5537, 81.5], [-0.51074, 44.55371, 81.5], [-0.51071, 44.55361, 81.5], [-0.51109, 44.55363, 81.7], [-0.51109, 44.55366, 81.7], [-0.5112, 44.55366, 81.7], [-0.51133, 44.55373, 81.70000000000002], [-0.51148, 44.55386, 81.26117224880383], [-0.51155, 44.55403, 81.26117224880383], [-0.51151, 44.55427, 80.82727272727271], [-0.51139, 44.55442, 80.82727272727271], [-0.5112, 44.55453, 80.82727272727271], [-0.5109, 44.55457, 81.6], [-0.51097, 44.55447, 81.6], [-0.51082, 44.55442, 80.5], [-0.51073, 44.55455, 80.5], [-0.5108, 44.55457, 81.6], [-0.51038, 44.55449, 80.9]]]}}, {"type": "Feature", "properties": {"id_obligation": "331970000B0955", "priorite": "faible"}, "geometry": {"type": "Polygon", "coordinates": [[[-0.51109, 44.55356, 81.7], [-0.51109, 44.55366, 81.7], [-0.5112, 44.55367, 81.7], [-0.5112, 44.55363, 81.7], [-0.51133, 44.5538, 81.03750000000001], [-0.51129, 44.55421, 81.6], [-0.51115, 44.55435, 81.6], [-0.51095, 44.55445, 81.6], [-0.51082, 44.55442, 80.5], [-0.51078, 44.55448, 80.5], [-0.51072, 44.55449, 81.05], [-0.51045, 44.55445, 80.9], [-0.51024, 44.55436, 80.9], [-0.51006, 44.55418, 81.14117647058829], [-0.51012, 44.55411, 80.4], [-0.51017, 44.55417, 80.4], [-0.51013, 44.55399, 80.4], [-0.51007, 44.554, 80.4], [-0.51006, 44.55394, 80.4], [-0.51001, 44.55394, 80.4], [-0.51007, 44.55374, 80.85555555555555], [-0.5102, 44.55359, 80.85555555555555], [-0.51032, 44.55352, 80.7], [-0.51038, 44.55356, 80.7], [-0.51037, 44.5535, 80.7], [-0.51046, 44.55348, 81.42727272727274], [-0.51061, 44.55346, 81.1051686997047], [-0.51062, 44.55357, 81.1], [-0.51076, 44.55357, 81.1], [-0.51077, 44.55346, 81.1943479596792], [-0.51109, 44.55356, 81.7]]]}}, {"type": "Feature", "properties": {"id_obligation": "331970000B0958", "priorite": "faible"}, "geometry": {"type": "Polygon", "coordinates": [[[-0.51085, 44.55406, 81.1], [-0.51075, 44.55406, 81.1], [-0.51075, 44.55412, 81.1], [-0.51087, 44.55412, 81.1], [-0.51085, 44.55434, 82.18571428571428], [-0.5107, 44.55454, 81.32203002070393], [-0.51049, 44.55464, 81.32203002070393], [-0.51034, 44.55467, 82.4], [-0.51034, 44.5546, 82.4], [-0.51014, 44.5546, 82.4], [-0.51013, 44.55467, 82.4], [-0.51007, 44.55467, 82.4], [-0.50967, 44.55454, 81.33273054048982], [-0.50971, 44.55444, 81.8], [-0.50982, 44.55446, 81.8], [-0.50984, 44.55429, 82.9], [-0.50968, 44.55427, 82.0], [-0.50957, 44.55448, 81.0], [-0.50945, 44.55436, 81.33333333333333], [-0.50936, 44.55407, 81.33333333333333], [-0.50937, 44.55385, 80.5], [-0.50949, 44.55367, 80.4], [-0.50959, 44.55369, 80.4], [-0.50962, 44.55363, 80.4], [-0.50956, 44.55361, 80.4], [-0.50975, 44.55353, 80.5], [-0.51006, 44.55349, 80.65714285714284], [-0.51034, 44.55354, 80.7], [-0.51062, 44.55371, 81.44347826086958], [-0.51085, 44.55406, 81.1]]]}}, {"type": "Feature", "properties": {"id_obligation": "331970000B0959", "priorite": "faible"}, "geometry": {"type": "Polygon", "coordinates": [[[-0.51024, 44.55374, 81.1111111111111], [-0.51032, 44.55381, 81.4], [-0.51032, 44.55391, 81.5], [-0.51039, 44.55392, 81.4943973218049], [-0.51032, 44.55409, 83.4], [-0.5104, 44.55409, 83.4], [-0.51041, 44.55401, 83.4], [-0.51041, 44.5541, 81.10571428571433], [-0.51032, 44.55436, 80.93004782254782], [-0.51006, 44.55455, 80.93004782254782], [-0.50965, 44.55459, 81.09599556073597], [-0.50971, 44.55444, 81.8], [-0.50982, 44.55446, 81.8], [-0.50986, 44.55437, 81.8], [-0.5098, 44.55436, 82.9], [-0.50984, 44.55429, 82.9], [-0.50968, 44.55427, 82.0], [-0.50955, 44.55458, 81.0], [-0.50922, 44.55451, 80.93004782254782], [-0.509, 44.55436, 80.93004782254782], [-0.50891, 44.55419, 80.4], [-0.50894, 44.55395, 80.4], [-0.50902, 44.55378, 80.93004782254782], [-0.50919, 44.55365, 80.93004782254782], [-0.50942, 44.55357, 80.37499999999999], [-0.50967, 44.55357, 80.37499999999999], [-0.50995, 44.55362, 81.1111111111111], [-0.51024, 44.55374, 81.1111111111111]]]}}, {"type": "Feature", "properties": {"id_obligation": "331970000B0968", "priorite": "faible"}, "geometry": {"type": "Polygon", "coordinates": [[[-0.50984, 44.55356, 80.7764705882353], [-0.5096, 44.55367, 80.4], [-0.50962, 44.55363, 80.4], [-0.50949, 44.5536, 80.4], [-0.50946, 44.55366, 80.4], [-0.50954, 44.55368, 80.4], [-0.5094, 44.55369, 80.4], [-0.50916, 44.55365, 80.7764705882353], [-0.50887, 44.55353, 80.7764705882353], [-0.50873, 44.55338, 80.7764705882353], [-0.50869, 44.55321, 80.7764705882353], [-0.50877, 44.55297, 80.7764705882353], [-0.50891, 44.55277, 80.7764705882353], [-0.50911, 44.55266, 80.7764705882353], [-0.5094, 44.55261, 80.7764705882353], [-0.50974, 44.55268, 80.7764705882353], [-0.50998, 44.55281, 80.7764705882353], [-0.51011, 44.553, 80.7764705882353], [-0.5101, 44.55323, 80.7764705882353], [-0.50984, 44.55356, 80.7764705882353]]]}}, {"type": "Feature", "properties": {"id_obligation": "331970000B0977", "priorite": "moyenne"}, "geometry": {"type": "Polygon", "coordinates": [[[-0.5089, 44.55361, -73.15142857142858], [-0.50906, 44.5538, -1000.0], [-0.50909, 44.55405, -1000.0], [-0.50902, 44.55422, -73.15142857142858], [-0.50882, 44.55438, -73.15142857142858], [-0.5086, 44.55444, 81.0], [-0.50852, 44.55445, 81.0], [-0.50809, 44.55443, 81.0090608833694], [-0.50824, 44.55442, 81.0], [-0.50822, 44.55434, 81.0], [-0.50798, 44.5544, 81.05999999999999], [-0.5078, 44.55427, 81.05999999999999], [-0.5077, 44.5541, 81.18666666666668], [-0.50768, 44.554, 81.0], [-0.50785, 44.55406, 81.0], [-0.50789, 44.55399, 81.0], [-0.50772, 44.55393, 81.0], [-0.50768, 44.55399, 81.0], [-0.50775, 44.55369, 80.53333333333333], [-0.5079, 44.55356, 80.53333333333333], [-0.50812, 44.55348, 81.0], [-0.50841, 44.55346, 81.0], [-0.5087, 44.55351, -73.15142857142858], [-0.5089, 44.55361, -73.15142857142858]], [[-0.50858, 44.55436, 81.0], [-0.5084, 44.5543, 81.0], [-0.50834, 44.5544, 81.0], [-0.50852, 44.55445, 81.0], [-0.50858, 44.55436, 81.0]]]}}, {"type": "Feature", "properties": {"id_obligation": "331970000B0979", "priorite": "moyenne"}, "geometry": {"type": "Polygon", "coordinates": [[[-0.5084, 44.5543, 81.0], [-0.50834, 44.5544, 81.0], [-0.50843, 44.55443, 81.0], [-0.50839, 44.55445, 81.03], [-0.50799, 44.55454, 81.03], [-0.50778, 44.55451, 81.5], [-0.50778, 44.55438, 81.5], [-0.50767, 44.55439, 81.5], [-0.50769, 44.55448, 81.5], [-0.50763, 44.55446, 81.5], [-0.50737, 44.55427, 81.5], [-0.50731, 44.55407, 80.9], [-0.50743, 44.55411, 80.9], [-0.50748, 44.55404, 80.9], [-0.50735, 44.55399, 80.9], [-0.50731, 44.55406, 80.9], [-0.50736, 44.55389, 80.93749999999999], [-0.50768, 44.55349, -31.266916666666685], [-0.50791, 44.55335, -31.266916666666685], [-0.50815, 44.55331, -31.266916666666685], [-0.50839, 44.55334, -31.266916666666685], [-0.50868, 44.55345, -31.266916666666685], [-0.50883, 44.55359, -31.266916666666685], [-0.50887, 44.55389, -593.7250000000001], [-0.50856, 44.55432, 81.0], [-0.5084, 44.5543, 81.0]]]}}, {"type": "Feature", "properties": {"id_obligation": "331970000B1110", "priorite": "forte"}, "geometry": {"type": "Polygon", "coordinates": [[[-0.519, 44.54151, -67.6281746031746], [-0.51867, 44.54149, -67.6281746031746], [-0.51839, 44.54142, -67.6281746031746], [-0.5182, 44.54131, -67.6281746031746], [-0.51808, 44.54116, -67.6281746031746], [-0.51805, 44.54098, -67.6281746031746], [-0.51817, 44.54071, -67.6281746031746], [-0.51832, 44.54057, -67.6281746031746], [-0.51861, 44.54047, 82.73333333333333], [-0.51909, 44.54046, 82.73333333333333], [-0.51933, 44.54052, -518.8888888888889], [-0.51957, 44.54066, -518.8888888888889], [-0.51969, 44.54086, 83.1], [-0.51968, 44.54103, 83.1], [-0.51949, 44.5413, -67.6281746031746], [-0.51929, 44.54144, -67.6281746031746], [-0.519, 44.54151, -67.6281746031746]]]}}, {"type": "Feature", "properties": {"id_obligation": "331970000B1119", "priorite": "forte"}, "geometry": {"type": "Polygon", "coordinates": [[[-0.51675, 44.54169, 82.9], [-0.51647, 44.54169, 83.18287581699347], [-0.51624, 44.54163, 83.18287581699347], [-0.51606, 44.5415, 83.18287581699347], [-0.51594, 44.54127, 83.18287581699347], [-0.51593, 44.5411, 83.18287581699347], [-0.51604, 44.54089, 83.18287581699347], [-0.51622, 44.54077, 83.18287581699347], [-0.5165, 44.54068, 83.18287581699347], [-0.51682, 44.54066, 83.18287581699347], [-0.51705, 44.54071, 83.18287581699347], [-0.51728, 44.54086, 83.18287581699347], [-0.51738, 44.54107, 83.23529411764707], [-0.51736, 44.54135, 83.18287581699347], [-0.51724, 44.5415, 83.18287581699347], [-0.51699, 44.54164, 82.9], [-0.51675, 44.54169, 82.9]]]}}, {"type": "Feature", "properties": {"id_obligation": "331970000B1129", "priorite": "forte"}, "geometry": {"type": "Polygon", "coordinates": [[[-0.51634, 44.54113, 83.70313873626375], [-0.51622, 44.54128, 83.70313873626375], [-0.51604, 44.54139, 83.70313873626375], [-0.51586, 44.54157, 83.8310381528983], [-0.51566, 44.54154, 83.8], [-0.51561, 44.54165, 83.5], [-0.51575, 44.54163, 83.9], [-0.5156, 44.54168, 83.85937500000006], [-0.51548, 44.5417, 84.3], [-0.51544, 44.54167, 84.3], [-0.51534, 44.5417, 83.85937500000006], [-0.51505, 44.54164, 82.5], [-0.51486, 44.54153, 82.5], [-0.51474, 44.54136, 82.5], [-0.51473, 44.54109, 84.8], [-0.51494, 44.54099, 84.8], [-0.51486, 44.54092, 84.8], [-0.51481, 44.54095, 84.8], [-0.51495, 44.54084, 84.54285714285713], [-0.5149, 44.54065, 83.70313873626375], [-0.51495, 44.54047, 83.70313873626375], [-0.51508, 44.54031, 83.70313873626375], [-0.51532, 44.54019, 82.375], [-0.51557, 44.54016, 82.375], [-0.51596, 44.54021, 83.70313873626375], [-0.51627, 44.54034, 83.70313873626375], [-0.51645, 44.54062, 83.70313873626375], [-0.51634, 44.54113, 83.70313873626375]]]}}, {"type": "Feature", "properties": {"id_obligation": "331970000B1133", "priorite": "forte"}, "geometry": {"type": "Polygon", "coordinates": [[[-0.51563, 44.54121, 85.5454545454546], [-0.51552, 44.54142, 88.4], [-0.51524, 44.54159, 88.4], [-0.51495, 44.54166, 83.54615384615386], [-0.51459, 44.5416, 84.2], [-0.51428, 44.5414, 84.2], [-0.51412, 44.54123, 85.24117882117883], [-0.51406, 44.54102, 85.24117882117883], [-0.51411, 44.54085, 85.24117882117883], [-0.51425, 44.5407, 85.24117882117883], [-0.51457, 44.54052, 85.24117882117883], [-0.51487, 44.54047, 85.24117882117883], [-0.51511, 44.54051, 85.24117882117883], [-0.51531, 44.5406, 85.24117882117883], [-0.51549, 44.54078, 85.24117882117883], [-0.51563, 44.54121, 85.5454545454546]]]}}, {"type": "Feature", "properties": {"id_obligation": "331970000B1136", "priorite": "forte"}, "geometry": {"type": "Polygon", "coordinates": [[[-0.51448, 44.54251, 84.31145454545455], [-0.51427, 44.54243, 84.31145454545455], [-0.51411, 44.54229, 84.31145454545455], [-0.51404, 44.54213, 84.31145454545455], [-0.51408, 44.54189, 84.31145454545455], [-0.51419, 44.54174, 84.38], [-0.51433, 44.54165, 84.4], [-0.51439, 44.54172, 84.4], [-0.51455, 44.54163, 84.3], [-0.5145, 44.54158, 84.4], [-0.51465, 44.54156, 84.22727272727273], [-0.51503, 44.54158, 84.3], [-0.51526, 44.54166, 84.3], [-0.51543, 44.54178, 84.05], [-0.51552, 44.542, 84.05], [-0.51548, 44.54224, 84.31145454545455], [-0.51536, 44.54239, 84.31145454545455], [-0.51511, 44.54251, 84.31145454545455], [-0.51479, 44.54254, 84.31145454545455], [-0.51448, 44.54251, 84.31145454545455]]]}}, {"type": "Feature", "properties": {"id_obligation": "331970000B1184", "priorite": "forte"}, "geometry": {"type": "Polygon", "coordinates": [[[-0.51968, 44.54217, 82.06416666666667], [-0.51954, 44.54231, 82.06416666666667], [-0.51932, 44.5424, 82.06416666666667], [-0.51908, 44.54243, 82.06416666666667], [-0.51869, 44.54237, 82.06416666666667], [-0.51848, 44.54228, 82.06416666666667], [-0.51834, 44.54214, 82.06416666666667], [-0.51828, 44.54192, 82.06416666666667], [-0.51834, 44.54173, 82.06416666666667], [-0.51846, 44.54157, 82.06416666666667], [-0.51871, 44.54145, 82.06416666666667], [-0.51895, 44.54142, 82.06416666666667], [-0.51933, 44.54148, 82.03], [-0.51953, 44.54156, 82.03], [-0.51971, 44.54174, 82.19999999999999], [-0.51976, 44.54195, 82.19999999999999], [-0.51968, 44.54217, 82.06416666666667]]]}}, {"type": "Feature", "properties": {"id_obligation": "331970000B1185", "priorite": "forte"}, "geometry": {"type": "Polygon", "coordinates": [[[-0.51882, 44.54135, -134.3406862745098], [-0.519, 44.54123, -134.3406862745098], [-0.51923, 44.54117, -1000.0], [-0.51948, 44.54118, -1000.0], [-0.51984, 44.54129, -134.3406862745098], [-0.52001, 44.54143, -134.3406862745098], [-0.52009, 44.54159, -134.3406862745098], [-0.52008, 44.54177, -134.3406862745098], [-0.51991, 44.54206, -134.3406862745098], [-0.5197, 44.54221, -134.3406862745098], [-0.51947, 44.54227, 82.4], [-0.51917, 44.54225, 82.4], [-0.51885, 44.54213, 81.875], [-0.51868, 44.54194, 81.875], [-0.51864, 44.54171, 81.93333333333334], [-0.51882, 44.54135, -134.3406862745098]]]}}, {"type": "Feature", "properties": {"id_obligation": "331970000B1245", "priorite": "moyenne"}, "geometry": {"type": "Polygon", "coordinates": [[[-0.51416, 44.53975, 82.0242466683643], [-0.51396, 44.53984, 82.0242466683643], [-0.51372, 44.53987, 82.0242466683643], [-0.51348, 44.53984, 82.0242466683643], [-0.51318, 44.53973, 84.0], [-0.51312, 44.53968, 84.0], [-0.51315, 44.53962, 84.0], [-0.51307, 44.53964, 84.0], [-0.513, 44.53955, 84.0], [-0.51295, 44.53937, 83.25], [-0.51311, 44.53903, 81.5], [-0.51311, 44.5391, 81.5], [-0.51327, 44.5391, 81.5], [-0.51328, 44.53903, 81.5], [-0.51311, 44.53902, 81.5], [-0.51321, 44.53889, 80.0], [-0.51335, 44.53892, 80.0], [-0.51358, 44.53887, 80.0], [-0.51351, 44.53878, 80.0], [-0.51339, 44.53886, 80.0], [-0.51332, 44.53882, 80.0], [-0.51373, 44.53872, 81.03888888888889], [-0.51397, 44.53876, 81.17272727272724], [-0.51423, 44.53886, 81.17272727272724], [-0.51419, 44.539, 80.8], [-0.5143, 44.53903, 80.8], [-0.51436, 44.53897, 80.9], [-0.51445, 44.53918, 80.56666666666666], [-0.51441, 44.5394, 80.56666666666666], [-0.51416, 44.53975, 82.0242466683643]]]}}, {"type": "Feature", "properties": {"id_obligation": "331970000B1265", "priorite": "moyenne"}, "geometry": {"type": "Polygon", "coordinates": [[[-0.51382, 44.53873, 82.63333333333334], [-0.51401, 44.53885, 82.63333333333334], [-0.51413, 44.53901, 81.86486486486487], [-0.51414, 44.53919, 81.86486486486487], [-0.51405, 44.53942, 83.8], [-0.51389, 44.53955, 83.8], [-0.51367, 44.53963, 83.9], [-0.51343, 44.53964, 83.9], [-0.51286, 44.53958, 84.0], [-0.51266, 44.53948, 84.0], [-0.5125, 44.53929, 82.66032701532701], [-0.5125, 44.539, 82.66032701532701], [-0.51264, 44.53881, 82.66032701532701], [-0.51294, 44.53867, 82.66032701532701], [-0.51332, 44.53866, 80.015], [-0.51382, 44.53873, 82.63333333333334]]]}}, {"type": "Feature", "properties": {"id_obligation": "331970000B1266", "priorite": "moyenne"}, "geometry": {"type": "Polygon", "coordinates": [[[-0.513, 44.53948, 82.13873106060606], [-0.51278, 44.53932, 82.13873106060606], [-0.5127, 44.53915, 82.25], [-0.51272, 44.53893, 82.25], [-0.51283, 44.53877, 82.13873106060606], [-0.51308, 44.53863, 82.13873106060606], [-0.51331, 44.53858, 80.01875], [-0.51365, 44.5386, 82.13873106060606], [-0.51387, 44.53868, 82.13873106060606], [-0.51406, 44.53886, 82.13873106060606], [-0.5141, 44.53903, 82.19999999999997], [-0.51406, 44.53924, 82.56363636363638], [-0.51394, 44.5394, 82.56363636363638], [-0.51374, 44.53951, 82.56363636363638], [-0.51349, 44.53955, 83.8], [-0.51323, 44.53954, 83.8], [-0.513, 44.53948, 82.13873106060606]]]}}, {"type": "Feature", "properties": {"id_obligation": "331970000B1350", "priorite": "forte"}, "geometry": {"type": "Polygon", "coordinates": [[[-0.51358, 44.54124, 46.11972670807454], [-0.51341, 44.54136, 46.11972670807454], [-0.51318, 44.54143, 85.61428571428573], [-0.51289, 44.54145, 85.61428571428573], [-0.5128, 44.54143, 85.7], [-0.51292, 44.54141, 85.7], [-0.51287, 44.54129, 85.8], [-0.51278, 44.54129, 85.7], [-0.51278, 44.54143, 83.78], [-0.51249, 44.54132, 83.78], [-0.51232, 44.54114, 83.78], [-0.51229, 44.54106, 83.5], [-0.51234, 44.54109, 83.5], [-0.51239, 44.54106, 83.5], [-0.51228, 44.54101, 83.5], [-0.51235, 44.54067, 82.3], [-0.51241, 44.54059, 82.3], [-0.51247, 44.5406, 82.3], [-0.51247, 44.54052, 82.3], [-0.51267, 44.54042, 82.3], [-0.51291, 44.54037, 46.11972670807454], [-0.51315, 44.5404, 46.11972670807454], [-0.51345, 44.54049, 46.11972670807454], [-0.51362, 44.54061, 46.11972670807454], [-0.51373, 44.5408, 46.11972670807454], [-0.51372, 44.541, 46.11972670807454], [-0.51358, 44.54124, 46.11972670807454]]]}}, {"type": "Feature", "properties": {"id_obligation": "331970000B1365", "priorite": "forte"}, "geometry": {"type": "Polygon", "coordinates": [[[-0.50957, 44.54546, 84.7], [-0.50951, 44.54529, 84.7], [-0.50954, 44.54512, 84.7], [-0.5097, 44.54493, 84.7], [-0.50996, 44.54481, 84.7], [-0.5102, 44.54479, 84.7], [-0.51044, 44.54483, 84.7], [-0.51067, 44.54494, 84.7], [-0.51082, 44.54508, 84.7], [-0.51087, 44.54525, 84.7], [-0.51084, 44.54543, 84.7], [-0.51068, 44.54561, 84.7], [-0.51048, 44.54572, 84.7], [-0.51024, 44.54576, 84.7], [-0.51, 44.54573, 84.7], [-0.50976, 44.54563, 84.7], [-0.50957, 44.54546, 84.7]]]}}, {"type": "Feature", "properties": {"id_obligation": "331970000B1367", "priorite": "forte"}, "geometry": {"type": "Polygon", "coordinates": [[[-0.51071, 44.54558, 83.39047619047619], [-0.51051, 44.54568, 83.39047619047619], [-0.51027, 44.54572, 83.39047619047619], [-0.51003, 44.5457, 83.39047619047619], [-0.50979, 44.5456, 83.39047619047619], [-0.50962, 44.54547, 83.39047619047619], [-0.50954, 44.5453, 83.39047619047619], [-0.50958, 44.54508, 83.39047619047619], [-0.50976, 44.54486, 83.39047619047619], [-0.50993, 44.54475, 83.39047619047619], [-0.51022, 44.54468, 83.2], [-0.51036, 44.54475, 83.2], [-0.5104, 44.54469, 83.2], [-0.51046, 44.5447, 82.27142857142857], [-0.51073, 44.54482, 82.27142857142857], [-0.51091, 44.545, 83.39047619047619], [-0.51094, 44.54522, 83.39047619047619], [-0.51071, 44.54558, 83.39047619047619]]]}}, {"type": "Feature", "properties": {"id_obligation": "331970000B1371", "priorite": "forte"}, "geometry": {"type": "Polygon", "coordinates": [[[-0.50841, 44.54403, 81.51388888888887], [-0.50874, 44.54413, 81.51388888888887], [-0.50899, 44.54435, 81.51388888888887], [-0.50901, 44.54466, 81.8], [-0.50877, 44.54491, 81.51388888888887], [-0.50858, 44.54502, 81.51388888888887], [-0.50817, 44.54506, 81.51388888888887], [-0.50791, 44.54516, 81.51388888888887], [-0.5076, 44.54515, 81.51388888888887], [-0.50737, 44.54507, 81.51388888888887], [-0.50715, 44.54489, 81.51388888888887], [-0.50706, 44.5447, 81.3], [-0.50707, 44.54448, 81.3], [-0.50718, 44.54433, 81.51388888888887], [-0.50745, 44.54416, 81.51388888888887], [-0.50769, 44.5441, 81.51388888888887], [-0.50795, 44.54412, 81.51388888888887], [-0.50841, 44.54403, 81.51388888888887]]]}}, {"type": "Feature", "properties": {"id_obligation": "331970000B1381", "priorite": "très forte"}, "geometry": {"type": "Polygon", "coordinates": [[[-0.51075, 44.54265, 83.04], [-0.51099, 44.5426, 83.04], [-0.51123, 44.54262, 83.04], [-0.51154, 44.54273, 83.04], [-0.5117, 44.54287, 83.04], [-0.51177, 44.54304, 83.04], [-0.51174, 44.54322, 83.04], [-0.51157, 44.54344, 83.04], [-0.51139, 44.54355, 83.04], [-0.5111, 44.5436, 83.04], [-0.51086, 44.54356, 83.04], [-0.51062, 44.54347, 83.04], [-0.51046, 44.54333, 83.04], [-0.51038, 44.54316, 83.04], [-0.51041, 44.54299, 83.04], [-0.51052, 44.5428, 83.04], [-0.51075, 44.54265, 83.04]]]}}, {"type": "Feature", "properties": {"id_obligation": "331970000B1410", "priorite": "forte"}, "geometry": {"type": "Polygon", "coordinates": [[[-0.50626, 44.5428, 78.88571428571429], [-0.50604, 44.54288, 78.88571428571429], [-0.50579, 44.54288, 78.88571428571429], [-0.50547, 44.5428, 78.88571428571429], [-0.50529, 44.54267, 78.88571428571429], [-0.50519, 44.5425, 78.88571428571429], [-0.50519, 44.54232, 78.88571428571429], [-0.50527, 44.54215, 78.88571428571429], [-0.50543, 44.54202, 78.88571428571429], [-0.50568, 44.54193, 78.88571428571429], [-0.50594, 44.54192, 78.88571428571429], [-0.50625, 44.542, 78.88571428571429], [-0.50643, 44.54212, 78.88571428571429], [-0.50653, 44.54228, 78.88571428571429], [-0.50654, 44.54246, 78.88571428571429], [-0.50646, 44.54264, 78.88571428571429], [-0.50626, 44.5428, 78.88571428571429]]]}}, {"type": "Feature", "properties": {"id_obligation": "331970000B1424", "priorite": "moyenne"}, "geometry": {"type": "Polygon", "coordinates": [[[-0.50548, 44.54838, 80.30624999999998], [-0.50546, 44.54835, 80.3], [-0.50553, 44.54838, 80.3], [-0.50559, 44.54832, 80.3], [-0.50545, 44.54825, 80.3], [-0.50541, 44.54829, 80.3], [-0.50536, 44.54818, 80.60000000000001], [-0.50537, 44.54801, 80.60000000000001], [-0.50545, 44.54785, 81.7], [-0.50553, 44.5479, 81.7], [-0.50561, 44.54783, 81.7], [-0.50551, 44.54777, 80.9], [-0.50574, 44.54763, 80.91818181818182], [-0.50598, 44.54759, 80.60437984634414], [-0.50623, 44.54761, 80.60437984634414], [-0.50654, 44.54772, 80.06666666666666], [-0.50664, 44.54778, 80.0321067535309], [-0.50651, 44.54796, 80.7], [-0.5066, 44.54798, 80.9], [-0.5067, 44.54783, 80.25608980794924], [-0.50681, 44.54805, 80.80000000000001], [-0.50678, 44.54823, 80.80000000000001], [-0.50665, 44.54842, 80.60437984634414], [-0.50647, 44.54854, 80.60437984634414], [-0.50624, 44.5486, 80.68571428571428], [-0.50599, 44.54859, 80.68571428571428], [-0.50572, 44.54852, 80.30624999999998], [-0.50548, 44.54838, 80.30624999999998]]]}}, {"type": "Feature", "properties": {"id_obligation": "331970000B1425", "priorite": "moyenne"}, "geometry": {"type": "Polygon", "coordinates": [[[-0.50659, 44.54872, -691.2857142857143], [-0.50618, 44.5488, -691.2857142857143], [-0.50582, 44.5487, 80.46666666666665], [-0.50584, 44.54866, 80.8], [-0.50574, 44.54863, 80.8], [-0.50572, 44.54866, 80.46666666666665], [-0.50549, 44.54841, 80.46666666666665], [-0.50548, 44.54836, 80.3], [-0.50553, 44.54838, 80.3], [-0.50559, 44.54832, 80.3], [-0.50548, 44.54827, 80.3], [-0.50549, 44.5482, 80.5153846153846], [-0.50563, 44.54799, 80.5153846153846], [-0.50579, 44.54803, 80.7], [-0.50583, 44.54796, 80.7], [-0.50571, 44.54792, 80.7], [-0.50591, 44.54783, 80.5153846153846], [-0.50614, 44.5475, 80.0], [-0.5065, 44.54733, 80.0], [-0.50675, 44.54732, 80.1], [-0.50706, 44.54742, 80.1], [-0.50724, 44.54754, 80.1], [-0.50734, 44.54769, 80.1], [-0.50729, 44.54799, -48.22394383394385], [-0.50714, 44.54822, -48.22394383394385], [-0.50689, 44.54838, -48.22394383394385], [-0.50659, 44.54872, -691.2857142857143]]]}}, {"type": "Feature", "properties": {"id_obligation": "331970000B1428", "priorite": "moyenne"}, "geometry": {"type": "Polygon", "coordinates": [[[-0.50651, 44.5494, -189.3537946428571], [-0.5062, 44.54954, -189.3537946428571], [-0.50589, 44.54954, -189.3537946428571], [-0.50558, 44.54942, -189.3537946428571], [-0.50541, 44.54924, -189.3537946428571], [-0.50529, 44.54894, -189.3537946428571], [-0.50534, 44.54872, 80.47500000000001], [-0.5055, 44.54851, 80.47500000000001], [-0.50575, 44.54838, 80.47500000000001], [-0.50599, 44.54834, 80.52857142857144], [-0.50624, 44.54838, 80.52857142857144], [-0.50659, 44.54852, -1000.0], [-0.50674, 44.54866, -1000.0], [-0.50681, 44.54883, -189.3537946428571], [-0.50678, 44.549, -189.3537946428571], [-0.50651, 44.5494, -189.3537946428571]]]}}, {"type": "Feature", "properties": {"id_obligation": "331970000B1433", "priorite": "moyenne"}, "geometry": {"type": "Polygon", "coordinates": [[[-0.50633, 44.54897, 81.64000000000001], [-0.50606, 44.54914, 81.56363636363636], [-0.50571, 44.54917, 81.56363636363636], [-0.50538, 44.54908, -15.536883671883661], [-0.50519, 44.54896, -15.536883671883661], [-0.50508, 44.54876, 80.6], [-0.50506, 44.54841, 80.6], [-0.50519, 44.54816, 81.12857142857142], [-0.5054, 44.548, 81.12857142857142], [-0.50563, 44.54794, 80.61111111111111], [-0.50579, 44.54803, 80.7], [-0.50583, 44.54796, 80.7], [-0.5062, 44.54804, 80.86923076923077], [-0.50638, 44.54816, 80.86923076923077], [-0.50649, 44.54831, -691.2142857142857], [-0.50647, 44.54869, -691.2142857142857], [-0.50633, 44.54897, 81.64000000000001]]]}}, {"type": "Feature", "properties": {"id_obligation": "331970000B1443", "priorite": "faible"}, "geometry": {"type": "Polygon", "coordinates": [[[-0.50398, 44.54899, 81.46000000000001], [-0.50368, 44.54903, 81.55], [-0.50358, 44.54902, 82.7], [-0.50358, 44.54895, 82.7], [-0.50345, 44.54895, 82.7], [-0.50345, 44.54899, 82.7], [-0.50318, 44.54885, 82.55454545454546], [-0.50315, 44.54873, 82.3], [-0.50307, 44.54873, 82.3], [-0.50304, 44.54866, 82.26470588235293], [-0.50303, 44.54863, 81.9], [-0.50309, 44.54863, 81.9], [-0.50309, 44.54846, 81.9], [-0.50303, 44.54846, 81.9], [-0.50326, 44.54817, 84.22307692307692], [-0.50347, 44.54808, 85.53999999999999], [-0.50378, 44.54806, 85.53999999999999], [-0.50401, 44.54812, 81.73333333333333], [-0.50414, 44.54818, 83.35458440690108], [-0.5041, 44.54823, 82.0], [-0.50424, 44.54825, 82.5827209383678], [-0.50428, 44.54829, 80.5], [-0.50421, 44.54839, 80.5], [-0.50432, 44.54842, 80.5], [-0.50434, 44.54838, 80.5], [-0.50438, 44.54856, 80.46666666666667], [-0.50427, 44.54879, 81.6], [-0.50411, 44.54873, 81.6], [-0.50405, 44.54883, 81.2], [-0.50418, 44.54888, 81.46000000000001], [-0.50398, 44.54899, 81.46000000000001]]]}}, {"type": "Feature", "properties": {"id_obligation": "331970000B1473", "priorite": "faible"}, "geometry": {"type": "Polygon", "coordinates": [[[-0.50247, 44.5472, 80.7], [-0.50274, 44.54723, 81.33504142776619], [-0.50275, 44.54732, 81.2], [-0.50279, 44.54733, 81.2], [-0.50286, 44.54726, 80.93333333333334], [-0.50324, 44.54751, 84.70666666666666], [-0.50334, 44.54767, 84.70666666666666], [-0.50333, 44.54785, 84.70666666666666], [-0.50322, 44.54807, 83.20769230769233], [-0.50307, 44.5482, 81.7], [-0.5032, 44.54798, 84.5], [-0.50311, 44.54796, 84.5], [-0.50313, 44.54791, 84.5], [-0.50306, 44.5479, 84.5], [-0.50295, 44.54817, 81.7], [-0.50306, 44.5482, 81.7], [-0.50301, 44.54823, 83.20769230769233], [-0.50272, 44.5483, 89.0], [-0.50247, 44.54828, 89.0], [-0.50227, 44.54822, 89.0], [-0.5023, 44.5482, 89.0], [-0.50224, 44.54816, 89.0], [-0.50217, 44.54818, 88.75820895522388], [-0.50193, 44.54801, 88.75820895522388], [-0.50183, 44.54784, 82.76428571428572], [-0.50182, 44.54761, 82.76428571428572], [-0.50192, 44.54745, 83.5], [-0.50214, 44.54729, 83.5], [-0.50247, 44.5472, 80.7]]]}}, {"type": "Feature", "properties": {"id_obligation": "331970000B1503", "priorite": "moyenne"}, "geometry": {"type": "Polygon", "coordinates": [[[-0.50182, 44.5505, 82.7], [-0.50166, 44.55032, 82.7], [-0.50164, 44.55014, 82.93708791208792], [-0.50171, 44.54985, 82.93708791208792], [-0.50186, 44.5497, 82.93708791208792], [-0.50207, 44.5496, 82.56666666666665], [-0.50217, 44.54958, 82.4], [-0.50213, 44.54968, 82.4], [-0.50223, 44.5497, 82.4], [-0.50223, 44.54958, 82.4], [-0.50247, 44.54959, 83.7], [-0.50247, 44.54965, 83.7], [-0.50255, 44.54965, 83.7], [-0.50255, 44.54959, 83.7], [-0.50262, 44.54961, 83.7], [-0.50287, 44.54974, 83.7], [-0.50299, 44.54989, 83.7], [-0.50302, 44.55007, 81.78333333333333], [-0.50295, 44.55037, 83.3], [-0.50282, 44.55051, 83.3], [-0.50261, 44.55061, 83.3], [-0.50238, 44.55065, 83.42500000000001], [-0.50207, 44.55062, 82.7], [-0.50182, 44.5505, 82.7]]]}}, {"type": "Feature", "properties": {"id_obligation": "331970000B1514", "priorite": "faible"}, "geometry": {"type": "Polygon", "coordinates": [[[-0.50231, 44.54771, 82.5863636363636], [-0.50243, 44.54773, 85.1], [-0.50255, 44.54777, 86.4], [-0.50253, 44.54782, 86.4], [-0.50268, 44.54783, 86.4], [-0.50286, 44.54799, 85.1], [-0.50293, 44.5482, 82.01666666666667], [-0.50286, 44.54846, 82.01666666666667], [-0.50274, 44.54862, 81.62222222222222], [-0.5025, 44.54877, 81.62222222222222], [-0.50218, 44.54884, 85.1], [-0.50219, 44.54879, 85.1], [-0.50202, 44.54877, 85.1], [-0.502, 44.54883, 82.59999999999997], [-0.50162, 44.54871, 83.82155022959805], [-0.50146, 44.54857, 83.82155022959805], [-0.50133, 44.5483, 84.36160714285711], [-0.50138, 44.54809, 83.6], [-0.50158, 44.5479, 83.6], [-0.50185, 44.54779, 82.5], [-0.50232, 44.54777, 82.5], [-0.50225, 44.54771, 82.5], [-0.50231, 44.54771, 82.5863636363636]]]}}, {"type": "Feature", "properties": {"id_obligation": "331970000B1515", "priorite": "faible"}, "geometry": {"type": "Polygon", "coordinates": [[[-0.50241, 44.54856, 88.30909090909091], [-0.50219, 44.5487, 81.4], [-0.50192, 44.54863, 81.1], [-0.50193, 44.54872, 81.1], [-0.50211, 44.54873, 81.4], [-0.50189, 44.54876, 81.18499999999999], [-0.50152, 44.54873, 86.9], [-0.50131, 44.54864, 86.9], [-0.50114, 44.54846, 86.9], [-0.50113, 44.54843, 86.9], [-0.5012, 44.54843, 86.9], [-0.50125, 44.54821, 86.9], [-0.5011, 44.5482, 86.9], [-0.50114, 44.54805, 85.09032258064504], [-0.50117, 44.548, 84.3], [-0.50129, 44.548, 84.3], [-0.50124, 44.54791, 84.3], [-0.50149, 44.54778, 87.9], [-0.50149, 44.54782, 87.9], [-0.50167, 44.54783, 87.9], [-0.50172, 44.54774, 82.1], [-0.50184, 44.54774, 82.5], [-0.50185, 44.54779, 82.5], [-0.50211, 44.54777, 82.5], [-0.50221, 44.54781, 82.6], [-0.50215, 44.54781, 82.6], [-0.50212, 44.54791, 82.6], [-0.50235, 44.54789, 82.9], [-0.50247, 44.54802, 89.0], [-0.50251, 44.5484, 88.30909090909091], [-0.50241, 44.54856, 88.30909090909091]]]}}, {"type": "Feature", "properties": {"id_obligation": "331970000B1516", "priorite": "faible"}, "geometry": {"type": "Polygon", "coordinates": [[[-0.50237, 44.54883, 82.05], [-0.50218, 44.54893, 85.1], [-0.50219, 44.54879, 85.1], [-0.50202, 44.54877, 85.1], [-0.50201, 44.54893, 85.1], [-0.50215, 44.54894, 85.1], [-0.50212, 44.54895, 82.82399999999998], [-0.50187, 44.54898, 82.82399999999998], [-0.5016, 44.54894, 82.39999999999999], [-0.5014, 44.54884, 82.39999999999999], [-0.50127, 44.54869, 82.39999999999999], [-0.50123, 44.54852, 83.69999999999993], [-0.50129, 44.54829, 83.69999999999993], [-0.50143, 44.54814, 84.69999999999993], [-0.50164, 44.54805, 84.69999999999993], [-0.50188, 44.54802, 87.06666666666666], [-0.50216, 44.54806, 87.06666666666666], [-0.50236, 44.54816, 89.0], [-0.50249, 44.54831, 87.06666666666666], [-0.50253, 44.54848, 87.06666666666666], [-0.50249, 44.54868, 82.05], [-0.50237, 44.54883, 82.05]]]}}, {"type": "Feature", "properties": {"id_obligation": "331970000B1525", "priorite": "faible"}, "geometry": {"type": "Polygon", "coordinates": [[[-0.50172, 44.54869, 85.26586834733894], [-0.50149, 44.54883, 85.26586834733894], [-0.50118, 44.54888, 85.26586834733894], [-0.50083, 44.54884, 85.26586834733894], [-0.50063, 44.54873, 85.26586834733894], [-0.50048, 44.54853, 85.26586834733894], [-0.50045, 44.5482, 85.26586834733894], [-0.50051, 44.548, 84.67857142857143], [-0.50095, 44.54799, 85.0], [-0.50095, 44.54791, 85.0], [-0.50066, 44.5479, 85.0], [-0.50069, 44.54785, 84.1], [-0.50078, 44.54786, 84.1], [-0.50079, 44.5478, 84.1], [-0.50093, 44.54777, 83.57619047619046], [-0.5012, 44.54776, 82.8], [-0.5012, 44.54787, 82.8], [-0.50129, 44.54787, 82.5], [-0.50129, 44.54776, 82.5], [-0.50157, 44.54782, 87.9], [-0.50176, 44.54794, 86.63529411764704], [-0.50186, 44.5481, 84.53928571428573], [-0.50188, 44.54819, 88.0], [-0.50173, 44.54819, 88.0], [-0.50173, 44.54831, 88.0], [-0.50187, 44.54831, 88.0], [-0.50172, 44.54869, 85.26586834733894]]]}}, {"type": "Feature", "properties": {"id_obligation": "331970000B1535", "priorite": "faible"}, "geometry": {"type": "Polygon", "coordinates": [[[-0.50143, 44.54828, 84.89642857142847], [-0.5012, 44.5484, 86.9], [-0.50125, 44.54821, 86.9], [-0.50107, 44.5482, 86.9], [-0.5011, 44.54843, 86.9], [-0.50062, 44.54844, 87.7], [-0.50038, 44.54838, 87.7], [-0.50019, 44.54826, 87.7], [-0.50009, 44.54809, 87.7], [-0.50006, 44.54781, 87.37272727272726], [-0.50014, 44.54752, 81.2], [-0.5003, 44.54738, 81.2], [-0.50039, 44.54742, 81.2], [-0.5005, 44.5473, 81.2], [-0.50084, 44.54728, 81.37692307692308], [-0.50108, 44.54733, 81.37692307692308], [-0.50128, 44.54744, -256.1875], [-0.50135, 44.54751, 82.0], [-0.5013, 44.54751, 82.0], [-0.50129, 44.54756, 82.0], [-0.50138, 44.54756, 82.0], [-0.50152, 44.54773, 87.9], [-0.50149, 44.54782, 87.9], [-0.50157, 44.54782, 84.87187500000006], [-0.50156, 44.54808, 84.89642857142847], [-0.50143, 44.54828, 84.89642857142847]]]}}, {"type": "Feature", "properties": {"id_obligation": "331970000B1536", "priorite": "faible"}, "geometry": {"type": "Polygon", "coordinates": [[[-0.50185, 44.54819, 88.0], [-0.50173, 44.54819, 88.0], [-0.50174, 44.54831, 88.0], [-0.50163, 44.54837, 84.50521739130423], [-0.5014, 44.54844, 84.50521739130423], [-0.50095, 44.54844, 67.831406142167], [-0.50072, 44.54838, 67.831406142167], [-0.50053, 44.54827, 67.831406142167], [-0.50042, 44.54811, 67.831406142167], [-0.50041, 44.54789, 84.67222222222222], [-0.50048, 44.54772, 84.67222222222222], [-0.50076, 44.54744, 81.5], [-0.50102, 44.54733, -46.5642857142857], [-0.5013, 44.54731, 82.1], [-0.50127, 44.54742, 82.1], [-0.50138, 44.54744, 82.1], [-0.50145, 44.54732, 82.1], [-0.50178, 44.54748, 83.5], [-0.50161, 44.54747, 83.5], [-0.5016, 44.54753, 83.5], [-0.50186, 44.54758, 83.26666666666667], [-0.50192, 44.54773, 82.5], [-0.50184, 44.54773, 82.5], [-0.50185, 44.54779, 82.5], [-0.50192, 44.54779, 82.5], [-0.50185, 44.54819, 88.0]]]}}, {"type": "Feature", "properties": {"id_obligation": "331970000B1539", "priorite": "moyenne"}, "geometry": {"type": "MultiPolygon", "coordinates": [[[[-0.50217, 44.5481, 86.2], [-0.50193, 44.54824, 86.2], [-0.50189, 44.54825, 88.0], [-0.50189, 44.54819, 88.0], [-0.50173, 44.54819, 88.0], [-0.50173, 44.54827, 88.0], [-0.50125, 44.54823, 86.9], [-0.50071, 44.54799, 85.0], [-0.50095, 44.54799, 85.0], [-0.50095, 44.54791, 85.0], [-0.50066, 44.5479, 85.0], [-0.50066, 44.54784, 85.0], [-0.50051, 44.54784, 85.0], [-0.50051, 44.54791, 85.0], [-0.50023, 44.54775, 84.27272727272727], [-0.50012, 44.5475, 84.27272727272727], [-0.5002, 44.54724, 81.26428571428573], [-0.5004, 44.54707, 81.26428571428573], [-0.50069, 44.54699, 81.26428571428573], [-0.50174, 44.54712, 83.5], [-0.50197, 44.54726, 83.5], [-0.5023, 44.54772, 82.80882352941174], [-0.5023, 44.54776, 82.5], [-0.50225, 44.54771, 82.5], [-0.50184, 44.54773, 82.5], [-0.50185, 44.54779, 82.5], [-0.5023, 44.54777, 82.5], [-0.5023, 44.5478, 82.6], [-0.50215, 44.54781, 82.6], [-0.50212, 44.54787, 82.6], [-0.50212, 44.54791, 82.6], [-0.50229, 44.5479, 82.9], [-0.50217, 44.5481, 86.2]]]]}}, {"type": "Feature", "properties": {"id_obligation": "331970000B1540", "priorite": "faible"}, "geometry": {"type": "Polygon", "coordinates": [[[-0.50222, 44.54734, 81.7], [-0.50234, 44.54753, 83.0], [-0.50235, 44.5478, 82.6], [-0.50215, 44.54781, 82.6], [-0.50212, 44.54787, 82.6], [-0.50212, 44.54791, 82.6], [-0.50233, 44.54789, 82.82727241632061], [-0.50227, 44.548, 82.675], [-0.5021, 44.54813, 82.675], [-0.50189, 44.54821, 88.0], [-0.50153, 44.54822, 85.1640624999999], [-0.5013, 44.54816, 84.3], [-0.50107, 44.54799, 84.3], [-0.50129, 44.548, 84.3], [-0.50124, 44.54788, 84.3], [-0.50113, 44.54788, 84.3], [-0.50112, 44.54794, 84.3], [-0.50103, 44.54794, 84.3], [-0.50086, 44.54772, -86.54999999999997], [-0.50083, 44.5475, 81.5], [-0.50092, 44.54752, 81.5], [-0.50093, 44.54746, 81.5], [-0.50084, 44.54745, 81.5], [-0.50092, 44.54729, 83.50769230769232], [-0.50109, 44.54716, 83.50769230769232], [-0.50138, 44.54708, 82.30555555555551], [-0.50171, 44.5471, 82.30555555555551], [-0.50222, 44.54734, 81.7]]]}}, {"type": "Feature", "properties": {"id_obligation": "331970000B1541", "priorite": "faible"}, "geometry": {"type": "Polygon", "coordinates": [[[-0.50138, 44.54837, 85.09032258064504], [-0.50121, 44.54821, 86.9], [-0.50116, 44.548, 84.3], [-0.50129, 44.548, 84.3], [-0.50129, 44.54794, 84.3], [-0.50124, 44.54794, 84.3], [-0.50124, 44.54788, 84.3], [-0.50118, 44.54788, 84.3], [-0.5012, 44.54777, 82.79285714285716], [-0.5012, 44.54787, 82.8], [-0.50129, 44.54787, 82.5], [-0.50129, 44.54776, 82.5], [-0.50121, 44.54774, 82.7], [-0.5013, 44.54761, 82.79285714285716], [-0.50135, 44.54756, 82.0], [-0.50158, 44.54758, 82.5], [-0.50159, 44.54754, 82.5], [-0.50141, 44.54752, 82.0], [-0.50147, 44.54748, 82.79285714285716], [-0.5018, 44.54741, 83.5], [-0.50178, 44.5475, 83.5], [-0.50161, 44.54747, 83.5], [-0.5016, 44.54753, 83.5], [-0.50189, 44.54757, 83.5], [-0.50193, 44.54743, 83.5], [-0.50181, 44.54741, 83.5], [-0.502, 44.54743, 83.48333333333332], [-0.50222, 44.54749, 83.18181818181819], [-0.50234, 44.54756, 83.0], [-0.50233, 44.54762, 83.0], [-0.50243, 44.54766, 83.18181818181819], [-0.5025, 44.54782, 82.60714285714286], [-0.50247, 44.54812, 82.60714285714286], [-0.50237, 44.54829, 89.0], [-0.50219, 44.54841, 89.0], [-0.50196, 44.54848, 85.34022988505737], [-0.50165, 44.54847, 85.34022988505737], [-0.50138, 44.54837, 85.09032258064504]]]}}, {"type": "Feature", "properties": {"id_obligation": "331970000B1543", "priorite": "faible"}, "geometry": {"type": "MultiPolygon", "coordinates": [[[[-0.503, 44.54775, 85.8], [-0.50276, 44.54778, 85.8], [-0.50276, 44.54786, 85.8], [-0.50301, 44.5478, 85.8], [-0.50299, 44.54799, -106.69411764705889], [-0.5029, 44.54815, 60.762479889391635], [-0.50273, 44.54826, 60.762479889391635], [-0.50223, 44.54835, 89.0], [-0.50218, 44.5483, 89.0], [-0.5023, 44.5482, 89.0], [-0.50224, 44.54816, 89.0], [-0.50211, 44.54825, 89.0], [-0.50201, 44.54822, 89.0], [-0.50196, 44.54827, 89.0], [-0.50201, 44.54835, 89.0], [-0.50182, 44.54831, 88.0], [-0.50189, 44.54831, 88.0], [-0.50189, 44.54819, 88.0], [-0.50173, 44.54819, 88.0], [-0.50173, 44.54826, 88.0], [-0.5016, 44.54816, 88.19999999999999], [-0.5015, 44.54799, 84.99999999999997], [-0.50149, 44.54782, 87.9], [-0.50167, 44.54783, 87.9], [-0.50173, 44.54761, 82.1], [-0.50163, 44.54761, 82.1], [-0.50162, 44.54774, 87.9], [-0.50152, 44.54773, 87.9], [-0.50165, 44.54754, 83.5], [-0.50189, 44.54757, 83.5], [-0.50193, 44.54743, 83.5], [-0.50184, 44.54742, 83.1888888888889], [-0.50207, 44.54736, 82.37000000000002], [-0.50248, 44.54736, 82.37000000000002], [-0.5027, 44.54742, 82.22352941176472], [-0.5029, 44.54758, 82.22352941176472], [-0.503, 44.54775, 85.8]]], [[[-0.50178, 44.54744, 83.1888888888889], [-0.5018, 44.54743, 83.5], [-0.50178, 44.5475, 83.5], [-0.5017, 44.54749, 83.5], [-0.50178, 44.54744, 83.1888888888889]]]]}}, {"type": "Feature", "properties": {"id_obligation": "331970000B1547", "priorite": "moyenne"}, "geometry": {"type": "Polygon", "coordinates": [[[-0.50203, 44.5474, 82.70999999999997], [-0.50189, 44.54756, 83.5], [-0.50193, 44.54743, 83.5], [-0.5018, 44.54741, 83.5], [-0.50178, 44.5475, 83.5], [-0.50161, 44.54747, 83.5], [-0.5016, 44.54753, 83.5], [-0.50188, 44.54756, 83.5], [-0.50185, 44.54759, 82.70999999999997], [-0.50173, 44.54765, 82.1], [-0.50173, 44.54761, 82.1], [-0.50163, 44.54761, 82.1], [-0.50162, 44.54768, 82.1], [-0.50138, 44.54769, -98.25333333333336], [-0.50087, 44.54764, 81.5], [-0.50054, 44.54755, 81.5], [-0.50038, 44.54742, 81.2], [-0.50047, 44.54726, 81.2], [-0.50053, 44.54727, 80.5], [-0.50054, 44.54722, 80.5], [-0.50034, 44.54719, 82.1], [-0.50032, 44.54733, 81.2], [-0.50029, 44.54717, 81.4], [-0.50036, 44.54713, 81.4], [-0.5003, 44.54712, 81.4], [-0.5004, 44.54688, 56.080760073260066], [-0.50062, 44.54673, 56.080760073260066], [-0.50085, 44.54667, 81.2], [-0.5014, 44.54664, 81.2], [-0.50172, 44.54669, 81.2], [-0.50192, 44.5468, 81.2], [-0.50206, 44.54699, 81.2], [-0.50203, 44.5474, 82.70999999999997]]]}}, {"type": "Feature", "properties": {"id_obligation": "331970000B1549", "priorite": "faible"}, "geometry": {"type": "Polygon", "coordinates": [[[-0.50099, 44.54729, 84.14545454545454], [-0.5008, 44.54708, 81.78090909090909], [-0.50075, 44.5469, 81.78090909090909], [-0.50082, 44.54667, 81.78090909090909], [-0.50095, 44.54653, 81.78090909090909], [-0.50121, 44.54642, 81.78090909090909], [-0.50146, 44.5464, 81.78090909090909], [-0.50177, 44.54645, 80.8], [-0.50198, 44.54656, 80.8], [-0.50216, 44.54676, 81.2], [-0.50218, 44.54694, 81.2], [-0.50211, 44.54716, 81.2], [-0.50197, 44.54731, 81.2], [-0.50176, 44.54741, 81.2], [-0.50138, 44.54743, 82.1], [-0.50146, 44.54732, 82.1], [-0.5013, 44.54729, 82.1], [-0.50125, 44.54741, 84.14545454545454], [-0.50099, 44.54729, 84.14545454545454]]]}}, {"type": "Feature", "properties": {"id_obligation": "331970000B1569", "priorite": "moyenne"}, "geometry": {"type": "Polygon", "coordinates": [[[-0.50242, 44.54599, 80.19999999999999], [-0.50226, 44.54612, 80.19999999999999], [-0.50204, 44.5462, 80.95], [-0.50199, 44.54621, 81.0], [-0.50194, 44.54614, 81.0], [-0.50179, 44.54621, 80.9124108876529], [-0.50148, 44.54615, 81.3], [-0.5013, 44.54604, 81.3], [-0.50119, 44.54588, 81.3], [-0.50121, 44.5453, 80.38608452950557], [-0.50137, 44.54511, 80.38608452950557], [-0.50163, 44.545, 80.38608452950557], [-0.50203, 44.545, 80.38608452950557], [-0.50231, 44.5451, 80.38608452950557], [-0.50251, 44.54532, 80.38608452950557], [-0.50253, 44.54559, 80.74545454545454], [-0.50242, 44.54599, 80.19999999999999]]]}}, {"type": "Feature", "properties": {"id_obligation": "331970000B1677", "priorite": "très forte"}, "geometry": {"type": "Polygon", "coordinates": [[[-0.50102, 44.54336, 80.1], [-0.5012, 44.54358, 80.1], [-0.50119, 44.54379, 80.1], [-0.50101, 44.54403, 80.1], [-0.50081, 44.54414, 80.1], [-0.50057, 44.54418, 80.1], [-0.49998, 44.54413, 80.1], [-0.49972, 44.54402, 80.1], [-0.49958, 44.54388, 80.1], [-0.49952, 44.54372, 80.1], [-0.49955, 44.54345, 80.1], [-0.49969, 44.54326, 80.1], [-0.49989, 44.54316, 80.1], [-0.50012, 44.54311, 80.1], [-0.50045, 44.54313, 80.1], [-0.50102, 44.54336, 80.1]]]}}, {"type": "Feature", "properties": {"id_obligation": "331970000B1720", "priorite": "moyenne"}, "geometry": {"type": "Polygon", "coordinates": [[[-0.50144, 44.55145, 83.06666666666666], [-0.50114, 44.55149, 83.06666666666666], [-0.50079, 44.55143, 83.06666666666666], [-0.5006, 44.55132, 83.06666666666666], [-0.50048, 44.55117, 83.06666666666666], [-0.50045, 44.55099, 83.06666666666666], [-0.50054, 44.55072, 82.0], [-0.50072, 44.55054, 82.0], [-0.50094, 44.55045, 82.5], [-0.50119, 44.55043, 82.5], [-0.50155, 44.55051, 83.06666666666666], [-0.50174, 44.55062, 83.06666666666666], [-0.50185, 44.55077, 83.06666666666666], [-0.50188, 44.55094, 83.06666666666666], [-0.50179, 44.55119, 83.06666666666666], [-0.50164, 44.55135, 83.06666666666666], [-0.50144, 44.55145, 83.06666666666666]]]}}, {"type": "Feature", "properties": {"id_obligation": "331970000B1787", "priorite": "forte"}, "geometry": {"type": "Polygon", "coordinates": [[[-0.51522, 44.53831, 80.61727272727273], [-0.51532, 44.53847, 80.61727272727273], [-0.51538, 44.53873, 80.61727272727273], [-0.51531, 44.53894, 80.61727272727273], [-0.51516, 44.53908, 80.61727272727273], [-0.51495, 44.53917, 80.61727272727273], [-0.51462, 44.5392, 80.5], [-0.51438, 44.53916, 80.5], [-0.51418, 44.53905, 80.6], [-0.51387, 44.53876, 80.8], [-0.51381, 44.53854, 80.8], [-0.51387, 44.53836, 80.61727272727273], [-0.51412, 44.53816, 80.61727272727273], [-0.5144, 44.53806, 80.61727272727273], [-0.51471, 44.53806, 80.61727272727273], [-0.51504, 44.53819, 80.61727272727273], [-0.51522, 44.53831, 80.61727272727273]]]}}, {"type": "Feature", "properties": {"id_obligation": "331970000B1807", "priorite": "forte"}, "geometry": {"type": "Polygon", "coordinates": [[[-0.51323, 44.53604, 77.72109637488946], [-0.51353, 44.53605, 77.72109637488946], [-0.51378, 44.53617, 77.59482758620682], [-0.51398, 44.53636, 78.03846153846156], [-0.51402, 44.53653, 78.03846153846156], [-0.51394, 44.53674, 77.72109637488946], [-0.51379, 44.53687, 77.72109637488946], [-0.51354, 44.537, 77.72109637488946], [-0.5133, 44.53703, 77.72109637488946], [-0.51306, 44.537, 77.72109637488946], [-0.51286, 44.5369, 77.72109637488946], [-0.51266, 44.53671, 77.72109637488946], [-0.51261, 44.53654, 77.72109637488946], [-0.51265, 44.53638, 77.72109637488946], [-0.51277, 44.53623, 77.72109637488946], [-0.513, 44.5361, 77.72109637488946], [-0.51323, 44.53604, 77.72109637488946]]]}}, {"type": "Feature", "properties": {"id_obligation": "331970000B2058", "priorite": "forte"}, "geometry": {"type": "Polygon", "coordinates": [[[-0.51915, 44.54023, 2.789705882352937], [-0.51938, 44.54027, 2.789705882352937], [-0.51962, 44.54036, 2.789705882352937], [-0.5198, 44.54053, 2.789705882352937], [-0.51984, 44.54075, 2.789705882352937], [-0.51974, 44.54097, 2.789705882352937], [-0.51961, 44.54112, 2.789705882352937], [-0.5194, 44.54122, 82.89999999999999], [-0.5191, 44.54125, 82.89999999999999], [-0.51885, 44.5412, 82.1], [-0.51864, 44.5411, 82.1], [-0.5185, 44.54095, 82.1], [-0.51844, 44.54072, 81.9], [-0.5185, 44.54054, 2.789705882352937], [-0.51863, 44.54039, 2.789705882352937], [-0.51886, 44.54027, 2.789705882352937], [-0.51915, 44.54023, 2.789705882352937]]]}}, {"type": "Feature", "properties": {"id_obligation": "331970000B2086", "priorite": "forte"}, "geometry": {"type": "Polygon", "coordinates": [[[-0.51293, 44.5405, 84.66666666666667], [-0.51277, 44.54032, 84.66666666666667], [-0.51273, 44.54014, 86.5], [-0.51283, 44.53977, 84.0], [-0.51291, 44.53967, 84.0], [-0.51311, 44.53971, 84.0], [-0.51315, 44.53962, 84.0], [-0.51296, 44.53962, 84.0], [-0.51322, 44.5395, 84.66666666666667], [-0.51346, 44.53948, 84.66666666666667], [-0.51374, 44.53952, 84.66666666666667], [-0.51399, 44.53964, 84.66666666666667], [-0.51413, 44.53983, 84.66666666666667], [-0.51405, 44.54034, 84.66666666666667], [-0.51392, 44.54049, 84.66666666666667], [-0.51372, 44.54059, 84.66666666666667], [-0.51348, 44.54064, 84.66666666666667], [-0.5132, 44.54061, 84.66666666666667], [-0.51293, 44.5405, 84.66666666666667]]]}}, {"type": "Feature", "properties": {"id_obligation": "331970000B2087", "priorite": "faible"}, "geometry": {"type": "Polygon", "coordinates": [[[-0.51241, 44.55273, 79.9], [-0.51265, 44.55279, 79.68038103618758], [-0.51279, 44.55305, 81.8], [-0.51274, 44.55331, 81.9614321789322], [-0.51261, 44.55346, 81.9614321789322], [-0.51241, 44.55357, 81.9614321789322], [-0.51216, 44.55361, 82.8], [-0.51178, 44.55356, 80.86250000000001], [-0.51157, 44.55347, 80.86250000000001], [-0.51153, 44.55344, 80.7], [-0.51157, 44.55345, 80.7], [-0.51159, 44.5534, 80.7], [-0.51147, 44.55338, 80.5], [-0.51137, 44.55316, 82.04], [-0.51141, 44.55291, 83.02222222222227], [-0.51156, 44.55272, 83.02222222222227], [-0.51176, 44.55261, 83.02222222222227], [-0.51201, 44.55257, 81.9614321789322], [-0.51225, 44.5526, 81.9614321789322], [-0.51253, 44.55271, 80.5], [-0.51241, 44.55273, 79.9]]]}}, {"type": "Feature", "properties": {"id_obligation": "331970000B2101", "priorite": "moyenne"}, "geometry": {"type": "Polygon", "coordinates": [[[-0.50343, 44.54715, 81.8], [-0.50337, 44.54696, 86.5], [-0.50342, 44.54679, 86.5], [-0.5036, 44.54658, 80.10000000000001], [-0.50369, 44.54653, 79.9], [-0.50379, 44.54656, 79.9], [-0.50384, 44.54648, 79.9], [-0.50411, 44.54645, -325.0625], [-0.50434, 44.5465, -1000.0], [-0.50457, 44.54662, -1000.0], [-0.50471, 44.54676, -130.06277472527472], [-0.50476, 44.54697, -130.06277472527472], [-0.5047, 44.54714, -130.06277472527472], [-0.50454, 44.54731, -130.06277472527472], [-0.50434, 44.54741, -130.06277472527472], [-0.50409, 44.54745, 84.6], [-0.50385, 44.54742, 84.6], [-0.50361, 44.54731, 82.5230769230769], [-0.50343, 44.54715, 81.8]]]}}, {"type": "Feature", "properties": {"id_obligation": "331970000B2103", "priorite": "moyenne"}, "geometry": {"type": "Polygon", "coordinates": [[[-0.5035, 44.54762, 82.7], [-0.50337, 44.54743, 81.8], [-0.50336, 44.54728, 81.8], [-0.50348, 44.54706, 85.15714285714284], [-0.50366, 44.54693, 85.15714285714284], [-0.50403, 44.54678, 81.2], [-0.50434, 44.54677, 81.2], [-0.50457, 44.54683, 82.5795918367347], [-0.50474, 44.54696, 82.5795918367347], [-0.50489, 44.54715, 81.3], [-0.50492, 44.54728, 81.3], [-0.50489, 44.54742, 81.3], [-0.50484, 44.54736, 81.3], [-0.50475, 44.54744, 81.3], [-0.50485, 44.54749, 81.3], [-0.50482, 44.54753, 81.3], [-0.50445, 44.54776, 82.5795918367347], [-0.50423, 44.54783, 82.5795918367347], [-0.50398, 44.54783, 82.5795918367347], [-0.50378, 44.54778, 83.0], [-0.5038, 44.54775, 83.0], [-0.50368, 44.54775, 82.7], [-0.5035, 44.54762, 82.7]]]}}, {"type": "Feature", "properties": {"id_obligation": "331970000B2105", "priorite": "moyenne"}, "geometry": {"type": "Polygon", "coordinates": [[[-0.50437, 44.54699, 81.2], [-0.50406, 44.5472, 81.2], [-0.5037, 44.54723, 84.3875], [-0.50326, 44.54709, 81.4142857142857], [-0.50309, 44.54695, 81.4142857142857], [-0.50302, 44.54679, 81.4142857142857], [-0.50305, 44.54648, 80.6], [-0.50314, 44.54651, 80.6], [-0.50321, 44.5464, 80.6], [-0.50311, 44.54636, 80.6], [-0.50302, 44.54642, 80.6], [-0.50296, 44.54631, 80.60000000000001], [-0.50297, 44.54609, -73.27398732220159], [-0.50308, 44.54593, -73.27398732220159], [-0.50332, 44.54579, -73.27398732220159], [-0.50355, 44.54573, 79.41666666666667], [-0.50384, 44.54576, 79.41666666666667], [-0.50414, 44.54587, -73.27398732220159], [-0.50431, 44.546, -73.27398732220159], [-0.50449, 44.54627, -1000.0], [-0.50446, 44.54668, -1000.0], [-0.50437, 44.54699, 81.2]]]}}, {"type": "Feature", "properties": {"id_obligation": "331970000B2134", "priorite": "faible"}, "geometry": {"type": "Polygon", "coordinates": [[[-0.50362, 44.54794, 84.2], [-0.50346, 44.54812, 84.38461538461537], [-0.50326, 44.54822, 84.38461538461537], [-0.50315, 44.5482, 82.3], [-0.50313, 44.54825, 82.3], [-0.50287, 44.5483, 81.63750000000002], [-0.50263, 44.5483, 81.63750000000002], [-0.5024, 44.54823, 59.94847473954615], [-0.50223, 44.5481, 59.94847473954615], [-0.50214, 44.54794, 82.7285714285714], [-0.50213, 44.54791, 82.6], [-0.50238, 44.54789, 82.9], [-0.50235, 44.5478, 82.6], [-0.50215, 44.54781, 82.6], [-0.50213, 44.54787, 82.6], [-0.50212, 44.54777, 82.5], [-0.50232, 44.54777, 82.5], [-0.50225, 44.54771, 82.5], [-0.50213, 44.54772, 82.5], [-0.50221, 44.54757, 83.05], [-0.50241, 44.5474, 83.05], [-0.50263, 44.54734, 81.91363636363634], [-0.50302, 44.5473, 59.94847473954615], [-0.50331, 44.54735, 59.94847473954615], [-0.50353, 44.5475, 59.94847473954615], [-0.50365, 44.54776, 84.2], [-0.50362, 44.54794, 84.2]]]}}, {"type": "Feature", "properties": {"id_obligation": "331970000B2135", "priorite": "faible"}, "geometry": {"type": "Polygon", "coordinates": [[[-0.50271, 44.54729, 82.81052927783989], [-0.50279, 44.54733, 81.2], [-0.50283, 44.54724, 80.61666666666666], [-0.50318, 44.5472, 80.61666666666666], [-0.50318, 44.54724, 80.6], [-0.50338, 44.54729, 81.8], [-0.5034, 44.54724, 81.8], [-0.5036, 44.54735, 81.49999999999999], [-0.50373, 44.5475, 81.49999999999999], [-0.5038, 44.54771, 83.02105263157897], [-0.5038, 44.54775, 83.0], [-0.50373, 44.54773, 83.0], [-0.50369, 44.54783, 82.5], [-0.50371, 44.54784, 82.1], [-0.50365, 44.54797, 82.1], [-0.50373, 44.54799, 82.1], [-0.50357, 44.54812, 85.1], [-0.50338, 44.5482, 82.7], [-0.50322, 44.54823, 82.3], [-0.50315, 44.5482, 82.3], [-0.50313, 44.54825, 82.3], [-0.50302, 44.54825, 83.425], [-0.50272, 44.5482, 64.55368295812374], [-0.50253, 44.54809, 64.55368295812374], [-0.5024, 44.54789, -63.77727272727271], [-0.50239, 44.54765, -63.77727272727271], [-0.50252, 44.54764, 83.0], [-0.50249, 44.54753, 83.1], [-0.50254, 44.54757, 81.8], [-0.50271, 44.54755, 81.8], [-0.50272, 44.54748, 81.8], [-0.50249, 44.54745, 83.1], [-0.50271, 44.54729, 82.81052927783989]]]}}, {"type": "Feature", "properties": {"id_obligation": "331970000B2143", "priorite": "forte"}, "geometry": {"type": "Polygon", "coordinates": [[[-0.51872, 44.5422, -278.6625], [-0.51861, 44.542, 81.9], [-0.51862, 44.54183, 81.9], [-0.51875, 44.54158, -278.6625], [-0.51892, 44.54145, -278.6625], [-0.51915, 44.54138, -278.65000000000003], [-0.5194, 44.54137, -278.65000000000003], [-0.51971, 44.54146, -1000.0], [-0.51988, 44.54158, -1000.0], [-0.51999, 44.54178, -278.6625], [-0.51998, 44.54195, -278.6625], [-0.51984, 44.54219, -278.6625], [-0.51967, 44.54232, -278.6625], [-0.51945, 44.54239, -278.6625], [-0.5192, 44.5424, -278.6625], [-0.51895, 44.54234, -278.6625], [-0.51872, 44.5422, -278.6625]]]}}, {"type": "Feature", "properties": {"id_obligation": "331970000B2148", "priorite": "faible"}, "geometry": {"type": "Polygon", "coordinates": [[[-0.50267, 44.54839, 82.0], [-0.50259, 44.54838, 82.0], [-0.5025, 44.54864, 82.0], [-0.50262, 44.54866, 82.1], [-0.5027, 44.54842, 82.00966321441045], [-0.50282, 44.54866, 81.78], [-0.50278, 44.54888, 81.10000000000001], [-0.50261, 44.54907, 81.10000000000001], [-0.5024, 44.54916, 81.0], [-0.50244, 44.54901, 81.0], [-0.50236, 44.549, 81.0], [-0.50232, 44.54915, 81.0], [-0.50238, 44.54916, 81.0], [-0.50214, 44.54919, 83.39999999999999], [-0.50187, 44.54916, 82.8], [-0.50191, 44.54907, 82.8], [-0.50181, 44.54905, 82.8], [-0.50178, 44.54914, 82.8], [-0.50156, 44.54904, 82.68], [-0.50134, 44.54878, 83.81480965830673], [-0.50127, 44.54856, 83.81480965830673], [-0.50131, 44.54838, 84.3775700934579], [-0.50146, 44.54822, 84.7], [-0.50169, 44.54811, 84.3775700934579], [-0.502, 44.54809, 88.83924050632912], [-0.5023, 44.54816, 86.66666666666667], [-0.50267, 44.54839, 82.0]]]}}, {"type": "Feature", "properties": {"id_obligation": "331970000B2152", "priorite": "faible"}, "geometry": {"type": "Polygon", "coordinates": [[[-0.51077, 44.55343, 81.2], [-0.51073, 44.55329, 81.8], [-0.51062, 44.55329, 81.8], [-0.51061, 44.55351, 81.1], [-0.51038, 44.55356, 80.7], [-0.51032, 44.55347, 80.7], [-0.51028, 44.55349, 80.7], [-0.51037, 44.55356, 80.7], [-0.51033, 44.55357, 81.40833333333335], [-0.51008, 44.55356, 81.40833333333335], [-0.5098, 44.55347, 80.88677083333334], [-0.50963, 44.55334, 80.88677083333334], [-0.50955, 44.55317, 80.88677083333334], [-0.50955, 44.55297, 80.88677083333334], [-0.50968, 44.55276, 80.88677083333334], [-0.5099, 44.55262, 80.88677083333334], [-0.51013, 44.55257, 80.88677083333334], [-0.51037, 44.55258, 80.88677083333334], [-0.51069, 44.55268, 80.88677083333334], [-0.51087, 44.5528, 80.88677083333334], [-0.51097, 44.55297, 80.63000000000001], [-0.51097, 44.55314, 80.63000000000001], [-0.51077, 44.55343, 81.2]]]}}, {"type": "Feature", "properties": {"id_obligation": "331970000B2154", "priorite": "faible"}, "geometry": {"type": "Polygon", "coordinates": [[[-0.51113, 44.55302, 80.4], [-0.51133, 44.55319, 80.4], [-0.5114, 44.55336, 81.70000000000002], [-0.51137, 44.5536, 81.70000000000002], [-0.51125, 44.55375, 81.7], [-0.51106, 44.55385, 81.7], [-0.51084, 44.5539, 82.05384615384614], [-0.51052, 44.55389, 81.39999999999999], [-0.51044, 44.55387, 81.4], [-0.51045, 44.55373, 81.4], [-0.51039, 44.55369, 81.4], [-0.51033, 44.55369, 81.4], [-0.51032, 44.55382, 81.4], [-0.51011, 44.55364, 81.21000000000001], [-0.51006, 44.55347, 81.21000000000001], [-0.51009, 44.55327, 80.66666666666669], [-0.5102, 44.55312, 80.59348799923293], [-0.51032, 44.55311, 81.0], [-0.51035, 44.55306, 80.9], [-0.5103, 44.55304, 80.51434580357655], [-0.51039, 44.553, 80.66666666666669], [-0.51062, 44.55294, 80.74375000000002], [-0.5109, 44.55295, 80.74375000000002], [-0.51113, 44.55302, 80.4]]]}}, {"type": "Feature", "properties": {"id_obligation": "331970000B2155", "priorite": "faible"}, "geometry": {"type": "Polygon", "coordinates": [[[-0.51114, 44.55377, 81.7], [-0.51088, 44.55389, 82.05384615384614], [-0.51044, 44.55389, 81.4], [-0.51045, 44.55373, 81.4], [-0.51039, 44.55369, 81.4], [-0.51033, 44.55369, 81.4], [-0.51032, 44.55386, 81.4], [-0.51026, 44.55383, 81.41999999999999], [-0.51009, 44.55371, 81.41999999999999], [-0.50999, 44.55354, 81.40833333333335], [-0.50999, 44.55324, 80.4090909090909], [-0.5101, 44.55304, 80.4090909090909], [-0.51027, 44.55292, 80.4090909090909], [-0.51049, 44.55285, 80.58571428571429], [-0.51084, 44.55285, 80.58571428571429], [-0.51107, 44.55292, 82.97142857142856], [-0.51125, 44.55304, 82.97142857142856], [-0.51134, 44.55321, 82.97142857142856], [-0.51135, 44.55345, 81.44000000000003], [-0.51114, 44.55377, 81.7]]]}}, {"type": "Feature", "properties": {"id_obligation": "331970000B2156", "priorite": "moyenne"}, "geometry": {"type": "Polygon", "coordinates": [[[-0.49956, 44.5558, 83.06666666666668], [-0.4994, 44.55593, 83.06666666666668], [-0.49918, 44.556, 82.64999999999999], [-0.49894, 44.55601, 82.64999999999999], [-0.49888, 44.55601, 82.7], [-0.49888, 44.556, 82.7], [-0.49894, 44.55592, 82.7], [-0.49881, 44.55588, 82.7], [-0.49876, 44.55596, 82.7], [-0.49882, 44.55599, 82.64999999999999], [-0.49857, 44.5559, 82.30000000000001], [-0.49843, 44.55581, 82.30000000000001], [-0.49833, 44.55565, 82.00666666666666], [-0.49831, 44.55547, 82.00666666666666], [-0.49847, 44.55519, 84.0], [-0.49861, 44.55505, 84.0], [-0.49887, 44.55495, 82.83636363636364], [-0.49911, 44.55494, 82.83636363636364], [-0.49942, 44.55501, 83.5], [-0.49964, 44.55517, 83.5], [-0.49974, 44.55538, 83.05714285714285], [-0.49969, 44.55559, 83.05714285714285], [-0.49956, 44.5558, 83.06666666666668]]]}}, {"type": "Feature", "properties": {"id_obligation": "331970000B2157", "priorite": "moyenne"}, "geometry": {"type": "Polygon", "coordinates": [[[-0.49983, 44.55527, 82.8], [-0.49976, 44.55534, 82.8], [-0.49981, 44.55538, 82.91666666666667], [-0.49968, 44.5556, 82.85555555555555], [-0.49963, 44.55559, 82.8], [-0.49963, 44.55566, 82.71540349423175], [-0.49954, 44.55574, 82.85555555555555], [-0.49933, 44.55583, 82.60499999999999], [-0.49903, 44.55585, 82.60499999999999], [-0.49878, 44.5558, 81.59285714285713], [-0.49858, 44.55569, 81.59285714285713], [-0.49845, 44.55554, 81.59285714285713], [-0.49841, 44.55493, 82.55646825396826], [-0.49857, 44.55475, 82.55646825396826], [-0.49878, 44.55465, 82.55646825396826], [-0.49913, 44.5546, 82.96666666666667], [-0.49947, 44.55467, 82.8], [-0.49971, 44.55487, 82.8], [-0.49983, 44.55527, 82.8]]]}}, {"type": "Feature", "properties": {"id_obligation": "331970000B2162", "priorite": "moyenne"}, "geometry": {"type": "Polygon", "coordinates": [[[-0.51327, 44.53956, 81.39882577699515], [-0.51316, 44.53939, 83.6], [-0.51315, 44.53921, 83.6], [-0.51317, 44.53917, 83.0], [-0.51322, 44.53917, 83.0], [-0.5132, 44.5391, 81.5], [-0.51327, 44.5391, 81.5], [-0.51327, 44.53901, 80.96551724137932], [-0.51339, 44.53891, 80.0], [-0.51358, 44.53887, 80.0], [-0.51354, 44.53882, 80.0], [-0.51375, 44.53877, 82.0125], [-0.514, 44.53878, 82.0125], [-0.51426, 44.53886, 80.8], [-0.51419, 44.539, 80.8], [-0.5143, 44.53903, 80.8], [-0.51438, 44.53893, 80.1], [-0.51454, 44.53917, 80.90833333333333], [-0.51453, 44.53935, 80.90833333333333], [-0.51436, 44.53959, 79.2], [-0.51418, 44.53971, 79.2], [-0.51396, 44.53976, 81.39882577699515], [-0.51372, 44.53976, 81.39882577699515], [-0.51345, 44.53968, 81.39882577699515], [-0.51327, 44.53956, 81.39882577699515]]]}}, {"type": "Feature", "properties": {"id_obligation": "331970000B2180", "priorite": "forte"}, "geometry": {"type": "Polygon", "coordinates": [[[-0.51701, 44.54094, 83.22912087912087], [-0.51722, 44.54104, 83.22912087912087], [-0.51735, 44.54118, 83.22912087912087], [-0.51743, 44.54144, 83.22912087912087], [-0.51735, 44.54165, 83.22912087912087], [-0.5172, 44.54179, 83.22912087912087], [-0.51699, 44.54187, 83.22912087912087], [-0.51672, 44.54191, 83.22912087912087], [-0.51642, 44.54186, 83.22912087912087], [-0.51623, 44.54175, 83.22912087912087], [-0.51611, 44.54159, 83.22912087912087], [-0.51606, 44.54137, 83.22912087912087], [-0.51611, 44.5412, 83.22912087912087], [-0.51624, 44.54105, 83.22912087912087], [-0.51645, 44.54095, 83.22912087912087], [-0.51671, 44.54091, 83.41538461538461], [-0.51701, 44.54094, 83.22912087912087]]]}}, {"type": "Feature", "properties": {"id_obligation": "331970000B2181", "priorite": "très forte"}, "geometry": {"type": "Polygon", "coordinates": [[[-0.50751, 44.54581, -459.8], [-0.50751, 44.54564, -459.8], [-0.50761, 44.54548, -459.8], [-0.50783, 44.54533, -459.8], [-0.50806, 44.54526, -459.8], [-0.50831, 44.54526, -459.8], [-0.50854, 44.54534, -1000.0], [-0.50875, 44.54549, -1000.0], [-0.50883, 44.54565, -459.8], [-0.50883, 44.54582, -459.8], [-0.50874, 44.54598, -459.8], [-0.50851, 44.54614, -459.8], [-0.50829, 44.54621, -459.8], [-0.50806, 44.54621, -459.8], [-0.50783, 44.54615, -459.8], [-0.50762, 44.54601, -459.8], [-0.50751, 44.54581, -459.8]]]}}, {"type": "Feature", "properties": {"id_obligation": "331970000B2189", "priorite": "faible"}, "geometry": {"type": "MultiPolygon", "coordinates": [[[[-0.50293, 44.54694, 81.5], [-0.50303, 44.54697, 81.5], [-0.50305, 44.54692, 81.5], [-0.50312, 44.54714, 81.03750000000001], [-0.50306, 44.54738, 81.34285714285716], [-0.50289, 44.54756, 81.34285714285716], [-0.50268, 44.54765, 81.34285714285716], [-0.50244, 44.54768, 82.33333333333333], [-0.50211, 44.54762, 83.5], [-0.50191, 44.54752, 83.5], [-0.50193, 44.54743, 83.5], [-0.50181, 44.5474, 83.5], [-0.50175, 44.54719, 82.02340702947845], [-0.50182, 44.54694, 82.02340702947845], [-0.50199, 44.54676, 82.02340702947845], [-0.5022, 44.54668, 82.98571428571428], [-0.50244, 44.54665, 82.98571428571428], [-0.50254, 44.54673, 82.9], [-0.50268, 44.54668, 82.9], [-0.50295, 44.54682, 81.61999999999999], [-0.50293, 44.54694, 81.5]]]]}}, {"type": "Feature", "properties": {"id_obligation": "331970000B2191", "priorite": "moyenne"}, "geometry": {"type": "Polygon", "coordinates": [[[-0.50333, 44.54672, 81.5], [-0.50325, 44.54693, 81.5], [-0.50304, 44.54708, 81.5], [-0.50273, 44.54718, 80.59285714285714], [-0.50248, 44.54718, 80.7], [-0.50249, 44.54712, 80.7], [-0.50241, 44.5471, 80.8], [-0.50239, 44.54717, 80.67950377869762], [-0.50223, 44.54713, 81.36798558064167], [-0.50219, 44.54705, 81.2], [-0.50212, 44.54707, 81.2], [-0.50198, 44.54694, 81.67142857142856], [-0.50185, 44.54669, 80.74666666666664], [-0.50188, 44.54634, 80.74666666666664], [-0.502, 44.54614, 80.85714285714285], [-0.50217, 44.54601, 80.85714285714285], [-0.50226, 44.54604, 80.8], [-0.50231, 44.54595, 80.8], [-0.50245, 44.54592, 80.06666666666666], [-0.50276, 44.54595, 80.06666666666666], [-0.50304, 44.54606, 81.24258053221288], [-0.5032, 44.54624, 80.60000000000001], [-0.50333, 44.54672, 81.5]]]}}, {"type": "Feature", "properties": {"id_obligation": "331970000B2192", "priorite": "faible"}, "geometry": {"type": "MultiPolygon", "coordinates": [[[[-0.50189, 44.54824, 88.0], [-0.50189, 44.54819, 88.0], [-0.50173, 44.54819, 88.0], [-0.5017, 44.54823, 63.177606059835284], [-0.50139, 44.5481, 63.177606059835284], [-0.50124, 44.54791, 84.3], [-0.50129, 44.54776, 82.5], [-0.50121, 44.54774, 82.7], [-0.50123, 44.54763, 82.21], [-0.50136, 44.54743, 82.21], [-0.50156, 44.54733, 82.21], [-0.5018, 44.54728, 82.2125], [-0.50238, 44.54727, 82.07391304347824], [-0.50265, 44.54736, 82.07391304347824], [-0.50284, 44.54752, 82.07391304347824], [-0.50294, 44.54776, 85.8], [-0.50276, 44.54778, 85.8], [-0.50276, 44.54786, 85.8], [-0.50294, 44.54782, 85.8], [-0.50293, 44.54786, -60.27111111111112], [-0.50284, 44.54802, 63.177606059835284], [-0.50266, 44.54815, 63.177606059835284], [-0.50228, 44.54822, 89.0], [-0.50224, 44.54816, 89.0], [-0.50209, 44.54823, 89.0], [-0.50189, 44.54824, 88.0]]]]}}, {"type": "Feature", "properties": {"id_obligation": "331970000B2195", "priorite": "forte"}, "geometry": {"type": "Polygon", "coordinates": [[[-0.49956, 44.55699, 82.18900000000001], [-0.49927, 44.55704, 82.18900000000001], [-0.49904, 44.55701, 82.6], [-0.49875, 44.55688, 82.6], [-0.49861, 44.55673, 82.6], [-0.49856, 44.55655, 82.05833333333335], [-0.49862, 44.55638, 82.05833333333335], [-0.49881, 44.55616, 82.18900000000001], [-0.49902, 44.55606, 81.72], [-0.49932, 44.55603, 81.72], [-0.49956, 44.55607, 82.7], [-0.49982, 44.55619, 82.7], [-0.49995, 44.55634, 82.18900000000001], [-0.49999, 44.55651, 82.18900000000001], [-0.49993, 44.55668, 82.18900000000001], [-0.49975, 44.55689, 82.18900000000001], [-0.49956, 44.55699, 82.18900000000001]]]}}, {"type": "Feature", "properties": {"id_obligation": "331970000B2207", "priorite": "moyenne"}, "geometry": {"type": "Polygon", "coordinates": [[[-0.50153, 44.55427, 82.57077777777779], [-0.50159, 44.55448, 82.57077777777779], [-0.50149, 44.55472, 82.57077777777779], [-0.5013, 44.55489, 82.57077777777779], [-0.50102, 44.55498, 82.4], [-0.50078, 44.55497, 82.4], [-0.50042, 44.55487, 83.65], [-0.50024, 44.55476, 83.65], [-0.50013, 44.5546, 83.64000000000001], [-0.5001, 44.55443, 83.64000000000001], [-0.50019, 44.55424, 81.98888888888888], [-0.50034, 44.5541, 81.98888888888888], [-0.50056, 44.55402, 81.98888888888888], [-0.50088, 44.55398, 82.57077777777779], [-0.50133, 44.5541, 82.57077777777779], [-0.50153, 44.55427, 82.57077777777779]]]}}, {"type": "Feature", "properties": {"id_obligation": "331970000B2209", "priorite": "moyenne"}, "geometry": {"type": "Polygon", "coordinates": [[[-0.5008, 44.55475, 82.69930701754386], [-0.50052, 44.55482, 83.28666666666665], [-0.50028, 44.55481, 83.28666666666665], [-0.50004, 44.55473, 83.3], [-0.49985, 44.55461, 83.3], [-0.49978, 44.55451, 82.9], [-0.49983, 44.55446, 82.9], [-0.49975, 44.55442, 82.9], [-0.49974, 44.55427, 83.0625], [-0.49986, 44.55407, 82.69930701754386], [-0.50007, 44.55391, 82.69930701754386], [-0.50034, 44.55383, 82.69930701754386], [-0.50059, 44.55383, 82.69930701754386], [-0.5009, 44.55393, 82.69930701754386], [-0.5011, 44.55409, 82.69930701754386], [-0.50117, 44.55426, 81.0], [-0.50115, 44.55443, 81.0], [-0.50103, 44.5546, 82.69930701754386], [-0.5008, 44.55475, 82.69930701754386]]]}}, {"type": "Feature", "properties": {"id_obligation": "331970000B2222", "priorite": "forte"}, "geometry": {"type": "Polygon", "coordinates": [[[-0.5163, 44.54156, 84.35952380952382], [-0.51607, 44.54173, 84.35952380952382], [-0.51584, 44.54181, 83.73809523809526], [-0.51564, 44.54182, 83.73809523809526], [-0.5154, 44.54177, 84.3], [-0.5155, 44.54171, 84.3], [-0.51544, 44.54167, 84.3], [-0.51533, 44.54173, 84.3], [-0.51514, 44.54163, 84.3], [-0.51501, 44.54149, 86.29285714285713], [-0.51497, 44.54127, 86.29285714285713], [-0.51508, 44.54107, 84.35952380952382], [-0.51531, 44.54089, 84.35952380952382], [-0.51553, 44.54081, 83.58000000000001], [-0.51578, 44.5408, 83.58000000000001], [-0.51601, 44.54085, 84.35952380952382], [-0.51625, 44.541, 84.35952380952382], [-0.51638, 44.5412, 84.35952380952382], [-0.51638, 44.54139, 84.35952380952382], [-0.5163, 44.54156, 84.35952380952382]]]}}, {"type": "Feature", "properties": {"id_obligation": "331970000B2225", "priorite": "moyenne"}, "geometry": {"type": "Polygon", "coordinates": [[[-0.49502, 44.55489, 82.3], [-0.4948, 44.55474, 82.3], [-0.49472, 44.55453, 81.1857142857143], [-0.49474, 44.55428, 81.1], [-0.49488, 44.55409, 81.1], [-0.49506, 44.55398, 81.1], [-0.49529, 44.55394, 81.2], [-0.49562, 44.55396, 82.33011695906433], [-0.49583, 44.55404, 82.33011695906433], [-0.49602, 44.55421, 82.33011695906433], [-0.49607, 44.55437, 82.57619047619048], [-0.49604, 44.55462, 82.57619047619048], [-0.49594, 44.55478, 85.27142857142857], [-0.49582, 44.55486, 86.4], [-0.49575, 44.55485, 86.4], [-0.49572, 44.55491, 86.30614918594445], [-0.49552, 44.55495, 83.06315789473683], [-0.49525, 44.55495, 83.06315789473683], [-0.49502, 44.55489, 82.3]]]}}, {"type": "Feature", "properties": {"id_obligation": "331970000B2234", "priorite": "forte"}, "geometry": {"type": "Polygon", "coordinates": [[[-0.51487, 44.54202, 84.6], [-0.5147, 44.54201, 84.6], [-0.51467, 44.54208, 84.6], [-0.51474, 44.54209, 84.6], [-0.51467, 44.54212, 84.60000000000001], [-0.51437, 44.54217, 83.95095238095239], [-0.51413, 44.54212, 83.95095238095239], [-0.5138, 44.54195, 83.95095238095239], [-0.51365, 44.54182, 83.95095238095239], [-0.51358, 44.54165, 83.95095238095239], [-0.51361, 44.54142, 83.95095238095239], [-0.51373, 44.54126, 83.95095238095239], [-0.51392, 44.54115, 83.95095238095239], [-0.51416, 44.54111, 84.2], [-0.51464, 44.54113, 82.78333333333333], [-0.51491, 44.54123, 82.78333333333333], [-0.51511, 44.54143, 82.78333333333333], [-0.51517, 44.5416, 84.2], [-0.51511, 44.54181, 84.60000000000001], [-0.51487, 44.54202, 84.6]]]}}, {"type": "Feature", "properties": {"id_obligation": "331970000B2235", "priorite": "forte"}, "geometry": {"type": "Polygon", "coordinates": [[[-0.51495, 44.54198, 84.60000000000001], [-0.51468, 44.54203, 84.6], [-0.51447, 44.54201, 84.4], [-0.51426, 44.54192, 84.4], [-0.51408, 44.54175, 84.4], [-0.51393, 44.5415, 83.86363636363636], [-0.51394, 44.54132, 84.42430827444615], [-0.51409, 44.54113, 84.42430827444615], [-0.51442, 44.54097, 84.42430827444615], [-0.51486, 44.54091, 84.5142857142857], [-0.51518, 44.54093, 86.43529411764708], [-0.51544, 44.54105, 86.43529411764708], [-0.5156, 44.54124, 86.43529411764708], [-0.5156, 44.54151, 83.6], [-0.51547, 44.54169, 84.3], [-0.51544, 44.54167, 84.3], [-0.51533, 44.54173, 84.3], [-0.51538, 44.54176, 84.3], [-0.51495, 44.54198, 84.60000000000001]]]}}, {"type": "Feature", "properties": {"id_obligation": "331970000B2247", "priorite": "faible"}, "geometry": {"type": "Polygon", "coordinates": [[[-0.50314, 44.54769, 84.4], [-0.50313, 44.54765, 84.4], [-0.50308, 44.54765, 84.4], [-0.50302, 44.54775, 84.4], [-0.50276, 44.54778, 85.8], [-0.50275, 44.54781, 85.8], [-0.50276, 44.54786, 85.8], [-0.50311, 44.54778, 84.4], [-0.5031, 44.54782, 85.59999999999998], [-0.50295, 44.54796, 85.59999999999998], [-0.50274, 44.54806, 85.59999999999998], [-0.5025, 44.54809, 83.21176470588233], [-0.50212, 44.54804, 82.79285714285713], [-0.50186, 44.54792, 82.79285714285713], [-0.50187, 44.54787, 83.6], [-0.50181, 44.54788, 83.6], [-0.50174, 44.54777, 82.79285714285713], [-0.50171, 44.54754, 83.5], [-0.50189, 44.54757, 83.5], [-0.50193, 44.54743, 83.5], [-0.5018, 44.54741, 83.5], [-0.50178, 44.5475, 83.5], [-0.50172, 44.54749, 83.5], [-0.50175, 44.54736, 41.44377627733785], [-0.50188, 44.54721, 41.44377627733785], [-0.50211, 44.5471, 81.2], [-0.50224, 44.54726, 81.5], [-0.50232, 44.54722, 81.8], [-0.5022, 44.54707, 81.2], [-0.50275, 44.54712, 81.22857142857144], [-0.50295, 44.54722, 81.22857142857144], [-0.50311, 44.54742, -217.68333333333342], [-0.50314, 44.54769, 84.4]]]}}, {"type": "Feature", "properties": {"id_obligation": "331970000B2248", "priorite": "moyenne"}, "geometry": {"type": "Polygon", "coordinates": [[[-0.50252, 44.54677, 82.93999999999998], [-0.50238, 44.54658, 84.73333333333332], [-0.50237, 44.54637, 84.73333333333332], [-0.50251, 44.54616, 81.33938775510204], [-0.50278, 44.54598, 81.33938775510204], [-0.50301, 44.54592, 81.33938775510204], [-0.50332, 44.54594, 81.33938775510204], [-0.50357, 44.54604, 79.41666666666667], [-0.50377, 44.5462, 79.41666666666667], [-0.50383, 44.54637, 79.98571428571428], [-0.50377, 44.54636, 79.9], [-0.50368, 44.54652, 79.9], [-0.50379, 44.54656, 79.9], [-0.50378, 44.54659, 79.98571428571428], [-0.5037, 44.54669, 80.2], [-0.50368, 44.54668, 80.2], [-0.50363, 44.54677, 80.2], [-0.50345, 44.54689, 80.2], [-0.50323, 44.54695, 81.5], [-0.50304, 44.54695, 81.5], [-0.50309, 44.54686, 81.5], [-0.50299, 44.54683, 81.5], [-0.50293, 44.54694, 81.5], [-0.50252, 44.54677, 82.93999999999998]]]}}, {"type": "Feature", "properties": {"id_obligation": "331970000B2251", "priorite": "faible"}, "geometry": {"type": "Polygon", "coordinates": [[[-0.5019, 44.54713, 53.684014180264185], [-0.5021, 44.54703, 81.34615384615384], [-0.50234, 44.54699, 81.34615384615384], [-0.50273, 44.54704, 81.22], [-0.50293, 44.54713, 81.22], [-0.5031, 44.54731, 81.56], [-0.50313, 44.54748, 81.56], [-0.50308, 44.54768, -116.16666666666664], [-0.50302, 44.54775, 84.4], [-0.50276, 44.54778, 85.8], [-0.50276, 44.54786, 85.8], [-0.50297, 44.54781, 84.68952378858387], [-0.5027, 44.54795, -116.16666666666664], [-0.50246, 44.54797, 53.269444444444424], [-0.50214, 44.54794, 82.525], [-0.50185, 44.54779, 82.5], [-0.50232, 44.54777, 82.5], [-0.50225, 44.54771, 82.5], [-0.50184, 44.54773, 82.5], [-0.50184, 44.54778, 82.5], [-0.50172, 44.54754, 83.5], [-0.50189, 44.54757, 83.5], [-0.50193, 44.54743, 83.5], [-0.5018, 44.54741, 83.5], [-0.50178, 44.5475, 83.5], [-0.50172, 44.54749, 83.5], [-0.50175, 44.54733, 53.684014180264185], [-0.5019, 44.54713, 53.684014180264185]]]}}, {"type": "Feature", "properties": {"id_obligation": "331970000B2266", "priorite": "moyenne"}, "geometry": {"type": "Polygon", "coordinates": [[[-0.50234, 44.55095, 82.59059523809523], [-0.50204, 44.55099, 82.59059523809523], [-0.50172, 44.55092, 82.59059523809523], [-0.50149, 44.55078, 82.59059523809523], [-0.50139, 44.55061, 82.9], [-0.50139, 44.55041, 82.9], [-0.50144, 44.55042, 82.9], [-0.50151, 44.55015, 82.59059523809523], [-0.5017, 44.54998, 82.59059523809523], [-0.50242, 44.54982, 82.90714285714284], [-0.50272, 44.54987, 81.4], [-0.50295, 44.55002, 81.4], [-0.50306, 44.55028, 82.63749999999999], [-0.50304, 44.5505, 82.63749999999999], [-0.50288, 44.55069, 82.59059523809523], [-0.50234, 44.55095, 82.59059523809523]]]}}, {"type": "Feature", "properties": {"id_obligation": "331970000B2268", "priorite": "moyenne"}, "geometry": {"type": "Polygon", "coordinates": [[[-0.51314, 44.55192, 80.41999999999999], [-0.513, 44.55203, 80.32446185645487], [-0.51295, 44.55199, 80.3], [-0.51281, 44.5521, 81.074], [-0.51245, 44.55211, 81.074], [-0.51216, 44.55203, 81.074], [-0.51195, 44.55188, 81.074], [-0.51187, 44.55172, 81.074], [-0.51187, 44.55148, 81.074], [-0.51196, 44.5513, 81.074], [-0.51212, 44.55116, 81.074], [-0.51234, 44.55108, 80.63], [-0.51266, 44.55107, 80.63], [-0.51297, 44.55117, 81.6], [-0.51315, 44.55129, 81.6], [-0.51327, 44.55149, 81.6], [-0.51326, 44.55169, 81.6], [-0.51314, 44.55192, 80.41999999999999]]]}}, {"type": "Feature", "properties": {"id_obligation": "331970000B2282", "priorite": "faible"}, "geometry": {"type": "Polygon", "coordinates": [[[-0.50742, 44.55426, 81.2], [-0.50753, 44.55446, 80.70000000000002], [-0.50749, 44.55468, 81.43333333333334], [-0.50732, 44.55489, 81.43333333333334], [-0.50707, 44.55501, 81.43333333333334], [-0.50683, 44.55503, 80.9], [-0.50649, 44.55497, 81.56363636363636], [-0.50624, 44.55487, 81.56363636363636], [-0.50607, 44.55469, 81.5], [-0.50604, 44.55451, 81.5], [-0.50613, 44.55429, 82.60000000000001], [-0.50625, 44.55414, 82.60000000000001], [-0.50645, 44.55404, 82.60000000000001], [-0.50668, 44.554, 83.12857142857142], [-0.50703, 44.55405, 81.2], [-0.50708, 44.55407, 81.2], [-0.50705, 44.55413, 81.2], [-0.50714, 44.55416, 81.2], [-0.50717, 44.55411, 81.2], [-0.50742, 44.55426, 81.2]]]}}, {"type": "Feature", "properties": {"id_obligation": "331970000B2283", "priorite": "moyenne"}, "geometry": {"type": "Polygon", "coordinates": [[[-0.50723, 44.55459, 81.48181818181818], [-0.50734, 44.55479, 80.76666666666668], [-0.50727, 44.55508, 80.98571428571428], [-0.50709, 44.55525, 80.98571428571428], [-0.50688, 44.55534, 80.98571428571428], [-0.50632, 44.55541, 81.31544588744589], [-0.50598, 44.55534, 81.31544588744589], [-0.50578, 44.55523, 81.31544588744589], [-0.50566, 44.55507, 81.31544588744589], [-0.50563, 44.55489, 81.31544588744589], [-0.5057, 44.55472, 81.31544588744589], [-0.50584, 44.55457, 81.31544588744589], [-0.50645, 44.55435, 81.63636363636364], [-0.5067, 44.55436, 81.63636363636364], [-0.50699, 44.55444, 81.48181818181818], [-0.50723, 44.55459, 81.48181818181818]]]}}, {"type": "Feature", "properties": {"id_obligation": "331970000B2284", "priorite": "moyenne"}, "geometry": {"type": "Polygon", "coordinates": [[[-0.50594, 44.55456, 81.5], [-0.50577, 44.55444, 81.5], [-0.50568, 44.55427, 82.0], [-0.50569, 44.5541, 82.0], [-0.50583, 44.55387, 82.0], [-0.50601, 44.55374, 82.0], [-0.50628, 44.55366, 82.03437500000001], [-0.50659, 44.55367, 82.03437500000001], [-0.50683, 44.55374, 82.47500000000001], [-0.50701, 44.55386, 82.47500000000001], [-0.50711, 44.55402, 81.2], [-0.50705, 44.55413, 81.2], [-0.50713, 44.55415, 81.2], [-0.50711, 44.55423, 82.20000000000002], [-0.5069, 44.55452, 81.8], [-0.50672, 44.55445, 81.8], [-0.50667, 44.55454, 81.8], [-0.50682, 44.55459, 81.8], [-0.5064, 44.55467, 81.63636363636364], [-0.50635, 44.55467, 81.5], [-0.50641, 44.55458, 81.5], [-0.50634, 44.55456, 81.5], [-0.50622, 44.55465, 81.63636363636364], [-0.50594, 44.55456, 81.5]]]}}, {"type": "Feature", "properties": {"id_obligation": "331970000B2285", "priorite": "moyenne"}, "geometry": {"type": "Polygon", "coordinates": [[[-0.50565, 44.55446, 81.4], [-0.50569, 44.5544, 81.4], [-0.50555, 44.55436, 81.4], [-0.50553, 44.5544, 81.4], [-0.50534, 44.55428, 81.39999999999999], [-0.50521, 44.55409, 82.34571428571428], [-0.50523, 44.55387, 82.34571428571428], [-0.50539, 44.55367, 82.34571428571428], [-0.50564, 44.55354, 82.34571428571428], [-0.50589, 44.55351, 82.34571428571428], [-0.50633, 44.55354, 82.34571428571428], [-0.50655, 44.55363, 82.34571428571428], [-0.5067, 44.55377, 82.34571428571428], [-0.50679, 44.5541, 82.7857142857143], [-0.50668, 44.55407, 82.7], [-0.50662, 44.55416, 83.2], [-0.50676, 44.55418, 82.94285714285715], [-0.50664, 44.55434, 82.94285714285715], [-0.50645, 44.55444, 82.94285714285715], [-0.50591, 44.55452, 82.6], [-0.50565, 44.55446, 81.4]]]}}, {"type": "Feature", "properties": {"id_obligation": "331970000B2291", "priorite": "moyenne"}, "geometry": {"type": "Polygon", "coordinates": [[[-0.51221, 44.55165, 80.96306060606062], [-0.51204, 44.55151, 80.96306060606062], [-0.51196, 44.55132, 80.96306060606062], [-0.51198, 44.5511, 80.96306060606062], [-0.51209, 44.55094, 80.96306060606062], [-0.51228, 44.55083, 80.96306060606062], [-0.51251, 44.55077, 79.86000000000001], [-0.51283, 44.55079, 79.86000000000001], [-0.5131, 44.55089, 81.5], [-0.51324, 44.55103, 81.5], [-0.5133, 44.5512, 81.5], [-0.51327, 44.55141, 80.96306060606062], [-0.51317, 44.55157, 80.96306060606062], [-0.51298, 44.55169, 80.96306060606062], [-0.51275, 44.55174, 81.16363636363637], [-0.51249, 44.55174, 81.16363636363637], [-0.51221, 44.55165, 80.96306060606062]]]}}, {"type": "Feature", "properties": {"id_obligation": "331970000B2294", "priorite": "moyenne"}, "geometry": {"type": "MultiPolygon", "coordinates": [[[[-0.51374, 44.53836, 81.85702304147465], [-0.51399, 44.53849, 81.85702304147465], [-0.51417, 44.53872, 82.1125], [-0.51418, 44.53898, 82.1125], [-0.514, 44.5392, 82.53749999999998], [-0.5138, 44.53925, 82.1], [-0.51395, 44.53904, 82.7], [-0.51389, 44.53902, 82.7], [-0.51394, 44.53893, 83.1], [-0.51387, 44.53891, 83.1], [-0.51358, 44.53938, 83.8], [-0.51372, 44.53942, 83.8], [-0.5136, 44.53948, 83.54285714285713], [-0.51337, 44.53955, 83.54285714285713], [-0.51296, 44.53954, 81.85702304147465], [-0.51274, 44.53946, 81.85702304147465], [-0.51254, 44.5393, 81.85702304147465], [-0.51248, 44.53913, 81.85702304147465], [-0.51249, 44.53893, 81.85702304147465], [-0.51264, 44.53862, 81.85702304147465], [-0.51278, 44.53848, 81.85702304147465], [-0.51305, 44.53836, 80.05999999999999], [-0.51374, 44.53836, 81.85702304147465]]], [[[-0.51383, 44.53931, 82.1], [-0.51373, 44.53941, 83.8], [-0.51376, 44.53929, 83.8], [-0.51377, 44.53929, 82.1], [-0.51383, 44.53931, 82.1]]]]}}, {"type": "Feature", "properties": {"id_obligation": "331970000B2295", "priorite": "moyenne"}, "geometry": {"type": "Polygon", "coordinates": [[[-0.51287, 44.53835, 81.75211503623188], [-0.51313, 44.53824, 81.75211503623188], [-0.51338, 44.53822, 81.75211503623188], [-0.51365, 44.53828, 81.75211503623188], [-0.51386, 44.53838, 81.75211503623188], [-0.514, 44.53853, 81.75211503623188], [-0.51404, 44.53871, 81.75211503623188], [-0.51396, 44.53892, 82.81875000000001], [-0.51391, 44.53898, 83.00811897770822], [-0.51394, 44.53893, 83.1], [-0.51387, 44.53891, 83.1], [-0.51375, 44.5391, 82.7], [-0.51354, 44.53917, 81.91304347826087], [-0.51352, 44.53913, 84.0], [-0.51326, 44.53911, 84.0], [-0.51325, 44.53917, 84.0], [-0.51323, 44.53911, 83.0], [-0.51312, 44.5391, 83.0], [-0.51311, 44.53914, 83.0], [-0.51301, 44.53911, 82.25], [-0.51282, 44.539, 82.25], [-0.5127, 44.53885, 81.75211503623188], [-0.51267, 44.53867, 81.75211503623188], [-0.51273, 44.5385, 81.75211503623188], [-0.51287, 44.53835, 81.75211503623188]]]}}, {"type": "Feature", "properties": {"id_obligation": "331970000B2301", "priorite": "moyenne"}, "geometry": {"type": "Polygon", "coordinates": [[[-0.50085, 44.55068, 82.14285714285714], [-0.50079, 44.55062, 82.0], [-0.50084, 44.55062, 82.0], [-0.50084, 44.55057, 82.0], [-0.50076, 44.55058, 82.0], [-0.50073, 44.55053, 82.5], [-0.50071, 44.55031, 82.5], [-0.50082, 44.55008, 82.57190476190476], [-0.50102, 44.54991, 82.57190476190476], [-0.50125, 44.54984, 82.57190476190476], [-0.50149, 44.54984, 82.57190476190476], [-0.50178, 44.54991, 82.57190476190476], [-0.50197, 44.55002, 82.57190476190476], [-0.5021, 44.55022, 82.65], [-0.50211, 44.55036, 82.6], [-0.50207, 44.55035, 82.6], [-0.50199, 44.55063, 82.66666666666667], [-0.50184, 44.55076, 82.66666666666667], [-0.50162, 44.55085, 82.57190476190476], [-0.50138, 44.55087, 82.57190476190476], [-0.50109, 44.55081, 82.14285714285714], [-0.50085, 44.55068, 82.14285714285714]]]}}, {"type": "Feature", "properties": {"id_obligation": "331970000B2302", "priorite": "moyenne"}, "geometry": {"type": "Polygon", "coordinates": [[[-0.50071, 44.55107, 84.7], [-0.50043, 44.551, 83.49], [-0.50021, 44.55085, 83.49], [-0.50013, 44.55064, 83.49], [-0.50016, 44.55042, 83.49], [-0.50029, 44.55027, 83.49], [-0.50069, 44.55006, 83.49], [-0.50098, 44.55, 83.49], [-0.50128, 44.55001, 82.9], [-0.5015, 44.55008, 82.9], [-0.50167, 44.55021, 82.9], [-0.50176, 44.55041, 82.9], [-0.50175, 44.55065, 82.9], [-0.50165, 44.55081, 84.7], [-0.50147, 44.55094, 84.7], [-0.50124, 44.551, 84.7], [-0.50125, 44.55091, 84.7], [-0.50113, 44.55088, 84.7], [-0.5011, 44.55103, 84.7], [-0.50071, 44.55107, 84.7]]]}}, {"type": "Feature", "properties": {"id_obligation": "331970000B2304", "priorite": "moyenne"}, "geometry": {"type": "Polygon", "coordinates": [[[-0.50018, 44.55614, 82.42540257648953], [-0.50004, 44.55597, 82.2], [-0.50001, 44.55582, 82.39130434782611], [-0.50009, 44.55562, 83.5], [-0.50018, 44.55567, 83.5], [-0.50042, 44.55541, 83.4], [-0.50032, 44.55541, 83.7], [-0.5006, 44.55533, 82.24285714285713], [-0.5009, 44.55535, 82.24285714285713], [-0.50122, 44.55547, 81.97857142857141], [-0.50142, 44.55564, 81.97857142857141], [-0.50148, 44.55581, 82.27857142857142], [-0.50145, 44.55599, 82.42540257648953], [-0.50131, 44.55617, 82.42540257648953], [-0.50113, 44.55628, 82.42540257648953], [-0.5009, 44.55634, 82.42540257648953], [-0.50066, 44.55634, 82.42540257648953], [-0.50018, 44.55614, 82.42540257648953]]]}}, {"type": "Feature", "properties": {"id_obligation": "331970000B2306", "priorite": "moyenne"}, "geometry": {"type": "Polygon", "coordinates": [[[-0.50144, 44.55508, 82.38370538273789], [-0.50163, 44.55519, 82.38370538273789], [-0.50174, 44.55535, 81.71111111111111], [-0.50177, 44.55552, 81.71111111111111], [-0.50169, 44.55569, 82.2], [-0.50151, 44.55589, 82.2], [-0.50125, 44.55601, 82.2], [-0.501, 44.55602, 82.43529411764708], [-0.50077, 44.55597, 82.43529411764708], [-0.5004, 44.55579, 82.375], [-0.50026, 44.55558, 83.43296465916713], [-0.50042, 44.55541, 83.4], [-0.50028, 44.5554, 83.7], [-0.50044, 44.55517, 82.38370538273789], [-0.50063, 44.55505, 82.38370538273789], [-0.50087, 44.555, 82.38370538273789], [-0.50114, 44.55501, 82.38370538273789], [-0.50144, 44.55508, 82.38370538273789]]]}}, {"type": "Feature", "properties": {"id_obligation": "331970000B2307", "priorite": "moyenne"}, "geometry": {"type": "Polygon", "coordinates": [[[-0.50528, 44.54704, 81.345], [-0.50564, 44.54703, 80.82], [-0.50591, 44.54715, 80.82], [-0.50614, 44.54739, 80.47999999999999], [-0.50616, 44.54762, 80.47999999999999], [-0.50606, 44.54779, 80.7], [-0.50579, 44.54802, 80.7], [-0.50583, 44.54796, 80.7], [-0.50567, 44.54791, 80.7], [-0.50563, 44.54797, 80.7], [-0.50579, 44.54803, 80.7], [-0.50548, 44.54817, 81.28], [-0.50524, 44.54819, 81.28], [-0.505, 44.54814, 81.1], [-0.50471, 44.54797, 81.1], [-0.50458, 44.54781, 81.3], [-0.5046, 44.5475, 81.3], [-0.50501, 44.54716, 81.875], [-0.50528, 44.54704, 81.345]]]}}, {"type": "Feature", "properties": {"id_obligation": "331970000B2308", "priorite": "moyenne"}, "geometry": {"type": "Polygon", "coordinates": [[[-0.50573, 44.54743, 80.6666666666667], [-0.50575, 44.54764, 80.6666666666667], [-0.50558, 44.54788, 80.93333333333334], [-0.50534, 44.54801, 80.93333333333334], [-0.50495, 44.54804, 81.1], [-0.50507, 44.54789, 81.1], [-0.50499, 44.54785, 81.1], [-0.50486, 44.54802, 81.1], [-0.5048, 44.548, 81.1], [-0.50436, 44.54779, 81.1], [-0.50417, 44.54761, 85.0], [-0.50413, 44.54736, 85.0], [-0.50429, 44.54728, 85.0], [-0.5042, 44.54721, 85.0], [-0.50439, 44.54704, 85.0], [-0.5046, 44.54694, 83.6], [-0.50485, 44.54691, 83.6], [-0.50509, 44.54695, 83.6], [-0.50539, 44.54712, 81.7625], [-0.50542, 44.54715, 81.5], [-0.50535, 44.54718, 81.5], [-0.50541, 44.54725, 81.5], [-0.50552, 44.54721, 81.7625], [-0.50573, 44.54743, 80.6666666666667]]]}}, {"type": "Feature", "properties": {"id_obligation": "331970000B2309", "priorite": "moyenne"}, "geometry": {"type": "Polygon", "coordinates": [[[-0.50589, 44.54727, 80.9], [-0.50584, 44.54725, 80.9], [-0.50575, 44.54737, 80.9], [-0.50585, 44.54741, 80.9], [-0.5059, 44.54736, 80.8777777777778], [-0.50585, 44.54754, 80.56875000000002], [-0.50571, 44.54768, 80.56875000000002], [-0.50553, 44.54778, 80.9], [-0.50548, 44.54775, 80.9], [-0.50541, 44.54782, 81.7], [-0.50517, 44.54785, 80.76666666666667], [-0.50486, 44.54782, 80.90030513468014], [-0.50461, 44.5477, 80.90030513468014], [-0.50445, 44.54752, 81.3], [-0.50438, 44.54735, 81.3], [-0.50443, 44.54713, 80.90030513468014], [-0.50457, 44.54699, 80.90030513468014], [-0.50486, 44.54685, 80.90030513468014], [-0.50516, 44.5468, 80.90030513468014], [-0.50546, 44.54686, 80.375], [-0.50569, 44.54701, 80.375], [-0.50589, 44.54727, 80.9]]]}}, {"type": "Feature", "properties": {"id_obligation": "331970000B2320", "priorite": "moyenne"}, "geometry": {"type": "Polygon", "coordinates": [[[-0.50823, 44.55441, 81.0], [-0.50822, 44.55434, 81.0], [-0.50799, 44.55437, 81.1], [-0.508, 44.55444, 81.1], [-0.50822, 44.55442, 81.0], [-0.50795, 44.5545, 81.35333333333332], [-0.50778, 44.5545, 81.5], [-0.50778, 44.55438, 81.5], [-0.50767, 44.55439, 81.5], [-0.50767, 44.55449, 81.5], [-0.50736, 44.55439, 81.2], [-0.50708, 44.55415, 81.2], [-0.50714, 44.55416, 81.2], [-0.50721, 44.55405, 81.2], [-0.50711, 44.55402, 81.2], [-0.50706, 44.55411, 81.2], [-0.50705, 44.55407, 81.0125], [-0.50706, 44.55389, 81.0125], [-0.50718, 44.5537, 80.8], [-0.50761, 44.55339, 81.30073565323565], [-0.50783, 44.55332, 81.30073565323565], [-0.50814, 44.55331, 81.30073565323565], [-0.50843, 44.5534, 81.30073565323565], [-0.50863, 44.55357, 81.30073565323565], [-0.5087, 44.55378, 82.66153846153846], [-0.50861, 44.55402, 82.66153846153846], [-0.50823, 44.55441, 81.0]]]}}, {"type": "Feature", "properties": {"id_obligation": "331970000B2321", "priorite": "faible"}, "geometry": {"type": "Polygon", "coordinates": [[[-0.5068, 44.55434, 81.43947916666667], [-0.5067, 44.55419, 83.2], [-0.50682, 44.5542, 83.2], [-0.50686, 44.55413, 83.2], [-0.50667, 44.55408, 82.75378296524003], [-0.50671, 44.55392, 82.7], [-0.50689, 44.55369, 82.78333333333333], [-0.50715, 44.55357, 81.11666666666666], [-0.50739, 44.55354, 81.11666666666666], [-0.50763, 44.55359, 80.72], [-0.5079, 44.5537, 80.72], [-0.50799, 44.55377, 80.8550270928187], [-0.50796, 44.55382, 81.0], [-0.50804, 44.55383, 80.87474207637706], [-0.50809, 44.55392, 81.4], [-0.50804, 44.55391, 81.4], [-0.50794, 44.55407, 81.4], [-0.50801, 44.55409, 81.4], [-0.5081, 44.55396, 81.4], [-0.50811, 44.55406, 81.23333333333332], [-0.50805, 44.55423, 81.5], [-0.5079, 44.55441, 81.5], [-0.50778, 44.55449, 81.5], [-0.50778, 44.55438, 81.5], [-0.50767, 44.55439, 81.5], [-0.50768, 44.55453, 81.5], [-0.50746, 44.55456, 80.45], [-0.50698, 44.55446, 81.43947916666667], [-0.5068, 44.55434, 81.43947916666667]]]}}, {"type": "Feature", "properties": {"id_obligation": "331970000B2322", "priorite": "faible"}, "geometry": {"type": "MultiPolygon", "coordinates": [[[[-0.50773, 44.55485, 81.19595238095236], [-0.50749, 44.55471, 81.19595238095236], [-0.50738, 44.55451, 80.6], [-0.50743, 44.55452, 80.6], [-0.50747, 44.55444, 80.3], [-0.50736, 44.55442, 80.6], [-0.50737, 44.55429, 80.89999999999999], [-0.50745, 44.55413, 81.0], [-0.50768, 44.55397, 81.0], [-0.50785, 44.55406, 81.0], [-0.50789, 44.55399, 81.0], [-0.50776, 44.55395, 81.0], [-0.50803, 44.55391, 81.4], [-0.50794, 44.55407, 81.4], [-0.50801, 44.55409, 81.4], [-0.50811, 44.55393, 81.4], [-0.50804, 44.55391, 81.4], [-0.50825, 44.55391, 83.39999999999999], [-0.5083, 44.55392, 83.4], [-0.50832, 44.55401, 83.4], [-0.50847, 44.554, 83.4], [-0.50846, 44.55397, 83.4], [-0.50866, 44.5541, 83.39999999999999], [-0.50876, 44.55427, 81.0], [-0.50876, 44.55444, 81.0], [-0.50853, 44.55476, 81.19595238095236], [-0.50831, 44.55485, 81.19595238095236], [-0.50803, 44.55489, 79.6], [-0.50773, 44.55485, 81.19595238095236]]], [[[-0.50835, 44.55394, 83.4], [-0.50835, 44.55393, 83.4], [-0.50837, 44.55393, 83.4], [-0.50835, 44.55394, 83.4]]]]}}, {"type": "Feature", "properties": {"id_obligation": "331970000B2323", "priorite": "faible"}, "geometry": {"type": "Polygon", "coordinates": [[[-0.50825, 44.55483, 79.6], [-0.50806, 44.55493, 79.6], [-0.50773, 44.55498, 79.6], [-0.50743, 44.55495, 81.10000000000001], [-0.50719, 44.55482, 81.10000000000001], [-0.50707, 44.55466, 81.10000000000001], [-0.50704, 44.55448, 80.52222222222223], [-0.50709, 44.55422, 81.05000000000001], [-0.50734, 44.55401, 80.9], [-0.5073, 44.55407, 80.9], [-0.50743, 44.55411, 80.9], [-0.50748, 44.55404, 80.9], [-0.50737, 44.554, 80.9], [-0.50743, 44.55398, 81.05000000000001], [-0.50771, 44.55394, 81.0], [-0.50767, 44.554, 81.0], [-0.50785, 44.55406, 81.0], [-0.50789, 44.55399, 81.0], [-0.50773, 44.55394, 81.0], [-0.508, 44.55396, 81.4], [-0.50794, 44.55407, 81.4], [-0.50801, 44.55409, 81.4], [-0.50808, 44.55399, 81.4], [-0.50835, 44.55419, 81.4], [-0.5084, 44.55431, 81.0], [-0.50834, 44.5544, 81.0], [-0.50843, 44.55444, 80.79230769230769], [-0.50839, 44.55464, 79.6], [-0.50825, 44.55483, 79.6]]]}}, {"type": "Feature", "properties": {"id_obligation": "331970000B2324", "priorite": "faible"}, "geometry": {"type": "Polygon", "coordinates": [[[-0.50243, 44.54905, 81.0], [-0.50244, 44.54901, 81.0], [-0.50236, 44.549, 81.0], [-0.50233, 44.5491, 81.0], [-0.50225, 44.54913, 83.40588235294115], [-0.50187, 44.54916, 82.8], [-0.50191, 44.54907, 82.8], [-0.50181, 44.54905, 82.8], [-0.50178, 44.54915, 82.8], [-0.5017, 44.54914, 82.8], [-0.50149, 44.54904, 82.8], [-0.50135, 44.54889, 82.8], [-0.50129, 44.54866, 82.2], [-0.50134, 44.54848, 84.08392857142849], [-0.50148, 44.54834, 84.08392857142849], [-0.50173, 44.54823, 88.0], [-0.50173, 44.54831, 88.0], [-0.50189, 44.54831, 88.0], [-0.50189, 44.54821, 88.0], [-0.50201, 44.54822, 89.0], [-0.50196, 44.54827, 89.0], [-0.50201, 44.54836, 89.0], [-0.50212, 44.54839, 89.0], [-0.5022, 44.54838, 89.0], [-0.50225, 44.54834, 89.0], [-0.50219, 44.54829, 89.0], [-0.50229, 44.54826, 86.95294117647059], [-0.50257, 44.54845, 82.2], [-0.5025, 44.54864, 82.0], [-0.50262, 44.54866, 82.1], [-0.50264, 44.54861, 82.0805363004716], [-0.50264, 44.54872, 81.5], [-0.50256, 44.54871, 81.5], [-0.50253, 44.54881, 81.5], [-0.50259, 44.54888, 81.09444444444445], [-0.50243, 44.54905, 81.0]]]}}, {"type": "Feature", "properties": {"id_obligation": "331970000B2325", "priorite": "faible"}, "geometry": {"type": "Polygon", "coordinates": [[[-0.50275, 44.54913, 81.52105263157897], [-0.50255, 44.5493, 81.52105263157897], [-0.50247, 44.54934, 81.2], [-0.50249, 44.54929, 81.2], [-0.50239, 44.54928, 81.2], [-0.50237, 44.54933, 81.2], [-0.50246, 44.54934, 81.2], [-0.50239, 44.54937, 81.52105263157897], [-0.50188, 44.5494, 81.81363636363636], [-0.50183, 44.5494, 82.3], [-0.50185, 44.54933, 82.3], [-0.50173, 44.54932, 82.3], [-0.50172, 44.5494, 82.3], [-0.50133, 44.54931, 80.57142857142856], [-0.50113, 44.54913, 80.57142857142856], [-0.50108, 44.54896, 83.41873108094912], [-0.50112, 44.54872, 83.41873108094912], [-0.50129, 44.54854, 83.41873108094912], [-0.50175, 44.54837, 87.75873015873013], [-0.50199, 44.54833, 87.75873015873013], [-0.50205, 44.54838, 89.0], [-0.50228, 44.54835, 87.8], [-0.50257, 44.54843, 82.0], [-0.5025, 44.54864, 82.0], [-0.50262, 44.54866, 82.1], [-0.50267, 44.54851, 82.04159633596865], [-0.5028, 44.54869, 81.65555555555554], [-0.50282, 44.54891, 81.65555555555554], [-0.50275, 44.54913, 81.52105263157897]]]}}, {"type": "Feature", "properties": {"id_obligation": "331970000B2330", "priorite": "forte"}, "geometry": {"type": "Polygon", "coordinates": [[[-0.50128, 44.55539, 81.91999999999999], [-0.50157, 44.55531, 81.8], [-0.50182, 44.55532, 81.8], [-0.50219, 44.55546, 82.19001735106998], [-0.50235, 44.55559, 82.19001735106998], [-0.50242, 44.5558, 82.19001735106998], [-0.50238, 44.55598, 82.2], [-0.50224, 44.55616, 82.2], [-0.50208, 44.55611, 82.2], [-0.50204, 44.55618, 82.2], [-0.50216, 44.55621, 82.2], [-0.502, 44.55629, 82.2], [-0.50176, 44.55633, 82.19473684210526], [-0.50152, 44.5563, 82.19473684210526], [-0.50121, 44.55618, 83.0], [-0.50106, 44.55605, 83.0], [-0.50098, 44.55588, 82.3153846153846], [-0.50099, 44.55571, 82.3153846153846], [-0.50111, 44.55552, 81.91999999999999], [-0.50128, 44.55539, 81.91999999999999]]]}}, {"type": "Feature", "properties": {"id_obligation": "331970000B2346", "priorite": "forte"}, "geometry": {"type": "Polygon", "coordinates": [[[-0.49931, 44.55706, 82.1160090702948], [-0.49913, 44.55717, 82.6], [-0.49889, 44.55723, 82.6], [-0.49864, 44.55721, 82.6], [-0.49833, 44.5571, 82.1160090702948], [-0.49818, 44.55697, 82.1160090702948], [-0.4981, 44.55681, 82.1160090702948], [-0.49812, 44.55656, 82.4], [-0.49839, 44.5561, 81.7], [-0.49875, 44.55592, 82.41428571428571], [-0.49888, 44.55601, 82.7], [-0.49891, 44.55591, 82.7], [-0.4993, 44.556, 81.72], [-0.49955, 44.55619, 81.72], [-0.49961, 44.55641, 81.87777777777778], [-0.49931, 44.55706, 82.1160090702948]]]}}, {"type": "Feature", "properties": {"id_obligation": "331970000B2356", "priorite": "faible"}, "geometry": {"type": "Polygon", "coordinates": [[[-0.50674, 44.55473, 80.60000000000001], [-0.50664, 44.55452, 81.79999999999998], [-0.50666, 44.55435, 81.79999999999998], [-0.50676, 44.55418, 83.2], [-0.50682, 44.5542, 83.2], [-0.50686, 44.55413, 83.2], [-0.50682, 44.55411, 83.07791414765657], [-0.50705, 44.55399, 82.55000000000001], [-0.50729, 44.55395, 80.98571428571428], [-0.50754, 44.55399, 80.98571428571428], [-0.50787, 44.5541, 81.07309523809523], [-0.50807, 44.55432, 80.9642857142857], [-0.50808, 44.55436, 81.1], [-0.50799, 44.55437, 81.1], [-0.508, 44.55444, 81.1], [-0.5081, 44.55445, 80.9642857142857], [-0.50806, 44.5546, 79.6], [-0.50792, 44.5548, 79.6], [-0.50773, 44.55492, 81.17142857142858], [-0.50749, 44.55497, 81.17142857142858], [-0.50725, 44.55495, 81.17142857142858], [-0.50697, 44.55487, 80.60000000000001], [-0.50674, 44.55473, 80.60000000000001]]]}}, {"type": "Feature", "properties": {"id_obligation": "331970000B2357", "priorite": "faible"}, "geometry": {"type": "Polygon", "coordinates": [[[-0.50754, 44.55543, 81.20967857142855], [-0.50729, 44.55555, 81.20967857142855], [-0.50699, 44.55558, 81.20967857142855], [-0.50661, 44.55547, 81.20967857142855], [-0.50644, 44.55534, 81.20967857142855], [-0.50636, 44.55512, 81.72142857142858], [-0.5064, 44.55475, 81.8], [-0.50655, 44.55453, 81.8], [-0.50673, 44.55441, 81.8], [-0.50701, 44.55435, 81.25999999999999], [-0.50719, 44.55436, 81.25999999999999], [-0.50731, 44.55439, 80.38571428571427], [-0.50747, 44.55444, 80.3], [-0.50758, 44.55448, 80.38571428571427], [-0.50775, 44.55461, 80.38571428571427], [-0.50783, 44.55478, 81.20967857142855], [-0.50773, 44.55517, 81.20967857142855], [-0.50754, 44.55543, 81.20967857142855]], [[-0.5073, 44.5544, 80.6], [-0.50726, 44.55447, 80.6], [-0.50743, 44.55452, 80.6], [-0.50747, 44.55444, 80.3], [-0.5073, 44.5544, 80.6]]]}}, {"type": "Feature", "properties": {"id_obligation": "331970000B2372", "priorite": "moyenne"}, "geometry": {"type": "Polygon", "coordinates": [[[-0.50289, 44.54756, -61.11777777777776], [-0.5027, 44.54772, -61.11777777777776], [-0.50257, 44.54772, 86.4], [-0.50254, 44.54779, 86.4], [-0.50243, 44.54781, 82.81666666666663], [-0.50204, 44.54779, 82.81666666666663], [-0.50232, 44.54777, 82.5], [-0.50225, 44.54771, 82.5], [-0.50187, 44.54773, 82.5], [-0.50174, 44.54764, 82.71333333333334], [-0.50166, 44.54754, 83.5], [-0.50189, 44.54757, 83.5], [-0.50193, 44.54743, 83.5], [-0.5018, 44.54741, 83.5], [-0.50178, 44.5475, 83.5], [-0.50163, 44.54748, 83.5], [-0.50148, 44.54716, 81.96666666666667], [-0.50148, 44.54698, 81.2], [-0.50153, 44.54699, 81.2], [-0.50158, 44.54682, 81.2], [-0.50182, 44.54668, 81.2], [-0.5021, 44.5466, 80.8], [-0.50239, 44.54662, 80.8], [-0.50248, 44.54665, 83.1], [-0.50254, 44.54673, 82.9], [-0.5026, 44.54671, 82.9], [-0.50268, 44.54677, 82.71333333333334], [-0.50281, 44.54692, 79.5], [-0.50275, 44.5469, 79.5], [-0.50273, 44.54693, 79.5], [-0.50284, 44.54694, 80.79047619047618], [-0.50296, 44.54729, 80.79047619047618], [-0.50289, 44.54756, -61.11777777777776]]]}}, {"type": "Feature", "properties": {"id_obligation": "331970000B2373", "priorite": "faible"}, "geometry": {"type": "Polygon", "coordinates": [[[-0.50226, 44.54926, 81.0875], [-0.50207, 44.54915, 81.0875], [-0.50193, 44.54895, 82.69130434782606], [-0.5019, 44.54878, 82.69130434782606], [-0.50192, 44.54867, 81.1], [-0.50193, 44.54872, 81.1], [-0.50219, 44.54874, 81.4], [-0.50219, 44.54869, 81.4], [-0.50194, 44.54866, 81.1], [-0.5021, 44.5484, 88.71124999999999], [-0.5023, 44.5483, 88.71124999999999], [-0.5026, 44.54826, 81.91428571428571], [-0.50287, 44.5483, 82.08571428571429], [-0.50309, 44.54839, 82.08571428571429], [-0.50323, 44.54853, 82.31052631578946], [-0.50329, 44.54875, 82.31052631578946], [-0.50321, 44.54901, 81.97777777777779], [-0.50307, 44.54916, 81.97777777777779], [-0.50286, 44.5492, 81.8], [-0.5029, 44.54926, 83.14494552045844], [-0.50281, 44.54928, 81.84444444444445], [-0.50249, 44.5493, 81.84444444444445], [-0.50226, 44.54926, 81.0875]]]}}, {"type": "Feature", "properties": {"id_obligation": "331970000B2374", "priorite": "forte"}, "geometry": {"type": "Polygon", "coordinates": [[[-0.51369, 44.54201, 84.78222222222222], [-0.51366, 44.54222, 84.78222222222222], [-0.51349, 44.5424, 84.78222222222222], [-0.51316, 44.54253, 84.78222222222222], [-0.51291, 44.54255, 84.78222222222222], [-0.51262, 44.54249, 84.78222222222222], [-0.51244, 44.54237, 84.78222222222222], [-0.51224, 44.5421, 85.1], [-0.51221, 44.54189, 85.1], [-0.51229, 44.54173, 84.63333333333335], [-0.51235, 44.54167, 83.4], [-0.51245, 44.54169, 83.4], [-0.51247, 44.54164, 83.4], [-0.5124, 44.54163, 83.4], [-0.51246, 44.5416, 84.63333333333335], [-0.51274, 44.5415, 84.78222222222222], [-0.51298, 44.54147, 84.78222222222222], [-0.51322, 44.54151, 84.78222222222222], [-0.51342, 44.54161, 84.78222222222222], [-0.51358, 44.54179, 84.78222222222222], [-0.51369, 44.54201, 84.78222222222222]]]}}, {"type": "Feature", "properties": {"id_obligation": "331970000B2375", "priorite": "moyenne"}, "geometry": {"type": "Polygon", "coordinates": [[[-0.49696, 44.55567, 84.71698564593302], [-0.49668, 44.55561, 84.71698564593302], [-0.49647, 44.55549, 84.71698564593302], [-0.49635, 44.55533, 84.83636363636366], [-0.49634, 44.5551, 84.83636363636366], [-0.49649, 44.55484, 84.9], [-0.49664, 44.5547, 84.9], [-0.49686, 44.55462, 84.9], [-0.49717, 44.55461, 84.9], [-0.49747, 44.55469, 84.71698564593302], [-0.49766, 44.55481, 84.71698564593302], [-0.49777, 44.55496, 84.71698564593302], [-0.49778, 44.55518, 84.71698564593302], [-0.49767, 44.55539, 84.71698564593302], [-0.49752, 44.55553, 84.71698564593302], [-0.49726, 44.55564, 84.71698564593302], [-0.49696, 44.55567, 84.71698564593302]]]}}, {"type": "Feature", "properties": {"id_obligation": "331970000B2376", "priorite": "forte"}, "geometry": {"type": "Polygon", "coordinates": [[[-0.49533, 44.5549, 82.3], [-0.49535, 44.55486, 82.3], [-0.49511, 44.55482, 82.3], [-0.4951, 44.55487, 82.3], [-0.49519, 44.55492, 82.3], [-0.49514, 44.55493, 82.43846153846152], [-0.49483, 44.55491, 81.87806776556776], [-0.49462, 44.55482, 81.87806776556776], [-0.49444, 44.55466, 81.87806776556776], [-0.49433, 44.5544, 81.87806776556776], [-0.49434, 44.55423, 81.87806776556776], [-0.49448, 44.55404, 81.87806776556776], [-0.49515, 44.55372, 81.87806776556776], [-0.49552, 44.55373, 81.87806776556776], [-0.49578, 44.55383, 81.87806776556776], [-0.49595, 44.55401, 81.87806776556776], [-0.49598, 44.55422, 80.93333333333334], [-0.49591, 44.55449, 80.93333333333334], [-0.49566, 44.55473, 82.9904761904762], [-0.49533, 44.5549, 82.3]]]}}, {"type": "Feature", "properties": {"id_obligation": "331970000B2377", "priorite": "forte"}, "geometry": {"type": "Polygon", "coordinates": [[[-0.51328, 44.5417, 84.67967261904762], [-0.5133, 44.54188, 84.67967261904762], [-0.51323, 44.54204, 84.61333333333333], [-0.51308, 44.54218, 84.61333333333333], [-0.51278, 44.5423, 84.67967261904762], [-0.51253, 44.54232, 84.67967261904762], [-0.51229, 44.54226, 84.67967261904762], [-0.51202, 44.54212, 84.67967261904762], [-0.51177, 44.54185, 84.67967261904762], [-0.51172, 44.54164, 84.67967261904762], [-0.5118, 44.54142, 84.67967261904762], [-0.512, 44.54125, 84.67967261904762], [-0.51229, 44.54117, 83.8], [-0.51254, 44.54119, 83.9], [-0.51281, 44.54127, 85.64285714285715], [-0.51285, 44.54129, 85.7], [-0.51278, 44.54129, 85.7], [-0.5128, 44.54143, 85.7], [-0.51292, 44.54141, 85.7], [-0.51287, 44.5413, 85.8], [-0.51328, 44.5417, 84.67967261904762]]]}}, {"type": "Feature", "properties": {"id_obligation": "331970000B2379", "priorite": "moyenne"}, "geometry": {"type": "Polygon", "coordinates": [[[-0.50296, 44.55077, 82.805], [-0.50261, 44.55082, 82.805], [-0.50237, 44.55078, 82.72], [-0.50217, 44.55068, 82.72], [-0.50203, 44.55053, 82.75527311633589], [-0.50209, 44.55054, 82.6], [-0.50216, 44.55037, 82.6], [-0.50207, 44.55035, 82.6], [-0.50201, 44.55049, 82.6090210997075], [-0.50196, 44.55028, 83.23], [-0.50201, 44.55011, 82.89999999999998], [-0.50214, 44.54996, 82.89999999999998], [-0.50252, 44.5498, 82.805], [-0.50276, 44.54974, 82.805], [-0.50308, 44.54976, 82.805], [-0.50335, 44.54988, 82.805], [-0.5035, 44.55007, 82.805], [-0.50352, 44.55029, 82.805], [-0.50342, 44.55049, 82.805], [-0.50296, 44.55077, 82.805]]]}}, {"type": "Feature", "properties": {"id_obligation": "331970000B2381", "priorite": "forte"}, "geometry": {"type": "Polygon", "coordinates": [[[-0.5129, 44.54132, 85.72142857142858], [-0.51278, 44.54129, 85.7], [-0.51279, 44.54141, 85.7], [-0.51257, 44.54151, 83.73076923076925], [-0.51215, 44.54152, 45.98817869087435], [-0.51179, 44.54133, 45.98817869087435], [-0.51167, 44.54117, 45.98817869087435], [-0.51165, 44.541, 45.98817869087435], [-0.51181, 44.54074, 45.98817869087435], [-0.51177, 44.54037, 45.98817869087435], [-0.51196, 44.54015, 45.98817869087435], [-0.51216, 44.54006, 82.3], [-0.51246, 44.54003, 82.3], [-0.5127, 44.54007, 45.98817869087435], [-0.51289, 44.54017, 45.98817869087435], [-0.51302, 44.54032, 45.98817869087435], [-0.5131, 44.54062, -104.59130434782608], [-0.51301, 44.54083, -104.59130434782608], [-0.51294, 44.54082, 83.2], [-0.51292, 44.54095, 84.3], [-0.51284, 44.54095, -1000.0], [-0.513, 44.54098, 84.2], [-0.5129, 44.54132, 85.72142857142858]]]}}, {"type": "Feature", "properties": {"id_obligation": "331970000B2383", "priorite": "forte"}, "geometry": {"type": "Polygon", "coordinates": [[[-0.51205, 44.54081, 55.99688311688312], [-0.51225, 44.54072, 55.99688311688312], [-0.51249, 44.54068, 83.5], [-0.51283, 44.54072, -113.18181818181819], [-0.51309, 44.54086, 84.2], [-0.51294, 44.54082, 83.2], [-0.51292, 44.54095, 84.3], [-0.51284, 44.54094, -1000.0], [-0.51286, 44.54097, -1000.0], [-0.51305, 44.54099, 84.2], [-0.5131, 44.54087, 84.2], [-0.51319, 44.54099, 85.46000000000001], [-0.51323, 44.54116, 85.46000000000001], [-0.51317, 44.54135, 85.55000000000003], [-0.513, 44.54153, 85.55000000000003], [-0.51278, 44.54162, 83.4], [-0.51253, 44.54164, 83.4], [-0.51224, 44.5416, 55.99688311688312], [-0.51203, 44.5415, 55.99688311688312], [-0.5119, 44.54135, 83.5], [-0.51185, 44.54117, 83.5], [-0.51189, 44.541, 55.99688311688312], [-0.51205, 44.54081, 55.99688311688312]]]}}, {"type": "Feature", "properties": {"id_obligation": "331970000B2386", "priorite": "forte"}, "geometry": {"type": "Polygon", "coordinates": [[[-0.51354, 44.54146, 53.46772108843539], [-0.51346, 44.54163, 53.46772108843539], [-0.5133, 44.54176, 53.46772108843539], [-0.51308, 44.54185, 85.1], [-0.51261, 44.54186, 85.1], [-0.51268, 44.54183, 85.1], [-0.51255, 44.54169, 85.1], [-0.51247, 44.54173, 85.1], [-0.51257, 44.54185, 84.65333333333335], [-0.51233, 44.54173, 84.65333333333335], [-0.5122, 44.54159, 84.65333333333335], [-0.51215, 44.54131, 83.9], [-0.51219, 44.54114, 83.68571428571431], [-0.51232, 44.54099, 83.68571428571431], [-0.51258, 44.54087, 83.68571428571431], [-0.51293, 44.54084, 83.2], [-0.51292, 44.54095, 84.3], [-0.51284, 44.54095, -1000.0], [-0.51298, 44.541, 84.3], [-0.51305, 44.54099, 84.2], [-0.5131, 44.54087, 84.2], [-0.51319, 44.54091, 84.2], [-0.51337, 44.54103, 84.2], [-0.51352, 44.54126, 53.46772108843539], [-0.51354, 44.54146, 53.46772108843539]]]}}, {"type": "Feature", "properties": {"id_obligation": "331970000B2393", "priorite": "forte"}, "geometry": {"type": "Polygon", "coordinates": [[[-0.49588, 44.55487, 85.9777777777778], [-0.49612, 44.55501, 85.9777777777778], [-0.49619, 44.55508, 86.6], [-0.49614, 44.55507, 86.6], [-0.49612, 44.55513, 86.6], [-0.49624, 44.55516, 83.95555555555555], [-0.49627, 44.55538, 83.95555555555555], [-0.49615, 44.55558, 82.2], [-0.49586, 44.55578, 82.2], [-0.49564, 44.55586, 83.1], [-0.4954, 44.55586, 83.1], [-0.49512, 44.55578, 81.2], [-0.49485, 44.55559, 81.2], [-0.49474, 44.55543, 83.19848484848487], [-0.49473, 44.55525, 83.19848484848487], [-0.49483, 44.55508, 82.3], [-0.49508, 44.5549, 82.3], [-0.49514, 44.55488, 82.3], [-0.49513, 44.55492, 82.3], [-0.49532, 44.55494, 82.3], [-0.49535, 44.55486, 82.3], [-0.49524, 44.55484, 82.3], [-0.49563, 44.55482, 83.94545454545457], [-0.49588, 44.55487, 85.9777777777778]]]}}, {"type": "Feature", "properties": {"id_obligation": "331970000B2394", "priorite": "moyenne"}, "geometry": {"type": "Polygon", "coordinates": [[[-0.4965, 44.55538, 82.25], [-0.49647, 44.55559, 82.25], [-0.49634, 44.55574, 83.3404761904762], [-0.49605, 44.55594, 83.3404761904762], [-0.49575, 44.556, 82.0], [-0.49551, 44.55597, 81.2], [-0.4953, 44.55587, 81.2], [-0.49513, 44.55575, 81.2], [-0.49515, 44.55571, 81.2], [-0.4951, 44.55571, 81.2], [-0.49502, 44.5555, 82.8], [-0.49506, 44.55533, 82.8], [-0.4952, 44.55513, 83.3404761904762], [-0.49544, 44.55497, 83.3404761904762], [-0.49572, 44.55491, 85.7], [-0.49564, 44.55505, 85.7], [-0.49572, 44.55507, 85.7], [-0.49574, 44.55503, 85.7], [-0.4958, 44.55505, 85.7], [-0.49586, 44.55493, 85.7], [-0.49593, 44.55492, 85.70000000000003], [-0.49615, 44.555, 86.6], [-0.49639, 44.55518, 86.6], [-0.4965, 44.55538, 82.25]]]}}, {"type": "Feature", "properties": {"id_obligation": "331970000B2395", "priorite": "moyenne"}, "geometry": {"type": "MultiPolygon", "coordinates": [[[[-0.50278, 44.54652, 84.30833333333332], [-0.50267, 44.54679, 82.92857142857143], [-0.50254, 44.54694, 82.92857142857143], [-0.50233, 44.54703, 82.92857142857143], [-0.50209, 44.54707, 81.2], [-0.50184, 44.54703, 81.2], [-0.50156, 44.54693, 81.2], [-0.50138, 44.54675, 81.2], [-0.50128, 44.54637, 81.59417191876751], [-0.50129, 44.5462, 81.3], [-0.50148, 44.54599, 81.3], [-0.50179, 44.54585, 80.84], [-0.50205, 44.54581, 80.8], [-0.50203, 44.54585, 80.8], [-0.50222, 44.5459, 80.8], [-0.50217, 44.54602, 80.8], [-0.50226, 44.54604, 80.8], [-0.50235, 44.54586, 80.8], [-0.50243, 44.5459, 80.19999999999999], [-0.50265, 44.54611, 80.19999999999999], [-0.50278, 44.54652, 84.30833333333332]]]]}}, {"type": "Feature", "properties": {"id_obligation": "331970000B2396", "priorite": "moyenne"}, "geometry": {"type": "MultiPolygon", "coordinates": [[[[-0.50297, 44.54621, 86.2], [-0.50281, 44.5464, 86.2], [-0.50204, 44.5467, 80.74666666666666], [-0.50173, 44.54672, 81.3], [-0.50149, 44.54665, 81.3], [-0.50132, 44.54652, 81.3], [-0.50119, 44.54634, 81.3], [-0.50117, 44.54628, 81.3], [-0.50126, 44.54629, 81.3], [-0.50129, 44.54612, 81.3], [-0.50118, 44.54608, 81.3], [-0.5014, 44.54585, 81.3], [-0.50153, 44.54552, 81.55886446886447], [-0.50179, 44.54531, 80.10000000000001], [-0.50201, 44.54523, 80.10000000000001], [-0.50238, 44.54523, 81.55886446886447], [-0.50274, 44.54537, 81.55886446886447], [-0.50297, 44.54563, 81.55886446886447], [-0.50301, 44.54597, 80.8], [-0.50297, 44.54621, 86.2]]]]}}, {"type": "Feature", "properties": {"id_obligation": "331970000B2397", "priorite": "moyenne"}, "geometry": {"type": "Polygon", "coordinates": [[[-0.51331, 44.53918, 84.0], [-0.5135, 44.53919, 84.0], [-0.51352, 44.53913, 84.0], [-0.51326, 44.53911, 84.0], [-0.51328, 44.53903, 81.5], [-0.51323, 44.53903, 81.5], [-0.51322, 44.5389, 80.0], [-0.51335, 44.53892, 80.0], [-0.51358, 44.53887, 80.0], [-0.51351, 44.53878, 80.0], [-0.51339, 44.53886, 80.0], [-0.51325, 44.5388, 80.0], [-0.5133, 44.53871, 80.00837033188546], [-0.51339, 44.53873, 80.1], [-0.51341, 44.53869, 80.1], [-0.51333, 44.53868, 80.1], [-0.51355, 44.53852, 80.04285714285713], [-0.51379, 44.53847, 81.61623233908946], [-0.51404, 44.53848, 81.61623233908946], [-0.51429, 44.53856, 81.61623233908946], [-0.51447, 44.53868, 81.61623233908946], [-0.51456, 44.53885, 80.68461538461536], [-0.51456, 44.53903, 80.68461538461536], [-0.51444, 44.53922, 81.18888888888888], [-0.51415, 44.53939, 81.18888888888888], [-0.51374, 44.5394, 83.8], [-0.51395, 44.53904, 82.7], [-0.51389, 44.53902, 82.7], [-0.51394, 44.53893, 83.1], [-0.51387, 44.53891, 83.1], [-0.51358, 44.53935, 83.96000000000001], [-0.51331, 44.53918, 84.0]]]}}, {"type": "Feature", "properties": {"id_obligation": "331970000B2398", "priorite": "moyenne"}, "geometry": {"type": "Polygon", "coordinates": [[[-0.51455, 44.53918, 80.8375], [-0.51438, 44.53944, 80.175], [-0.51422, 44.53957, 80.175], [-0.514, 44.53964, 83.12], [-0.5137, 44.53965, 83.12], [-0.5134, 44.53956, 83.8], [-0.51322, 44.53945, 83.8], [-0.51311, 44.53929, 82.03846153846153], [-0.51308, 44.53916, 82.03846153846153], [-0.51311, 44.53904, 81.5], [-0.51311, 44.5391, 81.5], [-0.51327, 44.5391, 81.5], [-0.51328, 44.53903, 81.5], [-0.51312, 44.53902, 81.5], [-0.51319, 44.53889, 80.0], [-0.51335, 44.53892, 80.0], [-0.51358, 44.53887, 80.0], [-0.51351, 44.53878, 80.0], [-0.51339, 44.53886, 80.0], [-0.51325, 44.5388, 80.0], [-0.51329, 44.53873, 80.02], [-0.51339, 44.53873, 80.1], [-0.51341, 44.53869, 80.1], [-0.51334, 44.53868, 80.1], [-0.51341, 44.53862, 80.02], [-0.51368, 44.53851, 80.0], [-0.51399, 44.53851, 80.0], [-0.51428, 44.5386, 80.44999999999999], [-0.51448, 44.53876, 80.44999999999999], [-0.51457, 44.53897, 80.8375], [-0.51455, 44.53918, 80.8375]]]}}, {"type": "Feature", "properties": {"id_obligation": "331970000B2401", "priorite": "moyenne"}, "geometry": {"type": "Polygon", "coordinates": [[[-0.50614, 44.54807, 80.8], [-0.50603, 44.54804, 80.8], [-0.50598, 44.54812, 80.8], [-0.50607, 44.54814, 80.8], [-0.50591, 44.54826, 80.78888888888888], [-0.50556, 44.54835, 80.3], [-0.50559, 44.54832, 80.3], [-0.50545, 44.54825, 80.3], [-0.50537, 44.54833, 80.3], [-0.50524, 44.5483, 81.8], [-0.50529, 44.54825, 81.8], [-0.5052, 44.54821, 81.8], [-0.50516, 44.54826, 81.8], [-0.5049, 44.54809, 81.36923076923077], [-0.50487, 44.54806, 81.1], [-0.50494, 44.54809, 81.1], [-0.50507, 44.54789, 81.1], [-0.50499, 44.54785, 81.1], [-0.50485, 44.54803, 81.1], [-0.50478, 44.54776, 80.74285714285713], [-0.50486, 44.54759, 80.74285714285713], [-0.50499, 44.54748, 81.3], [-0.50496, 44.54746, 81.3], [-0.50503, 44.54734, 81.9], [-0.50508, 44.5474, 81.9], [-0.50528, 44.54736, 81.9], [-0.50514, 44.54725, 83.6], [-0.50508, 44.54728, 83.6], [-0.50512, 44.54724, 81.95294117647057], [-0.50532, 44.54714, 80.64117647058825], [-0.50552, 44.5471, 79.93380811160438], [-0.50535, 44.54718, 81.5], [-0.50541, 44.54725, 81.5], [-0.5056, 44.54716, 81.5], [-0.50555, 44.5471, 79.5], [-0.50568, 44.5471, 80.64117647058825], [-0.50607, 44.54722, 80.9], [-0.50627, 44.54738, 80.9], [-0.50633, 44.5476, 80.93324097267111], [-0.50614, 44.54807, 80.8]]]}}, {"type": "Feature", "properties": {"id_obligation": "331970000B2402", "priorite": "moyenne"}, "geometry": {"type": "Polygon", "coordinates": [[[-0.50523, 44.54832, 81.8], [-0.50529, 44.54825, 81.8], [-0.5052, 44.54821, 81.8], [-0.50515, 44.54826, 81.55], [-0.505, 44.54802, 81.10000000000001], [-0.50505, 44.5478, 80.75], [-0.50522, 44.54759, 80.75], [-0.50542, 44.5475, 80.2], [-0.50551, 44.54757, 80.2], [-0.50554, 44.54753, 80.2], [-0.50549, 44.54748, 80.2], [-0.50572, 44.54746, 80.43888888888893], [-0.50595, 44.54751, 80.87354166666667], [-0.50627, 44.54764, 80.87354166666667], [-0.50641, 44.54778, 80.8], [-0.50646, 44.54796, 80.8], [-0.50642, 44.54813, 80.88], [-0.50624, 44.54834, 80.88], [-0.50629, 44.54826, 80.5], [-0.50614, 44.54825, 81.0], [-0.5061, 44.5483, 81.0], [-0.50623, 44.54835, 80.5123168823784], [-0.50586, 44.54847, 80.4], [-0.50589, 44.54843, 80.4], [-0.50574, 44.54838, 80.4], [-0.50572, 44.54847, 80.4], [-0.50523, 44.54832, 81.8]]]}}, {"type": "Feature", "properties": {"id_obligation": "331970000B2403", "priorite": "moyenne"}, "geometry": {"type": "Polygon", "coordinates": [[[-0.49914, 44.55543, 83.13076923076922], [-0.4992, 44.55527, 83.4], [-0.49914, 44.55525, 83.4], [-0.49931, 44.55501, 82.8], [-0.49948, 44.55489, 82.8], [-0.49969, 44.55482, 83.8], [-0.49979, 44.55486, 83.8], [-0.49978, 44.55481, 83.8], [-0.49994, 44.55481, 83.45999999999998], [-0.50009, 44.55485, 83.3], [-0.49996, 44.555, 83.3], [-0.49999, 44.55505, 83.1], [-0.50005, 44.55507, 83.3], [-0.5002, 44.55489, 83.3], [-0.50043, 44.55504, 83.29999999999998], [-0.50053, 44.5552, 83.45384615384616], [-0.50052, 44.55542, 83.45384615384616], [-0.50033, 44.55566, 82.84545454545456], [-0.50026, 44.55564, 82.7], [-0.50017, 44.55576, 82.7], [-0.49998, 44.55582, 84.4], [-0.49973, 44.55582, 83.75], [-0.49945, 44.55574, 83.2], [-0.4995, 44.55566, 83.2], [-0.49928, 44.55563, 83.12000000000002], [-0.49914, 44.55543, 83.13076923076922]]]}}, {"type": "Feature", "properties": {"id_obligation": "331970000B2412", "priorite": "moyenne"}, "geometry": {"type": "Polygon", "coordinates": [[[-0.49898, 44.55673, 82.6], [-0.49871, 44.55683, 82.61818181818184], [-0.49834, 44.55684, 82.61818181818184], [-0.49811, 44.55678, 82.7], [-0.49784, 44.5566, 82.7], [-0.49774, 44.55643, 80.89999999999999], [-0.49773, 44.55617, 80.89999999999999], [-0.49782, 44.556, 82.2], [-0.49799, 44.55587, 82.2], [-0.49825, 44.5558, 82.2], [-0.4982, 44.55591, 82.2], [-0.49829, 44.55595, 82.2], [-0.49836, 44.55581, 82.2], [-0.49827, 44.55579, 82.2], [-0.49846, 44.55573, 82.28333333333333], [-0.4987, 44.55573, 82.28333333333333], [-0.49892, 44.55578, 82.7], [-0.49919, 44.55596, 82.7], [-0.49931, 44.55616, 81.50999999999998], [-0.49929, 44.55637, 81.50999999999998], [-0.49898, 44.55673, 82.6]]]}}, {"type": "Feature", "properties": {"id_obligation": "331970000B2416", "priorite": "moyenne"}, "geometry": {"type": "Polygon", "coordinates": [[[-0.50535, 44.5477, 80.9], [-0.50537, 44.54763, 80.9], [-0.50529, 44.54758, 80.9], [-0.50517, 44.54766, 80.5], [-0.5051, 44.54764, 80.97058823529412], [-0.50493, 44.54753, 81.3], [-0.50499, 44.54748, 81.3], [-0.50484, 44.54736, 81.3], [-0.5048, 44.54739, 81.3], [-0.50473, 44.54725, 82.46249999999999], [-0.50475, 44.54703, 80.72496936274511], [-0.50487, 44.54688, 80.72496936274511], [-0.50518, 44.54672, 80.72496936274511], [-0.50546, 44.54665, 79.6], [-0.5057, 44.54666, 80.39999999999999], [-0.50593, 44.54674, 80.39999999999999], [-0.50609, 44.54687, 80.39999999999999], [-0.50622, 44.5471, 80.125], [-0.50621, 44.54727, 80.125], [-0.50611, 44.54743, 80.9], [-0.50564, 44.54767, 80.43333333333337], [-0.50535, 44.5477, 80.9]]]}}, {"type": "Feature", "properties": {"id_obligation": "331970000B2417", "priorite": "moyenne"}, "geometry": {"type": "Polygon", "coordinates": [[[-0.50581, 44.54644, 80.5391369047619], [-0.50611, 44.54648, 80.65], [-0.50634, 44.54662, 80.65], [-0.5065, 44.54684, 80.65714285714286], [-0.50651, 44.54702, 80.65714285714286], [-0.5064, 44.54722, 80.5391369047619], [-0.50623, 44.54733, 80.5391369047619], [-0.5059, 44.54746, 81.0], [-0.50559, 44.54747, 81.0], [-0.50536, 44.54739, 80.57142857142857], [-0.50537, 44.54735, 80.2], [-0.5053, 44.54736, 80.2], [-0.50519, 44.54726, 80.57142857142857], [-0.50506, 44.54707, 80.5], [-0.50505, 44.5469, 80.5], [-0.50513, 44.54673, 80.5391369047619], [-0.50552, 44.5465, 80.5391369047619], [-0.50581, 44.54644, 80.5391369047619]]]}}, {"type": "Feature", "properties": {"id_obligation": "331970000B2419", "priorite": "faible"}, "geometry": {"type": "Polygon", "coordinates": [[[-0.50133, 44.54792, 83.39615384615384], [-0.50127, 44.54816, 86.89999999999999], [-0.50124, 44.54821, 86.9], [-0.50107, 44.5482, 86.9], [-0.5011, 44.54833, 86.9], [-0.50093, 44.5484, 86.89999999999999], [-0.50069, 44.54843, 84.12817994505495], [-0.50031, 44.54841, 87.7], [-0.5001, 44.54832, 87.7], [-0.49992, 44.54814, 87.7], [-0.49988, 44.54797, 85.9357142857143], [-0.49991, 44.5477, 85.9357142857143], [-0.50003, 44.54755, 81.2], [-0.50028, 44.54742, 81.2], [-0.50067, 44.54739, 81.275], [-0.50091, 44.54743, 81.94000000000001], [-0.50112, 44.54753, 81.94000000000001], [-0.50129, 44.54774, 83.39615384615384], [-0.50133, 44.54792, 83.39615384615384]]]}}, {"type": "Feature", "properties": {"id_obligation": "331970000B2430", "priorite": "très forte"}, "geometry": {"type": "Polygon", "coordinates": [[[-0.51422, 44.53589, 76.83809523809525], [-0.51396, 44.53602, 76.83809523809525], [-0.51371, 44.53605, 76.83809523809525], [-0.5134, 44.536, 76.83809523809525], [-0.51308, 44.53585, 76.83809523809525], [-0.5129, 44.53569, 76.83809523809525], [-0.51285, 44.53548, 76.83809523809525], [-0.51293, 44.53521, 76.83809523809525], [-0.51317, 44.53501, 76.83809523809525], [-0.51364, 44.53488, 76.83809523809525], [-0.51388, 44.53485, 76.83809523809525], [-0.51419, 44.53492, 76.83809523809525], [-0.51442, 44.53506, 76.83809523809525], [-0.51454, 44.53525, 76.83809523809525], [-0.51452, 44.53547, 76.83809523809525], [-0.51422, 44.53589, 76.83809523809525]]]}}, {"type": "Feature", "properties": {"id_obligation": "331970000B2437", "priorite": "moyenne"}, "geometry": {"type": "Polygon", "coordinates": [[[-0.49626, 44.55483, 88.6], [-0.49614, 44.55481, 88.6], [-0.49611, 44.55489, 88.6], [-0.49624, 44.55492, 88.6], [-0.49618, 44.55504, 86.98750000000001], [-0.49592, 44.55523, 86.98750000000001], [-0.49556, 44.55529, 84.11818181818181], [-0.49518, 44.55519, 82.46666666666665], [-0.49497, 44.55503, 82.46666666666665], [-0.49486, 44.55475, 81.97272727272725], [-0.49498, 44.5544, 81.1], [-0.49504, 44.55449, 81.4], [-0.49515, 44.55447, 81.4], [-0.49509, 44.5543, 81.1], [-0.49501, 44.55432, 81.1], [-0.49512, 44.55412, 81.13333333333334], [-0.49529, 44.554, 81.13333333333334], [-0.49552, 44.55393, 81.10000000000001], [-0.49583, 44.55394, 83.17674558080807], [-0.49606, 44.55402, 83.17674558080807], [-0.49631, 44.55427, 83.17674558080807], [-0.49626, 44.55483, 88.6]]]}}, {"type": "Feature", "properties": {"id_obligation": "331970000B2438", "priorite": "moyenne"}, "geometry": {"type": "Polygon", "coordinates": [[[-0.50124, 44.55526, 82.79480431730431], [-0.50139, 44.55547, 81.8], [-0.50131, 44.55558, 81.8], [-0.5014, 44.55561, 81.8], [-0.50134, 44.55577, 82.25], [-0.5013, 44.55583, 82.4], [-0.50119, 44.55581, 82.4], [-0.50113, 44.55588, 82.4], [-0.50122, 44.55591, 82.4], [-0.50106, 44.55601, 82.25], [-0.50071, 44.55607, 82.37567567567568], [-0.50012, 44.55597, 83.76249999999999], [-0.49995, 44.55591, 84.4], [-0.49998, 44.55582, 84.4], [-0.49984, 44.5558, 84.4], [-0.49983, 44.55585, 84.4], [-0.49963, 44.5557, 82.94545454545454], [-0.49956, 44.55553, 82.94545454545454], [-0.49958, 44.55536, 82.94545454545454], [-0.49974, 44.55515, 83.14], [-0.49992, 44.55503, 83.14], [-0.49999, 44.55501, 83.2006610634947], [-0.50005, 44.55507, 83.3], [-0.50012, 44.55498, 83.3], [-0.50046, 44.55495, 82.79480431730431], [-0.50069, 44.555, 82.79480431730431], [-0.50124, 44.55526, 82.79480431730431]]]}}, {"type": "Feature", "properties": {"id_obligation": "331970000B2439", "priorite": "moyenne"}, "geometry": {"type": "Polygon", "coordinates": [[[-0.5009, 44.55626, 82.42307692307692], [-0.50055, 44.55636, 82.78095238095241], [-0.50022, 44.55632, 82.78095238095241], [-0.49978, 44.55614, 83.76363636363637], [-0.49962, 44.55601, 82.7], [-0.49962, 44.55594, 82.7], [-0.49957, 44.55594, 82.7], [-0.49946, 44.55574, 83.2], [-0.4995, 44.55566, 83.2], [-0.49944, 44.55563, 83.10000000000002], [-0.49948, 44.55545, 83.10000000000002], [-0.49969, 44.5552, 82.8], [-0.49999, 44.55505, 83.22500000000001], [-0.5003, 44.55504, 83.22500000000001], [-0.50053, 44.5551, 83.22500000000001], [-0.50108, 44.55537, 82.2291666666667], [-0.50123, 44.5555, 82.2291666666667], [-0.5013, 44.55567, 82.2291666666667], [-0.50128, 44.55583, 82.4], [-0.50119, 44.55581, 82.4], [-0.50113, 44.55588, 82.4], [-0.50124, 44.55592, 82.4], [-0.5009, 44.55626, 82.42307692307692]]]}}, {"type": "Feature", "properties": {"id_obligation": "331970000B2441", "priorite": "moyenne"}, "geometry": {"type": "Polygon", "coordinates": [[[-0.50042, 44.55431, 82.0], [-0.50036, 44.55434, 82.0], [-0.50044, 44.55436, 82.0], [-0.50046, 44.55442, 83.06842105263159], [-0.50039, 44.55466, 84.90787485949244], [-0.50025, 44.55482, 83.3], [-0.50018, 44.55475, 83.3], [-0.49997, 44.55498, 83.3], [-0.49961, 44.55502, 83.41176470588232], [-0.49933, 44.55499, 82.92499999999998], [-0.499, 44.55485, 83.07987107728673], [-0.49913, 44.55479, 83.0], [-0.49907, 44.55471, 83.1], [-0.49894, 44.55478, 83.1], [-0.49886, 44.55453, 83.08438556799236], [-0.49895, 44.55414, 83.08438556799236], [-0.49908, 44.55394, 83.08438556799236], [-0.49926, 44.55383, 83.08438556799236], [-0.49956, 44.55377, 83.08438556799236], [-0.49986, 44.55381, 83.08438556799236], [-0.50014, 44.55395, 83.08438556799236], [-0.50042, 44.55431, 82.0]]]}}, {"type": "Feature", "properties": {"id_obligation": "331970000B2442", "priorite": "moyenne"}, "geometry": {"type": "Polygon", "coordinates": [[[-0.49908, 44.55438, 83.05894436445907], [-0.49938, 44.55432, 82.76363636363637], [-0.49962, 44.55435, 82.76363636363637], [-0.49993, 44.55447, 83.1], [-0.50008, 44.55461, 83.1], [-0.50014, 44.5548, 83.3], [-0.49996, 44.555, 83.3], [-0.50004, 44.55507, 83.26998535651276], [-0.49989, 44.55523, 82.99999999999999], [-0.4997, 44.55533, 83.38333333333334], [-0.49946, 44.55537, 83.38333333333334], [-0.49937, 44.55537, 83.5], [-0.49947, 44.55526, 83.5], [-0.49937, 44.55521, 83.5], [-0.49927, 44.55533, 83.5], [-0.49936, 44.55537, 83.5], [-0.49916, 44.55533, 83.16947063512636], [-0.4992, 44.55527, 83.4], [-0.49913, 44.55525, 83.4], [-0.49909, 44.55531, 82.4], [-0.49893, 44.55523, 82.76666666666667], [-0.49879, 44.5551, 82.76666666666667], [-0.49873, 44.55488, 82.99999999999999], [-0.49887, 44.55453, 83.05894436445907], [-0.49908, 44.55438, 83.05894436445907]]]}}, {"type": "Feature", "properties": {"id_obligation": "331970000B2443", "priorite": "moyenne"}, "geometry": {"type": "Polygon", "coordinates": [[[-0.49876, 44.55485, 82.94478114478115], [-0.49896, 44.55502, 82.94478114478115], [-0.49902, 44.55534, 82.3], [-0.49893, 44.55556, 81.81851851851852], [-0.49884, 44.55555, 81.3], [-0.4988, 44.55567, 81.5872870214272], [-0.49871, 44.55571, 81.81851851851852], [-0.49847, 44.55577, 81.43333333333334], [-0.49799, 44.55574, 81.43333333333334], [-0.49763, 44.55565, 82.94478114478115], [-0.49742, 44.55549, 82.94478114478115], [-0.49734, 44.55532, 82.94478114478115], [-0.49736, 44.55515, 82.94478114478115], [-0.49749, 44.55491, 82.94478114478115], [-0.49766, 44.55478, 82.94478114478115], [-0.49788, 44.55471, 82.94478114478115], [-0.49812, 44.5547, 82.94478114478115], [-0.49876, 44.55485, 82.94478114478115]]]}}, {"type": "Feature", "properties": {"id_obligation": "331970000B2444", "priorite": "moyenne"}, "geometry": {"type": "Polygon", "coordinates": [[[-0.49774, 44.55622, 80.7], [-0.49759, 44.55602, 81.64995452726545], [-0.49757, 44.55584, 81.64995452726545], [-0.49769, 44.55559, 81.64995452726545], [-0.49783, 44.55545, 81.64995452726545], [-0.49809, 44.55535, 81.43333333333334], [-0.49834, 44.55534, 81.43333333333334], [-0.49862, 44.5554, 81.61764705882352], [-0.49889, 44.55556, 81.3], [-0.49884, 44.55555, 81.3], [-0.49878, 44.55574, 81.9], [-0.4989, 44.55576, 81.9], [-0.49894, 44.55563, 81.3239281597738], [-0.49897, 44.5557, 82.47142857142856], [-0.49899, 44.55588, 82.47142857142856], [-0.49886, 44.55614, 81.7], [-0.49856, 44.55635, 81.7], [-0.49856, 44.55631, 81.7], [-0.49869, 44.55623, 81.7], [-0.4986, 44.55617, 81.7], [-0.49848, 44.55624, 81.7], [-0.49835, 44.55625, 81.7], [-0.49835, 44.55633, 81.7], [-0.49844, 44.55633, 81.7], [-0.49844, 44.55638, 81.7], [-0.49822, 44.55639, 81.42727272727274], [-0.49806, 44.55636, 79.9], [-0.49804, 44.55633, 79.9], [-0.49799, 44.55635, 80.7], [-0.49774, 44.55622, 80.7]]]}}, {"type": "Feature", "properties": {"id_obligation": "331970000B2445", "priorite": "forte"}, "geometry": {"type": "Polygon", "coordinates": [[[-0.49733, 44.55694, 83.20753968253968], [-0.49723, 44.55727, 83.20753968253968], [-0.49712, 44.55742, 83.20753968253968], [-0.49688, 44.55754, 83.20753968253968], [-0.49658, 44.55758, 81.77777777777777], [-0.49628, 44.55752, 86.1], [-0.49588, 44.5573, 86.1], [-0.49575, 44.55714, 86.1], [-0.49573, 44.55688, 83.20753968253968], [-0.49597, 44.55639, 83.20753968253968], [-0.49612, 44.55625, 83.20753968253968], [-0.49633, 44.55616, 81.7], [-0.49669, 44.55614, 81.7], [-0.49705, 44.55626, 83.20753968253968], [-0.49722, 44.55644, 83.20753968253968], [-0.49733, 44.55694, 83.20753968253968]]]}}, {"type": "Feature", "properties": {"id_obligation": "331970000B2446", "priorite": "très forte"}, "geometry": {"type": "Polygon", "coordinates": [[[-0.49596, 44.55773, 81.4452380952381], [-0.49598, 44.55795, 81.4452380952381], [-0.49587, 44.55814, 81.4452380952381], [-0.49569, 44.55827, 81.4452380952381], [-0.49529, 44.5584, 80.8], [-0.495, 44.5584, 80.8], [-0.4947, 44.55834, 80.8], [-0.49448, 44.55819, 80.8], [-0.4944, 44.55798, 81.4452380952381], [-0.49442, 44.55771, 81.4452380952381], [-0.49453, 44.55755, 81.4452380952381], [-0.49471, 44.55743, 81.4452380952381], [-0.49495, 44.55737, 81.4452380952381], [-0.49525, 44.55738, 81.4452380952381], [-0.49561, 44.55745, 81.4452380952381], [-0.49583, 44.55757, 81.4452380952381], [-0.49596, 44.55773, 81.4452380952381]]]}}, {"type": "Feature", "properties": {"id_obligation": "331970000B2448", "priorite": "faible"}, "geometry": {"type": "MultiPolygon", "coordinates": [[[[-0.51158, 44.55294, 81.4], [-0.51157, 44.55304, 81.4], [-0.51164, 44.55305, 81.4], [-0.51165, 44.55295, 81.4], [-0.51202, 44.55307, 84.1], [-0.512, 44.55314, 84.1], [-0.51212, 44.55316, 84.1], [-0.5122, 44.55331, 82.8], [-0.51218, 44.55358, 82.8], [-0.51202, 44.55376, 81.94225134097314], [-0.51175, 44.55388, 81.94225134097314], [-0.51151, 44.55405, 81.94225134097314], [-0.51129, 44.55411, 81.94225134097314], [-0.51093, 44.5541, 81.64210526315786], [-0.51071, 44.55402, 82.3], [-0.51073, 44.55392, 82.3], [-0.51065, 44.55391, 82.3], [-0.51064, 44.55398, 82.3], [-0.5105, 44.55382, 81.64210526315786], [-0.51046, 44.55365, 81.35555555555555], [-0.5105, 44.55325, 80.71333333333334], [-0.51055, 44.55317, 80.9], [-0.51062, 44.55317, 80.2], [-0.51062, 44.5531, 80.71333333333334], [-0.51081, 44.55298, 80.71333333333334], [-0.51104, 44.55293, 83.25714285714285], [-0.51158, 44.55294, 81.4]]]]}}, {"type": "Feature", "properties": {"id_obligation": "331970000B2449", "priorite": "faible"}, "geometry": {"type": "Polygon", "coordinates": [[[-0.51088, 44.55438, 80.67999999999999], [-0.51063, 44.55451, 80.67999999999999], [-0.5102, 44.55453, 80.67777777777776], [-0.50992, 44.55443, 82.17272727272726], [-0.50981, 44.55435, 82.9], [-0.50984, 44.55429, 82.9], [-0.50975, 44.55427, 82.9], [-0.5097, 44.55414, 80.8], [-0.50977, 44.55414, 80.8], [-0.50979, 44.55406, 80.8], [-0.5097, 44.55403, 80.9], [-0.50971, 44.55362, 80.13333333333334], [-0.50987, 44.55338, 80.13333333333334], [-0.51019, 44.55325, 81.40833333333335], [-0.51061, 44.55327, 81.4125], [-0.51068, 44.55329, 81.8], [-0.51062, 44.55329, 81.8], [-0.51062, 44.55357, 81.1], [-0.51076, 44.55357, 81.1], [-0.51072, 44.55331, 81.8], [-0.51087, 44.5534, 81.4125], [-0.51107, 44.55367, 81.69499999999998], [-0.51102, 44.55415, 80.67999999999999], [-0.51088, 44.55438, 80.67999999999999]]]}}, {"type": "Feature", "properties": {"id_obligation": "331970000B2450", "priorite": "faible"}, "geometry": {"type": "MultiPolygon", "coordinates": [[[[-0.50914, 44.55349, -73.48422710622711], [-0.50944, 44.55343, 80.4], [-0.50977, 44.55348, 80.12], [-0.50998, 44.55358, 80.12], [-0.51013, 44.55372, 80.12], [-0.51018, 44.55392, 80.0], [-0.51014, 44.55406, 80.4], [-0.51006, 44.55394, 80.4], [-0.50999, 44.55394, 80.4], [-0.51002, 44.55416, 80.4], [-0.51009, 44.55416, 80.4], [-0.50994, 44.55435, 82.38333333333334], [-0.50984, 44.55441, 81.8], [-0.50984, 44.55429, 82.9], [-0.50968, 44.55427, 82.0], [-0.50957, 44.55449, 81.0], [-0.5095, 44.55449, 81.63999999999999], [-0.50917, 44.55444, -73.48422710622711], [-0.50895, 44.55434, -73.48422710622711], [-0.50881, 44.5542, -1000.0], [-0.50875, 44.55402, -1000.0], [-0.50893, 44.55364, -73.48422710622711], [-0.50914, 44.55349, -73.48422710622711]]], [[[-0.5097, 44.55446, 81.6944521159092], [-0.50971, 44.55444, 81.8], [-0.50974, 44.55445, 81.63999999999999], [-0.5097, 44.55446, 81.6944521159092]]]]}}, {"type": "Feature", "properties": {"id_obligation": "331970000B2451", "priorite": "faible"}, "geometry": {"type": "Polygon", "coordinates": [[[-0.51025, 44.55328, 82.4], [-0.51019, 44.55338, 82.4], [-0.51036, 44.55341, 82.4], [-0.51039, 44.55337, 82.11666666666666], [-0.5105, 44.55353, 80.98947368421054], [-0.51057, 44.55385, 80.98947368421054], [-0.51049, 44.55406, 81.3291666666667], [-0.51033, 44.55419, 81.3291666666667], [-0.51012, 44.55427, 81.3291666666667], [-0.50983, 44.5543, 82.9], [-0.50952, 44.55425, 81.32916666666668], [-0.50902, 44.55398, 81.10566950464397], [-0.50886, 44.5538, 81.10566950464397], [-0.50883, 44.55362, 81.10566950464397], [-0.50896, 44.55335, 81.1], [-0.50919, 44.5532, 81.1], [-0.50936, 44.55316, 81.1], [-0.50932, 44.55321, 81.1], [-0.5094, 44.55324, 81.1], [-0.50949, 44.55315, 81.175], [-0.51025, 44.55328, 82.4]]]}}, {"type": "Feature", "properties": {"id_obligation": "331970000B2452", "priorite": "forte"}, "geometry": {"type": "Polygon", "coordinates": [[[-0.51823, 44.54157, 83.32058823529411], [-0.51804, 44.54169, 83.32058823529411], [-0.5178, 44.54175, 83.32058823529411], [-0.51755, 44.54173, 83.32058823529411], [-0.5169, 44.54144, 83.32058823529411], [-0.51677, 44.54125, 83.4], [-0.51678, 44.54104, 83.4], [-0.51694, 44.54077, 83.32058823529411], [-0.51711, 44.54064, 83.32058823529411], [-0.51738, 44.54056, 83.32058823529411], [-0.51768, 44.54058, 83.32058823529411], [-0.51801, 44.5407, 83.32058823529411], [-0.51832, 44.54093, 83.32058823529411], [-0.51842, 44.54113, 83.32058823529411], [-0.51838, 44.54137, 83.32058823529411], [-0.51823, 44.54157, 83.32058823529411]]]}}, {"type": "Feature", "properties": {"id_obligation": "331970000B2453", "priorite": "forte"}, "geometry": {"type": "Polygon", "coordinates": [[[-0.51115, 44.54497, 83.51359375], [-0.51038, 44.5452, 82.60000000000001], [-0.51029, 44.5452, 85.5], [-0.51032, 44.54516, 85.5], [-0.51026, 44.54513, 85.5], [-0.51021, 44.54519, 85.5], [-0.51014, 44.54517, 85.5], [-0.50979, 44.54502, 85.5], [-0.50965, 44.54488, 85.5], [-0.50959, 44.54471, 83.2], [-0.50963, 44.54453, 83.2], [-0.50992, 44.54419, 82.53999999999999], [-0.50998, 44.54399, 82.58388518659517], [-0.51001, 44.54402, 83.0], [-0.51012, 44.54393, 83.3], [-0.51007, 44.54389, 82.56768173303306], [-0.51039, 44.5437, 83.10624999999999], [-0.51068, 44.54365, 83.10624999999999], [-0.51103, 44.54372, 85.59999999999998], [-0.51126, 44.5439, 85.59999999999998], [-0.51154, 44.54435, 82.7], [-0.51152, 44.54453, 82.7], [-0.51115, 44.54497, 83.51359375]]]}}, {"type": "Feature", "properties": {"id_obligation": "331970000B2454", "priorite": "moyenne"}, "geometry": {"type": "Polygon", "coordinates": [[[-0.51013, 44.54446, 82.59703703703703], [-0.50983, 44.54445, 82.59703703703703], [-0.50962, 44.54437, 82.59703703703703], [-0.50935, 44.54416, 82.59703703703703], [-0.50928, 44.544, 82.59703703703703], [-0.50931, 44.54378, 82.59703703703703], [-0.50951, 44.54357, 82.59703703703703], [-0.50969, 44.54346, 82.59703703703703], [-0.50998, 44.5434, 82.59703703703703], [-0.51022, 44.54343, 82.59703703703703], [-0.51043, 44.54352, 82.59703703703703], [-0.51066, 44.5437, 82.59703703703703], [-0.51074, 44.54386, 82.8], [-0.51073, 44.54403, 82.8], [-0.5107, 44.54411, 82.7], [-0.51055, 44.54418, 82.7], [-0.5106, 44.54422, 82.7], [-0.5104, 44.54437, 82.71111111111112], [-0.51013, 44.54446, 82.59703703703703]]]}}, {"type": "Feature", "properties": {"id_obligation": "331970000B2455", "priorite": "moyenne"}, "geometry": {"type": "Polygon", "coordinates": [[[-0.51489, 44.53927, 81.02310606060604], [-0.51463, 44.53958, 79.2], [-0.51438, 44.5397, 80.16666666666667], [-0.51408, 44.53973, 80.16666666666667], [-0.51378, 44.53966, 83.8], [-0.51359, 44.53954, 83.8], [-0.51334, 44.53918, 84.0], [-0.5135, 44.53919, 84.0], [-0.51352, 44.53913, 84.0], [-0.51331, 44.53911, 84.0], [-0.5133, 44.53897, 82.2181818181818], [-0.51331, 44.53892, 80.0], [-0.51358, 44.53887, 80.0], [-0.51351, 44.53878, 80.0], [-0.51339, 44.53886, 80.0], [-0.51335, 44.53882, 80.0], [-0.5136, 44.53859, 80.0], [-0.51407, 44.53846, 80.8], [-0.51431, 44.53845, 80.8], [-0.51465, 44.53853, 80.42727272727271], [-0.51487, 44.53867, 80.42727272727271], [-0.51498, 44.53888, 81.02310606060604], [-0.51489, 44.53927, 81.02310606060604]]]}}, {"type": "Feature", "properties": {"id_obligation": "331970000B2456", "priorite": "forte"}, "geometry": {"type": "Polygon", "coordinates": [[[-0.51181, 44.53979, 82.8], [-0.5117, 44.53953, 82.8], [-0.51184, 44.53923, 84.0125], [-0.51212, 44.53907, 84.0125], [-0.51241, 44.53904, 84.0125], [-0.51334, 44.53919, 83.61249999999998], [-0.5136, 44.5393, 83.61249999999998], [-0.51358, 44.53938, 83.8], [-0.51373, 44.53945, 83.9], [-0.51377, 44.53966, 83.9], [-0.51369, 44.53988, 83.5], [-0.51348, 44.54007, 83.5], [-0.51351, 44.53994, 83.5], [-0.51342, 44.53993, 83.5], [-0.51335, 44.54013, 83.5], [-0.51299, 44.54015, 86.5], [-0.5121, 44.53996, 84.0125], [-0.51181, 44.53979, 82.8]]]}}, {"type": "Feature", "properties": {"id_obligation": "331970000B2457", "priorite": "forte"}, "geometry": {"type": "Polygon", "coordinates": [[[-0.51349, 44.54038, 83.5], [-0.51328, 44.54047, 84.4], [-0.51298, 44.5405, 84.4], [-0.51271, 44.54044, 84.4], [-0.51252, 44.54032, 84.4], [-0.51241, 44.54016, 84.4], [-0.5124, 44.53998, 84.4], [-0.51247, 44.53977, 84.5], [-0.51265, 44.53962, 84.5], [-0.51276, 44.53964, 84.5], [-0.51274, 44.53957, 84.5], [-0.51283, 44.53954, 84.0], [-0.51308, 44.53952, 84.0], [-0.51335, 44.53957, 84.4], [-0.51354, 44.53967, 84.4], [-0.51366, 44.53982, 84.4], [-0.5137, 44.53999, 83.5], [-0.51365, 44.5402, 83.5], [-0.51349, 44.54038, 83.5]]]}}, {"type": "Feature", "properties": {"id_obligation": "331970000B2459", "priorite": "faible"}, "geometry": {"type": "Polygon", "coordinates": [[[-0.50475, 44.54769, 83.50000000000001], [-0.50481, 44.54794, 83.50000000000001], [-0.5047, 44.54818, 80.5], [-0.50446, 44.54834, 81.4095238095238], [-0.50434, 44.54837, 80.5], [-0.50441, 44.54826, 80.5], [-0.50431, 44.54823, 80.5], [-0.50421, 44.54839, 80.5], [-0.50361, 44.54843, 82.0], [-0.5031, 44.54831, 84.14166666666665], [-0.50285, 44.54813, 84.14166666666665], [-0.50278, 44.54785, 85.65046942151095], [-0.50317, 44.54777, 84.4], [-0.50313, 44.54765, 84.4], [-0.50301, 44.54771, 84.4], [-0.50302, 44.54775, 84.4], [-0.50282, 44.54779, 85.8], [-0.50284, 44.5477, 84.63846153846156], [-0.50295, 44.54754, 83.54119162087912], [-0.50314, 44.54743, 83.54119162087912], [-0.50357, 44.54729, 84.48571428571428], [-0.50382, 44.54728, 84.48571428571428], [-0.50454, 44.54752, 85.0], [-0.50475, 44.54769, 83.50000000000001]]]}}, {"type": "Feature", "properties": {"id_obligation": "331970000B2460", "priorite": "faible"}, "geometry": {"type": "Polygon", "coordinates": [[[-0.50397, 44.54732, 81.4], [-0.50401, 44.54736, 85.0], [-0.5039, 44.54755, 85.0], [-0.5036, 44.54771, 84.4], [-0.50329, 44.54773, 84.4], [-0.50315, 44.54771, 84.4], [-0.50313, 44.54765, 84.4], [-0.50309, 44.54769, 84.4], [-0.50286, 44.54763, 82.93750000000001], [-0.50271, 44.54754, 81.8], [-0.50272, 44.54748, 81.8], [-0.50264, 44.54747, 82.93750000000001], [-0.50255, 44.54728, 81.3], [-0.5026, 44.54691, 80.25], [-0.50268, 44.54675, 80.25], [-0.50284, 44.54662, 80.25], [-0.50311, 44.54653, 80.85], [-0.50335, 44.54653, 80.85], [-0.50358, 44.5466, 80.85], [-0.5038, 44.54672, 80.2], [-0.50368, 44.54668, 80.2], [-0.50364, 44.54673, 80.2], [-0.5038, 44.54679, 80.2], [-0.50383, 44.54675, 80.2], [-0.50401, 44.54695, 81.2], [-0.50407, 44.54713, 82.27272727272727], [-0.50404, 44.54729, 81.9470716098639], [-0.50397, 44.54732, 81.4]]]}}, {"type": "Feature", "properties": {"id_obligation": "331970000B2462", "priorite": "moyenne"}, "geometry": {"type": "Polygon", "coordinates": [[[-0.50168, 44.54662, 80.57192307692308], [-0.50141, 44.54672, 80.57192307692308], [-0.50105, 44.54672, 80.57192307692308], [-0.50077, 44.54664, 80.57192307692308], [-0.50058, 44.54647, 80.57192307692308], [-0.50051, 44.54631, 81.3], [-0.50056, 44.54601, 81.3], [-0.50066, 44.54585, 80.57192307692308], [-0.501, 44.5456, 80.57192307692308], [-0.50123, 44.54553, 79.2], [-0.50164, 44.54554, 79.2], [-0.50187, 44.54563, 79.98066965356523], [-0.50205, 44.54579, 80.16153846153844], [-0.50211, 44.54601, 80.87], [-0.50206, 44.54619, 80.87], [-0.5019, 44.54632, 80.6], [-0.50168, 44.54662, 80.57192307692308]]]}}, {"type": "Feature", "properties": {"id_obligation": "331970000B2465", "priorite": "faible"}, "geometry": {"type": "MultiPolygon", "coordinates": [[[[-0.50226, 44.54865, 82.0], [-0.50214, 44.54849, 89.0], [-0.50212, 44.54839, 89.0], [-0.50225, 44.54834, 89.0], [-0.50218, 44.5483, 89.0], [-0.5023, 44.5482, 89.0], [-0.50224, 44.54816, 89.0], [-0.50214, 44.54822, 89.0], [-0.50221, 44.54809, 83.91485389610389], [-0.50236, 44.54795, 83.91485389610389], [-0.50263, 44.54786, 85.8], [-0.50287, 44.54786, 85.8], [-0.50322, 44.54794, 85.1285714285714], [-0.50339, 44.54805, 85.1285714285714], [-0.50334, 44.5481, 89.1], [-0.50344, 44.5481, 85.83547136180613], [-0.5035, 44.54821, 83.13750000000002], [-0.50351, 44.54838, 83.13750000000002], [-0.50342, 44.5486, 82.35454545454544], [-0.50316, 44.54878, 82.35454545454544], [-0.50315, 44.54873, 82.3], [-0.50301, 44.54873, 82.3], [-0.50301, 44.54882, 82.3], [-0.50263, 44.5488, 81.5], [-0.50266, 44.54872, 81.5], [-0.50256, 44.54871, 81.5], [-0.50251, 44.54878, 81.9125], [-0.50226, 44.54865, 82.0]]]]}}, {"type": "Feature", "properties": {"id_obligation": "331970000B2467", "priorite": "moyenne"}, "geometry": {"type": "Polygon", "coordinates": [[[-0.50303, 44.5492, 81.5], [-0.503, 44.54915, 81.8], [-0.50286, 44.5492, 81.8], [-0.50292, 44.54929, 84.0], [-0.50308, 44.54924, 82.60311495320495], [-0.50303, 44.54949, 82.27330281195412], [-0.50283, 44.54975, 82.27330281195412], [-0.50265, 44.54986, 82.62631578947372], [-0.50238, 44.54991, 82.2], [-0.50205, 44.5499, 83.56363636363636], [-0.50183, 44.54982, 83.56363636363636], [-0.50167, 44.54969, 83.56363636363636], [-0.50162, 44.5496, 83.56363636363636], [-0.50162, 44.54958, 85.5], [-0.50179, 44.54955, 83.2], [-0.50176, 44.54947, 82.8], [-0.5016, 44.54953, 85.5], [-0.5016, 44.54933, 81.72500000000004], [-0.50169, 44.54917, 81.72500000000004], [-0.50171, 44.54895, 82.8], [-0.50186, 44.54895, 82.8], [-0.50186, 44.54888, 82.2], [-0.50172, 44.54887, 82.2], [-0.50182, 44.54864, 81.89523809523808], [-0.50191, 44.54856, 80.74267602115869], [-0.50198, 44.54858, 80.7], [-0.50193, 44.54854, 81.19783363596507], [-0.50204, 44.54848, 81.89523809523808], [-0.50227, 44.54842, 82.34210526315789], [-0.50257, 44.54843, 82.0], [-0.5025, 44.54864, 82.0], [-0.50262, 44.54866, 82.1], [-0.50269, 44.54846, 82.02276190100964], [-0.50292, 44.54855, 82.0722222222222], [-0.50294, 44.54863, 81.9], [-0.50301, 44.54863, 81.9], [-0.50309, 44.54873, 82.3], [-0.50301, 44.54873, 82.3], [-0.503, 44.54885, 82.3], [-0.50312, 44.54886, 82.3], [-0.50303, 44.5492, 81.5]]]}}, {"type": "Feature", "properties": {"id_obligation": "331970000B2468", "priorite": "moyenne"}, "geometry": {"type": "Polygon", "coordinates": [[[-0.50278, 44.54917, 81.97777777777779], [-0.50292, 44.54929, 84.0], [-0.50299, 44.54927, 83.38789936228292], [-0.50306, 44.54933, 81.97777777777779], [-0.50318, 44.54958, 82.42015632515633], [-0.50311, 44.54985, 82.42015632515633], [-0.50296, 44.54999, 82.42015632515633], [-0.50268, 44.55009, 82.42015632515633], [-0.50238, 44.55014, 82.9], [-0.50239, 44.55003, 82.9], [-0.50229, 44.55002, 82.8], [-0.50227, 44.55015, 82.8], [-0.50185, 44.55009, 82.42015632515633], [-0.50162, 44.54994, 82.42015632515633], [-0.50151, 44.54978, 83.83333333333333], [-0.50151, 44.54961, 83.83333333333333], [-0.50161, 44.54936, 81.81363636363636], [-0.50176, 44.54922, 81.81363636363636], [-0.50186, 44.54923, 82.8], [-0.50187, 44.54917, 82.8], [-0.50198, 44.54914, 81.81363636363636], [-0.50222, 44.54912, 81.24285714285715], [-0.50239, 44.54917, 81.0], [-0.50247, 44.54914, 81.24285714285715], [-0.50278, 44.54917, 81.97777777777779]]]}}, {"type": "Feature", "properties": {"id_obligation": "331970000B2469", "priorite": "faible"}, "geometry": {"type": "MultiPolygon", "coordinates": [[[[-0.50233, 44.54708, 81.33846153846153], [-0.5024, 44.54713, 80.74301731451803], [-0.50238, 44.54722, 80.6], [-0.50247, 44.54721, 80.7], [-0.50249, 44.54733, 81.3], [-0.50254, 44.54733, 81.3], [-0.50255, 44.54747, 82.0273018726153], [-0.50236, 44.54744, 83.1], [-0.50233, 44.54762, 83.0], [-0.50251, 44.54764, 83.0], [-0.50245, 44.54777, 82.94999999999997], [-0.50238, 44.54784, 82.6], [-0.50235, 44.5478, 82.6], [-0.50215, 44.54781, 82.6], [-0.50212, 44.54787, 82.6], [-0.50212, 44.54791, 82.6], [-0.50229, 44.54791, 82.94999999999997], [-0.50208, 44.54799, 82.94999999999997], [-0.50185, 44.54801, 83.6], [-0.50187, 44.54787, 83.6], [-0.50181, 44.54786, 83.6], [-0.50179, 44.54801, 83.6], [-0.50149, 44.54797, 85.17647058823526], [-0.50099, 44.54782, 83.35714285714285], [-0.50079, 44.54772, 83.35714285714285], [-0.50067, 44.54756, -103.82068965517243], [-0.50064, 44.54739, -103.82068965517243], [-0.50071, 44.54712, 82.4], [-0.5009, 44.54694, 82.4], [-0.50106, 44.54687, 82.4], [-0.50131, 44.54684, 81.50666666666666], [-0.50233, 44.54708, 81.33846153846153]]], [[[-0.50247, 44.54758, 83.0], [-0.50249, 44.54753, 83.1], [-0.50254, 44.54753, 82.0], [-0.50252, 44.54759, 83.0], [-0.50247, 44.54758, 83.0]]]]}}, {"type": "Feature", "properties": {"id_obligation": "331970000B2470", "priorite": "moyenne"}, "geometry": {"type": "Polygon", "coordinates": [[[-0.50079, 44.54777, 84.1], [-0.5008, 44.54773, 84.1], [-0.5007, 44.54773, 84.1], [-0.50069, 44.54782, 84.1], [-0.50049, 44.54787, 87.175], [-0.50027, 44.54786, 87.9], [-0.50024, 44.5478, 87.9], [-0.50021, 44.54786, 87.9], [-0.49987, 44.54785, 83.19285714285715], [-0.49957, 44.54775, 83.19285714285715], [-0.49939, 44.54757, 83.19285714285715], [-0.49933, 44.54734, 87.7], [-0.4995, 44.54691, 84.97559369202226], [-0.49963, 44.54676, 84.97559369202226], [-0.49988, 44.54664, 84.97559369202226], [-0.50018, 44.54661, 87.7], [-0.50059, 44.54671, 84.97559369202226], [-0.50097, 44.54689, 84.97559369202226], [-0.50112, 44.54703, 84.97559369202226], [-0.50117, 44.5472, 82.72857142857144], [-0.50112, 44.54743, 82.72857142857144], [-0.50079, 44.54777, 84.1]]]}}, {"type": "Feature", "properties": {"id_obligation": "331970000B2471", "priorite": "forte"}, "geometry": {"type": "Polygon", "coordinates": [[[-0.51563, 44.54003, 80.8], [-0.51537, 44.53989, 80.8], [-0.51525, 44.53974, 80.8], [-0.51522, 44.53952, 80.8], [-0.51531, 44.53936, 80.3], [-0.51555, 44.53915, 80.3], [-0.5158, 44.53906, 80.8], [-0.51605, 44.53905, 80.8], [-0.51628, 44.53911, 80.8], [-0.51657, 44.53928, 80.8], [-0.51667, 44.53944, 80.8], [-0.51668, 44.53962, 80.8], [-0.5166, 44.53978, 80.8], [-0.51636, 44.53999, 80.8], [-0.51613, 44.54007, 80.8], [-0.51586, 44.54008, 80.8], [-0.51563, 44.54003, 80.8]]]}}, {"type": "Feature", "properties": {"id_obligation": "331970000B2478", "priorite": "faible"}, "geometry": {"type": "Polygon", "coordinates": [[[-0.50909, 44.55494, 80.15], [-0.50893, 44.55475, 80.15], [-0.50891, 44.5545, 79.875], [-0.50903, 44.55422, 80.99561237373737], [-0.50917, 44.55408, 80.99561237373737], [-0.5094, 44.55397, 80.4], [-0.50938, 44.55401, 80.4], [-0.50948, 44.55404, 80.4], [-0.50955, 44.55395, 81.04444444444447], [-0.50997, 44.55401, 80.52500000000002], [-0.51002, 44.55416, 80.4], [-0.5101, 44.55416, 80.4], [-0.51012, 44.55411, 80.4], [-0.51017, 44.55417, 80.4], [-0.51015, 44.5541, 80.4], [-0.51022, 44.55416, 80.9], [-0.51019, 44.55422, 80.9], [-0.51024, 44.55422, 80.9], [-0.51024, 44.55418, 80.9], [-0.51034, 44.55436, 82.32499999999999], [-0.5103, 44.5546, 82.4], [-0.51014, 44.5546, 82.4], [-0.51013, 44.5547, 82.4], [-0.51021, 44.55474, 82.4], [-0.51018, 44.55484, 82.4], [-0.51006, 44.55496, 82.39999999999999], [-0.50985, 44.55505, 80.4], [-0.50961, 44.55509, 80.4], [-0.50936, 44.55505, 80.15], [-0.50909, 44.55494, 80.15]]]}}, {"type": "Feature", "properties": {"id_obligation": "331970000B2481", "priorite": "faible"}, "geometry": {"type": "Polygon", "coordinates": [[[-0.50335, 44.54746, 80.8], [-0.5033, 44.5477, 84.63478260869564], [-0.50318, 44.54785, 84.63478260869564], [-0.50299, 44.54795, 84.63478260869564], [-0.50268, 44.54802, -74.60975609756107], [-0.5024, 44.54801, -74.60975609756107], [-0.50213, 44.54791, 82.6], [-0.50238, 44.54789, 82.9], [-0.50235, 44.5478, 82.6], [-0.50215, 44.54781, 82.6], [-0.50212, 44.5479, 82.6], [-0.50199, 44.54778, 82.5], [-0.50232, 44.54777, 82.5], [-0.50225, 44.54771, 82.5], [-0.50195, 44.54773, 82.5], [-0.50193, 44.54743, 83.5], [-0.50186, 44.54739, 83.5], [-0.50193, 44.54707, 81.64999999999999], [-0.50218, 44.54688, 80.97999999999999], [-0.50248, 44.54682, 80.97999999999999], [-0.50288, 44.54688, 80.68124999999999], [-0.5031, 44.54702, 80.68124999999999], [-0.5032, 44.54718, 80.68124999999999], [-0.50318, 44.54724, 80.6], [-0.50329, 44.54729, 80.8], [-0.50335, 44.54746, 80.8]]]}}, {"type": "Feature", "properties": {"id_obligation": "331970000B2482", "priorite": "faible"}, "geometry": {"type": "Polygon", "coordinates": [[[-0.50315, 44.5477, 84.4], [-0.50313, 44.54765, 84.4], [-0.50308, 44.54765, 84.4], [-0.50302, 44.54775, 84.4], [-0.50285, 44.54778, 85.8], [-0.5027, 44.54778, 86.4], [-0.50263, 44.54772, 86.4], [-0.50256, 44.54775, 86.4], [-0.50251, 44.5477, 84.7], [-0.50244, 44.54772, 84.7], [-0.50234, 44.54766, 83.63500000000002], [-0.50216, 44.54751, 83.63500000000002], [-0.50209, 44.54734, 81.69999999999999], [-0.50212, 44.54713, 81.79192512883789], [-0.50219, 44.54724, 81.8], [-0.50224, 44.54726, 81.5], [-0.50232, 44.54722, 81.8], [-0.50219, 44.54705, 81.2], [-0.50215, 44.54706, 81.2], [-0.50227, 44.54691, 81.05000000000001], [-0.50246, 44.5468, 81.05000000000001], [-0.50269, 44.54675, 80.07142857142857], [-0.50293, 44.54676, 80.07142857142857], [-0.50323, 44.54686, 80.91250000000001], [-0.50339, 44.54699, 80.91250000000001], [-0.50346, 44.54715, 81.23529411764702], [-0.50336, 44.54753, 84.4], [-0.50315, 44.5477, 84.4]]]}}, {"type": "Feature", "properties": {"id_obligation": "331970000B2484", "priorite": "moyenne"}, "geometry": {"type": "Polygon", "coordinates": [[[-0.50104, 44.54932, 82.00787878787878], [-0.50118, 44.54917, 82.00787878787878], [-0.50139, 44.54908, 82.00787878787878], [-0.50178, 44.54902, 81.62272727272727], [-0.50202, 44.54906, 80.4], [-0.50222, 44.54916, 80.4], [-0.50235, 44.54932, 80.4], [-0.50242, 44.54955, 82.19999999999999], [-0.50235, 44.54976, 82.4], [-0.50219, 44.5499, 82.4], [-0.50197, 44.54998, 82.00787878787878], [-0.50164, 44.55003, 82.00787878787878], [-0.5014, 44.54999, 82.00787878787878], [-0.5012, 44.54989, 82.00787878787878], [-0.50106, 44.54975, 82.00787878787878], [-0.50099, 44.54953, 82.00787878787878], [-0.50104, 44.54932, 82.00787878787878]]]}}, {"type": "Feature", "properties": {"id_obligation": "331970000B2490", "priorite": "forte"}, "geometry": {"type": "Polygon", "coordinates": [[[-0.51623, 44.53914, 81.56900584795322], [-0.51614, 44.53936, 81.3], [-0.51599, 44.5395, 81.3], [-0.51577, 44.53958, 81.56900584795322], [-0.51547, 44.5396, 81.56900584795322], [-0.51514, 44.53951, 81.56900584795322], [-0.51494, 44.5394, 81.56900584795322], [-0.51482, 44.53925, 81.56900584795322], [-0.5148, 44.53902, 81.56900584795322], [-0.51494, 44.53878, 81.56900584795322], [-0.5151, 44.53865, 81.56900584795322], [-0.51532, 44.53857, 82.03333333333333], [-0.51557, 44.53856, 82.03333333333333], [-0.51589, 44.53863, 81.56900584795322], [-0.51607, 44.53875, 81.56900584795322], [-0.5162, 44.53896, 81.56900584795322], [-0.51623, 44.53914, 81.56900584795322]]]}}, {"type": "Feature", "properties": {"id_obligation": "331970000B2492", "priorite": "forte"}, "geometry": {"type": "Polygon", "coordinates": [[[-0.51609, 44.53914, 80.90952380952382], [-0.51594, 44.53933, 80.90952380952382], [-0.51576, 44.53944, 80.90952380952382], [-0.51548, 44.5395, 80.3], [-0.51523, 44.53949, 80.3], [-0.51492, 44.53939, 80.90952380952382], [-0.51476, 44.53926, 80.90952380952382], [-0.51468, 44.5391, 80.90952380952382], [-0.5147, 44.53893, 80.90952380952382], [-0.51483, 44.5387, 80.90952380952382], [-0.51506, 44.53852, 80.90952380952382], [-0.51534, 44.53844, 80.90952380952382], [-0.51564, 44.53846, 80.90952380952382], [-0.51589, 44.53856, 80.90952380952382], [-0.51607, 44.53874, 80.90952380952382], [-0.51609, 44.53914, 80.90952380952382]]]}}, {"type": "Feature", "properties": {"id_obligation": "331970000B2499", "priorite": "moyenne"}, "geometry": {"type": "Polygon", "coordinates": [[[-0.5061, 44.54806, 80.8], [-0.50603, 44.54804, 80.8], [-0.50598, 44.54812, 80.8], [-0.50614, 44.54816, 80.8], [-0.50615, 44.54813, 80.8], [-0.5062, 44.54824, 81.0], [-0.5061, 44.5483, 81.0], [-0.50622, 44.54835, 80.74369476272891], [-0.50616, 44.54852, 80.6], [-0.50595, 44.54872, 80.6], [-0.50574, 44.54881, 80.47142857142856], [-0.50543, 44.54883, 80.47142857142856], [-0.50518, 44.54878, 80.92747023809524], [-0.5049, 44.54864, 80.92747023809524], [-0.50477, 44.54848, 81.8], [-0.50474, 44.54826, 81.8], [-0.50483, 44.5481, 81.10000000000001], [-0.50486, 44.54806, 81.1], [-0.50494, 44.54809, 81.1], [-0.50506, 44.5479, 81.1], [-0.50542, 44.5478, 81.7], [-0.50553, 44.5479, 81.7], [-0.50561, 44.54783, 81.7], [-0.50595, 44.54796, 80.74000000000001], [-0.5061, 44.54806, 80.8]]]}}, {"type": "Feature", "properties": {"id_obligation": "331970000B2501", "priorite": "très forte"}, "geometry": {"type": "Polygon", "coordinates": [[[-0.49687, 44.5502, 82.76], [-0.49655, 44.55032, 82.76], [-0.49612, 44.5503, 82.76], [-0.49576, 44.55017, 82.76], [-0.4956, 44.55004, 82.76], [-0.49553, 44.54983, 82.76], [-0.49564, 44.54942, 82.76], [-0.49576, 44.54927, 82.76], [-0.49595, 44.54916, 82.76], [-0.49618, 44.54911, 82.76], [-0.49656, 44.54915, 82.76], [-0.49677, 44.54923, 82.76], [-0.49699, 44.54949, 82.76], [-0.49706, 44.54982, 82.76], [-0.49702, 44.55001, 82.76], [-0.49687, 44.5502, 82.76]]]}}, {"type": "Feature", "properties": {"id_obligation": "331970000B2503", "priorite": "moyenne"}, "geometry": {"type": "Polygon", "coordinates": [[[-0.50353, 44.54908, 82.7], [-0.50358, 44.54895, 82.7], [-0.50345, 44.54897, 82.7], [-0.50343, 44.54893, 81.55], [-0.50344, 44.54871, 81.55], [-0.50361, 44.54846, 84.0], [-0.5038, 44.54834, 84.0], [-0.5041, 44.54828, 80.39999999999999], [-0.50427, 44.5483, 80.5], [-0.50421, 44.54839, 80.5], [-0.50432, 44.54842, 80.5], [-0.50437, 44.54832, 80.5], [-0.50467, 44.54844, 80.5], [-0.50486, 44.54861, 81.70277777777777], [-0.50491, 44.54878, 81.70277777777777], [-0.50487, 44.54895, 81.70277777777777], [-0.50473, 44.54915, 81.70277777777777], [-0.50454, 44.54927, 81.70277777777777], [-0.5043, 44.54933, 81.70277777777777], [-0.50382, 44.54925, 82.7], [-0.50353, 44.54908, 82.7]]]}}, {"type": "Feature", "properties": {"id_obligation": "331970000B2505", "priorite": "faible"}, "geometry": {"type": "MultiPolygon", "coordinates": [[[[-0.50462, 44.54882, 81.94872266214178], [-0.50432, 44.54887, 81.4], [-0.50424, 44.54887, 81.6], [-0.50428, 44.5488, 81.6], [-0.50411, 44.54873, 81.6], [-0.50406, 44.54883, 81.2], [-0.504, 44.54882, 80.4], [-0.50407, 44.54872, 80.4], [-0.50396, 44.54867, 80.4], [-0.50401, 44.54861, 80.4], [-0.50391, 44.54857, 80.5], [-0.50387, 44.54864, 80.5], [-0.50377, 44.54861, 80.5], [-0.50373, 44.54867, 80.4], [-0.50373, 44.54868, 81.39999999999999], [-0.50366, 44.54861, 81.39999999999999], [-0.50353, 44.54841, 83.23333333333333], [-0.50347, 44.54824, 83.23333333333333], [-0.50351, 44.54807, 82.34615384615384], [-0.50369, 44.54785, 82.34615384615384], [-0.50381, 44.54784, 82.5], [-0.5038, 44.54779, 82.5], [-0.50395, 44.54773, 82.34615384615384], [-0.5042, 44.54771, 84.27499999999999], [-0.50444, 44.54776, 84.27499999999999], [-0.50484, 44.54794, 81.1], [-0.50489, 44.54798, 81.1], [-0.50484, 44.54805, 81.1], [-0.50494, 44.54809, 81.1], [-0.50495, 44.54804, 81.1], [-0.50504, 44.54826, 80.5], [-0.50484, 44.54867, 81.94872266214178], [-0.50462, 44.54882, 81.94872266214178]]], [[[-0.50395, 44.54875, 80.4], [-0.50392, 44.54879, 80.4], [-0.50377, 44.54871, 81.39999999999999], [-0.50373, 44.54868, 81.39999999999999], [-0.50395, 44.54875, 80.4]]]]}}, {"type": "Feature", "properties": {"id_obligation": "331970000B2506", "priorite": "faible"}, "geometry": {"type": "Polygon", "coordinates": [[[-0.50466, 44.5482, 80.5], [-0.50462, 44.54825, 80.5], [-0.5047, 44.54826, 80.5], [-0.50477, 44.54843, 80.5], [-0.50471, 44.54864, 81.46177669552671], [-0.50455, 44.54881, 81.46177669552671], [-0.50428, 44.54892, 81.14375], [-0.50394, 44.54891, 80.4], [-0.50407, 44.54872, 80.4], [-0.50396, 44.54867, 80.4], [-0.50401, 44.54861, 80.4], [-0.50391, 44.54857, 80.5], [-0.50387, 44.54864, 80.5], [-0.50377, 44.54861, 80.5], [-0.50373, 44.54867, 80.4], [-0.50395, 44.54875, 80.4], [-0.50387, 44.5489, 80.4], [-0.50355, 44.54875, 80.4], [-0.50342, 44.5486, 84.0], [-0.50338, 44.54843, 84.0], [-0.50346, 44.54823, 81.46177669552671], [-0.50361, 44.54809, 81.46177669552671], [-0.50382, 44.548, 82.72], [-0.50407, 44.54797, 82.72], [-0.50452, 44.5481, 81.0909090909091], [-0.50466, 44.5482, 80.5]]]}}, {"type": "Feature", "properties": {"id_obligation": "331970000B2507", "priorite": "moyenne"}, "geometry": {"type": "Polygon", "coordinates": [[[-0.50468, 44.54882, 81.53999999999999], [-0.50446, 44.54918, 82.11614992150706], [-0.5043, 44.54931, 82.11614992150706], [-0.50402, 44.54939, 82.11614992150706], [-0.50372, 44.54937, 82.11614992150706], [-0.50346, 44.54925, 82.7], [-0.5033, 44.5491, 82.7], [-0.50315, 44.54885, 82.3], [-0.50315, 44.54873, 82.3], [-0.5031, 44.54873, 82.3], [-0.50313, 44.54853, 82.64285714285714], [-0.50327, 44.54833, 82.7], [-0.50334, 44.54835, 82.7], [-0.50344, 44.54822, 82.7], [-0.50384, 44.54813, 82.94], [-0.50408, 44.54814, 82.94], [-0.5044, 44.54826, 81.3076923076923], [-0.50466, 44.54856, 81.53999999999999], [-0.50468, 44.54882, 81.53999999999999]]]}}, {"type": "Feature", "properties": {"id_obligation": "331970000B2513", "priorite": "moyenne"}, "geometry": {"type": "Polygon", "coordinates": [[[-0.50042, 44.55541, 83.4], [-0.50037, 44.55543, 83.4], [-0.50027, 44.55539, 83.7], [-0.50016, 44.55551, 83.5], [-0.50007, 44.55552, 83.29999999999998], [-0.49977, 44.55548, 83.22], [-0.49955, 44.55536, 83.22], [-0.49939, 44.55518, 83.1125], [-0.49933, 44.55497, 83.1125], [-0.49936, 44.55486, 82.86301547050844], [-0.49936, 44.5549, 82.8], [-0.49943, 44.55492, 82.8], [-0.49946, 44.55489, 82.8], [-0.49951, 44.5548, 82.8], [-0.49942, 44.55477, 82.8], [-0.49962, 44.55457, 83.0153846153846], [-0.49967, 44.55454, 82.9], [-0.49972, 44.55457, 82.9], [-0.49989, 44.55447, 83.47999999999999], [-0.50014, 44.55446, 83.47999999999999], [-0.50044, 44.55456, 85.20270489455153], [-0.50037, 44.55465, 85.0], [-0.50042, 44.55467, 84.8], [-0.5005, 44.55458, 84.93094978299844], [-0.50056, 44.55461, 82.49146838698667], [-0.50051, 44.55474, 82.5], [-0.50063, 44.55475, 82.4], [-0.50065, 44.55468, 82.4], [-0.50074, 44.55481, 83.3], [-0.50078, 44.55499, 83.3], [-0.50071, 44.55516, 83.3], [-0.50042, 44.55541, 83.4]]]}}, {"type": "Feature", "properties": {"id_obligation": "331970000B2515", "priorite": "forte"}, "geometry": {"type": "Polygon", "coordinates": [[[-0.49871, 44.55713, 81.84107936507937], [-0.49842, 44.55719, 81.84107936507937], [-0.49807, 44.55714, 81.84107936507937], [-0.49786, 44.55705, 81.84107936507937], [-0.49771, 44.55691, 81.84107936507937], [-0.49765, 44.5567, 81.84107936507937], [-0.49775, 44.55643, 80.78888888888888], [-0.49788, 44.55627, 80.78888888888888], [-0.49809, 44.55617, 80.78888888888888], [-0.49833, 44.55613, 81.72222222222223], [-0.49858, 44.55616, 81.41428571428571], [-0.4989, 44.55629, 81.41428571428571], [-0.49904, 44.55643, 81.41428571428571], [-0.49909, 44.5566, 82.60000000000001], [-0.49892, 44.55698, 81.84107936507937], [-0.49871, 44.55713, 81.84107936507937]]]}}, {"type": "Feature", "properties": {"id_obligation": "331970000B2516", "priorite": "forte"}, "geometry": {"type": "Polygon", "coordinates": [[[-0.50156, 44.55647, 81.8], [-0.50142, 44.55627, 82.325], [-0.5015, 44.55619, 83.0], [-0.50141, 44.55617, 83.0], [-0.50144, 44.55605, 82.325], [-0.50159, 44.55583, 81.9], [-0.50175, 44.55588, 81.9], [-0.5018, 44.55581, 81.9], [-0.50168, 44.55577, 81.9], [-0.50208, 44.55566, 81.96000000000001], [-0.50231, 44.5557, 81.96000000000001], [-0.50267, 44.55582, 81.96000000000001], [-0.50283, 44.55596, 81.96000000000001], [-0.5029, 44.55613, 81.96000000000001], [-0.50287, 44.55631, 81.96000000000001], [-0.50271, 44.55653, 81.96000000000001], [-0.50252, 44.55663, 81.96000000000001], [-0.50229, 44.55668, 81.6], [-0.50181, 44.5566, 81.8], [-0.50156, 44.55647, 81.8]]]}}, {"type": "Feature", "properties": {"id_obligation": "331970000B2517", "priorite": "forte"}, "geometry": {"type": "Polygon", "coordinates": [[[-0.50162, 44.55678, 81.42], [-0.50148, 44.55659, 81.8], [-0.50154, 44.55659, 81.8], [-0.50159, 44.55648, 81.8], [-0.50146, 44.55645, 81.8], [-0.50158, 44.55618, 82.10000000000001], [-0.50168, 44.55609, 82.1], [-0.50172, 44.5562, 82.1], [-0.50187, 44.55622, 82.1], [-0.50191, 44.55614, 82.1], [-0.50169, 44.55608, 82.1], [-0.50202, 44.55596, 82.16666666666669], [-0.50226, 44.55597, 82.16666666666669], [-0.50251, 44.55603, 81.81733333333334], [-0.50274, 44.55619, 81.81733333333334], [-0.50282, 44.55635, 81.81733333333334], [-0.50281, 44.55653, 81.81733333333334], [-0.5027, 44.55673, 81.81733333333334], [-0.50254, 44.55686, 81.81733333333334], [-0.50231, 44.55694, 81.81733333333334], [-0.50207, 44.55695, 81.81733333333334], [-0.50181, 44.55689, 81.42], [-0.50162, 44.55678, 81.42]]]}}, {"type": "Feature", "properties": {"id_obligation": "331970000B2525", "priorite": "faible"}, "geometry": {"type": "Polygon", "coordinates": [[[-0.50239, 44.54928, 81.2], [-0.50237, 44.54933, 81.2], [-0.50247, 44.54935, 81.2], [-0.50243, 44.54942, 82.02666666666667], [-0.50225, 44.54958, 82.4], [-0.50217, 44.54957, 82.4], [-0.50214, 44.54963, 82.02666666666667], [-0.50184, 44.54968, 83.16250000000001], [-0.5015, 44.54962, 84.60000000000001], [-0.50126, 44.54949, 84.60000000000001], [-0.50115, 44.54933, 80.48], [-0.50114, 44.54915, 80.48], [-0.50124, 44.54887, 82.33613952020204], [-0.50143, 44.5487, 82.33613952020204], [-0.50164, 44.54862, 82.49545454545454], [-0.50189, 44.54861, 82.49545454545454], [-0.50217, 44.54866, 83.17500000000001], [-0.50237, 44.54876, 83.17500000000001], [-0.50249, 44.54888, 81.1], [-0.50237, 44.54886, 81.1], [-0.50233, 44.54898, 81.1], [-0.50244, 44.549, 81.1], [-0.50251, 44.54892, 83.17500000000001], [-0.50254, 44.54909, 81.07222222222224], [-0.50248, 44.54929, 81.2], [-0.50239, 44.54928, 81.2]]]}}, {"type": "Feature", "properties": {"id_obligation": "331970000B2526", "priorite": "moyenne"}, "geometry": {"type": "Polygon", "coordinates": [[[-0.50235, 44.54905, 81.0], [-0.50232, 44.54915, 81.0], [-0.50239, 44.54917, 81.0], [-0.50241, 44.54912, 81.0], [-0.50246, 44.54924, 81.32500000000002], [-0.50247, 44.54929, 81.2], [-0.50239, 44.54928, 81.2], [-0.50237, 44.54933, 81.2], [-0.50247, 44.54934, 81.2], [-0.50236, 44.54969, 82.39999999999999], [-0.50218, 44.54981, 82.39999999999999], [-0.50195, 44.54988, 84.35], [-0.50159, 44.54987, 84.35], [-0.50137, 44.5498, 82.63511904761903], [-0.50105, 44.54954, 82.63511904761903], [-0.50096, 44.54939, 82.63511904761903], [-0.50094, 44.54919, 82.63511904761903], [-0.50104, 44.54899, 82.63511904761903], [-0.50127, 44.54884, 82.63511904761903], [-0.50162, 44.54879, 82.59999999999998], [-0.50186, 44.54882, 82.59999999999998], [-0.50202, 44.54889, 85.1], [-0.50201, 44.54893, 85.1], [-0.50219, 44.54895, 83.63571428571429], [-0.50235, 44.54905, 81.0]]]}}, {"type": "Feature", "properties": {"id_obligation": "331970000B2527", "priorite": "moyenne"}, "geometry": {"type": "Polygon", "coordinates": [[[-0.5055, 44.54828, 80.3], [-0.50545, 44.54825, 80.3], [-0.50536, 44.54833, 80.3], [-0.50543, 44.54837, 80.3], [-0.50514, 44.54859, 81.36666666666666], [-0.50481, 44.54872, 81.36666666666666], [-0.50456, 44.54872, 80.375], [-0.50431, 44.54864, 80.375], [-0.50412, 44.54852, 80.375], [-0.50407, 44.54847, 80.3], [-0.50414, 44.54846, 80.3], [-0.50401, 44.54836, 80.375], [-0.50401, 44.54814, 82.82], [-0.50414, 44.54794, 82.82], [-0.5046, 44.5475, 80.89999999999998], [-0.50475, 44.54744, 81.3], [-0.50492, 44.54754, 81.3], [-0.50499, 44.54748, 81.3], [-0.50488, 44.54741, 81.3], [-0.50525, 44.54744, 80.62631578947371], [-0.50557, 44.54761, 80.62631578947371], [-0.50569, 44.54781, 81.06], [-0.50565, 44.54808, 81.06], [-0.5055, 44.54828, 80.3]]]}}, {"type": "Feature", "properties": {"id_obligation": "331970000B2528", "priorite": "moyenne"}, "geometry": {"type": "Polygon", "coordinates": [[[-0.50499, 44.54779, 81.16000000000001], [-0.50529, 44.54777, 81.16000000000001], [-0.50543, 44.54779, 81.7], [-0.5054, 44.54782, 81.7], [-0.50553, 44.5479, 81.7], [-0.50559, 44.54785, 81.7], [-0.50573, 44.54793, 80.7], [-0.50567, 44.54791, 80.7], [-0.50563, 44.54797, 80.7], [-0.50579, 44.54803, 80.7], [-0.50581, 44.548, 80.7], [-0.50591, 44.54818, 80.27777777777777], [-0.5059, 44.54836, 80.27777777777777], [-0.50586, 44.54843, 80.4], [-0.50574, 44.54838, 80.4], [-0.50569, 44.54846, 80.4], [-0.50581, 44.5485, 80.5], [-0.50556, 44.54873, 80.375], [-0.50534, 44.54881, 80.86679138321996], [-0.5051, 44.54882, 80.86679138321996], [-0.50478, 44.54872, 80.86679138321996], [-0.5046, 44.54861, 80.86679138321996], [-0.50449, 44.54845, 80.5], [-0.50448, 44.54827, 80.5], [-0.50473, 44.54791, 81.10000000000001], [-0.50499, 44.54779, 81.16000000000001]]]}}, {"type": "Feature", "properties": {"id_obligation": "331970000B2532", "priorite": "moyenne"}, "geometry": {"type": "Polygon", "coordinates": [[[-0.50087, 44.55495, 83.23333333333333], [-0.50076, 44.55512, 83.24927254977563], [-0.50057, 44.55529, 83.24927254977563], [-0.5003, 44.55539, 83.5142857142857], [-0.49993, 44.55538, 83.5142857142857], [-0.49986, 44.55536, 82.8], [-0.49992, 44.5553, 82.8], [-0.49984, 44.55526, 82.8], [-0.49978, 44.55532, 82.8], [-0.49972, 44.55529, 82.8], [-0.49953, 44.55517, 82.8], [-0.49943, 44.55501, 83.23157894736842], [-0.49941, 44.55492, 82.8], [-0.49951, 44.5548, 82.8], [-0.49944, 44.55478, 82.8], [-0.49951, 44.55467, 82.98888888888888], [-0.49971, 44.55445, 82.9], [-0.49965, 44.55453, 82.9], [-0.49972, 44.55457, 82.9], [-0.49983, 44.55446, 82.9], [-0.49977, 44.55441, 82.98888888888888], [-0.50004, 44.55431, 84.33333333333333], [-0.50034, 44.55431, 84.33333333333333], [-0.50062, 44.55441, 82.62352941176471], [-0.50079, 44.55454, 82.62352941176471], [-0.50089, 44.55477, 83.23333333333333], [-0.50087, 44.55495, 83.23333333333333]]]}}, {"type": "Feature", "properties": {"id_obligation": "331970000B2533", "priorite": "forte"}, "geometry": {"type": "Polygon", "coordinates": [[[-0.51626, 44.54174, 83.9], [-0.51619, 44.54195, 83.9], [-0.51561, 44.54238, 84.33404081632652], [-0.51538, 44.54246, 84.33404081632652], [-0.51507, 44.54246, 84.6], [-0.51484, 44.54239, 84.6], [-0.51466, 44.54228, 84.6], [-0.51455, 44.54208, 84.6], [-0.51457, 44.54184, 84.6], [-0.5148, 44.54148, 82.5], [-0.51491, 44.5414, 82.5], [-0.51498, 44.54141, 82.5], [-0.51497, 44.54136, 82.5], [-0.51508, 44.54129, 87.37142857142855], [-0.51537, 44.54122, 88.4], [-0.51539, 44.54125, 88.4], [-0.51543, 44.54122, 88.4], [-0.51571, 44.54123, 83.54285714285713], [-0.51593, 44.54132, 83.54285714285713], [-0.51618, 44.54153, 83.54285714285713], [-0.51626, 44.54174, 83.9]]]}}, {"type": "Feature", "properties": {"id_obligation": "331970000B2534", "priorite": "forte"}, "geometry": {"type": "Polygon", "coordinates": [[[-0.51634, 44.54193, 84.27907407407409], [-0.51614, 44.54204, 84.27907407407409], [-0.5155, 44.54209, 84.05], [-0.51527, 44.54203, 84.05], [-0.51524, 44.54196, 84.1], [-0.51518, 44.54198, 84.07572835490072], [-0.51509, 44.5419, 84.05], [-0.515, 44.54174, 84.3], [-0.515, 44.54151, 84.3], [-0.51513, 44.5413, 86.88000000000002], [-0.51536, 44.54114, 86.88000000000002], [-0.5156, 44.54109, 83.41111111111111], [-0.516, 44.54111, 84.27907407407409], [-0.51622, 44.54118, 84.27907407407409], [-0.51642, 44.54134, 84.27907407407409], [-0.51649, 44.54151, 84.27907407407409], [-0.51648, 44.54173, 84.27907407407409], [-0.51634, 44.54193, 84.27907407407409]]]}}, {"type": "Feature", "properties": {"id_obligation": "331970000B2538", "priorite": "moyenne"}, "geometry": {"type": "Polygon", "coordinates": [[[-0.50027, 44.54823, 86.68750000000001], [-0.50006, 44.54832, 84.44875], [-0.49978, 44.54836, 84.44875], [-0.49942, 44.54832, 84.44875], [-0.49922, 44.54822, 84.44875], [-0.49908, 44.54807, 84.44875], [-0.49904, 44.54782, 84.44875], [-0.49909, 44.54765, 84.44875], [-0.49924, 44.5475, 84.44875], [-0.49959, 44.5473, 83.88333333333335], [-0.49984, 44.54727, 83.88333333333335], [-0.50016, 44.54731, 81.2], [-0.50037, 44.54742, 81.2], [-0.50051, 44.54761, 86.69166666666666], [-0.50052, 44.54783, 86.69166666666666], [-0.50043, 44.54805, 86.68750000000001], [-0.50027, 44.54823, 86.68750000000001]]]}}, {"type": "Feature", "properties": {"id_obligation": "331970000B2541", "priorite": "faible"}, "geometry": {"type": "Polygon", "coordinates": [[[-0.50078, 44.54819, 85.0], [-0.50055, 44.54833, 85.0], [-0.50032, 44.54838, 87.7], [-0.4999, 44.54836, 84.54603841536616], [-0.49969, 44.54828, 84.54603841536616], [-0.49953, 44.54815, 84.54603841536616], [-0.49946, 44.54799, 83.19285714285715], [-0.49947, 44.54776, 83.19285714285715], [-0.49962, 44.54757, 84.54603841536616], [-0.49992, 44.54741, 82.12941176470589], [-0.50028, 44.54736, 82.12941176470589], [-0.50029, 44.54741, 81.2], [-0.50039, 44.54742, 81.2], [-0.50043, 44.54737, 81.2], [-0.50078, 44.54754, 81.2], [-0.5009, 44.54778, 84.7], [-0.50089, 44.54791, 85.0], [-0.50066, 44.5479, 85.0], [-0.50066, 44.54784, 85.0], [-0.50051, 44.54784, 85.0], [-0.50051, 44.54798, 85.0], [-0.50089, 44.54799, 85.0], [-0.50078, 44.54819, 85.0]]]}}, {"type": "Feature", "properties": {"id_obligation": "331970000B2546", "priorite": "forte"}, "geometry": {"type": "Polygon", "coordinates": [[[-0.5104, 44.54412, 82.8], [-0.51049, 44.54404, 82.8], [-0.51041, 44.54399, 82.8], [-0.51029, 44.54404, 82.76363636363638], [-0.51016, 44.54375, 83.6878787878788], [-0.51025, 44.54353, 83.6878787878788], [-0.51046, 44.54336, 83.6878787878788], [-0.51074, 44.54328, 83.6878787878788], [-0.51098, 44.54329, 83.6878787878788], [-0.51132, 44.54341, 83.6878787878788], [-0.51151, 44.54353, 83.6878787878788], [-0.51161, 44.54369, 83.6878787878788], [-0.51162, 44.54387, 83.6878787878788], [-0.51153, 44.54403, 83.6878787878788], [-0.51133, 44.54421, 83.6878787878788], [-0.51111, 44.54428, 82.7], [-0.51087, 44.54429, 82.7], [-0.51063, 44.54422, 82.7], [-0.51069, 44.5441, 82.7], [-0.51055, 44.54418, 82.7], [-0.51059, 44.54421, 82.7], [-0.51042, 44.54413, 82.76363636363638], [-0.5104, 44.54412, 82.8]]]}}, {"type": "Feature", "properties": {"id_obligation": "331970000B2548", "priorite": "faible"}, "geometry": {"type": "Polygon", "coordinates": [[[-0.51243, 44.55329, 82.83846153846153], [-0.51235, 44.55349, 82.30022435897436], [-0.51215, 44.55365, 82.30022435897436], [-0.51182, 44.55374, 80.7], [-0.51152, 44.55373, 80.7], [-0.5113, 44.55365, 81.55333333333334], [-0.51121, 44.55358, 81.7], [-0.51124, 44.55346, 81.7], [-0.51118, 44.55343, 81.7], [-0.51119, 44.55338, 81.7], [-0.51111, 44.55338, 81.7], [-0.5111, 44.55344, 81.7], [-0.511, 44.55323, 81.1], [-0.51102, 44.55301, 84.0], [-0.51115, 44.55285, 84.0], [-0.51135, 44.55274, 84.0], [-0.51163, 44.55267, 82.86000000000004], [-0.51188, 44.55269, 82.86000000000004], [-0.51211, 44.55277, 83.1], [-0.51237, 44.55306, 82.83846153846153], [-0.51243, 44.55329, 82.83846153846153]]]}}, {"type": "Feature", "properties": {"id_obligation": "331970000B2549", "priorite": "faible"}, "geometry": {"type": "Polygon", "coordinates": [[[-0.51257, 44.55294, 82.1108455882353], [-0.51272, 44.55313, 81.8], [-0.51273, 44.55331, 81.8], [-0.51258, 44.55358, 82.1108455882353], [-0.51241, 44.55371, 82.1108455882353], [-0.51215, 44.55379, 81.5], [-0.51194, 44.55379, 81.5], [-0.51159, 44.5537, 82.1108455882353], [-0.51138, 44.55354, 82.1108455882353], [-0.51131, 44.55338, 81.50625000000001], [-0.51132, 44.5532, 81.50625000000001], [-0.51143, 44.55297, 81.5588235294118], [-0.51153, 44.55289, 81.7], [-0.51163, 44.55289, 81.7], [-0.51164, 44.55283, 81.7], [-0.51181, 44.55277, 83.3], [-0.51205, 44.55276, 83.3], [-0.51236, 44.55283, 82.1108455882353], [-0.51257, 44.55294, 82.1108455882353]]]}}, {"type": "Feature", "properties": {"id_obligation": "331970000B2553", "priorite": "moyenne"}, "geometry": {"type": "Polygon", "coordinates": [[[-0.50316, 44.54855, 82.5], [-0.50315, 44.54864, 82.5], [-0.50323, 44.54864, 82.5], [-0.50322, 44.54853, 82.5], [-0.50329, 44.54851, 83.25], [-0.50368, 44.54851, 84.7], [-0.50365, 44.54855, 84.7], [-0.50371, 44.54858, 84.7], [-0.50375, 44.54853, 84.7], [-0.5037, 44.54851, 84.7], [-0.50379, 44.54853, 81.35000000000001], [-0.50393, 44.54858, 80.47646043170583], [-0.50387, 44.54864, 80.5], [-0.50377, 44.54861, 80.5], [-0.50373, 44.54867, 80.4], [-0.50395, 44.54875, 80.4], [-0.50386, 44.5489, 80.4], [-0.50392, 44.54895, 80.4], [-0.50407, 44.54872, 80.4], [-0.50396, 44.54867, 80.4], [-0.504, 44.54862, 81.35000000000001], [-0.50413, 44.54874, 81.6], [-0.50405, 44.54883, 81.2], [-0.5042, 44.54887, 81.6], [-0.50421, 44.54893, 81.25454545454546], [-0.50418, 44.54917, 81.25454545454546], [-0.50405, 44.54936, 82.2544537815126], [-0.50378, 44.54951, 82.2544537815126], [-0.50356, 44.54957, 82.2544537815126], [-0.50326, 44.54956, 82.24000000000001], [-0.50305, 44.54948, 82.24000000000001], [-0.5028, 44.54926, 82.24000000000001], [-0.50272, 44.5491, 82.74545454545454], [-0.50276, 44.54888, 82.74545454545454], [-0.50294, 44.54869, 82.24117647058821], [-0.50316, 44.54855, 82.5]]]}}, {"type": "Feature", "properties": {"id_obligation": "331970000B2560", "priorite": "faible"}, "geometry": {"type": "Polygon", "coordinates": [[[-0.50633, 44.55456, 81.5], [-0.50616, 44.55447, 81.5], [-0.50603, 44.55432, 82.27272727272728], [-0.50599, 44.55414, 82.27272727272728], [-0.50601, 44.55407, 82.0], [-0.50617, 44.55404, 82.0], [-0.50614, 44.55397, 82.0], [-0.50604, 44.55399, 82.0], [-0.50621, 44.55377, 82.0], [-0.50646, 44.55365, 82.24999999999999], [-0.5067, 44.55362, 82.24999999999999], [-0.50693, 44.55366, 82.7], [-0.50727, 44.55379, 82.7], [-0.50748, 44.55404, 80.9], [-0.50749, 44.55413, 81.05000000000001], [-0.5074, 44.55437, 80.60000000000001], [-0.50737, 44.55442, 80.6], [-0.5073, 44.5544, 80.6], [-0.50726, 44.55447, 80.6], [-0.50731, 44.55449, 80.6], [-0.50722, 44.55455, 80.60000000000001], [-0.50694, 44.55464, 81.79999999999998], [-0.50664, 44.55464, 81.79999999999998], [-0.50633, 44.55456, 81.5]], [[-0.50735, 44.55399, 80.9], [-0.5073, 44.55407, 80.9], [-0.50743, 44.55411, 80.9], [-0.50748, 44.55404, 80.9], [-0.50735, 44.55399, 80.9]]]}}, {"type": "Feature", "properties": {"id_obligation": "331970000B2561", "priorite": "moyenne"}, "geometry": {"type": "Polygon", "coordinates": [[[-0.50633, 44.55401, 82.74615384615385], [-0.50626, 44.55384, 82.05], [-0.50631, 44.55362, 81.83435897435898], [-0.5065, 44.55341, 81.83435897435898], [-0.50676, 44.5533, 81.83435897435898], [-0.50701, 44.55329, 81.83435897435898], [-0.50735, 44.55338, 81.83435897435898], [-0.50755, 44.55347, 81.83435897435898], [-0.50769, 44.55362, 80.8], [-0.50773, 44.55379, 80.8], [-0.50768, 44.55396, 80.9], [-0.5075, 44.55419, 80.9], [-0.5073, 44.55429, 80.9], [-0.50706, 44.55432, 81.95], [-0.50678, 44.55428, 81.95], [-0.50652, 44.55417, 82.74615384615385], [-0.50633, 44.55401, 82.74615384615385]]]}}, {"type": "Feature", "properties": {"id_obligation": "331970000B2564", "priorite": "moyenne"}, "geometry": {"type": "MultiPolygon", "coordinates": [[[[-0.49994, 44.55452, 84.2], [-0.49984, 44.55432, 82.61641025641025], [-0.49988, 44.55411, 82.61641025641025], [-0.50003, 44.55393, 82.61641025641025], [-0.50023, 44.55383, 82.61641025641025], [-0.50047, 44.55379, 82.61641025641025], [-0.50071, 44.55382, 82.61641025641025], [-0.50099, 44.55394, 82.61641025641025], [-0.50114, 44.55408, 82.61641025641025], [-0.50119, 44.55425, 82.61641025641025], [-0.50116, 44.55443, 81.0], [-0.501, 44.55461, 81.0], [-0.50063, 44.55475, 82.4], [-0.50066, 44.55463, 82.4], [-0.50055, 44.55461, 82.5], [-0.50051, 44.55474, 82.5], [-0.50011, 44.55464, 84.2], [-0.49994, 44.55452, 84.2]]], [[[-0.5006, 44.55475, 82.42317763332805], [-0.50055, 44.55475, 83.27333333333333], [-0.50051, 44.55474, 82.5], [-0.5006, 44.55475, 82.42317763332805]]]]}}, {"type": "Feature", "properties": {"id_obligation": "331970000B2569", "priorite": "moyenne"}, "geometry": {"type": "Polygon", "coordinates": [[[-0.5111, 44.55281, 82.69363636363639], [-0.51093, 44.55263, 82.69363636363639], [-0.51089, 44.55246, 82.69363636363639], [-0.51096, 44.55221, 82.69363636363639], [-0.51111, 44.55207, 82.69363636363639], [-0.51139, 44.55196, 82.69363636363639], [-0.51164, 44.55196, 82.69363636363639], [-0.51196, 44.55202, 82.69363636363639], [-0.51215, 44.55212, 82.69363636363639], [-0.51227, 44.55227, 82.69363636363639], [-0.51231, 44.55252, 82.69363636363639], [-0.51225, 44.55269, 82.69363636363639], [-0.51211, 44.55283, 82.69363636363639], [-0.5119, 44.55292, 82.69363636363639], [-0.51165, 44.55295, 81.4], [-0.51166, 44.55291, 81.4], [-0.51158, 44.55294, 81.4], [-0.51136, 44.55291, 82.69363636363639], [-0.5111, 44.55281, 82.69363636363639]]]}}, {"type": "Feature", "properties": {"id_obligation": "331970000B2570", "priorite": "faible"}, "geometry": {"type": "Polygon", "coordinates": [[[-0.51225, 44.55316, 83.52857142857144], [-0.51211, 44.55335, 82.8], [-0.51185, 44.55347, 81.39166666666667], [-0.51147, 44.55349, 81.39166666666667], [-0.51119, 44.5534, 81.70000000000002], [-0.51102, 44.55327, 81.70000000000002], [-0.51089, 44.55295, 84.0], [-0.5109, 44.55273, 82.76349721706866], [-0.51102, 44.5525, 82.76349721706866], [-0.51119, 44.55237, 82.76349721706866], [-0.51142, 44.5523, 84.18333333333335], [-0.51175, 44.55231, 84.18333333333335], [-0.51198, 44.55238, 82.76349721706866], [-0.51215, 44.5525, 82.76349721706866], [-0.51224, 44.55266, 82.76349721706866], [-0.51225, 44.55316, 83.52857142857144]]]}}, {"type": "Feature", "properties": {"id_obligation": "331970000B2576", "priorite": "moyenne"}, "geometry": {"type": "Polygon", "coordinates": [[[-0.5031, 44.54639, 80.6], [-0.50299, 44.54647, 80.6], [-0.50314, 44.54651, 80.6], [-0.50322, 44.54641, 80.9066666666667], [-0.50348, 44.54651, 80.2], [-0.50367, 44.54668, 80.2], [-0.50372, 44.54689, 80.23333333333333], [-0.50362, 44.54713, 82.72105263157893], [-0.50348, 44.54728, 82.72105263157893], [-0.50328, 44.54738, 81.03999999999999], [-0.50304, 44.54742, 81.03999999999999], [-0.50256, 44.54737, 81.31666666666665], [-0.50228, 44.54725, 81.5], [-0.50229, 44.54717, 81.8], [-0.50219, 44.54705, 81.2], [-0.50213, 44.54707, 81.2], [-0.5021, 44.54687, 81.88], [-0.50221, 44.54666, 84.02666666666667], [-0.50238, 44.54653, 84.02666666666667], [-0.50273, 44.54642, 80.9066666666667], [-0.5031, 44.54639, 80.6]]]}}, {"type": "Feature", "properties": {"id_obligation": "331970000B2578", "priorite": "faible"}, "geometry": {"type": "Polygon", "coordinates": [[[-0.50393, 44.54815, 81.87], [-0.50386, 44.54794, 85.21666666666667], [-0.50391, 44.54777, 85.21666666666667], [-0.5041, 44.54755, 81.74632801956815], [-0.50437, 44.54744, 81.3], [-0.50462, 44.54742, 81.3], [-0.50478, 44.54746, 81.3], [-0.50519, 44.54764, 80.83684210526317], [-0.50517, 44.54767, 80.5], [-0.50534, 44.54782, 81.08461538461539], [-0.50536, 44.548, 81.08461538461539], [-0.50528, 44.54816, 81.8], [-0.50512, 44.54834, 81.8], [-0.50491, 44.54844, 80.6625], [-0.50467, 44.54847, 80.6625], [-0.50433, 44.5484, 80.5], [-0.50441, 44.54826, 80.5], [-0.50431, 44.54823, 80.5], [-0.50423, 44.54836, 80.5], [-0.50393, 44.54815, 81.87]]]}}, {"type": "Feature", "properties": {"id_obligation": "331970000B2579", "priorite": "faible"}, "geometry": {"type": "Polygon", "coordinates": [[[-0.50401, 44.54767, 82.93076923076924], [-0.5043, 44.5476, 84.70000000000002], [-0.50454, 44.54761, 84.70000000000002], [-0.50485, 44.54773, 81.1], [-0.50501, 44.54786, 81.1], [-0.50484, 44.54805, 81.1], [-0.50494, 44.54809, 81.1], [-0.50504, 44.54792, 81.1], [-0.50508, 44.54807, 81.025], [-0.50504, 44.54824, 81.025], [-0.50489, 44.54844, 80.5], [-0.50471, 44.54856, 80.5], [-0.50442, 44.54862, 80.5], [-0.50418, 44.54859, 80.5], [-0.50392, 44.5485, 80.3], [-0.50376, 44.54837, 80.3], [-0.50367, 44.5482, 82.06666666666666], [-0.50369, 44.54802, 82.06666666666666], [-0.50381, 44.54784, 82.5], [-0.50401, 44.54767, 82.93076923076924]]]}}, {"type": "Feature", "properties": {"id_obligation": "331970000B2602", "priorite": "moyenne"}, "geometry": {"type": "Polygon", "coordinates": [[[-0.5121, 44.5547, 80.56], [-0.51192, 44.55483, 80.56], [-0.51169, 44.5549, 81.2], [-0.51143, 44.5549, 81.2], [-0.51116, 44.55483, 80.925], [-0.51093, 44.55467, 80.925], [-0.51088, 44.5546, 81.6], [-0.51097, 44.55447, 81.6], [-0.51084, 44.55442, 80.5], [-0.51085, 44.55425, 80.86666666666666], [-0.51097, 44.55404, 81.05000000000001], [-0.51115, 44.55391, 81.05000000000001], [-0.51139, 44.55385, 80.84736742424242], [-0.51164, 44.55385, 80.84736742424242], [-0.51195, 44.55394, 81.25], [-0.51213, 44.55406, 81.25], [-0.51225, 44.55426, 80.10000000000001], [-0.51224, 44.55447, 80.10000000000001], [-0.5121, 44.5547, 80.56]]]}}, {"type": "Feature", "properties": {"id_obligation": "331970000B2605", "priorite": "moyenne"}, "geometry": {"type": "Polygon", "coordinates": [[[-0.51173, 44.55524, 80.85115384615385], [-0.51143, 44.55528, 80.85115384615385], [-0.51112, 44.55522, 80.85115384615385], [-0.51072, 44.55504, 80.85115384615385], [-0.51056, 44.55485, 81.6], [-0.51053, 44.55468, 81.6], [-0.51063, 44.55445, 80.72], [-0.51077, 44.5543, 80.72], [-0.51097, 44.5542, 80.72], [-0.51128, 44.55417, 80.9], [-0.51193, 44.55437, 80.37692307692308], [-0.51209, 44.5545, 80.37692307692308], [-0.51215, 44.55467, 80.46000000000001], [-0.51212, 44.55485, 80.46000000000001], [-0.51196, 44.55509, 80.85115384615385], [-0.51173, 44.55524, 80.85115384615385]]]}}, {"type": "Feature", "properties": {"id_obligation": "331970000B2609", "priorite": "faible"}, "geometry": {"type": "Polygon", "coordinates": [[[-0.50369, 44.54783, 82.5], [-0.5038, 44.54784, 82.5], [-0.50381, 44.54809, 84.0565217391304], [-0.50368, 44.54831, 65.59575930108538], [-0.50347, 44.54844, 65.59575930108538], [-0.50324, 44.5485, 82.23333333333332], [-0.50309, 44.5485, 81.9], [-0.50309, 44.54846, 81.9], [-0.50295, 44.54848, 81.9], [-0.50263, 44.54838, 82.0], [-0.50246, 44.54824, 85.8], [-0.50238, 44.54803, 85.8], [-0.50245, 44.54778, -60.73777777777777], [-0.50252, 44.54775, 84.7], [-0.5025, 44.5477, 84.7], [-0.50251, 44.54768, 83.4], [-0.50258, 44.5477, 83.4], [-0.50257, 44.54762, -60.73777777777777], [-0.50276, 44.5475, -60.73777777777777], [-0.50304, 44.54745, 84.55555555555556], [-0.50329, 44.54747, 84.55555555555556], [-0.50356, 44.54757, 82.98571428571428], [-0.50373, 44.54773, 82.92935371807668], [-0.50369, 44.54783, 82.5]]]}}, {"type": "Feature", "properties": {"id_obligation": "331970000B2613", "priorite": "faible"}, "geometry": {"type": "Polygon", "coordinates": [[[-0.50385, 44.54824, 85.86666666666666], [-0.50376, 44.54848, 84.7], [-0.50361, 44.54862, 84.7], [-0.50334, 44.54872, 82.31250000000001], [-0.50309, 44.54873, 82.31250000000001], [-0.50279, 44.54865, 82.02222222222223], [-0.50265, 44.54857, 82.06651338904027], [-0.50271, 44.5484, 82.0], [-0.50259, 44.54838, 82.0], [-0.50254, 44.54852, 82.12879586130144], [-0.50235, 44.54831, 81.6], [-0.50233, 44.54809, 81.6], [-0.50245, 44.54782, -101.57714285714289], [-0.50261, 44.54768, -101.57714285714289], [-0.50283, 44.54759, 84.68235294117646], [-0.50314, 44.54758, 84.68235294117646], [-0.50349, 44.54768, 83.5], [-0.5037, 44.54786, 82.1], [-0.50365, 44.54797, 82.1], [-0.50375, 44.54797, 82.1], [-0.50385, 44.54824, 85.86666666666666]]]}}, {"type": "Feature", "properties": {"id_obligation": "331970000B2616", "priorite": "moyenne"}, "geometry": {"type": "Polygon", "coordinates": [[[-0.50218, 44.55557, 82.21322344322343], [-0.50214, 44.55574, 81.9], [-0.50196, 44.55596, 81.9], [-0.50171, 44.55608, 81.9], [-0.50146, 44.5561, 82.31666666666665], [-0.50123, 44.55605, 82.31666666666665], [-0.50088, 44.55591, 82.65714285714286], [-0.50072, 44.55573, 82.30000000000001], [-0.50068, 44.5556, 82.2], [-0.50074, 44.55562, 82.2], [-0.50078, 44.55557, 82.2], [-0.50071, 44.55555, 82.2], [-0.50068, 44.55559, 82.2], [-0.50069, 44.55552, 82.30000000000001], [-0.50081, 44.55528, 82.21322344322343], [-0.50096, 44.55514, 82.21322344322343], [-0.50117, 44.55505, 82.21322344322343], [-0.50141, 44.55502, 82.21322344322343], [-0.50165, 44.55506, 82.21322344322343], [-0.5019, 44.55517, 82.21322344322343], [-0.5021, 44.55536, 82.21322344322343], [-0.50218, 44.55557, 82.21322344322343]]]}}, {"type": "Feature", "properties": {"id_obligation": "331970000B2617", "priorite": "moyenne"}, "geometry": {"type": "Polygon", "coordinates": [[[-0.50196, 44.55588, 81.86249999999998], [-0.50193, 44.55605, 82.14999999999999], [-0.50188, 44.55613, 82.1], [-0.50168, 44.55608, 82.1], [-0.50165, 44.55613, 82.1], [-0.50179, 44.55622, 82.1], [-0.50157, 44.55633, 82.14999999999999], [-0.50126, 44.55636, 81.75457522828627], [-0.5013, 44.5563, 81.7], [-0.50123, 44.55628, 81.4], [-0.50119, 44.55636, 81.3086309959497], [-0.501, 44.55634, 82.1090909090909], [-0.5007, 44.5562, 82.11845808399117], [-0.50056, 44.55606, 82.11845808399117], [-0.50051, 44.55588, 82.4], [-0.50057, 44.55552, 82.225], [-0.50074, 44.55531, 82.225], [-0.50099, 44.55519, 82.28571428571429], [-0.50129, 44.55517, 82.28571428571429], [-0.50163, 44.55527, 81.8], [-0.50182, 44.55544, 81.8], [-0.50196, 44.55588, 81.86249999999998]]]}}, {"type": "Feature", "properties": {"id_obligation": "331970000B2622", "priorite": "faible"}, "geometry": {"type": "MultiPolygon", "coordinates": [[[[-0.50373, 44.54852, 84.7], [-0.5035, 44.54857, 82.60000000000001], [-0.50326, 44.54856, 82.60000000000001], [-0.50309, 44.54851, 81.9], [-0.50309, 44.54846, 81.9], [-0.50295, 44.54845, 81.9], [-0.50284, 44.54837, 82.3], [-0.50289, 44.54832, 82.3], [-0.50278, 44.54831, 81.6], [-0.50272, 44.54817, 82.63846153846154], [-0.50273, 44.548, 82.63846153846154], [-0.50281, 44.54785, 85.4997138269037], [-0.50317, 44.54777, 84.4], [-0.50313, 44.54765, 84.4], [-0.50326, 44.54763, 83.9111111111111], [-0.50351, 44.54764, 83.9111111111111], [-0.50378, 44.54772, 82.60000000000001], [-0.50396, 44.54784, 82.60000000000001], [-0.50406, 44.54801, 82.1], [-0.50406, 44.54819, 82.1], [-0.50395, 44.54837, 84.7], [-0.50373, 44.54852, 84.7]]], [[[-0.50303, 44.54769, 84.8], [-0.50309, 44.54767, 84.4], [-0.50302, 44.54775, 84.4], [-0.50289, 44.54777, 85.26266529341137], [-0.50303, 44.54769, 84.8]]]]}}, {"type": "Feature", "properties": {"id_obligation": "331970000B2626", "priorite": "moyenne"}, "geometry": {"type": "Polygon", "coordinates": [[[-0.50696, 44.54702, 80.35324074074073], [-0.50681, 44.54721, 80.35324074074073], [-0.50661, 44.54732, 80.35324074074073], [-0.50638, 44.54737, 80.35324074074073], [-0.50607, 44.54733, 80.35324074074073], [-0.50575, 44.54719, 79.73750000000001], [-0.5056, 44.54706, 79.73750000000001], [-0.50553, 44.54689, 80.66666666666666], [-0.50559, 44.54667, 80.66666666666666], [-0.50584, 44.54636, 80.35324074074073], [-0.50604, 44.54625, 80.35324074074073], [-0.50628, 44.54621, 80.35324074074073], [-0.50659, 44.54625, 80.35324074074073], [-0.50685, 44.54639, 80.35324074074073], [-0.50699, 44.54658, 80.35324074074073], [-0.50702, 44.5468, 80.35324074074073], [-0.50696, 44.54702, 80.35324074074073]]]}}, {"type": "Feature", "properties": {"id_obligation": "331970000B2627", "priorite": "moyenne"}, "geometry": {"type": "Polygon", "coordinates": [[[-0.50533, 44.54767, 80.9], [-0.50537, 44.54763, 80.9], [-0.50529, 44.54758, 80.9], [-0.50524, 44.54763, 80.9], [-0.50519, 44.54757, 80.87647058823532], [-0.50512, 44.54738, 81.9], [-0.50519, 44.5474, 81.9], [-0.50528, 44.54736, 81.9], [-0.50514, 44.54725, 83.6], [-0.50536, 44.54696, 81.5], [-0.50562, 44.54683, 80.00000000000001], [-0.50586, 44.5468, 80.00000000000001], [-0.5061, 44.54684, 80.84472609219127], [-0.50635, 44.54695, 80.84472609219127], [-0.50653, 44.54713, 80.84472609219127], [-0.50657, 44.5473, 80.84472609219127], [-0.50652, 44.54747, 80.84472609219127], [-0.50633, 44.5477, 80.84472609219127], [-0.50614, 44.54781, 80.84472609219127], [-0.50591, 44.54785, 80.3875], [-0.50566, 44.54783, 80.3875], [-0.50539, 44.54774, 80.87647058823532], [-0.50533, 44.54767, 80.9]]]}}, {"type": "Feature", "properties": {"id_obligation": "331970000B2635", "priorite": "moyenne"}, "geometry": {"type": "Polygon", "coordinates": [[[-0.50129, 44.5456, 79.2], [-0.50133, 44.54581, 79.2], [-0.50122, 44.54604, 79.91111111111113], [-0.50101, 44.5462, 79.91111111111113], [-0.50072, 44.54628, 79.91111111111113], [-0.50018, 44.54626, 79.91111111111113], [-0.49989, 44.54618, 79.91111111111113], [-0.49967, 44.54602, 79.91111111111113], [-0.49959, 44.54581, 79.91111111111113], [-0.49962, 44.54564, 79.91111111111113], [-0.49977, 44.54546, 79.91111111111113], [-0.50006, 44.54531, 79.91111111111113], [-0.50028, 44.54524, 79.91111111111113], [-0.50062, 44.54524, 79.91111111111113], [-0.50107, 44.5454, 79.91111111111113], [-0.50129, 44.5456, 79.2]]]}}, {"type": "Feature", "properties": {"id_obligation": "331970000B2639", "priorite": "moyenne"}, "geometry": {"type": "Polygon", "coordinates": [[[-0.51385, 44.5392, 82.38087200970749], [-0.51395, 44.53904, 82.7], [-0.51389, 44.53902, 82.7], [-0.51394, 44.53893, 83.1], [-0.51387, 44.53891, 83.1], [-0.51376, 44.53908, 82.7], [-0.51374, 44.53901, 82.10714285714286], [-0.51374, 44.53883, 82.10714285714286], [-0.51387, 44.5386, 80.9530612244898], [-0.51404, 44.53846, 80.9530612244898], [-0.51427, 44.53838, 80.73333333333333], [-0.51452, 44.53838, 80.73333333333333], [-0.51472, 44.53842, 80.5], [-0.51491, 44.53853, 80.5], [-0.51505, 44.53873, 79.8], [-0.51506, 44.53891, 79.8], [-0.51493, 44.53914, 80.9530612244898], [-0.51478, 44.53928, 80.9530612244898], [-0.51457, 44.53936, 80.9], [-0.51433, 44.53938, 80.9], [-0.51407, 44.53933, 81.94761904761901], [-0.51385, 44.5392, 82.38087200970749]]]}}, {"type": "Feature", "properties": {"id_obligation": "331970000B2641", "priorite": "moyenne"}, "geometry": {"type": "Polygon", "coordinates": [[[-0.51396, 44.53841, 80.98125508576636], [-0.51425, 44.53834, 79.8], [-0.51449, 44.53836, 79.8], [-0.51482, 44.53848, 80.73333333333333], [-0.51501, 44.53866, 80.73333333333333], [-0.51505, 44.53883, 79.8], [-0.51499, 44.539, 79.8], [-0.51483, 44.53922, 80.98125508576636], [-0.51459, 44.53935, 80.98125508576636], [-0.51435, 44.53938, 81.18181818181816], [-0.51411, 44.53934, 81.18181818181816], [-0.5139, 44.53927, 82.1], [-0.51392, 44.53924, 82.1], [-0.51384, 44.53924, 82.1], [-0.51395, 44.53904, 82.7], [-0.51389, 44.53902, 82.7], [-0.51394, 44.53893, 83.1], [-0.51387, 44.53891, 83.1], [-0.51373, 44.53915, 83.6110317114487], [-0.51362, 44.53894, 82.10714285714286], [-0.51364, 44.53877, 82.10714285714286], [-0.51375, 44.53858, 80.98125508576636], [-0.51396, 44.53841, 80.98125508576636]]]}}, {"type": "Feature", "properties": {"id_obligation": "331970000B2644", "priorite": "forte"}, "geometry": {"type": "Polygon", "coordinates": [[[-0.51339, 44.53699, 77.78701127819548], [-0.51316, 44.53679, 77.78701127819548], [-0.51312, 44.53662, 77.63000000000001], [-0.51319, 44.5363, 77.78701127819548], [-0.5133, 44.53614, 77.78701127819548], [-0.51354, 44.53601, 77.78701127819548], [-0.51377, 44.53597, 77.58947368421045], [-0.51409, 44.536, 77.9], [-0.51436, 44.53612, 77.9], [-0.51452, 44.53631, 77.9], [-0.51454, 44.53649, 77.78701127819548], [-0.51446, 44.53677, 77.78701127819548], [-0.51434, 44.53692, 77.78701127819548], [-0.51414, 44.53704, 77.78701127819548], [-0.51389, 44.53708, 77.78701127819548], [-0.51339, 44.53699, 77.78701127819548]]]}}, {"type": "Feature", "properties": {"id_obligation": "331970000B2648", "priorite": "forte"}, "geometry": {"type": "Polygon", "coordinates": [[[-0.51352, 44.53651, 78.10000000000001], [-0.51344, 44.53634, 77.48387096774195], [-0.51345, 44.53616, 77.48387096774195], [-0.51356, 44.53598, 77.86263440860215], [-0.51373, 44.53585, 77.86263440860215], [-0.51395, 44.53577, 77.86263440860215], [-0.5142, 44.53577, 77.86263440860215], [-0.51447, 44.53584, 77.86263440860215], [-0.51468, 44.53599, 77.86263440860215], [-0.51476, 44.53615, 77.86263440860215], [-0.51476, 44.53632, 77.86263440860215], [-0.51462, 44.53654, 77.86263440860215], [-0.51444, 44.53666, 77.86263440860215], [-0.51421, 44.53673, 78.1], [-0.51396, 44.53672, 78.1], [-0.51375, 44.53666, 78.10000000000001], [-0.51352, 44.53651, 78.10000000000001]]]}}, {"type": "Feature", "properties": {"id_obligation": "331970000B2655", "priorite": "forte"}, "geometry": {"type": "Polygon", "coordinates": [[[-0.51441, 44.5366, 77.77377622377618], [-0.51415, 44.53671, 78.06363636363638], [-0.51384, 44.53671, 78.06363636363638], [-0.51352, 44.53663, 77.63000000000001], [-0.51332, 44.53648, 78.14852828653252], [-0.51324, 44.53631, 77.77377622377618], [-0.51329, 44.53603, 77.77377622377618], [-0.51338, 44.53586, 77.77377622377618], [-0.51355, 44.53574, 77.77377622377618], [-0.51378, 44.53567, 77.77377622377618], [-0.51414, 44.53568, 77.77377622377618], [-0.51437, 44.53575, 77.77377622377618], [-0.51454, 44.53588, 77.77377622377618], [-0.51463, 44.53604, 77.77377622377618], [-0.51457, 44.53641, 77.77377622377618], [-0.51441, 44.5366, 77.77377622377618]]]}}, {"type": "Feature", "properties": {"id_obligation": "331970000B2656", "priorite": "faible"}, "geometry": {"type": "Polygon", "coordinates": [[[-0.50304, 44.54899, 82.3], [-0.50271, 44.5491, 81.97222222222221], [-0.50242, 44.54909, 81.0], [-0.50244, 44.54901, 81.0], [-0.50236, 44.549, 81.0], [-0.50234, 44.54907, 81.0], [-0.50207, 44.54897, 83.20588235294117], [-0.50202, 44.54893, 85.1], [-0.50217, 44.54894, 85.1], [-0.50219, 44.54879, 85.1], [-0.50202, 44.54877, 85.1], [-0.50201, 44.54892, 85.1], [-0.50191, 44.54879, 83.20588235294117], [-0.50187, 44.54861, 85.44347826086958], [-0.50198, 44.54828, 89.0], [-0.50205, 44.54838, 89.0], [-0.5022, 44.54838, 89.0], [-0.50225, 44.54834, 89.0], [-0.50218, 44.5483, 89.0], [-0.5023, 44.5482, 89.0], [-0.50224, 44.54816, 89.0], [-0.50211, 44.54825, 89.0], [-0.50199, 44.54824, 89.0], [-0.50213, 44.54807, 89.0], [-0.50232, 44.54797, 89.0], [-0.50256, 44.54793, 81.6], [-0.50302, 44.548, 84.5], [-0.50295, 44.54817, 81.7], [-0.50307, 44.5482, 81.7], [-0.50314, 44.54806, 83.30833333333334], [-0.5033, 44.54823, 82.7], [-0.50323, 44.54831, 82.7], [-0.50334, 44.54838, 82.33999999999999], [-0.50321, 44.54881, 82.3], [-0.50304, 44.54899, 82.3]]]}}, {"type": "Feature", "properties": {"id_obligation": "331970000B2657", "priorite": "faible"}, "geometry": {"type": "Polygon", "coordinates": [[[-0.50375, 44.54828, 85.3], [-0.50385, 44.54848, 82.21666666666665], [-0.50385, 44.54864, 80.5], [-0.50377, 44.54861, 80.5], [-0.50373, 44.54867, 80.4], [-0.50384, 44.54872, 80.4], [-0.50383, 44.54877, 81.38571428571429], [-0.50366, 44.54896, 81.38571428571429], [-0.50358, 44.54901, 82.7], [-0.50358, 44.54895, 82.7], [-0.50345, 44.54895, 82.7], [-0.50345, 44.54901, 82.7], [-0.50335, 44.54905, 82.7], [-0.50338, 44.54908, 82.7], [-0.5032, 44.54909, 82.45999999999998], [-0.50277, 44.54906, 82.04375], [-0.5025, 44.54895, 82.04375], [-0.50249, 44.54888, 81.1], [-0.50241, 44.54887, 81.1], [-0.50236, 44.5488, 82.04375], [-0.50231, 44.54862, 81.92307692307692], [-0.50235, 44.54831, 81.6], [-0.50252, 44.54813, 81.6], [-0.50273, 44.54803, 81.6], [-0.50298, 44.54801, 84.15806451612903], [-0.50295, 44.54817, 81.7], [-0.50307, 44.5482, 81.7], [-0.50319, 44.54802, 84.5], [-0.50338, 44.54806, 85.35723714498872], [-0.50334, 44.5481, 89.1], [-0.50342, 44.54813, 89.1], [-0.50344, 44.54809, 85.3], [-0.50375, 44.54828, 85.3]]]}}, {"type": "Feature", "properties": {"id_obligation": "331970000B2658", "priorite": "faible"}, "geometry": {"type": "Polygon", "coordinates": [[[-0.50258, 44.54841, 82.0], [-0.5025, 44.54864, 82.0], [-0.50262, 44.54866, 82.1], [-0.50271, 44.5484, 82.0], [-0.50262, 44.54838, 82.0], [-0.50275, 44.54832, 81.6], [-0.50274, 44.54836, 81.6], [-0.50287, 44.54838, 82.3], [-0.50289, 44.54832, 82.3], [-0.50281, 44.54831, 81.6], [-0.50289, 44.54829, 82.44999999999999], [-0.50325, 44.54829, 82.7], [-0.50334, 44.54835, 82.7], [-0.50339, 44.54832, 82.44999999999999], [-0.5036, 44.54842, 84.7], [-0.50369, 44.54851, 84.7], [-0.50365, 44.54855, 84.7], [-0.50373, 44.54856, 84.7], [-0.50375, 44.54861, 81.41538461538461], [-0.50377, 44.54887, 81.41538461538461], [-0.50372, 44.54904, 81.93333333333334], [-0.50358, 44.54918, 81.93333333333334], [-0.50331, 44.54929, 82.20714285714284], [-0.50298, 44.5493, 82.20714285714284], [-0.50274, 44.54926, 82.07647058823528], [-0.50255, 44.54916, 82.07647058823528], [-0.50241, 44.54901, 81.0], [-0.50249, 44.54888, 81.1], [-0.50237, 44.54886, 81.1], [-0.50241, 44.5486, 81.52727272727273], [-0.50258, 44.54841, 82.0]]]}}, {"type": "Feature", "properties": {"id_obligation": "331970000B2662", "priorite": "moyenne"}, "geometry": {"type": "Polygon", "coordinates": [[[-0.50354, 44.5488, 82.7], [-0.5037, 44.54894, 82.7], [-0.50382, 44.54916, 82.7], [-0.50379, 44.54938, 82.25122616522994], [-0.50362, 44.54956, 82.25122616522994], [-0.50338, 44.54966, 82.25122616522994], [-0.50301, 44.54974, 82.25122616522994], [-0.50271, 44.54972, 83.0625], [-0.50254, 44.54965, 83.7], [-0.50255, 44.54959, 83.7], [-0.50246, 44.5496, 83.0625], [-0.50229, 44.54939, 81.26153846153846], [-0.50223, 44.54922, 81.26153846153846], [-0.50227, 44.54904, 81.22105263157896], [-0.50235, 44.54894, 81.1], [-0.50233, 44.54898, 81.1], [-0.50244, 44.549, 81.1], [-0.50249, 44.54888, 81.1], [-0.50244, 44.54886, 81.22105263157896], [-0.50253, 44.54881, 81.5], [-0.50255, 44.54886, 81.5], [-0.50261, 44.54886, 81.5], [-0.50264, 44.54877, 81.5], [-0.50273, 44.54874, 82.83571428571427], [-0.50297, 44.5487, 82.83571428571427], [-0.50326, 44.54872, 82.7], [-0.50354, 44.5488, 82.7]]]}}, {"type": "Feature", "properties": {"id_obligation": "331970000B2665", "priorite": "moyenne"}, "geometry": {"type": "Polygon", "coordinates": [[[-0.4996, 44.55479, 83.55555555555554], [-0.49952, 44.55458, 82.97333333333334], [-0.49958, 44.55457, 82.6], [-0.49954, 44.55445, 82.97333333333334], [-0.49975, 44.55418, 82.9], [-0.49995, 44.55408, 81.98333333333333], [-0.50025, 44.55404, 81.98333333333333], [-0.50049, 44.55409, 82.0], [-0.50076, 44.55421, 82.0], [-0.50095, 44.55446, 81.0], [-0.50085, 44.55443, 81.0], [-0.50073, 44.55447, 81.0], [-0.50092, 44.55453, 81.0], [-0.50095, 44.55448, 81.0], [-0.50095, 44.55457, 82.27692307692307], [-0.50089, 44.55473, 82.45], [-0.50072, 44.55493, 82.45], [-0.5004, 44.55506, 83.28333333333332], [-0.50007, 44.55504, 83.3], [-0.50027, 44.55483, 83.3], [-0.50018, 44.55475, 83.3], [-0.49996, 44.555, 83.3], [-0.50001, 44.55503, 83.26047421887833], [-0.4998, 44.55495, 83.55555555555554], [-0.4996, 44.55479, 83.55555555555554]]]}}, {"type": "Feature", "properties": {"id_obligation": "331970000B2668", "priorite": "moyenne"}, "geometry": {"type": "Polygon", "coordinates": [[[-0.50108, 44.55507, 82.68313492063491], [-0.50082, 44.55518, 82.68313492063491], [-0.50057, 44.5552, 82.68313492063491], [-0.50022, 44.55514, 83.3], [-0.50006, 44.55505, 83.3], [-0.50027, 44.55483, 83.3], [-0.50022, 44.55481, 83.3], [-0.50025, 44.55478, 83.3], [-0.50018, 44.55475, 83.3], [-0.49998, 44.55498, 83.3], [-0.4999, 44.55483, 83.69999999999999], [-0.49989, 44.55465, 83.69999999999999], [-0.49999, 44.5544, 84.2], [-0.50014, 44.55427, 84.2], [-0.50042, 44.55417, 82.19444444444444], [-0.50066, 44.55417, 82.19444444444444], [-0.50095, 44.55423, 81.0], [-0.50114, 44.55434, 81.0], [-0.50126, 44.55449, 81.0], [-0.50129, 44.55467, 81.0], [-0.50123, 44.55488, 82.68313492063491], [-0.50108, 44.55507, 82.68313492063491]]]}}, {"type": "Feature", "properties": {"id_obligation": "331970000B2673", "priorite": "moyenne"}, "geometry": {"type": "Polygon", "coordinates": [[[-0.49647, 44.55512, 86.6], [-0.49631, 44.55531, 86.6], [-0.49613, 44.55543, 86.6], [-0.49577, 44.55552, 83.04325946033784], [-0.49588, 44.55544, 82.9], [-0.49576, 44.55536, 83.1], [-0.49565, 44.55549, 83.1], [-0.4957, 44.55552, 83.1], [-0.49562, 44.55552, 82.97499999999998], [-0.49531, 44.55543, 82.8], [-0.4951, 44.55528, 82.8], [-0.49502, 44.55511, 82.8], [-0.49504, 44.55493, 82.5142857142857], [-0.49528, 44.55444, 81.0], [-0.49555, 44.55423, 82.11538461538461], [-0.49591, 44.55416, 82.11538461538461], [-0.49627, 44.55424, 83.80427426739926], [-0.49651, 44.55443, 83.80427426739926], [-0.49657, 44.55467, 88.26666666666667], [-0.49647, 44.55512, 86.6]]]}}, {"type": "Feature", "properties": {"id_obligation": "331970000B2674", "priorite": "moyenne"}, "geometry": {"type": "Polygon", "coordinates": [[[-0.49447, 44.5549, 82.86163369963371], [-0.49452, 44.55468, 82.86163369963371], [-0.49468, 44.5545, 82.86163369963371], [-0.49488, 44.5544, 82.86163369963371], [-0.49497, 44.55438, 81.1], [-0.49504, 44.55449, 81.4], [-0.49515, 44.55447, 81.4], [-0.49512, 44.55437, 81.18325572247126], [-0.49535, 44.5544, 81.0], [-0.49534, 44.5545, 81.0], [-0.49543, 44.55451, 81.0], [-0.49544, 44.55441, 81.0], [-0.49559, 44.55444, 82.4857142857143], [-0.49562, 44.55453, 81.6], [-0.49569, 44.55453, 81.1], [-0.49569, 44.55448, 80.96424146685702], [-0.49587, 44.55461, 82.4857142857143], [-0.49586, 44.55473, 83.7], [-0.49591, 44.55474, 83.7], [-0.49593, 44.55469, 84.27200000000002], [-0.49598, 44.55486, 84.27200000000002], [-0.4959, 44.55512, 84.04285714285716], [-0.49576, 44.55527, 84.04285714285716], [-0.49559, 44.55535, 82.8], [-0.49565, 44.55531, 82.8], [-0.4956, 44.55527, 82.8], [-0.49553, 44.55533, 82.8], [-0.49543, 44.55527, 82.8], [-0.49536, 44.55533, 82.8], [-0.49545, 44.55538, 82.8], [-0.49538, 44.55539, 82.8], [-0.49488, 44.55533, 82.86163369963371], [-0.49469, 44.55523, 82.86163369963371], [-0.49453, 44.55507, 82.86163369963371], [-0.49447, 44.5549, 82.86163369963371]]]}}, {"type": "Feature", "properties": {"id_obligation": "331970000B2675", "priorite": "faible"}, "geometry": {"type": "Polygon", "coordinates": [[[-0.50267, 44.54852, 81.9357142857143], [-0.50271, 44.5484, 82.0], [-0.50261, 44.54838, 82.0], [-0.5026, 44.5483, 81.9357142857143], [-0.50265, 44.54813, 81.9357142857143], [-0.50286, 44.54788, 85.8], [-0.50316, 44.54775, 84.4], [-0.50336, 44.54773, 84.56071428571428], [-0.5036, 44.54777, 82.75555555555553], [-0.50387, 44.54789, 82.75555555555553], [-0.50402, 44.54803, 82.75555555555553], [-0.50408, 44.54824, 84.7], [-0.50402, 44.54841, 84.7], [-0.50384, 44.54863, 80.5], [-0.50377, 44.54861, 80.5], [-0.50372, 44.54871, 81.56666666666666], [-0.50339, 44.5488, 82.33999999999999], [-0.50315, 44.54878, 82.33999999999999], [-0.50315, 44.54873, 82.3], [-0.50301, 44.54874, 82.3], [-0.50267, 44.54852, 81.9357142857143]]]}}, {"type": "Feature", "properties": {"id_obligation": "331970000B2681", "priorite": "moyenne"}, "geometry": {"type": "Polygon", "coordinates": [[[-0.51042, 44.54354, 83.21587301587303], [-0.51071, 44.5436, 85.6], [-0.51098, 44.54376, 85.6], [-0.5111, 44.54392, 85.6], [-0.51112, 44.54409, 82.7], [-0.51104, 44.54426, 82.7], [-0.51088, 44.54441, 82.7], [-0.51081, 44.54439, 82.7], [-0.51073, 44.5445, 82.3], [-0.51057, 44.54455, 83.96051029422642], [-0.5104, 44.54448, 83.2], [-0.51033, 44.54456, 83.2], [-0.51009, 44.54451, 83.21587301587303], [-0.5098, 44.54433, 83.0], [-0.50969, 44.54418, 83.0], [-0.50967, 44.544, 83.0], [-0.50974, 44.54384, 82.5], [-0.50992, 44.54368, 82.5], [-0.51018, 44.54357, 83.21587301587303], [-0.51042, 44.54354, 83.21587301587303]]]}}, {"type": "Feature", "properties": {"id_obligation": "331970000B2693", "priorite": "moyenne"}, "geometry": {"type": "Polygon", "coordinates": [[[-0.49684, 44.55534, 84.7], [-0.49661, 44.55554, 84.7], [-0.49638, 44.5556, 82.16666666666667], [-0.49614, 44.5556, 82.16666666666667], [-0.49605, 44.55559, 82.5], [-0.49613, 44.55553, 82.5], [-0.49604, 44.55547, 82.0], [-0.49593, 44.55556, 82.0], [-0.49588, 44.55554, 82.87647058823529], [-0.49579, 44.55551, 83.01894478062749], [-0.49588, 44.55544, 82.9], [-0.49576, 44.55536, 83.1], [-0.49569, 44.55546, 83.1], [-0.49558, 44.55536, 82.8], [-0.49565, 44.55531, 82.8], [-0.4956, 44.55527, 82.8], [-0.49555, 44.55531, 82.8], [-0.49551, 44.55522, 85.09], [-0.49549, 44.55481, 82.83200000000001], [-0.49551, 44.55475, 83.5], [-0.49563, 44.55473, 83.5], [-0.49567, 44.55463, 83.5], [-0.49557, 44.55461, 83.7], [-0.49574, 44.55446, 82.83200000000001], [-0.49596, 44.55438, 83.15], [-0.4962, 44.55436, 83.15], [-0.49653, 44.55442, 84.89999999999999], [-0.49674, 44.55452, 84.89999999999999], [-0.49687, 44.55467, 84.89999999999999], [-0.49691, 44.55502, 84.94000000000001], [-0.49684, 44.55534, 84.7]]]}}, {"type": "Feature", "properties": {"id_obligation": "331970000B2705", "priorite": "moyenne"}, "geometry": {"type": "Polygon", "coordinates": [[[-0.49741, 44.55484, 85.35605442176872], [-0.49749, 44.55505, 84.41428571428571], [-0.49741, 44.5553, 83.5], [-0.49724, 44.55548, 83.5], [-0.49702, 44.55556, 84.2], [-0.49678, 44.55558, 84.2], [-0.49639, 44.55551, 85.35605442176872], [-0.49614, 44.55538, 85.35605442176872], [-0.49602, 44.55523, 87.17142857142858], [-0.496, 44.55505, 87.17142857142858], [-0.49609, 44.55481, 88.59999999999998], [-0.49626, 44.55463, 88.59999999999998], [-0.49647, 44.55455, 84.89999999999999], [-0.49671, 44.55452, 84.89999999999999], [-0.49702, 44.55458, 85.35605442176872], [-0.49741, 44.55484, 85.35605442176872]]]}}]}