{"type": "FeatureCollection", "features": [{"type": "Feature", "properties": {"id_obligation": "332510000A0269", "priorite": "très forte"}, "geometry": {"type": "Polygon", "coordinates": [[[-0.59557, 44.53548, 70.84], [-0.59586, 44.53538, 70.84], [-0.5961, 44.53539, 70.84], [-0.59643, 44.53549, 70.84], [-0.59664, 44.53566, 70.84], [-0.5967, 44.53583, 70.84], [-0.59667, 44.53601, 70.84], [-0.59654, 44.53618, 70.84], [-0.59636, 44.5363, 70.84], [-0.59612, 44.53636, 70.84], [-0.59587, 44.53635, 70.84], [-0.59559, 44.53626, 70.84], [-0.59542, 44.53614, 70.84], [-0.59532, 44.53598, 70.84], [-0.59532, 44.5358, 70.84], [-0.59542, 44.53561, 70.84], [-0.59557, 44.53548, 70.84]]]}}, {"type": "Feature", "properties": {"id_obligation": "332510000A0471", "priorite": "forte"}, "geometry": {"type": "Polygon", "coordinates": [[[-0.58905, 44.52002, 73.81666666666666], [-0.58874, 44.52001, 76.41428571428571], [-0.58836, 44.51982, 76.41428571428571], [-0.58844, 44.51974, 77.9], [-0.58835, 44.51967, 77.9], [-0.58828, 44.51973, 77.9], [-0.58821, 44.51954, 77.9], [-0.58825, 44.51937, 77.9], [-0.58842, 44.51917, 73.6], [-0.58866, 44.51903, 73.6], [-0.5889, 44.51897, 74.90145502645503], [-0.58921, 44.519, 74.37777777777777], [-0.58957, 44.51918, 74.48091578414683], [-0.58958, 44.51918, 74.5], [-0.58965, 44.51925, 74.37777777777777], [-0.58973, 44.51942, 74.90145502645503], [-0.58969, 44.51964, 74.90145502645503], [-0.58956, 44.51979, 74.90145502645503], [-0.58932, 44.51993, 74.90145502645503], [-0.58905, 44.52002, 73.81666666666666]], [[-0.58938, 44.51911, 74.3], [-0.5893, 44.51922, 74.3], [-0.5895, 44.51929, 74.5], [-0.58957, 44.51918, 74.48091578414683], [-0.58938, 44.51911, 74.3]]]}}, {"type": "Feature", "properties": {"id_obligation": "332510000A0475", "priorite": "forte"}, "geometry": {"type": "Polygon", "coordinates": [[[-0.58892, 44.51957, 73.3], [-0.5891, 44.51948, 73.3], [-0.58896, 44.51942, 73.3], [-0.58884, 44.51953, 73.3], [-0.58871, 44.51936, 73.453], [-0.58867, 44.51919, 73.453], [-0.58882, 44.51891, 73.453], [-0.58897, 44.51877, 73.453], [-0.58924, 44.51867, 74.0], [-0.58949, 44.51866, 74.0], [-0.58988, 44.51878, 72.875], [-0.59006, 44.51889, 72.875], [-0.59018, 44.51904, 72.75], [-0.5902, 44.51926, 72.75], [-0.59006, 44.51949, 73.453], [-0.58991, 44.51963, 73.453], [-0.58971, 44.51972, 73.453], [-0.58947, 44.51974, 73.453], [-0.58892, 44.51958, 73.29999999999998], [-0.58892, 44.51957, 73.3]]]}}, {"type": "Feature", "properties": {"id_obligation": "332510000A0476", "priorite": "forte"}, "geometry": {"type": "Polygon", "coordinates": [[[-0.58914, 44.51931, 74.45], [-0.5891, 44.5191, 74.32000000000001], [-0.5892, 44.51889, 74.42425], [-0.5894, 44.51874, 74.42425], [-0.58962, 44.51867, 73.97], [-0.58987, 44.51867, 75.9], [-0.5901, 44.51873, 75.9], [-0.59035, 44.51889, 74.42425], [-0.59045, 44.51905, 74.42425], [-0.59045, 44.51922, 74.42425], [-0.59036, 44.51939, 74.42425], [-0.59017, 44.51955, 74.42425], [-0.58995, 44.51962, 74.42425], [-0.58971, 44.51963, 74.42425], [-0.58948, 44.51957, 74.45], [-0.58927, 44.51945, 74.45], [-0.58914, 44.51931, 74.45]]]}}, {"type": "Feature", "properties": {"id_obligation": "332510000A0478", "priorite": "forte"}, "geometry": {"type": "Polygon", "coordinates": [[[-0.58997, 44.51944, 73.33333333333333], [-0.58967, 44.51948, 73.33333333333333], [-0.58929, 44.5194, 74.4], [-0.58907, 44.51925, 74.4], [-0.58898, 44.51909, 74.3], [-0.589, 44.51887, 74.3], [-0.58923, 44.51854, 73.95689548546692], [-0.58941, 44.51841, 73.95689548546692], [-0.58964, 44.51835, 75.12857142857142], [-0.58995, 44.51837, 75.12857142857142], [-0.59024, 44.51848, 73.6], [-0.59019, 44.51852, 73.6], [-0.59029, 44.5185, 73.33636363636366], [-0.59046, 44.51863, 73.33636363636366], [-0.5905, 44.51869, 73.7], [-0.59045, 44.51868, 73.7], [-0.59039, 44.5188, 74.3], [-0.59049, 44.51882, 73.7], [-0.59053, 44.51875, 73.7], [-0.59053, 44.51897, 73.8], [-0.59041, 44.51916, 73.95689548546692], [-0.58997, 44.51944, 73.33333333333333]]]}}, {"type": "Feature", "properties": {"id_obligation": "332510000A0480", "priorite": "forte"}, "geometry": {"type": "Polygon", "coordinates": [[[-0.59072, 44.51817, 39.71494057724957], [-0.59091, 44.51819, 39.71494057724957], [-0.59122, 44.5183, 39.71494057724957], [-0.59137, 44.51843, 73.8], [-0.59145, 44.51864, 73.8], [-0.59136, 44.51889, 39.71494057724957], [-0.59123, 44.51904, 39.71494057724957], [-0.59076, 44.51923, 39.71494057724957], [-0.59052, 44.51927, 39.71494057724957], [-0.59027, 44.51924, 39.71494057724957], [-0.58996, 44.51912, 39.71494057724957], [-0.58971, 44.51911, 73.22631578947369], [-0.58944, 44.51901, 73.22631578947369], [-0.58923, 44.51885, 75.3], [-0.58916, 44.51865, 75.3], [-0.58929, 44.51833, 75.8], [-0.58944, 44.51814, 75.8], [-0.58962, 44.51802, 75.8], [-0.58998, 44.51795, 39.71494057724957], [-0.59045, 44.51805, 39.71494057724957], [-0.59072, 44.51817, 39.71494057724957]]]}}, {"type": "Feature", "properties": {"id_obligation": "332510000A0482", "priorite": "forte"}, "geometry": {"type": "Polygon", "coordinates": [[[-0.59176, 44.51792, 73.25999999999999], [-0.59184, 44.51817, 73.25999999999999], [-0.59171, 44.51845, 73.25999999999999], [-0.59143, 44.51862, 73.25999999999999], [-0.59106, 44.51864, 73.25999999999999], [-0.59037, 44.51848, 73.25999999999999], [-0.59016, 44.51839, 73.25999999999999], [-0.59001, 44.51824, 73.25999999999999], [-0.58996, 44.51802, 73.25999999999999], [-0.59007, 44.51774, 73.25999999999999], [-0.5902, 44.51759, 73.25999999999999], [-0.59039, 44.5175, 73.25999999999999], [-0.59069, 44.51746, 73.89999999999999], [-0.5908, 44.51747, 73.9], [-0.59078, 44.51753, 73.9], [-0.59087, 44.51754, 73.9], [-0.59088, 44.51748, 73.9], [-0.59098, 44.5175, 73.89999999999999], [-0.59151, 44.51774, 73.25999999999999], [-0.59176, 44.51792, 73.25999999999999]]]}}, {"type": "Feature", "properties": {"id_obligation": "332510000A0742", "priorite": "très forte"}, "geometry": {"type": "Polygon", "coordinates": [[[-0.60215, 44.51359, -1000.0], [-0.60222, 44.51382, -1000.0], [-0.60215, 44.51403, -1000.0], [-0.60199, 44.51417, -1000.0], [-0.60172, 44.51426, -1000.0], [-0.60136, 44.51428, -1000.0], [-0.60113, 44.51424, -1000.0], [-0.60094, 44.51413, -1000.0], [-0.60081, 44.51394, -1000.0], [-0.60079, 44.51372, -1000.0], [-0.60087, 44.51356, -1000.0], [-0.60105, 44.51341, -1000.0], [-0.60126, 44.51332, -1000.0], [-0.60157, 44.51329, -1000.0], [-0.6018, 44.51334, -1000.0], [-0.60201, 44.51344, -1000.0], [-0.60215, 44.51359, -1000.0]]]}}, {"type": "Feature", "properties": {"id_obligation": "332510000A0887", "priorite": "moyenne"}, "geometry": {"type": "MultiPolygon", "coordinates": [[[[-0.59032, 44.51783, 72.9], [-0.59019, 44.51768, 72.86386363636363], [-0.59016, 44.51751, 72.86386363636363], [-0.59023, 44.51726, 72.82500000000002], [-0.59038, 44.51711, 72.82500000000002], [-0.59065, 44.517, 72.3], [-0.59089, 44.51698, 72.3], [-0.59117, 44.51703, 72.93999999999998], [-0.5913, 44.51708, 73.4], [-0.59125, 44.51719, 73.0], [-0.59136, 44.51723, 72.5], [-0.5914, 44.51716, 72.5], [-0.59151, 44.51733, 72.86386363636363], [-0.59152, 44.5175, 72.86386363636363], [-0.59144, 44.51774, 72.86386363636363], [-0.59129, 44.51788, 72.86386363636363], [-0.59108, 44.51796, 72.9], [-0.5908, 44.51799, 72.9], [-0.59082, 44.51794, 72.9], [-0.59065, 44.51791, 72.9], [-0.59063, 44.51797, 72.9], [-0.59032, 44.51783, 72.9]]]]}}, {"type": "Feature", "properties": {"id_obligation": "332510000A0896", "priorite": "forte"}, "geometry": {"type": "Polygon", "coordinates": [[[-0.59286, 44.51651, 73.37666666666667], [-0.59286, 44.51668, 73.37666666666667], [-0.59273, 44.51691, 73.37666666666667], [-0.59257, 44.51705, 73.37666666666667], [-0.59236, 44.51713, 73.37666666666667], [-0.59211, 44.51715, 73.37666666666667], [-0.5918, 44.51708, 73.37666666666667], [-0.59162, 44.51696, 73.37666666666667], [-0.59132, 44.51643, 73.1], [-0.59138, 44.51632, 73.1], [-0.5913, 44.51629, 73.1], [-0.59139, 44.51606, 73.1], [-0.59154, 44.51592, 73.1], [-0.59189, 44.51582, 73.37666666666667], [-0.59229, 44.51588, 74.66666666666667], [-0.59228, 44.51599, 74.0], [-0.59242, 44.516, 74.0], [-0.59243, 44.51595, 74.0], [-0.59248, 44.51598, 74.66666666666667], [-0.59261, 44.51611, 75.6], [-0.59257, 44.51619, 75.6], [-0.59266, 44.51619, 75.6], [-0.59286, 44.51651, 73.37666666666667]]]}}, {"type": "Feature", "properties": {"id_obligation": "332510000A0906", "priorite": "forte"}, "geometry": {"type": "Polygon", "coordinates": [[[-0.59229, 44.5166, 73.70729166666668], [-0.59212, 44.51642, 73.70729166666668], [-0.59208, 44.51625, 73.70729166666668], [-0.59215, 44.51604, 74.0], [-0.59231, 44.51589, 74.0], [-0.59228, 44.51599, 74.0], [-0.59242, 44.516, 74.0], [-0.59245, 44.51589, 74.0], [-0.59233, 44.51588, 74.0], [-0.59251, 44.5158, 73.59166666666668], [-0.59275, 44.51578, 73.59166666666668], [-0.59306, 44.51583, 73.70729166666668], [-0.59326, 44.51593, 73.70729166666668], [-0.59338, 44.51608, 73.70729166666668], [-0.59343, 44.51625, 73.70729166666668], [-0.59336, 44.51646, 73.7], [-0.59321, 44.51661, 73.7], [-0.593, 44.51671, 73.70729166666668], [-0.59275, 44.51673, 73.70729166666668], [-0.59249, 44.51669, 73.70729166666668], [-0.59229, 44.5166, 73.70729166666668]]]}}, {"type": "Feature", "properties": {"id_obligation": "332510000A0911", "priorite": "moyenne"}, "geometry": {"type": "Polygon", "coordinates": [[[-0.5934, 44.51467, 72.5047619047619], [-0.59355, 44.5149, 72.5047619047619], [-0.59349, 44.51521, 72.5047619047619], [-0.59328, 44.51541, 72.5047619047619], [-0.59301, 44.5155, 72.5047619047619], [-0.59273, 44.5155, 72.5047619047619], [-0.59211, 44.51541, 72.5047619047619], [-0.59182, 44.51526, 72.5047619047619], [-0.59171, 44.5151, 72.5047619047619], [-0.59169, 44.51493, 72.5047619047619], [-0.59177, 44.51472, 72.5047619047619], [-0.59197, 44.51455, 72.5047619047619], [-0.59237, 44.51446, 72.5047619047619], [-0.59316, 44.51455, 72.5047619047619], [-0.5934, 44.51467, 72.5047619047619]]]}}, {"type": "Feature", "properties": {"id_obligation": "332510000A0917", "priorite": "moyenne"}, "geometry": {"type": "Polygon", "coordinates": [[[-0.59139, 44.51446, 72.9], [-0.59117, 44.51431, 72.9], [-0.59109, 44.51414, 73.26153846153845], [-0.59111, 44.51389, 73.04077762515263], [-0.59128, 44.51372, 73.04077762515263], [-0.59148, 44.51362, 73.04077762515263], [-0.59201, 44.51361, 73.2], [-0.59222, 44.51369, 73.2], [-0.59238, 44.51383, 73.2], [-0.59245, 44.51399, 73.3], [-0.59244, 44.5142, 72.64444444444445], [-0.59233, 44.51435, 72.64444444444445], [-0.59215, 44.51447, 72.64444444444445], [-0.59192, 44.51452, 73.02857142857142], [-0.59162, 44.51452, 73.02857142857142], [-0.59139, 44.51446, 72.9]]]}}, {"type": "Feature", "properties": {"id_obligation": "332510000A0918", "priorite": "moyenne"}, "geometry": {"type": "Polygon", "coordinates": [[[-0.59302, 44.51379, 73.25241176470588], [-0.59329, 44.51402, 74.08333333333333], [-0.5933, 44.51431, 73.25241176470588], [-0.59307, 44.51456, 73.25241176470588], [-0.59273, 44.51465, 73.25241176470588], [-0.59222, 44.51457, 73.2], [-0.5918, 44.51461, 72.86666666666666], [-0.59157, 44.51456, 72.86666666666666], [-0.59138, 44.51445, 72.86666666666666], [-0.59126, 44.51425, 73.048], [-0.59125, 44.51411, 72.6], [-0.59133, 44.51411, 72.6], [-0.59125, 44.514, 73.048], [-0.59132, 44.51383, 73.25241176470588], [-0.59148, 44.51369, 73.25241176470588], [-0.5917, 44.51361, 73.25241176470588], [-0.59196, 44.5136, 73.24], [-0.5922, 44.51364, 73.24], [-0.59241, 44.51374, 73.24], [-0.59262, 44.51372, 73.25241176470588], [-0.59302, 44.51379, 73.25241176470588]]]}}, {"type": "Feature", "properties": {"id_obligation": "332510000A0919", "priorite": "moyenne"}, "geometry": {"type": "Polygon", "coordinates": [[[-0.59213, 44.51386, 72.83749999999999], [-0.59234, 44.51377, 73.35694444444447], [-0.59258, 44.51374, 73.35694444444447], [-0.5929, 44.51378, 73.35694444444447], [-0.59311, 44.51387, 73.35694444444447], [-0.59326, 44.51402, 73.35694444444447], [-0.59332, 44.51419, 73.35694444444447], [-0.59327, 44.51441, 73.35694444444447], [-0.59309, 44.51458, 73.35694444444447], [-0.59288, 44.51467, 73.35694444444447], [-0.59264, 44.51469, 73.35694444444447], [-0.59233, 44.51465, 73.35694444444447], [-0.59212, 44.51456, 73.35694444444447], [-0.59198, 44.51442, 73.35694444444447], [-0.59193, 44.51431, 72.94272547428751], [-0.59213, 44.51436, 73.2], [-0.59214, 44.51431, 73.2], [-0.59198, 44.51425, 73.2], [-0.59193, 44.51429, 72.9], [-0.59196, 44.51404, 72.83749999999999], [-0.59213, 44.51386, 72.83749999999999]]]}}, {"type": "Feature", "properties": {"id_obligation": "332510000A0933", "priorite": "moyenne"}, "geometry": {"type": "Polygon", "coordinates": [[[-0.5917, 44.51435, 73.59090909090908], [-0.59146, 44.51421, 73.59090909090908], [-0.59135, 44.51406, 73.59090909090908], [-0.59129, 44.51374, 73.61575757575757], [-0.59137, 44.51357, 74.0], [-0.59159, 44.51341, 74.0], [-0.59182, 44.51335, 74.0], [-0.59215, 44.51334, 74.0], [-0.59243, 44.51342, 73.61575757575757], [-0.59259, 44.51354, 73.61575757575757], [-0.59268, 44.5137, 73.61575757575757], [-0.59272, 44.51396, 73.61575757575757], [-0.59265, 44.51413, 74.05454545454548], [-0.59249, 44.51427, 74.05454545454548], [-0.59227, 44.51435, 72.80909090909094], [-0.59194, 44.51438, 72.80909090909094], [-0.5917, 44.51435, 73.59090909090908]]]}}, {"type": "Feature", "properties": {"id_obligation": "332510000A1141", "priorite": "forte"}, "geometry": {"type": "Polygon", "coordinates": [[[-0.59099, 44.51697, 73.23055555555557], [-0.59113, 44.51711, 72.96666666666665], [-0.5912, 44.51728, 72.96666666666665], [-0.59116, 44.5175, 73.9], [-0.59104, 44.51765, 73.9], [-0.59085, 44.51776, 73.9], [-0.59062, 44.5178, 73.23055555555557], [-0.59027, 44.51777, 73.23055555555557], [-0.58989, 44.51768, 73.23055555555557], [-0.58968, 44.51752, 73.23055555555557], [-0.5896, 44.51732, 73.23055555555557], [-0.58967, 44.51706, 73.23055555555557], [-0.58986, 44.51689, 73.23055555555557], [-0.59014, 44.5168, 73.23055555555557], [-0.5905, 44.51682, 73.23055555555557], [-0.59099, 44.51697, 73.23055555555557]]]}}, {"type": "Feature", "properties": {"id_obligation": "332510000A1153", "priorite": "moyenne"}, "geometry": {"type": "Polygon", "coordinates": [[[-0.5902, 44.51682, 73.02142857142857], [-0.59002, 44.51669, 73.02142857142857], [-0.58994, 44.51652, 73.02142857142857], [-0.58995, 44.51634, 73.02142857142857], [-0.59006, 44.51608, 73.02142857142857], [-0.59024, 44.51595, 73.02142857142857], [-0.59047, 44.51588, 73.02142857142857], [-0.59072, 44.51588, 73.02142857142857], [-0.59136, 44.51597, 73.02142857142857], [-0.5916, 44.5161, 73.02142857142857], [-0.59173, 44.5163, 73.10000000000001], [-0.59169, 44.51663, 73.02142857142857], [-0.59154, 44.51682, 73.02142857142857], [-0.59121, 44.51694, 73.02142857142857], [-0.59077, 44.51693, 73.02142857142857], [-0.5902, 44.51682, 73.02142857142857]]]}}, {"type": "Feature", "properties": {"id_obligation": "332510000A1155", "priorite": "moyenne"}, "geometry": {"type": "Polygon", "coordinates": [[[-0.59069, 44.51667, 72.99870370370371], [-0.59058, 44.51645, 73.0], [-0.59109, 44.5165, 73.1], [-0.59112, 44.51639, 72.9], [-0.5906, 44.51632, 72.6], [-0.5906, 44.51629, 72.925], [-0.59062, 44.51625, 72.925], [-0.59075, 44.51604, 72.99870370370371], [-0.59092, 44.51592, 72.99870370370371], [-0.5912, 44.51584, 72.99870370370371], [-0.59145, 44.51585, 72.99870370370371], [-0.59172, 44.51594, 72.99870370370371], [-0.59193, 44.5161, 72.99870370370371], [-0.59201, 44.51627, 72.99333333333335], [-0.59188, 44.5163, 73.1], [-0.59181, 44.51643, 73.1], [-0.59192, 44.51647, 73.1], [-0.59196, 44.51639, 73.1], [-0.592, 44.5164, 72.79107139137639], [-0.59184, 44.51669, 72.99870370370371], [-0.59167, 44.51682, 72.99870370370371], [-0.59144, 44.51689, 72.99870370370371], [-0.5912, 44.51689, 72.99870370370371], [-0.59092, 44.51682, 72.99870370370371], [-0.59069, 44.51667, 72.99870370370371]]]}}, {"type": "Feature", "properties": {"id_obligation": "332510000A1158", "priorite": "moyenne"}, "geometry": {"type": "Polygon", "coordinates": [[[-0.59217, 44.51555, 73.310625], [-0.59205, 44.5157, 73.310625], [-0.59184, 44.51581, 73.310625], [-0.5916, 44.51586, 73.310625], [-0.59122, 44.51583, 73.310625], [-0.591, 44.51575, 73.310625], [-0.59084, 44.51561, 73.310625], [-0.59076, 44.5154, 72.63], [-0.5908, 44.51518, 72.55], [-0.59096, 44.51499, 72.55], [-0.59121, 44.51487, 72.55], [-0.59156, 44.51482, 75.2], [-0.59182, 44.51485, 73.310625], [-0.59207, 44.51498, 73.310625], [-0.59218, 44.51514, 73.310625], [-0.59217, 44.51555, 73.310625]]]}}, {"type": "Feature", "properties": {"id_obligation": "332510000A1160", "priorite": "moyenne"}, "geometry": {"type": "Polygon", "coordinates": [[[-0.59101, 44.51568, 72.9], [-0.59078, 44.51562, 73.4320588235294], [-0.5906, 44.5155, 73.4320588235294], [-0.5905, 44.51533, 73.4320588235294], [-0.5905, 44.51509, 73.4320588235294], [-0.59059, 44.51493, 73.4320588235294], [-0.59077, 44.5148, 73.4320588235294], [-0.59099, 44.51474, 73.4320588235294], [-0.59134, 44.51474, 73.4320588235294], [-0.59157, 44.51479, 75.2], [-0.5918, 44.51493, 75.2], [-0.59189, 44.51509, 73.475], [-0.59188, 44.51535, 72.75], [-0.59176, 44.51551, 72.75], [-0.59157, 44.51562, 72.75], [-0.59124, 44.51569, 72.9], [-0.59101, 44.51568, 72.9]]]}}, {"type": "Feature", "properties": {"id_obligation": "332510000A1161", "priorite": "moyenne"}, "geometry": {"type": "Polygon", "coordinates": [[[-0.59049, 44.51494, 73.52836538461538], [-0.59071, 44.51479, 73.52836538461538], [-0.59094, 44.51474, 73.52836538461538], [-0.59125, 44.51475, 73.52836538461538], [-0.59147, 44.51482, 75.2], [-0.59163, 44.51495, 75.2], [-0.59171, 44.51511, 73.47499999999998], [-0.5917, 44.51534, 73.47499999999998], [-0.5916, 44.5155, 72.8], [-0.59142, 44.51562, 72.8], [-0.59119, 44.51568, 73.52836538461538], [-0.59087, 44.51567, 73.52836538461538], [-0.59064, 44.51559, 73.52836538461538], [-0.59047, 44.51545, 73.52836538461538], [-0.59039, 44.51528, 73.52836538461538], [-0.5904, 44.5151, 73.52836538461538], [-0.59049, 44.51494, 73.52836538461538]]]}}, {"type": "Feature", "properties": {"id_obligation": "332510000A1250", "priorite": "très forte"}, "geometry": {"type": "Polygon", "coordinates": [[[-0.58017, 44.51468, 76.96153846153845], [-0.58013, 44.51486, 76.96153846153845], [-0.58, 44.51501, 76.96153846153845], [-0.57974, 44.51513, 76.96153846153845], [-0.57942, 44.51515, 76.96153846153845], [-0.57907, 44.5151, 76.96153846153845], [-0.57885, 44.51501, 76.96153846153845], [-0.57868, 44.51483, 77.0], [-0.57863, 44.51463, 77.0], [-0.57867, 44.51445, 77.0], [-0.57883, 44.51427, 77.0], [-0.57904, 44.51418, 77.0], [-0.57945, 44.51414, 76.96153846153845], [-0.5797, 44.51417, 76.96153846153845], [-0.57996, 44.51429, 76.96153846153845], [-0.5801, 44.51446, 76.96153846153845], [-0.58017, 44.51468, 76.96153846153845]]]}}, {"type": "Feature", "properties": {"id_obligation": "332510000A1264", "priorite": "forte"}, "geometry": {"type": "Polygon", "coordinates": [[[-0.57577, 44.51396, 78.86666666666666], [-0.57606, 44.5141, 78.86666666666666], [-0.57619, 44.51425, 78.86666666666666], [-0.57622, 44.51443, 78.86666666666666], [-0.57616, 44.51461, 78.86666666666666], [-0.57596, 44.51483, 78.86666666666666], [-0.57576, 44.51493, 78.86666666666666], [-0.57546, 44.51497, 79.1], [-0.57528, 44.51495, 79.1], [-0.57526, 44.51494, 79.1], [-0.57531, 44.51487, 79.1], [-0.57511, 44.5148, 79.1], [-0.57506, 44.51486, 79.1], [-0.57487, 44.51477, 79.1], [-0.57472, 44.51463, 78.86666666666666], [-0.57467, 44.51441, 78.86666666666666], [-0.57476, 44.5142, 78.86666666666666], [-0.57498, 44.514, 78.86666666666666], [-0.5752, 44.51393, 78.86666666666666], [-0.57577, 44.51396, 78.86666666666666]]]}}, {"type": "Feature", "properties": {"id_obligation": "332510000A1332", "priorite": "forte"}, "geometry": {"type": "Polygon", "coordinates": [[[-0.58158, 44.50824, 74.54333333333334], [-0.58137, 44.50843, 74.54333333333334], [-0.58116, 44.50851, 73.3], [-0.58086, 44.50852, 73.3], [-0.58054, 44.50842, 75.05], [-0.58037, 44.50829, 75.05], [-0.5802, 44.50805, 74.54333333333334], [-0.5802, 44.50783, 74.54333333333334], [-0.58041, 44.50755, 74.54333333333334], [-0.58067, 44.50732, 74.54333333333334], [-0.58094, 44.50722, 74.54333333333334], [-0.58124, 44.50722, 74.54333333333334], [-0.58159, 44.50736, 74.54333333333334], [-0.58176, 44.50755, 74.54333333333334], [-0.58179, 44.50777, 74.54333333333334], [-0.58158, 44.50824, 74.54333333333334]]]}}, {"type": "Feature", "properties": {"id_obligation": "332510000A1337", "priorite": "moyenne"}, "geometry": {"type": "Polygon", "coordinates": [[[-0.58217, 44.50764, 74.8], [-0.58216, 44.50746, 74.8], [-0.58227, 44.50726, 74.0], [-0.58251, 44.50708, 74.0], [-0.58274, 44.50701, 74.0], [-0.58305, 44.50701, 74.0], [-0.58335, 44.50714, 73.5], [-0.58324, 44.50716, 73.5], [-0.58328, 44.50725, 73.5], [-0.58343, 44.50719, 73.5], [-0.58349, 44.50724, 73.5], [-0.5836, 44.50745, 73.5], [-0.58358, 44.50762, 73.5], [-0.58347, 44.50778, 74.0], [-0.58322, 44.50796, 74.0], [-0.583, 44.50802, 73.8], [-0.58275, 44.50803, 73.8], [-0.58253, 44.50797, 74.8], [-0.58231, 44.50783, 74.8], [-0.58217, 44.50764, 74.8]]]}}, {"type": "Feature", "properties": {"id_obligation": "332510000A1404", "priorite": "moyenne"}, "geometry": {"type": "Polygon", "coordinates": [[[-0.59025, 44.51365, 73.21521164021165], [-0.59011, 44.5135, 73.21521164021165], [-0.59005, 44.51333, 73.21521164021165], [-0.59011, 44.51303, 73.21521164021165], [-0.59025, 44.51288, 73.21521164021165], [-0.59045, 44.51278, 73.21521164021165], [-0.5907, 44.51275, 71.9], [-0.59098, 44.51278, 72.53333333333335], [-0.5912, 44.51287, 72.53333333333335], [-0.59138, 44.51305, 72.53333333333335], [-0.59141, 44.51312, 73.2], [-0.59134, 44.51311, 73.2], [-0.59134, 44.51316, 73.2], [-0.59142, 44.51317, 73.2], [-0.59142, 44.51323, 73.35555555555555], [-0.59136, 44.51349, 73.46666666666668], [-0.59123, 44.51364, 73.46666666666668], [-0.59103, 44.51374, 73.46666666666668], [-0.59079, 44.51378, 73.4857142857143], [-0.59051, 44.51376, 73.21521164021165], [-0.59025, 44.51365, 73.21521164021165]]]}}, {"type": "Feature", "properties": {"id_obligation": "332510000A1413", "priorite": "moyenne"}, "geometry": {"type": "Polygon", "coordinates": [[[-0.5903, 44.51397, 74.0], [-0.59013, 44.51416, 74.0], [-0.59002, 44.51422, 74.0], [-0.5899, 44.51421, 74.0], [-0.58987, 44.51427, 74.0], [-0.5898, 44.51428, 73.69545454545455], [-0.5894, 44.51424, 73.54615384615387], [-0.5894, 44.51406, 73.7], [-0.58923, 44.51407, 73.7], [-0.58922, 44.51415, 73.7], [-0.58905, 44.51395, 73.54615384615387], [-0.589, 44.51348, -29.501136363636316], [-0.58906, 44.51326, -29.501136363636316], [-0.58925, 44.51308, -29.501136363636316], [-0.58947, 44.513, -29.501136363636316], [-0.58972, 44.51299, -29.501136363636316], [-0.59001, 44.51304, -29.501136363636316], [-0.59021, 44.51314, -29.501136363636316], [-0.59034, 44.51329, -29.501136363636316], [-0.59038, 44.51347, -29.501136363636316], [-0.5903, 44.51397, 74.0]]]}}, {"type": "Feature", "properties": {"id_obligation": "332510000A1415", "priorite": "moyenne"}, "geometry": {"type": "Polygon", "coordinates": [[[-0.59177, 44.51392, 73.46363636363635], [-0.59167, 44.51408, 73.46363636363635], [-0.59156, 44.51417, 73.1], [-0.59148, 44.5141, 72.3], [-0.59148, 44.5142, 73.46363636363635], [-0.59118, 44.51427, 72.33333333333333], [-0.59084, 44.51423, 72.33333333333333], [-0.5904, 44.51407, 73.33634795156534], [-0.5902, 44.51391, 73.33634795156534], [-0.59013, 44.5137, 73.33634795156534], [-0.59017, 44.51348, 73.33634795156534], [-0.59032, 44.51329, 73.33634795156534], [-0.59075, 44.51309, 73.84285714285714], [-0.59104, 44.51303, 73.84285714285714], [-0.59128, 44.51307, 73.2], [-0.59141, 44.51312, 73.2], [-0.59134, 44.51311, 73.2], [-0.59134, 44.51316, 73.2], [-0.59145, 44.51314, 73.2], [-0.59153, 44.51319, 73.2], [-0.59172, 44.51343, 74.0], [-0.59177, 44.51392, 73.46363636363635]]]}}, {"type": "Feature", "properties": {"id_obligation": "332510000A1417", "priorite": "moyenne"}, "geometry": {"type": "Polygon", "coordinates": [[[-0.59195, 44.51472, 73.03656746031747], [-0.5917, 44.51485, 73.03656746031747], [-0.59139, 44.51488, 73.03656746031747], [-0.59103, 44.51479, 73.03656746031747], [-0.59083, 44.51463, 73.03656746031747], [-0.59075, 44.51441, 72.78], [-0.5906, 44.51419, 72.78], [-0.59061, 44.51395, 73.4], [-0.59071, 44.51379, 73.4], [-0.59089, 44.51367, 73.4], [-0.59119, 44.5136, 72.81428571428572], [-0.59148, 44.51361, 72.81428571428572], [-0.59187, 44.51373, 73.24], [-0.59197, 44.51379, 73.2], [-0.59192, 44.5138, 73.2], [-0.59195, 44.51393, 73.2], [-0.59209, 44.51391, 73.29723276894337], [-0.59218, 44.51409, 72.91428571428575], [-0.59212, 44.51449, 73.03656746031747], [-0.59195, 44.51472, 73.03656746031747]]]}}, {"type": "Feature", "properties": {"id_obligation": "332510000A1441", "priorite": "moyenne"}, "geometry": {"type": "Polygon", "coordinates": [[[-0.59099, 44.51541, 72.56666666666666], [-0.59084, 44.51526, 72.56666666666666], [-0.59079, 44.51509, 72.66666666666667], [-0.59085, 44.51483, 73.15833333333333], [-0.591, 44.51468, 73.15833333333333], [-0.59121, 44.51459, 73.15833333333333], [-0.59145, 44.51456, 73.15833333333333], [-0.5918, 44.51461, 73.15833333333333], [-0.59204, 44.51474, 73.15833333333333], [-0.59215, 44.51489, 73.15833333333333], [-0.59212, 44.51526, 73.15833333333333], [-0.59199, 44.5154, 73.15833333333333], [-0.5918, 44.5155, 73.15833333333333], [-0.59156, 44.51554, 72.85714285714285], [-0.59126, 44.51552, 72.56666666666666], [-0.59099, 44.51541, 72.56666666666666]]]}}, {"type": "Feature", "properties": {"id_obligation": "332510000A1445", "priorite": "moyenne"}, "geometry": {"type": "Polygon", "coordinates": [[[-0.56986, 44.51402, 75.89942973692973], [-0.56968, 44.51415, 75.89942973692973], [-0.56945, 44.51421, 75.89942973692973], [-0.5692, 44.51421, 75.89942973692973], [-0.56874, 44.51409, 75.89942973692973], [-0.56854, 44.51399, 75.89942973692973], [-0.5684, 44.51379, 75.8], [-0.5684, 44.51357, 75.8], [-0.56851, 44.5134, 76.55454545454545], [-0.56881, 44.51319, 77.5], [-0.569, 44.51325, 77.5], [-0.56902, 44.51322, 77.5], [-0.56887, 44.51316, 76.55454545454545], [-0.5691, 44.51309, 75.68846153846151], [-0.56943, 44.5131, 75.68846153846151], [-0.56979, 44.51321, 75.625], [-0.56998, 44.51338, 75.625], [-0.57004, 44.51359, 75.7], [-0.56986, 44.51402, 75.89942973692973]]]}}, {"type": "Feature", "properties": {"id_obligation": "332510000A1446", "priorite": "moyenne"}, "geometry": {"type": "Polygon", "coordinates": [[[-0.57013, 44.51345, 75.7], [-0.57, 44.51365, 75.88554255035346], [-0.56976, 44.5138, 75.88554255035346], [-0.56952, 44.51384, 76.23888888888887], [-0.56928, 44.51382, 76.23888888888887], [-0.56892, 44.51369, 75.3], [-0.56873, 44.51352, 75.3], [-0.56867, 44.51335, 76.19047619047618], [-0.5687, 44.51318, 76.19047619047618], [-0.56888, 44.51292, 76.2142857142857], [-0.56899, 44.51284, 77.2], [-0.56911, 44.51288, 77.2], [-0.56915, 44.51281, 77.2], [-0.5691, 44.51279, 77.2], [-0.56935, 44.51275, 76.01764705882354], [-0.56958, 44.51277, 76.01764705882354], [-0.5699, 44.51289, 75.88554255035346], [-0.57007, 44.51306, 75.88554255035346], [-0.57013, 44.51345, 75.7]]]}}, {"type": "Feature", "properties": {"id_obligation": "332510000A1449", "priorite": "faible"}, "geometry": {"type": "Polygon", "coordinates": [[[-0.56842, 44.51267, 76.0], [-0.5686, 44.51254, 76.0], [-0.56888, 44.51247, 76.3909090909091], [-0.56913, 44.51249, 76.3909090909091], [-0.56943, 44.51259, 75.3], [-0.56971, 44.51278, 75.3], [-0.5698, 44.51294, 75.93333333333332], [-0.56979, 44.51315, 75.93333333333332], [-0.56967, 44.51335, 75.75714285714285], [-0.5694, 44.51359, 76.3], [-0.56921, 44.51354, 76.5], [-0.56918, 44.5136, 76.5], [-0.56927, 44.51365, 76.5], [-0.56901, 44.51367, 74.8], [-0.56906, 44.5137, 74.8], [-0.56883, 44.51368, 75.57999999999998], [-0.56845, 44.51357, 75.90821987536273], [-0.56822, 44.51337, 75.90821987536273], [-0.56817, 44.51316, 75.90821987536273], [-0.56842, 44.51267, 76.0]]]}}, {"type": "Feature", "properties": {"id_obligation": "332510000A1453", "priorite": "faible"}, "geometry": {"type": "Polygon", "coordinates": [[[-0.56856, 44.51251, 75.19999999999999], [-0.56865, 44.51271, 75.89318381898215], [-0.56861, 44.51292, 75.89318381898215], [-0.56844, 44.51314, 75.89318381898215], [-0.56811, 44.51327, 75.22727272727273], [-0.56788, 44.51327, 75.0], [-0.56793, 44.51318, 75.0], [-0.56786, 44.51316, 75.0], [-0.56781, 44.51326, 75.0], [-0.56768, 44.51324, 76.3], [-0.56785, 44.51294, 76.3], [-0.56773, 44.5129, 76.3], [-0.56755, 44.5132, 76.3], [-0.56736, 44.51311, 76.10000000000001], [-0.5672, 44.51291, 75.7], [-0.56742, 44.51299, 75.7], [-0.56749, 44.51288, 75.7], [-0.56717, 44.51275, 75.35000000000004], [-0.56721, 44.51264, 75.2], [-0.56735, 44.5127, 75.2], [-0.56741, 44.51263, 75.2], [-0.56725, 44.51257, 75.2], [-0.56743, 44.5124, 77.34285714285716], [-0.56752, 44.5124, 78.3], [-0.56752, 44.51235, 78.3], [-0.56763, 44.5123, 76.35882352941182], [-0.56786, 44.51227, 76.35882352941182], [-0.56791, 44.51227, 76.9], [-0.56784, 44.51236, 76.6], [-0.56776, 44.51232, 76.6], [-0.56771, 44.51236, 76.6], [-0.56782, 44.51243, 76.6], [-0.56799, 44.5123, 76.9], [-0.56796, 44.51227, 76.9], [-0.56834, 44.51237, 75.19999999999999], [-0.56856, 44.51251, 75.19999999999999]]]}}, {"type": "Feature", "properties": {"id_obligation": "332510000A1456", "priorite": "faible"}, "geometry": {"type": "Polygon", "coordinates": [[[-0.568, 44.51247, 75.5], [-0.56785, 44.51242, 74.8], [-0.5678, 44.5125, 75.5], [-0.56794, 44.51254, 75.5], [-0.568, 44.51248, 75.5], [-0.56801, 44.51275, 75.4], [-0.56788, 44.5127, 75.4], [-0.5678, 44.51279, 75.4], [-0.56798, 44.51282, 75.4], [-0.56781, 44.51301, 76.3], [-0.56785, 44.51294, 76.3], [-0.56773, 44.5129, 76.3], [-0.56761, 44.51311, 76.3], [-0.56753, 44.51313, 75.3142857142857], [-0.56728, 44.51315, 75.3142857142857], [-0.56705, 44.51309, 75.96666666666668], [-0.56674, 44.51297, 76.1], [-0.56676, 44.51293, 76.1], [-0.56663, 44.5129, 76.1], [-0.56649, 44.51272, 55.90766930985681], [-0.56648, 44.5125, 55.90766930985681], [-0.56665, 44.51223, 77.16153846153844], [-0.56681, 44.51209, 77.16153846153844], [-0.56703, 44.51201, 78.22], [-0.56731, 44.512, 78.5], [-0.56763, 44.51209, -86.92727272727271], [-0.56789, 44.51229, 76.9], [-0.56784, 44.51236, 76.9], [-0.56776, 44.51232, 76.6], [-0.56771, 44.51236, 76.6], [-0.56782, 44.51243, 76.6], [-0.56792, 44.51235, 76.9], [-0.568, 44.51247, 75.5]]]}}, {"type": "Feature", "properties": {"id_obligation": "332510000A1459", "priorite": "faible"}, "geometry": {"type": "MultiPolygon", "coordinates": [[[[-0.56656, 44.51319, 79.7], [-0.56661, 44.51311, 79.7], [-0.56649, 44.51307, 79.7], [-0.56647, 44.51311, 79.7], [-0.56639, 44.51296, 77.15416666666665], [-0.56643, 44.51266, 76.32422495039684], [-0.56667, 44.51241, 76.32422495039684], [-0.56694, 44.51231, 75.19166666666668], [-0.56718, 44.5123, 75.19166666666668], [-0.56776, 44.51247, 76.91785714285712], [-0.56795, 44.51257, 76.91785714285712], [-0.5681, 44.51276, 75.34687500000001], [-0.56811, 44.51293, 75.34687500000001], [-0.56787, 44.5133, 75.0], [-0.56793, 44.51318, 75.0], [-0.56786, 44.51316, 75.0], [-0.56778, 44.51335, 73.3], [-0.56765, 44.5134, 78.9], [-0.56752, 44.51338, 78.9], [-0.5675, 44.51341, 78.9], [-0.56731, 44.51336, 78.9], [-0.56727, 44.5134, 78.9], [-0.56733, 44.51343, 77.87142857142862], [-0.56686, 44.51333, 77.87142857142862], [-0.56656, 44.51319, 79.7]]], [[[-0.5678, 44.51333, 74.8], [-0.56781, 44.51333, 74.8], [-0.5678, 44.51335, 73.90660354739913], [-0.5678, 44.51333, 74.8]]]]}}, {"type": "Feature", "properties": {"id_obligation": "332510000A1460", "priorite": "faible"}, "geometry": {"type": "Polygon", "coordinates": [[[-0.56811, 44.51382, 75.0], [-0.56787, 44.51394, 75.0], [-0.56759, 44.514, 77.6], [-0.56735, 44.51398, 77.6], [-0.56712, 44.5139, 76.04], [-0.56676, 44.51366, 76.04], [-0.56665, 44.51345, 75.22666666666663], [-0.56669, 44.51323, 75.22666666666663], [-0.5668, 44.51308, 75.70000000000002], [-0.56699, 44.51297, 75.70000000000002], [-0.5672, 44.51291, 75.7], [-0.56742, 44.51299, 75.7], [-0.56746, 44.51292, 75.7], [-0.56771, 44.51294, 76.3], [-0.56754, 44.51322, 76.3], [-0.56766, 44.51326, 76.3], [-0.56784, 44.51297, 76.3], [-0.56811, 44.51308, 75.65714285714286], [-0.56826, 44.51322, 74.50833333333333], [-0.56832, 44.51344, 74.50833333333333], [-0.56826, 44.51363, 75.0], [-0.56811, 44.51382, 75.0]]]}}, {"type": "Feature", "properties": {"id_obligation": "332510000A1461", "priorite": "faible"}, "geometry": {"type": "Polygon", "coordinates": [[[-0.56795, 44.51433, 75.0], [-0.56764, 44.51431, 75.0], [-0.56718, 44.51414, 76.73383303624479], [-0.567, 44.51402, 76.73383303624479], [-0.56689, 44.51387, 76.63055555555552], [-0.56688, 44.51369, 76.63055555555552], [-0.56691, 44.5136, 76.34059094165221], [-0.5671, 44.51366, 76.5], [-0.56716, 44.51358, 76.8], [-0.56695, 44.51353, 76.6], [-0.567, 44.51346, 75.6], [-0.56715, 44.51349, 74.7], [-0.56716, 44.5134, 75.6], [-0.56708, 44.51337, 75.6], [-0.56718, 44.5133, 78.45999999999998], [-0.5674, 44.51323, 75.50588235294119], [-0.56755, 44.51321, 76.3], [-0.56766, 44.51326, 76.3], [-0.5677, 44.51322, 75.50588235294119], [-0.56781, 44.51325, 75.0], [-0.56776, 44.51335, 73.3], [-0.56784, 44.51334, 74.8], [-0.56788, 44.51327, 75.0], [-0.56841, 44.51355, 76.73383303624479], [-0.56853, 44.51374, 76.73383303624479], [-0.56851, 44.51392, 76.73383303624479], [-0.56839, 44.51412, 76.73383303624479], [-0.56818, 44.51426, 76.73383303624479], [-0.56795, 44.51433, 75.0]]]}}, {"type": "Feature", "properties": {"id_obligation": "332510000A1466", "priorite": "faible"}, "geometry": {"type": "Polygon", "coordinates": [[[-0.56757, 44.51386, 74.18571428571428], [-0.56763, 44.51411, 74.18571428571428], [-0.5675, 44.51437, 75.3], [-0.56721, 44.51454, 75.3], [-0.5669, 44.51456, 74.9888888888889], [-0.56614, 44.51448, 74.80416666666669], [-0.56605, 44.51445, 75.0], [-0.56607, 44.51439, 75.0], [-0.56594, 44.51436, 75.0], [-0.56593, 44.5144, 75.0], [-0.56584, 44.51435, 74.80416666666669], [-0.56567, 44.51417, 75.94615384615385], [-0.56562, 44.514, 75.94615384615385], [-0.56568, 44.51383, 75.94615384615385], [-0.56591, 44.51359, 75.78695652173913], [-0.56603, 44.51352, 76.5], [-0.56611, 44.51354, 76.5], [-0.56613, 44.51349, 76.5], [-0.56624, 44.51352, 75.9], [-0.56626, 44.51347, 75.9], [-0.56649, 44.51347, 75.85624999999999], [-0.5671, 44.51366, 76.5], [-0.56713, 44.51362, 76.8], [-0.56732, 44.51367, 76.56], [-0.56757, 44.51386, 74.18571428571428]]]}}, {"type": "Feature", "properties": {"id_obligation": "332510000A1468", "priorite": "faible"}, "geometry": {"type": "Polygon", "coordinates": [[[-0.56683, 44.51465, 75.8], [-0.5668, 44.51473, 75.8], [-0.56669, 44.5148, 75.11818181818182], [-0.5664, 44.51486, 75.11818181818182], [-0.56611, 44.51482, 75.0], [-0.56586, 44.5147, 75.0], [-0.56554, 44.51435, 75.0], [-0.56548, 44.51417, 75.0], [-0.56554, 44.51396, 75.73599999999999], [-0.56575, 44.51375, 75.73599999999999], [-0.56597, 44.51366, 75.73599999999999], [-0.5661, 44.5137, 74.5], [-0.56611, 44.51364, 74.5], [-0.56627, 44.51364, 74.87777777777778], [-0.5665, 44.5137, 74.87777777777778], [-0.56676, 44.51384, 77.55], [-0.567, 44.51406, 75.4], [-0.56695, 44.51405, 75.4], [-0.56692, 44.5141, 75.4], [-0.56698, 44.51412, 75.4], [-0.56701, 44.51407, 75.4], [-0.56706, 44.51418, 75.3], [-0.56702, 44.51426, 75.3], [-0.56708, 44.51428, 75.3], [-0.56706, 44.51438, 77.75714285714285], [-0.56689, 44.51466, 75.8], [-0.56683, 44.51465, 75.8]]]}}, {"type": "Feature", "properties": {"id_obligation": "332510000A1471", "priorite": "faible"}, "geometry": {"type": "Polygon", "coordinates": [[[-0.56495, 44.514, 74.8153846153846], [-0.56485, 44.51375, 74.8153846153846], [-0.56494, 44.51351, 75.11124467486536], [-0.56521, 44.51332, 75.11124467486536], [-0.56546, 44.51327, 74.34545454545454], [-0.56577, 44.51331, 74.34545454545454], [-0.5662, 44.51345, 75.9], [-0.56617, 44.5135, 75.9], [-0.56624, 44.51352, 75.9], [-0.56628, 44.51348, 75.665], [-0.56649, 44.51364, 75.665], [-0.56656, 44.51381, 75.12222222222222], [-0.56654, 44.51398, 75.12222222222222], [-0.56642, 44.51419, 75.44444444444444], [-0.56619, 44.51434, 75.44444444444444], [-0.56593, 44.51439, 75.0], [-0.56571, 44.51438, 75.0], [-0.56518, 44.51415, 75.11124467486536], [-0.56495, 44.514, 74.8153846153846]]]}}, {"type": "Feature", "properties": {"id_obligation": "332510000A1473", "priorite": "moyenne"}, "geometry": {"type": "Polygon", "coordinates": [[[-0.56623, 44.51319, 75.68333333333332], [-0.56647, 44.51326, 76.5], [-0.56631, 44.51324, 75.3], [-0.56629, 44.51328, 75.3], [-0.56654, 44.51335, 76.4], [-0.56657, 44.51332, 75.68333333333332], [-0.5667, 44.51346, 76.87777777777778], [-0.56676, 44.51363, 76.87777777777778], [-0.56676, 44.51368, 77.8], [-0.5667, 44.51366, 77.8], [-0.56663, 44.51376, 77.8], [-0.56672, 44.51379, 77.8], [-0.56656, 44.51401, 75.2], [-0.56628, 44.51413, 76.0], [-0.56617, 44.51408, 76.0], [-0.56612, 44.51415, 76.0], [-0.56542, 44.51399, 74.9556963285493], [-0.56544, 44.51391, 74.9], [-0.56535, 44.51388, 74.9], [-0.56531, 44.51394, 74.99999999999999], [-0.56513, 44.51377, 73.7], [-0.56507, 44.51361, 73.7], [-0.56517, 44.51333, 73.64444444444445], [-0.5654, 44.51317, 73.64444444444445], [-0.5657, 44.51311, 74.93076923076923], [-0.56623, 44.51319, 75.68333333333332]]]}}, {"type": "Feature", "properties": {"id_obligation": "332510000A1475", "priorite": "moyenne"}, "geometry": {"type": "Polygon", "coordinates": [[[-0.56612, 44.51307, 76.9], [-0.56623, 44.5131, 76.9], [-0.56629, 44.513, 76.9], [-0.56623, 44.51298, 76.9], [-0.56634, 44.51299, 76.21599999999998], [-0.56673, 44.51317, 78.23333333333333], [-0.56684, 44.51329, 75.3], [-0.56675, 44.51326, 75.3], [-0.56668, 44.51338, 75.3], [-0.56674, 44.51343, 74.1], [-0.56685, 44.5133, 75.3], [-0.56682, 44.5134, 75.6], [-0.56689, 44.51343, 75.6], [-0.5669, 44.5135, 75.06785714285716], [-0.56689, 44.51355, 75.4], [-0.56677, 44.5135, 72.5], [-0.56675, 44.51354, 72.5], [-0.56688, 44.51358, 75.9], [-0.56682, 44.5137, 77.8], [-0.5667, 44.51366, 77.8], [-0.56663, 44.51376, 77.8], [-0.56674, 44.5138, 77.8], [-0.56667, 44.51385, 77.8], [-0.56647, 44.51394, 74.85833333333332], [-0.56635, 44.51391, 75.2], [-0.56629, 44.51397, 75.2], [-0.56608, 44.51399, 74.85833333333332], [-0.56574, 44.51393, 75.52916666666665], [-0.56553, 44.51383, 75.52916666666665], [-0.56535, 44.51365, 73.56363636363638], [-0.56531, 44.51343, 73.56363636363638], [-0.56543, 44.51319, 74.3], [-0.56564, 44.51305, 74.3], [-0.56586, 44.51298, 74.3], [-0.56591, 44.51302, 74.3], [-0.56594, 44.51297, 74.3], [-0.56616, 44.51298, 76.9], [-0.56612, 44.51307, 76.9]]]}}, {"type": "Feature", "properties": {"id_obligation": "332510000A1476", "priorite": "faible"}, "geometry": {"type": "Polygon", "coordinates": [[[-0.56703, 44.51356, 76.9], [-0.56677, 44.5135, 72.5], [-0.56675, 44.51354, 72.5], [-0.56699, 44.51363, 76.8], [-0.56679, 44.51382, 77.3], [-0.56657, 44.5139, 75.525], [-0.56632, 44.51391, 75.525], [-0.56583, 44.51374, 74.5], [-0.56571, 44.51359, 74.87941176470588], [-0.56581, 44.51359, 74.2], [-0.56569, 44.51355, 74.1], [-0.56566, 44.51338, 74.87941176470588], [-0.56575, 44.51318, 75.28235294117648], [-0.56589, 44.51303, 75.28235294117648], [-0.56616, 44.51291, 76.71785714285716], [-0.56637, 44.51295, 76.8], [-0.56641, 44.5129, 76.71785714285716], [-0.56654, 44.51292, 76.1], [-0.56648, 44.51297, 76.1], [-0.56672, 44.51302, 76.1], [-0.56673, 44.51298, 76.1], [-0.56692, 44.51309, 76.1], [-0.56706, 44.51337, 75.6], [-0.56688, 44.5133, 75.6], [-0.56682, 44.5134, 75.6], [-0.56705, 44.51348, 75.23225806451613], [-0.56703, 44.51356, 76.9]]]}}, {"type": "Feature", "properties": {"id_obligation": "332510000A1478", "priorite": "moyenne"}, "geometry": {"type": "Polygon", "coordinates": [[[-0.56539, 44.51359, 73.84], [-0.56531, 44.51342, 74.1], [-0.56533, 44.51324, 74.1], [-0.56546, 44.51306, 75.2106644493315], [-0.5657, 44.51293, 75.2106644493315], [-0.56593, 44.5129, 74.57894736842107], [-0.56616, 44.51292, 74.57894736842107], [-0.56645, 44.51304, 78.45555555555558], [-0.5665, 44.51308, 79.7], [-0.56644, 44.51317, 79.7], [-0.56657, 44.5132, 79.7], [-0.56658, 44.51316, 79.7], [-0.56666, 44.51334, 75.69090909090909], [-0.56662, 44.51352, 75.69090909090909], [-0.56648, 44.5137, 75.2106644493315], [-0.56628, 44.51381, 75.2106644493315], [-0.56603, 44.51385, 74.72173913043478], [-0.5656, 44.51375, 73.7], [-0.56539, 44.51359, 73.84]]]}}, {"type": "Feature", "properties": {"id_obligation": "332510000A1479", "priorite": "faible"}, "geometry": {"type": "Polygon", "coordinates": [[[-0.56553, 44.51255, 75.80161904761906], [-0.56581, 44.51246, 75.62], [-0.56611, 44.51248, 75.62], [-0.56638, 44.51259, 75.80161904761906], [-0.56653, 44.51274, 75.80161904761906], [-0.56659, 44.51289, 76.1], [-0.5665, 44.51292, 76.0], [-0.56648, 44.51297, 76.1], [-0.56658, 44.51299, 76.1], [-0.56644, 44.51317, 79.7], [-0.5665, 44.51318, 79.7], [-0.56647, 44.51323, 75.81666666666666], [-0.5664, 44.51327, 75.8], [-0.56631, 44.51324, 75.3], [-0.56629, 44.51328, 75.3], [-0.56639, 44.51331, 75.95031744306111], [-0.56636, 44.51334, 75.81666666666666], [-0.56616, 44.51344, 75.13750000000002], [-0.56607, 44.51346, 75.4], [-0.566, 44.51342, 75.4], [-0.56589, 44.51347, 72.5], [-0.56562, 44.51343, 75.80161904761906], [-0.56542, 44.51334, 75.80161904761906], [-0.56528, 44.5132, 75.80161904761906], [-0.56522, 44.51303, 75.80161904761906], [-0.56536, 44.51268, 75.80161904761906], [-0.56553, 44.51255, 75.80161904761906]]]}}, {"type": "Feature", "properties": {"id_obligation": "332510000A1480", "priorite": "moyenne"}, "geometry": {"type": "MultiPolygon", "coordinates": [[[[-0.56718, 44.51344, 74.79063780010637], [-0.56688, 44.5133, 75.6], [-0.56682, 44.5134, 75.6], [-0.5671, 44.5135, 75.6], [-0.56716, 44.51346, 74.7], [-0.5671, 44.51356, 76.8], [-0.56677, 44.5135, 72.5], [-0.56675, 44.51354, 72.5], [-0.56703, 44.51364, 76.8], [-0.56679, 44.51377, 75.47826086956523], [-0.56683, 44.51371, 77.8], [-0.5667, 44.51366, 77.8], [-0.56663, 44.51376, 77.8], [-0.56671, 44.51379, 77.8], [-0.56655, 44.5138, 75.47826086956523], [-0.5661, 44.5137, 74.5], [-0.56613, 44.51364, 74.5], [-0.566, 44.51361, 74.5], [-0.56597, 44.51366, 74.5], [-0.56588, 44.51361, 74.98214285714288], [-0.56552, 44.51322, 74.69333333333333], [-0.5655, 44.513, 74.69333333333333], [-0.5656, 44.51277, 75.30769230769229], [-0.5658, 44.5126, 75.30769230769229], [-0.56609, 44.51252, 75.30769230769229], [-0.56634, 44.51253, 76.58000000000001], [-0.56689, 44.5127, 75.71333333333334], [-0.56706, 44.51279, 75.7], [-0.56701, 44.51288, 75.7], [-0.56718, 44.51291, 75.7], [-0.56721, 44.51296, 75.57499999999999], [-0.56718, 44.51344, 74.79063780010637]]], [[[-0.56603, 44.51369, 74.98214285714288], [-0.56597, 44.51366, 74.5], [-0.5661, 44.5137, 74.5], [-0.56603, 44.51369, 74.98214285714288]]]]}}, {"type": "Feature", "properties": {"id_obligation": "332510000A1487", "priorite": "moyenne"}, "geometry": {"type": "Polygon", "coordinates": [[[-0.56473, 44.5136, 73.8436507936508], [-0.56454, 44.51342, 73.8436507936508], [-0.56449, 44.51325, 73.8436507936508], [-0.56455, 44.51304, 73.8436507936508], [-0.56469, 44.51289, 73.8436507936508], [-0.56494, 44.51276, 73.8436507936508], [-0.56518, 44.51272, 73.8436507936508], [-0.56549, 44.51276, 73.8436507936508], [-0.5657, 44.51286, 73.8436507936508], [-0.56586, 44.51305, 73.8436507936508], [-0.56588, 44.51322, 73.8436507936508], [-0.56582, 44.51345, 74.14285714285714], [-0.56572, 44.51356, 74.1098974002708], [-0.56568, 44.51355, 74.1], [-0.56568, 44.5136, 74.14285714285714], [-0.56547, 44.5137, 74.14285714285714], [-0.56523, 44.51373, 73.8436507936508], [-0.565, 44.51371, 73.8436507936508], [-0.56473, 44.5136, 73.8436507936508]]]}}, {"type": "Feature", "properties": {"id_obligation": "332510000A1509", "priorite": "faible"}, "geometry": {"type": "Polygon", "coordinates": [[[-0.56625, 44.51232, 78.3], [-0.56605, 44.51243, 74.0], [-0.56581, 44.51247, 74.0], [-0.56557, 44.51245, 74.0], [-0.56561, 44.51237, 74.0], [-0.56553, 44.51234, 74.0], [-0.56548, 44.51244, 74.0], [-0.56549, 44.51241, 74.0], [-0.56543, 44.51239, 74.0], [-0.56541, 44.51242, 74.0], [-0.56522, 44.51235, 74.0], [-0.56504, 44.51218, 74.0], [-0.56499, 44.51201, 75.5034584980237], [-0.56502, 44.51182, 75.5034584980237], [-0.56521, 44.51144, 75.5034584980237], [-0.56544, 44.51129, 75.5034584980237], [-0.56574, 44.51123, 75.5034584980237], [-0.56617, 44.5113, 75.25], [-0.56642, 44.51144, 75.25], [-0.56653, 44.5116, 75.0], [-0.56647, 44.51159, 75.0], [-0.56642, 44.51176, 75.5], [-0.56654, 44.51177, 75.5], [-0.56648, 44.51197, 77.02727272727272], [-0.56625, 44.51232, 78.3]]]}}, {"type": "Feature", "properties": {"id_obligation": "332510000A1511", "priorite": "faible"}, "geometry": {"type": "Polygon", "coordinates": [[[-0.56709, 44.51203, 75.9], [-0.56703, 44.51209, 77.3], [-0.56691, 44.51209, 77.3], [-0.56687, 44.51221, 77.3], [-0.56679, 44.51219, 77.3], [-0.56687, 44.51223, 77.3], [-0.56681, 44.51232, 77.29999999999998], [-0.56653, 44.51249, 78.3], [-0.56629, 44.51253, 78.3], [-0.56591, 44.51248, 76.06894409937887], [-0.56571, 44.51238, 76.06894409937887], [-0.56557, 44.51224, 76.06894409937887], [-0.56549, 44.51198, 74.44782608695652], [-0.56557, 44.51172, 74.44782608695652], [-0.56585, 44.51151, 76.06894409937887], [-0.56599, 44.5113, 76.06894409937887], [-0.56624, 44.51117, 75.0], [-0.56655, 44.51114, 75.0], [-0.56697, 44.51125, 75.3], [-0.56717, 44.51142, 75.3], [-0.56722, 44.51158, 75.3], [-0.56716, 44.51156, 75.3], [-0.56711, 44.51163, 75.3], [-0.56723, 44.51167, 75.3], [-0.56709, 44.51203, 75.9]]]}}, {"type": "Feature", "properties": {"id_obligation": "332510000A1514", "priorite": "faible"}, "geometry": {"type": "Polygon", "coordinates": [[[-0.56766, 44.51217, 76.34999999999998], [-0.56757, 44.51241, 77.63571428571427], [-0.56744, 44.51256, 77.63571428571427], [-0.56736, 44.51261, 75.2], [-0.56725, 44.51257, 75.2], [-0.56732, 44.51248, 75.2], [-0.56721, 44.51244, 75.2], [-0.56709, 44.51259, 75.2], [-0.56724, 44.51265, 75.2], [-0.56701, 44.5127, 75.2], [-0.56665, 44.51266, 76.03594483002378], [-0.56635, 44.51254, 76.03594483002378], [-0.56618, 44.51236, 76.03594483002378], [-0.56607, 44.51202, 77.89999999999999], [-0.56609, 44.51185, 77.89999999999999], [-0.56626, 44.51155, 75.38888888888889], [-0.56645, 44.51143, 75.38888888888889], [-0.56674, 44.51137, 74.8], [-0.56704, 44.5114, 74.8], [-0.56725, 44.51149, 74.50769230769232], [-0.5675, 44.51168, 74.2], [-0.56741, 44.51165, 74.2], [-0.56739, 44.51168, 74.2], [-0.56751, 44.51169, 74.2], [-0.56758, 44.51177, 74.50769230769232], [-0.56766, 44.51201, 78.5], [-0.56766, 44.51217, 76.34999999999998]], [[-0.56722, 44.51188, 78.5], [-0.56718, 44.51194, 78.5], [-0.56747, 44.51205, 78.5], [-0.56761, 44.51209, 78.5], [-0.56766, 44.51201, 78.5], [-0.56722, 44.51188, 78.5]]]}}, {"type": "Feature", "properties": {"id_obligation": "332510000A1515", "priorite": "faible"}, "geometry": {"type": "Polygon", "coordinates": [[[-0.56743, 44.51156, 74.74166666666669], [-0.56761, 44.51178, 77.096], [-0.5676, 44.51202, 78.5], [-0.56734, 44.51189, 78.5], [-0.56722, 44.51188, 78.5], [-0.56718, 44.51194, 78.5], [-0.56761, 44.51209, 78.5], [-0.5675, 44.51224, 78.31666666666665], [-0.5673, 44.51235, 78.31666666666665], [-0.56706, 44.51241, 77.3], [-0.56677, 44.5124, 77.3], [-0.56655, 44.51233, 76.4776036168133], [-0.56635, 44.51217, 76.4776036168133], [-0.56628, 44.5118, 77.68181818181817], [-0.56637, 44.51164, 75.375], [-0.56654, 44.51152, 75.375], [-0.56677, 44.51145, 75.3], [-0.56704, 44.51143, 75.3], [-0.56743, 44.51156, 74.74166666666669]]]}}, {"type": "Feature", "properties": {"id_obligation": "332510000A1516", "priorite": "faible"}, "geometry": {"type": "Polygon", "coordinates": [[[-0.56797, 44.51246, 75.22752334742573], [-0.56785, 44.51242, 74.8], [-0.5678, 44.5125, 75.5], [-0.56785, 44.51251, 75.5], [-0.56758, 44.51254, -39.78108108108105], [-0.56719, 44.51246, 75.2], [-0.56674, 44.51227, 75.725], [-0.5666, 44.51213, 76.21500000000006], [-0.56655, 44.51191, 76.21500000000006], [-0.56675, 44.51153, 75.3], [-0.5669, 44.51139, 75.3], [-0.56717, 44.51128, 74.64166666666668], [-0.56747, 44.51128, 74.64166666666668], [-0.56808, 44.51148, 77.1692307692308], [-0.56812, 44.5115, 76.33188119636533], [-0.56809, 44.51154, 76.3], [-0.56828, 44.51159, 77.1692307692308], [-0.5684, 44.51174, 75.86666666666666], [-0.56843, 44.51186, 75.5], [-0.56838, 44.51191, 75.5], [-0.56843, 44.51192, 75.5], [-0.56836, 44.51209, 75.86666666666666], [-0.56797, 44.51246, 75.22752334742573]]]}}, {"type": "Feature", "properties": {"id_obligation": "332510000A1518", "priorite": "faible"}, "geometry": {"type": "Polygon", "coordinates": [[[-0.56803, 44.51143, 76.4], [-0.56814, 44.51163, 77.7], [-0.568, 44.51161, 77.7], [-0.56796, 44.51165, 77.7], [-0.56814, 44.51174, 77.7], [-0.56813, 44.51178, 77.35000000000001], [-0.56801, 44.51197, 73.6], [-0.56784, 44.51209, 73.6], [-0.56762, 44.51215, 77.7], [-0.56738, 44.51216, 77.7], [-0.56679, 44.51202, 76.05636445388772], [-0.56703, 44.51203, 76.7], [-0.56702, 44.51197, 76.7], [-0.56682, 44.51197, 75.5], [-0.56683, 44.51182, 75.2], [-0.56677, 44.51182, 75.2], [-0.56676, 44.51197, 75.5], [-0.5666, 44.5119, 76.55625000000002], [-0.56651, 44.51177, 75.5], [-0.56657, 44.51178, 75.5], [-0.56659, 44.51161, 75.5], [-0.56648, 44.51159, 75.0], [-0.56649, 44.51156, 75.03529411764706], [-0.56662, 44.51132, 75.87961908447589], [-0.56679, 44.51119, 75.87961908447589], [-0.56701, 44.51112, 75.87961908447589], [-0.56726, 44.51111, 75.87961908447589], [-0.5678, 44.51129, 76.4], [-0.56803, 44.51143, 76.4]]]}}, {"type": "Feature", "properties": {"id_obligation": "332510000A1520", "priorite": "faible"}, "geometry": {"type": "Polygon", "coordinates": [[[-0.56881, 44.5119, 77.4], [-0.56863, 44.51197, 77.4], [-0.56867, 44.51205, 77.39999999999999], [-0.56831, 44.5122, 75.86666666666666], [-0.568, 44.51219, 75.86666666666666], [-0.56764, 44.51204, 78.5], [-0.56766, 44.51201, 78.5], [-0.56756, 44.512, 76.80740740740741], [-0.56738, 44.51183, 76.80740740740741], [-0.56735, 44.51177, 74.1], [-0.56743, 44.5118, 74.1], [-0.56746, 44.51176, 74.1], [-0.56734, 44.51173, 74.1], [-0.56737, 44.51149, 74.15555555555557], [-0.56768, 44.51114, 75.71867212834954], [-0.56805, 44.51089, 74.56666666666666], [-0.56828, 44.51082, 74.56666666666666], [-0.56864, 44.51084, 75.71867212834954], [-0.56895, 44.51101, 75.71867212834954], [-0.56909, 44.51124, 75.71867212834954], [-0.56905, 44.51151, 75.26666666666667], [-0.56881, 44.5119, 77.4]]]}}, {"type": "Feature", "properties": {"id_obligation": "332510000A1525", "priorite": "faible"}, "geometry": {"type": "Polygon", "coordinates": [[[-0.56982, 44.51181, 75.69999999999999], [-0.5697, 44.51199, -1000.0], [-0.56952, 44.5121, -1000.0], [-0.56924, 44.51216, -99.41666666666667], [-0.56898, 44.51214, -99.41666666666667], [-0.56873, 44.51205, 77.39323628834222], [-0.56886, 44.51194, 77.4], [-0.56879, 44.51188, 77.4], [-0.56863, 44.51197, 77.4], [-0.56856, 44.5119, 77.37499999999999], [-0.56849, 44.51173, -101.50119047619047], [-0.56853, 44.51155, -101.50119047619047], [-0.56869, 44.51133, -101.50119047619047], [-0.56888, 44.51122, -101.50119047619047], [-0.56912, 44.51118, 78.8], [-0.56937, 44.51121, 78.23333333333333], [-0.56963, 44.51131, 78.23333333333333], [-0.56978, 44.51145, 78.23333333333333], [-0.56984, 44.51164, 75.69999999999999], [-0.56982, 44.51181, 75.69999999999999]]]}}, {"type": "Feature", "properties": {"id_obligation": "332510000A1526", "priorite": "faible"}, "geometry": {"type": "Polygon", "coordinates": [[[-0.56939, 44.51237, 76.4], [-0.56943, 44.5123, 76.4], [-0.56926, 44.51226, 76.4], [-0.56919, 44.51213, -459.65], [-0.56917, 44.51193, 80.7], [-0.56928, 44.51198, 80.7], [-0.56931, 44.51195, 80.7], [-0.56918, 44.5119, 80.7], [-0.56927, 44.51174, -31.26999999999999], [-0.56944, 44.51161, -31.26999999999999], [-0.56966, 44.51154, 75.3], [-0.56999, 44.51153, 75.3], [-0.57022, 44.51159, -31.26999999999999], [-0.5704, 44.51171, -31.26999999999999], [-0.5705, 44.51187, -31.26999999999999], [-0.57051, 44.51213, -31.26999999999999], [-0.57043, 44.5123, -31.26999999999999], [-0.57026, 44.51243, -31.26999999999999], [-0.56997, 44.51251, 75.8], [-0.56973, 44.5125, 75.8], [-0.56939, 44.51237, 76.4]]]}}, {"type": "Feature", "properties": {"id_obligation": "332510000A1527", "priorite": "moyenne"}, "geometry": {"type": "Polygon", "coordinates": [[[-0.57002, 44.51161, 12.641169772256706], [-0.57036, 44.51175, 12.641169772256706], [-0.5705, 44.51189, 75.8], [-0.57055, 44.51206, 75.8], [-0.57051, 44.51223, 12.641169772256706], [-0.57033, 44.51247, 12.641169772256706], [-0.57015, 44.51259, 12.641169772256706], [-0.56985, 44.51265, 76.4], [-0.56956, 44.5126, 76.4], [-0.56922, 44.51243, 76.4], [-0.56903, 44.51239, 74.69999999999999], [-0.56876, 44.51228, 74.6], [-0.56886, 44.51231, 74.6], [-0.56889, 44.51228, 74.8], [-0.56874, 44.51223, 74.8], [-0.56872, 44.51226, 74.64106712150003], [-0.56862, 44.51219, 77.05652173913042], [-0.56849, 44.51194, 77.05652173913042], [-0.56861, 44.51165, 78.8], [-0.56893, 44.51146, 78.8], [-0.56929, 44.51144, 77.31499999999997], [-0.56951, 44.51155, 74.8], [-0.56954, 44.51152, 74.8], [-0.56968, 44.51159, 77.31499999999997], [-0.57002, 44.51161, 12.641169772256706]]]}}, {"type": "Feature", "properties": {"id_obligation": "332510000A1528", "priorite": "moyenne"}, "geometry": {"type": "Polygon", "coordinates": [[[-0.56888, 44.51197, 77.3], [-0.56884, 44.51192, 77.4], [-0.56889, 44.51189, 76.9125], [-0.56917, 44.5118, -459.65], [-0.56947, 44.51182, -459.65], [-0.5698, 44.51193, 75.8], [-0.56988, 44.51198, 75.8], [-0.5698, 44.51198, 75.8], [-0.56972, 44.51215, 75.8], [-0.56984, 44.5122, 75.8], [-0.56992, 44.51207, 75.8], [-0.56989, 44.51198, 75.8], [-0.57006, 44.51226, 75.8], [-0.57003, 44.51244, 75.8], [-0.5699, 44.51264, 8.971145833333335], [-0.56967, 44.51278, 8.971145833333335], [-0.56943, 44.51283, 75.3], [-0.56919, 44.5128, 75.3], [-0.56886, 44.51269, 75.91666666666667], [-0.56864, 44.51249, 76.0], [-0.5687, 44.51251, 76.0], [-0.56873, 44.51243, 76.0], [-0.5686, 44.5124, 76.0], [-0.56861, 44.51223, 75.28999999999999], [-0.56871, 44.51204, 77.4], [-0.56888, 44.51197, 77.3]]]}}, {"type": "Feature", "properties": {"id_obligation": "332510000A1530", "priorite": "faible"}, "geometry": {"type": "Polygon", "coordinates": [[[-0.56941, 44.51207, -1000.0], [-0.56946, 44.51209, -1000.0], [-0.56936, 44.51227, 76.4], [-0.56927, 44.51225, 76.4], [-0.56922, 44.51233, 76.4], [-0.56931, 44.51235, 76.4], [-0.56916, 44.5125, 76.4], [-0.56895, 44.51259, 75.35999999999999], [-0.56864, 44.51261, 75.35999999999999], [-0.56836, 44.51253, 74.5], [-0.56818, 44.51241, 74.5], [-0.56803, 44.5121, 75.33333333333333], [-0.568, 44.51193, 75.33333333333333], [-0.5681, 44.51172, 77.7], [-0.56818, 44.51176, 77.7], [-0.56825, 44.51169, 77.7], [-0.56818, 44.51166, 77.7], [-0.56823, 44.51162, 77.7], [-0.56853, 44.51147, 9.408357843137253], [-0.56885, 44.51143, 9.408357843137253], [-0.56914, 44.51151, 78.8], [-0.56939, 44.51169, 78.8], [-0.56948, 44.51186, -459.65], [-0.56947, 44.51206, -1000.0], [-0.56941, 44.51207, -1000.0]]]}}, {"type": "Feature", "properties": {"id_obligation": "332510000A1531", "priorite": "faible"}, "geometry": {"type": "Polygon", "coordinates": [[[-0.56815, 44.51145, 76.36318941146934], [-0.56809, 44.51154, 76.3], [-0.56822, 44.51158, 76.3], [-0.56831, 44.51145, 76.3], [-0.56824, 44.51143, 76.35163718985474], [-0.56834, 44.51141, 75.5], [-0.56843, 44.51146, 75.6], [-0.56847, 44.51141, 75.6], [-0.5686, 44.51143, 75.74036796536795], [-0.5689, 44.51155, 75.74036796536795], [-0.56906, 44.51173, 77.37272727272726], [-0.5691, 44.5119, 77.37272727272726], [-0.56904, 44.51206, 75.31818181818181], [-0.56889, 44.51223, 75.31818181818181], [-0.56885, 44.51226, 74.8], [-0.56874, 44.51223, 74.8], [-0.56872, 44.51227, 74.6], [-0.5688, 44.51229, 74.6], [-0.56847, 44.51238, 74.5], [-0.56849, 44.51234, 74.5], [-0.56826, 44.51221, 74.5], [-0.56819, 44.51227, 74.5], [-0.56841, 44.51238, 74.5], [-0.56818, 44.51235, 74.5], [-0.56797, 44.51226, 75.74036796536795], [-0.56782, 44.51212, 75.74036796536795], [-0.56775, 44.51195, 73.6], [-0.56779, 44.51177, 73.60000000000001], [-0.56792, 44.51159, 77.525], [-0.56815, 44.51145, 76.36318941146934]]]}}, {"type": "Feature", "properties": {"id_obligation": "332510000A1534", "priorite": "faible"}, "geometry": {"type": "Polygon", "coordinates": [[[-0.56804, 44.51298, 75.4], [-0.56808, 44.51289, 75.4], [-0.56802, 44.51287, 75.4], [-0.56796, 44.51299, 75.4], [-0.56789, 44.51298, 75.29999999999998], [-0.56783, 44.51298, 76.3], [-0.56785, 44.51294, 76.3], [-0.56773, 44.5129, 76.3], [-0.5677, 44.51295, 76.3], [-0.56736, 44.51282, 75.47058823529412], [-0.56721, 44.51264, 75.2], [-0.56735, 44.5127, 75.2], [-0.56741, 44.51263, 75.2], [-0.56725, 44.51257, 75.2], [-0.56732, 44.51248, 75.2], [-0.56721, 44.51244, 75.2], [-0.56718, 44.51248, 75.2], [-0.56725, 44.51228, 78.44999999999999], [-0.56739, 44.51213, 78.44999999999999], [-0.56751, 44.51206, 78.5], [-0.56761, 44.51209, 78.5], [-0.56766, 44.51202, 78.5], [-0.56793, 44.51199, -77.51714285714284], [-0.56817, 44.51203, 74.5], [-0.56845, 44.51215, 74.5], [-0.56862, 44.51238, 75.23076923076923], [-0.56857, 44.51239, 76.0], [-0.56852, 44.51246, 76.0], [-0.56863, 44.51251, 75.23076923076923], [-0.56856, 44.51268, 75.23076923076923], [-0.56839, 44.51284, 56.70436828952968], [-0.56804, 44.51298, 75.4]]]}}, {"type": "Feature", "properties": {"id_obligation": "332510000A1540", "priorite": "faible"}, "geometry": {"type": "MultiPolygon", "coordinates": [[[[-0.56853, 44.51246, 76.0], [-0.5687, 44.51251, 76.0], [-0.56873, 44.51243, 76.0], [-0.56863, 44.5124, 76.0], [-0.56888, 44.51232, 75.9], [-0.56913, 44.51232, 75.9], [-0.56951, 44.51244, 76.03366028708135], [-0.56971, 44.51259, 76.03366028708135], [-0.56978, 44.51276, 75.87272727272729], [-0.56976, 44.51293, 75.87272727272729], [-0.56962, 44.51315, 75.60000000000001], [-0.56948, 44.51325, 75.6], [-0.56938, 44.5132, 75.6], [-0.56934, 44.51329, 75.6], [-0.56917, 44.51333, 74.56323506281514], [-0.56892, 44.51331, 75.46934527984577], [-0.56894, 44.51328, 75.6], [-0.56883, 44.51324, 75.6], [-0.56881, 44.51328, 75.46644901676181], [-0.5686, 44.5132, 76.67999999999999], [-0.56843, 44.51308, 76.67999999999999], [-0.56834, 44.51291, 76.03366028708135], [-0.56834, 44.51274, 76.03366028708135], [-0.56853, 44.51246, 76.0]]], [[[-0.56941, 44.51326, 75.6], [-0.56943, 44.51327, 75.6], [-0.5694, 44.51328, 75.6], [-0.56941, 44.51326, 75.6]]]]}}, {"type": "Feature", "properties": {"id_obligation": "332510000A1541", "priorite": "moyenne"}, "geometry": {"type": "Polygon", "coordinates": [[[-0.57008, 44.51276, 75.95429894179894], [-0.57012, 44.51293, 75.95429894179894], [-0.57003, 44.51316, 75.7], [-0.56985, 44.51333, 75.7], [-0.56964, 44.51341, 75.42222222222222], [-0.56934, 44.51342, 75.42222222222222], [-0.56894, 44.51331, 76.47499999999998], [-0.56875, 44.51319, 76.47499999999998], [-0.56865, 44.51303, 76.22857142857143], [-0.56864, 44.51285, 76.22857142857143], [-0.56877, 44.51259, 75.9], [-0.56894, 44.51247, 75.9], [-0.56915, 44.51239, 75.95429894179894], [-0.56939, 44.51238, 75.95429894179894], [-0.5697, 44.51247, 75.95429894179894], [-0.56991, 44.51258, 75.95429894179894], [-0.57008, 44.51276, 75.95429894179894]]]}}, {"type": "Feature", "properties": {"id_obligation": "332510000A1622", "priorite": "forte"}, "geometry": {"type": "Polygon", "coordinates": [[[-0.57135, 44.52554, 76.11999999999999], [-0.57164, 44.52548, 76.11999999999999], [-0.57188, 44.5255, 76.11999999999999], [-0.57214, 44.52561, 76.11999999999999], [-0.57229, 44.52576, 76.11999999999999], [-0.57235, 44.52593, 76.11999999999999], [-0.57232, 44.5261, 76.11999999999999], [-0.57216, 44.5263, 76.11999999999999], [-0.57197, 44.5264, 76.11999999999999], [-0.57174, 44.52645, 76.11999999999999], [-0.5715, 44.52642, 76.11999999999999], [-0.57123, 44.52631, 76.11999999999999], [-0.57107, 44.52617, 76.11999999999999], [-0.57101, 44.52599, 76.11999999999999], [-0.57105, 44.52582, 76.11999999999999], [-0.57117, 44.52566, 76.11999999999999], [-0.57135, 44.52554, 76.11999999999999]]]}}, {"type": "Feature", "properties": {"id_obligation": "332510000A1639", "priorite": "forte"}, "geometry": {"type": "Polygon", "coordinates": [[[-0.5693, 44.52508, 77.07], [-0.56954, 44.52504, 77.07], [-0.56979, 44.52506, 77.07], [-0.57, 44.52516, 77.07], [-0.57021, 44.52537, 77.07], [-0.57028, 44.52553, 77.07], [-0.57025, 44.52574, 77.07], [-0.57013, 44.52589, 77.07], [-0.56979, 44.52606, 76.8], [-0.56955, 44.52612, 76.8], [-0.5693, 44.52611, 77.07], [-0.56902, 44.52601, 77.07], [-0.56882, 44.52578, 76.55], [-0.56877, 44.52561, 76.55], [-0.56884, 44.5254, 77.07], [-0.56906, 44.5252, 77.07], [-0.5693, 44.52508, 77.07]]]}}, {"type": "Feature", "properties": {"id_obligation": "332510000A1645", "priorite": "forte"}, "geometry": {"type": "Polygon", "coordinates": [[[-0.5695, 44.52401, 76.2], [-0.56976, 44.52413, 76.2], [-0.56989, 44.52428, 76.2], [-0.56998, 44.52456, 76.2], [-0.56992, 44.52477, 76.2], [-0.56978, 44.52491, 76.2], [-0.56958, 44.525, 76.2], [-0.56929, 44.52506, 76.2], [-0.569, 44.52503, 76.2], [-0.56876, 44.5249, 76.2], [-0.56864, 44.52475, 76.2], [-0.56856, 44.52448, 76.2], [-0.5686, 44.52431, 76.2], [-0.56872, 44.52416, 76.2], [-0.56891, 44.52405, 76.2], [-0.56919, 44.52399, 76.2], [-0.5695, 44.52401, 76.2]]]}}, {"type": "Feature", "properties": {"id_obligation": "332510000A1810", "priorite": "moyenne"}, "geometry": {"type": "Polygon", "coordinates": [[[-0.56634, 44.51611, 76.03770396270397], [-0.56613, 44.5162, 76.03770396270397], [-0.56583, 44.51622, 76.03770396270397], [-0.56551, 44.51614, 76.03770396270397], [-0.56533, 44.51602, 76.03770396270397], [-0.56518, 44.51581, 76.03770396270397], [-0.56516, 44.51563, 76.03770396270397], [-0.56527, 44.5154, 76.45384615384616], [-0.56533, 44.51534, 78.5], [-0.56554, 44.51539, 76.2], [-0.56556, 44.5153, 78.5], [-0.56544, 44.51527, 73.7], [-0.56566, 44.5152, 75.6], [-0.56591, 44.51519, 75.6], [-0.56624, 44.51526, 75.6], [-0.56622, 44.51528, 75.6], [-0.56632, 44.51529, 75.6], [-0.56645, 44.51538, 75.02615640602224], [-0.56657, 44.51555, 76.03770396270397], [-0.56658, 44.51573, 76.03770396270397], [-0.56651, 44.51592, 76.03770396270397], [-0.56634, 44.51611, 76.03770396270397]]]}}, {"type": "Feature", "properties": {"id_obligation": "332510000A1818", "priorite": "faible"}, "geometry": {"type": "Polygon", "coordinates": [[[-0.56632, 44.51394, 75.2], [-0.56625, 44.51401, 75.2], [-0.56634, 44.51405, 75.2], [-0.56643, 44.51396, 74.8], [-0.56652, 44.51398, 78.42352941176469], [-0.56663, 44.51402, 76.3], [-0.56658, 44.51406, 76.3], [-0.56665, 44.51409, 76.4], [-0.56669, 44.51405, 76.3], [-0.56679, 44.51412, 81.68889068394506], [-0.56674, 44.51415, 80.7], [-0.5668, 44.51413, 83.0], [-0.56685, 44.51418, 78.42352941176469], [-0.56693, 44.51439, 75.2], [-0.56686, 44.51462, 75.2], [-0.56668, 44.5148, 75.73333333333333], [-0.56622, 44.51497, 75.6], [-0.56623, 44.51494, 75.6], [-0.56612, 44.51491, 75.6], [-0.56608, 44.515, 75.6], [-0.56574, 44.51496, 75.2], [-0.56579, 44.51484, 75.2], [-0.56573, 44.51483, 75.2], [-0.56562, 44.51492, 75.2], [-0.56544, 44.5148, 75.2], [-0.56532, 44.51462, 76.2471627417859], [-0.56528, 44.51445, 76.2471627417859], [-0.56535, 44.51422, 79.525], [-0.56551, 44.51403, 79.525], [-0.56572, 44.51394, 79.525], [-0.56632, 44.51394, 75.2]]]}}, {"type": "Feature", "properties": {"id_obligation": "332510000A1891", "priorite": "moyenne"}, "geometry": {"type": "Polygon", "coordinates": [[[-0.58916, 44.51851, 73.33511904761905], [-0.58924, 44.51872, 73.33511904761905], [-0.58917, 44.51893, 73.33511904761905], [-0.589, 44.51909, 73.33511904761905], [-0.58879, 44.51918, 73.9], [-0.58848, 44.51919, 73.9], [-0.58817, 44.5191, 72.95714285714287], [-0.58797, 44.51899, 72.95714285714287], [-0.58786, 44.51883, 73.74999999999999], [-0.58783, 44.51865, 73.74999999999999], [-0.58793, 44.51845, 73.33511904761905], [-0.58808, 44.51832, 73.33511904761905], [-0.58829, 44.51824, 73.33511904761905], [-0.58853, 44.51823, 73.33511904761905], [-0.589, 44.51837, 73.33511904761905], [-0.58916, 44.51851, 73.33511904761905]]]}}, {"type": "Feature", "properties": {"id_obligation": "332510000A1894", "priorite": "moyenne"}, "geometry": {"type": "Polygon", "coordinates": [[[-0.58897, 44.51893, 73.46666666666665], [-0.58906, 44.51914, 73.20902777777778], [-0.589, 44.51936, 73.29999999999998], [-0.58882, 44.51953, 73.29999999999998], [-0.58861, 44.51962, 73.29999999999998], [-0.5883, 44.51964, 72.7], [-0.58787, 44.51951, 74.0], [-0.58796, 44.51948, 74.0], [-0.58789, 44.51944, 74.0], [-0.58785, 44.51947, 74.0], [-0.58773, 44.51943, 74.0], [-0.58761, 44.51928, 72.5], [-0.58757, 44.51911, 72.5], [-0.58765, 44.51891, 73.89999999999999], [-0.58779, 44.51876, 73.89999999999999], [-0.58792, 44.51869, 73.9], [-0.58785, 44.51879, 73.9], [-0.58795, 44.51883, 73.9], [-0.58804, 44.51875, 73.9], [-0.58799, 44.51867, 73.9], [-0.58824, 44.51864, 72.89999999999999], [-0.58876, 44.51878, 73.46666666666665], [-0.58897, 44.51893, 73.46666666666665]]]}}, {"type": "Feature", "properties": {"id_obligation": "332510000A1895", "priorite": "moyenne"}, "geometry": {"type": "Polygon", "coordinates": [[[-0.58793, 44.52003, 74.925], [-0.58762, 44.52002, 74.925], [-0.5874, 44.51995, 74.925], [-0.58716, 44.51977, 74.925], [-0.58708, 44.5196, 74.925], [-0.58711, 44.51939, 74.925], [-0.58726, 44.51919, 74.925], [-0.58751, 44.51904, 74.925], [-0.58774, 44.51899, 74.925], [-0.5881, 44.51901, 72.87500000000001], [-0.58837, 44.51914, 72.87500000000001], [-0.58831, 44.51912, 73.6], [-0.58829, 44.51916, 73.6], [-0.58842, 44.51917, 73.6], [-0.58852, 44.51928, 72.87500000000001], [-0.58859, 44.51945, 74.925], [-0.58855, 44.51962, 74.925], [-0.58843, 44.51978, 77.9], [-0.58793, 44.52003, 74.925]]]}}, {"type": "Feature", "properties": {"id_obligation": "332510000A2040", "priorite": "moyenne"}, "geometry": {"type": "Polygon", "coordinates": [[[-0.58005, 44.52413, 76.0], [-0.58006, 44.52435, 76.0], [-0.57991, 44.52459, 75.48465151515151], [-0.57958, 44.52477, 75.48465151515151], [-0.57878, 44.5249, 76.36666666666665], [-0.57832, 44.52478, 75.40909090909089], [-0.57808, 44.52459, 75.40909090909089], [-0.57801, 44.52434, 74.86000000000001], [-0.57814, 44.5241, 74.86000000000001], [-0.57831, 44.52398, 75.48465151515151], [-0.57858, 44.5239, 75.48465151515151], [-0.57869, 44.52374, 75.48465151515151], [-0.57893, 44.52361, 75.48465151515151], [-0.57921, 44.52356, 75.48465151515151], [-0.57951, 44.5236, 75.48465151515151], [-0.5797, 44.52371, 75.48465151515151], [-0.58005, 44.52413, 76.0]]]}}, {"type": "Feature", "properties": {"id_obligation": "332510000A2043", "priorite": "moyenne"}, "geometry": {"type": "Polygon", "coordinates": [[[-0.57885, 44.52414, 75.35624999999999], [-0.57891, 44.52436, 74.66666666666667], [-0.57877, 44.52465, 77.3], [-0.57868, 44.52462, 77.3], [-0.57862, 44.52473, 77.3], [-0.57869, 44.52475, 77.3], [-0.57863, 44.52481, 76.89999999999999], [-0.57846, 44.5249, 74.9], [-0.57833, 44.52485, 75.3], [-0.5783, 44.52489, 75.3], [-0.57838, 44.52492, 74.93145932182523], [-0.57818, 44.52495, 75.125], [-0.57794, 44.52492, 75.35624999999999], [-0.57767, 44.52481, 75.35624999999999], [-0.57751, 44.52468, 75.35624999999999], [-0.57744, 44.52446, 75.35624999999999], [-0.57748, 44.52429, 75.35624999999999], [-0.57769, 44.52402, 75.35624999999999], [-0.57787, 44.52391, 75.35624999999999], [-0.57816, 44.52385, 75.35624999999999], [-0.5784, 44.52387, 75.35624999999999], [-0.57866, 44.52397, 75.35624999999999], [-0.57885, 44.52414, 75.35624999999999]]]}}, {"type": "Feature", "properties": {"id_obligation": "332510000A2050", "priorite": "moyenne"}, "geometry": {"type": "Polygon", "coordinates": [[[-0.57902, 44.52469, 77.3], [-0.57909, 44.5249, 77.3625], [-0.57904, 44.52507, 73.9], [-0.57886, 44.52527, 73.9], [-0.57859, 44.52538, 75.42559343434341], [-0.57834, 44.52539, 75.42559343434341], [-0.57811, 44.52533, 75.42559343434341], [-0.57784, 44.5252, 75.42559343434341], [-0.57771, 44.52505, 75.42559343434341], [-0.57767, 44.52488, 75.42559343434341], [-0.57773, 44.52471, 75.42559343434341], [-0.5779, 44.52452, 76.0], [-0.57808, 44.52444, 76.02917164355661], [-0.57817, 44.5245, 76.0], [-0.57824, 44.5244, 75.94319834935354], [-0.57833, 44.5244, 74.70833333333331], [-0.57851, 44.52443, 75.2], [-0.57849, 44.52449, 75.2], [-0.57886, 44.52455, 75.27272727272727], [-0.57902, 44.52469, 77.3]]]}}, {"type": "Feature", "properties": {"id_obligation": "332510000A2053", "priorite": "moyenne"}, "geometry": {"type": "Polygon", "coordinates": [[[-0.57786, 44.52448, 74.48999999999998], [-0.57796, 44.52421, 74.97142857142858], [-0.57818, 44.52405, 74.97142857142858], [-0.57861, 44.52394, 75.0], [-0.5791, 44.52404, 75.0], [-0.5796, 44.52432, 75.575], [-0.5798, 44.52451, 75.9], [-0.57986, 44.52472, 75.9], [-0.57978, 44.52493, 75.08558427318295], [-0.57951, 44.52513, 75.08558427318295], [-0.57927, 44.52519, 75.08558427318295], [-0.57888, 44.5252, 73.9], [-0.57884, 44.52516, 73.9], [-0.57882, 44.52521, 73.9], [-0.57871, 44.52521, 73.9], [-0.57847, 44.52518, 75.06666666666666], [-0.57821, 44.52508, 75.06666666666666], [-0.57806, 44.52495, 75.06666666666666], [-0.57786, 44.52448, 74.48999999999998]]]}}, {"type": "Feature", "properties": {"id_obligation": "332510000A2064", "priorite": "forte"}, "geometry": {"type": "Polygon", "coordinates": [[[-0.57913, 44.52563, 75.42962962962962], [-0.57884, 44.52568, 75.42962962962962], [-0.5786, 44.52564, 75.42962962962962], [-0.57835, 44.52551, 75.42962962962962], [-0.57822, 44.52536, 75.42962962962962], [-0.57818, 44.52519, 75.42962962962962], [-0.57829, 44.52495, 75.08888888888887], [-0.57833, 44.5249, 75.1282163116157], [-0.57843, 44.52494, 74.9], [-0.57846, 44.5249, 74.9], [-0.57838, 44.52486, 75.3], [-0.57841, 44.52484, 75.08888888888887], [-0.57861, 44.52475, 77.3], [-0.57872, 44.52476, 77.3], [-0.57875, 44.52472, 77.3], [-0.57886, 44.52471, 77.3], [-0.5791, 44.52475, 75.42962962962962], [-0.57935, 44.52488, 75.42962962962962], [-0.57948, 44.52503, 75.42962962962962], [-0.57952, 44.52521, 75.42962962962962], [-0.57947, 44.52538, 75.42962962962962], [-0.57933, 44.52552, 75.42962962962962], [-0.57913, 44.52563, 75.42962962962962]]]}}, {"type": "Feature", "properties": {"id_obligation": "332510000A2106", "priorite": "moyenne"}, "geometry": {"type": "Polygon", "coordinates": [[[-0.57223, 44.52836, 31.737449494949498], [-0.57192, 44.52838, 75.6], [-0.57168, 44.52831, 75.6], [-0.57128, 44.5281, 75.6], [-0.57115, 44.52791, 77.93636363636364], [-0.57114, 44.52774, 77.93636363636364], [-0.57122, 44.52757, 76.93333333333334], [-0.57143, 44.52737, 76.93333333333334], [-0.57171, 44.52727, -191.945], [-0.57195, 44.52726, -191.945], [-0.57219, 44.52732, 31.737449494949498], [-0.5726, 44.52753, 31.737449494949498], [-0.57272, 44.52768, 31.737449494949498], [-0.57275, 44.52785, 31.737449494949498], [-0.57269, 44.52802, 31.737449494949498], [-0.57249, 44.52824, 31.737449494949498], [-0.57223, 44.52836, 31.737449494949498]]]}}, {"type": "Feature", "properties": {"id_obligation": "332510000A2323", "priorite": "moyenne"}, "geometry": {"type": "Polygon", "coordinates": [[[-0.57159, 44.52613, 76.377950310559], [-0.57177, 44.52631, 76.377950310559], [-0.57221, 44.52656, 74.8], [-0.57234, 44.52671, 74.8], [-0.57239, 44.52688, 76.2], [-0.57234, 44.52706, 76.2], [-0.57214, 44.52726, 76.2], [-0.57194, 44.52735, 76.2], [-0.57159, 44.52738, 77.50000000000001], [-0.57111, 44.52722, 77.50000000000001], [-0.57089, 44.52706, 77.50000000000001], [-0.5708, 44.5269, 77.39999999999999], [-0.57027, 44.52669, 76.377950310559], [-0.57009, 44.52651, 76.377950310559], [-0.57008, 44.5262, 76.9], [-0.57033, 44.52593, 76.9], [-0.57072, 44.52582, 76.9], [-0.57118, 44.52592, 75.94999999999999], [-0.57159, 44.52613, 76.377950310559]]]}}, {"type": "Feature", "properties": {"id_obligation": "332510000A2345", "priorite": "moyenne"}, "geometry": {"type": "Polygon", "coordinates": [[[-0.57248, 44.52759, -1000.0], [-0.57237, 44.5278, 76.3], [-0.57212, 44.52797, 76.3], [-0.57181, 44.52805, 76.3], [-0.57157, 44.52803, 76.3], [-0.57131, 44.52793, 78.84285714285714], [-0.57107, 44.52771, 78.84285714285714], [-0.57099, 44.52754, 76.74000000000001], [-0.571, 44.52736, 76.74000000000001], [-0.57111, 44.5272, 77.7], [-0.57137, 44.52702, 77.7], [-0.57165, 44.52694, 77.7], [-0.57189, 44.52695, 77.7], [-0.57211, 44.52703, -84.30651785714286], [-0.57232, 44.52718, -84.30651785714286], [-0.57244, 44.52737, -1000.0], [-0.57248, 44.52759, -1000.0]]]}}, {"type": "Feature", "properties": {"id_obligation": "332510000A2349", "priorite": "moyenne"}, "geometry": {"type": "Polygon", "coordinates": [[[-0.572, 44.52755, -167.47272727272727], [-0.572, 44.52777, 76.3], [-0.57185, 44.5277, 76.3], [-0.57176, 44.52781, 76.3], [-0.57193, 44.52789, 76.3], [-0.57171, 44.52808, 76.3], [-0.57143, 44.52817, 78.70833333333333], [-0.57112, 44.52816, 78.70833333333333], [-0.57086, 44.52805, 46.80995930458431], [-0.57051, 44.52776, 77.75384615384615], [-0.57039, 44.52756, 77.75384615384615], [-0.57041, 44.52737, 76.82222222222225], [-0.57053, 44.52718, 76.2], [-0.57059, 44.5272, 76.2], [-0.57067, 44.52713, 76.2], [-0.57057, 44.52713, 76.2], [-0.57068, 44.52705, 77.31727426298805], [-0.57064, 44.5271, 77.2], [-0.57074, 44.52715, 77.2], [-0.57087, 44.527, 77.4], [-0.57084, 44.52699, 77.4], [-0.57094, 44.52697, 77.7], [-0.57124, 44.52697, 77.7], [-0.57159, 44.5271, 77.7], [-0.572, 44.52755, -167.47272727272727]]]}}, {"type": "Feature", "properties": {"id_obligation": "332510000A2374", "priorite": "forte"}, "geometry": {"type": "Polygon", "coordinates": [[[-0.58284, 44.52398, 75.2642857142857], [-0.58271, 44.52413, 75.2642857142857], [-0.58247, 44.52425, 75.2642857142857], [-0.58216, 44.52428, 75.8], [-0.58187, 44.52421, 75.05714285714285], [-0.58161, 44.52403, 74.6], [-0.58167, 44.52398, 74.6], [-0.58152, 44.52389, 75.6], [-0.58147, 44.52392, 75.6], [-0.58138, 44.52366, 75.6], [-0.58144, 44.52349, 75.2642857142857], [-0.58166, 44.5233, 75.2642857142857], [-0.58191, 44.52318, 75.2642857142857], [-0.58222, 44.52315, 75.2642857142857], [-0.58246, 44.52321, 75.2642857142857], [-0.58265, 44.52332, 75.2642857142857], [-0.58282, 44.52352, 75.2642857142857], [-0.58288, 44.52375, 75.2642857142857], [-0.58284, 44.52398, 75.2642857142857]]]}}, {"type": "Feature", "properties": {"id_obligation": "332510000A2394", "priorite": "moyenne"}, "geometry": {"type": "Polygon", "coordinates": [[[-0.56645, 44.52196, 77.52714285714285], [-0.56669, 44.52199, 78.5142857142857], [-0.56696, 44.52211, 78.5142857142857], [-0.56712, 44.52229, 77.52714285714285], [-0.56716, 44.52246, 77.52714285714285], [-0.5671, 44.52263, 77.52714285714285], [-0.56689, 44.52285, 77.52714285714285], [-0.56664, 44.52297, 77.52714285714285], [-0.5664, 44.52299, 77.52714285714285], [-0.56616, 44.52295, 77.52714285714285], [-0.5659, 44.52281, 77.52714285714285], [-0.56577, 44.52266, 77.52714285714285], [-0.56574, 44.52249, 77.52714285714285], [-0.56579, 44.52233, 77.52714285714285], [-0.56596, 44.52214, 77.52714285714285], [-0.56615, 44.52202, 77.52714285714285], [-0.56645, 44.52196, 77.52714285714285]]]}}, {"type": "Feature", "properties": {"id_obligation": "332510000A2395", "priorite": "très forte"}, "geometry": {"type": "Polygon", "coordinates": [[[-0.58694, 44.50572, 72.7], [-0.58691, 44.50568, 72.7], [-0.58682, 44.50572, -284.78000000000003], [-0.58654, 44.50564, -105.35111111111112], [-0.58637, 44.50552, -105.35111111111112], [-0.58623, 44.50528, -105.35111111111112], [-0.58625, 44.50507, -105.35111111111112], [-0.58638, 44.50491, -105.35111111111112], [-0.58657, 44.5048, -105.35111111111112], [-0.58685, 44.50472, -105.35111111111112], [-0.58715, 44.50474, -105.35111111111112], [-0.58737, 44.50482, -105.35111111111112], [-0.58752, 44.50496, -105.35111111111112], [-0.58763, 44.50515, -105.35111111111112], [-0.58763, 44.50533, -105.35111111111112], [-0.58753, 44.50549, -105.35111111111112], [-0.58713, 44.50569, -284.78000000000003], [-0.58694, 44.50572, 72.7]]]}}, {"type": "Feature", "properties": {"id_obligation": "332510000A2407", "priorite": "très forte"}, "geometry": {"type": "Polygon", "coordinates": [[[-0.58735, 44.50583, -73.14404761904761], [-0.58715, 44.50593, -61.37499999999998], [-0.58678, 44.50599, -61.37499999999998], [-0.58654, 44.50596, -73.14404761904761], [-0.58634, 44.50587, -73.14404761904761], [-0.58619, 44.50573, -73.14404761904761], [-0.5861, 44.50546, -73.14404761904761], [-0.58615, 44.50529, -73.14404761904761], [-0.58638, 44.50502, -73.14404761904761], [-0.58656, 44.50489, -73.14404761904761], [-0.5869, 44.50479, 75.1], [-0.58725, 44.50482, -73.14404761904761], [-0.58749, 44.50494, -73.14404761904761], [-0.58766, 44.50518, -73.14404761904761], [-0.58765, 44.5054, -73.14404761904761], [-0.58735, 44.50583, -73.14404761904761]]]}}, {"type": "Feature", "properties": {"id_obligation": "332510000A2421", "priorite": "forte"}, "geometry": {"type": "Polygon", "coordinates": [[[-0.57558, 44.51553, 78.59708333333333], [-0.5753, 44.5157, 78.0], [-0.57494, 44.51573, 78.59708333333333], [-0.5746, 44.51561, 78.59708333333333], [-0.57444, 44.51547, 78.59708333333333], [-0.57436, 44.51526, 78.59708333333333], [-0.57447, 44.51501, 78.59708333333333], [-0.57446, 44.51474, 79.1], [-0.57462, 44.51452, 79.1], [-0.57481, 44.5144, 79.1], [-0.5751, 44.51435, 78.575], [-0.57534, 44.51438, 78.4], [-0.57529, 44.51443, 78.4], [-0.5755, 44.51452, 78.4], [-0.57555, 44.51446, 78.4], [-0.5757, 44.51452, 78.4], [-0.57586, 44.51465, 78.4], [-0.57593, 44.51482, 78.92], [-0.57591, 44.51499, 78.92], [-0.57558, 44.51553, 78.59708333333333]]]}}, {"type": "Feature", "properties": {"id_obligation": "332510000A2427", "priorite": "forte"}, "geometry": {"type": "Polygon", "coordinates": [[[-0.57829, 44.51486, 76.93333333333334], [-0.57812, 44.51468, 76.93333333333334], [-0.57808, 44.5145, 76.93333333333334], [-0.57814, 44.51422, 76.93333333333334], [-0.57826, 44.51407, 76.93333333333334], [-0.57852, 44.51395, 76.93333333333334], [-0.57876, 44.51392, 76.93333333333334], [-0.57905, 44.51396, 76.93333333333334], [-0.57931, 44.51408, 76.93333333333334], [-0.57943, 44.51423, 76.93333333333334], [-0.57943, 44.51459, 76.9], [-0.57926, 44.5146, 76.9], [-0.57927, 44.51468, 76.9], [-0.5794, 44.51468, 76.9], [-0.57928, 44.51483, 76.89999999999999], [-0.57909, 44.51493, 76.89999999999999], [-0.57886, 44.51498, 76.93333333333334], [-0.57857, 44.51496, 76.93333333333334], [-0.57829, 44.51486, 76.93333333333334]]]}}, {"type": "Feature", "properties": {"id_obligation": "332510000A2430", "priorite": "moyenne"}, "geometry": {"type": "Polygon", "coordinates": [[[-0.59245, 44.51381, 73.3112380952381], [-0.59267, 44.51389, 73.3112380952381], [-0.59283, 44.51403, 73.3112380952381], [-0.5929, 44.51424, 74.46666666666668], [-0.59285, 44.51445, 73.3112380952381], [-0.59271, 44.5146, 73.3112380952381], [-0.59242, 44.51476, 73.3112380952381], [-0.59213, 44.51481, 73.3112380952381], [-0.59178, 44.51477, 73.3112380952381], [-0.59157, 44.51469, 73.3112380952381], [-0.59138, 44.51452, 73.3112380952381], [-0.59133, 44.51435, 73.13], [-0.59139, 44.5141, 73.31666666666666], [-0.59152, 44.51394, 73.31666666666666], [-0.59167, 44.51386, 73.31666666666666], [-0.59191, 44.5138, 72.94285714285714], [-0.59195, 44.51393, 73.2], [-0.5921, 44.51391, 73.3], [-0.59206, 44.51379, 73.20938636943897], [-0.59245, 44.51381, 73.3112380952381]]]}}, {"type": "Feature", "properties": {"id_obligation": "332510000A2431", "priorite": "forte"}, "geometry": {"type": "Polygon", "coordinates": [[[-0.58866, 44.51196, 72.6125], [-0.58836, 44.51194, 72.54875000000001], [-0.58809, 44.51183, 72.54875000000001], [-0.58792, 44.51165, 72.54875000000001], [-0.58788, 44.51144, 72.54875000000001], [-0.58801, 44.51119, 72.54875000000001], [-0.58815, 44.51104, 72.54875000000001], [-0.58837, 44.51095, 72.54875000000001], [-0.58862, 44.51092, 72.54875000000001], [-0.58886, 44.51097, 72.54875000000001], [-0.58911, 44.51108, 72.54875000000001], [-0.58928, 44.51125, 72.54875000000001], [-0.58931, 44.51142, 72.54875000000001], [-0.58926, 44.51159, 72.54875000000001], [-0.58912, 44.51177, 72.54875000000001], [-0.58889, 44.5119, 72.54875000000001], [-0.58866, 44.51196, 72.6125]]]}}, {"type": "Feature", "properties": {"id_obligation": "332510000A2446", "priorite": "moyenne"}, "geometry": {"type": "Polygon", "coordinates": [[[-0.57721, 44.50943, 75.85000000000001], [-0.57744, 44.50928, 75.85000000000001], [-0.57774, 44.50922, 76.09473684210523], [-0.57808, 44.50929, 76.09473684210523], [-0.5786, 44.50959, 76.8], [-0.57875, 44.50973, 76.78151879699246], [-0.57882, 44.50993, 76.78151879699246], [-0.57876, 44.51015, 76.78151879699246], [-0.57858, 44.51033, 76.78151879699246], [-0.57831, 44.51042, 76.78151879699246], [-0.57792, 44.5104, 78.7], [-0.57768, 44.51043, 78.7], [-0.5774, 44.51039, 76.78151879699246], [-0.57715, 44.51025, 76.78151879699246], [-0.57704, 44.51009, 76.78151879699246], [-0.57709, 44.50963, 75.85000000000001], [-0.57721, 44.50943, 75.85000000000001]]]}}, {"type": "Feature", "properties": {"id_obligation": "332510000A2449", "priorite": "moyenne"}, "geometry": {"type": "Polygon", "coordinates": [[[-0.57897, 44.50955, -260.43125], [-0.57889, 44.50976, 28.088808356676005], [-0.57872, 44.50989, 28.088808356676005], [-0.57829, 44.51009, 76.37499999999999], [-0.57799, 44.5101, 76.37499999999999], [-0.57777, 44.51005, 76.18823529411766], [-0.57765, 44.50998, 76.10593369415172], [-0.57743, 44.50975, 76.27333333333334], [-0.57739, 44.50957, 76.27333333333334], [-0.57747, 44.50924, 75.72222222222223], [-0.57762, 44.50908, 75.72222222222223], [-0.57787, 44.50897, 28.088808356676005], [-0.57811, 44.50896, 28.088808356676005], [-0.57845, 44.50902, 75.89999999999999], [-0.57874, 44.50915, 75.89999999999999], [-0.57893, 44.50937, -260.43125], [-0.57897, 44.50955, -260.43125]], [[-0.57773, 44.50998, 76.2], [-0.57774, 44.50987, 76.1], [-0.57766, 44.50986, 76.1], [-0.57765, 44.50998, 76.1], [-0.57773, 44.50998, 76.2]]]}}, {"type": "Feature", "properties": {"id_obligation": "332510000A2457", "priorite": "forte"}, "geometry": {"type": "Polygon", "coordinates": [[[-0.59506, 44.51688, 73.13125000000002], [-0.59473, 44.51699, 73.13125000000002], [-0.59443, 44.51697, 73.13125000000002], [-0.59418, 44.51684, 73.13125000000002], [-0.594, 44.51666, 73.13125000000002], [-0.59393, 44.51645, 73.13125000000002], [-0.59405, 44.51608, 73.13125000000002], [-0.59422, 44.5159, 73.13125000000002], [-0.59447, 44.51579, 73.13125000000002], [-0.59471, 44.51575, 73.13125000000002], [-0.595, 44.5158, 73.13125000000002], [-0.5952, 44.5159, 73.13125000000002], [-0.59543, 44.51616, 73.13125000000002], [-0.59548, 44.51633, 73.13125000000002], [-0.59544, 44.51649, 73.13125000000002], [-0.59506, 44.51688, 73.13125000000002]]]}}, {"type": "Feature", "properties": {"id_obligation": "332510000A2463", "priorite": "moyenne"}, "geometry": {"type": "Polygon", "coordinates": [[[-0.56776, 44.52232, 76.58749999999999], [-0.568, 44.52227, 76.58749999999999], [-0.56831, 44.52231, 76.58749999999999], [-0.56854, 44.52243, 76.58749999999999], [-0.56869, 44.52261, 76.58749999999999], [-0.5687, 44.52278, 76.58749999999999], [-0.56863, 44.52295, 76.8], [-0.56846, 44.52313, 76.8], [-0.56831, 44.52321, 76.8], [-0.56817, 44.52313, 76.8], [-0.56811, 44.52322, 76.8], [-0.56818, 44.52324, 76.8], [-0.568, 44.52326, 76.64999999999998], [-0.56776, 44.52321, 76.5], [-0.56753, 44.5231, 76.5], [-0.5674, 44.52295, 76.58749999999999], [-0.56736, 44.52278, 76.58749999999999], [-0.56753, 44.52246, 76.58749999999999], [-0.56776, 44.52232, 76.58749999999999]]]}}, {"type": "Feature", "properties": {"id_obligation": "332510000A2466", "priorite": "forte"}, "geometry": {"type": "Polygon", "coordinates": [[[-0.57718, 44.51469, 78.875], [-0.57732, 44.51488, 78.875], [-0.57733, 44.5151, 78.875], [-0.57722, 44.5153, 78.875], [-0.57703, 44.51544, 78.875], [-0.57674, 44.51552, 78.875], [-0.57643, 44.5155, 78.875], [-0.57613, 44.51542, 79.0], [-0.57588, 44.51518, 78.87078368127084], [-0.57602, 44.5152, 79.0], [-0.57605, 44.51511, 79.1], [-0.57586, 44.51508, 78.73568884413645], [-0.57587, 44.51488, 78.825], [-0.57595, 44.51472, 78.875], [-0.57611, 44.51459, 78.875], [-0.57633, 44.51451, 78.875], [-0.57664, 44.51449, 78.875], [-0.57691, 44.51456, 78.875], [-0.57718, 44.51469, 78.875]]]}}, {"type": "Feature", "properties": {"id_obligation": "332510000A2493", "priorite": "moyenne"}, "geometry": {"type": "Polygon", "coordinates": [[[-0.56869, 44.5229, 75.7], [-0.56867, 44.52294, 75.7], [-0.56887, 44.523, 75.7], [-0.56893, 44.52331, 75.7], [-0.56879, 44.52353, 76.36041666666667], [-0.56861, 44.52365, 76.36041666666667], [-0.56837, 44.52372, 77.1], [-0.56812, 44.52371, 77.1], [-0.56779, 44.5236, 76.36041666666667], [-0.56757, 44.52345, 76.36041666666667], [-0.56749, 44.52329, 76.5], [-0.5675, 44.52311, 76.5], [-0.56766, 44.52286, 76.36041666666667], [-0.56784, 44.52274, 76.36041666666667], [-0.56808, 44.52268, 76.4], [-0.56833, 44.52269, 76.4], [-0.56862, 44.52279, 75.7], [-0.56881, 44.52294, 75.7], [-0.56869, 44.5229, 75.7]]]}}, {"type": "Feature", "properties": {"id_obligation": "332510000A2494", "priorite": "moyenne"}, "geometry": {"type": "Polygon", "coordinates": [[[-0.5672, 44.52303, 76.57916666666667], [-0.56732, 44.52283, 76.57916666666667], [-0.5675, 44.52272, 76.57916666666667], [-0.56786, 44.52262, 76.4], [-0.56811, 44.52263, 76.4], [-0.56834, 44.52272, 76.57916666666667], [-0.5685, 44.52285, 76.57916666666667], [-0.56861, 44.52306, 76.8], [-0.56862, 44.52323, 76.8], [-0.56849, 44.52343, 76.57916666666667], [-0.56831, 44.52354, 76.57916666666667], [-0.56801, 44.52363, 76.57916666666667], [-0.56776, 44.52364, 76.57916666666667], [-0.56752, 44.52357, 76.57916666666667], [-0.56735, 44.52344, 76.57916666666667], [-0.56722, 44.52324, 76.57916666666667], [-0.5672, 44.52303, 76.57916666666667]]]}}, {"type": "Feature", "properties": {"id_obligation": "332510000A2495", "priorite": "forte"}, "geometry": {"type": "Polygon", "coordinates": [[[-0.57426, 44.51431, 78.81111111111112], [-0.57455, 44.51424, 78.81111111111112], [-0.5748, 44.51425, 78.81111111111112], [-0.57516, 44.51439, 78.81111111111112], [-0.57534, 44.51457, 79.1], [-0.57539, 44.51474, 79.1], [-0.57534, 44.51491, 79.1], [-0.5752, 44.51509, 78.23333333333333], [-0.57496, 44.51522, 78.23333333333333], [-0.57472, 44.51526, 78.81111111111112], [-0.57447, 44.51522, 78.81111111111112], [-0.57417, 44.5151, 78.81111111111112], [-0.57401, 44.51496, 78.81111111111112], [-0.57394, 44.5148, 78.81111111111112], [-0.57396, 44.51462, 78.81111111111112], [-0.57409, 44.51444, 78.81111111111112], [-0.57426, 44.51431, 78.81111111111112]]]}}, {"type": "Feature", "properties": {"id_obligation": "332510000A2498", "priorite": "forte"}, "geometry": {"type": "Polygon", "coordinates": [[[-0.58901, 44.51189, 72.65941176470588], [-0.58878, 44.51193, 72.62], [-0.58848, 44.51189, 72.6], [-0.58823, 44.51178, 72.6], [-0.5881, 44.51163, 72.6], [-0.58806, 44.51146, 73.0], [-0.58812, 44.51123, 72.65941176470588], [-0.58828, 44.51107, 72.65941176470588], [-0.58848, 44.51098, 72.65941176470588], [-0.58871, 44.51094, 72.65941176470588], [-0.58895, 44.51097, 72.65941176470588], [-0.58922, 44.51108, 72.65941176470588], [-0.58936, 44.51123, 72.65941176470588], [-0.58941, 44.51139, 72.65941176470588], [-0.58938, 44.51157, 72.65941176470588], [-0.58925, 44.51175, 72.65941176470588], [-0.58901, 44.51189, 72.65941176470588]]]}}, {"type": "Feature", "properties": {"id_obligation": "332510000A2499", "priorite": "forte"}, "geometry": {"type": "Polygon", "coordinates": [[[-0.58904, 44.51191, 72.67848484848486], [-0.58881, 44.51197, 72.54], [-0.58856, 44.51197, 72.54], [-0.58828, 44.51188, 72.67848484848486], [-0.58811, 44.51174, 72.67848484848486], [-0.58803, 44.51158, 73.0], [-0.58804, 44.5114, 73.0], [-0.58817, 44.5112, 72.67848484848486], [-0.58836, 44.51108, 72.67848484848486], [-0.58859, 44.51103, 72.67848484848486], [-0.58884, 44.51104, 72.67848484848486], [-0.58911, 44.51114, 72.67848484848486], [-0.58927, 44.51127, 72.67848484848486], [-0.58935, 44.51143, 72.67848484848486], [-0.58934, 44.5116, 72.67848484848486], [-0.58922, 44.51179, 72.67848484848486], [-0.58904, 44.51191, 72.67848484848486]]]}}, {"type": "Feature", "properties": {"id_obligation": "332510000A2514", "priorite": "forte"}, "geometry": {"type": "Polygon", "coordinates": [[[-0.5918, 44.51755, 74.4], [-0.59152, 44.51766, 73.21538461538461], [-0.59121, 44.51766, 73.21538461538461], [-0.59088, 44.51755, 73.16153846153846], [-0.5909, 44.51743, 73.9], [-0.5908, 44.51745, 73.9], [-0.59079, 44.51749, 73.16153846153846], [-0.59062, 44.51721, 72.3], [-0.59068, 44.51696, 72.3], [-0.59084, 44.51674, 73.21538461538461], [-0.59102, 44.51662, 73.21538461538461], [-0.59132, 44.51656, 73.21538461538461], [-0.59156, 44.51658, 73.21538461538461], [-0.59183, 44.51668, 73.21538461538461], [-0.592, 44.51681, 73.21538461538461], [-0.59208, 44.51698, 73.21538461538461], [-0.59207, 44.51715, 73.21538461538461], [-0.5918, 44.51755, 74.4]]]}}, {"type": "Feature", "properties": {"id_obligation": "332510000A2519", "priorite": "forte"}, "geometry": {"type": "Polygon", "coordinates": [[[-0.59389, 44.51582, 73.17045454545455], [-0.59418, 44.51588, 73.17045454545455], [-0.59438, 44.51597, 73.17045454545455], [-0.59452, 44.51612, 73.17045454545455], [-0.59456, 44.51633, 73.17045454545455], [-0.59447, 44.51658, 73.17045454545455], [-0.59434, 44.51673, 73.17045454545455], [-0.59413, 44.51683, 73.17045454545455], [-0.59389, 44.51686, 73.44545454545454], [-0.59339, 44.51685, 72.3], [-0.59342, 44.51677, 72.3], [-0.59334, 44.51676, 72.3], [-0.59331, 44.51684, 72.3], [-0.59315, 44.5168, 72.3], [-0.59286, 44.51657, 73.7], [-0.59282, 44.51631, 73.7], [-0.59296, 44.51607, 73.17045454545455], [-0.5932, 44.51594, 73.17045454545455], [-0.59389, 44.51582, 73.17045454545455]]]}}, {"type": "Feature", "properties": {"id_obligation": "332510000A2520", "priorite": "forte"}, "geometry": {"type": "Polygon", "coordinates": [[[-0.59413, 44.51697, 73.09028571428571], [-0.59391, 44.51703, 73.09028571428571], [-0.59367, 44.51703, 73.09028571428571], [-0.59338, 44.51694, 72.32857142857144], [-0.59342, 44.51677, 72.3], [-0.59334, 44.51676, 72.3], [-0.59329, 44.51689, 72.3], [-0.59312, 44.51664, 72.44285714285714], [-0.59313, 44.51647, 72.44285714285714], [-0.59326, 44.51626, 73.1], [-0.59345, 44.51614, 73.1], [-0.59368, 44.51608, 72.98], [-0.59393, 44.51609, 72.98], [-0.59422, 44.51619, 73.09028571428571], [-0.59438, 44.51632, 73.09028571428571], [-0.59446, 44.51649, 73.09028571428571], [-0.59444, 44.51666, 73.09028571428571], [-0.59435, 44.51682, 73.09028571428571], [-0.59413, 44.51697, 73.09028571428571]]]}}, {"type": "Feature", "properties": {"id_obligation": "332510000A2522", "priorite": "moyenne"}, "geometry": {"type": "Polygon", "coordinates": [[[-0.59228, 44.51599, 74.0], [-0.59242, 44.516, 74.0], [-0.59252, 44.51608, 74.35555555555555], [-0.59262, 44.51629, 75.6], [-0.5926, 44.51647, 75.6], [-0.59244, 44.51671, 71.6], [-0.59221, 44.51686, 71.57499999999999], [-0.59197, 44.51691, 71.57499999999999], [-0.59173, 44.5169, 71.57499999999999], [-0.59146, 44.51681, 73.20398148148148], [-0.59126, 44.51665, 73.20398148148148], [-0.59119, 44.51648, 73.10000000000001], [-0.59121, 44.51631, 73.10000000000001], [-0.59135, 44.51606, 73.20398148148148], [-0.59151, 44.51593, 73.20398148148148], [-0.59179, 44.51585, 73.20398148148148], [-0.59202, 44.51586, 73.20398148148148], [-0.5923, 44.51593, 74.0], [-0.59228, 44.51599, 74.0]]]}}, {"type": "Feature", "properties": {"id_obligation": "332510000A2530", "priorite": "forte"}, "geometry": {"type": "Polygon", "coordinates": [[[-0.5753, 44.51543, 78.90999999999998], [-0.5752, 44.51527, 78.90999999999998], [-0.5752, 44.51505, 78.90999999999998], [-0.57533, 44.51481, 79.1], [-0.57551, 44.51469, 79.1], [-0.5758, 44.51463, 78.90999999999998], [-0.57619, 44.51468, 78.8], [-0.57641, 44.51475, 78.8], [-0.57665, 44.51497, 78.8], [-0.57649, 44.51495, 78.8], [-0.57648, 44.51504, 78.8], [-0.57667, 44.51507, 78.8], [-0.57668, 44.51508, 78.79999999999998], [-0.57664, 44.5153, 78.90999999999998], [-0.57654, 44.51546, 78.90999999999998], [-0.57636, 44.51558, 78.90999999999998], [-0.57613, 44.51564, 78.90999999999998], [-0.57555, 44.51557, 78.90999999999998], [-0.5753, 44.51543, 78.90999999999998]]]}}, {"type": "Feature", "properties": {"id_obligation": "332510000A2545", "priorite": "moyenne"}, "geometry": {"type": "Polygon", "coordinates": [[[-0.58786, 44.51909, 72.69375000000001], [-0.5878, 44.51892, 73.89999999999999], [-0.58785, 44.51871, 73.9], [-0.58804, 44.51849, 73.9], [-0.5883, 44.51838, 72.34], [-0.58855, 44.51837, 72.34], [-0.5891, 44.51856, 73.2945138888889], [-0.58924, 44.51871, 73.2945138888889], [-0.58928, 44.51888, 73.2945138888889], [-0.58923, 44.51905, 73.2945138888889], [-0.58905, 44.51927, 73.2945138888889], [-0.58885, 44.51936, 73.2945138888889], [-0.58861, 44.5194, 73.6], [-0.58822, 44.51932, 72.7], [-0.58822, 44.51931, 72.7], [-0.58807, 44.51926, 72.69375000000001], [-0.58786, 44.51909, 72.69375000000001]], [[-0.58822, 44.51926, 72.7], [-0.58818, 44.51928, 72.7], [-0.58822, 44.51931, 72.7], [-0.58822, 44.51926, 72.7]]]}}, {"type": "Feature", "properties": {"id_obligation": "332510000A2546", "priorite": "moyenne"}, "geometry": {"type": "Polygon", "coordinates": [[[-0.58865, 44.51887, 74.16042104866135], [-0.58847, 44.51882, 73.9], [-0.58843, 44.51889, 73.9], [-0.58861, 44.51895, 74.2], [-0.58839, 44.51915, 73.6], [-0.58831, 44.51912, 73.6], [-0.58829, 44.51916, 73.6], [-0.58834, 44.51918, 73.6], [-0.58829, 44.5192, 73.38181818181819], [-0.58794, 44.51928, 72.53333333333333], [-0.58771, 44.51924, 73.17545454545456], [-0.5874, 44.51911, 73.17545454545456], [-0.58727, 44.51896, 73.17545454545456], [-0.58722, 44.51879, 73.17545454545456], [-0.58727, 44.51861, 73.17545454545456], [-0.58747, 44.51836, 73.17545454545456], [-0.58772, 44.51823, 73.17545454545456], [-0.58797, 44.5182, 73.17545454545456], [-0.58826, 44.51826, 73.17545454545456], [-0.58854, 44.51841, 73.17545454545456], [-0.58867, 44.51861, 72.88666666666667], [-0.58865, 44.51887, 74.16042104866135]]]}}, {"type": "Feature", "properties": {"id_obligation": "332510000A2549", "priorite": "très forte"}, "geometry": {"type": "Polygon", "coordinates": [[[-0.58701, 44.51164, -462.34333333333336], [-0.58677, 44.51177, -462.34333333333336], [-0.58641, 44.51179, -462.34333333333336], [-0.58607, 44.51169, -462.34333333333336], [-0.58589, 44.51156, -462.34333333333336], [-0.5858, 44.51139, -462.34333333333336], [-0.58575, 44.51096, -462.34333333333336], [-0.58589, 44.5107, -462.34333333333336], [-0.58607, 44.51058, -462.34333333333336], [-0.5863, 44.51052, -1000.0], [-0.58676, 44.51052, -1000.0], [-0.58707, 44.51061, -462.34333333333336], [-0.58728, 44.51076, -462.34333333333336], [-0.58735, 44.51092, -462.34333333333336], [-0.58734, 44.5111, -462.34333333333336], [-0.58701, 44.51164, -462.34333333333336]]]}}, {"type": "Feature", "properties": {"id_obligation": "332510000A2550", "priorite": "forte"}, "geometry": {"type": "Polygon", "coordinates": [[[-0.58637, 44.51034, -149.02916666666667], [-0.58666, 44.51027, -149.02916666666667], [-0.5869, 44.51028, -149.02916666666667], [-0.58717, 44.51039, -149.02916666666667], [-0.58733, 44.51053, -149.02916666666667], [-0.5874, 44.5107, -149.02916666666667], [-0.58737, 44.51088, -149.02916666666667], [-0.58722, 44.51108, -149.02916666666667], [-0.58703, 44.51119, -149.02916666666667], [-0.5868, 44.51124, 76.43333333333334], [-0.5865, 44.5112, 75.8], [-0.58628, 44.51111, 74.60000000000001], [-0.58613, 44.51097, 73.4], [-0.58606, 44.51081, 73.4], [-0.58609, 44.51063, -149.02916666666667], [-0.5862, 44.51046, -149.02916666666667], [-0.58637, 44.51034, -149.02916666666667]]]}}, {"type": "Feature", "properties": {"id_obligation": "332510000A2572", "priorite": "très forte"}, "geometry": {"type": "Polygon", "coordinates": [[[-0.57524, 44.52478, 74.55999999999999], [-0.57554, 44.52485, 74.55999999999999], [-0.57571, 44.52498, 74.55999999999999], [-0.57585, 44.52521, 74.55999999999999], [-0.57583, 44.52543, 74.55999999999999], [-0.57572, 44.52558, 74.55999999999999], [-0.57553, 44.5257, 74.55999999999999], [-0.57526, 44.52577, 74.55999999999999], [-0.57496, 44.52576, 74.55999999999999], [-0.57474, 44.52568, 74.55999999999999], [-0.57458, 44.52555, 74.55999999999999], [-0.57448, 44.52535, 74.55999999999999], [-0.57447, 44.52518, 74.55999999999999], [-0.57456, 44.52501, 74.55999999999999], [-0.57473, 44.52489, 74.55999999999999], [-0.575, 44.5248, 74.55999999999999], [-0.57524, 44.52478, 74.55999999999999]]]}}, {"type": "Feature", "properties": {"id_obligation": "332510000A2577", "priorite": "forte"}, "geometry": {"type": "Polygon", "coordinates": [[[-0.58049, 44.50881, 73.55], [-0.58026, 44.50874, 74.29999999999998], [-0.58022, 44.50872, 74.3], [-0.58043, 44.50866, 74.3], [-0.58039, 44.50857, 74.3], [-0.58031, 44.50858, 74.3], [-0.58032, 44.50862, 74.3], [-0.58019, 44.50861, 74.3], [-0.58014, 44.50865, 74.3], [-0.58015, 44.50869, 74.3], [-0.58001, 44.50858, 74.29999999999998], [-0.57992, 44.50842, 74.6211111111111], [-0.57994, 44.5082, 74.6211111111111], [-0.5801, 44.508, 74.6211111111111], [-0.58028, 44.50787, 74.6211111111111], [-0.58051, 44.50781, 75.7], [-0.5809, 44.50785, 75.7], [-0.58081, 44.50794, 75.7], [-0.58099, 44.50808, 74.1], [-0.58095, 44.508, 74.9], [-0.58104, 44.50792, 74.9], [-0.58123, 44.50804, 74.7], [-0.58135, 44.50824, 74.6211111111111], [-0.58133, 44.50845, 74.6211111111111], [-0.58118, 44.50864, 74.6211111111111], [-0.58099, 44.50875, 74.6211111111111], [-0.58074, 44.50881, 73.55], [-0.58049, 44.50881, 73.55]]]}}, {"type": "Feature", "properties": {"id_obligation": "332510000A2579", "priorite": "faible"}, "geometry": {"type": "Polygon", "coordinates": [[[-0.56599, 44.5138, 74.00769230769234], [-0.56605, 44.51401, 76.03], [-0.56597, 44.51422, 74.8235557299843], [-0.56577, 44.51439, 74.8235557299843], [-0.56554, 44.51446, 75.275], [-0.56511, 44.51449, 75.275], [-0.5648, 44.51442, 74.43076923076923], [-0.56457, 44.51428, 74.43076923076923], [-0.56447, 44.51412, 75.5], [-0.56446, 44.51395, 75.5], [-0.56456, 44.51376, 74.8235557299843], [-0.56473, 44.51363, 74.8235557299843], [-0.5653, 44.5135, 73.7], [-0.56554, 44.51353, 74.00769230769234], [-0.56581, 44.51363, 74.00769230769234], [-0.56599, 44.5138, 74.00769230769234]]]}}, {"type": "Feature", "properties": {"id_obligation": "332510000A2581", "priorite": "faible"}, "geometry": {"type": "Polygon", "coordinates": [[[-0.56595, 44.51422, 74.78428571428573], [-0.56578, 44.51435, 74.78428571428573], [-0.56556, 44.51442, 74.78428571428573], [-0.56531, 44.51442, 74.78428571428573], [-0.56487, 44.51427, 75.5], [-0.56502, 44.51431, 74.6], [-0.56504, 44.51418, 75.5], [-0.5649, 44.51414, 75.5], [-0.56484, 44.51425, 75.35000000000001], [-0.5647, 44.51406, 74.5], [-0.56469, 44.51388, 74.5], [-0.56478, 44.51369, 74.78428571428573], [-0.56493, 44.51354, 74.78428571428573], [-0.56515, 44.51346, 73.7], [-0.56546, 44.51344, 73.7], [-0.56578, 44.51353, 74.32857142857144], [-0.56596, 44.51365, 74.32857142857144], [-0.56607, 44.51385, 75.95714285714287], [-0.56605, 44.51404, 75.95714285714287], [-0.56595, 44.51422, 74.78428571428573]]]}}, {"type": "Feature", "properties": {"id_obligation": "332510000A2583", "priorite": "faible"}, "geometry": {"type": "Polygon", "coordinates": [[[-0.56338, 44.51387, 76.1], [-0.56359, 44.51378, 75.1986111111111], [-0.56383, 44.51376, 75.1986111111111], [-0.56423, 44.51382, 75.1986111111111], [-0.56443, 44.51392, 75.1986111111111], [-0.56458, 44.51411, 75.1986111111111], [-0.56459, 44.51429, 75.1986111111111], [-0.56452, 44.51451, 74.6], [-0.56437, 44.51465, 74.6], [-0.5641, 44.51476, 74.6], [-0.56385, 44.51476, 74.6], [-0.56351, 44.51471, 74.7], [-0.56331, 44.5146, 74.7], [-0.56319, 44.51445, 75.5], [-0.56315, 44.51428, 75.5], [-0.56324, 44.51411, 76.1], [-0.56319, 44.5141, 76.1], [-0.56338, 44.51387, 76.1]]]}}, {"type": "Feature", "properties": {"id_obligation": "332510000A2584", "priorite": "moyenne"}, "geometry": {"type": "Polygon", "coordinates": [[[-0.56382, 44.51488, 75.46666666666667], [-0.56351, 44.5149, 75.46666666666667], [-0.56316, 44.51483, 75.46666666666667], [-0.56291, 44.51465, 75.46666666666667], [-0.56284, 44.51444, 76.1], [-0.56291, 44.51419, 76.1], [-0.56322, 44.51389, 76.1], [-0.56342, 44.51379, 75.46666666666667], [-0.56365, 44.51375, 75.46666666666667], [-0.56397, 44.51378, 75.46666666666667], [-0.56419, 44.51387, 75.46666666666667], [-0.56433, 44.51401, 75.46666666666667], [-0.56439, 44.51419, 75.43333333333334], [-0.56434, 44.51445, 75.43333333333334], [-0.56407, 44.51475, 74.6], [-0.56382, 44.51488, 75.46666666666667]]]}}, {"type": "Feature", "properties": {"id_obligation": "332510000A2590", "priorite": "moyenne"}, "geometry": {"type": "Polygon", "coordinates": [[[-0.56258, 44.5145, 75.355], [-0.56246, 44.51431, 74.0], [-0.56245, 44.51414, 74.0], [-0.56258, 44.51388, 75.355], [-0.56274, 44.51374, 75.355], [-0.56302, 44.51364, 75.355], [-0.56327, 44.51364, 75.355], [-0.56354, 44.51372, 75.355], [-0.56373, 44.51383, 75.355], [-0.56386, 44.51403, 76.14000000000001], [-0.56386, 44.51421, 76.14000000000001], [-0.5638, 44.51421, 77.1], [-0.56381, 44.5143, 77.1], [-0.56372, 44.51446, 75.18000000000002], [-0.56356, 44.51459, 75.18000000000002], [-0.56335, 44.51468, 75.355], [-0.5631, 44.51469, 75.355], [-0.56282, 44.51463, 75.355], [-0.56258, 44.5145, 75.355]]]}}, {"type": "Feature", "properties": {"id_obligation": "332510000A2591", "priorite": "moyenne"}, "geometry": {"type": "Polygon", "coordinates": [[[-0.56237, 44.51373, 75.05000000000001], [-0.56259, 44.51365, 75.05000000000001], [-0.56284, 44.51364, 75.05000000000001], [-0.56322, 44.51373, 75.05000000000001], [-0.5634, 44.51385, 75.05000000000001], [-0.56352, 44.51404, 76.10000000000001], [-0.56352, 44.51422, 76.10000000000001], [-0.56342, 44.51441, 75.05000000000001], [-0.56326, 44.51454, 75.05000000000001], [-0.56298, 44.51463, 75.05000000000001], [-0.56273, 44.51463, 75.05000000000001], [-0.56242, 44.51454, 75.05000000000001], [-0.56223, 44.51443, 75.05000000000001], [-0.56212, 44.51427, 75.05000000000001], [-0.5621, 44.5141, 75.05000000000001], [-0.56218, 44.5139, 75.05000000000001], [-0.56237, 44.51373, 75.05000000000001]]]}}, {"type": "Feature", "properties": {"id_obligation": "332510000A2595", "priorite": "faible"}, "geometry": {"type": "Polygon", "coordinates": [[[-0.56926, 44.51226, 76.4], [-0.56922, 44.51233, 76.4], [-0.56938, 44.51238, 76.4], [-0.56941, 44.51233, 76.4], [-0.5696, 44.51254, 75.6375], [-0.56962, 44.51272, 75.6375], [-0.56953, 44.51293, 76.27142857142857], [-0.56937, 44.51306, 76.27142857142857], [-0.5691, 44.51315, 76.66818181818181], [-0.56886, 44.51315, 76.66818181818181], [-0.56859, 44.51309, 75.92762059369203], [-0.5684, 44.51299, 75.92762059369203], [-0.56828, 44.51283, 75.92762059369203], [-0.56825, 44.51266, 75.92762059369203], [-0.56833, 44.51245, 74.9090909090909], [-0.5684, 44.51237, 74.5], [-0.56844, 44.5124, 74.5], [-0.56848, 44.51231, 74.9090909090909], [-0.5687, 44.51222, 75.05714285714285], [-0.56894, 44.5122, 75.05714285714285], [-0.56926, 44.51226, 76.4]]]}}, {"type": "Feature", "properties": {"id_obligation": "332510000A2615", "priorite": "moyenne"}, "geometry": {"type": "Polygon", "coordinates": [[[-0.5834, 44.50832, 73.61666666666666], [-0.58316, 44.50845, 72.56666666666666], [-0.58286, 44.50847, 72.56666666666666], [-0.58247, 44.50837, 72.8], [-0.5823, 44.50825, 72.8], [-0.5822, 44.50805, 74.25], [-0.58222, 44.50787, 74.25], [-0.58237, 44.50757, 74.8], [-0.58254, 44.50744, 74.8], [-0.58283, 44.50737, 73.6], [-0.58308, 44.50738, 73.6], [-0.58336, 44.50746, 73.5], [-0.58353, 44.50759, 73.5], [-0.58363, 44.50776, 73.61666666666666], [-0.58355, 44.50811, 73.61666666666666], [-0.5834, 44.50832, 73.61666666666666]]]}}, {"type": "Feature", "properties": {"id_obligation": "332510000A2619", "priorite": "moyenne"}, "geometry": {"type": "Polygon", "coordinates": [[[-0.58309, 44.50812, 72.6], [-0.5829, 44.50837, 72.6], [-0.58256, 44.50854, 72.725], [-0.58232, 44.50856, 72.725], [-0.58209, 44.50851, 73.40992397660818], [-0.58184, 44.50837, 73.40992397660818], [-0.58172, 44.50821, 73.40992397660818], [-0.5817, 44.50804, 73.40992397660818], [-0.58177, 44.50764, 73.40992397660818], [-0.58196, 44.50737, 73.40992397660818], [-0.58228, 44.50723, 73.40992397660818], [-0.58266, 44.50724, 73.67777777777776], [-0.583, 44.5074, 73.67777777777776], [-0.58316, 44.50763, 73.67777777777776], [-0.58309, 44.50812, 72.6]]]}}, {"type": "Feature", "properties": {"id_obligation": "332510000A2620", "priorite": "forte"}, "geometry": {"type": "Polygon", "coordinates": [[[-0.58308, 44.50871, 74.10545454545453], [-0.58286, 44.50878, 74.10545454545453], [-0.58261, 44.50879, 74.10545454545453], [-0.58233, 44.50872, 74.10545454545453], [-0.58213, 44.50862, 74.10545454545453], [-0.58201, 44.50846, 74.10545454545453], [-0.58198, 44.50829, 74.4], [-0.58206, 44.50807, 74.4], [-0.58227, 44.5079, 74.8], [-0.5825, 44.50783, 74.5], [-0.58288, 44.50786, 73.8], [-0.58282, 44.508, 73.8], [-0.58293, 44.50803, 73.8], [-0.58296, 44.50789, 73.8], [-0.58303, 44.5079, 73.8], [-0.58322, 44.50802, 73.8], [-0.58333, 44.50818, 74.10545454545453], [-0.58335, 44.50836, 74.10545454545453], [-0.58327, 44.50854, 74.10545454545453], [-0.58308, 44.50871, 74.10545454545453]]]}}, {"type": "Feature", "properties": {"id_obligation": "332510000A2642", "priorite": "forte"}, "geometry": {"type": "Polygon", "coordinates": [[[-0.58017, 44.50918, 74.5], [-0.57988, 44.50913, 74.5], [-0.57965, 44.50898, 74.5], [-0.57952, 44.50874, 74.33], [-0.57953, 44.50851, 74.33], [-0.57965, 44.50836, 74.33], [-0.57988, 44.50822, 74.33], [-0.58027, 44.50812, 74.33], [-0.58052, 44.50812, 75.05], [-0.5808, 44.50822, 75.05], [-0.58095, 44.50836, 75.05], [-0.58105, 44.50858, 73.3], [-0.58105, 44.50875, 73.3], [-0.58095, 44.50891, 74.33], [-0.58078, 44.50904, 74.33], [-0.58017, 44.50918, 74.5]]]}}, {"type": "Feature", "properties": {"id_obligation": "332510000A2643", "priorite": "forte"}, "geometry": {"type": "Polygon", "coordinates": [[[-0.5796, 44.50944, 78.98571428571428], [-0.5794, 44.50928, 78.98571428571428], [-0.57934, 44.50911, 75.52142857142857], [-0.57936, 44.50882, 75.52142857142857], [-0.57945, 44.50867, 75.52142857142857], [-0.57968, 44.50852, 75.52142857142857], [-0.5799, 44.50847, 74.3], [-0.5802, 44.50848, 74.3], [-0.58043, 44.50854, 74.3], [-0.58063, 44.50871, 74.3], [-0.5807, 44.50888, 75.52142857142857], [-0.58069, 44.50917, 75.52142857142857], [-0.58059, 44.50933, 75.52142857142857], [-0.58041, 44.50946, 75.52142857142857], [-0.58018, 44.50952, 75.52142857142857], [-0.57988, 44.50952, 75.52142857142857], [-0.5796, 44.50944, 78.98571428571428]]]}}, {"type": "Feature", "properties": {"id_obligation": "332510000A2644", "priorite": "forte"}, "geometry": {"type": "Polygon", "coordinates": [[[-0.58174, 44.50844, -283.9533333333333], [-0.58201, 44.50859, -283.9533333333333], [-0.58212, 44.50874, -283.9533333333333], [-0.58215, 44.50891, -283.9533333333333], [-0.58191, 44.50927, -283.9533333333333], [-0.58172, 44.50937, -283.9533333333333], [-0.58143, 44.50941, -283.9533333333333], [-0.58119, 44.50937, -283.9533333333333], [-0.58078, 44.50918, -283.9533333333333], [-0.58064, 44.50903, -283.9533333333333], [-0.5806, 44.50882, -283.9533333333333], [-0.5807, 44.50861, -283.9533333333333], [-0.5809, 44.50845, -283.9533333333333], [-0.58119, 44.50838, -283.9533333333333], [-0.58174, 44.50844, -283.9533333333333]]]}}, {"type": "Feature", "properties": {"id_obligation": "332510000A2658", "priorite": "forte"}, "geometry": {"type": "Polygon", "coordinates": [[[-0.57157, 44.51338, 75.96190476190476], [-0.57165, 44.51359, 75.96190476190476], [-0.57158, 44.51384, 75.96190476190476], [-0.5714, 44.51402, 75.96190476190476], [-0.57118, 44.51411, 75.96190476190476], [-0.57087, 44.51413, 75.96190476190476], [-0.57048, 44.51402, 75.96190476190476], [-0.57028, 44.51391, 75.96190476190476], [-0.57017, 44.51376, 76.1], [-0.57014, 44.51359, 76.1], [-0.57024, 44.51333, 76.1], [-0.57039, 44.5132, 76.1], [-0.5706, 44.51311, 76.1], [-0.57084, 44.51309, 75.96190476190476], [-0.57136, 44.51323, 75.96190476190476], [-0.57157, 44.51338, 75.96190476190476]]]}}, {"type": "Feature", "properties": {"id_obligation": "332510000A2679", "priorite": "faible"}, "geometry": {"type": "Polygon", "coordinates": [[[-0.56577, 44.51193, 74.74999999999999], [-0.56563, 44.51193, 74.8], [-0.56562, 44.512, 74.8], [-0.56579, 44.51202, 74.7], [-0.56581, 44.51194, 74.7], [-0.56609, 44.51208, 74.74999999999999], [-0.56623, 44.51227, 74.478], [-0.56619, 44.51253, 74.478], [-0.56601, 44.51278, 74.478], [-0.56575, 44.5129, 74.478], [-0.56518, 44.51292, 74.478], [-0.56488, 44.51287, 74.478], [-0.56467, 44.51278, 74.478], [-0.5645, 44.5126, 74.56666666666668], [-0.56447, 44.51242, 74.56666666666668], [-0.56454, 44.51219, 74.1], [-0.56466, 44.51204, 74.1], [-0.56486, 44.51194, 74.1], [-0.5651, 44.51189, 74.8], [-0.56577, 44.51193, 74.74999999999999]]]}}, {"type": "Feature", "properties": {"id_obligation": "332510000A2689", "priorite": "moyenne"}, "geometry": {"type": "Polygon", "coordinates": [[[-0.57103, 44.51324, 75.79583333333333], [-0.57113, 44.51344, 75.68333333333334], [-0.57111, 44.51361, 75.68333333333334], [-0.57094, 44.51385, 75.7], [-0.57075, 44.51396, 75.7], [-0.57046, 44.514, 75.79583333333333], [-0.57003, 44.51391, 75.79583333333333], [-0.56983, 44.51382, 75.79583333333333], [-0.56967, 44.51363, 75.7], [-0.56965, 44.51346, 75.7], [-0.56973, 44.51325, 75.79583333333333], [-0.56987, 44.5131, 75.79583333333333], [-0.57008, 44.513, 75.79583333333333], [-0.57032, 44.51296, 75.79583333333333], [-0.57081, 44.51309, 75.79583333333333], [-0.57103, 44.51324, 75.79583333333333]]]}}, {"type": "Feature", "properties": {"id_obligation": "332510000A2690", "priorite": "moyenne"}, "geometry": {"type": "Polygon", "coordinates": [[[-0.56942, 44.51299, 76.2], [-0.56965, 44.51291, 75.99810606060606], [-0.5699, 44.51291, 75.99810606060606], [-0.57028, 44.51301, 75.99810606060606], [-0.57046, 44.51313, 75.99810606060606], [-0.57057, 44.51333, 76.10000000000001], [-0.57056, 44.5135, 76.10000000000001], [-0.57046, 44.51368, 76.1], [-0.57031, 44.51381, 76.1], [-0.57003, 44.5139, 75.99810606060606], [-0.56974, 44.51389, 75.99810606060606], [-0.56942, 44.51379, 76.26363636363637], [-0.56941, 44.51374, 76.1], [-0.56935, 44.51376, 76.1], [-0.5692, 44.51361, 76.5], [-0.56934, 44.51369, 76.5], [-0.56942, 44.51357, 76.3], [-0.56921, 44.51354, 76.5], [-0.56918, 44.51359, 76.5], [-0.56915, 44.51352, 75.62499999999999], [-0.56914, 44.51335, 74.52486301139814], [-0.56923, 44.51316, 76.2], [-0.56942, 44.51299, 76.2]]]}}, {"type": "Feature", "properties": {"id_obligation": "332510000A2695", "priorite": "moyenne"}, "geometry": {"type": "Polygon", "coordinates": [[[-0.58404, 44.50777, 73.59694444444443], [-0.58379, 44.50794, 73.59694444444443], [-0.58357, 44.508, 73.59694444444443], [-0.58333, 44.508, 73.59694444444443], [-0.58311, 44.50793, 73.71], [-0.58286, 44.50775, 73.71], [-0.58275, 44.50755, 73.67777777777776], [-0.58275, 44.50738, 73.67777777777776], [-0.58285, 44.50723, 73.59694444444443], [-0.58314, 44.50701, 73.59694444444443], [-0.58337, 44.50695, 73.5], [-0.58363, 44.50695, 73.5], [-0.58385, 44.50703, 73.59694444444443], [-0.58409, 44.5072, 73.59694444444443], [-0.58418, 44.50741, 73.59694444444443], [-0.58414, 44.50762, 73.59694444444443], [-0.58404, 44.50777, 73.59694444444443]]]}}, {"type": "Feature", "properties": {"id_obligation": "332510000A2703", "priorite": "moyenne"}, "geometry": {"type": "MultiPolygon", "coordinates": [[[[-0.58403, 44.50732, 73.83541666666667], [-0.58388, 44.50751, 73.83541666666667], [-0.58356, 44.50765, 73.5], [-0.58327, 44.5077, 73.5], [-0.58304, 44.50766, 73.6], [-0.58286, 44.50758, 74.3], [-0.58298, 44.5075, 74.3], [-0.58289, 44.50744, 74.3], [-0.58279, 44.50753, 74.3], [-0.58261, 44.50717, 73.83541666666667], [-0.58266, 44.50699, 73.0], [-0.58284, 44.50682, 73.0], [-0.58306, 44.50673, 73.0], [-0.58339, 44.50668, 73.1125], [-0.58363, 44.50671, 76.3], [-0.58384, 44.50681, 76.3], [-0.58398, 44.50695, 76.3], [-0.58405, 44.50715, 73.83541666666667], [-0.58403, 44.50732, 73.83541666666667]]]]}}, {"type": "Feature", "properties": {"id_obligation": "332510000A2708", "priorite": "moyenne"}, "geometry": {"type": "Polygon", "coordinates": [[[-0.58338, 44.50604, 74.14444444444445], [-0.58368, 44.506, 74.14444444444445], [-0.58396, 44.50606, 74.14444444444445], [-0.58426, 44.50622, 74.14444444444445], [-0.58437, 44.50638, 74.9], [-0.58437, 44.5066, 74.9], [-0.58421, 44.50684, 74.93333333333334], [-0.58405, 44.50697, 74.93333333333334], [-0.58383, 44.50705, 74.1888888888889], [-0.58359, 44.50706, 74.1888888888889], [-0.58336, 44.507, 72.8], [-0.58307, 44.50685, 72.8], [-0.58296, 44.5067, 74.14444444444445], [-0.58293, 44.50653, 74.14444444444445], [-0.58315, 44.50617, 74.14444444444445], [-0.58338, 44.50604, 74.14444444444445]]]}}, {"type": "Feature", "properties": {"id_obligation": "332510000A2710", "priorite": "moyenne"}, "geometry": {"type": "Polygon", "coordinates": [[[-0.58368, 44.50631, 73.9], [-0.58392, 44.50641, 73.9], [-0.58406, 44.50655, 73.9], [-0.58413, 44.50674, 74.98564544856083], [-0.58406, 44.50669, 74.9], [-0.58391, 44.5068, 74.6], [-0.58399, 44.50685, 74.8], [-0.58413, 44.50676, 74.82], [-0.58408, 44.50693, 74.82], [-0.5839, 44.50716, 73.80563492063493], [-0.58366, 44.50728, 73.5], [-0.58342, 44.50732, 73.5], [-0.58318, 44.50729, 73.80563492063493], [-0.58289, 44.50716, 73.80563492063493], [-0.58274, 44.50701, 73.80563492063493], [-0.58269, 44.50685, 73.8], [-0.58276, 44.50687, 73.8], [-0.5828, 44.50681, 73.8], [-0.58272, 44.50678, 73.8], [-0.58269, 44.50682, 73.8], [-0.58272, 44.50671, 73.22777777777779], [-0.58295, 44.50642, 73.6], [-0.58317, 44.50633, 73.9], [-0.58343, 44.50629, 73.9], [-0.58368, 44.50631, 73.9]]]}}, {"type": "Feature", "properties": {"id_obligation": "332510000A2722", "priorite": "moyenne"}, "geometry": {"type": "Polygon", "coordinates": [[[-0.56318, 44.51214, 73.6], [-0.56322, 44.51189, 74.41177944862156], [-0.56339, 44.5117, 74.41177944862156], [-0.56366, 44.51159, 74.41177944862156], [-0.56405, 44.5116, 73.76842105263158], [-0.56461, 44.51175, 74.41177944862156], [-0.5648, 44.51187, 74.41177944862156], [-0.56492, 44.51203, 74.39999999999999], [-0.56492, 44.51228, 74.39999999999999], [-0.5648, 44.51248, 74.9], [-0.56461, 44.5126, 74.9], [-0.56419, 44.51273, 74.41177944862156], [-0.56383, 44.51272, 74.41177944862156], [-0.5636, 44.51266, 74.41177944862156], [-0.56342, 44.51253, 74.41177944862156], [-0.56318, 44.51214, 73.6]]]}}, {"type": "Feature", "properties": {"id_obligation": "332510000A2723", "priorite": "moyenne"}, "geometry": {"type": "Polygon", "coordinates": [[[-0.56415, 44.51205, 73.74444444444444], [-0.56413, 44.51226, 73.9], [-0.56397, 44.51245, 73.9], [-0.56369, 44.51259, 73.73611111111111], [-0.56339, 44.51262, 73.73611111111111], [-0.56309, 44.51256, 73.73611111111111], [-0.56289, 44.51245, 73.73611111111111], [-0.56271, 44.51227, 73.73611111111111], [-0.56265, 44.51206, 73.73611111111111], [-0.56272, 44.51189, 73.73611111111111], [-0.56291, 44.51172, 73.73611111111111], [-0.56315, 44.51162, 73.73611111111111], [-0.56339, 44.51158, 73.73611111111111], [-0.56362, 44.51161, 73.73611111111111], [-0.56383, 44.5117, 73.7], [-0.56403, 44.51185, 73.7], [-0.56415, 44.51205, 73.74444444444444]]]}}, {"type": "Feature", "properties": {"id_obligation": "332510000A2726", "priorite": "faible"}, "geometry": {"type": "Polygon", "coordinates": [[[-0.5687, 44.5128, 76.0], [-0.56855, 44.51293, 60.75446293290043], [-0.56833, 44.51302, 60.75446293290043], [-0.56809, 44.51304, 75.65714285714286], [-0.56801, 44.51303, 75.4], [-0.56808, 44.51289, 75.4], [-0.56802, 44.51287, 75.4], [-0.56794, 44.51302, 75.4], [-0.56783, 44.51299, 76.3], [-0.56785, 44.51294, 76.3], [-0.56773, 44.5129, 76.3], [-0.56771, 44.51295, 76.3], [-0.56759, 44.51288, 76.3], [-0.56744, 44.51273, 75.6], [-0.56759, 44.51279, 75.6], [-0.56763, 44.51274, 75.6], [-0.56742, 44.51268, 75.6], [-0.56739, 44.51252, 76.07499999999996], [-0.56744, 44.51239, 78.3], [-0.56752, 44.5124, 78.3], [-0.56754, 44.51231, 78.3], [-0.56749, 44.5123, 78.3], [-0.56761, 44.51217, 78.04166666666666], [-0.56781, 44.51207, -46.25227272727268], [-0.56812, 44.51204, -46.25227272727268], [-0.56845, 44.51212, 74.6875], [-0.56864, 44.51223, 74.6875], [-0.56876, 44.51238, 74.6875], [-0.56879, 44.51259, 76.0], [-0.5687, 44.5128, 76.0]]]}}, {"type": "Feature", "properties": {"id_obligation": "332510000A2728", "priorite": "moyenne"}, "geometry": {"type": "Polygon", "coordinates": [[[-0.59477, 44.52384, 81.2], [-0.5946, 44.52391, 81.2], [-0.5944, 44.52419, 72.89285714285712], [-0.59431, 44.52419, 73.0], [-0.59432, 44.52424, 73.0], [-0.5941, 44.52431, 72.75760015030335], [-0.59407, 44.52422, 72.9], [-0.59394, 44.52421, 72.9], [-0.59394, 44.52433, 72.9], [-0.59355, 44.52426, 72.76666666666667], [-0.59332, 44.52411, 72.76666666666667], [-0.59331, 44.52395, 71.6], [-0.59323, 44.52394, 71.6], [-0.5933, 44.52344, 73.77148659463785], [-0.59342, 44.52324, 73.77148659463785], [-0.59365, 44.5231, 73.77148659463785], [-0.59394, 44.52306, 72.2], [-0.59423, 44.52295, 72.2], [-0.59463, 44.52297, 72.1], [-0.59495, 44.52316, 72.1], [-0.59505, 44.5234, 72.1], [-0.59493, 44.5237, 81.2], [-0.59477, 44.52384, 81.2]]]}}, {"type": "Feature", "properties": {"id_obligation": "332510000A2755", "priorite": "moyenne"}, "geometry": {"type": "Polygon", "coordinates": [[[-0.59414, 44.524, 73.67999999999999], [-0.59364, 44.52449, 73.3], [-0.59341, 44.52457, 72.1], [-0.59339, 44.52449, 74.5], [-0.59329, 44.52448, 74.5], [-0.59325, 44.52458, 73.26465148143045], [-0.59318, 44.52458, 73.3], [-0.59288, 44.52451, 73.1], [-0.59269, 44.52439, 73.1], [-0.59257, 44.52419, 73.1], [-0.59258, 44.52385, 72.87230769230769], [-0.59277, 44.52361, 72.87230769230769], [-0.59283, 44.52337, 72.87230769230769], [-0.59302, 44.52319, 72.87230769230769], [-0.59337, 44.5231, 72.0], [-0.59383, 44.52315, 72.9], [-0.5941, 44.52333, 72.9], [-0.59421, 44.52361, 73.67999999999999], [-0.59414, 44.524, 73.67999999999999]]]}}, {"type": "Feature", "properties": {"id_obligation": "332510000A2772", "priorite": "faible"}, "geometry": {"type": "Polygon", "coordinates": [[[-0.56378, 44.51577, 74.4], [-0.56381, 44.51564, 74.5], [-0.56362, 44.51561, 75.9], [-0.5636, 44.51556, 75.6724025974026], [-0.56358, 44.51538, 75.6724025974026], [-0.56368, 44.51513, 75.6724025974026], [-0.56389, 44.51497, 75.6724025974026], [-0.56412, 44.51491, 75.6724025974026], [-0.56437, 44.51491, 75.6724025974026], [-0.56466, 44.51498, 75.35], [-0.56485, 44.5151, 75.35], [-0.56496, 44.51525, 75.3], [-0.5649, 44.51528, 75.3], [-0.56498, 44.51535, 75.3], [-0.56498, 44.51543, 75.31818181818181], [-0.56487, 44.51569, 75.6724025974026], [-0.5647, 44.51582, 75.6724025974026], [-0.56447, 44.5159, 75.6724025974026], [-0.56428, 44.51591, 75.6724025974026], [-0.56397, 44.51585, 75.05], [-0.56378, 44.51577, 74.4]]]}}, {"type": "Feature", "properties": {"id_obligation": "332510000A2777", "priorite": "faible"}, "geometry": {"type": "Polygon", "coordinates": [[[-0.56555, 44.51451, 74.73750000000001], [-0.5654, 44.51463, 74.73750000000001], [-0.56519, 44.51472, 74.73750000000001], [-0.56494, 44.51475, 74.73750000000001], [-0.56463, 44.51469, 74.73750000000001], [-0.56442, 44.5146, 74.73750000000001], [-0.56425, 44.51441, 74.73750000000001], [-0.56421, 44.51424, 74.73750000000001], [-0.56431, 44.51399, 74.73750000000001], [-0.56444, 44.51384, 74.73750000000001], [-0.56469, 44.51372, 74.5], [-0.56493, 44.5137, 74.5], [-0.56531, 44.51377, 74.95], [-0.5655, 44.51388, 74.95], [-0.56565, 44.51407, 74.73750000000001], [-0.56565, 44.51432, 74.73750000000001], [-0.56555, 44.51451, 74.73750000000001]]]}}, {"type": "Feature", "properties": {"id_obligation": "332510000A2781", "priorite": "forte"}, "geometry": {"type": "Polygon", "coordinates": [[[-0.58874, 44.52057, 74.8], [-0.58847, 44.52067, 74.8], [-0.58811, 44.52066, 74.19777777777777], [-0.5878, 44.5205, 74.19777777777777], [-0.58765, 44.52026, 74.19777777777777], [-0.58771, 44.52, 74.19777777777777], [-0.58762, 44.51971, 74.0], [-0.58772, 44.51951, 74.0], [-0.58795, 44.51933, 74.0], [-0.58823, 44.51923, 73.56666666666666], [-0.58848, 44.51923, 73.56666666666666], [-0.58903, 44.51943, 73.3], [-0.58896, 44.51942, 73.3], [-0.58884, 44.51953, 73.3], [-0.58892, 44.51957, 73.3], [-0.5891, 44.51948, 73.3], [-0.58907, 44.51945, 73.3], [-0.58923, 44.51955, 73.29999999999998], [-0.58935, 44.51971, 73.36000000000001], [-0.58937, 44.51992, 73.36000000000001], [-0.58929, 44.52009, 73.36000000000001], [-0.58874, 44.52057, 74.8]]]}}, {"type": "Feature", "properties": {"id_obligation": "332510000A2783", "priorite": "forte"}, "geometry": {"type": "Polygon", "coordinates": [[[-0.59978, 44.51448, 72.16232638888889], [-0.59952, 44.51463, 72.7], [-0.59928, 44.51466, 72.7], [-0.59887, 44.51462, 71.5], [-0.59862, 44.51451, 71.5], [-0.59844, 44.51434, 71.93333333333334], [-0.59835, 44.51411, 71.93333333333334], [-0.5984, 44.51388, 71.93333333333334], [-0.59857, 44.5137, 72.16232638888889], [-0.59897, 44.51359, 71.5], [-0.59923, 44.51339, 71.5], [-0.59953, 44.51334, 71.5], [-0.59982, 44.51338, 72.16232638888889], [-0.6001, 44.51354, 72.16232638888889], [-0.60021, 44.51378, 72.16232638888889], [-0.60014, 44.51404, 71.5], [-0.5999, 44.51428, 71.5], [-0.59978, 44.51448, 72.16232638888889]]]}}, {"type": "Feature", "properties": {"id_obligation": "332510000A2784", "priorite": "forte"}, "geometry": {"type": "Polygon", "coordinates": [[[-0.59891, 44.5151, 74.71428571428571], [-0.59857, 44.51518, 74.71428571428571], [-0.59817, 44.51509, 72.9391865079365], [-0.5979, 44.51483, 72.9391865079365], [-0.59757, 44.51495, 72.9391865079365], [-0.59715, 44.51494, 72.9391865079365], [-0.59689, 44.51483, 72.9391865079365], [-0.59676, 44.51468, 73.90833333333332], [-0.59671, 44.51451, 73.90833333333332], [-0.59674, 44.51429, 73.90833333333332], [-0.59732, 44.51368, 71.8], [-0.59759, 44.51358, 72.4], [-0.598, 44.51358, 72.4], [-0.59835, 44.51376, 72.4], [-0.59845, 44.51392, 72.9391865079365], [-0.59848, 44.51412, 72.19999999999999], [-0.59888, 44.51416, 72.19999999999999], [-0.59917, 44.51437, 72.19999999999999], [-0.59929, 44.51461, 74.71428571428571], [-0.5992, 44.51486, 74.71428571428571], [-0.59891, 44.5151, 74.71428571428571]]]}}, {"type": "Feature", "properties": {"id_obligation": "332510000A2785", "priorite": "forte"}, "geometry": {"type": "Polygon", "coordinates": [[[-0.59943, 44.5142, 74.18095238095239], [-0.59978, 44.51428, 74.18095238095239], [-0.59996, 44.51439, 72.91062091503268], [-0.60009, 44.51458, 72.91062091503268], [-0.60037, 44.51464, 72.91062091503268], [-0.60056, 44.51475, 72.91062091503268], [-0.60067, 44.5149, 72.91062091503268], [-0.6007, 44.51508, 71.9], [-0.60062, 44.51529, 71.9], [-0.60046, 44.51543, 71.9], [-0.60017, 44.51552, 71.9], [-0.59992, 44.51552, 71.9], [-0.59873, 44.51526, 72.91062091503268], [-0.59844, 44.5151, 72.91062091503268], [-0.59831, 44.51482, 73.92352941176469], [-0.59845, 44.51447, 73.2357142857143], [-0.59872, 44.51429, 73.2357142857143], [-0.59943, 44.5142, 74.18095238095239]]]}}, {"type": "Feature", "properties": {"id_obligation": "332510000A2788", "priorite": "forte"}, "geometry": {"type": "Polygon", "coordinates": [[[-0.59595, 44.52416, 77.10769230769233], [-0.59584, 44.52437, 77.10769230769233], [-0.59557, 44.52456, 77.10769230769233], [-0.59522, 44.52463, 77.10769230769233], [-0.59493, 44.52457, 77.10769230769233], [-0.59456, 44.52435, 77.10769230769233], [-0.59434, 44.52409, 77.10769230769233], [-0.59428, 44.52391, 77.10769230769233], [-0.59435, 44.52367, 77.10769230769233], [-0.59446, 44.52351, 77.10769230769233], [-0.59471, 44.52338, 77.10769230769233], [-0.59496, 44.52334, 81.2], [-0.5953, 44.5234, 81.2], [-0.59552, 44.52349, 77.10769230769233], [-0.59589, 44.5239, 77.10769230769233], [-0.59595, 44.52416, 77.10769230769233]]]}}, {"type": "Feature", "properties": {"id_obligation": "332510000A2789", "priorite": "forte"}, "geometry": {"type": "Polygon", "coordinates": [[[-0.59206, 44.51396, 73.24], [-0.5917, 44.51399, 73.24], [-0.59132, 44.51388, 73.6], [-0.59111, 44.51367, 73.6], [-0.59109, 44.51345, 73.4], [-0.5912, 44.5132, 73.2], [-0.59137, 44.51308, 73.2], [-0.59185, 44.51285, 73.78799999999998], [-0.5921, 44.51283, 73.78799999999998], [-0.59246, 44.51289, 73.78799999999998], [-0.59265, 44.51299, 73.78799999999998], [-0.59278, 44.51315, 73.78799999999998], [-0.59281, 44.51332, 73.78799999999998], [-0.59273, 44.51354, 73.78799999999998], [-0.59206, 44.51396, 73.24]]]}}, {"type": "Feature", "properties": {"id_obligation": "332510000A2793", "priorite": "forte"}, "geometry": {"type": "Polygon", "coordinates": [[[-0.59284, 44.51757, 74.98185096153847], [-0.59284, 44.51778, 74.98185096153847], [-0.59272, 44.51798, 74.98185096153847], [-0.59247, 44.51812, 74.98185096153847], [-0.59216, 44.51815, 74.98185096153847], [-0.59157, 44.51809, 74.98185096153847], [-0.59131, 44.51798, 74.98185096153847], [-0.59117, 44.51783, 74.98185096153847], [-0.59113, 44.51762, 74.98185096153847], [-0.59121, 44.51734, 73.0230769230769], [-0.59141, 44.51718, 73.0230769230769], [-0.59175, 44.51704, 74.98185096153847], [-0.59199, 44.51701, 74.98185096153847], [-0.59229, 44.51706, 74.98185096153847], [-0.5925, 44.51717, 74.98185096153847], [-0.59284, 44.51757, 74.98185096153847]]]}}, {"type": "Feature", "properties": {"id_obligation": "332510000A2795", "priorite": "forte"}, "geometry": {"type": "Polygon", "coordinates": [[[-0.59381, 44.51728, 73.57911455990403], [-0.5935, 44.51743, 72.74444444444445], [-0.59302, 44.51749, 72.74444444444445], [-0.59273, 44.51745, 73.57911455990403], [-0.59252, 44.51735, 73.57911455990403], [-0.59238, 44.51721, 73.57911455990403], [-0.59232, 44.51703, 73.57911455990403], [-0.59244, 44.51667, 73.57911455990403], [-0.59241, 44.51638, 74.33076923076922], [-0.59256, 44.51615, 74.33076923076922], [-0.5926, 44.51612, 75.6], [-0.59257, 44.51619, 75.6], [-0.59266, 44.51621, 75.6], [-0.59271, 44.51606, 75.6], [-0.59311, 44.516, 73.46], [-0.59338, 44.51605, 73.46], [-0.59396, 44.51627, 73.05], [-0.59411, 44.51641, 73.05], [-0.59418, 44.51663, 75.2], [-0.59381, 44.51728, 73.57911455990403]]]}}, {"type": "Feature", "properties": {"id_obligation": "332510000A2797", "priorite": "moyenne"}, "geometry": {"type": "Polygon", "coordinates": [[[-0.58307, 44.50727, 73.0], [-0.58277, 44.50732, 73.0], [-0.58239, 44.50724, 73.16089743589743], [-0.58216, 44.5071, 73.16089743589743], [-0.58206, 44.50693, 73.16089743589743], [-0.58207, 44.50671, 73.16089743589743], [-0.58229, 44.50638, 73.16089743589743], [-0.58246, 44.50625, 73.16089743589743], [-0.58268, 44.50617, 73.16089743589743], [-0.58294, 44.50617, 73.16089743589743], [-0.58327, 44.50627, 73.16089743589743], [-0.58345, 44.5064, 73.16089743589743], [-0.58355, 44.50656, 73.57692307692307], [-0.58355, 44.50674, 73.57692307692307], [-0.58353, 44.50679, 76.3], [-0.58346, 44.50673, 72.9], [-0.58339, 44.50675, 72.8], [-0.58332, 44.50684, 72.8], [-0.58347, 44.5069, 75.78903279188955], [-0.58329, 44.50712, 72.39999999999999], [-0.58307, 44.50727, 73.0]]]}}, {"type": "Feature", "properties": {"id_obligation": "332510000A2800", "priorite": "faible"}, "geometry": {"type": "Polygon", "coordinates": [[[-0.56712, 44.51256, 75.2], [-0.56709, 44.51259, 75.2], [-0.56727, 44.51267, 75.2], [-0.56737, 44.51284, 75.7], [-0.56709, 44.51275, 75.7], [-0.56701, 44.51288, 75.7], [-0.56738, 44.51297, 75.7], [-0.5673, 44.51319, 75.26666666666668], [-0.56716, 44.51334, 75.26666666666668], [-0.5671, 44.51338, 75.6], [-0.56688, 44.5133, 75.6], [-0.56682, 44.5134, 75.6], [-0.56694, 44.51344, 75.6], [-0.5666, 44.51346, 75.89677419354834], [-0.56643, 44.51343, 75.1], [-0.56646, 44.51338, 75.1], [-0.56634, 44.51334, 75.2], [-0.56631, 44.5134, 75.2], [-0.56592, 44.51332, 75.61644844492015], [-0.5657, 44.51324, 75.61644844492015], [-0.56555, 44.51309, 74.92083333333332], [-0.56548, 44.51292, 74.92083333333332], [-0.5655, 44.5127, 75.61644844492015], [-0.56564, 44.51251, 75.61644844492015], [-0.56584, 44.5124, 75.61644844492015], [-0.56627, 44.51235, 75.61644844492015], [-0.56712, 44.51256, 75.2]]]}}, {"type": "Feature", "properties": {"id_obligation": "332510000A2801", "priorite": "moyenne"}, "geometry": {"type": "Polygon", "coordinates": [[[-0.56461, 44.51133, 74.94504643962848], [-0.5648, 44.51156, 74.94504643962848], [-0.5648, 44.51178, 74.94504643962848], [-0.56465, 44.51207, 77.8], [-0.56448, 44.5122, 77.8], [-0.56436, 44.51225, 74.2], [-0.56423, 44.51222, 74.2], [-0.56435, 44.51226, 74.2], [-0.56419, 44.51229, 74.61176470588236], [-0.56405, 44.51229, 73.9], [-0.56407, 44.51219, 73.9], [-0.56396, 44.51218, 73.9], [-0.56394, 44.51227, 73.9], [-0.56343, 44.51219, 73.6], [-0.56336, 44.51215, 73.7], [-0.5634, 44.51213, 73.7], [-0.56345, 44.51217, 73.7], [-0.56353, 44.51212, 73.7], [-0.56339, 44.51202, 73.4], [-0.56328, 44.51209, 73.7], [-0.56322, 44.51203, 73.6], [-0.56314, 44.51191, 74.94504643962848], [-0.56313, 44.51174, 74.94504643962848], [-0.56323, 44.51153, 74.94504643962848], [-0.56373, 44.51123, 74.94504643962848], [-0.56398, 44.51119, 74.94504643962848], [-0.56428, 44.51122, 74.94504643962848], [-0.56461, 44.51133, 74.94504643962848]]]}}, {"type": "Feature", "properties": {"id_obligation": "332510000A2802", "priorite": "forte"}, "geometry": {"type": "Polygon", "coordinates": [[[-0.58912, 44.51202, 72.31071428571428], [-0.58893, 44.5122, 72.31071428571428], [-0.58865, 44.51228, 72.31071428571428], [-0.58834, 44.51226, 72.31071428571428], [-0.58808, 44.51216, 72.31071428571428], [-0.58791, 44.51198, 72.31071428571428], [-0.58782, 44.51161, 72.31071428571428], [-0.58785, 44.51144, 72.31071428571428], [-0.58799, 44.51123, 72.31071428571428], [-0.58817, 44.51111, 72.31071428571428], [-0.58851, 44.51102, 72.45714285714284], [-0.58881, 44.51104, 71.9], [-0.58907, 44.51114, 71.9], [-0.58923, 44.51132, 71.9], [-0.58927, 44.51149, 72.31071428571428], [-0.58912, 44.51202, 72.31071428571428]]]}}, {"type": "Feature", "properties": {"id_obligation": "332510000A2806", "priorite": "forte"}, "geometry": {"type": "Polygon", "coordinates": [[[-0.59011, 44.51829, 73.2], [-0.58962, 44.51858, 76.5], [-0.58937, 44.51864, 76.5], [-0.58912, 44.51862, -350.51644444444446], [-0.58885, 44.51853, -350.51644444444446], [-0.58865, 44.51837, -350.51644444444446], [-0.58858, 44.51812, -1000.0], [-0.58868, 44.51788, -1000.0], [-0.5889, 44.51768, -1000.0], [-0.58903, 44.51739, -1000.0], [-0.5893, 44.51723, -284.26666666666665], [-0.58968, 44.51718, -350.51644444444446], [-0.59002, 44.51727, -350.51644444444446], [-0.59024, 44.51748, -350.51644444444446], [-0.59029, 44.51778, -350.51644444444446], [-0.59011, 44.51829, 73.2]]]}}, {"type": "Feature", "properties": {"id_obligation": "332510000A2807", "priorite": "forte"}, "geometry": {"type": "Polygon", "coordinates": [[[-0.58099, 44.52426, 74.70625], [-0.58086, 44.52411, 74.70625], [-0.58081, 44.52394, 74.70625], [-0.58087, 44.52377, 74.70625], [-0.58105, 44.52359, 74.70625], [-0.58124, 44.52349, 74.70625], [-0.58153, 44.52344, 74.70625], [-0.58177, 44.52348, 74.70625], [-0.58207, 44.52364, 74.8], [-0.58208, 44.52367, 75.3], [-0.58201, 44.52369, 75.3], [-0.58208, 44.52374, 75.3], [-0.58216, 44.5237, 75.3], [-0.58223, 44.52378, 73.8], [-0.58217, 44.5238, 73.8], [-0.58225, 44.52382, 73.8], [-0.58229, 44.52395, 73.8], [-0.58224, 44.52416, 74.75000000000001], [-0.58205, 44.52435, 74.75000000000001], [-0.58179, 44.52446, 74.70625], [-0.58148, 44.52447, 74.70625], [-0.58122, 44.5244, 74.70625], [-0.58099, 44.52426, 74.70625]]]}}, {"type": "Feature", "properties": {"id_obligation": "332510000A2808", "priorite": "forte"}, "geometry": {"type": "Polygon", "coordinates": [[[-0.57724, 44.5146, 77.57777777777778], [-0.57748, 44.51445, 77.57777777777778], [-0.57772, 44.51441, 77.7], [-0.57809, 44.51443, 77.57777777777778], [-0.5783, 44.51452, 77.57777777777778], [-0.57848, 44.51469, 77.57777777777778], [-0.57852, 44.51486, 77.57777777777778], [-0.57848, 44.51513, 77.57777777777778], [-0.57836, 44.51528, 77.57777777777778], [-0.5781, 44.51541, 77.57777777777778], [-0.57785, 44.51543, 77.57777777777778], [-0.57754, 44.5154, 77.57777777777778], [-0.57733, 44.51531, 77.57777777777778], [-0.57719, 44.51518, 77.57777777777778], [-0.57712, 44.51501, 77.57777777777778], [-0.57713, 44.5148, 77.57777777777778], [-0.57724, 44.5146, 77.57777777777778]]]}}, {"type": "Feature", "properties": {"id_obligation": "332510000A2823", "priorite": "moyenne"}, "geometry": {"type": "Polygon", "coordinates": [[[-0.57068, 44.52712, 77.2], [-0.57074, 44.52715, 77.2], [-0.57087, 44.527, 77.4], [-0.57076, 44.52696, 77.4], [-0.57068, 44.52705, 77.2], [-0.57071, 44.52695, 77.4], [-0.57091, 44.52674, 77.4], [-0.57112, 44.52665, 75.94166666666666], [-0.57142, 44.52662, 75.94166666666666], [-0.57166, 44.52668, 76.2], [-0.57198, 44.52687, 76.2], [-0.57211, 44.52701, 43.26180860805861], [-0.57215, 44.52718, 43.26180860805861], [-0.57211, 44.52735, -191.945], [-0.57193, 44.52753, -191.945], [-0.57173, 44.52763, -191.945], [-0.57149, 44.52766, 76.46923076923076], [-0.57125, 44.52763, 76.46923076923076], [-0.5708, 44.52736, 77.25714285714285], [-0.57068, 44.52712, 77.2]]]}}, {"type": "Feature", "properties": {"id_obligation": "332510000A2832", "priorite": "très forte"}, "geometry": {"type": "Polygon", "coordinates": [[[-0.59095, 44.51227, 72.87499999999999], [-0.5909, 44.51244, 72.87499999999999], [-0.59076, 44.51258, 72.87499999999999], [-0.5905, 44.51271, 72.87499999999999], [-0.59019, 44.51277, 72.87499999999999], [-0.58994, 44.51275, 72.87499999999999], [-0.58972, 44.51266, 72.87499999999999], [-0.58957, 44.51252, 72.87499999999999], [-0.58949, 44.51222, 72.87499999999999], [-0.58955, 44.51177, 72.87499999999999], [-0.58966, 44.51162, 72.87499999999999], [-0.58989, 44.51148, 72.87499999999999], [-0.59024, 44.51144, 72.87499999999999], [-0.59061, 44.51153, 72.87499999999999], [-0.59084, 44.51174, 72.87499999999999], [-0.59095, 44.51227, 72.87499999999999]]]}}, {"type": "Feature", "properties": {"id_obligation": "332510000A2845", "priorite": "faible"}, "geometry": {"type": "Polygon", "coordinates": [[[-0.56498, 44.51517, 75.4], [-0.56474, 44.5153, 75.4], [-0.5647, 44.51521, 75.4], [-0.56455, 44.51529, 75.4], [-0.56459, 44.51533, 75.4], [-0.56414, 44.5153, 75.3], [-0.56394, 44.5152, 75.3], [-0.56378, 44.51501, 75.3], [-0.56375, 44.51483, 75.3], [-0.56382, 44.51458, 74.6], [-0.56394, 44.51445, 74.6], [-0.56424, 44.51453, 74.6], [-0.56426, 44.51446, 74.6], [-0.56398, 44.51442, 74.6], [-0.56423, 44.51432, 74.6], [-0.56448, 44.51431, 74.6], [-0.56477, 44.51435, 75.3], [-0.56496, 44.51445, 75.3], [-0.5651, 44.5146, 75.3], [-0.56514, 44.51476, 76.8], [-0.56511, 44.51498, 76.8], [-0.56498, 44.51517, 75.4]]]}}, {"type": "Feature", "properties": {"id_obligation": "332510000A2846", "priorite": "faible"}, "geometry": {"type": "Polygon", "coordinates": [[[-0.56465, 44.51487, 75.0], [-0.56437, 44.51497, 75.0], [-0.56413, 44.51497, 75.0], [-0.5637, 44.51488, 75.13551587301586], [-0.56348, 44.51475, 75.13551587301586], [-0.56334, 44.5146, 74.7], [-0.5633, 44.51443, 74.7], [-0.56337, 44.51422, 75.9], [-0.56356, 44.51405, 75.9], [-0.56385, 44.51396, 77.1], [-0.56453, 44.51406, 74.32857142857142], [-0.56473, 44.51417, 74.32857142857142], [-0.56486, 44.51432, 73.9], [-0.56489, 44.5145, 73.9], [-0.56482, 44.51469, 75.0], [-0.56465, 44.51487, 75.0]]]}}, {"type": "Feature", "properties": {"id_obligation": "332510000A2848", "priorite": "moyenne"}, "geometry": {"type": "Polygon", "coordinates": [[[-0.57027, 44.51193, 76.99246153846154], [-0.57009, 44.51197, 76.99246153846154], [-0.56979, 44.51195, 76.99246153846154], [-0.56942, 44.512, 79.53076923076924], [-0.56929, 44.51197, 80.7], [-0.56931, 44.51195, 80.7], [-0.56915, 44.51188, 80.7], [-0.56912, 44.51191, 80.7], [-0.56907, 44.51189, 79.53076923076924], [-0.56893, 44.51181, 79.53076923076924], [-0.56879, 44.51167, 79.53076923076924], [-0.56874, 44.51151, 78.7], [-0.5688, 44.5113, 78.7], [-0.56901, 44.51109, 76.99246153846154], [-0.56923, 44.511, 76.99246153846154], [-0.56947, 44.51097, 74.7], [-0.5697, 44.51102, 74.7], [-0.56982, 44.51094, 74.7], [-0.56977, 44.51099, 74.7], [-0.56985, 44.51104, 74.7], [-0.56995, 44.51095, 74.7], [-0.56989, 44.51091, 74.7], [-0.56997, 44.51089, 74.7], [-0.57022, 44.51087, 76.2], [-0.57044, 44.51091, 76.2], [-0.57064, 44.511, 76.2], [-0.57057, 44.511, 76.2], [-0.57057, 44.51108, 76.2], [-0.57068, 44.51108, 76.2], [-0.57068, 44.51103, 76.2], [-0.57072, 44.51107, 76.2], [-0.57083, 44.51131, 77.6], [-0.57075, 44.51158, 77.6], [-0.57027, 44.51193, 76.99246153846154]]]}}, {"type": "Feature", "properties": {"id_obligation": "332510000A2851", "priorite": "faible"}, "geometry": {"type": "Polygon", "coordinates": [[[-0.56765, 44.5125, -36.10833333333331], [-0.56757, 44.51233, -36.10833333333331], [-0.56759, 44.51215, -36.10833333333331], [-0.5677, 44.51199, 73.60000000000001], [-0.56796, 44.51182, 73.60000000000001], [-0.56819, 44.51176, 75.5], [-0.56843, 44.51177, 75.5], [-0.56875, 44.51191, 77.4], [-0.56863, 44.51197, 77.4], [-0.56872, 44.51205, 77.4], [-0.56886, 44.51197, 77.3], [-0.56901, 44.51208, 77.23076923076921], [-0.56912, 44.51229, 75.16], [-0.56909, 44.51247, 75.91666666666667], [-0.56895, 44.51266, 75.9], [-0.56889, 44.51265, 75.9], [-0.5689, 44.5127, 75.9], [-0.56868, 44.51281, 75.91666666666667], [-0.56838, 44.51284, 75.19999999999999], [-0.56805, 44.51276, 75.43333333333334], [-0.56765, 44.5125, -36.10833333333331]]]}}, {"type": "Feature", "properties": {"id_obligation": "332510000A2855", "priorite": "faible"}, "geometry": {"type": "Polygon", "coordinates": [[[-0.56822, 44.51276, 76.0], [-0.568, 44.51282, 75.4], [-0.56803, 44.51276, 75.4], [-0.56788, 44.5127, 75.4], [-0.5678, 44.51279, 75.4], [-0.56797, 44.51282, 75.4], [-0.56787, 44.51282, 75.58461538461542], [-0.56763, 44.51278, 76.11578947368417], [-0.56739, 44.51265, 75.2], [-0.56728, 44.51254, 75.2], [-0.56732, 44.51248, 75.2], [-0.56723, 44.51245, 75.2], [-0.56721, 44.51227, 77.82307692307691], [-0.56738, 44.51202, 78.5], [-0.56761, 44.51209, 78.5], [-0.56766, 44.51201, 78.5], [-0.56752, 44.51199, 78.5], [-0.56747, 44.51195, 78.5], [-0.56752, 44.51191, 78.28125], [-0.56762, 44.51186, 75.0], [-0.5676, 44.5119, 75.0], [-0.56775, 44.51196, 73.6], [-0.5678, 44.51188, 73.6], [-0.56769, 44.51184, 73.6], [-0.56803, 44.51181, 74.78181818181818], [-0.56826, 44.51188, 61.579840484529775], [-0.56846, 44.512, 61.579840484529775], [-0.56858, 44.51215, 75.0], [-0.56862, 44.51233, 75.0], [-0.56855, 44.5125, 76.0], [-0.56822, 44.51276, 76.0]]]}}, {"type": "Feature", "properties": {"id_obligation": "332510000A2892", "priorite": "très forte"}, "geometry": {"type": "Polygon", "coordinates": [[[-0.57686, 44.53253, 73.16], [-0.57681, 44.53274, 73.16], [-0.57666, 44.53289, 73.16], [-0.57633, 44.53303, 73.16], [-0.5761, 44.53305, 73.16], [-0.57581, 44.533, 73.16], [-0.57562, 44.53288, 73.16], [-0.57542, 44.53262, 73.16], [-0.57539, 44.53245, 73.16], [-0.57549, 44.53224, 73.16], [-0.57566, 44.53211, 73.16], [-0.57594, 44.53201, 73.16], [-0.57619, 44.53198, 73.16], [-0.57642, 44.53203, 73.16], [-0.57662, 44.53214, 73.16], [-0.57677, 44.53232, 73.16], [-0.57686, 44.53253, 73.16]]]}}, {"type": "Feature", "properties": {"id_obligation": "332510000A2910", "priorite": "forte"}, "geometry": {"type": "Polygon", "coordinates": [[[-0.5685, 44.5256, 77.14], [-0.5686, 44.52539, 77.14], [-0.56877, 44.52526, 77.14], [-0.56909, 44.52515, 77.14], [-0.5694, 44.52516, 77.14], [-0.56962, 44.52524, 77.14], [-0.56978, 44.52537, 77.14], [-0.56993, 44.5256, 77.51999999999998], [-0.56992, 44.52582, 77.51999999999998], [-0.56981, 44.52597, 76.8], [-0.56963, 44.52609, 76.8], [-0.56936, 44.52618, 77.14], [-0.56911, 44.52618, 77.14], [-0.56888, 44.52612, 77.14], [-0.5687, 44.526, 77.14], [-0.56856, 44.52582, 77.14], [-0.5685, 44.5256, 77.14]]]}}, {"type": "Feature", "properties": {"id_obligation": "332510000A2921", "priorite": "moyenne"}, "geometry": {"type": "Polygon", "coordinates": [[[-0.56895, 44.52486, 77.2], [-0.5687, 44.52505, 77.2], [-0.56833, 44.52512, 77.2], [-0.56795, 44.52505, 77.2], [-0.56773, 44.52492, 77.2], [-0.56761, 44.52471, 77.2], [-0.56763, 44.52447, 77.2], [-0.56777, 44.52414, 77.01428571428572], [-0.56797, 44.52398, 77.01428571428572], [-0.5682, 44.52391, 76.8], [-0.56845, 44.52391, 76.8], [-0.56874, 44.52397, 77.2], [-0.56893, 44.52408, 77.2], [-0.56905, 44.52424, 77.2], [-0.56902, 44.52463, 77.2], [-0.56895, 44.52486, 77.2]]]}}, {"type": "Feature", "properties": {"id_obligation": "332510000A2923", "priorite": "moyenne"}, "geometry": {"type": "Polygon", "coordinates": [[[-0.56877, 44.52446, 77.97142857142856], [-0.5686, 44.5247, 77.97142857142856], [-0.56836, 44.52483, 77.97142857142856], [-0.56806, 44.52487, 77.98571428571428], [-0.56776, 44.5248, 77.50910714285715], [-0.56753, 44.52466, 77.50910714285715], [-0.56735, 44.52418, 77.50910714285715], [-0.56741, 44.52401, 77.50910714285715], [-0.5676, 44.52381, 77.50910714285715], [-0.56781, 44.52372, 76.63124999999998], [-0.56806, 44.52369, 76.63124999999998], [-0.5683, 44.52374, 77.50910714285715], [-0.56858, 44.52388, 77.50910714285715], [-0.56871, 44.52402, 77.50910714285715], [-0.56877, 44.52446, 77.97142857142856]]]}}, {"type": "Feature", "properties": {"id_obligation": "332510000A2925", "priorite": "moyenne"}, "geometry": {"type": "MultiPolygon", "coordinates": [[[[-0.56823, 44.52437, 76.70666666666668], [-0.56813, 44.52439, 77.2], [-0.56815, 44.52436, 77.2], [-0.5681, 44.52434, 77.2], [-0.56805, 44.52439, 77.2], [-0.56792, 44.52439, 77.0], [-0.5676, 44.52429, 77.0], [-0.56741, 44.52416, 77.0], [-0.56731, 44.524, 77.0], [-0.56733, 44.52377, 77.16000000000001], [-0.56738, 44.52368, 77.2], [-0.56749, 44.52373, 77.1], [-0.56758, 44.52361, 77.2], [-0.56748, 44.52357, 77.2], [-0.5677, 44.5234, 77.16000000000001], [-0.56798, 44.52332, 77.16000000000001], [-0.56822, 44.52334, 76.90714285714286], [-0.56853, 44.52345, 76.90714285714286], [-0.5687, 44.52358, 76.90714285714286], [-0.56878, 44.52374, 76.90714285714286], [-0.56877, 44.52391, 76.70666666666668], [-0.56849, 44.52425, 76.70666666666668], [-0.56823, 44.52437, 76.70666666666668]]], [[[-0.56833, 44.52253, 75.7], [-0.56862, 44.52245, 75.7], [-0.56887, 44.52247, 75.7], [-0.56928, 44.5226, 75.7], [-0.56945, 44.52272, 75.7], [-0.56954, 44.52288, 75.7], [-0.56954, 44.52306, 75.7], [-0.56943, 44.52326, 76.52896825396827], [-0.56926, 44.52338, 76.52896825396827], [-0.56897, 44.52346, 76.52896825396827], [-0.56872, 44.52344, 76.90714285714286], [-0.56832, 44.52332, 76.90714285714286], [-0.56822, 44.52325, 76.8], [-0.56827, 44.52327, 76.8], [-0.56831, 44.52321, 76.8], [-0.56817, 44.52313, 76.8], [-0.56814, 44.52318, 76.8], [-0.56806, 44.52304, 75.7], [-0.56805, 44.52287, 75.7], [-0.56816, 44.52266, 75.7], [-0.56833, 44.52253, 75.7]]]]}}, {"type": "Feature", "properties": {"id_obligation": "332510000A2933", "priorite": "moyenne"}, "geometry": {"type": "Polygon", "coordinates": [[[-0.56718, 44.52323, 75.91999999999999], [-0.56747, 44.52316, 76.77719696969697], [-0.56778, 44.5232, 76.77719696969697], [-0.56803, 44.52332, 76.77719696969697], [-0.56815, 44.52347, 76.825], [-0.56819, 44.52368, 76.825], [-0.56815, 44.5238, 76.87403191026155], [-0.56807, 44.52374, 76.8], [-0.56793, 44.52391, 76.9], [-0.56802, 44.52395, 76.9], [-0.56794, 44.52405, 76.89090909090908], [-0.56773, 44.52415, 76.77719696969697], [-0.56748, 44.52418, 76.77719696969697], [-0.56705, 44.52406, 77.5], [-0.56709, 44.52397, 77.5], [-0.56695, 44.52393, 77.5], [-0.56693, 44.52397, 77.6], [-0.56681, 44.52374, 76.6], [-0.56684, 44.52357, 76.6], [-0.567, 44.52335, 75.91999999999999], [-0.56718, 44.52323, 75.91999999999999]]]}}, {"type": "Feature", "properties": {"id_obligation": "332510000A2935", "priorite": "moyenne"}, "geometry": {"type": "MultiPolygon", "coordinates": [[[[-0.56709, 44.52397, 77.5], [-0.56695, 44.52393, 77.5], [-0.56692, 44.52399, 77.28666666666668], [-0.56682, 44.5239, 77.0], [-0.56686, 44.52382, 77.0], [-0.56677, 44.52381, 76.7], [-0.56674, 44.52372, 76.76], [-0.56676, 44.52355, 76.76], [-0.56691, 44.52333, 75.9], [-0.56706, 44.52322, 75.9], [-0.56708, 44.52328, 75.9], [-0.56717, 44.52326, 75.9], [-0.56715, 44.52318, 75.9], [-0.56738, 44.52313, 75.93333333333334], [-0.56763, 44.52315, 76.61699633699632], [-0.56787, 44.52324, 76.61699633699632], [-0.56804, 44.52337, 76.61699633699632], [-0.56814, 44.52357, 76.8], [-0.56811, 44.52376, 76.8], [-0.56807, 44.52374, 76.8], [-0.56793, 44.52391, 76.9], [-0.56799, 44.52393, 76.9], [-0.56796, 44.52396, 76.89230769230768], [-0.56778, 44.52409, 76.89230769230768], [-0.56755, 44.52415, 76.61699633699632], [-0.56731, 44.52415, 76.61699633699632], [-0.56705, 44.52407, 77.5], [-0.56709, 44.52397, 77.5]]]]}}, {"type": "Feature", "properties": {"id_obligation": "332510000A2937", "priorite": "moyenne"}, "geometry": {"type": "Polygon", "coordinates": [[[-0.56668, 44.52375, 76.86363636363639], [-0.56656, 44.5236, 76.76419294990725], [-0.56652, 44.52343, 76.76419294990725], [-0.56658, 44.52326, 76.71428571428574], [-0.56681, 44.52304, 77.63403575898877], [-0.56686, 44.52306, 75.7], [-0.56689, 44.52302, 75.7], [-0.56694, 44.52306, 76.4], [-0.56698, 44.52298, 76.38711393056738], [-0.56723, 44.52294, 75.97142857142856], [-0.56746, 44.52298, 75.97142857142856], [-0.56776, 44.52312, 76.76419294990725], [-0.56792, 44.52326, 77.2], [-0.56798, 44.52347, 77.2], [-0.56793, 44.52364, 77.2], [-0.56775, 44.52384, 77.2], [-0.56748, 44.52395, 77.16666666666667], [-0.56717, 44.52396, 77.16666666666667], [-0.56668, 44.52375, 76.86363636363639]]]}}, {"type": "Feature", "properties": {"id_obligation": "332510000A2941", "priorite": "moyenne"}, "geometry": {"type": "Polygon", "coordinates": [[[-0.56776, 44.52342, 77.08000000000001], [-0.5676, 44.52359, 77.08000000000001], [-0.56745, 44.52356, 77.2], [-0.56738, 44.52368, 77.2], [-0.567, 44.52373, 76.10000000000001], [-0.56677, 44.52367, 76.48166666666667], [-0.56655, 44.52353, 76.48166666666667], [-0.56642, 44.52325, 76.3], [-0.5664, 44.52308, 76.3], [-0.56653, 44.52285, 76.85], [-0.5667, 44.52272, 76.85], [-0.56692, 44.52264, 76.4], [-0.56717, 44.52262, 76.4], [-0.5674, 44.52268, 76.48166666666667], [-0.56766, 44.52283, 76.48166666666667], [-0.56777, 44.52299, 76.48166666666667], [-0.56776, 44.52342, 77.08000000000001]]]}}, {"type": "Feature", "properties": {"id_obligation": "332510000A2945", "priorite": "moyenne"}, "geometry": {"type": "Polygon", "coordinates": [[[-0.56653, 44.52345, 76.80185185185185], [-0.56626, 44.52328, 76.80185185185185], [-0.56615, 44.52313, 76.80185185185185], [-0.56612, 44.52296, 76.80185185185185], [-0.56622, 44.52275, 78.3], [-0.5664, 44.52257, 78.3], [-0.56645, 44.52255, 79.1], [-0.56654, 44.52259, 79.1], [-0.56662, 44.52249, 76.37556357638049], [-0.56687, 44.52247, 78.03333333333333], [-0.56711, 44.52252, 76.80185185185185], [-0.56745, 44.52267, 76.80185185185185], [-0.5676, 44.52286, 75.9], [-0.56763, 44.52303, 75.9], [-0.5675, 44.52328, 76.05000000000001], [-0.56734, 44.52341, 76.05000000000001], [-0.56729, 44.52344, 76.1], [-0.56721, 44.52339, 76.1], [-0.56715, 44.52345, 76.1], [-0.56721, 44.52347, 76.1], [-0.56705, 44.5235, 75.96666666666667], [-0.56678, 44.5235, 75.96666666666667], [-0.56653, 44.52345, 76.80185185185185]]]}}, {"type": "Feature", "properties": {"id_obligation": "332510000A2949", "priorite": "moyenne"}, "geometry": {"type": "Polygon", "coordinates": [[[-0.56673, 44.52177, 77.52714285714285], [-0.56703, 44.52172, 77.52714285714285], [-0.56732, 44.52178, 77.52714285714285], [-0.56755, 44.52193, 77.52714285714285], [-0.56766, 44.52209, 77.52714285714285], [-0.56767, 44.52227, 77.52714285714285], [-0.56752, 44.52251, 77.52714285714285], [-0.56735, 44.52264, 77.52714285714285], [-0.56712, 44.52272, 77.52714285714285], [-0.56686, 44.52272, 77.52714285714285], [-0.56669, 44.52268, 76.54], [-0.56646, 44.52256, 79.1], [-0.56654, 44.52259, 79.1], [-0.56663, 44.52248, 75.9], [-0.56647, 44.52241, 75.6], [-0.56639, 44.52248, 76.2], [-0.56631, 44.5222, 77.52714285714285], [-0.56653, 44.52188, 77.52714285714285], [-0.56673, 44.52177, 77.52714285714285]]]}}, {"type": "Feature", "properties": {"id_obligation": "332510000A2951", "priorite": "moyenne"}, "geometry": {"type": "Polygon", "coordinates": [[[-0.56632, 44.52201, 77.37866883116884], [-0.56657, 44.52199, 77.37866883116884], [-0.56686, 44.52205, 78.84285714285714], [-0.56714, 44.52222, 78.84285714285714], [-0.56724, 44.52237, 77.37866883116884], [-0.56724, 44.52259, 77.37866883116884], [-0.56707, 44.52283, 76.88181818181819], [-0.56691, 44.52295, 76.35104555356901], [-0.56682, 44.52291, 76.3], [-0.56674, 44.52301, 75.9634214225671], [-0.56643, 44.52303, 77.25], [-0.5661, 44.52292, 77.37866883116884], [-0.56592, 44.5228, 77.37866883116884], [-0.56582, 44.52264, 77.37866883116884], [-0.56582, 44.52247, 77.37866883116884], [-0.56606, 44.52213, 77.37866883116884], [-0.56632, 44.52201, 77.37866883116884]]]}}, {"type": "Feature", "properties": {"id_obligation": "332510000A2973", "priorite": "forte"}, "geometry": {"type": "Polygon", "coordinates": [[[-0.56623, 44.51785, 76.95], [-0.56632, 44.51782, 76.97735782329481], [-0.56643, 44.51786, 76.9], [-0.56647, 44.5178, 76.14999999999999], [-0.56663, 44.51785, 75.6], [-0.56665, 44.51781, 75.6], [-0.56705, 44.51786, 76.95], [-0.5674, 44.51796, 76.95], [-0.56757, 44.51808, 76.95], [-0.56767, 44.51828, 77.8], [-0.56765, 44.51845, 77.8], [-0.56752, 44.51871, 76.95], [-0.56723, 44.51888, 76.95], [-0.56685, 44.5189, 76.95], [-0.56657, 44.51902, 76.95], [-0.56632, 44.51903, 76.95], [-0.56596, 44.51895, 76.95], [-0.56572, 44.51876, 76.95], [-0.56566, 44.51855, 77.0], [-0.56574, 44.51824, 77.0], [-0.56599, 44.51799, 76.95], [-0.56623, 44.51785, 76.95]]]}}, {"type": "Feature", "properties": {"id_obligation": "332510000A2977", "priorite": "forte"}, "geometry": {"type": "Polygon", "coordinates": [[[-0.56664, 44.5173, 75.2], [-0.56699, 44.51738, 75.55277777777779], [-0.56717, 44.5175, 75.55277777777779], [-0.56728, 44.51766, 75.55277777777779], [-0.56729, 44.51783, 75.55277777777779], [-0.56718, 44.51807, 75.55277777777779], [-0.56702, 44.5182, 75.55277777777779], [-0.5668, 44.51828, 75.55277777777779], [-0.56659, 44.5183, 75.3], [-0.56651, 44.51825, 75.3], [-0.56648, 44.51831, 75.3], [-0.56639, 44.51831, 75.3], [-0.5661, 44.51825, 75.55277777777779], [-0.56585, 44.51813, 75.55277777777779], [-0.56572, 44.51797, 75.55277777777779], [-0.5657, 44.51775, 75.55277777777779], [-0.56581, 44.51754, 75.55277777777779], [-0.56604, 44.51739, 75.55277777777779], [-0.56664, 44.5173, 75.2]]]}}, {"type": "Feature", "properties": {"id_obligation": "332510000A3000", "priorite": "moyenne"}, "geometry": {"type": "Polygon", "coordinates": [[[-0.57237, 44.52872, 74.1], [-0.57223, 44.52873, 74.6], [-0.57231, 44.52879, 74.6], [-0.57203, 44.52891, 76.33999999999999], [-0.57178, 44.52892, 76.33999999999999], [-0.57147, 44.52886, 79.1], [-0.57128, 44.52874, 79.1], [-0.57117, 44.52859, 75.5], [-0.57115, 44.52841, 75.5], [-0.57124, 44.52819, 76.04037593984962], [-0.5714, 44.52806, 76.04037593984962], [-0.57161, 44.52798, 76.04037593984962], [-0.57186, 44.52796, 76.04037593984962], [-0.57217, 44.52802, 76.04037593984962], [-0.57236, 44.52814, 76.04037593984962], [-0.57248, 44.52829, 75.4], [-0.5725, 44.52847, 75.4], [-0.57237, 44.52872, 74.1]]]}}, {"type": "Feature", "properties": {"id_obligation": "332510000A3003", "priorite": "moyenne"}, "geometry": {"type": "Polygon", "coordinates": [[[-0.57098, 44.52748, 76.95600000000002], [-0.57119, 44.52754, 76.9], [-0.57124, 44.52747, 76.9], [-0.57128, 44.52748, 76.95600000000002], [-0.5715, 44.52756, 76.95600000000002], [-0.57178, 44.52778, 76.3], [-0.57186, 44.52799, 76.3], [-0.57181, 44.52817, 76.92482478632479], [-0.57143, 44.52846, 75.5], [-0.57114, 44.52852, 75.5], [-0.5709, 44.52849, 76.92482478632479], [-0.5707, 44.5284, 76.92482478632479], [-0.57047, 44.52821, 76.92482478632479], [-0.57039, 44.52805, 76.92482478632479], [-0.57041, 44.52787, 76.92482478632479], [-0.57052, 44.52771, 77.78461538461539], [-0.57075, 44.52755, 77.78461538461539], [-0.57098, 44.52748, 76.95600000000002]]]}}, {"type": "Feature", "properties": {"id_obligation": "332510000A3005", "priorite": "moyenne"}, "geometry": {"type": "Polygon", "coordinates": [[[-0.57158, 44.52758, 77.9157894736842], [-0.57161, 44.52775, 77.9157894736842], [-0.57152, 44.52796, 77.75], [-0.57136, 44.52809, 77.75], [-0.57107, 44.52819, 76.875], [-0.57077, 44.5282, 76.875], [-0.57047, 44.52812, 77.37013157894738], [-0.57026, 44.52796, 77.37013157894738], [-0.57013, 44.52775, 77.37013157894738], [-0.57012, 44.52757, 77.37013157894738], [-0.57022, 44.5274, 77.37013157894738], [-0.5704, 44.52728, 77.37013157894738], [-0.57069, 44.52719, 77.02000000000001], [-0.57093, 44.52717, 77.02000000000001], [-0.57116, 44.52722, 77.00000000000001], [-0.57142, 44.52738, 77.00000000000001], [-0.57158, 44.52758, 77.9157894736842]]]}}, {"type": "Feature", "properties": {"id_obligation": "332510000A3023", "priorite": "moyenne"}, "geometry": {"type": "Polygon", "coordinates": [[[-0.57268, 44.5283, 75.48954022988505], [-0.57292, 44.52845, 75.48954022988505], [-0.57306, 44.52864, 75.48954022988505], [-0.57306, 44.52886, 75.48954022988505], [-0.57295, 44.52902, 75.48954022988505], [-0.57272, 44.52917, 75.48954022988505], [-0.57224, 44.5293, 74.9], [-0.57192, 44.52929, 75.48954022988505], [-0.5717, 44.5292, 75.48954022988505], [-0.57153, 44.52905, 75.48954022988505], [-0.57146, 44.52888, 77.14999999999999], [-0.57148, 44.52871, 77.14999999999999], [-0.57159, 44.52856, 75.26666666666667], [-0.5719, 44.52834, 75.26666666666667], [-0.57232, 44.52824, 75.4], [-0.57268, 44.5283, 75.48954022988505]]]}}, {"type": "Feature", "properties": {"id_obligation": "332510000A3025", "priorite": "moyenne"}, "geometry": {"type": "Polygon", "coordinates": [[[-0.57253, 44.52903, 75.56465786314526], [-0.57226, 44.52919, 75.56465786314526], [-0.57158, 44.52924, 77.2], [-0.5713, 44.52916, 77.2], [-0.5711, 44.52901, 77.2], [-0.57099, 44.52885, 75.56465786314526], [-0.57097, 44.52868, 75.56465786314526], [-0.57108, 44.52847, 75.5], [-0.57137, 44.52829, 75.5], [-0.57159, 44.52823, 75.44117647058823], [-0.57214, 44.52818, 75.4], [-0.57242, 44.52826, 75.4], [-0.57262, 44.52841, 75.4], [-0.57272, 44.52861, 74.39333333333336], [-0.57268, 44.52884, 74.39333333333336], [-0.57253, 44.52903, 75.56465786314526]]]}}, {"type": "Feature", "properties": {"id_obligation": "332510000A3026", "priorite": "moyenne"}, "geometry": {"type": "Polygon", "coordinates": [[[-0.57216, 44.52899, 74.98636363636365], [-0.57192, 44.52899, 74.98636363636365], [-0.57169, 44.52892, 79.1], [-0.57143, 44.52875, 79.1], [-0.57134, 44.52859, 75.51875], [-0.57133, 44.52844, 75.5], [-0.57138, 44.52842, 75.5], [-0.57142, 44.52846, 75.5], [-0.57153, 44.52841, 75.5], [-0.57139, 44.52831, 75.5], [-0.57171, 44.52804, 75.55], [-0.572, 44.52797, 75.80603875291375], [-0.57224, 44.52799, 75.80603875291375], [-0.57254, 44.52812, 75.80603875291375], [-0.57269, 44.52825, 75.80603875291375], [-0.57277, 44.52842, 75.80603875291375], [-0.57275, 44.5286, 75.80603875291375], [-0.57263, 44.52875, 74.32727272727273], [-0.57244, 44.52889, 74.32727272727273], [-0.57216, 44.52899, 74.98636363636365]]]}}, {"type": "Feature", "properties": {"id_obligation": "332510000A3027", "priorite": "forte"}, "geometry": {"type": "Polygon", "coordinates": [[[-0.59988, 44.51341, 73.64583333333334], [-0.59971, 44.51323, 73.64583333333334], [-0.59968, 44.51306, 73.64583333333334], [-0.59975, 44.51281, 73.64583333333334], [-0.59993, 44.51264, 73.64583333333334], [-0.60014, 44.51256, 73.64583333333334], [-0.60038, 44.51255, 73.64583333333334], [-0.60066, 44.51259, 73.64583333333334], [-0.60091, 44.51272, 73.64583333333334], [-0.60102, 44.51287, 74.19166666666668], [-0.60105, 44.51304, 74.19166666666668], [-0.60099, 44.51325, 73.64583333333334], [-0.60086, 44.5134, 73.64583333333334], [-0.60066, 44.5135, 73.64583333333334], [-0.60042, 44.51354, 73.64583333333334], [-0.60014, 44.51351, 73.64583333333334], [-0.59988, 44.51341, 73.64583333333334]]]}}, {"type": "Feature", "properties": {"id_obligation": "332510000A3029", "priorite": "très forte"}, "geometry": {"type": "Polygon", "coordinates": [[[-0.59169, 44.52126, 76.73749999999998], [-0.59156, 44.52111, 76.73749999999998], [-0.59152, 44.52093, 76.73749999999998], [-0.59161, 44.52066, 76.73749999999998], [-0.5918, 44.52049, 76.73749999999998], [-0.59202, 44.52041, 76.73749999999998], [-0.59227, 44.5204, 76.73749999999998], [-0.59255, 44.52045, 76.73749999999998], [-0.59279, 44.52059, 76.73749999999998], [-0.5929, 44.52075, 77.8], [-0.59291, 44.52093, 77.8], [-0.59282, 44.52116, 76.73749999999998], [-0.59268, 44.52129, 76.73749999999998], [-0.59247, 44.52138, 76.73749999999998], [-0.59223, 44.52141, 76.73749999999998], [-0.59195, 44.52137, 76.73749999999998], [-0.59169, 44.52126, 76.73749999999998]]]}}, {"type": "Feature", "properties": {"id_obligation": "332510000A3032", "priorite": "moyenne"}, "geometry": {"type": "Polygon", "coordinates": [[[-0.59204, 44.5163, 72.7], [-0.59195, 44.51627, 72.7], [-0.59187, 44.51632, 73.1], [-0.59169, 44.51613, 73.8325641025641], [-0.59166, 44.51595, 73.8325641025641], [-0.59175, 44.51567, 73.8325641025641], [-0.5919, 44.51553, 73.8325641025641], [-0.59217, 44.51543, 73.8325641025641], [-0.59241, 44.51543, 73.8325641025641], [-0.59272, 44.51548, 73.8325641025641], [-0.59292, 44.51559, 73.8325641025641], [-0.59306, 44.51579, 73.74615384615386], [-0.59307, 44.51597, 73.74615384615386], [-0.59298, 44.5162, 72.85000000000001], [-0.59284, 44.51634, 72.85000000000001], [-0.59263, 44.51643, 75.6], [-0.59239, 44.51645, 75.6], [-0.59206, 44.51641, 72.96666666666668], [-0.59204, 44.5163, 72.7]]]}}, {"type": "Feature", "properties": {"id_obligation": "332510000A3033", "priorite": "moyenne"}, "geometry": {"type": "Polygon", "coordinates": [[[-0.59315, 44.51648, 73.7], [-0.59297, 44.5166, 73.7], [-0.59273, 44.51665, 72.3], [-0.59248, 44.51664, 72.3], [-0.59218, 44.51654, 73.00000000000001], [-0.59202, 44.51641, 73.00000000000001], [-0.59206, 44.51633, 72.7], [-0.59195, 44.51624, 73.125], [-0.59197, 44.51606, 73.125], [-0.59214, 44.51572, 72.91341911764707], [-0.5923, 44.5156, 74.0], [-0.59258, 44.51552, 74.0], [-0.59294, 44.51556, 71.5], [-0.5932, 44.51568, 71.5], [-0.59334, 44.51588, 71.5], [-0.59333, 44.51613, 71.5], [-0.59315, 44.51648, 73.7]]]}}, {"type": "Feature", "properties": {"id_obligation": "332510000A3036", "priorite": "faible"}, "geometry": {"type": "Polygon", "coordinates": [[[-0.56826, 44.51221, 74.5], [-0.56819, 44.51227, 74.5], [-0.56843, 44.51239, 74.5], [-0.56836, 44.51255, 75.33333333333331], [-0.5682, 44.51271, 75.33333333333331], [-0.56801, 44.5128, 75.4], [-0.56803, 44.51276, 75.4], [-0.56788, 44.5127, 75.4], [-0.5678, 44.51279, 75.4], [-0.56796, 44.51281, 75.4], [-0.5678, 44.51284, 75.78387096774188], [-0.56743, 44.51285, 75.78387096774188], [-0.56708, 44.51277, 75.7], [-0.56685, 44.51263, 75.63333333333335], [-0.56674, 44.51242, 76.60000000000001], [-0.56678, 44.51221, 77.3], [-0.56698, 44.51225, 77.3], [-0.56704, 44.51209, 77.3], [-0.56691, 44.51209, 77.3], [-0.56687, 44.51221, 77.3], [-0.56679, 44.51219, 77.3], [-0.56691, 44.51202, 76.7], [-0.56703, 44.51203, 76.7], [-0.56702, 44.51197, 76.7], [-0.56697, 44.51197, 76.7], [-0.56769, 44.51175, 76.72399999999999], [-0.56799, 44.51178, 62.68829482578444], [-0.56825, 44.51192, 62.68829482578444], [-0.56838, 44.51207, 62.68829482578444], [-0.56843, 44.51229, 75.45217391304347], [-0.56826, 44.51221, 74.5]]]}}, {"type": "Feature", "properties": {"id_obligation": "332510000A3037", "priorite": "faible"}, "geometry": {"type": "Polygon", "coordinates": [[[-0.56804, 44.51285, 75.89565217391304], [-0.56774, 44.51287, 75.89565217391304], [-0.56751, 44.51282, 75.43124999999999], [-0.56725, 44.51266, 75.2], [-0.56735, 44.5127, 75.2], [-0.56741, 44.51263, 75.2], [-0.56725, 44.51257, 75.2], [-0.56732, 44.51248, 75.2], [-0.56721, 44.51244, 75.2], [-0.56715, 44.51252, 75.2], [-0.56714, 44.5123, 77.82307692307691], [-0.56737, 44.51202, 78.5], [-0.56761, 44.51209, 78.5], [-0.56766, 44.51201, 78.5], [-0.5676, 44.51202, 78.5], [-0.56749, 44.51195, 78.5], [-0.56762, 44.51191, 74.14986900628546], [-0.56775, 44.51196, 73.6], [-0.5678, 44.51189, 73.6], [-0.568, 44.51191, 75.50000000000001], [-0.56821, 44.512, 61.181802942679305], [-0.5684, 44.51213, 61.181802942679305], [-0.56849, 44.5123, 74.66], [-0.56849, 44.51248, 74.66], [-0.56824, 44.51276, 75.16666666666667], [-0.56804, 44.51285, 75.89565217391304]]]}}, {"type": "Feature", "properties": {"id_obligation": "332510000A3059", "priorite": "forte"}, "geometry": {"type": "Polygon", "coordinates": [[[-0.56917, 44.52543, 76.56666666666666], [-0.56945, 44.52533, 78.0], [-0.5697, 44.52533, 78.0], [-0.57003, 44.52542, 77.02916666666667], [-0.57023, 44.52558, 77.02916666666667], [-0.57031, 44.52574, 77.02916666666667], [-0.57029, 44.52591, 77.02916666666667], [-0.57019, 44.52609, 77.02916666666667], [-0.57002, 44.52622, 77.02916666666667], [-0.56973, 44.5263, 77.02916666666667], [-0.56948, 44.52629, 77.02916666666667], [-0.56922, 44.52621, 77.02916666666667], [-0.56904, 44.52609, 77.02916666666667], [-0.56895, 44.52593, 76.55], [-0.56894, 44.52576, 76.55], [-0.56902, 44.52558, 76.56666666666666], [-0.56917, 44.52543, 76.56666666666666]]]}}, {"type": "Feature", "properties": {"id_obligation": "332510000A3064", "priorite": "moyenne"}, "geometry": {"type": "Polygon", "coordinates": [[[-0.58418, 44.50685, 74.82], [-0.58411, 44.50701, 73.80250700280112], [-0.58392, 44.50722, 73.80250700280112], [-0.58372, 44.50732, 73.80250700280112], [-0.58348, 44.50735, 73.5], [-0.58324, 44.50732, 73.5], [-0.58297, 44.50719, 73.80250700280112], [-0.58283, 44.50704, 73.80250700280112], [-0.58278, 44.50684, 73.8], [-0.5828, 44.50676, 73.5], [-0.58285, 44.50677, 73.6], [-0.58293, 44.50665, 73.6], [-0.58288, 44.50663, 73.6], [-0.58306, 44.50643, 73.6], [-0.58327, 44.50633, 73.9], [-0.58352, 44.5063, 73.9], [-0.58382, 44.50636, 73.9], [-0.58404, 44.50649, 73.9], [-0.58416, 44.50667, 74.82], [-0.58418, 44.50685, 74.82]]]}}, {"type": "Feature", "properties": {"id_obligation": "332510000A3069", "priorite": "moyenne"}, "geometry": {"type": "Polygon", "coordinates": [[[-0.5839, 44.50626, 73.9], [-0.58421, 44.50625, 73.9], [-0.58449, 44.50636, 74.09192307692308], [-0.58471, 44.50656, 74.09192307692308], [-0.58477, 44.50673, 74.09192307692308], [-0.5847, 44.50694, 74.09192307692308], [-0.58445, 44.50716, 74.09192307692308], [-0.58425, 44.50726, 74.09192307692308], [-0.58401, 44.5073, 74.09192307692308], [-0.58377, 44.50727, 74.09192307692308], [-0.58348, 44.50712, 74.09192307692308], [-0.58333, 44.50697, 74.09192307692308], [-0.58328, 44.5068, 73.70769230769228], [-0.58333, 44.50662, 73.70769230769228], [-0.58367, 44.50634, 73.9], [-0.5839, 44.50626, 73.9]]]}}, {"type": "Feature", "properties": {"id_obligation": "332510000A3074", "priorite": "moyenne"}, "geometry": {"type": "Polygon", "coordinates": [[[-0.59071, 44.51374, 73.34937888198759], [-0.59102, 44.51388, 73.34937888198759], [-0.59117, 44.51412, 72.5], [-0.59112, 44.5144, 72.74558329760478], [-0.59103, 44.51439, 72.8], [-0.59109, 44.51445, 72.75714285714285], [-0.59089, 44.51461, 72.75714285714285], [-0.59067, 44.51468, 72.75714285714285], [-0.59036, 44.51468, 74.0], [-0.59004, 44.51475, 74.0], [-0.58958, 44.51469, 73.34937888198759], [-0.58939, 44.51458, 73.34937888198759], [-0.58927, 44.51442, 73.40000000000002], [-0.58924, 44.51422, 73.7], [-0.58936, 44.51423, 73.7], [-0.5894, 44.51406, 73.7], [-0.58929, 44.51407, 73.7], [-0.58931, 44.51405, 73.64347826086957], [-0.58937, 44.51397, 73.3], [-0.58945, 44.51397, 73.3], [-0.58947, 44.51388, 73.64347826086957], [-0.58966, 44.51379, 73.6], [-0.5897, 44.51384, 73.6], [-0.58971, 44.51378, 73.6], [-0.58979, 44.51377, 73.64347826086957], [-0.59071, 44.51374, 73.34937888198759]]]}}, {"type": "Feature", "properties": {"id_obligation": "332510000A3094", "priorite": "faible"}, "geometry": {"type": "MultiPolygon", "coordinates": [[[[-0.56926, 44.51292, 76.2], [-0.56946, 44.51298, 76.5], [-0.56949, 44.51292, 76.5], [-0.56955, 44.51295, 76.32], [-0.56975, 44.51312, 76.32], [-0.56981, 44.51329, 75.74736842105264], [-0.56974, 44.51352, 75.74736842105264], [-0.56962, 44.51366, 76.14999999999999], [-0.5692, 44.51397, 75.84444444444445], [-0.5689, 44.51403, 75.84444444444445], [-0.56865, 44.514, 76.0537494376968], [-0.56835, 44.51386, 76.0537494376968], [-0.56818, 44.51368, 76.0537494376968], [-0.56816, 44.5133, 76.0537494376968], [-0.56824, 44.51309, 76.0537494376968], [-0.56841, 44.51291, 76.0537494376968], [-0.56863, 44.51282, 76.0537494376968], [-0.56888, 44.5128, 76.52222222222223], [-0.56911, 44.51288, 77.2], [-0.56913, 44.51285, 77.2], [-0.56926, 44.51286, 76.52222222222223], [-0.56926, 44.51292, 76.2]]]]}}, {"type": "Feature", "properties": {"id_obligation": "332510000A3108", "priorite": "faible"}, "geometry": {"type": "Polygon", "coordinates": [[[-0.56609, 44.51497, 75.6], [-0.56606, 44.51504, 75.6], [-0.56617, 44.51506, 75.6], [-0.56623, 44.51494, 75.6], [-0.56618, 44.51493, 75.6], [-0.56633, 44.51488, 75.37638888888888], [-0.56658, 44.51488, 75.37638888888888], [-0.56696, 44.51498, 75.37638888888888], [-0.56717, 44.51513, 75.37638888888888], [-0.56725, 44.51529, 75.37638888888888], [-0.56724, 44.51547, 75.37638888888888], [-0.56713, 44.51567, 76.15], [-0.56692, 44.51582, 76.15], [-0.56669, 44.51589, 76.03333333333335], [-0.56644, 44.51588, 76.03333333333335], [-0.56612, 44.51579, 73.6], [-0.56595, 44.51569, 73.6], [-0.56584, 44.51552, 75.60000000000001], [-0.56582, 44.51535, 75.60000000000001], [-0.5659, 44.51514, 75.6], [-0.56609, 44.51497, 75.6]]]}}, {"type": "Feature", "properties": {"id_obligation": "332510000A3119", "priorite": "faible"}, "geometry": {"type": "Polygon", "coordinates": [[[-0.56852, 44.51488, 77.0], [-0.56848, 44.51505, 76.46326164874552], [-0.56835, 44.51526, 76.46326164874552], [-0.56811, 44.51539, 76.46326164874552], [-0.56781, 44.51544, 76.3], [-0.56746, 44.51536, 76.46326164874552], [-0.56725, 44.51527, 76.46326164874552], [-0.5671, 44.51513, 76.46326164874552], [-0.56705, 44.51491, 76.46326164874552], [-0.56714, 44.51467, 76.46326164874552], [-0.56727, 44.51452, 76.46326164874552], [-0.56747, 44.51442, 76.46326164874552], [-0.56771, 44.51438, 76.46326164874552], [-0.56796, 44.51441, 76.46326164874552], [-0.56812, 44.51448, 76.9], [-0.56827, 44.51466, 76.5], [-0.5683, 44.51464, 77.0], [-0.56836, 44.5147, 77.0], [-0.56843, 44.51467, 76.64193548387095], [-0.56852, 44.51488, 77.0]]]}}, {"type": "Feature", "properties": {"id_obligation": "332510000A3120", "priorite": "faible"}, "geometry": {"type": "Polygon", "coordinates": [[[-0.56698, 44.51496, 75.97333333333333], [-0.56712, 44.51476, 75.97333333333333], [-0.56738, 44.51464, 75.97333333333333], [-0.56773, 44.51459, 75.8], [-0.56802, 44.51465, 75.97333333333333], [-0.5682, 44.51477, 75.97333333333333], [-0.56836, 44.51502, 75.97333333333333], [-0.5684, 44.51519, 75.97333333333333], [-0.56834, 44.51537, 76.0], [-0.56818, 44.51551, 76.0], [-0.56798, 44.5156, 76.0], [-0.5678, 44.51556, 76.0], [-0.56778, 44.51564, 76.0], [-0.56761, 44.51565, 75.95], [-0.56755, 44.51564, 75.9], [-0.56752, 44.51555, 75.9], [-0.56742, 44.51556, 75.9], [-0.56744, 44.51562, 75.9], [-0.56719, 44.5155, 75.9], [-0.56697, 44.51513, 75.97333333333333], [-0.56698, 44.51496, 75.97333333333333]]]}}, {"type": "Feature", "properties": {"id_obligation": "332510000A3121", "priorite": "moyenne"}, "geometry": {"type": "Polygon", "coordinates": [[[-0.56738, 44.51523, 76.3], [-0.56762, 44.51513, 76.3], [-0.56766, 44.5152, 76.3], [-0.56777, 44.51517, 76.3], [-0.56777, 44.51511, 76.3], [-0.56825, 44.51519, 76.7], [-0.56852, 44.51536, 76.7], [-0.56841, 44.51538, 76.7], [-0.56837, 44.5155, 76.7], [-0.56847, 44.51561, 76.7], [-0.56857, 44.51557, 76.7], [-0.56849, 44.51549, 76.7], [-0.56853, 44.51537, 76.7], [-0.5686, 44.51549, 76.73846153846152], [-0.56861, 44.51567, 76.73846153846152], [-0.56853, 44.51588, 76.22616185897435], [-0.56833, 44.51605, 76.22616185897435], [-0.5681, 44.51613, 75.3], [-0.56785, 44.51613, 75.3], [-0.56748, 44.51606, 76.4375], [-0.56742, 44.51603, 76.6], [-0.56751, 44.51601, 76.6], [-0.56745, 44.51587, 76.6], [-0.56736, 44.51589, 76.6], [-0.56739, 44.51596, 76.6], [-0.56733, 44.51597, 76.6], [-0.56718, 44.5158, 76.4375], [-0.56715, 44.51562, 75.9], [-0.56721, 44.5154, 76.3], [-0.56738, 44.51523, 76.3]]]}}, {"type": "Feature", "properties": {"id_obligation": "332510000A3122", "priorite": "moyenne"}, "geometry": {"type": "Polygon", "coordinates": [[[-0.56826, 44.51558, 76.8], [-0.56822, 44.51562, 76.6], [-0.56816, 44.5156, 76.8], [-0.56813, 44.51566, 76.8], [-0.56829, 44.5157, 76.8], [-0.56831, 44.51566, 76.46153846153844], [-0.5683, 44.51599, 76.23575008325008], [-0.56815, 44.51618, 76.23575008325008], [-0.5679, 44.51629, 76.23575008325008], [-0.5676, 44.51631, 76.4875], [-0.56732, 44.51625, 76.4875], [-0.56713, 44.51613, 76.2074824074164], [-0.56725, 44.5161, 76.3], [-0.56723, 44.51607, 76.3], [-0.5671, 44.51607, 76.3], [-0.56712, 44.51611, 76.2317766576989], [-0.56686, 44.51584, 76.05454545454546], [-0.5668, 44.51558, 76.05454545454546], [-0.56683, 44.5154, 76.23575008325008], [-0.56696, 44.51525, 76.23575008325008], [-0.56722, 44.51513, 76.3], [-0.56756, 44.5151, 76.3], [-0.56766, 44.5152, 76.3], [-0.56777, 44.51517, 76.3], [-0.56775, 44.51513, 76.3], [-0.56785, 44.51516, 76.3], [-0.56803, 44.51528, 76.3], [-0.56826, 44.51558, 76.8]]]}}, {"type": "Feature", "properties": {"id_obligation": "332510000A3123", "priorite": "moyenne"}, "geometry": {"type": "Polygon", "coordinates": [[[-0.56717, 44.51658, 75.87944444444445], [-0.56687, 44.51654, 75.87944444444445], [-0.56659, 44.51637, 75.87944444444445], [-0.56648, 44.51615, 75.55999999999999], [-0.56649, 44.51597, 75.55999999999999], [-0.56663, 44.51577, 76.2], [-0.56664, 44.51585, 75.7], [-0.56687, 44.51584, 76.1], [-0.56687, 44.51574, 76.2], [-0.56669, 44.51573, 75.9], [-0.56701, 44.51552, 75.9], [-0.56734, 44.51543, 75.9], [-0.56758, 44.51543, 75.88333333333334], [-0.56786, 44.51552, 75.88333333333334], [-0.56794, 44.51559, 76.0], [-0.5678, 44.51556, 76.0], [-0.56777, 44.51566, 76.0], [-0.56797, 44.51568, 76.0], [-0.56798, 44.51563, 76.0], [-0.56813, 44.51593, 75.3], [-0.56813, 44.5161, 75.3], [-0.56803, 44.51626, 75.87944444444445], [-0.56786, 44.51639, 75.87944444444445], [-0.56717, 44.51658, 75.87944444444445]]]}}, {"type": "Feature", "properties": {"id_obligation": "332510000A3124", "priorite": "moyenne"}, "geometry": {"type": "Polygon", "coordinates": [[[-0.56739, 44.51647, 76.1189935064935], [-0.56712, 44.51657, 76.1189935064935], [-0.56658, 44.51659, 76.1189935064935], [-0.56634, 44.51654, 76.1189935064935], [-0.56614, 44.51644, 76.1189935064935], [-0.56602, 44.51628, 76.1189935064935], [-0.56597, 44.51601, 76.1189935064935], [-0.56603, 44.51584, 76.1189935064935], [-0.56623, 44.51568, 76.1189935064935], [-0.56645, 44.5156, 76.1189935064935], [-0.56681, 44.51557, 76.05454545454546], [-0.56726, 44.51566, 76.6], [-0.56746, 44.51575, 76.6], [-0.56762, 44.51594, 76.42142857142856], [-0.56764, 44.51612, 76.42142857142856], [-0.56754, 44.51634, 76.1189935064935], [-0.56739, 44.51647, 76.1189935064935]]]}}, {"type": "Feature", "properties": {"id_obligation": "332510000A3125", "priorite": "moyenne"}, "geometry": {"type": "Polygon", "coordinates": [[[-0.56745, 44.51587, 76.6], [-0.56736, 44.51589, 76.6], [-0.56739, 44.51596, 76.6], [-0.56724, 44.51599, 76.6], [-0.56727, 44.51606, 76.6], [-0.56744, 44.51603, 76.6], [-0.56731, 44.51616, 76.39166666666665], [-0.56711, 44.51625, 76.39166666666665], [-0.56675, 44.51631, 75.39999999999999], [-0.56643, 44.51628, 75.74517316017317], [-0.56622, 44.51619, 75.74517316017317], [-0.56605, 44.51602, 75.74517316017317], [-0.566, 44.51584, 75.74517316017317], [-0.56605, 44.51557, 75.05], [-0.56622, 44.51539, 75.05], [-0.56642, 44.5153, 75.05], [-0.56666, 44.51528, 75.1], [-0.56705, 44.51531, 75.9], [-0.56727, 44.5154, 75.9], [-0.56743, 44.51554, 75.9], [-0.56745, 44.51569, 75.9], [-0.5675, 44.51571, 76.32000000000001], [-0.56748, 44.51593, 76.32000000000001], [-0.56745, 44.51587, 76.6]]]}}, {"type": "Feature", "properties": {"id_obligation": "332510000A3132", "priorite": "faible"}, "geometry": {"type": "Polygon", "coordinates": [[[-0.56707, 44.51248, 76.75], [-0.56725, 44.51229, 76.75], [-0.56746, 44.5122, -33.4408163265306], [-0.56769, 44.51218, 75.2], [-0.56765, 44.51221, 75.2], [-0.56775, 44.51226, 75.3], [-0.56781, 44.51224, 75.5], [-0.56773, 44.51219, 75.4], [-0.56782, 44.51219, -33.4408163265306], [-0.56823, 44.51235, 75.93333333333332], [-0.56836, 44.5125, 75.93333333333332], [-0.56841, 44.51267, 75.33333333333333], [-0.56836, 44.51284, 75.33333333333333], [-0.56815, 44.51307, 75.4], [-0.56795, 44.51316, 75.19333333333333], [-0.5677, 44.51319, 75.19333333333333], [-0.56785, 44.51294, 76.3], [-0.56773, 44.5129, 76.3], [-0.56757, 44.51318, 76.3], [-0.56746, 44.51316, 75.72500000000001], [-0.56723, 44.51306, 75.72500000000001], [-0.56707, 44.5129, 75.79979554258585], [-0.56742, 44.51299, 75.7], [-0.56749, 44.51288, 75.7], [-0.56709, 44.51275, 75.7], [-0.56703, 44.51281, 75.7], [-0.56707, 44.51248, 76.75]]]}}, {"type": "Feature", "properties": {"id_obligation": "332510000A3135", "priorite": "faible"}, "geometry": {"type": "Polygon", "coordinates": [[[-0.56785, 44.51232, 76.9], [-0.56784, 44.51236, 76.6], [-0.56776, 44.51232, 76.6], [-0.56771, 44.51236, 76.6], [-0.56782, 44.51243, 76.6], [-0.56793, 44.51235, 76.9], [-0.56803, 44.5124, 76.0103448275862], [-0.56817, 44.51252, 75.20409177299626], [-0.56806, 44.51249, 75.3], [-0.56802, 44.51256, 75.3], [-0.56814, 44.51259, 75.3], [-0.56818, 44.51253, 75.1], [-0.56824, 44.51266, 75.55294117647058], [-0.56824, 44.51284, 75.55294117647058], [-0.56811, 44.51305, 75.13333333333334], [-0.56793, 44.51317, 75.13333333333334], [-0.56786, 44.51316, 75.0], [-0.56784, 44.51321, 75.0], [-0.5677, 44.51324, 75.92], [-0.56785, 44.51294, 76.3], [-0.56773, 44.5129, 76.3], [-0.56754, 44.51322, 76.3], [-0.5676, 44.51324, 76.3], [-0.56745, 44.51323, 75.92], [-0.56698, 44.51305, 75.83967150319528], [-0.56686, 44.51295, 75.71666666666668], [-0.56677, 44.51278, 75.71666666666668], [-0.5668, 44.51256, 75.2], [-0.56695, 44.51238, 75.2], [-0.5672, 44.51226, 75.2], [-0.56746, 44.51223, 77.70666666666665], [-0.56785, 44.51232, 76.9]]]}}, {"type": "Feature", "properties": {"id_obligation": "332510000A3138", "priorite": "faible"}, "geometry": {"type": "Polygon", "coordinates": [[[-0.56816, 44.51297, 75.55], [-0.56798, 44.51309, 75.55], [-0.56772, 44.51316, 76.3], [-0.56785, 44.51294, 76.3], [-0.56773, 44.5129, 76.3], [-0.56758, 44.51316, 76.3], [-0.56744, 44.51314, 75.04999999999998], [-0.56716, 44.51302, 75.76666666666667], [-0.56697, 44.51287, 75.5846153846154], [-0.56688, 44.51271, 75.5846153846154], [-0.56689, 44.51249, 75.2], [-0.56704, 44.51229, 75.2], [-0.56723, 44.51218, 75.2], [-0.56746, 44.51212, 76.56129032258065], [-0.56771, 44.51214, 76.56129032258065], [-0.56802, 44.51225, -130.6076923076923], [-0.5682, 44.51237, -130.6076923076923], [-0.5683, 44.51257, 75.36500000000002], [-0.56828, 44.51278, 75.36500000000002], [-0.56816, 44.51297, 75.55]]]}}, {"type": "Feature", "properties": {"id_obligation": "332510000A3142", "priorite": "très forte"}, "geometry": {"type": "Polygon", "coordinates": [[[-0.58739, 44.5061, -39.97916666666666], [-0.58721, 44.50622, -39.97916666666666], [-0.58698, 44.50628, 73.8], [-0.58673, 44.50627, 73.8], [-0.58644, 44.50617, 72.88333333333334], [-0.58627, 44.50604, 72.88333333333334], [-0.58619, 44.50587, -39.97916666666666], [-0.5862, 44.5057, -39.97916666666666], [-0.58637, 44.50545, -39.97916666666666], [-0.58654, 44.50532, -39.97916666666666], [-0.58687, 44.50523, 75.1], [-0.58693, 44.50532, 72.5], [-0.58704, 44.50528, 72.5], [-0.58701, 44.50523, 75.04962758351552], [-0.58708, 44.50524, -140.93333333333334], [-0.58734, 44.50535, -39.97916666666666], [-0.58753, 44.50552, -39.97916666666666], [-0.58758, 44.50573, -39.97916666666666], [-0.58739, 44.5061, -39.97916666666666]]]}}, {"type": "Feature", "properties": {"id_obligation": "332510000A3153", "priorite": "moyenne"}, "geometry": {"type": "Polygon", "coordinates": [[[-0.59108, 44.51363, 73.6], [-0.59114, 44.51361, 73.6], [-0.59105, 44.51348, 73.2], [-0.59097, 44.51351, 73.2], [-0.59103, 44.51363, 73.6], [-0.5907, 44.51358, 73.6], [-0.59051, 44.51348, 73.6], [-0.59038, 44.51333, 74.9], [-0.59035, 44.51315, 74.9], [-0.59039, 44.5129, 71.9], [-0.59056, 44.51272, 71.9], [-0.59077, 44.51263, 71.9], [-0.59125, 44.51261, 71.9], [-0.5917, 44.51271, 73.26994434137292], [-0.59194, 44.51284, 73.26994434137292], [-0.59206, 44.51299, 73.26994434137292], [-0.59207, 44.51325, 73.26994434137292], [-0.5919, 44.51349, 74.0], [-0.59182, 44.51353, 74.0], [-0.59184, 44.51346, 74.0], [-0.59173, 44.51345, 74.0], [-0.59171, 44.51353, 74.0], [-0.5918, 44.51354, 74.0], [-0.59175, 44.51356, 74.0], [-0.59108, 44.51363, 73.6]]]}}, {"type": "Feature", "properties": {"id_obligation": "332510000A3154", "priorite": "forte"}, "geometry": {"type": "Polygon", "coordinates": [[[-0.59028, 44.51322, 73.06222222222222], [-0.59011, 44.51304, 73.06222222222222], [-0.59009, 44.51282, 73.06222222222222], [-0.59019, 44.51261, 73.06222222222222], [-0.59036, 44.51247, 73.06222222222222], [-0.59065, 44.5124, 73.06222222222222], [-0.59109, 44.51244, 73.06222222222222], [-0.59132, 44.5125, 73.06222222222222], [-0.59149, 44.51263, 73.06222222222222], [-0.59158, 44.51279, 73.06222222222222], [-0.59158, 44.51297, 73.06222222222222], [-0.59148, 44.51317, 73.32000000000002], [-0.59131, 44.5133, 73.32000000000002], [-0.59108, 44.51337, 73.96666666666665], [-0.59054, 44.51332, 73.06222222222222], [-0.59028, 44.51322, 73.06222222222222]]]}}, {"type": "Feature", "properties": {"id_obligation": "332510000A3162", "priorite": "faible"}, "geometry": {"type": "Polygon", "coordinates": [[[-0.56633, 44.51437, 74.9], [-0.56636, 44.51441, 74.9], [-0.56644, 44.51429, 74.71111111111114], [-0.56673, 44.5142, 75.3], [-0.56698, 44.51421, 75.3], [-0.56704, 44.51422, 75.3], [-0.56702, 44.51426, 75.3], [-0.56719, 44.51431, 75.3], [-0.56722, 44.51427, 75.3], [-0.56734, 44.51431, 75.3], [-0.56755, 44.51446, 75.3], [-0.56764, 44.51463, 75.26722222222223], [-0.56762, 44.51481, 75.26722222222223], [-0.56751, 44.51501, 75.26722222222223], [-0.56734, 44.51514, 75.26722222222223], [-0.56706, 44.51522, 75.26722222222223], [-0.56682, 44.51521, 75.26722222222223], [-0.56647, 44.51512, 75.26722222222223], [-0.56629, 44.515, 75.26722222222223], [-0.56618, 44.51485, 75.22500000000002], [-0.56616, 44.51468, 75.22500000000002], [-0.56633, 44.51437, 74.9]]]}}, {"type": "Feature", "properties": {"id_obligation": "332510000A3164", "priorite": "faible"}, "geometry": {"type": "Polygon", "coordinates": [[[-0.56611, 44.51415, 76.0], [-0.56623, 44.5142, 76.0], [-0.56629, 44.51413, 76.0], [-0.56624, 44.5141, 75.09473684210528], [-0.5667, 44.51416, 75.33725877192983], [-0.56691, 44.51424, 75.33725877192983], [-0.56706, 44.51438, 75.33725877192983], [-0.56713, 44.5146, 75.8], [-0.56705, 44.5148, 75.8], [-0.56693, 44.51496, 75.8], [-0.56673, 44.51506, 75.8], [-0.56643, 44.51511, 75.6], [-0.56617, 44.51506, 75.6], [-0.56623, 44.51494, 75.6], [-0.56612, 44.51491, 75.6], [-0.56606, 44.51503, 75.6], [-0.56586, 44.51494, 75.32000000000001], [-0.56572, 44.5148, 75.32000000000001], [-0.56565, 44.51459, 75.0], [-0.56573, 44.51437, 75.0], [-0.56588, 44.51423, 75.0], [-0.56612, 44.51412, 75.09473684210528], [-0.56611, 44.51415, 76.0]]]}}, {"type": "Feature", "properties": {"id_obligation": "332510000A3168", "priorite": "faible"}, "geometry": {"type": "Polygon", "coordinates": [[[-0.5667, 44.51381, 77.15714285714286], [-0.56698, 44.51373, 74.38333333333334], [-0.56723, 44.51375, 74.38333333333334], [-0.56758, 44.51385, 76.03964076858814], [-0.56779, 44.51401, 76.03964076858814], [-0.56786, 44.51418, 76.03964076858814], [-0.56785, 44.51435, 76.03964076858814], [-0.56772, 44.51456, 76.03964076858814], [-0.5675, 44.51471, 76.03964076858814], [-0.56726, 44.51476, 75.8], [-0.56702, 44.51475, 75.8], [-0.56701, 44.51469, 75.8], [-0.56668, 44.51464, 75.8], [-0.5665, 44.51452, 75.8], [-0.5664, 44.51436, 77.74736842105261], [-0.56645, 44.51427, 75.1], [-0.56639, 44.51426, 75.1], [-0.5664, 44.51419, 77.74736842105261], [-0.5665, 44.51398, 77.15714285714286], [-0.5667, 44.51381, 77.15714285714286]]]}}, {"type": "Feature", "properties": {"id_obligation": "332510000A3174", "priorite": "faible"}, "geometry": {"type": "Polygon", "coordinates": [[[-0.56551, 44.51503, 75.2], [-0.56563, 44.51495, 75.2], [-0.56561, 44.515, 75.2], [-0.56571, 44.51502, 75.2], [-0.56576, 44.5149, 75.2], [-0.566, 44.51488, 75.53333333333333], [-0.56639, 44.51493, 76.09077053898481], [-0.56659, 44.51503, 76.09077053898481], [-0.56674, 44.51523, 75.2625], [-0.56675, 44.5154, 75.2625], [-0.56668, 44.51564, 76.09077053898481], [-0.56649, 44.5158, 76.09077053898481], [-0.56628, 44.51588, 76.28571428571429], [-0.56603, 44.51589, 76.28571428571429], [-0.5657, 44.51585, 78.3], [-0.5655, 44.51574, 78.3], [-0.56537, 44.51559, 78.3], [-0.56533, 44.51537, 77.89245623401555], [-0.56554, 44.51539, 76.2], [-0.56556, 44.5153, 78.5], [-0.56535, 44.51528, 78.5], [-0.56551, 44.51503, 75.2]]]}}, {"type": "Feature", "properties": {"id_obligation": "332510000A3175", "priorite": "faible"}, "geometry": {"type": "Polygon", "coordinates": [[[-0.56594, 44.51484, 75.2], [-0.56623, 44.51477, 75.6], [-0.56648, 44.5148, 75.6], [-0.56677, 44.51492, 75.54947916666667], [-0.56694, 44.5151, 75.1], [-0.56698, 44.51527, 75.1], [-0.56692, 44.51544, 75.1], [-0.56678, 44.51561, 75.1], [-0.56658, 44.51572, 75.1], [-0.56628, 44.51577, 75.6], [-0.56604, 44.51573, 76.73333333333332], [-0.5658, 44.51562, 76.73333333333332], [-0.56565, 44.51548, 76.73333333333332], [-0.56559, 44.51531, 75.6], [-0.56562, 44.51514, 75.6], [-0.56575, 44.51496, 75.2], [-0.56594, 44.51484, 75.2]]]}}, {"type": "Feature", "properties": {"id_obligation": "332510000A3176", "priorite": "faible"}, "geometry": {"type": "Polygon", "coordinates": [[[-0.56572, 44.51457, 75.78722222222223], [-0.56597, 44.51448, 75.0], [-0.56596, 44.51454, 75.0], [-0.56601, 44.51455, 75.0], [-0.56604, 44.51447, 75.0], [-0.56611, 44.51446, 75.00555555555556], [-0.56657, 44.51456, 75.525], [-0.56678, 44.51472, 75.525], [-0.56685, 44.51489, 75.78722222222223], [-0.56683, 44.51506, 75.78722222222223], [-0.5667, 44.51531, 75.08], [-0.56662, 44.51538, 75.1], [-0.56648, 44.51532, 75.1], [-0.56644, 44.5154, 75.0], [-0.56654, 44.51543, 75.06808119844976], [-0.56625, 44.51551, 75.60000000000001], [-0.566, 44.5155, 75.60000000000001], [-0.56572, 44.51542, 78.5], [-0.56554, 44.5153, 78.5], [-0.56544, 44.51513, 75.2], [-0.56544, 44.51495, 75.2], [-0.56553, 44.51474, 75.78722222222223], [-0.56572, 44.51457, 75.78722222222223]]]}}, {"type": "Feature", "properties": {"id_obligation": "332510000A3192", "priorite": "moyenne"}, "geometry": {"type": "Polygon", "coordinates": [[[-0.59393, 44.52451, 72.4], [-0.59401, 44.52454, 72.4], [-0.59404, 44.52449, 72.75377065169411], [-0.59405, 44.52457, 72.63999999999999], [-0.59389, 44.52493, 72.89066666666668], [-0.5937, 44.52505, 72.89066666666668], [-0.5934, 44.52511, 72.89066666666668], [-0.59296, 44.52504, 72.89066666666668], [-0.59271, 44.52489, 72.89066666666668], [-0.59249, 44.52481, 72.89066666666668], [-0.59232, 44.52468, 73.1], [-0.59223, 44.52447, 73.1], [-0.59229, 44.52422, 72.89066666666668], [-0.5924, 44.52406, 72.89066666666668], [-0.59258, 44.52394, 72.89066666666668], [-0.59287, 44.52388, 72.58000000000001], [-0.59323, 44.52393, 72.58000000000001], [-0.59372, 44.52411, 72.9], [-0.5939, 44.52423, 72.9], [-0.59395, 44.5243, 72.9], [-0.59392, 44.5244, 72.9], [-0.59403, 44.52444, 72.63999999999999], [-0.59393, 44.52451, 72.4]]]}}, {"type": "Feature", "properties": {"id_obligation": "332510000A3193", "priorite": "forte"}, "geometry": {"type": "Polygon", "coordinates": [[[-0.57815, 44.51505, 77.57777777777778], [-0.57792, 44.5151, 77.45555555555556], [-0.5776, 44.51509, 77.57777777777778], [-0.57733, 44.51498, 77.57777777777778], [-0.57719, 44.51485, 77.57777777777778], [-0.57713, 44.51468, 77.57777777777778], [-0.57715, 44.51437, 77.57777777777778], [-0.5773, 44.51417, 77.57777777777778], [-0.5775, 44.51407, 77.57777777777778], [-0.57775, 44.51403, 77.57777777777778], [-0.57806, 44.51405, 77.57777777777778], [-0.57832, 44.51415, 77.57777777777778], [-0.57846, 44.51429, 77.57777777777778], [-0.57852, 44.51446, 77.57777777777778], [-0.5785, 44.5147, 77.57777777777778], [-0.57837, 44.5149, 77.57777777777778], [-0.57815, 44.51505, 77.57777777777778]]]}}, {"type": "Feature", "properties": {"id_obligation": "332510000A3194", "priorite": "moyenne"}, "geometry": {"type": "Polygon", "coordinates": [[[-0.59451, 44.52376, 72.80932330827068], [-0.59479, 44.52387, 72.80932330827068], [-0.59496, 44.52405, 72.80932330827068], [-0.59499, 44.52427, 72.80932330827068], [-0.5949, 44.52447, 72.80932330827068], [-0.59463, 44.52465, 72.80932330827068], [-0.59447, 44.52485, 72.80932330827068], [-0.59427, 44.52495, 72.80932330827068], [-0.59396, 44.52499, 72.80932330827068], [-0.59359, 44.52489, 72.1], [-0.59338, 44.52473, 72.1], [-0.59334, 44.52466, 72.1], [-0.59338, 44.52466, 72.1], [-0.59342, 44.52455, 72.1], [-0.59337, 44.52454, 74.5], [-0.59339, 44.52449, 74.5], [-0.59331, 44.52448, 74.5], [-0.5933, 44.52419, 73.7], [-0.59339, 44.52398, 71.5], [-0.59356, 44.52385, 71.5], [-0.59378, 44.52377, 73.95714285714284], [-0.59451, 44.52376, 72.80932330827068]]]}}, {"type": "Feature", "properties": {"id_obligation": "332510000A3196", "priorite": "moyenne"}, "geometry": {"type": "Polygon", "coordinates": [[[-0.5892, 44.51341, -141.15813725490196], [-0.5894, 44.5133, -141.15813725490196], [-0.58964, 44.51325, -1000.0], [-0.58996, 44.51328, -141.15813725490196], [-0.59018, 44.51337, -141.15813725490196], [-0.59033, 44.51352, -141.15813725490196], [-0.59039, 44.51369, -141.15813725490196], [-0.59033, 44.51392, -141.15813725490196], [-0.59021, 44.51407, -141.15813725490196], [-0.58996, 44.51419, 73.61764705882354], [-0.58972, 44.51421, 73.61764705882354], [-0.58942, 44.51417, 73.56666666666668], [-0.58938, 44.51416, 73.7], [-0.5894, 44.51406, 73.7], [-0.58923, 44.51408, 73.7], [-0.58909, 44.51392, 73.56666666666668], [-0.58904, 44.51375, 73.3], [-0.58908, 44.51356, -141.15813725490196], [-0.5892, 44.51341, -141.15813725490196]]]}}, {"type": "Feature", "properties": {"id_obligation": "332510000A3197", "priorite": "moyenne"}, "geometry": {"type": "Polygon", "coordinates": [[[-0.59039, 44.5138, 73.50278293135436], [-0.5905, 44.51396, 72.5], [-0.59052, 44.51417, 72.5], [-0.59048, 44.51417, 72.5], [-0.59046, 44.51433, 74.2], [-0.59037, 44.51429, 74.2], [-0.59037, 44.51443, 74.06134030679998], [-0.59002, 44.51458, 74.0], [-0.58968, 44.51459, 74.0], [-0.58945, 44.51455, 73.50278293135436], [-0.58919, 44.51439, 73.50278293135436], [-0.58905, 44.51417, 73.59090909090911], [-0.58901, 44.51398, 73.59090909090911], [-0.58908, 44.51381, 73.3], [-0.58929, 44.51364, 73.3], [-0.58952, 44.51357, 73.725], [-0.58989, 44.51357, 73.725], [-0.59014, 44.51365, 73.50278293135436], [-0.59039, 44.5138, 73.50278293135436]]]}}, {"type": "Feature", "properties": {"id_obligation": "332510000A3199", "priorite": "moyenne"}, "geometry": {"type": "Polygon", "coordinates": [[[-0.58893, 44.51434, 75.23333333333333], [-0.5888, 44.51426, 76.0], [-0.58885, 44.51422, 76.0], [-0.58875, 44.51421, 75.23333333333333], [-0.5887, 44.51413, 73.88817299114865], [-0.5888, 44.51404, 73.1], [-0.58869, 44.51404, 73.1], [-0.58869, 44.51411, 73.769473126922], [-0.58866, 44.51395, 73.5], [-0.5887, 44.51376, -11.330395794681499], [-0.58882, 44.51361, -11.330395794681499], [-0.58907, 44.51349, -11.330395794681499], [-0.58963, 44.51348, -1000.0], [-0.58986, 44.51357, -522.7777777777777], [-0.59001, 44.51371, -522.7777777777777], [-0.59008, 44.51388, 73.78571428571429], [-0.59004, 44.51412, 73.72777777777777], [-0.58997, 44.51421, 74.0], [-0.5899, 44.51421, 74.0], [-0.58989, 44.51429, 74.0], [-0.58973, 44.51437, 73.72777777777777], [-0.58922, 44.51442, 73.7], [-0.58893, 44.51434, 75.23333333333333]]]}}, {"type": "Feature", "properties": {"id_obligation": "332510000A3201", "priorite": "moyenne"}, "geometry": {"type": "Polygon", "coordinates": [[[-0.58945, 44.51361, 73.3], [-0.58975, 44.51368, 73.725], [-0.58992, 44.5138, 73.725], [-0.59003, 44.514, 73.76785714285714], [-0.59001, 44.5142, 74.0], [-0.5899, 44.51421, 74.0], [-0.58987, 44.51425, 74.0], [-0.58987, 44.51429, 74.0], [-0.58998, 44.51429, 74.0], [-0.58989, 44.51447, 73.74675324675324], [-0.58968, 44.51462, 73.74675324675324], [-0.58945, 44.51468, 73.74675324675324], [-0.58911, 44.51466, 73.74675324675324], [-0.58888, 44.5146, 73.74675324675324], [-0.5887, 44.51448, 73.74675324675324], [-0.58858, 44.51428, 74.35], [-0.58885, 44.51426, 76.0], [-0.58872, 44.51419, 73.5], [-0.58857, 44.51421, 76.0], [-0.58862, 44.51396, 73.74675324675324], [-0.58873, 44.5138, 73.74675324675324], [-0.5889, 44.51369, 73.74675324675324], [-0.58921, 44.51361, 73.3], [-0.58945, 44.51361, 73.3]]]}}, {"type": "Feature", "properties": {"id_obligation": "332510000A3209", "priorite": "moyenne"}, "geometry": {"type": "Polygon", "coordinates": [[[-0.58798, 44.51399, -37.59621212121211], [-0.58828, 44.51396, -37.59621212121211], [-0.58862, 44.51404, 74.48181818181818], [-0.58869, 44.51413, 73.9], [-0.58873, 44.5141, 73.8], [-0.58882, 44.51416, 74.48181818181818], [-0.58894, 44.51432, -37.59621212121211], [-0.58895, 44.51454, -37.59621212121211], [-0.5888, 44.51477, -37.59621212121211], [-0.58865, 44.5149, -37.59621212121211], [-0.58843, 44.51498, -37.59621212121211], [-0.58813, 44.51499, -37.59621212121211], [-0.58785, 44.51491, 73.0], [-0.58766, 44.5148, 73.0], [-0.58754, 44.51464, 73.6], [-0.58752, 44.51446, 73.6], [-0.58774, 44.51412, -37.59621212121211], [-0.58798, 44.51399, -37.59621212121211]]]}}, {"type": "Feature", "properties": {"id_obligation": "332510000A3210", "priorite": "moyenne"}, "geometry": {"type": "Polygon", "coordinates": [[[-0.58938, 44.5145, -37.542916666666656], [-0.58915, 44.51465, -37.542916666666656], [-0.58892, 44.51471, -37.542916666666656], [-0.58842, 44.5147, -371.46666666666664], [-0.58819, 44.51464, -371.46666666666664], [-0.58802, 44.51452, -371.46666666666664], [-0.58792, 44.51436, -37.542916666666656], [-0.58791, 44.51413, -37.542916666666656], [-0.588, 44.51397, -37.542916666666656], [-0.58832, 44.51368, -37.542916666666656], [-0.58855, 44.5136, -37.542916666666656], [-0.58891, 44.5136, -37.542916666666656], [-0.58922, 44.5137, 73.3], [-0.58942, 44.51386, 73.3], [-0.58949, 44.51403, 73.62000000000002], [-0.58948, 44.51429, 73.62000000000002], [-0.58938, 44.5145, -37.542916666666656]]]}}, {"type": "Feature", "properties": {"id_obligation": "332510000A3211", "priorite": "forte"}, "geometry": {"type": "Polygon", "coordinates": [[[-0.58753, 44.5152, 74.22], [-0.58723, 44.51516, 74.22], [-0.58703, 44.51506, 74.22], [-0.58687, 44.51486, 74.22], [-0.58684, 44.51464, 74.22], [-0.58692, 44.51448, 74.22], [-0.58709, 44.51435, 74.22], [-0.58735, 44.51424, 74.22], [-0.5876, 44.51422, 74.22], [-0.58784, 44.51426, 74.8], [-0.58803, 44.51437, 74.8], [-0.58819, 44.51456, 74.8], [-0.58822, 44.51474, 74.8], [-0.58816, 44.5149, 74.22], [-0.58802, 44.51504, 74.22], [-0.58777, 44.51516, 74.22], [-0.58753, 44.5152, 74.22]]]}}, {"type": "Feature", "properties": {"id_obligation": "332510000A3214", "priorite": "faible"}, "geometry": {"type": "MultiPolygon", "coordinates": [[[[-0.56738, 44.51349, 78.41086956521745], [-0.56746, 44.51371, 76.8], [-0.56741, 44.51388, 76.8], [-0.56721, 44.51412, 75.3], [-0.567, 44.51422, 77.78636363636363], [-0.5667, 44.51426, 77.78636363636363], [-0.56646, 44.5142, 75.6], [-0.56619, 44.51408, 75.6], [-0.56605, 44.51393, 74.6888888888889], [-0.56601, 44.51372, 74.6888888888889], [-0.56601, 44.51367, 74.5], [-0.5661, 44.5137, 74.5], [-0.56613, 44.51364, 74.5], [-0.56604, 44.51362, 74.5], [-0.56625, 44.51335, 75.9787878787879], [-0.56634, 44.51329, 75.8], [-0.56654, 44.51335, 76.4], [-0.56658, 44.51329, 76.4], [-0.56644, 44.51325, 76.5], [-0.56669, 44.51321, 75.25600000000001], [-0.56717, 44.51333, 78.41086956521745], [-0.56738, 44.51349, 78.41086956521745]]]]}}, {"type": "Feature", "properties": {"id_obligation": "332510000A3250", "priorite": "faible"}, "geometry": {"type": "Polygon", "coordinates": [[[-0.56915, 44.51282, 77.2], [-0.569, 44.51276, 77.2], [-0.56896, 44.51283, 77.2], [-0.56907, 44.51287, 77.2], [-0.56902, 44.5129, 76.25384615384613], [-0.56872, 44.51296, 76.01428571428572], [-0.5683, 44.51288, 8.878294622044617], [-0.56805, 44.51276, 8.878294622044617], [-0.56791, 44.51256, 75.8142857142857], [-0.56801, 44.51247, 75.5], [-0.5679, 44.51244, 74.8], [-0.56791, 44.51236, 76.9], [-0.56804, 44.51214, 74.5], [-0.56836, 44.51187, 76.52727272727272], [-0.56858, 44.51179, 76.52727272727272], [-0.56882, 44.51178, 76.52727272727272], [-0.5692, 44.51189, -459.65], [-0.56939, 44.512, -459.65], [-0.56949, 44.51216, -459.65], [-0.56951, 44.51233, 76.4], [-0.56915, 44.51282, 77.2]]]}}, {"type": "Feature", "properties": {"id_obligation": "332510000A3301", "priorite": "faible"}, "geometry": {"type": "Polygon", "coordinates": [[[-0.56564, 44.51213, 74.36250000000001], [-0.56581, 44.51231, 74.0], [-0.56584, 44.51249, 74.0], [-0.56575, 44.51274, 74.36250000000001], [-0.56556, 44.51292, 74.36250000000001], [-0.56533, 44.51299, 74.36250000000001], [-0.56508, 44.513, 74.36250000000001], [-0.56479, 44.51294, 74.36250000000001], [-0.56456, 44.5128, 74.36250000000001], [-0.56446, 44.51264, 74.36250000000001], [-0.56444, 44.51247, 74.36250000000001], [-0.56453, 44.51225, 74.60000000000001], [-0.56468, 44.51211, 74.60000000000001], [-0.56489, 44.51202, 74.2], [-0.56513, 44.51199, 74.2], [-0.56543, 44.51204, 74.36250000000001], [-0.56564, 44.51213, 74.36250000000001]]]}}, {"type": "Feature", "properties": {"id_obligation": "332510000A3366", "priorite": "moyenne"}, "geometry": {"type": "Polygon", "coordinates": [[[-0.59097, 44.5147, 73.41938178780285], [-0.5908, 44.51482, 73.41938178780285], [-0.59058, 44.51488, 73.41938178780285], [-0.59025, 44.51488, 73.41938178780285], [-0.58998, 44.5148, 73.41938178780285], [-0.58982, 44.51467, 73.41938178780285], [-0.58974, 44.51446, 74.0], [-0.58975, 44.51428, 73.6842105263158], [-0.58985, 44.51413, 73.3], [-0.59005, 44.514, 73.6842105263158], [-0.59029, 44.51395, 72.5], [-0.59063, 44.51396, 72.5], [-0.59084, 44.51404, 73.41938178780285], [-0.591, 44.51416, 73.41938178780285], [-0.59108, 44.51433, 72.75714285714285], [-0.59109, 44.5144, 72.79889008108078], [-0.59103, 44.51443, 72.8], [-0.59109, 44.51443, 72.70168742566577], [-0.59097, 44.5147, 73.41938178780285]]]}}, {"type": "Feature", "properties": {"id_obligation": "332510000A3375", "priorite": "moyenne"}, "geometry": {"type": "Polygon", "coordinates": [[[-0.59107, 44.51422, 72.74285714285715], [-0.59109, 44.5144, 72.79912582861743], [-0.59103, 44.51443, 72.8], [-0.59109, 44.51443, 72.70308239606392], [-0.59108, 44.51447, 72.74285714285715], [-0.59099, 44.51463, 73.47762605042017], [-0.59082, 44.51476, 73.47762605042017], [-0.5906, 44.51483, 73.47762605042017], [-0.59025, 44.51484, 73.47762605042017], [-0.59003, 44.51478, 73.47762605042017], [-0.58985, 44.51466, 73.47762605042017], [-0.58974, 44.51446, 74.0], [-0.58974, 44.51423, 74.0], [-0.58977, 44.51415, 72.7], [-0.58989, 44.51413, 73.3], [-0.58989, 44.51408, 73.3], [-0.58981, 44.51408, 73.6896435605885], [-0.58999, 44.51393, 73.61764705882354], [-0.59022, 44.51385, 73.47762605042017], [-0.59051, 44.51384, 73.47762605042017], [-0.59079, 44.51393, 73.47762605042017], [-0.59097, 44.51406, 73.47762605042017], [-0.59107, 44.51422, 72.74285714285715]]]}}, {"type": "Feature", "properties": {"id_obligation": "332510000A3380", "priorite": "moyenne"}, "geometry": {"type": "Polygon", "coordinates": [[[-0.57905, 44.52459, 77.8], [-0.57897, 44.52466, 77.3], [-0.57906, 44.52471, 77.3], [-0.57878, 44.5249, 75.9076923076923], [-0.57857, 44.52498, 75.9076923076923], [-0.57827, 44.52499, 75.3], [-0.57794, 44.52488, 75.3], [-0.57776, 44.52471, 75.3], [-0.57771, 44.52455, 76.06666666666666], [-0.57771, 44.52418, 75.7474297924298], [-0.57786, 44.52394, 75.7474297924298], [-0.57811, 44.5238, 75.7474297924298], [-0.57835, 44.52376, 75.7474297924298], [-0.5786, 44.5238, 75.7474297924298], [-0.57903, 44.52396, 75.7474297924298], [-0.5792, 44.52409, 75.7474297924298], [-0.57927, 44.52423, 74.8], [-0.57921, 44.52426, 74.8], [-0.57925, 44.52429, 77.0], [-0.5791, 44.5243, 75.4], [-0.57912, 44.52438, 75.4], [-0.57927, 44.52437, 76.38386968467987], [-0.57914, 44.52464, 77.8], [-0.57905, 44.52459, 77.8]]]}}, {"type": "Feature", "properties": {"id_obligation": "332510000A3390", "priorite": "faible"}, "geometry": {"type": "Polygon", "coordinates": [[[-0.56915, 44.51465, 76.58709677419354], [-0.56904, 44.51486, 76.58709677419354], [-0.5687, 44.51508, 76.58709677419354], [-0.56835, 44.51515, 77.1], [-0.56811, 44.51511, 77.1], [-0.56787, 44.51501, 75.8], [-0.56781, 44.51498, 75.8], [-0.56785, 44.51499, 75.8], [-0.56789, 44.5149, 75.8], [-0.56782, 44.51486, 75.8], [-0.56773, 44.51483, 75.8], [-0.5677, 44.51489, 75.8], [-0.56749, 44.51462, 76.58709677419354], [-0.56741, 44.5144, 76.58709677419354], [-0.56746, 44.51423, 76.58709677419354], [-0.5676, 44.51409, 76.58709677419354], [-0.5679, 44.51391, 76.58709677419354], [-0.5682, 44.51386, 76.8], [-0.5686, 44.51396, 76.58709677419354], [-0.5691, 44.51444, 76.58709677419354], [-0.56915, 44.51465, 76.58709677419354]]]}}, {"type": "Feature", "properties": {"id_obligation": "332510000A3391", "priorite": "faible"}, "geometry": {"type": "Polygon", "coordinates": [[[-0.56894, 44.51558, 76.77540106951872], [-0.56866, 44.51567, 76.71818181818182], [-0.56842, 44.51567, 76.71818181818182], [-0.56831, 44.51565, 76.8], [-0.56834, 44.51559, 76.8], [-0.56824, 44.51557, 76.8], [-0.56822, 44.51562, 76.8], [-0.56807, 44.51557, 76.76666666666667], [-0.5679, 44.51544, 76.76666666666667], [-0.5678, 44.51524, 76.77540106951872], [-0.56783, 44.51506, 76.77540106951872], [-0.56796, 44.51484, 76.77540106951872], [-0.56819, 44.5147, 76.53333333333332], [-0.56832, 44.51466, 77.0], [-0.56836, 44.5147, 77.0], [-0.56845, 44.51465, 77.0], [-0.56896, 44.51476, 76.77540106951872], [-0.56912, 44.51489, 76.77540106951872], [-0.56921, 44.51505, 76.77540106951872], [-0.56913, 44.51541, 76.77540106951872], [-0.56894, 44.51558, 76.77540106951872]]]}}, {"type": "Feature", "properties": {"id_obligation": "332510000A3392", "priorite": "moyenne"}, "geometry": {"type": "Polygon", "coordinates": [[[-0.56918, 44.51566, 76.73958333333333], [-0.56905, 44.51586, 76.73958333333333], [-0.56877, 44.51601, 76.73958333333333], [-0.56847, 44.51606, 76.8], [-0.56823, 44.51603, 76.73958333333333], [-0.56803, 44.51593, 76.73958333333333], [-0.56778, 44.51566, 76.0], [-0.56797, 44.51568, 76.0], [-0.56799, 44.5156, 76.0], [-0.5678, 44.51556, 76.0], [-0.56778, 44.51565, 76.0], [-0.56774, 44.5155, 76.33333333333333], [-0.56781, 44.51525, 76.73958333333333], [-0.56792, 44.51509, 76.73958333333333], [-0.56816, 44.51495, 76.73958333333333], [-0.56846, 44.5149, 77.1], [-0.56877, 44.51495, 76.73958333333333], [-0.56898, 44.51505, 76.73958333333333], [-0.56913, 44.51524, 76.73958333333333], [-0.56918, 44.51566, 76.73958333333333]]]}}, {"type": "Feature", "properties": {"id_obligation": "332510000A3393", "priorite": "moyenne"}, "geometry": {"type": "Polygon", "coordinates": [[[-0.56872, 44.51603, 76.3839898989899], [-0.56846, 44.51614, 76.3839898989899], [-0.56815, 44.51614, 76.3839898989899], [-0.56781, 44.51605, 75.3], [-0.5676, 44.5159, 75.3], [-0.56751, 44.51574, 75.80999999999999], [-0.5675, 44.51569, 75.9], [-0.56755, 44.51568, 75.9], [-0.56752, 44.51555, 75.9], [-0.56761, 44.51538, 76.3839898989899], [-0.56777, 44.51524, 76.3839898989899], [-0.56808, 44.51514, 76.96666666666665], [-0.56832, 44.51513, 76.96666666666665], [-0.56845, 44.51515, 77.1], [-0.56843, 44.5152, 77.1], [-0.56865, 44.5152, 76.89999999999999], [-0.56883, 44.51532, 76.89999999999999], [-0.56894, 44.51547, 76.7], [-0.56896, 44.51565, 76.7], [-0.56887, 44.51588, 76.3839898989899], [-0.56872, 44.51603, 76.3839898989899]]]}}, {"type": "Feature", "properties": {"id_obligation": "332510000A3394", "priorite": "moyenne"}, "geometry": {"type": "Polygon", "coordinates": [[[-0.57192, 44.52789, 76.3], [-0.57218, 44.52801, 76.3], [-0.57237, 44.52824, 75.32857142857142], [-0.57238, 44.5285, 75.32857142857142], [-0.57223, 44.52869, 75.34615384615383], [-0.57193, 44.52885, 75.34615384615383], [-0.57162, 44.52895, 79.1], [-0.57132, 44.52895, 79.1], [-0.5711, 44.52888, 76.40115122972266], [-0.57081, 44.5287, 76.40115122972266], [-0.57066, 44.52849, 76.40115122972266], [-0.57064, 44.52827, 76.40115122972266], [-0.57077, 44.52807, 76.8], [-0.57097, 44.52795, 76.8], [-0.57127, 44.52786, 76.43333333333334], [-0.57192, 44.52789, 76.3]]]}}, {"type": "Feature", "properties": {"id_obligation": "332510000A3396", "priorite": "faible"}, "geometry": {"type": "Polygon", "coordinates": [[[-0.56554, 44.51562, 76.07967948717949], [-0.56527, 44.51577, 76.07967948717949], [-0.56503, 44.51581, 75.34], [-0.56478, 44.51579, 75.34], [-0.56457, 44.5157, 76.07967948717949], [-0.56434, 44.51548, 76.775], [-0.56435, 44.51537, 77.6], [-0.56429, 44.51536, 77.6], [-0.56428, 44.51531, 76.775], [-0.56431, 44.51514, 76.775], [-0.56448, 44.51495, 76.07967948717949], [-0.56476, 44.51481, 76.8], [-0.56511, 44.51477, 76.8], [-0.56511, 44.51486, 76.8], [-0.56522, 44.51486, 76.8], [-0.56522, 44.51482, 76.8], [-0.56529, 44.5148, 74.9], [-0.5655, 44.51491, 75.47], [-0.56568, 44.51511, 76.82307692307693], [-0.56572, 44.51528, 76.82307692307693], [-0.56566, 44.51547, 76.07967948717949], [-0.56554, 44.51562, 76.07967948717949]]]}}, {"type": "Feature", "properties": {"id_obligation": "332510000A3397", "priorite": "faible"}, "geometry": {"type": "Polygon", "coordinates": [[[-0.56508, 44.51531, 76.42777777777778], [-0.56503, 44.51521, 75.3], [-0.56491, 44.51529, 75.3], [-0.56457, 44.51509, 75.3], [-0.56449, 44.51493, 75.0], [-0.5645, 44.51465, 75.88351851851853], [-0.5646, 44.51449, 75.88351851851853], [-0.56479, 44.51437, 75.88351851851853], [-0.56502, 44.51431, 75.88351851851853], [-0.56547, 44.51429, 75.88351851851853], [-0.56575, 44.51438, 75.88351851851853], [-0.56591, 44.51451, 75.88351851851853], [-0.566, 44.51472, 75.2], [-0.56596, 44.51496, 75.2], [-0.56579, 44.51514, 77.84], [-0.56554, 44.51525, 77.84], [-0.56508, 44.51531, 76.42777777777778]]]}}, {"type": "Feature", "properties": {"id_obligation": "332510000A3401", "priorite": "faible"}, "geometry": {"type": "Polygon", "coordinates": [[[-0.56466, 44.5158, 75.34], [-0.56436, 44.51577, 75.82171296296298], [-0.56416, 44.51566, 75.82171296296298], [-0.56396, 44.51545, 77.6], [-0.56393, 44.51523, 77.6], [-0.56401, 44.51507, 75.0], [-0.56439, 44.51482, 75.0], [-0.56438, 44.51488, 75.0], [-0.56449, 44.51489, 75.0], [-0.56451, 44.51479, 75.0], [-0.56478, 44.51477, 75.0], [-0.56501, 44.51482, 75.82171296296298], [-0.56519, 44.51494, 75.82171296296298], [-0.56535, 44.51512, 76.6277777777778], [-0.56539, 44.51527, 74.92067744986284], [-0.56534, 44.51528, 78.5], [-0.56534, 44.51546, 75.82171296296298], [-0.5652, 44.5156, 75.82171296296298], [-0.56496, 44.51574, 75.34], [-0.56466, 44.5158, 75.34]]]}}, {"type": "Feature", "properties": {"id_obligation": "332510000A3402", "priorite": "faible"}, "geometry": {"type": "Polygon", "coordinates": [[[-0.56495, 44.51573, 75.34], [-0.56476, 44.51556, 75.34], [-0.5647, 44.51535, 75.29999999999998], [-0.56476, 44.51528, 75.4], [-0.56472, 44.51523, 75.4], [-0.56478, 44.51508, 75.9642367156653], [-0.56497, 44.51491, 75.9642367156653], [-0.56522, 44.51483, 76.8], [-0.56572, 44.51486, 75.2], [-0.56566, 44.51487, 75.2], [-0.56561, 44.515, 75.2], [-0.56571, 44.51502, 75.2], [-0.56577, 44.51488, 75.2], [-0.56583, 44.51489, 75.38181818181819], [-0.56603, 44.515, 75.38181818181819], [-0.56615, 44.51515, 75.6], [-0.56619, 44.51533, 75.6], [-0.56611, 44.51555, 76.73333333333332], [-0.56595, 44.5157, 73.8859685209033], [-0.56596, 44.51566, 73.6], [-0.56581, 44.51563, 78.3], [-0.56579, 44.5157, 78.3], [-0.56585, 44.51571, 78.3], [-0.56585, 44.51576, 78.3], [-0.56575, 44.5158, 76.73333333333332], [-0.56551, 44.51584, 75.9642367156653], [-0.56524, 44.51581, 75.9642367156653], [-0.56495, 44.51573, 75.34]]]}}, {"type": "Feature", "properties": {"id_obligation": "332510000A3403", "priorite": "faible"}, "geometry": {"type": "Polygon", "coordinates": [[[-0.56613, 44.51536, 75.6], [-0.56598, 44.51533, 75.6], [-0.56596, 44.51543, 75.6], [-0.56583, 44.51546, 76.76666666666667], [-0.56558, 44.51546, 76.76666666666667], [-0.56525, 44.51537, 76.33333333333334], [-0.56508, 44.51524, 76.33333333333334], [-0.56498, 44.51504, 75.85], [-0.56501, 44.51486, 75.85], [-0.56514, 44.51462, 74.9], [-0.56539, 44.51445, 74.9], [-0.56561, 44.51439, 75.0], [-0.56593, 44.5144, 75.0], [-0.56591, 44.51446, 75.0], [-0.56597, 44.51447, 75.0], [-0.56596, 44.51454, 75.0], [-0.56601, 44.51455, 75.0], [-0.56605, 44.51444, 75.0], [-0.56614, 44.51447, 75.2], [-0.5663, 44.51458, 74.7], [-0.56641, 44.51476, 75.6], [-0.5664, 44.51493, 75.6], [-0.56629, 44.5152, 75.60000000000001], [-0.56613, 44.51536, 75.6]]]}}, {"type": "Feature", "properties": {"id_obligation": "332510000A3416", "priorite": "très forte"}, "geometry": {"type": "Polygon", "coordinates": [[[-0.58744, 44.50619, 73.15052083333333], [-0.58743, 44.50645, 73.15052083333333], [-0.58727, 44.50665, 73.15052083333333], [-0.58694, 44.50693, 73.53333333333333], [-0.58673, 44.50702, 73.53333333333333], [-0.58648, 44.50706, 73.53333333333333], [-0.58624, 44.50702, 73.15052083333333], [-0.58597, 44.50688, 73.15052083333333], [-0.58584, 44.50673, 73.15052083333333], [-0.58581, 44.50655, 73.15052083333333], [-0.58595, 44.50628, 73.15052083333333], [-0.58592, 44.50598, 73.15052083333333], [-0.58614, 44.50571, 73.15052083333333], [-0.58646, 44.5056, 72.725], [-0.58679, 44.50563, 72.725], [-0.58706, 44.50575, 72.7], [-0.58744, 44.50619, 73.15052083333333]]]}}, {"type": "Feature", "properties": {"id_obligation": "332510000A3421", "priorite": "faible"}, "geometry": {"type": "Polygon", "coordinates": [[[-0.56854, 44.51328, 75.4], [-0.56841, 44.51354, 76.10321369263285], [-0.56826, 44.51368, 76.10321369263285], [-0.568, 44.51378, 77.99166666666666], [-0.56764, 44.51377, 77.99166666666666], [-0.56767, 44.5137, 77.6], [-0.56756, 44.51366, 77.6], [-0.56751, 44.51373, 77.6], [-0.56724, 44.51362, 77.99062500000005], [-0.56701, 44.51347, 75.6], [-0.56715, 44.51349, 74.7], [-0.56716, 44.5134, 75.6], [-0.56692, 44.5133, 75.725], [-0.56693, 44.51313, 75.725], [-0.56705, 44.5129, 75.770426055708], [-0.56742, 44.51299, 75.7], [-0.56749, 44.51288, 75.7], [-0.56713, 44.51276, 75.7], [-0.56718, 44.51269, 75.51250000000002], [-0.56722, 44.51264, 75.2], [-0.56735, 44.5127, 75.2], [-0.56741, 44.51263, 75.2], [-0.56729, 44.51258, 75.2], [-0.56762, 44.51246, 75.82499999999999], [-0.56783, 44.51246, 75.5], [-0.5678, 44.5125, 75.5], [-0.56794, 44.51254, 75.5], [-0.56799, 44.51249, 75.5], [-0.56805, 44.51251, 75.3], [-0.56802, 44.51256, 75.3], [-0.56814, 44.51259, 75.3], [-0.56816, 44.51255, 75.1], [-0.5683, 44.51262, 75.37222222222223], [-0.56844, 44.51277, 75.37222222222223], [-0.56854, 44.51328, 75.4]]]}}, {"type": "Feature", "properties": {"id_obligation": "332510000A3422", "priorite": "faible"}, "geometry": {"type": "MultiPolygon", "coordinates": [[[[-0.56748, 44.51353, 78.9], [-0.56755, 44.51356, 78.9], [-0.56765, 44.51351, 78.9], [-0.56769, 44.51342, 78.9], [-0.56731, 44.51336, 78.9], [-0.56729, 44.51339, 78.9], [-0.56725, 44.51333, 76.0], [-0.56722, 44.51315, 76.0], [-0.56731, 44.51295, 75.7], [-0.56742, 44.51299, 75.7], [-0.56749, 44.51288, 75.7], [-0.56741, 44.51285, 75.7], [-0.56774, 44.51272, 77.2], [-0.56787, 44.51271, 75.4], [-0.5678, 44.51279, 75.4], [-0.56788, 44.51281, 75.4], [-0.56799, 44.51282, 75.4], [-0.56803, 44.51276, 75.4], [-0.56789, 44.51271, 75.4], [-0.56827, 44.5128, 75.4], [-0.56845, 44.51292, 75.4], [-0.56855, 44.51308, 76.32094155844159], [-0.56855, 44.51325, 76.32094155844159], [-0.56845, 44.51345, 76.32094155844159], [-0.56828, 44.51357, 76.32094155844159], [-0.56805, 44.51364, 77.3375], [-0.56781, 44.51365, 77.3375], [-0.56756, 44.51359, 78.90000000000005], [-0.56748, 44.51353, 78.9]]], [[[-0.56732, 44.51343, 78.9], [-0.56751, 44.51349, 78.9], [-0.56748, 44.51353, 78.9], [-0.56732, 44.51343, 78.9]]]]}}, {"type": "Feature", "properties": {"id_obligation": "332510000A3423", "priorite": "faible"}, "geometry": {"type": "Polygon", "coordinates": [[[-0.56836, 44.51341, 76.11249033704392], [-0.56808, 44.51349, 76.33809523809525], [-0.56778, 44.51346, 76.33809523809525], [-0.5675, 44.51335, 78.82121212121216], [-0.56736, 44.5132, 78.82121212121216], [-0.56731, 44.51299, 75.275], [-0.56732, 44.51295, 75.7], [-0.56742, 44.51299, 75.7], [-0.56749, 44.51288, 75.7], [-0.56736, 44.51284, 75.7], [-0.56742, 44.51273, 75.6], [-0.56759, 44.51279, 75.6], [-0.56763, 44.51274, 75.6], [-0.56744, 44.5127, 75.6], [-0.5675, 44.51262, 77.3], [-0.56772, 44.51274, 77.2], [-0.56778, 44.51266, 77.2], [-0.56757, 44.51256, 75.80312500000002], [-0.56783, 44.51244, 74.8], [-0.5678, 44.5125, 75.5], [-0.56794, 44.51254, 75.5], [-0.56801, 44.51247, 75.5], [-0.56789, 44.51243, 75.1881800325331], [-0.56803, 44.51242, 75.80312500000002], [-0.56828, 44.51246, 75.19999999999999], [-0.56853, 44.51258, 75.19999999999999], [-0.56867, 44.51272, 75.19999999999999], [-0.56871, 44.51289, 76.11249033704392], [-0.56856, 44.51325, 76.11249033704392], [-0.56836, 44.51341, 76.11249033704392]]]}}, {"type": "Feature", "properties": {"id_obligation": "332510000A3433", "priorite": "faible"}, "geometry": {"type": "Polygon", "coordinates": [[[-0.56525, 44.51269, 74.21538461538461], [-0.56497, 44.51277, 74.73199741435036], [-0.56453, 44.51274, 74.73199741435036], [-0.56431, 44.51267, 74.73199741435036], [-0.5641, 44.51252, 74.73199741435036], [-0.56401, 44.51236, 76.1], [-0.56407, 44.51219, 73.9], [-0.56402, 44.51218, 76.1], [-0.56413, 44.51198, 74.73199741435036], [-0.56434, 44.51182, 74.73199741435036], [-0.56457, 44.51176, 74.73199741435036], [-0.56482, 44.51177, 74.73199741435036], [-0.56523, 44.51187, 74.73199741435036], [-0.56542, 44.512, 74.73199741435036], [-0.56552, 44.51216, 74.14117647058823], [-0.56553, 44.51234, 74.14117647058823], [-0.56544, 44.51253, 74.21538461538461], [-0.56525, 44.51269, 74.21538461538461]]]}}, {"type": "Feature", "properties": {"id_obligation": "332510000A3435", "priorite": "faible"}, "geometry": {"type": "Polygon", "coordinates": [[[-0.56381, 44.51188, 73.6], [-0.56403, 44.51179, 73.6], [-0.56411, 44.51184, 73.6], [-0.56416, 44.51177, 73.60000000000001], [-0.56459, 44.51181, 74.47454545454545], [-0.5648, 44.51191, 74.47454545454545], [-0.56494, 44.51206, 74.5], [-0.56499, 44.51223, 74.5], [-0.56494, 44.51243, 74.47454545454545], [-0.5648, 44.51258, 74.47454545454545], [-0.56454, 44.51269, 74.47454545454545], [-0.5643, 44.51271, 74.47454545454545], [-0.56399, 44.51266, 74.47454545454545], [-0.56378, 44.51256, 74.47454545454545], [-0.56364, 44.5124, 74.47454545454545], [-0.5636, 44.51223, 73.77272727272727], [-0.56364, 44.51207, 73.77272727272727], [-0.56381, 44.51188, 73.6]]]}}, {"type": "Feature", "properties": {"id_obligation": "332510000A3440", "priorite": "forte"}, "geometry": {"type": "Polygon", "coordinates": [[[-0.57991, 44.50985, -210.65215686274513], [-0.57963, 44.50996, -210.65215686274513], [-0.57932, 44.50997, -210.65215686274513], [-0.579, 44.50984, -1000.0], [-0.57883, 44.50966, -1000.0], [-0.5788, 44.50949, -282.8666666666668], [-0.5788, 44.50944, 75.7], [-0.57891, 44.50941, 75.7], [-0.57891, 44.50936, 75.7], [-0.57883, 44.50936, 75.7], [-0.57888, 44.50921, 75.7], [-0.57909, 44.50893, 75.7], [-0.57935, 44.50881, -210.65215686274513], [-0.57959, 44.50879, -210.65215686274513], [-0.58004, 44.50892, 74.5], [-0.57997, 44.50892, 74.5], [-0.57997, 44.50908, 74.5], [-0.58008, 44.50908, 74.5], [-0.5801, 44.50896, 74.5], [-0.58024, 44.50911, 74.5], [-0.58028, 44.50925, -210.65215686274513], [-0.58011, 44.50965, -210.65215686274513], [-0.57991, 44.50985, -210.65215686274513]]]}}, {"type": "Feature", "properties": {"id_obligation": "332510000A3446", "priorite": "moyenne"}, "geometry": {"type": "Polygon", "coordinates": [[[-0.57903, 44.50988, -1000.0], [-0.57874, 44.50989, -1000.0], [-0.5785, 44.50985, 76.8], [-0.5783, 44.50974, 76.8], [-0.57818, 44.50962, 76.8], [-0.57835, 44.50953, 76.8], [-0.57829, 44.50947, 76.8], [-0.57815, 44.50955, 76.8], [-0.57814, 44.50939, 76.24615384615382], [-0.5782, 44.50922, -119.174124011953], [-0.57839, 44.50902, -119.174124011953], [-0.57866, 44.50892, 75.83333333333334], [-0.57895, 44.50891, 75.83333333333334], [-0.57919, 44.50896, 75.7], [-0.57939, 44.50907, 75.7], [-0.57951, 44.50922, -147.34210526315803], [-0.57954, 44.50946, 80.7], [-0.57947, 44.50962, -119.174124011953], [-0.5793, 44.50977, -119.174124011953], [-0.57903, 44.50988, -1000.0]]]}}, {"type": "Feature", "properties": {"id_obligation": "332510000A3447", "priorite": "moyenne"}, "geometry": {"type": "Polygon", "coordinates": [[[-0.5785, 44.50941, 75.72500000000001], [-0.57842, 44.5092, 75.89999999999999], [-0.57846, 44.50903, 75.89999999999999], [-0.57864, 44.50881, -12.634935897435897], [-0.57885, 44.5087, -12.634935897435897], [-0.57916, 44.50866, -12.634935897435897], [-0.5794, 44.50871, -12.634935897435897], [-0.57964, 44.50883, -12.634935897435897], [-0.57977, 44.50897, -12.634935897435897], [-0.57983, 44.50918, 79.7], [-0.57976, 44.50935, 79.31538461538463], [-0.5796, 44.50953, 79.31538461538463], [-0.5794, 44.50963, 79.31538461538463], [-0.57916, 44.50967, 75.7], [-0.57891, 44.50964, 75.72500000000001], [-0.57866, 44.50954, 75.72500000000001], [-0.5785, 44.50941, 75.72500000000001]]]}}, {"type": "Feature", "properties": {"id_obligation": "332510000A3451", "priorite": "moyenne"}, "geometry": {"type": "Polygon", "coordinates": [[[-0.57916, 44.50965, -1000.0], [-0.57891, 44.50978, -228.7431666666667], [-0.57866, 44.5098, -228.7431666666667], [-0.57829, 44.50974, 77.07999999999998], [-0.57812, 44.50965, 76.8], [-0.57835, 44.50953, 76.8], [-0.57829, 44.50947, 76.8], [-0.57804, 44.50958, 77.5], [-0.57795, 44.50943, 75.89999999999999], [-0.57794, 44.50926, 75.89999999999999], [-0.57804, 44.509, -228.7431666666667], [-0.57824, 44.50883, -228.7431666666667], [-0.57847, 44.50876, -228.7431666666667], [-0.57871, 44.50875, -228.7431666666667], [-0.57902, 44.50882, -228.7431666666667], [-0.57921, 44.50892, -228.7431666666667], [-0.57933, 44.50907, -228.7431666666667], [-0.57937, 44.50924, -372.5083333333334], [-0.57931, 44.50946, -1000.0], [-0.57916, 44.50965, -1000.0]]]}}, {"type": "Feature", "properties": {"id_obligation": "332510000A3492", "priorite": "moyenne"}, "geometry": {"type": "Polygon", "coordinates": [[[-0.57353, 44.52733, 76.07500000000002], [-0.57334, 44.52759, 76.07500000000002], [-0.57314, 44.5277, 76.07500000000002], [-0.57283, 44.52775, 76.07500000000002], [-0.57251, 44.52768, 76.07500000000002], [-0.57224, 44.52754, 76.07500000000002], [-0.57199, 44.52727, 76.07500000000002], [-0.57194, 44.52711, 76.07500000000002], [-0.572, 44.5269, 76.07500000000002], [-0.57224, 44.52665, 76.07500000000002], [-0.57244, 44.52654, 76.07500000000002], [-0.57274, 44.52649, 76.07500000000002], [-0.57303, 44.52655, 76.07500000000002], [-0.57335, 44.52672, 76.07500000000002], [-0.57347, 44.52687, 76.07500000000002], [-0.57353, 44.52733, 76.07500000000002]]]}}, {"type": "Feature", "properties": {"id_obligation": "332510000A3507", "priorite": "moyenne"}, "geometry": {"type": "Polygon", "coordinates": [[[-0.57101, 44.52722, 77.22097902097903], [-0.57089, 44.52736, 77.22097902097903], [-0.57069, 44.52747, 77.22097902097903], [-0.57045, 44.52751, 76.2], [-0.57007, 44.52746, 77.1], [-0.57001, 44.52738, 77.1], [-0.56997, 44.52742, 77.1], [-0.56992, 44.5274, 77.26153846153848], [-0.56976, 44.52727, 77.4], [-0.56983, 44.52719, 77.5], [-0.56975, 44.52711, 77.5], [-0.56969, 44.52715, 77.5], [-0.56967, 44.52706, 77.5], [-0.56974, 44.5268, 77.22097902097903], [-0.56985, 44.52662, 77.22097902097903], [-0.57004, 44.52649, 77.22097902097903], [-0.57034, 44.52642, 77.22097902097903], [-0.57069, 44.52647, 77.22097902097903], [-0.57094, 44.52659, 77.22097902097903], [-0.57109, 44.52679, 77.06153846153848], [-0.57109, 44.527, 77.06153846153848], [-0.57101, 44.52722, 77.22097902097903]]]}}, {"type": "Feature", "properties": {"id_obligation": "332510000A3508", "priorite": "moyenne"}, "geometry": {"type": "Polygon", "coordinates": [[[-0.5707, 44.52666, 78.25555555555555], [-0.57094, 44.52672, 77.51425925925928], [-0.57116, 44.52685, 77.51425925925928], [-0.57129, 44.52705, 77.4], [-0.57128, 44.52722, 77.4], [-0.57118, 44.52739, 77.05000000000003], [-0.57114, 44.52743, 77.11578727389863], [-0.57107, 44.52741, 77.2], [-0.57101, 44.5275, 76.9], [-0.57105, 44.52751, 76.9], [-0.57099, 44.52756, 77.05000000000003], [-0.57071, 44.52765, 77.51425925925928], [-0.57047, 44.52765, 77.51425925925928], [-0.57018, 44.52755, 77.10000000000001], [-0.57006, 44.52748, 77.1], [-0.57006, 44.5274, 77.1], [-0.57001, 44.52738, 77.1], [-0.56998, 44.52741, 77.1], [-0.5699, 44.52727, 78.5], [-0.56991, 44.52706, 78.5], [-0.57001, 44.52691, 77.51425925925928], [-0.57018, 44.52677, 77.51425925925928], [-0.57045, 44.52668, 78.25555555555555], [-0.5707, 44.52666, 78.25555555555555]]]}}, {"type": "Feature", "properties": {"id_obligation": "332510000A3510", "priorite": "moyenne"}, "geometry": {"type": "Polygon", "coordinates": [[[-0.5712, 44.52746, 76.98294114114589], [-0.57107, 44.52741, 77.2], [-0.57101, 44.5275, 76.9], [-0.57112, 44.52751, 76.9], [-0.57075, 44.5276, 77.08], [-0.57051, 44.52756, 77.3800680272109], [-0.57018, 44.52741, 77.3800680272109], [-0.57003, 44.52721, 78.04], [-0.57002, 44.52703, 78.04], [-0.5701, 44.52686, 78.5], [-0.57036, 44.52661, 78.5], [-0.57058, 44.52653, 77.3800680272109], [-0.57083, 44.52651, 77.3800680272109], [-0.57107, 44.52657, 76.35714285714286], [-0.57136, 44.52672, 76.35714285714286], [-0.57147, 44.52687, 77.7], [-0.5715, 44.52704, 77.7], [-0.57147, 44.52714, 77.7], [-0.57134, 44.52707, 77.7], [-0.57131, 44.5271, 77.7], [-0.57144, 44.52719, 77.7], [-0.5712, 44.52746, 76.98294114114589]]]}}, {"type": "Feature", "properties": {"id_obligation": "332510000B0242", "priorite": "forte"}, "geometry": {"type": "Polygon", "coordinates": [[[-0.56097, 44.52792, -22.526633986928108], [-0.5612, 44.52784, 77.2], [-0.56145, 44.52782, 77.2], [-0.56181, 44.52792, 77.2], [-0.56201, 44.52808, 77.2], [-0.56208, 44.52824, 15.423529411764722], [-0.56204, 44.52847, -1000.0], [-0.56194, 44.52865, -460.70000000000005], [-0.56176, 44.52877, -460.70000000000005], [-0.56153, 44.52884, 78.6], [-0.56129, 44.52884, 78.6], [-0.56098, 44.52875, -22.526633986928108], [-0.56081, 44.52863, -22.526633986928108], [-0.56071, 44.52847, -22.526633986928108], [-0.56078, 44.5281, -22.526633986928108], [-0.56097, 44.52792, -22.526633986928108]]]}}, {"type": "Feature", "properties": {"id_obligation": "332510000B0332", "priorite": "moyenne"}, "geometry": {"type": "Polygon", "coordinates": [[[-0.57011, 44.52764, 77.1], [-0.56994, 44.52776, 77.1], [-0.5696, 44.52787, 76.1], [-0.56936, 44.52789, 76.1], [-0.56912, 44.52785, 76.63131142506143], [-0.56882, 44.5277, 76.63131142506143], [-0.56869, 44.52754, 75.8], [-0.56866, 44.52737, 75.8], [-0.56874, 44.52718, 75.8], [-0.5689, 44.52721, 75.8], [-0.56894, 44.52716, 75.8], [-0.5688, 44.5271, 75.8], [-0.56901, 44.52691, 75.8], [-0.56933, 44.52681, 76.6], [-0.56929, 44.52684, 76.6], [-0.56942, 44.52695, 76.6], [-0.56948, 44.52688, 77.0], [-0.56941, 44.52681, 77.0], [-0.56962, 44.52679, 76.75], [-0.56991, 44.52685, 77.5], [-0.57013, 44.527, 77.5], [-0.57025, 44.52719, 77.05454545454546], [-0.57024, 44.52742, 77.05454545454546], [-0.57011, 44.52764, 77.1]]]}}, {"type": "Feature", "properties": {"id_obligation": "332510000B0334", "priorite": "moyenne"}, "geometry": {"type": "MultiPolygon", "coordinates": [[[[-0.56823, 44.52747, 77.0], [-0.5681, 44.52732, 76.7], [-0.56806, 44.52715, 76.7], [-0.56806, 44.52709, 76.5], [-0.5682, 44.5271, 76.5], [-0.5682, 44.52701, 76.5], [-0.56809, 44.52701, 76.5], [-0.56814, 44.52692, 75.78365421523003], [-0.56822, 44.52695, 75.6], [-0.56823, 44.52691, 75.4], [-0.56828, 44.52694, 75.4], [-0.56829, 44.52688, 75.4], [-0.56817, 44.52689, 75.30615276416279], [-0.56829, 44.52676, 75.5076923076923], [-0.5685, 44.52666, 75.5076923076923], [-0.56874, 44.52663, 76.86659055230484], [-0.56899, 44.52666, 76.86659055230484], [-0.56934, 44.52681, 77.0], [-0.56929, 44.52684, 76.6], [-0.56942, 44.52695, 76.6], [-0.56946, 44.52691, 76.88571428571429], [-0.56957, 44.52715, 78.1], [-0.56953, 44.52731, 79.5006572337082], [-0.5694, 44.52726, 79.6], [-0.56933, 44.52734, 79.6], [-0.56946, 44.5274, 79.5], [-0.56944, 44.52744, 78.07272727272725], [-0.56932, 44.52754, 78.07272727272725], [-0.56906, 44.52764, 76.86659055230484], [-0.56873, 44.52765, 76.86659055230484], [-0.56823, 44.52747, 77.0]]]]}}, {"type": "Feature", "properties": {"id_obligation": "332510000B0359", "priorite": "forte"}, "geometry": {"type": "Polygon", "coordinates": [[[-0.56869, 44.52785, 14.323116219667947], [-0.56867, 44.52809, 14.323116219667947], [-0.56853, 44.52829, 14.323116219667947], [-0.56834, 44.5284, 14.323116219667947], [-0.56796, 44.52845, 14.323116219667947], [-0.56754, 44.52841, 76.6], [-0.56732, 44.52833, 76.6], [-0.56714, 44.52816, 76.6], [-0.56709, 44.52793, 75.75555555555556], [-0.56719, 44.52756, 14.323116219667947], [-0.5673, 44.5274, 14.323116219667947], [-0.56754, 44.52727, 14.323116219667947], [-0.56788, 44.52723, 14.323116219667947], [-0.56819, 44.52728, 14.323116219667947], [-0.56842, 44.52743, 14.323116219667947], [-0.56869, 44.52785, 14.323116219667947]]]}}, {"type": "Feature", "properties": {"id_obligation": "332510000B0360", "priorite": "forte"}, "geometry": {"type": "Polygon", "coordinates": [[[-0.56708, 44.52837, 76.0], [-0.56727, 44.52825, 76.0], [-0.56751, 44.52819, 76.0], [-0.56784, 44.52821, 76.0], [-0.56805, 44.52829, 76.0], [-0.56821, 44.52842, 76.0], [-0.56829, 44.52859, 76.0], [-0.56826, 44.52881, 76.0], [-0.56815, 44.52897, 76.0], [-0.56797, 44.52908, 76.0], [-0.56773, 44.52914, 76.0], [-0.56742, 44.52912, 76.0], [-0.5672, 44.52905, 76.0], [-0.56704, 44.52892, 76.0], [-0.56696, 44.52876, 76.0], [-0.56696, 44.52857, 76.0], [-0.56708, 44.52837, 76.0]]]}}, {"type": "Feature", "properties": {"id_obligation": "332510000B0366", "priorite": "forte"}, "geometry": {"type": "Polygon", "coordinates": [[[-0.56777, 44.52744, 80.85000000000001], [-0.56766, 44.52774, 80.85000000000001], [-0.56745, 44.52789, 78.8], [-0.56715, 44.52796, 78.8], [-0.56683, 44.52792, 80.85000000000001], [-0.56658, 44.52781, 80.85000000000001], [-0.56645, 44.52766, 80.85000000000001], [-0.56627, 44.52724, 80.85000000000001], [-0.56634, 44.52698, 80.85000000000001], [-0.5665, 44.52684, 80.85000000000001], [-0.56673, 44.52675, 80.85000000000001], [-0.56677, 44.52654, 80.85000000000001], [-0.56689, 44.52639, 84.2], [-0.56714, 44.52627, 84.2], [-0.56744, 44.52624, 80.85000000000001], [-0.56784, 44.52635, 80.85000000000001], [-0.56803, 44.52658, 80.85000000000001], [-0.56801, 44.52689, 80.85000000000001], [-0.56788, 44.52704, 80.85000000000001], [-0.56768, 44.52714, 80.85000000000001], [-0.56777, 44.52744, 80.85000000000001]]]}}, {"type": "Feature", "properties": {"id_obligation": "332510000B0376", "priorite": "moyenne"}, "geometry": {"type": "Polygon", "coordinates": [[[-0.56657, 44.52802, 76.9], [-0.56646, 44.52817, 76.9], [-0.56628, 44.52829, 76.9], [-0.56605, 44.52835, 78.18461538461538], [-0.56572, 44.52834, 78.18461538461538], [-0.56548, 44.52828, 80.5], [-0.56526, 44.52813, 80.5], [-0.56518, 44.52797, 78.11714529914529], [-0.5652, 44.52769, 78.11714529914529], [-0.56528, 44.52753, 76.81111111111112], [-0.56544, 44.5274, 76.81111111111112], [-0.56571, 44.52731, 78.11714529914529], [-0.56607, 44.52732, 78.11714529914529], [-0.5663, 44.52739, 78.11714529914529], [-0.5665, 44.52756, 78.11714529914529], [-0.56659, 44.52779, 78.11714529914529], [-0.56657, 44.52802, 76.9]]]}}, {"type": "Feature", "properties": {"id_obligation": "332510000B0385", "priorite": "moyenne"}, "geometry": {"type": "Polygon", "coordinates": [[[-0.56519, 44.52664, -1000.0], [-0.56518, 44.52682, -1000.0], [-0.56506, 44.5271, 76.96], [-0.56486, 44.52727, 76.96], [-0.56458, 44.52735, 77.3], [-0.56457, 44.52727, 77.3], [-0.56444, 44.52729, 77.3], [-0.56446, 44.52736, 77.3], [-0.56427, 44.52736, 78.09999999999998], [-0.564, 44.52731, -176.29347222222222], [-0.56376, 44.52718, -176.29347222222222], [-0.56364, 44.52693, -176.29347222222222], [-0.56376, 44.52654, -370.72499999999997], [-0.56373, 44.5263, -176.29347222222222], [-0.5638, 44.5261, -176.29347222222222], [-0.564, 44.52593, -176.29347222222222], [-0.56434, 44.52585, 79.7], [-0.56477, 44.52593, -176.29347222222222], [-0.56501, 44.52613, -176.29347222222222], [-0.56505, 44.5264, -1000.0], [-0.56519, 44.52664, -1000.0]]]}}, {"type": "Feature", "properties": {"id_obligation": "332510000B0399", "priorite": "moyenne"}, "geometry": {"type": "Polygon", "coordinates": [[[-0.56562, 44.52796, 80.5], [-0.56558, 44.52814, 80.5], [-0.56545, 44.52829, 80.5], [-0.56524, 44.52839, 80.5], [-0.56497, 44.52843, 77.9], [-0.56472, 44.52842, 78.43407407407408], [-0.5645, 44.52833, 78.43407407407408], [-0.56432, 44.52816, 78.43407407407408], [-0.56426, 44.52797, 77.16], [-0.56428, 44.52773, 78.43407407407408], [-0.56439, 44.52757, 78.43407407407408], [-0.56462, 44.52743, 78.43407407407408], [-0.56491, 44.52739, 78.43407407407408], [-0.56521, 44.52743, 76.74444444444445], [-0.56516, 44.52749, 76.3], [-0.56536, 44.5275, 76.74444444444445], [-0.56558, 44.52776, 80.5], [-0.56562, 44.52796, 80.5]]]}}, {"type": "Feature", "properties": {"id_obligation": "332510000B0402", "priorite": "forte"}, "geometry": {"type": "Polygon", "coordinates": [[[-0.56469, 44.52974, 78.8], [-0.56446, 44.5296, 78.8], [-0.56435, 44.52944, 77.425], [-0.56434, 44.52916, 77.425], [-0.56441, 44.52902, 77.5], [-0.56441, 44.52909, 77.5], [-0.56452, 44.5291, 77.5], [-0.56453, 44.52898, 77.5], [-0.56445, 44.52898, 77.5], [-0.56459, 44.52887, 77.5], [-0.56481, 44.5288, 77.34285714285714], [-0.56513, 44.52879, 77.34285714285714], [-0.56536, 44.52885, -137.7864285714286], [-0.56557, 44.52901, -137.7864285714286], [-0.56565, 44.52917, -137.7864285714286], [-0.56566, 44.52941, -137.7864285714286], [-0.56557, 44.52958, -137.7864285714286], [-0.5654, 44.5297, -137.7864285714286], [-0.56518, 44.52978, -137.7864285714286], [-0.56492, 44.52979, -137.7864285714286], [-0.56469, 44.52974, 78.8]]]}}, {"type": "Feature", "properties": {"id_obligation": "332510000B0408", "priorite": "forte"}, "geometry": {"type": "Polygon", "coordinates": [[[-0.56348, 44.52931, 79.00584554334554], [-0.56326, 44.52946, 79.00584554334554], [-0.56317, 44.52976, 79.00584554334554], [-0.56292, 44.52995, 76.5], [-0.56269, 44.53, 76.5], [-0.56238, 44.52998, 83.2], [-0.56216, 44.5299, 83.2], [-0.562, 44.52977, 83.2], [-0.56192, 44.52956, 83.2], [-0.56197, 44.52931, 80.0], [-0.56219, 44.52911, 80.0], [-0.5622, 44.52896, 80.0], [-0.56235, 44.52868, 79.00584554334554], [-0.56255, 44.52852, 81.0], [-0.56264, 44.52856, 81.0], [-0.56271, 44.52847, 81.0], [-0.56296, 44.52845, 79.78571428571429], [-0.56337, 44.52856, 77.50769230769232], [-0.5636, 44.52882, 77.50769230769232], [-0.56357, 44.52911, 79.00584554334554], [-0.56348, 44.52931, 79.00584554334554]]]}}, {"type": "Feature", "properties": {"id_obligation": "332510000B0433", "priorite": "moyenne"}, "geometry": {"type": "Polygon", "coordinates": [[[-0.56393, 44.52551, 77.9], [-0.56407, 44.52565, 77.9], [-0.56413, 44.52582, 77.9], [-0.56408, 44.52609, 77.9], [-0.56395, 44.52624, 77.9], [-0.56375, 44.52635, 77.9], [-0.56351, 44.52639, 77.9], [-0.56321, 44.52635, 77.9], [-0.56296, 44.52623, 77.9], [-0.56283, 44.52608, 77.9], [-0.56279, 44.52591, 77.9], [-0.56285, 44.52569, 77.9], [-0.56298, 44.52554, 77.9], [-0.56317, 44.52543, 77.9], [-0.56342, 44.52539, 77.9], [-0.56366, 44.52541, 77.9], [-0.56393, 44.52551, 77.9]]]}}, {"type": "Feature", "properties": {"id_obligation": "332510000B0449", "priorite": "très forte"}, "geometry": {"type": "Polygon", "coordinates": [[[-0.56473, 44.52352, 76.2], [-0.56491, 44.5237, 76.2], [-0.56496, 44.52388, 76.2], [-0.56491, 44.52408, 76.2], [-0.56477, 44.52422, 76.2], [-0.56457, 44.52431, 76.2], [-0.56425, 44.52435, 76.2], [-0.564, 44.52431, 76.2], [-0.5638, 44.52422, 76.2], [-0.56366, 44.52407, 76.2], [-0.56362, 44.5239, 76.2], [-0.56366, 44.52369, 76.2], [-0.5638, 44.52355, 76.2], [-0.564, 44.52345, 76.2], [-0.56424, 44.52341, 76.2], [-0.56451, 44.52344, 76.2], [-0.56473, 44.52352, 76.2]]]}}, {"type": "Feature", "properties": {"id_obligation": "332510000B0455", "priorite": "moyenne"}, "geometry": {"type": "Polygon", "coordinates": [[[-0.56612, 44.52371, 76.946], [-0.56585, 44.52388, 76.946], [-0.56556, 44.52396, 77.3], [-0.56531, 44.52395, 77.3], [-0.56509, 44.52386, 77.3], [-0.56486, 44.5237, 76.946], [-0.56458, 44.52363, 76.946], [-0.5644, 44.52352, 75.6], [-0.56427, 44.52332, 75.6], [-0.56428, 44.52311, 75.6], [-0.5644, 44.52292, 76.946], [-0.56459, 44.52281, 76.946], [-0.56495, 44.52275, 77.3], [-0.56525, 44.52261, 77.3], [-0.56561, 44.52261, 77.3], [-0.56606, 44.52277, 76.946], [-0.56627, 44.52293, 76.946], [-0.56635, 44.52315, 77.5], [-0.56612, 44.52371, 76.946]]]}}, {"type": "Feature", "properties": {"id_obligation": "332510000B0456", "priorite": "moyenne"}, "geometry": {"type": "Polygon", "coordinates": [[[-0.56714, 44.52374, 76.82000000000002], [-0.56709, 44.52396, 78.04], [-0.56695, 44.52393, 77.5], [-0.56691, 44.52401, 77.6], [-0.56698, 44.52403, 77.6], [-0.56692, 44.52415, 78.69923485929036], [-0.56666, 44.52425, 78.04], [-0.56641, 44.52426, 76.68750000000001], [-0.56612, 44.52419, 76.68750000000001], [-0.56571, 44.524, 77.68854166666668], [-0.56556, 44.52381, 77.68854166666668], [-0.56554, 44.52363, 77.68854166666668], [-0.56565, 44.5234, 77.68854166666668], [-0.56581, 44.52326, 77.68854166666668], [-0.56603, 44.52318, 77.68854166666668], [-0.56632, 44.52315, 77.68854166666668], [-0.56662, 44.5232, 77.68854166666668], [-0.56683, 44.5233, 77.68854166666668], [-0.56702, 44.5235, 77.68854166666668], [-0.56714, 44.52374, 76.82000000000002]]]}}, {"type": "Feature", "properties": {"id_obligation": "332510000B0474", "priorite": "moyenne"}, "geometry": {"type": "Polygon", "coordinates": [[[-0.56733, 44.52352, 76.4818181818182], [-0.56742, 44.52361, 77.2], [-0.56737, 44.52368, 77.2], [-0.56748, 44.52372, 77.13276367460445], [-0.56748, 44.52392, 77.25], [-0.56734, 44.52416, 76.89999999999999], [-0.56727, 44.52422, 76.8], [-0.56712, 44.52418, 76.8], [-0.56708, 44.52426, 77.1], [-0.56715, 44.52428, 77.1], [-0.56686, 44.52435, 77.96428571428574], [-0.56661, 44.52432, 77.96428571428574], [-0.56627, 44.52422, 77.39944341372913], [-0.56608, 44.52406, 77.39944341372913], [-0.56601, 44.52389, 79.29999999999998], [-0.56615, 44.52352, 77.0], [-0.56633, 44.5234, 77.0], [-0.56656, 44.52333, 77.39944341372913], [-0.56681, 44.52333, 77.39944341372913], [-0.5671, 44.52341, 76.4818181818182], [-0.56733, 44.52352, 76.4818181818182]]]}}, {"type": "Feature", "properties": {"id_obligation": "332510000B0475", "priorite": "moyenne"}, "geometry": {"type": "Polygon", "coordinates": [[[-0.56667, 44.52386, 76.77445254692198], [-0.56683, 44.5239, 77.0], [-0.56686, 44.52382, 77.0], [-0.56676, 44.52381, 76.7], [-0.56703, 44.52373, 77.55999999999999], [-0.56727, 44.52374, 77.55999999999999], [-0.56765, 44.52385, 77.90454901960784], [-0.56781, 44.52398, 77.90454901960784], [-0.5679, 44.52418, 77.90454901960784], [-0.56788, 44.52435, 77.90454901960784], [-0.56774, 44.52458, 77.90454901960784], [-0.56755, 44.52469, 77.90454901960784], [-0.56725, 44.52476, 77.90454901960784], [-0.56701, 44.52473, 77.90454901960784], [-0.5667, 44.52462, 78.4], [-0.56654, 44.52449, 78.4], [-0.56645, 44.52433, 79.33333333333333], [-0.56646, 44.52416, 79.33333333333333], [-0.56654, 44.524, 76.6], [-0.5666, 44.52401, 76.6], [-0.56659, 44.52394, 76.82941176470588], [-0.56667, 44.52386, 76.77445254692198]]]}}, {"type": "Feature", "properties": {"id_obligation": "332510000B0483", "priorite": "forte"}, "geometry": {"type": "Polygon", "coordinates": [[[-0.56695, 44.52614, 77.81090909090909], [-0.56681, 44.52599, 77.81090909090909], [-0.56677, 44.52582, 77.81090909090909], [-0.56684, 44.52549, 77.81090909090909], [-0.56703, 44.52532, 77.81090909090909], [-0.56725, 44.52524, 77.81090909090909], [-0.56749, 44.52522, 77.81090909090909], [-0.56778, 44.52526, 77.27272727272727], [-0.56798, 44.52536, 77.27272727272727], [-0.56813, 44.52555, 77.27272727272727], [-0.56816, 44.52572, 77.3], [-0.56809, 44.526, 77.81090909090909], [-0.56796, 44.52615, 77.81090909090909], [-0.56775, 44.52625, 77.81090909090909], [-0.56751, 44.52628, 77.81090909090909], [-0.56721, 44.52626, 77.81090909090909], [-0.56695, 44.52614, 77.81090909090909]]]}}, {"type": "Feature", "properties": {"id_obligation": "332510000B0496", "priorite": "forte"}, "geometry": {"type": "Polygon", "coordinates": [[[-0.56642, 44.51988, 75.79999999999998], [-0.56618, 44.52003, 75.79999999999998], [-0.56588, 44.52008, 75.79999999999998], [-0.56554, 44.52003, 75.79999999999998], [-0.56534, 44.51993, 75.79999999999998], [-0.56521, 44.51977, 75.79999999999998], [-0.56511, 44.51948, 75.79999999999998], [-0.56517, 44.5192, 75.79999999999998], [-0.56537, 44.51902, 75.79999999999998], [-0.56559, 44.51895, 75.79999999999998], [-0.56598, 44.51895, 75.79999999999998], [-0.56622, 44.519, 75.79999999999998], [-0.56642, 44.51911, 75.79999999999998], [-0.56653, 44.51927, 75.79999999999998], [-0.56652, 44.51968, 75.79999999999998], [-0.56642, 44.51988, 75.79999999999998]]]}}, {"type": "Feature", "properties": {"id_obligation": "332510000B0524", "priorite": "forte"}, "geometry": {"type": "Polygon", "coordinates": [[[-0.56509, 44.52181, 76.0], [-0.5648, 44.52188, 75.96386554621849], [-0.56449, 44.52185, 75.96386554621849], [-0.56427, 44.52176, 75.96386554621849], [-0.56412, 44.52161, 75.96386554621849], [-0.56406, 44.52144, 75.96386554621849], [-0.5641, 44.52126, 75.96386554621849], [-0.56428, 44.52102, 75.96386554621849], [-0.56447, 44.52092, 75.96386554621849], [-0.5647, 44.52088, 75.96386554621849], [-0.56494, 44.5209, 75.96386554621849], [-0.56521, 44.52101, 75.96386554621849], [-0.56536, 44.52116, 75.96386554621849], [-0.56542, 44.52133, 75.68571428571428], [-0.56527, 44.52168, 76.0], [-0.56509, 44.52181, 76.0]]]}}, {"type": "Feature", "properties": {"id_obligation": "332510000B0525", "priorite": "forte"}, "geometry": {"type": "Polygon", "coordinates": [[[-0.56533, 44.52233, 75.97941176470589], [-0.56502, 44.52247, 75.8], [-0.56465, 44.52246, 75.97941176470589], [-0.56425, 44.52226, 75.97941176470589], [-0.56413, 44.52202, 75.97941176470589], [-0.56424, 44.52173, 75.97941176470589], [-0.56415, 44.52143, 75.97941176470589], [-0.5643, 44.5211, 75.97941176470589], [-0.5645, 44.52095, 75.97941176470589], [-0.56479, 44.52087, 75.88823529411764], [-0.56515, 44.52092, 75.88823529411764], [-0.56535, 44.521, 75.97941176470589], [-0.56574, 44.52129, 75.97941176470589], [-0.56584, 44.52145, 75.97941176470589], [-0.56584, 44.52163, 75.97941176470589], [-0.56533, 44.52233, 75.97941176470589]]]}}, {"type": "Feature", "properties": {"id_obligation": "332510000B0619", "priorite": "forte"}, "geometry": {"type": "Polygon", "coordinates": [[[-0.56265, 44.52559, 79.89999999999999], [-0.56245, 44.5257, 79.89999999999999], [-0.56221, 44.52575, 78.6], [-0.56188, 44.52571, 78.6], [-0.56166, 44.52563, 78.6], [-0.56147, 44.52547, 78.6], [-0.56141, 44.5253, 78.6], [-0.56148, 44.52505, 78.6], [-0.5616, 44.52488, 78.6], [-0.56184, 44.52474, 78.6], [-0.56207, 44.5247, 78.6], [-0.56242, 44.52475, 78.6], [-0.56267, 44.52487, 78.6], [-0.56282, 44.52507, 78.6], [-0.56283, 44.52528, 78.6], [-0.56265, 44.52559, 79.89999999999999]]]}}, {"type": "Feature", "properties": {"id_obligation": "332510000B0639", "priorite": "forte"}, "geometry": {"type": "Polygon", "coordinates": [[[-0.56085, 44.52739, 77.51818181818182], [-0.56068, 44.52752, 77.51818181818182], [-0.56059, 44.52755, 77.2], [-0.56053, 44.52751, 77.2], [-0.56046, 44.52758, 77.2], [-0.56033, 44.52761, 77.2], [-0.56008, 44.52761, 77.2], [-0.55972, 44.52749, 78.17187088274044], [-0.55951, 44.52734, 78.17187088274044], [-0.5594, 44.52719, 80.60000000000001], [-0.55939, 44.52698, 80.60000000000001], [-0.55942, 44.5269, 79.16175326925293], [-0.55953, 44.52694, 78.0], [-0.55957, 44.52689, 78.0], [-0.55945, 44.52685, 83.6], [-0.55986, 44.52647, 78.2], [-0.56006, 44.52638, 77.5], [-0.56036, 44.52637, 77.5], [-0.56072, 44.52648, 78.17187088274044], [-0.561, 44.52669, 78.17187088274044], [-0.56106, 44.5269, 78.17187088274044], [-0.56085, 44.52739, 77.51818181818182]]]}}, {"type": "Feature", "properties": {"id_obligation": "332510000B0645", "priorite": "forte"}, "geometry": {"type": "Polygon", "coordinates": [[[-0.5591, 44.52645, 78.4], [-0.55908, 44.52652, 78.4], [-0.55932, 44.52655, 78.4], [-0.55933, 44.52648, 78.4], [-0.55911, 44.52644, 78.4], [-0.55926, 44.5264, 78.4], [-0.55951, 44.52639, 78.4], [-0.55979, 44.52647, 78.558], [-0.55997, 44.52659, 78.558], [-0.56007, 44.52675, 77.85], [-0.56, 44.5269, 77.5], [-0.56005, 44.52692, 77.5], [-0.56009, 44.52687, 77.5], [-0.56008, 44.52693, 77.85], [-0.55995, 44.52715, 77.3], [-0.55978, 44.52728, 77.3], [-0.55954, 44.52734, 78.558], [-0.55929, 44.52734, 78.558], [-0.55907, 44.52728, 78.558], [-0.55888, 44.52716, 78.558], [-0.55877, 44.527, 78.558], [-0.55876, 44.52683, 78.558], [-0.55884, 44.52665, 78.39999999999999], [-0.5591, 44.52645, 78.4]]]}}, {"type": "Feature", "properties": {"id_obligation": "332510000B0656", "priorite": "forte"}, "geometry": {"type": "Polygon", "coordinates": [[[-0.55908, 44.52626, 77.5], [-0.55901, 44.52648, 77.5], [-0.55878, 44.52669, 77.5235294117647], [-0.55837, 44.52688, 78.64114379084968], [-0.55814, 44.52693, 78.64114379084968], [-0.5579, 44.52691, 78.78], [-0.55761, 44.5268, 78.7], [-0.55763, 44.52674, 78.7], [-0.55755, 44.52672, 78.9], [-0.55755, 44.52676, 78.84361253285455], [-0.55744, 44.52666, 78.78], [-0.55737, 44.52644, 79.23333333333335], [-0.55742, 44.52627, 79.23333333333335], [-0.55777, 44.52587, 79.60000000000001], [-0.55795, 44.52575, 78.64114379084968], [-0.55825, 44.5257, 78.64114379084968], [-0.55849, 44.52573, 78.64114379084968], [-0.55877, 44.52586, 78.64114379084968], [-0.55899, 44.52605, 78.64114379084968], [-0.55908, 44.52626, 77.5]]]}}, {"type": "Feature", "properties": {"id_obligation": "332510000B0658", "priorite": "forte"}, "geometry": {"type": "Polygon", "coordinates": [[[-0.55783, 44.526, 79.36], [-0.55772, 44.52629, 79.5], [-0.55759, 44.52644, 79.5], [-0.55739, 44.52654, 78.99031578947368], [-0.55714, 44.52658, 78.99031578947368], [-0.5569, 44.52655, 78.99031578947368], [-0.5566, 44.52644, 78.06], [-0.55644, 44.5263, 78.06], [-0.55648, 44.52623, 78.0], [-0.55642, 44.52626, 78.17884386691739], [-0.55638, 44.52617, 78.99031578947368], [-0.55633, 44.52572, 78.99031578947368], [-0.5565, 44.52548, 78.99031578947368], [-0.55674, 44.52534, 78.99031578947368], [-0.5571, 44.5253, 78.99031578947368], [-0.55748, 44.52542, 78.89999999999999], [-0.55769, 44.52558, 78.89999999999999], [-0.55783, 44.526, 79.36]]]}}, {"type": "Feature", "properties": {"id_obligation": "332510000B0659", "priorite": "forte"}, "geometry": {"type": "Polygon", "coordinates": [[[-0.55708, 44.52643, 79.15037037037037], [-0.55732, 44.5263, 79.15037037037037], [-0.55762, 44.52628, 79.5], [-0.55793, 44.52634, 79.21111111111112], [-0.55804, 44.5264, 79.22306619023738], [-0.558, 44.52645, 79.3], [-0.55812, 44.52646, 79.21111111111112], [-0.55825, 44.52665, 79.15037037037037], [-0.55824, 44.52683, 79.15037037037037], [-0.55815, 44.52706, 79.15037037037037], [-0.558, 44.5272, 79.15037037037037], [-0.55773, 44.52729, 79.15037037037037], [-0.55749, 44.5273, 79.15037037037037], [-0.5572, 44.52723, 79.15037037037037], [-0.55703, 44.52711, 79.15037037037037], [-0.55692, 44.52696, 79.15037037037037], [-0.55696, 44.52658, 79.15037037037037], [-0.55708, 44.52643, 79.15037037037037]]]}}, {"type": "Feature", "properties": {"id_obligation": "332510000B0678", "priorite": "moyenne"}, "geometry": {"type": "Polygon", "coordinates": [[[-0.55552, 44.52465, 81.109375], [-0.5558, 44.52455, 81.109375], [-0.55606, 44.52456, 81.109375], [-0.55641, 44.52467, 81.109375], [-0.55657, 44.5248, 81.109375], [-0.55667, 44.52501, 81.109375], [-0.55664, 44.52518, 81.109375], [-0.55649, 44.52539, 81.109375], [-0.55631, 44.52551, 81.109375], [-0.55602, 44.52558, 80.0875], [-0.55578, 44.52555, 80.0875], [-0.5555, 44.52546, 81.25], [-0.55529, 44.52527, 81.33513467467776], [-0.55541, 44.5253, 81.4], [-0.55547, 44.52518, 81.4], [-0.55531, 44.52514, 81.1], [-0.55527, 44.52523, 81.1], [-0.55525, 44.52518, 81.2], [-0.55525, 44.52501, 81.2], [-0.55536, 44.52479, 81.109375], [-0.55552, 44.52465, 81.109375]]]}}, {"type": "Feature", "properties": {"id_obligation": "332510000B0682", "priorite": "forte"}, "geometry": {"type": "Polygon", "coordinates": [[[-0.55571, 44.52597, 79.2], [-0.55549, 44.52613, 78.97142857142856], [-0.55513, 44.52619, 78.97142857142856], [-0.55475, 44.5261, 80.48412698412699], [-0.55457, 44.52598, 80.48412698412699], [-0.55446, 44.52579, 80.48412698412699], [-0.55451, 44.52552, 80.48412698412699], [-0.55442, 44.52539, 80.48412698412699], [-0.5544, 44.52522, 80.48412698412699], [-0.55452, 44.52492, 80.48412698412699], [-0.55474, 44.52476, 80.48412698412699], [-0.55497, 44.52469, 81.80000000000001], [-0.5554, 44.5247, 81.80000000000001], [-0.5558, 44.5248, 82.3], [-0.55598, 44.52492, 82.3], [-0.55608, 44.52508, 82.3], [-0.55609, 44.52525, 80.25000000000001], [-0.55571, 44.52597, 79.2]]]}}, {"type": "Feature", "properties": {"id_obligation": "332510000B0683", "priorite": "moyenne"}, "geometry": {"type": "Polygon", "coordinates": [[[-0.55607, 44.52588, 80.025], [-0.55598, 44.5259, 79.9], [-0.55599, 44.52585, 79.9], [-0.5559, 44.52583, 79.9], [-0.55588, 44.52591, 80.1], [-0.55555, 44.52586, 80.75277777777778], [-0.55531, 44.52573, 80.75277777777778], [-0.55519, 44.52557, 80.0888888888889], [-0.55518, 44.52535, 80.0888888888889], [-0.55538, 44.52499, 81.1], [-0.55554, 44.52485, 81.1], [-0.55577, 44.52477, 82.3], [-0.55602, 44.52476, 82.3], [-0.55637, 44.52486, 80.75277777777778], [-0.55654, 44.52498, 80.75277777777778], [-0.55665, 44.52514, 80.75277777777778], [-0.55666, 44.52531, 80.75277777777778], [-0.55644, 44.52567, 80.75277777777778], [-0.55607, 44.52588, 80.025]]]}}, {"type": "Feature", "properties": {"id_obligation": "332510000B0684", "priorite": "forte"}, "geometry": {"type": "Polygon", "coordinates": [[[-0.55599, 44.52661, 78.98983193277311], [-0.55572, 44.52677, 77.56], [-0.55536, 44.5268, 77.56], [-0.55499, 44.52666, 78.98983193277311], [-0.5548, 44.52644, 78.98983193277311], [-0.55475, 44.52626, 78.98983193277311], [-0.55494, 44.52575, 78.8], [-0.55506, 44.5256, 78.8], [-0.55525, 44.52549, 78.8], [-0.55554, 44.52544, 79.2], [-0.55589, 44.5255, 79.9], [-0.5561, 44.52559, 79.9], [-0.55626, 44.52572, 79.9], [-0.55633, 44.5259, 79.66470588235293], [-0.55632, 44.526, 79.5], [-0.55626, 44.52596, 79.5], [-0.5562, 44.52608, 79.5], [-0.55627, 44.5261, 79.5], [-0.55599, 44.52661, 78.98983193277311]]]}}, {"type": "Feature", "properties": {"id_obligation": "332510000B0767", "priorite": "forte"}, "geometry": {"type": "Polygon", "coordinates": [[[-0.55028, 44.5193, 74.9], [-0.55016, 44.51939, 75.4], [-0.55021, 44.51945, 75.4], [-0.55036, 44.51939, 75.4], [-0.55029, 44.5193, 74.9], [-0.55039, 44.51938, 75.6], [-0.55056, 44.5197, 75.6], [-0.55044, 44.51998, 74.95714285714284], [-0.55005, 44.52018, 74.95714285714284], [-0.54976, 44.52023, 74.7], [-0.54952, 44.52019, 74.7], [-0.54933, 44.52009, 74.7], [-0.5492, 44.51996, 75.0547619047619], [-0.54886, 44.51984, 75.0547619047619], [-0.5487, 44.51971, 74.8], [-0.54863, 44.51954, 74.8], [-0.54865, 44.51936, 75.0547619047619], [-0.54876, 44.51917, 75.0547619047619], [-0.54898, 44.51902, 75.0547619047619], [-0.54921, 44.51897, 75.0547619047619], [-0.54945, 44.51898, 75.0547619047619], [-0.55028, 44.5193, 74.9]]]}}, {"type": "Feature", "properties": {"id_obligation": "332510000B0773", "priorite": "forte"}, "geometry": {"type": "Polygon", "coordinates": [[[-0.5516, 44.52002, 75.28020833333333], [-0.55131, 44.52021, 75.28020833333333], [-0.55108, 44.52028, 75.28020833333333], [-0.55077, 44.52027, 75.28020833333333], [-0.55055, 44.52018, 74.89999999999999], [-0.55034, 44.52001, 74.9], [-0.55025, 44.51965, 75.28020833333333], [-0.55028, 44.51947, 75.28020833333333], [-0.55044, 44.51928, 75.39999999999999], [-0.55075, 44.51912, 75.1], [-0.55083, 44.51909, 75.1], [-0.55084, 44.51914, 75.1], [-0.55093, 44.51913, 75.1], [-0.55098, 44.51907, 75.1], [-0.5513, 44.5191, 75.3], [-0.55155, 44.51921, 75.3], [-0.55172, 44.51941, 75.3], [-0.55176, 44.51958, 75.3], [-0.5516, 44.52002, 75.28020833333333]]]}}, {"type": "Feature", "properties": {"id_obligation": "332510000B0774", "priorite": "forte"}, "geometry": {"type": "Polygon", "coordinates": [[[-0.54954, 44.52002, 74.7], [-0.54959, 44.51984, 75.9], [-0.54972, 44.5197, 75.9], [-0.55005, 44.51952, 75.32900432900433], [-0.55029, 44.51949, 75.32900432900433], [-0.55052, 44.51952, 75.32900432900433], [-0.55073, 44.51961, 75.4], [-0.55093, 44.51979, 75.4], [-0.55099, 44.51999, 75.4], [-0.55092, 44.5202, 75.32900432900433], [-0.55077, 44.52034, 75.32900432900433], [-0.55048, 44.52049, 75.42857142857143], [-0.55024, 44.52052, 75.42857142857143], [-0.55, 44.52049, 75.32900432900433], [-0.5498, 44.52039, 75.32900432900433], [-0.54962, 44.52023, 75.32900432900433], [-0.54954, 44.52002, 74.7]]]}}, {"type": "Feature", "properties": {"id_obligation": "332510000B0776", "priorite": "forte"}, "geometry": {"type": "Polygon", "coordinates": [[[-0.55003, 44.51981, 74.9], [-0.55031, 44.51973, 74.95], [-0.55056, 44.51973, 74.95], [-0.55089, 44.51985, 75.08888888888889], [-0.55106, 44.51998, 75.08888888888889], [-0.55114, 44.52015, 75.08888888888889], [-0.55113, 44.52032, 75.08888888888889], [-0.55099, 44.52052, 75.08888888888889], [-0.55081, 44.52064, 75.08888888888889], [-0.55052, 44.5207, 75.08888888888889], [-0.55028, 44.52067, 75.08888888888889], [-0.55, 44.52057, 75.08888888888889], [-0.54984, 44.52044, 75.08888888888889], [-0.54975, 44.52027, 75.08888888888889], [-0.54977, 44.5201, 75.08888888888889], [-0.54987, 44.51994, 74.9], [-0.55003, 44.51981, 74.9]]]}}, {"type": "Feature", "properties": {"id_obligation": "332510000B0991", "priorite": "très forte"}, "geometry": {"type": "Polygon", "coordinates": [[[-0.53302, 44.52065, 74.73529411764709], [-0.53286, 44.52083, 74.73529411764709], [-0.53266, 44.52093, 74.73529411764709], [-0.53241, 44.52096, 74.73529411764709], [-0.5321, 44.52091, 74.73529411764709], [-0.5319, 44.52082, 74.73529411764709], [-0.53176, 44.52067, 74.73529411764709], [-0.53171, 44.5205, 74.73529411764709], [-0.53177, 44.52026, 74.73529411764709], [-0.5319, 44.52008, 74.73529411764709], [-0.53214, 44.51995, 74.73529411764709], [-0.53238, 44.51991, 74.73529411764709], [-0.5327, 44.51995, 74.73529411764709], [-0.53295, 44.52008, 74.73529411764709], [-0.53308, 44.52028, 74.73529411764709], [-0.53302, 44.52065, 74.73529411764709]]]}}, {"type": "Feature", "properties": {"id_obligation": "332510000B1188", "priorite": "forte"}, "geometry": {"type": "Polygon", "coordinates": [[[-0.57061, 44.52782, 76.604], [-0.57084, 44.52802, 77.0], [-0.57089, 44.52833, 76.604], [-0.57072, 44.52856, 76.604], [-0.57045, 44.52868, 76.604], [-0.57015, 44.5287, 76.604], [-0.56982, 44.5286, 76.604], [-0.56952, 44.52858, 76.604], [-0.56931, 44.52849, 76.604], [-0.56916, 44.52835, 76.604], [-0.5691, 44.52818, 76.604], [-0.56914, 44.52795, 76.604], [-0.56927, 44.5278, 76.604], [-0.56947, 44.52769, 76.604], [-0.56971, 44.52765, 76.604], [-0.57061, 44.52782, 76.604]]]}}, {"type": "Feature", "properties": {"id_obligation": "332510000B1198", "priorite": "forte"}, "geometry": {"type": "Polygon", "coordinates": [[[-0.55513, 44.51635, 76.56], [-0.55498, 44.51616, 75.3], [-0.55495, 44.51603, 75.3], [-0.55505, 44.51572, 76.56], [-0.55519, 44.51558, 76.56], [-0.55545, 44.51547, 74.4], [-0.55569, 44.51545, 74.4], [-0.55595, 44.5155, 76.56], [-0.55619, 44.51564, 76.56], [-0.5563, 44.5158, 76.56], [-0.55632, 44.51597, 76.56], [-0.55623, 44.51623, 80.2], [-0.55609, 44.51637, 80.2], [-0.55589, 44.51646, 80.2], [-0.55577, 44.51649, 76.2], [-0.55578, 44.51645, 76.2], [-0.55572, 44.51644, 76.2], [-0.55571, 44.51649, 76.2], [-0.55565, 44.5165, 77.2], [-0.5554, 44.51647, 77.2], [-0.55513, 44.51635, 76.56]]]}}, {"type": "Feature", "properties": {"id_obligation": "332510000B1200", "priorite": "forte"}, "geometry": {"type": "Polygon", "coordinates": [[[-0.55578, 44.51646, 76.2], [-0.55572, 44.51644, 76.2], [-0.55572, 44.51647, 76.2], [-0.55544, 44.51647, 78.01818181818183], [-0.55515, 44.51639, 75.82033492822967], [-0.55495, 44.51623, 75.3], [-0.55488, 44.51606, 75.3], [-0.55493, 44.51607, 75.3], [-0.555, 44.51595, 75.3], [-0.5549, 44.51592, 75.3], [-0.55496, 44.51574, 75.82033492822967], [-0.55507, 44.51558, 75.82033492822967], [-0.55527, 44.51547, 75.82033492822967], [-0.55557, 44.51542, 74.4], [-0.55592, 44.51547, 75.82033492822967], [-0.55613, 44.51555, 75.82033492822967], [-0.55628, 44.51568, 75.82033492822967], [-0.55635, 44.51589, 75.82033492822967], [-0.55631, 44.51609, 75.82033492822967], [-0.5562, 44.51625, 75.82033492822967], [-0.55578, 44.51646, 76.2]]]}}, {"type": "Feature", "properties": {"id_obligation": "332510000B1203", "priorite": "forte"}, "geometry": {"type": "Polygon", "coordinates": [[[-0.55546, 44.51728, 75.78030303030303], [-0.5555, 44.51749, 75.78030303030303], [-0.55537, 44.51774, 75.78030303030303], [-0.55508, 44.5179, 75.78030303030303], [-0.55483, 44.51793, 75.78030303030303], [-0.55442, 44.51786, 75.78030303030303], [-0.55392, 44.51762, 75.78030303030303], [-0.55376, 44.51744, 75.78030303030303], [-0.55374, 44.51722, 75.78030303030303], [-0.55385, 44.51698, 75.78030303030303], [-0.554, 44.51685, 75.78030303030303], [-0.5542, 44.51676, 75.78030303030303], [-0.55444, 44.51673, 75.42727272727272], [-0.55468, 44.51677, 75.42727272727272], [-0.55525, 44.51707, 75.78030303030303], [-0.55546, 44.51728, 75.78030303030303]]]}}, {"type": "Feature", "properties": {"id_obligation": "332510000B1204", "priorite": "moyenne"}, "geometry": {"type": "MultiPolygon", "coordinates": [[[[-0.55469, 44.51738, 78.7], [-0.55467, 44.51745, 75.2], [-0.55479, 44.51747, 77.2], [-0.55459, 44.51751, 76.4], [-0.55434, 44.51749, 74.8], [-0.55398, 44.51736, 74.8], [-0.5538, 44.51718, 74.8], [-0.55375, 44.51701, 75.46666666666667], [-0.55383, 44.51676, 75.17019171304885], [-0.554, 44.51654, 75.17019171304885], [-0.55425, 44.51641, 75.17019171304885], [-0.55464, 44.51638, 75.5], [-0.55454, 44.51651, 75.5], [-0.55479, 44.51655, 75.4], [-0.55483, 44.51647, 75.5], [-0.55474, 44.51641, 75.5], [-0.55489, 44.51645, 75.48181818181818], [-0.55523, 44.51645, 75.39285714285714], [-0.55546, 44.51652, 75.5], [-0.55537, 44.51651, 75.5], [-0.55535, 44.51665, 75.5], [-0.55547, 44.51666, 75.5], [-0.55553, 44.51655, 74.9], [-0.55572, 44.51672, 73.6], [-0.55577, 44.51697, 73.6], [-0.5556, 44.51724, 75.17019171304885], [-0.55535, 44.51737, 75.17019171304885], [-0.55496, 44.51738, 76.4], [-0.55488, 44.51743, 76.4], [-0.55469, 44.51738, 78.7]]], [[[-0.55549, 44.51655, 75.5], [-0.55549, 44.51654, 75.5], [-0.55553, 44.51655, 74.93641785083177], [-0.55549, 44.51655, 75.5]]]]}}, {"type": "Feature", "properties": {"id_obligation": "332510000B1217", "priorite": "forte"}, "geometry": {"type": "Polygon", "coordinates": [[[-0.56677, 44.52894, 76.64285714285714], [-0.56646, 44.52892, 76.64285714285714], [-0.56624, 44.52884, 76.64285714285714], [-0.56608, 44.52869, 76.64285714285714], [-0.56602, 44.52852, 76.64285714285714], [-0.56607, 44.52822, 76.89999999999999], [-0.56619, 44.52807, 76.89999999999999], [-0.56638, 44.52797, 76.89999999999999], [-0.56662, 44.52792, 76.64285714285714], [-0.56697, 44.52795, 76.64285714285714], [-0.56722, 44.52806, 76.64285714285714], [-0.56736, 44.5282, 76.64285714285714], [-0.56741, 44.52837, 76.64285714285714], [-0.56734, 44.52863, 76.64285714285714], [-0.56721, 44.52879, 76.64285714285714], [-0.56701, 44.52889, 76.64285714285714], [-0.56677, 44.52894, 76.64285714285714]]]}}, {"type": "Feature", "properties": {"id_obligation": "332510000B1221", "priorite": "moyenne"}, "geometry": {"type": "Polygon", "coordinates": [[[-0.56714, 44.52371, 77.68792156862744], [-0.56725, 44.52392, 77.14666666666668], [-0.56719, 44.52415, 77.77333333333333], [-0.56717, 44.52419, 76.8], [-0.56712, 44.52418, 76.8], [-0.56711, 44.52427, 77.1], [-0.56703, 44.52434, 77.77333333333333], [-0.56681, 44.52444, 77.77333333333333], [-0.5665, 44.52446, 77.68792156862744], [-0.56607, 44.52435, 77.68792156862744], [-0.56588, 44.52424, 77.68792156862744], [-0.56576, 44.52409, 77.68792156862744], [-0.56573, 44.52392, 77.68792156862744], [-0.56583, 44.52368, 77.0], [-0.56598, 44.52354, 77.0], [-0.56619, 44.52344, 77.0], [-0.56644, 44.52342, 78.16666666666667], [-0.56674, 44.52348, 77.68792156862744], [-0.56714, 44.52371, 77.68792156862744]]]}}, {"type": "Feature", "properties": {"id_obligation": "332510000B1229", "priorite": "moyenne"}, "geometry": {"type": "Polygon", "coordinates": [[[-0.56436, 44.52831, 75.8], [-0.56418, 44.52819, 75.8], [-0.56407, 44.52803, 75.8], [-0.56405, 44.52774, 77.2], [-0.56416, 44.52754, 77.4929365079365], [-0.56434, 44.52742, 77.4929365079365], [-0.56459, 44.52739, 77.3], [-0.56459, 44.52736, 77.3], [-0.56489, 44.52735, 77.3], [-0.56517, 44.52744, 76.74444444444445], [-0.56516, 44.52749, 76.3], [-0.56533, 44.52757, 76.74444444444445], [-0.56542, 44.52773, 76.9], [-0.56543, 44.52797, 76.9], [-0.5654, 44.52806, 80.5], [-0.5653, 44.52806, 80.5], [-0.56531, 44.52812, 80.5], [-0.56536, 44.52812, 80.5], [-0.56519, 44.52827, 80.38], [-0.56497, 44.52835, 78.71101920356485], [-0.56499, 44.52813, 79.3], [-0.56489, 44.52812, 79.3], [-0.56488, 44.52833, 79.3], [-0.56493, 44.52835, 78.5], [-0.56466, 44.52837, 78.43333333333334], [-0.56436, 44.52831, 75.8]]]}}, {"type": "Feature", "properties": {"id_obligation": "332510000B1230", "priorite": "forte"}, "geometry": {"type": "Polygon", "coordinates": [[[-0.56551, 44.52896, -183.25581303228364], [-0.56523, 44.52919, -183.25581303228364], [-0.56496, 44.52925, -1000.0], [-0.5646, 44.52923, 77.11111111111113], [-0.56438, 44.52915, 77.11111111111113], [-0.56422, 44.52902, 77.11111111111113], [-0.56413, 44.52872, -1000.0], [-0.56426, 44.52847, -1000.0], [-0.56427, 44.52805, -183.25581303228364], [-0.56436, 44.52789, -183.25581303228364], [-0.56458, 44.52773, 77.27272727272725], [-0.56481, 44.52768, 77.27272727272725], [-0.56503, 44.52768, 77.27272727272725], [-0.56541, 44.5278, 80.5], [-0.5656, 44.52802, 80.5], [-0.5656, 44.52842, -183.25581303228364], [-0.56551, 44.52896, -183.25581303228364]]]}}, {"type": "Feature", "properties": {"id_obligation": "332510000B1239", "priorite": "forte"}, "geometry": {"type": "Polygon", "coordinates": [[[-0.5653, 44.52898, -1000.0], [-0.56532, 44.52928, -1000.0], [-0.56524, 44.52945, -1000.0], [-0.56503, 44.52961, -1000.0], [-0.56473, 44.52968, 78.79999999999998], [-0.5644, 44.52965, 78.79999999999998], [-0.56419, 44.52956, -304.12], [-0.56386, 44.52931, 77.0], [-0.56378, 44.5291, 77.0], [-0.56381, 44.52886, -820.5], [-0.56392, 44.5287, -820.5], [-0.56408, 44.52859, -1000.0], [-0.56435, 44.52853, 77.4], [-0.56471, 44.52855, 77.4], [-0.56492, 44.52863, 77.34], [-0.56515, 44.52879, 77.34], [-0.5653, 44.52898, -1000.0]]]}}, {"type": "Feature", "properties": {"id_obligation": "332510000B1246", "priorite": "moyenne"}, "geometry": {"type": "Polygon", "coordinates": [[[-0.56508, 44.52687, 77.0125], [-0.5651, 44.52704, 77.0125], [-0.56499, 44.52728, -137.84899758454108], [-0.56483, 44.52741, -137.84899758454108], [-0.5646, 44.52749, 77.32222222222222], [-0.56435, 44.5275, 77.32222222222222], [-0.56402, 44.52742, -137.84899758454108], [-0.56384, 44.5273, -137.84899758454108], [-0.56374, 44.52714, -137.84899758454108], [-0.56373, 44.52691, -137.84899758454108], [-0.56383, 44.5267, -137.84899758454108], [-0.564, 44.52657, -137.84899758454108], [-0.56423, 44.5265, 77.93333333333332], [-0.56448, 44.5265, 77.93333333333332], [-0.56479, 44.52658, -1000.0], [-0.56497, 44.52671, -1000.0], [-0.56508, 44.52687, 77.0125]]]}}, {"type": "Feature", "properties": {"id_obligation": "332510000B1251", "priorite": "moyenne"}, "geometry": {"type": "Polygon", "coordinates": [[[-0.56515, 44.5276, 76.6], [-0.56489, 44.52779, 76.6], [-0.56447, 44.52786, 78.0], [-0.56413, 44.52778, 56.76040493183349], [-0.56392, 44.52763, 56.76040493183349], [-0.56382, 44.52737, 56.76040493183349], [-0.56383, 44.52699, 78.3], [-0.56394, 44.52676, 78.3], [-0.56416, 44.5266, 78.3], [-0.56439, 44.52655, -67.43243243243248], [-0.56464, 44.52656, -67.43243243243248], [-0.56493, 44.52663, 76.91111111111111], [-0.56511, 44.52675, 76.91111111111111], [-0.56525, 44.52695, 76.91111111111111], [-0.56528, 44.52712, 77.37272727272727], [-0.56515, 44.5276, 76.6]]]}}, {"type": "Feature", "properties": {"id_obligation": "332510000B1259", "priorite": "forte"}, "geometry": {"type": "Polygon", "coordinates": [[[-0.56174, 44.52775, 77.8], [-0.56212, 44.52776, 77.8], [-0.56248, 44.52791, -27.894949494949497], [-0.56267, 44.52814, -27.894949494949497], [-0.56265, 44.52838, 81.0], [-0.56242, 44.52865, -99.16666666666667], [-0.56228, 44.52892, -27.894949494949497], [-0.56212, 44.52906, 78.6], [-0.56184, 44.52915, 78.6], [-0.56153, 44.52913, -27.894949494949497], [-0.56126, 44.52903, -27.894949494949497], [-0.56109, 44.5289, -27.894949494949497], [-0.56101, 44.52874, -27.894949494949497], [-0.56115, 44.52819, 77.2], [-0.56147, 44.52785, 77.2], [-0.56174, 44.52775, 77.8]]]}}, {"type": "Feature", "properties": {"id_obligation": "332510000B1260", "priorite": "forte"}, "geometry": {"type": "Polygon", "coordinates": [[[-0.56084, 44.52833, -185.8076636904762], [-0.56078, 44.52812, -185.8076636904762], [-0.56087, 44.52791, -185.8076636904762], [-0.56109, 44.52771, -185.8076636904762], [-0.56131, 44.52763, -185.8076636904762], [-0.56162, 44.52763, -185.8076636904762], [-0.56198, 44.52776, -185.8076636904762], [-0.56216, 44.52788, -185.8076636904762], [-0.56227, 44.52804, -101.10833333333335], [-0.56228, 44.52821, -101.10833333333335], [-0.5622, 44.52838, -797.59375], [-0.56209, 44.5285, -1000.0], [-0.56204, 44.52847, -1000.0], [-0.56197, 44.52859, -797.59375], [-0.56177, 44.52866, 78.6], [-0.56169, 44.52859, 78.6], [-0.56165, 44.52867, 78.6], [-0.5615, 44.52867, 78.30000000000001], [-0.56103, 44.5285, -185.8076636904762], [-0.56084, 44.52833, -185.8076636904762]]]}}, {"type": "Feature", "properties": {"id_obligation": "332510000B1270", "priorite": "forte"}, "geometry": {"type": "Polygon", "coordinates": [[[-0.56233, 44.52797, 79.0], [-0.56263, 44.52792, 82.4], [-0.56292, 44.52797, 82.4], [-0.56324, 44.52813, 82.4], [-0.56337, 44.52833, 77.1], [-0.56337, 44.5285, 77.1], [-0.5632, 44.52876, 77.1], [-0.56314, 44.52875, 77.1], [-0.5632, 44.52864, 77.1], [-0.56311, 44.52861, 77.1], [-0.56302, 44.52879, 77.1], [-0.56315, 44.52882, 77.1], [-0.56304, 44.52891, 76.87272727272726], [-0.56297, 44.52894, 76.4], [-0.5629, 44.5289, 76.4], [-0.56289, 44.52893, 76.4], [-0.56296, 44.52895, 76.4], [-0.56276, 44.529, 77.0875], [-0.56251, 44.529, 77.0875], [-0.56222, 44.52891, -55.48830492424243], [-0.56203, 44.52879, -55.48830492424243], [-0.56192, 44.52864, -1000.0], [-0.56189, 44.52847, -1000.0], [-0.56211, 44.52812, 79.0], [-0.56233, 44.52797, 79.0]]]}}, {"type": "Feature", "properties": {"id_obligation": "332510000B1271", "priorite": "forte"}, "geometry": {"type": "Polygon", "coordinates": [[[-0.56214, 44.52848, -1000.0], [-0.56206, 44.52826, -1000.0], [-0.56212, 44.52808, -100.39166666666665], [-0.56235, 44.5278, -100.39166666666665], [-0.5626, 44.52768, -100.39166666666665], [-0.56284, 44.52765, -100.39166666666665], [-0.56308, 44.52769, 78.0], [-0.56336, 44.5278, 78.0], [-0.56336, 44.5279, 78.0], [-0.56351, 44.52794, 78.0], [-0.56358, 44.52816, -100.39166666666665], [-0.56352, 44.52833, -100.39166666666665], [-0.5633, 44.5286, 76.95], [-0.56318, 44.52868, 77.1], [-0.5632, 44.52864, 77.1], [-0.56311, 44.52861, 77.1], [-0.56305, 44.52873, 77.1], [-0.56287, 44.52876, 79.7], [-0.56263, 44.52874, 79.7], [-0.56235, 44.52864, 81.0], [-0.56214, 44.52848, -1000.0]]]}}, {"type": "Feature", "properties": {"id_obligation": "332510000B1274", "priorite": "forte"}, "geometry": {"type": "Polygon", "coordinates": [[[-0.56258, 44.52914, 11.158915232759773], [-0.56264, 44.52936, 79.0125], [-0.56251, 44.52961, 79.0125], [-0.5623, 44.52978, 79.0125], [-0.56207, 44.52985, 80.91428571428571], [-0.56176, 44.52983, 80.91428571428571], [-0.5614, 44.5297, 11.158915232759773], [-0.56122, 44.52957, 11.158915232759773], [-0.56114, 44.5294, 11.158915232759773], [-0.56116, 44.52918, 78.6], [-0.56132, 44.52898, 78.6], [-0.56153, 44.52885, 78.6], [-0.56136, 44.52863, 77.14444444444445], [-0.56137, 44.52842, 77.14444444444445], [-0.56154, 44.5282, 77.2], [-0.5616, 44.52822, 77.2], [-0.56166, 44.52815, 77.2], [-0.56162, 44.52813, 77.2], [-0.56173, 44.52808, -397.15882352941173], [-0.56197, 44.52802, -397.15882352941173], [-0.56222, 44.52804, 81.0], [-0.56249, 44.52815, 81.0], [-0.56264, 44.52828, 81.0], [-0.5627, 44.5284, 81.0], [-0.56263, 44.52837, 81.0], [-0.56252, 44.52851, 81.0], [-0.56264, 44.52856, 81.0], [-0.56272, 44.52846, 81.0], [-0.56271, 44.52858, 81.0], [-0.56255, 44.52881, 11.158915232759773], [-0.56235, 44.52895, 11.158915232759773], [-0.56258, 44.52914, 11.158915232759773]]]}}, {"type": "Feature", "properties": {"id_obligation": "332510000B1280", "priorite": "forte"}, "geometry": {"type": "Polygon", "coordinates": [[[-0.57026, 44.52774, 76.28465909090909], [-0.57042, 44.52787, 76.28465909090909], [-0.5705, 44.52803, 76.38181818181818], [-0.57048, 44.52828, 76.28465909090909], [-0.57033, 44.52848, 76.28465909090909], [-0.57013, 44.52858, 76.28465909090909], [-0.56989, 44.52862, 76.28465909090909], [-0.56961, 44.5286, 76.28465909090909], [-0.56938, 44.52853, 76.28465909090909], [-0.5692, 44.52835, 76.28465909090909], [-0.56914, 44.52818, 76.28465909090909], [-0.56918, 44.52795, 76.28465909090909], [-0.56929, 44.5278, 76.28465909090909], [-0.56948, 44.52769, 76.28465909090909], [-0.56971, 44.52764, 76.28465909090909], [-0.56999, 44.52765, 76.28465909090909], [-0.57026, 44.52774, 76.28465909090909]]]}}, {"type": "Feature", "properties": {"id_obligation": "332510000B1282", "priorite": "forte"}, "geometry": {"type": "Polygon", "coordinates": [[[-0.56973, 44.52796, 76.28465909090909], [-0.5699, 44.52783, 76.28465909090909], [-0.57012, 44.52776, 76.28465909090909], [-0.57048, 44.52775, 76.28465909090909], [-0.57076, 44.52783, 76.28465909090909], [-0.57092, 44.52796, 76.28465909090909], [-0.57101, 44.52812, 76.28465909090909], [-0.57101, 44.52831, 76.28465909090909], [-0.5709, 44.52851, 76.28465909090909], [-0.57072, 44.52863, 76.28465909090909], [-0.57049, 44.5287, 76.28465909090909], [-0.57019, 44.5287, 76.28465909090909], [-0.56995, 44.52864, 76.28465909090909], [-0.56976, 44.52852, 76.28465909090909], [-0.56966, 44.52835, 76.1875], [-0.56964, 44.52817, 76.1875], [-0.56973, 44.52796, 76.28465909090909]]]}}, {"type": "Feature", "properties": {"id_obligation": "332510000B1287", "priorite": "forte"}, "geometry": {"type": "Polygon", "coordinates": [[[-0.56672, 44.52791, 77.93611111111112], [-0.56678, 44.52813, 77.93611111111112], [-0.5667, 44.52837, 76.4], [-0.56647, 44.52854, 76.39999999999999], [-0.56612, 44.52861, 77.93611111111112], [-0.56555, 44.52854, 77.93611111111112], [-0.56532, 44.52848, 77.93611111111112], [-0.56511, 44.52832, 77.93611111111112], [-0.56504, 44.52816, 80.5], [-0.56506, 44.52789, 80.5], [-0.56524, 44.52752, 76.74444444444445], [-0.5653, 44.52752, 77.2], [-0.56532, 44.52745, 77.2], [-0.56545, 44.52737, 76.74444444444445], [-0.56574, 44.5273, 77.93611111111112], [-0.56608, 44.52734, 77.93611111111112], [-0.56632, 44.52748, 77.93611111111112], [-0.56651, 44.52774, 77.93611111111112], [-0.56672, 44.52791, 77.93611111111112]]]}}, {"type": "Feature", "properties": {"id_obligation": "332510000B1289", "priorite": "moyenne"}, "geometry": {"type": "Polygon", "coordinates": [[[-0.55803, 44.52549, 78.9], [-0.55786, 44.52569, 78.9], [-0.5576, 44.52581, 78.9], [-0.55735, 44.52583, 78.9], [-0.55703, 44.52575, 78.79285714285714], [-0.5568, 44.52559, 78.79285714285714], [-0.55668, 44.52544, 78.79285714285714], [-0.55665, 44.52527, 78.79285714285714], [-0.55675, 44.52504, 78.79285714285714], [-0.5569, 44.5249, 78.79285714285714], [-0.55711, 44.52481, 78.79285714285714], [-0.55736, 44.52479, 78.79285714285714], [-0.5576, 44.52483, 78.79285714285714], [-0.5579, 44.52497, 78.79285714285714], [-0.55803, 44.52512, 78.1], [-0.55807, 44.52532, 78.1], [-0.55803, 44.52549, 78.9]]]}}, {"type": "Feature", "properties": {"id_obligation": "332510000B1290", "priorite": "moyenne"}, "geometry": {"type": "Polygon", "coordinates": [[[-0.55795, 44.52592, 79.01111111111112], [-0.55765, 44.52596, 79.01111111111112], [-0.55726, 44.52587, 79.10000000000001], [-0.55699, 44.52568, 79.10000000000001], [-0.5569, 44.52551, 79.34444444444443], [-0.55694, 44.52529, 79.34444444444443], [-0.5571, 44.52509, 79.01111111111112], [-0.55743, 44.52488, 79.01111111111112], [-0.55766, 44.52481, 79.01111111111112], [-0.55792, 44.52481, 79.01111111111112], [-0.55825, 44.52492, 79.01111111111112], [-0.55842, 44.52504, 79.01111111111112], [-0.55851, 44.5252, 79.01111111111112], [-0.55851, 44.52537, 79.01111111111112], [-0.5584, 44.52557, 79.01111111111112], [-0.55822, 44.52575, 79.01111111111112], [-0.55795, 44.52592, 79.01111111111112]]]}}, {"type": "Feature", "properties": {"id_obligation": "332510000B1294", "priorite": "très forte"}, "geometry": {"type": "Polygon", "coordinates": [[[-0.57199, 44.53065, 74.36957013574661], [-0.57171, 44.53076, 74.36957013574661], [-0.57147, 44.53076, 74.36957013574661], [-0.5711, 44.53067, 74.36957013574661], [-0.57083, 44.53045, 74.36957013574661], [-0.57073, 44.53029, 73.9], [-0.57073, 44.53008, 73.9], [-0.57086, 44.52984, 74.47058823529412], [-0.57105, 44.52972, 74.47058823529412], [-0.57135, 44.52966, 74.30769230769232], [-0.57142, 44.52966, 74.2], [-0.57151, 44.52977, 74.2], [-0.57159, 44.52973, 74.2], [-0.57153, 44.52967, 74.2], [-0.57202, 44.52979, 74.36957013574661], [-0.57219, 44.52992, 74.36957013574661], [-0.57228, 44.53009, 74.36957013574661], [-0.57227, 44.53027, 74.36957013574661], [-0.57214, 44.53051, 74.36957013574661], [-0.57199, 44.53065, 74.36957013574661]]]}}, {"type": "Feature", "properties": {"id_obligation": "332510000B1299", "priorite": "forte"}, "geometry": {"type": "Polygon", "coordinates": [[[-0.55854, 44.52661, 79.10408029878619], [-0.55833, 44.52684, 79.10408029878619], [-0.55806, 44.52696, 78.7], [-0.55775, 44.52696, 78.7], [-0.55746, 44.52686, 78.83333333333334], [-0.55729, 44.52673, 78.83333333333334], [-0.55712, 44.52632, 79.10408029878619], [-0.55713, 44.52615, 79.14000000000001], [-0.55726, 44.52593, 79.14000000000001], [-0.55744, 44.52581, 79.14000000000001], [-0.55768, 44.52574, 79.51428571428572], [-0.55793, 44.52575, 79.51428571428572], [-0.55827, 44.52586, 79.10408029878619], [-0.55845, 44.52597, 79.10408029878619], [-0.55855, 44.52613, 79.21333333333334], [-0.55859, 44.52639, 79.21333333333334], [-0.55854, 44.52661, 79.10408029878619]]]}}, {"type": "Feature", "properties": {"id_obligation": "332510000B1300", "priorite": "forte"}, "geometry": {"type": "Polygon", "coordinates": [[[-0.55759, 44.52656, 79.34], [-0.55735, 44.52654, 79.34], [-0.55703, 44.52643, 79.25287878787879], [-0.55684, 44.52627, 79.25287878787879], [-0.55677, 44.5261, 79.15000000000002], [-0.5568, 44.52593, 79.15000000000002], [-0.55692, 44.52574, 79.10000000000001], [-0.55715, 44.52559, 79.10000000000001], [-0.55746, 44.52554, 79.25287878787879], [-0.55775, 44.52559, 79.25287878787879], [-0.55801, 44.52568, 79.25287878787879], [-0.55821, 44.52585, 79.25287878787879], [-0.55827, 44.52606, 79.3], [-0.55821, 44.52624, 79.3], [-0.55793, 44.52647, 78.7], [-0.55796, 44.52643, 78.7], [-0.5579, 44.52641, 78.7], [-0.55783, 44.52652, 79.34], [-0.55759, 44.52656, 79.34]]]}}, {"type": "Feature", "properties": {"id_obligation": "332510000B1301", "priorite": "forte"}, "geometry": {"type": "Polygon", "coordinates": [[[-0.55116, 44.51955, 75.9], [-0.55104, 44.51952, 75.9], [-0.55084, 44.51959, 75.81666666666666], [-0.55024, 44.51944, 75.4], [-0.55036, 44.51939, 75.4], [-0.55028, 44.51929, 74.9], [-0.55016, 44.51939, 75.4], [-0.55019, 44.51942, 75.4], [-0.54991, 44.51934, 75.11428571428571], [-0.54971, 44.51917, 75.6], [-0.54964, 44.51898, 75.6], [-0.54966, 44.51881, 75.4568253968254], [-0.54978, 44.51862, 75.4568253968254], [-0.55001, 44.51846, 75.4568253968254], [-0.55031, 44.5184, 75.4568253968254], [-0.55075, 44.51842, 75.4568253968254], [-0.5511, 44.51852, 75.4568253968254], [-0.55143, 44.51869, 75.4568253968254], [-0.55159, 44.51888, 75.10000000000001], [-0.55161, 44.51915, 75.10000000000001], [-0.55144, 44.51939, 75.9], [-0.55116, 44.51955, 75.9]]]}}, {"type": "Feature", "properties": {"id_obligation": "332510000B1302", "priorite": "forte"}, "geometry": {"type": "Polygon", "coordinates": [[[-0.5503, 44.51887, 75.6], [-0.55028, 44.51897, 75.6], [-0.55045, 44.51901, 75.6], [-0.5505, 44.51889, 75.6], [-0.55064, 44.51894, 75.1], [-0.55082, 44.51906, 75.1], [-0.55097, 44.51929, 75.9], [-0.55097, 44.5195, 75.9], [-0.55086, 44.51966, 75.89999999999999], [-0.55068, 44.51977, 75.89999999999999], [-0.55036, 44.51989, 75.59166666666665], [-0.55012, 44.51989, 75.59166666666665], [-0.54984, 44.51981, 75.9], [-0.54967, 44.51968, 75.9], [-0.54955, 44.5195, 75.59166666666665], [-0.54953, 44.51932, 75.59166666666665], [-0.54962, 44.51916, 75.59166666666665], [-0.54978, 44.51903, 75.59166666666665], [-0.55003, 44.51892, 75.60000000000001], [-0.5503, 44.51887, 75.6]]]}}, {"type": "Feature", "properties": {"id_obligation": "332510000B1305", "priorite": "moyenne"}, "geometry": {"type": "MultiPolygon", "coordinates": [[[[-0.56385, 44.52595, -47.56610144927534], [-0.56414, 44.52597, -47.56610144927534], [-0.56436, 44.52605, -47.56610144927534], [-0.56455, 44.52622, -47.56610144927534], [-0.56461, 44.52639, 78.15], [-0.56455, 44.52669, 77.9], [-0.56446, 44.52668, 77.9], [-0.56444, 44.52673, 77.9], [-0.56451, 44.52675, 77.9], [-0.56447, 44.52681, 80.9], [-0.56441, 44.52681, 80.9], [-0.56441, 44.52679, 78.3], [-0.56429, 44.52678, 78.3], [-0.56427, 44.52691, 78.3], [-0.56434, 44.52691, 78.3], [-0.5642, 44.52698, 78.44782608695651], [-0.5639, 44.52702, -47.56610144927534], [-0.5634, 44.52695, 77.5], [-0.56318, 44.52687, 77.5], [-0.563, 44.5267, 77.5], [-0.56296, 44.52643, 78.5], [-0.56309, 44.52646, 78.5], [-0.56312, 44.5264, 78.5], [-0.56298, 44.52636, 78.5], [-0.56306, 44.52624, -47.56610144927534], [-0.56322, 44.52612, -47.56610144927534], [-0.56385, 44.52595, -47.56610144927534]]]]}}, {"type": "Feature", "properties": {"id_obligation": "332510000B1308", "priorite": "moyenne"}, "geometry": {"type": "Polygon", "coordinates": [[[-0.56512, 44.52759, 77.44539529914529], [-0.56533, 44.52775, 77.44539529914529], [-0.56543, 44.52804, 80.16], [-0.5653, 44.52806, 80.5], [-0.5653, 44.5281, 80.5], [-0.56541, 44.52813, 80.5], [-0.56526, 44.52831, 77.44539529914529], [-0.56507, 44.52842, 77.44539529914529], [-0.56456, 44.52846, 78.36153846153846], [-0.56434, 44.52838, 75.9], [-0.56417, 44.52826, 75.9], [-0.56408, 44.52809, 75.83749999999999], [-0.56409, 44.52788, 77.44539529914529], [-0.56419, 44.52772, 77.44539529914529], [-0.56437, 44.5276, 77.44539529914529], [-0.5646, 44.52754, 77.03333333333333], [-0.56488, 44.52753, 77.03333333333333], [-0.56512, 44.52759, 77.44539529914529]]]}}, {"type": "Feature", "properties": {"id_obligation": "332510000B1321", "priorite": "très forte"}, "geometry": {"type": "Polygon", "coordinates": [[[-0.54955, 44.52048, 76.7], [-0.54968, 44.52067, 77.0], [-0.54968, 44.52084, 77.0], [-0.54956, 44.5211, 76.875], [-0.54934, 44.52126, 76.875], [-0.54911, 44.52131, 76.875], [-0.54886, 44.5213, 76.875], [-0.54856, 44.52122, 76.875], [-0.54838, 44.5211, 76.875], [-0.54828, 44.52093, 76.875], [-0.54828, 44.52075, 76.875], [-0.5484, 44.52052, 76.875], [-0.54855, 44.52038, 76.875], [-0.54877, 44.5203, 76.7], [-0.54902, 44.52029, 76.7], [-0.54931, 44.52035, 76.7], [-0.54955, 44.52048, 76.7]]]}}, {"type": "Feature", "properties": {"id_obligation": "332510000B1336", "priorite": "forte"}, "geometry": {"type": "Polygon", "coordinates": [[[-0.5604, 44.52631, 79.02436868686868], [-0.5606, 44.5264, 79.02436868686868], [-0.56075, 44.52654, 79.02436868686868], [-0.5608, 44.52684, 78.15454545454544], [-0.5606, 44.52714, 78.7], [-0.56039, 44.52729, 78.7], [-0.56011, 44.52737, 77.3], [-0.55982, 44.52734, 77.3], [-0.55944, 44.52738, 79.02436868686868], [-0.55911, 44.52729, 79.02436868686868], [-0.55892, 44.52717, 79.02436868686868], [-0.55882, 44.527, 83.60000000000001], [-0.55881, 44.52682, 83.60000000000001], [-0.55893, 44.5266, 78.39999999999999], [-0.55909, 44.52649, 78.4], [-0.55908, 44.52652, 78.4], [-0.55932, 44.52655, 78.4], [-0.55933, 44.52648, 78.4], [-0.55917, 44.52645, 78.4], [-0.55946, 44.52631, 79.02436868686868], [-0.5604, 44.52631, 79.02436868686868]]]}}, {"type": "Feature", "properties": {"id_obligation": "332510000B1341", "priorite": "moyenne"}, "geometry": {"type": "Polygon", "coordinates": [[[-0.56356, 44.52629, -6.459297052154199], [-0.56368, 44.52644, -520.9555555555556], [-0.56371, 44.52661, -520.9555555555556], [-0.56361, 44.52687, 77.35000000000001], [-0.56345, 44.52701, 77.35000000000001], [-0.56323, 44.5271, 79.7], [-0.56298, 44.52712, 79.7], [-0.56267, 44.52705, 79.7], [-0.56248, 44.52693, 79.7], [-0.56237, 44.52677, 81.03333333333333], [-0.56245, 44.52677, 83.8], [-0.56247, 44.52666, 83.8], [-0.56235, 44.52665, 83.8], [-0.56244, 44.52637, -6.459297052154199], [-0.56263, 44.52621, -6.459297052154199], [-0.56284, 44.52613, 78.5], [-0.56308, 44.52612, 78.5], [-0.56333, 44.52617, -6.459297052154199], [-0.56356, 44.52629, -6.459297052154199]]]}}, {"type": "Feature", "properties": {"id_obligation": "332510000B1343", "priorite": "moyenne"}, "geometry": {"type": "Polygon", "coordinates": [[[-0.56245, 44.52674, 83.8], [-0.56247, 44.52666, 83.8], [-0.56233, 44.52665, 83.8], [-0.5623, 44.52661, 81.57000000000002], [-0.56222, 44.5264, 78.52499999999999], [-0.56223, 44.52635, 78.2], [-0.56239, 44.52638, 78.6], [-0.56243, 44.5263, 78.6], [-0.56227, 44.52625, 78.6], [-0.56233, 44.52612, 77.32000000000001], [-0.56248, 44.52599, 77.32000000000001], [-0.56276, 44.52589, -134.43689255189256], [-0.563, 44.52589, -134.43689255189256], [-0.56342, 44.526, -134.43689255189256], [-0.56361, 44.52611, -134.43689255189256], [-0.56372, 44.52627, -336.7076923076923], [-0.56375, 44.52644, -336.7076923076923], [-0.56365, 44.52667, -1000.0], [-0.56349, 44.52681, -1000.0], [-0.56328, 44.52689, 79.49000000000001], [-0.56303, 44.52691, 79.49000000000001], [-0.5628, 44.52687, 79.7], [-0.5628, 44.52675, 79.7], [-0.56268, 44.52672, 79.7], [-0.56264, 44.52682, 79.7], [-0.56245, 44.52674, 83.8]]]}}, {"type": "Feature", "properties": {"id_obligation": "332510000B1354", "priorite": "forte"}, "geometry": {"type": "Polygon", "coordinates": [[[-0.56616, 44.52775, 78.03333333333332], [-0.56637, 44.52796, 77.58888888888889], [-0.56639, 44.52824, 77.58888888888889], [-0.56623, 44.52848, 78.01188186813185], [-0.56603, 44.52858, 78.01188186813185], [-0.56573, 44.52862, 78.01188186813185], [-0.56515, 44.52856, 78.36153846153846], [-0.56496, 44.52849, 77.9], [-0.56497, 44.52843, 77.9], [-0.56489, 44.52846, 77.9], [-0.56474, 44.52831, 77.3111111111111], [-0.56467, 44.52812, 77.3111111111111], [-0.5647, 44.52792, 78.0], [-0.56481, 44.52791, 78.0], [-0.56479, 44.5278, 78.0], [-0.56483, 44.52776, 77.21538461538462], [-0.5652, 44.52761, 77.21538461538462], [-0.56582, 44.52766, 78.03333333333332], [-0.56616, 44.52775, 78.03333333333332]]]}}, {"type": "Feature", "properties": {"id_obligation": "332510000B1355", "priorite": "forte"}, "geometry": {"type": "Polygon", "coordinates": [[[-0.56818, 44.52828, -13.464420289855067], [-0.56782, 44.5285, -13.464420289855067], [-0.56753, 44.52857, -13.464420289855067], [-0.56713, 44.52854, -13.464420289855067], [-0.56691, 44.52846, -13.464420289855067], [-0.56671, 44.5283, -13.464420289855067], [-0.56665, 44.52813, -13.464420289855067], [-0.56671, 44.52785, -13.464420289855067], [-0.56687, 44.52766, -13.464420289855067], [-0.56708, 44.52757, -13.464420289855067], [-0.5676, 44.52746, 76.3], [-0.56793, 44.52748, 76.3], [-0.56819, 44.52758, 76.3], [-0.56835, 44.52777, 76.3], [-0.56838, 44.52802, -282.45333333333326], [-0.56818, 44.52828, -13.464420289855067]]]}}, {"type": "Feature", "properties": {"id_obligation": "332510000B1361", "priorite": "forte"}, "geometry": {"type": "Polygon", "coordinates": [[[-0.5598, 44.52618, 79.4178888888889], [-0.55994, 44.52637, 79.4178888888889], [-0.55994, 44.52662, 79.4178888888889], [-0.55989, 44.52675, 78.15555555555555], [-0.55982, 44.52682, 78.15555555555555], [-0.55968, 44.52673, 78.2], [-0.55963, 44.52682, 78.2], [-0.55977, 44.52687, 78.2], [-0.55939, 44.527, 83.60000000000001], [-0.55901, 44.52697, 83.60000000000001], [-0.55871, 44.52688, 79.4178888888889], [-0.55854, 44.52675, 79.4178888888889], [-0.55846, 44.52658, 77.51599999999999], [-0.5585, 44.52632, 79.4178888888889], [-0.5586, 44.52617, 79.4178888888889], [-0.55879, 44.52605, 79.4178888888889], [-0.55901, 44.526, 79.4178888888889], [-0.55956, 44.52606, 79.4178888888889], [-0.5598, 44.52618, 79.4178888888889]]]}}, {"type": "Feature", "properties": {"id_obligation": "332510000B1362", "priorite": "forte"}, "geometry": {"type": "Polygon", "coordinates": [[[-0.5595, 44.52672, 78.59592307692307], [-0.55932, 44.52692, 78.59592307692307], [-0.55912, 44.52702, 78.59592307692307], [-0.55888, 44.52706, 78.59592307692307], [-0.55853, 44.527, 78.59592307692307], [-0.55827, 44.52689, 78.59592307692307], [-0.55813, 44.52675, 78.59592307692307], [-0.55806, 44.52658, 79.26], [-0.5581, 44.52641, 79.2], [-0.55822, 44.52624, 79.3], [-0.55838, 44.52635, 79.1], [-0.55845, 44.52627, 79.1], [-0.55832, 44.52619, 79.3], [-0.55832, 44.52614, 79.20769230769231], [-0.55851, 44.52603, 78.59592307692307], [-0.55884, 44.52597, 78.59592307692307], [-0.55914, 44.52601, 78.59592307692307], [-0.55937, 44.52612, 78.59592307692307], [-0.55952, 44.52631, 78.39999999999999], [-0.55955, 44.52654, 78.39999999999999], [-0.5595, 44.52672, 78.59592307692307]]]}}, {"type": "Feature", "properties": {"id_obligation": "332510000B1365", "priorite": "très forte"}, "geometry": {"type": "Polygon", "coordinates": [[[-0.53728, 44.5105, 70.94], [-0.537, 44.5106, 70.94], [-0.53676, 44.5106, 70.94], [-0.53646, 44.51051, 70.94], [-0.53629, 44.51039, 70.94], [-0.5362, 44.51023, 70.94], [-0.5362, 44.51005, 70.94], [-0.53631, 44.50984, 70.94], [-0.53648, 44.50972, 70.94], [-0.53675, 44.50964, 70.94], [-0.53699, 44.50965, 70.94], [-0.53727, 44.50974, 70.94], [-0.53744, 44.50986, 70.94], [-0.53752, 44.51002, 70.94], [-0.53752, 44.51019, 70.94], [-0.53744, 44.51037, 70.94], [-0.53728, 44.5105, 70.94]]]}}, {"type": "Feature", "properties": {"id_obligation": "332510000B1369", "priorite": "forte"}, "geometry": {"type": "Polygon", "coordinates": [[[-0.56526, 44.52982, -353.3755555555556], [-0.56504, 44.52997, -353.3755555555556], [-0.5647, 44.53003, -353.3755555555556], [-0.5644, 44.52998, -353.3755555555556], [-0.56421, 44.52988, -353.3755555555556], [-0.56406, 44.52969, -353.3755555555556], [-0.56402, 44.52936, -353.3755555555556], [-0.5641, 44.52915, 77.5], [-0.56424, 44.52901, 77.5], [-0.56446, 44.52892, 76.82222222222224], [-0.56475, 44.5289, 76.82222222222224], [-0.56499, 44.52894, -1000.0], [-0.56528, 44.52915, -1000.0], [-0.56536, 44.52957, -1000.0], [-0.56526, 44.52982, -353.3755555555556]]]}}, {"type": "Feature", "properties": {"id_obligation": "332510000B1393", "priorite": "forte"}, "geometry": {"type": "Polygon", "coordinates": [[[-0.55282, 44.5182, 74.71000000000001], [-0.55295, 44.51841, 74.71000000000001], [-0.55295, 44.51858, 74.71000000000001], [-0.55286, 44.51873, 74.5], [-0.5527, 44.51886, 74.5], [-0.55236, 44.51899, 74.5], [-0.55205, 44.519, 74.5], [-0.55182, 44.51893, 74.71000000000001], [-0.55165, 44.5188, 74.71000000000001], [-0.55152, 44.51858, 75.17], [-0.55152, 44.51835, 75.17], [-0.55162, 44.51819, 74.71000000000001], [-0.5518, 44.51806, 74.71000000000001], [-0.5521, 44.51796, 74.71000000000001], [-0.55241, 44.51798, 74.71000000000001], [-0.55264, 44.51807, 74.71000000000001], [-0.55282, 44.5182, 74.71000000000001]]]}}, {"type": "Feature", "properties": {"id_obligation": "332510000B1396", "priorite": "forte"}, "geometry": {"type": "Polygon", "coordinates": [[[-0.55279, 44.51956, 74.93219696969697], [-0.55257, 44.51965, 75.0], [-0.55233, 44.51967, 75.0], [-0.55208, 44.51962, 75.3], [-0.55176, 44.51948, 75.3], [-0.5516, 44.51929, 75.3], [-0.55158, 44.51911, 74.93219696969697], [-0.55171, 44.51882, 74.93219696969697], [-0.55205, 44.51846, 74.64545454545454], [-0.55236, 44.51832, 74.64545454545454], [-0.55266, 44.51829, 74.93219696969697], [-0.553, 44.51839, 74.93219696969697], [-0.55327, 44.51869, 74.93219696969697], [-0.55327, 44.51895, 74.93219696969697], [-0.55279, 44.51956, 74.93219696969697]]]}}, {"type": "Feature", "properties": {"id_obligation": "332510000B1398", "priorite": "forte"}, "geometry": {"type": "Polygon", "coordinates": [[[-0.55094, 44.51966, 75.9], [-0.55113, 44.51957, 75.9], [-0.55109, 44.51952, 75.9], [-0.5509, 44.5196, 75.9], [-0.55087, 44.51951, 75.89999999999999], [-0.5509, 44.5193, 75.89999999999999], [-0.55106, 44.51908, 75.34583333333333], [-0.5513, 44.51894, 75.34583333333333], [-0.55154, 44.5189, 75.34583333333333], [-0.55178, 44.51892, 75.34583333333333], [-0.55204, 44.51902, 75.06666666666666], [-0.55223, 44.51919, 75.06666666666666], [-0.55228, 44.51937, 75.0], [-0.55224, 44.51954, 75.0], [-0.55207, 44.51976, 75.34583333333333], [-0.55189, 44.51987, 75.34583333333333], [-0.55166, 44.51993, 75.34583333333333], [-0.55141, 44.51991, 75.46249999999999], [-0.55116, 44.51983, 75.46249999999999], [-0.55094, 44.51966, 75.9]]]}}, {"type": "Feature", "properties": {"id_obligation": "332510000B1406", "priorite": "forte"}, "geometry": {"type": "Polygon", "coordinates": [[[-0.56482, 44.5287, 77.44166666666666], [-0.56458, 44.52894, 77.44166666666666], [-0.56411, 44.52906, -401.6666666666667], [-0.5637, 44.52896, 78.4], [-0.56341, 44.52875, 78.4], [-0.56329, 44.52853, 1.2554761904761815], [-0.56332, 44.52791, 77.29166666666664], [-0.56343, 44.5277, 77.29166666666664], [-0.56367, 44.52756, 77.29166666666664], [-0.56391, 44.52751, 77.26666666666667], [-0.56428, 44.52755, 77.26666666666667], [-0.56459, 44.52768, 77.30000000000001], [-0.56476, 44.5278, 78.0], [-0.56467, 44.52781, 78.0], [-0.56468, 44.52792, 78.0], [-0.56481, 44.52791, 78.0], [-0.5648, 44.52785, 78.0], [-0.56486, 44.52797, 77.30000000000001], [-0.56487, 44.52816, 1.2554761904761815], [-0.56479, 44.5284, 1.2554761904761815], [-0.56482, 44.5287, 77.44166666666666]]]}}, {"type": "Feature", "properties": {"id_obligation": "332510000B1413", "priorite": "moyenne"}, "geometry": {"type": "Polygon", "coordinates": [[[-0.5629, 44.5282, 82.4], [-0.56295, 44.52815, 82.4], [-0.56281, 44.52812, 82.4], [-0.56275, 44.52799, 82.4], [-0.56276, 44.52775, 78.7949074074074], [-0.56285, 44.52758, 78.7949074074074], [-0.56303, 44.52745, 78.7949074074074], [-0.56333, 44.52738, 77.39999999999999], [-0.56365, 44.52741, 77.39999999999999], [-0.5639, 44.5275, 78.7949074074074], [-0.56415, 44.52766, 78.7949074074074], [-0.56427, 44.52781, 76.77777777777777], [-0.56431, 44.52803, 76.77777777777777], [-0.56421, 44.52824, 76.49999999999999], [-0.56398, 44.52839, 76.49999999999999], [-0.56368, 44.52845, 78.7949074074074], [-0.56343, 44.52843, 78.7949074074074], [-0.5629, 44.5282, 82.4]]]}}, {"type": "Feature", "properties": {"id_obligation": "332510000B1414", "priorite": "forte"}, "geometry": {"type": "Polygon", "coordinates": [[[-0.55698, 44.51734, 76.4425], [-0.55675, 44.51749, 76.4425], [-0.55641, 44.51755, 76.4425], [-0.55605, 44.51748, 76.4425], [-0.55581, 44.51735, 76.4425], [-0.55547, 44.51701, 76.4425], [-0.5554, 44.51673, 76.4425], [-0.5554, 44.51666, 75.5], [-0.55547, 44.51666, 75.5], [-0.55551, 44.51661, 74.9], [-0.55553, 44.51655, 74.9], [-0.55547, 44.51651, 76.52], [-0.55562, 44.51638, 76.52], [-0.55584, 44.5163, 76.52], [-0.55618, 44.51626, 77.0], [-0.55641, 44.5163, 77.0], [-0.55657, 44.51637, 77.0], [-0.55654, 44.51649, 77.0], [-0.55662, 44.5165, 77.0], [-0.55666, 44.51639, 77.0], [-0.55689, 44.51647, 77.0], [-0.55707, 44.51659, 77.0], [-0.55718, 44.51679, 76.4425], [-0.55714, 44.51707, 76.4425], [-0.55698, 44.51734, 76.4425]]]}}, {"type": "Feature", "properties": {"id_obligation": "332510000B1416", "priorite": "forte"}, "geometry": {"type": "Polygon", "coordinates": [[[-0.55246, 44.51829, 74.66000000000001], [-0.55254, 44.5185, 74.66000000000001], [-0.55245, 44.51876, 74.915], [-0.55224, 44.51893, 74.915], [-0.55201, 44.519, 74.915], [-0.55177, 44.519, 74.915], [-0.55127, 44.51886, 74.915], [-0.55105, 44.51872, 74.915], [-0.55093, 44.51854, 74.915], [-0.55091, 44.51836, 74.915], [-0.55101, 44.51816, 74.915], [-0.55118, 44.51803, 74.915], [-0.55153, 44.51792, 74.915], [-0.55177, 44.51792, 74.915], [-0.552, 44.51798, 74.915], [-0.55246, 44.51829, 74.66000000000001]]]}}, {"type": "Feature", "properties": {"id_obligation": "332510000B1425", "priorite": "moyenne"}, "geometry": {"type": "Polygon", "coordinates": [[[-0.56256, 44.52797, 77.02256944444444], [-0.56226, 44.52809, 77.02256944444444], [-0.56203, 44.52811, 77.02256944444444], [-0.56164, 44.52805, 77.02256944444444], [-0.56144, 44.52795, 77.02256944444444], [-0.56131, 44.5278, 77.02256944444444], [-0.56128, 44.52762, 77.02256944444444], [-0.56135, 44.52739, 77.02256944444444], [-0.56149, 44.52725, 77.02256944444444], [-0.56191, 44.52701, 76.60000000000001], [-0.56221, 44.52697, 76.60000000000001], [-0.56256, 44.52703, 77.2125], [-0.56279, 44.52718, 77.2125], [-0.5629, 44.52738, 77.27777777777779], [-0.56287, 44.52761, 77.27777777777779], [-0.56256, 44.52797, 77.02256944444444]]]}}, {"type": "Feature", "properties": {"id_obligation": "332510000B1426", "priorite": "moyenne"}, "geometry": {"type": "Polygon", "coordinates": [[[-0.56215, 44.52763, 76.5], [-0.56211, 44.52757, 76.5], [-0.56192, 44.52758, 76.5], [-0.56191, 44.52763, 76.5], [-0.56179, 44.52759, 76.5], [-0.56151, 44.52737, 78.52234230055659], [-0.56146, 44.52715, 78.52234230055659], [-0.56157, 44.52691, 78.52234230055659], [-0.56173, 44.52677, 78.52234230055659], [-0.56201, 44.52668, 83.8], [-0.56226, 44.52668, 83.8], [-0.56232, 44.52669, 83.8], [-0.56231, 44.52676, 83.8], [-0.56245, 44.52677, 83.8], [-0.56246, 44.52672, 83.8], [-0.56264, 44.52678, 80.81818181818183], [-0.56261, 44.52686, 79.7], [-0.56278, 44.52691, 79.7], [-0.5628, 44.52687, 79.7], [-0.56295, 44.52709, 77.2125], [-0.56294, 44.52727, 77.2125], [-0.56284, 44.52748, 77.74], [-0.56268, 44.52761, 77.74], [-0.56247, 44.52769, 76.9857142857143], [-0.56223, 44.52771, 76.9857142857143], [-0.56197, 44.52765, 76.5], [-0.56215, 44.52763, 76.5]]]}}, {"type": "Feature", "properties": {"id_obligation": "332510000B1427", "priorite": "très forte"}, "geometry": {"type": "Polygon", "coordinates": [[[-0.57193, 44.52993, 74.20000000000002], [-0.57189, 44.53011, 74.79999999999998], [-0.57175, 44.53026, 74.79999999999998], [-0.57146, 44.53039, 74.79999999999998], [-0.57123, 44.53043, 74.8], [-0.57098, 44.53041, 74.8], [-0.57072, 44.53029, 74.4657142857143], [-0.57042, 44.52985, 74.4657142857143], [-0.57036, 44.52966, 74.4657142857143], [-0.57039, 44.52944, 74.4657142857143], [-0.57056, 44.52926, 74.4657142857143], [-0.57089, 44.52915, 74.10000000000001], [-0.57131, 44.52917, 74.10000000000001], [-0.57154, 44.5293, 74.4657142857143], [-0.57193, 44.52993, 74.20000000000002]]]}}, {"type": "Feature", "properties": {"id_obligation": "332510000B1430", "priorite": "forte"}, "geometry": {"type": "Polygon", "coordinates": [[[-0.57219, 44.52958, 74.3349456099456], [-0.57222, 44.52975, 74.3349456099456], [-0.57216, 44.52992, 74.3349456099456], [-0.57202, 44.53006, 74.3349456099456], [-0.57178, 44.53018, 74.3349456099456], [-0.57166, 44.53021, 74.80454545454542], [-0.57158, 44.53022, 74.8], [-0.57166, 44.53016, 74.8], [-0.57136, 44.53011, 74.8], [-0.57134, 44.53019, 74.8], [-0.57124, 44.53018, 74.36666666666667], [-0.57104, 44.53007, 74.36666666666667], [-0.57082, 44.52981, 74.43846153846154], [-0.57076, 44.52964, 74.43846153846154], [-0.57079, 44.52947, 74.1], [-0.57096, 44.52929, 74.1], [-0.57125, 44.52917, 74.10000000000001], [-0.57155, 44.52915, 74.10000000000001], [-0.57184, 44.52923, 74.3349456099456], [-0.57219, 44.52958, 74.3349456099456]]]}}, {"type": "Feature", "properties": {"id_obligation": "332510000B1431", "priorite": "moyenne"}, "geometry": {"type": "Polygon", "coordinates": [[[-0.5634, 44.527, 77.2], [-0.56324, 44.52721, 77.2], [-0.56304, 44.52731, 77.2], [-0.56275, 44.52736, 77.37692307692308], [-0.5626, 44.52728, 78.2], [-0.56257, 44.52733, 77.8], [-0.56229, 44.52725, 76.60000000000001], [-0.56233, 44.52717, 76.6], [-0.56212, 44.52712, 76.6], [-0.5621, 44.52718, 76.6], [-0.56188, 44.52709, 76.60000000000001], [-0.56174, 44.52695, 81.0], [-0.56168, 44.52673, 81.0], [-0.56174, 44.52648, 78.2], [-0.56192, 44.52631, 78.2], [-0.56237, 44.52614, 78.53333333333332], [-0.56261, 44.52612, 78.53333333333332], [-0.56298, 44.52619, 78.5], [-0.56323, 44.52632, 78.5], [-0.56335, 44.52647, 78.5], [-0.56344, 44.52678, 78.325], [-0.5634, 44.527, 77.2]]]}}, {"type": "Feature", "properties": {"id_obligation": "332510000B1434", "priorite": "moyenne"}, "geometry": {"type": "Polygon", "coordinates": [[[-0.56265, 44.52804, 77.69193121693122], [-0.56234, 44.52806, 77.69193121693122], [-0.56201, 44.52796, 76.5], [-0.56183, 44.52778, 76.5], [-0.56177, 44.52757, 76.95714285714287], [-0.56186, 44.52736, 76.95714285714287], [-0.56209, 44.52701, 76.6], [-0.56239, 44.52686, 79.18333333333334], [-0.56263, 44.52683, 79.7], [-0.56261, 44.52686, 79.7], [-0.56278, 44.52691, 79.7], [-0.5628, 44.52685, 79.7], [-0.56299, 44.5269, 79.7], [-0.56318, 44.52701, 79.7], [-0.56331, 44.52716, 77.69193121693122], [-0.56331, 44.52747, 77.69193121693122], [-0.56317, 44.5277, 77.69193121693122], [-0.56295, 44.52789, 77.69193121693122], [-0.56265, 44.52804, 77.69193121693122]]]}}, {"type": "Feature", "properties": {"id_obligation": "332510000B1438", "priorite": "forte"}, "geometry": {"type": "Polygon", "coordinates": [[[-0.55601, 44.52655, 78.23653846153846], [-0.55625, 44.5266, 78.23653846153846], [-0.55645, 44.52671, 78.23653846153846], [-0.55658, 44.52686, 78.23653846153846], [-0.5566, 44.52708, 78.23653846153846], [-0.55649, 44.52734, 78.23653846153846], [-0.55634, 44.52748, 78.23653846153846], [-0.55613, 44.52757, 78.23653846153846], [-0.55583, 44.52759, 78.5], [-0.55538, 44.5275, 78.5], [-0.55512, 44.52738, 78.5], [-0.555, 44.52722, 78.07499999999999], [-0.55498, 44.52701, 78.07499999999999], [-0.55513, 44.52673, 78.1], [-0.55538, 44.52659, 78.1], [-0.55601, 44.52655, 78.23653846153846]]]}}, {"type": "Feature", "properties": {"id_obligation": "332510000B1441", "priorite": "forte"}, "geometry": {"type": "Polygon", "coordinates": [[[-0.55608, 44.52738, 78.14222222222222], [-0.55584, 44.52752, 78.14222222222222], [-0.5556, 44.52756, 78.5], [-0.55554, 44.52752, 78.5], [-0.55553, 44.52755, 78.5], [-0.55523, 44.52749, 78.14222222222222], [-0.55503, 44.52739, 78.14222222222222], [-0.55489, 44.52719, 78.1], [-0.55488, 44.52702, 78.1], [-0.55498, 44.52679, 78.1], [-0.55513, 44.52665, 78.1], [-0.55535, 44.52656, 78.14222222222222], [-0.55559, 44.52654, 78.14222222222222], [-0.55591, 44.52661, 78.14222222222222], [-0.5561, 44.52671, 78.14222222222222], [-0.55622, 44.52686, 78.14222222222222], [-0.55625, 44.52704, 78.0], [-0.55608, 44.52738, 78.14222222222222]]]}}, {"type": "Feature", "properties": {"id_obligation": "332510000B1448", "priorite": "forte"}, "geometry": {"type": "Polygon", "coordinates": [[[-0.55612, 44.52612, 78.52000000000001], [-0.55626, 44.52632, 78.52000000000001], [-0.55624, 44.52654, 78.52000000000001], [-0.55606, 44.5268, 78.52000000000001], [-0.5558, 44.52692, 78.52000000000001], [-0.55556, 44.52694, 78.52000000000001], [-0.55509, 44.52685, 78.52000000000001], [-0.55489, 44.52676, 78.52000000000001], [-0.55475, 44.52663, 78.52000000000001], [-0.55469, 44.52646, 78.52000000000001], [-0.55475, 44.52621, 78.52000000000001], [-0.55487, 44.52606, 78.52000000000001], [-0.55506, 44.52595, 78.52000000000001], [-0.55529, 44.5259, 79.00000000000001], [-0.55553, 44.52592, 79.2], [-0.55551, 44.52596, 79.2], [-0.55567, 44.526, 79.2], [-0.55569, 44.52595, 79.2], [-0.55587, 44.52599, 78.52000000000001], [-0.55612, 44.52612, 78.52000000000001]]]}}, {"type": "Feature", "properties": {"id_obligation": "332510000B1449", "priorite": "forte"}, "geometry": {"type": "Polygon", "coordinates": [[[-0.55455, 44.52726, 78.03666666666668], [-0.5544, 44.52708, 78.03666666666668], [-0.55438, 44.52687, 78.03666666666668], [-0.55451, 44.52663, 78.03666666666668], [-0.55468, 44.5265, 78.03666666666668], [-0.55498, 44.52642, 78.03666666666668], [-0.55523, 44.52644, 78.03666666666668], [-0.55558, 44.52655, 78.03666666666668], [-0.55579, 44.52671, 78.03666666666668], [-0.55585, 44.52688, 78.01], [-0.55584, 44.52703, 78.0], [-0.5557, 44.527, 78.0], [-0.55569, 44.52702, 78.0], [-0.55554, 44.52699, 78.0], [-0.5555, 44.52709, 78.0], [-0.5558, 44.52712, 78.0], [-0.55572, 44.52724, 78.0], [-0.55554, 44.52737, 78.0], [-0.55532, 44.52743, 78.03666666666668], [-0.5548, 44.52738, 78.03666666666668], [-0.55455, 44.52726, 78.03666666666668]]]}}, {"type": "Feature", "properties": {"id_obligation": "332510000B1453", "priorite": "forte"}, "geometry": {"type": "Polygon", "coordinates": [[[-0.55646, 44.52622, 78.17632913980951], [-0.55621, 44.52636, 79.02], [-0.55591, 44.52639, 79.4625], [-0.55563, 44.52633, 78.78000000000002], [-0.55552, 44.52629, 78.64735359586437], [-0.55557, 44.52622, 78.7], [-0.55553, 44.52621, 78.7], [-0.55547, 44.52627, 78.78000000000002], [-0.55549, 44.5262, 79.0], [-0.55545, 44.52618, 78.9], [-0.55541, 44.52623, 78.9], [-0.55527, 44.52605, 78.78000000000002], [-0.55524, 44.52588, 79.2], [-0.55533, 44.52564, 79.2], [-0.55548, 44.52549, 79.4625], [-0.5557, 44.5254, 80.25000000000001], [-0.55593, 44.52541, 80.9], [-0.55595, 44.52538, 80.9], [-0.55622, 44.52543, 79.4625], [-0.55643, 44.52553, 79.4625], [-0.55657, 44.52568, 79.5], [-0.55662, 44.52585, 79.5], [-0.55658, 44.52604, 79.02], [-0.55646, 44.52622, 78.17632913980951]]]}}, {"type": "Feature", "properties": {"id_obligation": "332510000B1462", "priorite": "très forte"}, "geometry": {"type": "Polygon", "coordinates": [[[-0.54151, 44.53079, 78.29333333333334], [-0.54167, 44.53092, 78.29333333333334], [-0.54175, 44.53108, 78.29333333333334], [-0.54174, 44.53125, 78.4], [-0.54161, 44.53146, 78.4], [-0.54142, 44.53158, 78.4], [-0.54119, 44.53164, 78.4], [-0.54094, 44.53163, 78.4], [-0.54054, 44.53151, 78.4], [-0.54035, 44.53134, 78.4], [-0.5403, 44.53116, 78.4], [-0.53995, 44.53115, 78.29333333333334], [-0.53966, 44.53103, 78.2], [-0.53948, 44.53086, 78.2], [-0.53943, 44.53069, 78.2], [-0.53948, 44.53052, 78.29333333333334], [-0.53972, 44.53022, 78.29333333333334], [-0.53992, 44.53011, 78.29333333333334], [-0.54017, 44.53007, 78.2], [-0.5405, 44.53011, 78.2], [-0.54071, 44.53021, 78.2], [-0.54088, 44.5304, 78.2], [-0.54088, 44.53065, 78.26666666666667], [-0.54151, 44.53079, 78.29333333333334]]]}}, {"type": "Feature", "properties": {"id_obligation": "332510000B1476", "priorite": "forte"}, "geometry": {"type": "Polygon", "coordinates": [[[-0.56457, 44.5288, -692.2857142857143], [-0.56458, 44.52907, 77.41666666666667], [-0.56439, 44.5293, 77.41666666666667], [-0.56412, 44.5294, 77.41666666666667], [-0.56377, 44.52941, -31.906182626896914], [-0.56345, 44.52931, -31.906182626896914], [-0.56322, 44.52933, -31.906182626896914], [-0.56296, 44.52928, 77.5], [-0.56259, 44.52911, 77.5], [-0.56241, 44.52889, 77.43846153846152], [-0.56241, 44.52867, 77.43846153846152], [-0.56258, 44.52838, 81.875], [-0.56271, 44.52827, 82.4], [-0.56282, 44.52831, 82.4], [-0.56297, 44.52818, 81.875], [-0.56364, 44.52819, -31.906182626896914], [-0.56393, 44.52824, 77.22], [-0.56418, 44.52837, 77.22], [-0.56457, 44.5288, -692.2857142857143]]]}}, {"type": "Feature", "properties": {"id_obligation": "332510000B1477", "priorite": "moyenne"}, "geometry": {"type": "Polygon", "coordinates": [[[-0.56407, 44.52784, 10.927516968325794], [-0.56374, 44.528, 77.32352941176471], [-0.56338, 44.52801, 77.32352941176471], [-0.56305, 44.52789, 10.927516968325794], [-0.56286, 44.52761, 10.927516968325794], [-0.56293, 44.52732, 10.927516968325794], [-0.56276, 44.52717, 10.927516968325794], [-0.56269, 44.52701, 79.66153846153847], [-0.5627, 44.52689, 79.7], [-0.56278, 44.52691, 79.7], [-0.56281, 44.52684, 79.7], [-0.56276, 44.52674, 79.7], [-0.56289, 44.5266, 79.66153846153847], [-0.5631, 44.52651, 79.66153846153847], [-0.56334, 44.52647, -191.76500000000001], [-0.56366, 44.52652, 78.0], [-0.56386, 44.52662, 10.927516968325794], [-0.56402, 44.52682, 10.927516968325794], [-0.56423, 44.52695, 10.927516968325794], [-0.56434, 44.52712, 10.927516968325794], [-0.56434, 44.5273, 10.927516968325794], [-0.56407, 44.52784, 10.927516968325794]]]}}, {"type": "Feature", "properties": {"id_obligation": "332510000B1479", "priorite": "forte"}, "geometry": {"type": "Polygon", "coordinates": [[[-0.56147, 44.52806, 79.48607142857142], [-0.56128, 44.52818, 79.48607142857142], [-0.56105, 44.52823, 80.0], [-0.5608, 44.52822, 80.0], [-0.56021, 44.52804, 79.48607142857142], [-0.55999, 44.52792, 79.48607142857142], [-0.55982, 44.5277, 77.13750000000002], [-0.55983, 44.52749, 77.13750000000002], [-0.56013, 44.5271, 78.44285714285715], [-0.56037, 44.52695, 78.3], [-0.56066, 44.5269, 79.48607142857142], [-0.56095, 44.52695, 79.48607142857142], [-0.56134, 44.52694, 79.48607142857142], [-0.56173, 44.52711, 79.48607142857142], [-0.5619, 44.52733, 82.3], [-0.56188, 44.52758, 82.3], [-0.56147, 44.52806, 79.48607142857142]]]}}, {"type": "Feature", "properties": {"id_obligation": "332510000B1484", "priorite": "forte"}, "geometry": {"type": "Polygon", "coordinates": [[[-0.55719, 44.5167, 75.17584325396825], [-0.55695, 44.51688, 75.17584325396825], [-0.55661, 44.51695, 74.12142857142855], [-0.55622, 44.51688, 76.33749999999999], [-0.55613, 44.51683, 77.0], [-0.55619, 44.51682, 77.0], [-0.5562, 44.51673, 77.2], [-0.55603, 44.51672, 76.8], [-0.55604, 44.51676, 76.8], [-0.55592, 44.51656, 75.17584325396825], [-0.55596, 44.51618, 75.17584325396825], [-0.55606, 44.51595, 75.17584325396825], [-0.55622, 44.51581, 75.17584325396825], [-0.55645, 44.51573, 74.4], [-0.5567, 44.51572, 74.4], [-0.55703, 44.51578, 75.17584325396825], [-0.55722, 44.51591, 75.17584325396825], [-0.55732, 44.51607, 75.17584325396825], [-0.55719, 44.5167, 75.17584325396825]]]}}, {"type": "Feature", "properties": {"id_obligation": "332510000B1488", "priorite": "forte"}, "geometry": {"type": "Polygon", "coordinates": [[[-0.5681, 44.52601, 77.74166666666667], [-0.5678, 44.52603, 77.74166666666667], [-0.56744, 44.52594, 78.7], [-0.56725, 44.52582, 78.7], [-0.56714, 44.52566, 78.96666666666667], [-0.56712, 44.52548, 78.96666666666667], [-0.56724, 44.52522, 77.74166666666667], [-0.56743, 44.52505, 77.74166666666667], [-0.56765, 44.52497, 75.9], [-0.56789, 44.52496, 75.9], [-0.56828, 44.52505, 77.74166666666667], [-0.56847, 44.52517, 77.74166666666667], [-0.56858, 44.52533, 77.74166666666667], [-0.56859, 44.52551, 77.74166666666667], [-0.56848, 44.52575, 77.74166666666667], [-0.56835, 44.52589, 77.74166666666667], [-0.5681, 44.52601, 77.74166666666667]]]}}, {"type": "Feature", "properties": {"id_obligation": "332510000B1521", "priorite": "moyenne"}, "geometry": {"type": "Polygon", "coordinates": [[[-0.56997, 44.52719, 77.47142857142856], [-0.56974, 44.52734, 77.47142857142856], [-0.56959, 44.52738, 75.1], [-0.56963, 44.52733, 75.1], [-0.56957, 44.5273, 75.1], [-0.56952, 44.52736, 75.1], [-0.56957, 44.52739, 75.1], [-0.56922, 44.52738, 76.92142857142855], [-0.56896, 44.52726, 75.8], [-0.5689, 44.5272, 75.8], [-0.56894, 44.52716, 75.8], [-0.56873, 44.52704, 75.8], [-0.56866, 44.52688, 75.8], [-0.56869, 44.5267, 76.55857142857143], [-0.5688, 44.52655, 76.55857142857143], [-0.56908, 44.52639, 76.55857142857143], [-0.56932, 44.52634, 76.55857142857143], [-0.56957, 44.52636, 76.55857142857143], [-0.56979, 44.52644, 76.55857142857143], [-0.57004, 44.52668, 76.55857142857143], [-0.57011, 44.52684, 76.55857142857143], [-0.57008, 44.52703, 76.55857142857143], [-0.56997, 44.52719, 77.47142857142856]]]}}, {"type": "Feature", "properties": {"id_obligation": "332510000B1534", "priorite": "moyenne"}, "geometry": {"type": "Polygon", "coordinates": [[[-0.56952, 44.52652, 77.12727272727273], [-0.56933, 44.5267, 77.12727272727273], [-0.5691, 44.52678, 77.12727272727273], [-0.56871, 44.52681, 77.12727272727273], [-0.56845, 44.52675, 77.12727272727273], [-0.56823, 44.52659, 77.12727272727273], [-0.56812, 44.52634, 77.12727272727273], [-0.56812, 44.52616, 77.12727272727273], [-0.56822, 44.52599, 77.12727272727273], [-0.56839, 44.52586, 77.12727272727273], [-0.56877, 44.52577, 77.12727272727273], [-0.56901, 44.52577, 77.12727272727273], [-0.56924, 44.52583, 77.12727272727273], [-0.56941, 44.52596, 77.12727272727273], [-0.56953, 44.52612, 77.12727272727273], [-0.56958, 44.52635, 77.12727272727273], [-0.56952, 44.52652, 77.12727272727273]]]}}, {"type": "Feature", "properties": {"id_obligation": "332510000B1546", "priorite": "forte"}, "geometry": {"type": "Polygon", "coordinates": [[[-0.56753, 44.52568, 79.5], [-0.56742, 44.52567, 77.9], [-0.56738, 44.52572, 78.86], [-0.56725, 44.52562, 78.86], [-0.56715, 44.52545, 77.86095238095238], [-0.56715, 44.52527, 77.86095238095238], [-0.56729, 44.52504, 77.86095238095238], [-0.56746, 44.52492, 77.86095238095238], [-0.56774, 44.52485, 77.86095238095238], [-0.56798, 44.52487, 77.86095238095238], [-0.56823, 44.52494, 77.86095238095238], [-0.56844, 44.5251, 77.86095238095238], [-0.56852, 44.52526, 77.86095238095238], [-0.56851, 44.52543, 77.86095238095238], [-0.5684, 44.52562, 77.86095238095238], [-0.56823, 44.52575, 77.86095238095238], [-0.56801, 44.52583, 77.88000000000001], [-0.56776, 44.52583, 77.88000000000001], [-0.56752, 44.52578, 79.5], [-0.56753, 44.52568, 79.5]]]}}, {"type": "Feature", "properties": {"id_obligation": "332510000B1558", "priorite": "forte"}, "geometry": {"type": "Polygon", "coordinates": [[[-0.56477, 44.5209, 76.09704545454545], [-0.56499, 44.52083, 76.09704545454545], [-0.56529, 44.52084, 76.09704545454545], [-0.56557, 44.52094, 76.09704545454545], [-0.56576, 44.52111, 76.09704545454545], [-0.56582, 44.52128, 76.09704545454545], [-0.56578, 44.52145, 76.09704545454545], [-0.56566, 44.52163, 76.09704545454545], [-0.56548, 44.52174, 76.09704545454545], [-0.56526, 44.52181, 76.0], [-0.56502, 44.5218, 76.0], [-0.56473, 44.52172, 76.3], [-0.56456, 44.52159, 76.3], [-0.56446, 44.52143, 76.27000000000001], [-0.56447, 44.52125, 76.27000000000001], [-0.56457, 44.52106, 76.09704545454545], [-0.56477, 44.5209, 76.09704545454545]]]}}, {"type": "Feature", "properties": {"id_obligation": "332510000B1591", "priorite": "moyenne"}, "geometry": {"type": "Polygon", "coordinates": [[[-0.57067, 44.52761, 77.1952380952381], [-0.57036, 44.52792, 77.1952380952381], [-0.57001, 44.528, 77.1952380952381], [-0.56957, 44.52795, 77.1952380952381], [-0.56927, 44.52784, 77.1952380952381], [-0.56908, 44.52767, 77.1952380952381], [-0.569, 44.5271, 76.8], [-0.56913, 44.52691, 76.8], [-0.56939, 44.52674, 76.8], [-0.56962, 44.52667, 77.1952380952381], [-0.56987, 44.52667, 77.1952380952381], [-0.57024, 44.52683, 78.5], [-0.57034, 44.52693, 78.5], [-0.5703, 44.52704, 78.5], [-0.57043, 44.52704, 78.5], [-0.57051, 44.52708, 78.5], [-0.57056, 44.52713, 76.2], [-0.57052, 44.52717, 76.2], [-0.57061, 44.52718, 76.2], [-0.5707, 44.52735, 76.2], [-0.57067, 44.52761, 77.1952380952381]]]}}, {"type": "Feature", "properties": {"id_obligation": "332510000B1593", "priorite": "forte"}, "geometry": {"type": "Polygon", "coordinates": [[[-0.55707, 44.52606, 79.17067639262633], [-0.557, 44.52609, 79.1], [-0.55709, 44.52612, 79.1], [-0.55711, 44.5262, 79.11428571428573], [-0.55705, 44.52642, 79.29768907563026], [-0.55683, 44.52667, 79.29768907563026], [-0.5565, 44.52678, 79.29768907563026], [-0.5562, 44.52676, 79.29768907563026], [-0.55595, 44.52666, 79.29768907563026], [-0.55581, 44.52652, 79.29768907563026], [-0.55558, 44.52613, 79.2], [-0.55559, 44.52598, 79.2], [-0.55567, 44.526, 79.2], [-0.5557, 44.52593, 79.2], [-0.55562, 44.52591, 79.2], [-0.55574, 44.52572, 79.80000000000001], [-0.55597, 44.52557, 79.80000000000001], [-0.55621, 44.52552, 79.29768907563026], [-0.55646, 44.52554, 79.29768907563026], [-0.55672, 44.52563, 79.29768907563026], [-0.5569, 44.52578, 79.29768907563026], [-0.55707, 44.52606, 79.17067639262633]]]}}, {"type": "Feature", "properties": {"id_obligation": "332510000B1597", "priorite": "moyenne"}, "geometry": {"type": "Polygon", "coordinates": [[[-0.5706, 44.52903, 75.63666666666667], [-0.57067, 44.52886, 75.63666666666667], [-0.57086, 44.52869, 75.63666666666667], [-0.57118, 44.52857, 75.63666666666667], [-0.57143, 44.52855, 75.63666666666667], [-0.57172, 44.52862, 76.88333333333331], [-0.5719, 44.52874, 76.88333333333331], [-0.57203, 44.52894, 74.88], [-0.57197, 44.52894, 74.8], [-0.57204, 44.52895, 74.9], [-0.57206, 44.52911, 74.88], [-0.57196, 44.52931, 75.63666666666667], [-0.57179, 44.52944, 75.63666666666667], [-0.57148, 44.52956, 74.10000000000001], [-0.57123, 44.52958, 74.10000000000001], [-0.571, 44.52953, 75.63666666666667], [-0.5708, 44.52942, 75.63666666666667], [-0.57065, 44.52924, 75.63666666666667], [-0.5706, 44.52903, 75.63666666666667]]]}}, {"type": "Feature", "properties": {"id_obligation": "332510000B1599", "priorite": "forte"}, "geometry": {"type": "Polygon", "coordinates": [[[-0.57057, 44.52935, 74.89750000000001], [-0.57056, 44.52918, 74.89750000000001], [-0.57068, 44.52898, 74.89750000000001], [-0.57092, 44.52882, 74.89750000000001], [-0.57115, 44.52876, 77.2], [-0.5714, 44.52877, 77.2], [-0.57162, 44.52885, 74.89750000000001], [-0.57187, 44.52904, 74.89750000000001], [-0.57195, 44.5292, 74.89750000000001], [-0.57193, 44.52938, 74.89750000000001], [-0.57183, 44.52954, 74.2], [-0.57159, 44.52969, 74.2], [-0.57146, 44.52959, 74.2], [-0.57138, 44.52962, 74.2], [-0.57148, 44.52973, 74.2], [-0.57111, 44.52974, 74.30000000000003], [-0.57071, 44.52954, 74.3], [-0.57057, 44.52935, 74.89750000000001]]]}}, {"type": "Feature", "properties": {"id_obligation": "332510000B1603", "priorite": "forte"}, "geometry": {"type": "Polygon", "coordinates": [[[-0.55551, 44.52707, 78.0], [-0.55587, 44.52713, 78.0], [-0.55615, 44.52735, 78.17083333333333], [-0.55621, 44.52752, 78.17083333333333], [-0.55614, 44.52778, 78.17083333333333], [-0.55601, 44.52792, 78.17083333333333], [-0.5558, 44.52802, 78.17083333333333], [-0.55556, 44.52806, 78.17083333333333], [-0.55517, 44.52801, 78.17083333333333], [-0.55497, 44.52791, 78.17083333333333], [-0.55483, 44.52777, 78.17083333333333], [-0.55478, 44.52755, 78.17083333333333], [-0.55485, 44.52736, 78.17083333333333], [-0.555, 44.52722, 78.17083333333333], [-0.55551, 44.52707, 78.0]]]}}, {"type": "Feature", "properties": {"id_obligation": "332510000B1625", "priorite": "moyenne"}, "geometry": {"type": "Polygon", "coordinates": [[[-0.56433, 44.51598, 76.29166666666666], [-0.5642, 44.51613, 76.29166666666666], [-0.564, 44.51622, 76.29166666666666], [-0.56371, 44.51625, 76.29166666666666], [-0.56337, 44.51618, 76.29166666666666], [-0.56317, 44.51607, 76.29166666666666], [-0.56298, 44.51582, 76.29166666666666], [-0.56295, 44.51565, 76.29166666666666], [-0.56303, 44.51544, 76.29166666666666], [-0.56317, 44.51529, 76.29166666666666], [-0.56344, 44.51517, 76.29166666666666], [-0.56369, 44.51516, 76.29166666666666], [-0.56406, 44.51522, 77.6], [-0.56426, 44.51532, 77.6], [-0.56432, 44.51537, 77.6], [-0.56423, 44.51535, 77.6], [-0.5642, 44.51544, 77.6], [-0.56432, 44.51546, 77.6], [-0.56434, 44.5154, 77.6], [-0.56437, 44.51543, 77.6], [-0.56443, 44.51576, 76.29166666666666], [-0.56433, 44.51598, 76.29166666666666]]]}}, {"type": "Feature", "properties": {"id_obligation": "332510000B1628", "priorite": "moyenne"}, "geometry": {"type": "Polygon", "coordinates": [[[-0.56669, 44.52352, 82.78333333333333], [-0.56693, 44.52348, 76.82857142857144], [-0.56742, 44.52358, 77.15714285714286], [-0.56737, 44.52368, 77.2], [-0.56749, 44.52373, 77.1], [-0.56756, 44.52366, 77.15714285714286], [-0.56769, 44.52381, 77.15714285714286], [-0.56772, 44.52402, 77.97105442176871], [-0.56761, 44.52429, 76.8], [-0.56747, 44.52443, 76.8], [-0.56727, 44.52452, 77.84], [-0.56697, 44.52455, 77.84], [-0.56669, 44.5245, 77.97105442176871], [-0.56649, 44.52439, 77.97105442176871], [-0.56629, 44.52405, 76.60833333333333], [-0.56631, 44.52387, 76.60833333333333], [-0.56645, 44.52366, 82.78333333333333], [-0.56669, 44.52352, 82.78333333333333]]]}}, {"type": "Feature", "properties": {"id_obligation": "332510000B1629", "priorite": "moyenne"}, "geometry": {"type": "Polygon", "coordinates": [[[-0.56746, 44.52485, 77.9148888888889], [-0.56723, 44.52504, 77.9148888888889], [-0.56683, 44.52511, 78.4], [-0.56642, 44.52499, 77.9148888888889], [-0.56627, 44.52485, 77.9148888888889], [-0.5662, 44.52463, 77.9148888888889], [-0.56628, 44.5244, 77.9148888888889], [-0.56625, 44.52414, 78.69999999999996], [-0.56631, 44.524, 78.69999999999996], [-0.56639, 44.52389, 77.1181127391925], [-0.56636, 44.52395, 77.3], [-0.56643, 44.52397, 75.9], [-0.56647, 44.52388, 75.9], [-0.56641, 44.52387, 75.9], [-0.56646, 44.52382, 78.69999999999996], [-0.5667, 44.52369, 77.28], [-0.56699, 44.52365, 77.28], [-0.56724, 44.52368, 77.9148888888889], [-0.56746, 44.52378, 77.9148888888889], [-0.5676, 44.52392, 77.9148888888889], [-0.56766, 44.52408, 77.9148888888889], [-0.56753, 44.52444, 76.94999999999999], [-0.56756, 44.52452, 76.94999999999999], [-0.56746, 44.52485, 77.9148888888889]]]}}, {"type": "Feature", "properties": {"id_obligation": "332510000B1631", "priorite": "moyenne"}, "geometry": {"type": "Polygon", "coordinates": [[[-0.56183, 44.5267, 81.0], [-0.56167, 44.52656, 79.23903061224489], [-0.56159, 44.5264, 79.23903061224489], [-0.56161, 44.52622, 79.23903061224489], [-0.56174, 44.52601, 79.23903061224489], [-0.56191, 44.52588, 79.23903061224489], [-0.56213, 44.52581, 77.9], [-0.56243, 44.52582, 77.9], [-0.56241, 44.52589, 77.9], [-0.56253, 44.5259, 77.9], [-0.56254, 44.52585, 77.9], [-0.5629, 44.526, 77.32000000000001], [-0.56304, 44.52619, 78.5], [-0.56305, 44.52638, 78.5], [-0.56289, 44.52633, 78.5], [-0.56285, 44.52639, 78.5], [-0.56302, 44.52644, 78.5], [-0.56292, 44.52661, 79.43], [-0.56276, 44.52674, 79.7], [-0.56268, 44.52672, 79.7], [-0.56265, 44.52679, 79.7], [-0.56247, 44.52682, 82.03750000000001], [-0.56209, 44.52679, 81.0], [-0.56183, 44.5267, 81.0]]]}}, {"type": "Feature", "properties": {"id_obligation": "332510000B1642", "priorite": "forte"}, "geometry": {"type": "Polygon", "coordinates": [[[-0.55582, 44.51653, 75.6], [-0.55577, 44.51652, 75.6], [-0.55578, 44.51645, 76.2], [-0.55572, 44.51644, 76.2], [-0.5557, 44.51657, 76.2], [-0.55563, 44.51658, 75.44666666666667], [-0.55552, 44.51659, 74.9], [-0.5555, 44.51652, 75.5], [-0.55537, 44.51651, 75.5], [-0.55533, 44.51658, 75.6], [-0.55505, 44.51651, 75.78510822510823], [-0.55487, 44.51639, 75.78510822510823], [-0.55476, 44.51619, 75.3], [-0.55486, 44.51582, 75.3], [-0.55502, 44.51569, 75.3], [-0.55529, 44.5156, 74.88571428571427], [-0.55553, 44.5156, 74.88571428571427], [-0.55581, 44.51567, 76.1], [-0.556, 44.51578, 76.1], [-0.55611, 44.51594, 76.1], [-0.55614, 44.51611, 76.1], [-0.55607, 44.51632, 77.66666666666669], [-0.55582, 44.51653, 75.6]]]}}, {"type": "Feature", "properties": {"id_obligation": "332510000B1643", "priorite": "forte"}, "geometry": {"type": "Polygon", "coordinates": [[[-0.55526, 44.51529, 75.14517482517483], [-0.55568, 44.51532, 75.14517482517483], [-0.55596, 44.5155, 75.14517482517483], [-0.55605, 44.51575, 76.00769230769232], [-0.55602, 44.51597, 76.00769230769232], [-0.55586, 44.51615, 74.7], [-0.55549, 44.51627, 74.7], [-0.55524, 44.51646, 74.7], [-0.55494, 44.51652, 74.7], [-0.55481, 44.51651, 75.44634698814664], [-0.55483, 44.51647, 75.5], [-0.55473, 44.51644, 75.5], [-0.55475, 44.5164, 75.5], [-0.55464, 44.51637, 75.5], [-0.5546, 44.51646, 75.5], [-0.55439, 44.51636, 75.48181818181818], [-0.55425, 44.51622, 75.48181818181818], [-0.5542, 44.51605, 75.14517482517483], [-0.55424, 44.51588, 75.14517482517483], [-0.5544, 44.51564, 75.14517482517483], [-0.55458, 44.51552, 75.14517482517483], [-0.55487, 44.51547, 75.14517482517483], [-0.55526, 44.51529, 75.14517482517483]]]}}, {"type": "Feature", "properties": {"id_obligation": "332510000B1658", "priorite": "moyenne"}, "geometry": {"type": "Polygon", "coordinates": [[[-0.55515, 44.51692, 73.91666666666667], [-0.55506, 44.51689, 73.6], [-0.55504, 44.51692, 73.6], [-0.5551, 44.51694, 73.6], [-0.55493, 44.51699, 75.42], [-0.55457, 44.51698, 75.4], [-0.55464, 44.51687, 75.4], [-0.55449, 44.51682, 75.4], [-0.55442, 44.51695, 75.5], [-0.55426, 44.51691, 75.43333333333334], [-0.55403, 44.51677, 75.43333333333334], [-0.55393, 44.51661, 75.197012987013], [-0.55392, 44.51644, 75.197012987013], [-0.55401, 44.51625, 75.197012987013], [-0.55419, 44.51606, 75.197012987013], [-0.55444, 44.51594, 75.3], [-0.55487, 44.51595, 75.3], [-0.55483, 44.51604, 75.3], [-0.55493, 44.51607, 75.3], [-0.55498, 44.51598, 75.3], [-0.55503, 44.51599, 75.3], [-0.55522, 44.5161, 75.3], [-0.55543, 44.51632, 75.52727272727273], [-0.55546, 44.51652, 75.5], [-0.55537, 44.51651, 75.5], [-0.55533, 44.51657, 75.6], [-0.55535, 44.51665, 75.5], [-0.5554, 44.51666, 75.5], [-0.55515, 44.51692, 73.91666666666667]]]}}, {"type": "Feature", "properties": {"id_obligation": "332510000B1663", "priorite": "moyenne"}, "geometry": {"type": "Polygon", "coordinates": [[[-0.56531, 44.52738, 77.18009579582969], [-0.56522, 44.52737, 77.1], [-0.5652, 44.52745, 76.5], [-0.56496, 44.52753, 77.36], [-0.56472, 44.52753, 77.36], [-0.56436, 44.52744, 77.3], [-0.56418, 44.52732, 77.3], [-0.56409, 44.52715, 78.43599999999998], [-0.56407, 44.52695, 78.43599999999998], [-0.56418, 44.52673, 77.99999999999999], [-0.56448, 44.52651, 77.99999999999999], [-0.56469, 44.52643, -692.0285714285716], [-0.56493, 44.52642, -692.0285714285716], [-0.56523, 44.52649, -86.03177864782279], [-0.56542, 44.5266, -86.03177864782279], [-0.56555, 44.5268, -461.25], [-0.56555, 44.52697, -461.25], [-0.56531, 44.52738, 77.18009579582969]]]}}, {"type": "Feature", "properties": {"id_obligation": "332510000B1664", "priorite": "moyenne"}, "geometry": {"type": "Polygon", "coordinates": [[[-0.56562, 44.52759, -76.72611111111114], [-0.56536, 44.5277, 76.675], [-0.56512, 44.52772, 76.675], [-0.56478, 44.52764, 77.3], [-0.56449, 44.52742, 77.3], [-0.56459, 44.52739, 77.3], [-0.56457, 44.52727, 77.3], [-0.56445, 44.52729, 77.3], [-0.56449, 44.52706, 78.3], [-0.56457, 44.52708, 78.3], [-0.5646, 44.52701, 78.3], [-0.56451, 44.527, 78.3], [-0.56455, 44.52694, 77.28666666666666], [-0.5647, 44.5268, 77.28666666666666], [-0.56498, 44.52671, 76.8], [-0.56523, 44.52671, 76.8], [-0.56552, 44.52677, -76.72611111111114], [-0.56571, 44.52688, -76.72611111111114], [-0.56583, 44.52704, -1000.0], [-0.56584, 44.52722, -1000.0], [-0.56578, 44.52741, -76.72611111111114], [-0.56562, 44.52759, -76.72611111111114]]]}}, {"type": "Feature", "properties": {"id_obligation": "332510000B1666", "priorite": "moyenne"}, "geometry": {"type": "Polygon", "coordinates": [[[-0.56562, 44.52678, -153.6800793650794], [-0.56577, 44.52697, -1000.0], [-0.56579, 44.52715, -1000.0], [-0.5657, 44.52737, -153.6800793650794], [-0.56554, 44.5275, -153.6800793650794], [-0.56533, 44.52758, 76.72222222222221], [-0.56508, 44.5276, 76.72222222222221], [-0.56481, 44.52754, 77.3], [-0.56458, 44.52739, 77.3], [-0.56457, 44.52727, 77.3], [-0.5645, 44.52727, 77.435], [-0.56449, 44.52706, 78.3], [-0.56457, 44.52708, 78.3], [-0.5646, 44.52701, 78.3], [-0.5645, 44.527, 78.3], [-0.56457, 44.52686, -461.44000000000005], [-0.56473, 44.52673, -1000.0], [-0.56495, 44.52665, 76.8], [-0.5652, 44.52664, 76.8], [-0.56543, 44.52668, -153.6800793650794], [-0.56562, 44.52678, -153.6800793650794]]]}}, {"type": "Feature", "properties": {"id_obligation": "332510000B1673", "priorite": "très forte"}, "geometry": {"type": "Polygon", "coordinates": [[[-0.56345, 44.52299, 80.52499999999999], [-0.56324, 44.52289, 80.52499999999999], [-0.56311, 44.52275, 80.52499999999999], [-0.56306, 44.52257, 80.52499999999999], [-0.56313, 44.52234, 80.52499999999999], [-0.56326, 44.52219, 80.52499999999999], [-0.56345, 44.52208, 80.52499999999999], [-0.56376, 44.52203, 80.52499999999999], [-0.56435, 44.52219, 80.52499999999999], [-0.5645, 44.52232, 80.52499999999999], [-0.56457, 44.52253, 80.52499999999999], [-0.56449, 44.52277, 80.52499999999999], [-0.5643, 44.52295, 80.52499999999999], [-0.56402, 44.52304, 80.52499999999999], [-0.56345, 44.52299, 80.52499999999999]]]}}, {"type": "Feature", "properties": {"id_obligation": "332510000B1683", "priorite": "moyenne"}, "geometry": {"type": "Polygon", "coordinates": [[[-0.55642, 44.51668, 77.00000000000001], [-0.55634, 44.51685, 77.00000000000001], [-0.55618, 44.51698, 77.00000000000001], [-0.55596, 44.51705, 77.00000000000001], [-0.55552, 44.51711, 76.13189033189032], [-0.55514, 44.51708, 73.6], [-0.55489, 44.51696, 73.6], [-0.55474, 44.51677, 73.6], [-0.55473, 44.51653, 75.4], [-0.55479, 44.51655, 75.4], [-0.55483, 44.51647, 75.5], [-0.55475, 44.51644, 75.5], [-0.5548, 44.51632, 76.13189033189032], [-0.55495, 44.51618, 76.13189033189032], [-0.55521, 44.51608, 75.70000000000002], [-0.5554, 44.51606, 74.7], [-0.55538, 44.51612, 74.7], [-0.55549, 44.51614, 74.7], [-0.55551, 44.51606, 74.7], [-0.55543, 44.51605, 74.7], [-0.5555, 44.51602, 75.70000000000002], [-0.5555, 44.51605, 76.1], [-0.55564, 44.51608, 76.2], [-0.55567, 44.51599, 76.1], [-0.55598, 44.51602, 76.13189033189032], [-0.55627, 44.51617, 76.13189033189032], [-0.55643, 44.51642, 79.43333333333334], [-0.55642, 44.51668, 77.00000000000001]]]}}, {"type": "Feature", "properties": {"id_obligation": "332510000B1689", "priorite": "moyenne"}, "geometry": {"type": "Polygon", "coordinates": [[[-0.56195, 44.5262, 78.36], [-0.56182, 44.52604, 78.46142857142858], [-0.56178, 44.52587, 78.46142857142858], [-0.56186, 44.52559, 78.46142857142858], [-0.56206, 44.52543, 78.46142857142858], [-0.56228, 44.52535, 78.46142857142858], [-0.56253, 44.52534, 78.46142857142858], [-0.56282, 44.52539, 79.89999999999999], [-0.56301, 44.5255, 79.89999999999999], [-0.56316, 44.52569, 78.46142857142858], [-0.56317, 44.52586, 78.46142857142858], [-0.5631, 44.52609, 78.46142857142858], [-0.56296, 44.52623, 78.46142857142858], [-0.56275, 44.52633, 78.46142857142858], [-0.5624, 44.52635, 78.6], [-0.56243, 44.5263, 78.6], [-0.56227, 44.52625, 78.6], [-0.5622, 44.52632, 78.36], [-0.56195, 44.5262, 78.36]]]}}, {"type": "Feature", "properties": {"id_obligation": "332510000B1690", "priorite": "moyenne"}, "geometry": {"type": "Polygon", "coordinates": [[[-0.56229, 44.52565, 77.9], [-0.56253, 44.52558, 77.9], [-0.56278, 44.52558, 77.9], [-0.56304, 44.52566, 78.1075396825397], [-0.56321, 44.52578, 78.1075396825397], [-0.56331, 44.52595, 78.1075396825397], [-0.56329, 44.52618, 78.1075396825397], [-0.56319, 44.52634, 78.5], [-0.56312, 44.5264, 78.5], [-0.56289, 44.52633, 78.5], [-0.56285, 44.52639, 78.5], [-0.56304, 44.52645, 78.5], [-0.56277, 44.52653, 78.5], [-0.56252, 44.52652, 78.5], [-0.56225, 44.52644, 78.42857142857143], [-0.56208, 44.5263, 78.42857142857143], [-0.562, 44.52614, 78.1075396825397], [-0.56201, 44.52596, 78.1075396825397], [-0.56212, 44.52579, 77.9], [-0.56229, 44.52565, 77.9]]]}}, {"type": "Feature", "properties": {"id_obligation": "332510000B1691", "priorite": "forte"}, "geometry": {"type": "Polygon", "coordinates": [[[-0.56345, 44.52556, 78.36666666666666], [-0.56336, 44.52576, 78.36666666666666], [-0.56319, 44.52589, 78.36666666666666], [-0.5629, 44.52598, 78.36666666666666], [-0.5626, 44.52598, 78.36666666666666], [-0.56239, 44.52591, 77.9], [-0.56219, 44.52577, 77.9], [-0.56208, 44.52558, 78.36666666666666], [-0.56209, 44.5254, 78.36666666666666], [-0.56219, 44.52523, 77.3], [-0.5624, 44.5251, 77.3], [-0.56265, 44.52503, 78.36666666666666], [-0.5629, 44.52503, 78.36666666666666], [-0.56314, 44.52509, 78.36666666666666], [-0.56331, 44.52522, 78.36666666666666], [-0.56343, 44.52539, 78.36666666666666], [-0.56345, 44.52556, 78.36666666666666]]]}}, {"type": "Feature", "properties": {"id_obligation": "332510000B1695", "priorite": "moyenne"}, "geometry": {"type": "Polygon", "coordinates": [[[-0.56576, 44.52783, 78.0111111111111], [-0.56556, 44.52793, 78.0111111111111], [-0.56532, 44.52797, 77.1], [-0.56499, 44.52794, 77.1], [-0.56497, 44.52784, 76.7], [-0.56489, 44.52784, 76.5], [-0.5649, 44.52791, 76.5], [-0.56486, 44.5279, 77.20714285714287], [-0.5648, 44.5278, 78.0], [-0.5647, 44.5278, 78.0], [-0.56458, 44.52768, 77.20714285714287], [-0.56453, 44.5275, 77.3], [-0.56458, 44.52729, 77.3], [-0.56472, 44.5271, 76.9846153846154], [-0.56483, 44.52709, 76.8], [-0.56487, 44.527, 76.8], [-0.56496, 44.52696, -57.362500000000004], [-0.5652, 44.52692, -57.362500000000004], [-0.56555, 44.52697, -1000.0], [-0.56576, 44.52706, -1000.0], [-0.56593, 44.52724, -74.22828716422465], [-0.56596, 44.52742, -74.22828716422465], [-0.5659, 44.52764, 78.0111111111111], [-0.56576, 44.52783, 78.0111111111111]]]}}, {"type": "Feature", "properties": {"id_obligation": "332510000B1706", "priorite": "moyenne"}, "geometry": {"type": "Polygon", "coordinates": [[[-0.56901, 44.52693, 76.00112179487179], [-0.56914, 44.52713, 75.8], [-0.56915, 44.52735, 75.8], [-0.56906, 44.52751, 76.00112179487179], [-0.56884, 44.52766, 76.00112179487179], [-0.56845, 44.52778, 76.00112179487179], [-0.5682, 44.52778, 76.00112179487179], [-0.56797, 44.52771, 76.00112179487179], [-0.56758, 44.52739, 76.00112179487179], [-0.56746, 44.52724, 76.00112179487179], [-0.56743, 44.527, 76.00112179487179], [-0.56754, 44.5268, 76.00112179487179], [-0.56776, 44.52665, 76.00112179487179], [-0.56806, 44.5266, 75.48461538461538], [-0.56844, 44.52663, 75.48461538461538], [-0.56901, 44.52693, 76.00112179487179]]]}}, {"type": "Feature", "properties": {"id_obligation": "332510000B1714", "priorite": "forte"}, "geometry": {"type": "Polygon", "coordinates": [[[-0.56874, 44.52708, 75.8], [-0.56869, 44.52715, 75.8], [-0.5688, 44.5272, 75.8], [-0.56878, 44.52723, 76.28], [-0.56849, 44.52744, 76.28], [-0.56827, 44.52749, 77.0], [-0.56794, 44.52749, 76.245], [-0.56771, 44.52742, 76.245], [-0.56754, 44.5273, 76.245], [-0.56744, 44.52713, 76.245], [-0.56745, 44.52692, 76.245], [-0.56762, 44.52665, 76.245], [-0.56779, 44.52653, 76.245], [-0.56807, 44.52644, 76.245], [-0.56843, 44.52644, 76.245], [-0.5687, 44.52654, 76.245], [-0.56887, 44.52671, 76.245], [-0.56892, 44.5269, 75.8], [-0.56886, 44.52711, 75.8], [-0.56874, 44.52708, 75.8]]]}}, {"type": "Feature", "properties": {"id_obligation": "332510000C0190", "priorite": "très forte"}, "geometry": {"type": "Polygon", "coordinates": [[[-0.56267, 44.50421, 71.63333333333334], [-0.56234, 44.50434, 71.6015873015873], [-0.56203, 44.50434, 71.6015873015873], [-0.5617, 44.50419, 71.6015873015873], [-0.56156, 44.50403, 71.6015873015873], [-0.56153, 44.50381, 71.6015873015873], [-0.56166, 44.50348, 71.6015873015873], [-0.56187, 44.50324, 71.6015873015873], [-0.56207, 44.50315, 71.6015873015873], [-0.56237, 44.50312, 71.6015873015873], [-0.56267, 44.50317, 71.6015873015873], [-0.56291, 44.50328, 71.6015873015873], [-0.56303, 44.50344, 71.6015873015873], [-0.56306, 44.50361, 71.69999999999999], [-0.56297, 44.50384, 71.70509462170152], [-0.5629, 44.50383, 71.8], [-0.56287, 44.50398, 71.63333333333334], [-0.56267, 44.50421, 71.63333333333334]]]}}, {"type": "Feature", "properties": {"id_obligation": "332510000C0245", "priorite": "forte"}, "geometry": {"type": "Polygon", "coordinates": [[[-0.57269, 44.51086, 75.75333333333333], [-0.57277, 44.51111, 75.75333333333333], [-0.57264, 44.5114, 75.75333333333333], [-0.57236, 44.51157, 75.75333333333333], [-0.57205, 44.5116, 75.75333333333333], [-0.57161, 44.51151, 75.75333333333333], [-0.5711, 44.51124, 75.75333333333333], [-0.57095, 44.51109, 74.6], [-0.57091, 44.51092, 74.6], [-0.57098, 44.51069, 75.75333333333333], [-0.57112, 44.51054, 75.75333333333333], [-0.57133, 44.51045, 75.75333333333333], [-0.57176, 44.51044, 75.75333333333333], [-0.57198, 44.5105, 75.75333333333333], [-0.57216, 44.51061, 75.75333333333333], [-0.57244, 44.51068, 75.75333333333333], [-0.57269, 44.51086, 75.75333333333333]]]}}, {"type": "Feature", "properties": {"id_obligation": "332510000C0253", "priorite": "moyenne"}, "geometry": {"type": "Polygon", "coordinates": [[[-0.56967, 44.51047, 75.13796296296296], [-0.56997, 44.51046, 75.13796296296296], [-0.5702, 44.51052, 75.13796296296296], [-0.57046, 44.51069, 75.13796296296296], [-0.57057, 44.5109, 76.2], [-0.57055, 44.51107, 76.2], [-0.57044, 44.51123, 77.6], [-0.57022, 44.5114, 77.6], [-0.56993, 44.51148, 75.32777777777775], [-0.56968, 44.51147, 75.32777777777775], [-0.56947, 44.51139, 75.13796296296296], [-0.56925, 44.51125, 75.13796296296296], [-0.56916, 44.51109, 73.5], [-0.56915, 44.51091, 73.5], [-0.56924, 44.51075, 73.5], [-0.56941, 44.51059, 73.5], [-0.56967, 44.51047, 75.13796296296296]]]}}, {"type": "Feature", "properties": {"id_obligation": "332510000C0272", "priorite": "moyenne"}, "geometry": {"type": "Polygon", "coordinates": [[[-0.5765, 44.51012, 75.63461538461539], [-0.57634, 44.50999, 75.63461538461539], [-0.57625, 44.50978, 75.63461538461539], [-0.57629, 44.50961, 75.63461538461539], [-0.57641, 44.50945, 75.63461538461539], [-0.57666, 44.50932, 75.63461538461539], [-0.57689, 44.50927, 75.63461538461539], [-0.57712, 44.50929, 75.63461538461539], [-0.57733, 44.50937, 75.7], [-0.57731, 44.50944, 75.7], [-0.57744, 44.50945, 75.7], [-0.57756, 44.50957, 75.7], [-0.57763, 44.50975, 75.63461538461539], [-0.5776, 44.50993, 75.63461538461539], [-0.57748, 44.51008, 75.63461538461539], [-0.57724, 44.51021, 75.63461538461539], [-0.57701, 44.51026, 75.63461538461539], [-0.57671, 44.51022, 75.63461538461539], [-0.5765, 44.51012, 75.63461538461539]]]}}, {"type": "Feature", "properties": {"id_obligation": "332510000C0275", "priorite": "moyenne"}, "geometry": {"type": "Polygon", "coordinates": [[[-0.57832, 44.5095, 76.8], [-0.57829, 44.50947, 76.8], [-0.57802, 44.50959, 77.5], [-0.5781, 44.50966, 77.5], [-0.5783, 44.50956, 76.8], [-0.57812, 44.50976, 77.00555555555555], [-0.5779, 44.50985, 77.00555555555555], [-0.57735, 44.50992, 76.56363636363638], [-0.57699, 44.50983, 75.50909090909092], [-0.57693, 44.5098, 75.9], [-0.57701, 44.50979, 75.1], [-0.57693, 44.50972, 75.1], [-0.57689, 44.50978, 75.9], [-0.57681, 44.50971, 75.50909090909092], [-0.57657, 44.50934, 76.2375137085137], [-0.57655, 44.50916, 76.2375137085137], [-0.57662, 44.50899, 76.2375137085137], [-0.57681, 44.50883, 76.2375137085137], [-0.57709, 44.50873, 76.2375137085137], [-0.57733, 44.50871, 76.2375137085137], [-0.57781, 44.50881, 76.2375137085137], [-0.57802, 44.50889, 76.2375137085137], [-0.57823, 44.50908, 76.2375137085137], [-0.57833, 44.50928, 76.16999999999999], [-0.57832, 44.5095, 76.8]]]}}, {"type": "Feature", "properties": {"id_obligation": "332510000C0295", "priorite": "moyenne"}, "geometry": {"type": "Polygon", "coordinates": [[[-0.5798, 44.50888, 73.96874999999999], [-0.57955, 44.50901, 73.96874999999999], [-0.57925, 44.50904, 73.96874999999999], [-0.57897, 44.50897, 73.96874999999999], [-0.57875, 44.50884, 73.96874999999999], [-0.57863, 44.50864, 73.96874999999999], [-0.57863, 44.50847, 73.96874999999999], [-0.57877, 44.50818, 73.96874999999999], [-0.57894, 44.50805, 73.96874999999999], [-0.57917, 44.50798, 73.96874999999999], [-0.57942, 44.50797, 73.96874999999999], [-0.57975, 44.50806, 73.96874999999999], [-0.57993, 44.50818, 73.96874999999999], [-0.58002, 44.50835, 73.96874999999999], [-0.57996, 44.50868, 73.96874999999999], [-0.5798, 44.50888, 73.96874999999999]]]}}, {"type": "Feature", "properties": {"id_obligation": "332510000C0426", "priorite": "forte"}, "geometry": {"type": "Polygon", "coordinates": [[[-0.57671, 44.48602, 79.2], [-0.57688, 44.48621, 81.71794871794873], [-0.57692, 44.48638, 81.71794871794873], [-0.57686, 44.48664, 81.71794871794873], [-0.57672, 44.48678, 81.71794871794873], [-0.57646, 44.48688, 81.71794871794873], [-0.57612, 44.4869, 81.71794871794873], [-0.57588, 44.48686, 81.71794871794873], [-0.57568, 44.48675, 81.71794871794873], [-0.57555, 44.4866, 81.71794871794873], [-0.57551, 44.48642, 81.71794871794873], [-0.57558, 44.48617, 81.71794871794873], [-0.57572, 44.48603, 81.71794871794873], [-0.57593, 44.48594, 81.71794871794873], [-0.57608, 44.48591, 80.6], [-0.57606, 44.48602, 80.6], [-0.57619, 44.48603, 80.6], [-0.5762, 44.48591, 80.6], [-0.57644, 44.48592, 79.2], [-0.57671, 44.48602, 79.2]]]}}, {"type": "Feature", "properties": {"id_obligation": "332510000C0476", "priorite": "très forte"}, "geometry": {"type": "Polygon", "coordinates": [[[-0.56957, 44.48584, -111.5], [-0.5698, 44.48598, -111.5], [-0.56991, 44.48614, 80.0], [-0.56992, 44.48639, 80.0], [-0.56983, 44.48655, -691.9142857142857], [-0.56967, 44.48668, -691.9142857142857], [-0.56952, 44.48674, 78.2748509507957], [-0.56929, 44.48672, 77.5], [-0.56932, 44.48677, 78.01634573656419], [-0.56914, 44.48677, 77.81428571428572], [-0.56891, 44.48671, -111.5], [-0.56869, 44.48656, -111.5], [-0.56861, 44.48639, -111.5], [-0.5686, 44.48618, -111.5], [-0.56868, 44.48602, -111.5], [-0.56885, 44.48589, -111.5], [-0.56907, 44.48581, -111.5], [-0.56933, 44.48579, -111.5], [-0.56957, 44.48584, -111.5]]]}}, {"type": "Feature", "properties": {"id_obligation": "332510000C0477", "priorite": "très forte"}, "geometry": {"type": "Polygon", "coordinates": [[[-0.56881, 44.48706, -88.18794642857145], [-0.56867, 44.48686, -88.18794642857145], [-0.56868, 44.48663, -88.18794642857145], [-0.56881, 44.48643, -88.18794642857145], [-0.56913, 44.48628, -88.18794642857145], [-0.56922, 44.48627, 88.1], [-0.56923, 44.48632, 88.1], [-0.5693, 44.48632, 88.1], [-0.56929, 44.48627, 88.1], [-0.56972, 44.48631, 80.0], [-0.56994, 44.48638, 80.0], [-0.57011, 44.48651, 80.0], [-0.57019, 44.48668, -596.2375000000001], [-0.57017, 44.4869, -88.18794642857145], [-0.57007, 44.48706, -88.18794642857145], [-0.56989, 44.48718, -88.18794642857145], [-0.56965, 44.48724, -88.18794642857145], [-0.56907, 44.48719, -88.18794642857145], [-0.56881, 44.48706, -88.18794642857145]]]}}, {"type": "Feature", "properties": {"id_obligation": "332510000C0479", "priorite": "très forte"}, "geometry": {"type": "Polygon", "coordinates": [[[-0.56938, 44.48841, -240.08823529411765], [-0.56912, 44.48853, -240.08823529411765], [-0.56881, 44.48855, -240.08823529411765], [-0.56851, 44.48847, -240.08823529411765], [-0.56833, 44.48834, -240.08823529411765], [-0.56823, 44.48813, -240.08823529411765], [-0.56826, 44.48785, -240.08823529411765], [-0.56838, 44.48763, -240.08823529411765], [-0.56856, 44.48752, -240.08823529411765], [-0.56885, 44.48745, -240.08823529411765], [-0.56916, 44.48748, -240.08823529411765], [-0.56939, 44.48756, -240.08823529411765], [-0.56955, 44.48769, -240.08823529411765], [-0.56964, 44.48786, -240.08823529411765], [-0.56961, 44.48809, -240.08823529411765], [-0.56938, 44.48841, -240.08823529411765]]]}}, {"type": "Feature", "properties": {"id_obligation": "332510000C0633", "priorite": "très forte"}, "geometry": {"type": "Polygon", "coordinates": [[[-0.58912, 44.4734, 88.25], [-0.58884, 44.47356, 87.6], [-0.58843, 44.47359, 88.25], [-0.58807, 44.47344, 88.25], [-0.58792, 44.47321, 88.25], [-0.58797, 44.47274, 88.25], [-0.58805, 44.47258, 88.25], [-0.58826, 44.47235, 88.25], [-0.58853, 44.47224, 89.29999999999997], [-0.58877, 44.47223, 89.29999999999997], [-0.589, 44.47228, 88.25], [-0.58924, 44.4724, 88.25], [-0.58937, 44.47255, 88.25], [-0.58942, 44.47272, 88.25], [-0.58912, 44.4734, 88.25]]]}}, {"type": "Feature", "properties": {"id_obligation": "332510000C0636", "priorite": "très forte"}, "geometry": {"type": "Polygon", "coordinates": [[[-0.58214, 44.48092, 83.60555555555555], [-0.58192, 44.48083, 83.60555555555555], [-0.58177, 44.48069, 83.60555555555555], [-0.58169, 44.48048, 83.60555555555555], [-0.58172, 44.4803, 83.60555555555555], [-0.58185, 44.48015, 83.60555555555555], [-0.58205, 44.48004, 83.60555555555555], [-0.58234, 44.47999, 83.60555555555555], [-0.58258, 44.48001, 84.1], [-0.58279, 44.4801, 84.1], [-0.58299, 44.48034, 84.44886981000876], [-0.58286, 44.48035, 85.8], [-0.58288, 44.48046, 85.8], [-0.58302, 44.48046, 84.61139104514345], [-0.58298, 44.48062, 83.60555555555555], [-0.58286, 44.48077, 83.60555555555555], [-0.58267, 44.48088, 83.60555555555555], [-0.58238, 44.48094, 83.60555555555555], [-0.58214, 44.48092, 83.60555555555555]]]}}, {"type": "Feature", "properties": {"id_obligation": "332510000C0667", "priorite": "forte"}, "geometry": {"type": "Polygon", "coordinates": [[[-0.57617, 44.4744, 85.03131313131314], [-0.57596, 44.47432, 85.03131313131314], [-0.57581, 44.47417, 85.03131313131314], [-0.57575, 44.474, 85.03131313131314], [-0.57581, 44.47373, 85.03131313131314], [-0.57592, 44.47357, 85.03131313131314], [-0.57611, 44.47345, 85.03131313131314], [-0.5764, 44.47339, 85.03131313131314], [-0.57672, 44.47343, 85.03131313131314], [-0.57698, 44.47355, 85.60000000000001], [-0.57716, 44.47373, 84.7], [-0.57721, 44.4739, 84.7], [-0.57714, 44.47414, 84.7], [-0.57704, 44.47406, 84.7], [-0.57692, 44.47416, 84.7], [-0.57709, 44.47421, 84.7], [-0.57699, 44.47431, 84.6888888888889], [-0.57672, 44.47442, 85.03131313131314], [-0.57641, 44.47444, 85.03131313131314], [-0.57617, 44.4744, 85.03131313131314]]]}}, {"type": "Feature", "properties": {"id_obligation": "332510000C0717", "priorite": "très forte"}, "geometry": {"type": "Polygon", "coordinates": [[[-0.5623, 44.50369, 72.58070234207901], [-0.56235, 44.50371, 72.4], [-0.56242, 44.50353, 72.48571428571428], [-0.56268, 44.50341, -196.35285714285715], [-0.56292, 44.50338, -196.35285714285715], [-0.5633, 44.50343, -196.35285714285715], [-0.5635, 44.50353, -196.35285714285715], [-0.56365, 44.50372, -196.35285714285715], [-0.56367, 44.50399, -196.35285714285715], [-0.56361, 44.50416, -196.35285714285715], [-0.56342, 44.50433, -196.35285714285715], [-0.5632, 44.50441, -196.35285714285715], [-0.56287, 44.50442, -1000.0], [-0.56263, 44.50438, -196.35285714285715], [-0.56243, 44.50428, -196.35285714285715], [-0.5623, 44.50413, -196.35285714285715], [-0.5623, 44.50369, 72.58070234207901]]]}}, {"type": "Feature", "properties": {"id_obligation": "332510000C0726", "priorite": "très forte"}, "geometry": {"type": "Polygon", "coordinates": [[[-0.58142, 44.47621, -93.50666666666656], [-0.58124, 44.47639, -93.50666666666656], [-0.58096, 44.47649, -93.50666666666656], [-0.58065, 44.47648, -93.50666666666656], [-0.58028, 44.47635, -93.50666666666656], [-0.57996, 44.47605, -93.50666666666656], [-0.57986, 44.47585, -93.50666666666656], [-0.57991, 44.47563, -93.50666666666656], [-0.58002, 44.47547, -93.50666666666656], [-0.58021, 44.47536, -93.50666666666656], [-0.58045, 44.47532, -93.50666666666656], [-0.58075, 44.47534, -93.50666666666656], [-0.58133, 44.47563, -93.50666666666656], [-0.58145, 44.47578, 88.4], [-0.58149, 44.476, 88.4], [-0.58142, 44.47621, -93.50666666666656]]]}}, {"type": "Feature", "properties": {"id_obligation": "332510000C0729", "priorite": "très forte"}, "geometry": {"type": "Polygon", "coordinates": [[[-0.58116, 44.47631, 88.4], [-0.58093, 44.47637, 87.1], [-0.58069, 44.47636, 87.1], [-0.58038, 44.47625, -129.8488888888889], [-0.58021, 44.47612, -129.8488888888889], [-0.58013, 44.47596, -1000.0], [-0.58015, 44.47578, -1000.0], [-0.58028, 44.47557, -129.8488888888889], [-0.58047, 44.47546, -129.8488888888889], [-0.58076, 44.4754, -129.8488888888889], [-0.581, 44.47542, -129.8488888888889], [-0.58126, 44.47551, -129.8488888888889], [-0.58143, 44.47565, -129.8488888888889], [-0.58151, 44.47582, 88.40000000000002], [-0.58149, 44.47599, 88.40000000000002], [-0.58138, 44.47617, 88.4], [-0.58116, 44.47631, 88.4]]]}}, {"type": "Feature", "properties": {"id_obligation": "332510000C0775", "priorite": "forte"}, "geometry": {"type": "Polygon", "coordinates": [[[-0.57714, 44.50165, 74.3], [-0.57742, 44.50157, 74.75162393162393], [-0.57784, 44.50162, 73.98888888888891], [-0.57809, 44.50174, 73.98888888888891], [-0.57822, 44.5019, 73.9], [-0.57824, 44.50211, 76.5], [-0.57813, 44.50238, 74.75162393162393], [-0.57792, 44.50262, 74.75162393162393], [-0.57772, 44.50271, 74.75162393162393], [-0.57748, 44.50274, 74.75162393162393], [-0.57714, 44.50269, 74.75162393162393], [-0.57693, 44.50258, 74.75162393162393], [-0.57677, 44.50229, 74.2], [-0.57691, 44.50186, 74.3], [-0.57714, 44.50165, 74.3]]]}}, {"type": "Feature", "properties": {"id_obligation": "332510000C0777", "priorite": "forte"}, "geometry": {"type": "Polygon", "coordinates": [[[-0.57879, 44.50188, 74.02], [-0.57901, 44.50196, 74.02], [-0.57917, 44.50209, 74.02], [-0.57925, 44.50226, 74.02], [-0.57922, 44.50252, 74.02], [-0.57911, 44.50268, 74.02], [-0.57893, 44.5028, 74.02], [-0.57869, 44.50286, 74.02], [-0.57824, 44.50283, 74.02], [-0.57802, 44.50277, 74.02], [-0.57784, 44.50265, 74.02], [-0.57773, 44.50246, 74.02], [-0.57775, 44.50221, 74.02], [-0.5779, 44.50201, 74.02], [-0.57816, 44.50189, 74.02], [-0.57849, 44.50185, 73.92], [-0.57879, 44.50188, 74.02]]]}}, {"type": "Feature", "properties": {"id_obligation": "332510000C0782", "priorite": "forte"}, "geometry": {"type": "Polygon", "coordinates": [[[-0.57765, 44.50232, -91.76652661064425], [-0.57749, 44.50257, -91.76652661064425], [-0.57732, 44.5027, -91.76652661064425], [-0.5771, 44.50277, -91.76652661064425], [-0.57686, 44.50278, -91.76652661064425], [-0.57664, 44.50272, -91.76652661064425], [-0.5764, 44.5026, -91.76652661064425], [-0.57625, 44.50242, -91.76652661064425], [-0.57623, 44.50225, -234.21428571428572], [-0.57633, 44.50204, -234.21428571428572], [-0.57636, 44.50175, -91.76652661064425], [-0.57652, 44.50156, -91.76652661064425], [-0.57678, 44.50146, -91.76652661064425], [-0.57715, 44.50147, -91.76652661064425], [-0.57751, 44.50161, -91.76652661064425], [-0.57767, 44.50183, -91.76652661064425], [-0.57765, 44.50232, -91.76652661064425]]]}}, {"type": "Feature", "properties": {"id_obligation": "332510000C0791", "priorite": "très forte"}, "geometry": {"type": "Polygon", "coordinates": [[[-0.57992, 44.48583, 79.98571428571428], [-0.58013, 44.48567, 79.98571428571428], [-0.58042, 44.4856, 79.98571428571428], [-0.58079, 44.48562, 79.98571428571428], [-0.58105, 44.48574, 79.98571428571428], [-0.58118, 44.4859, 79.98571428571428], [-0.58122, 44.48621, 79.98571428571428], [-0.58118, 44.48638, 79.2], [-0.58106, 44.48653, 79.2], [-0.58086, 44.48663, 79.2], [-0.58062, 44.48668, 79.85714285714286], [-0.58028, 44.48665, 79.98571428571428], [-0.58007, 44.48657, 79.98571428571428], [-0.57992, 44.48643, 79.98571428571428], [-0.57984, 44.48605, 79.98571428571428], [-0.57992, 44.48583, 79.98571428571428]]]}}, {"type": "Feature", "properties": {"id_obligation": "332510000C0801", "priorite": "très forte"}, "geometry": {"type": "Polygon", "coordinates": [[[-0.584, 44.4805, 83.38869047619048], [-0.58381, 44.48073, 83.38869047619048], [-0.58359, 44.48082, 83.38869047619048], [-0.58292, 44.48091, 83.38869047619048], [-0.58268, 44.48089, 83.38869047619048], [-0.58242, 44.48078, 83.38869047619048], [-0.58218, 44.48049, 82.18333333333334], [-0.58211, 44.48026, 82.18333333333334], [-0.58218, 44.48005, 83.38869047619048], [-0.58239, 44.47988, 83.38869047619048], [-0.58285, 44.47978, 83.0], [-0.5831, 44.47967, 83.0], [-0.58335, 44.47964, 83.38869047619048], [-0.5836, 44.47968, 83.38869047619048], [-0.58385, 44.47981, 83.38869047619048], [-0.58396, 44.47997, 83.38869047619048], [-0.584, 44.4805, 83.38869047619048]]]}}, {"type": "Feature", "properties": {"id_obligation": "332510000C0811", "priorite": "forte"}, "geometry": {"type": "Polygon", "coordinates": [[[-0.57981, 44.48621, 79.60714285714283], [-0.57965, 44.48639, 79.60714285714283], [-0.57932, 44.48651, 79.60714285714283], [-0.57893, 44.48649, 79.60714285714283], [-0.57867, 44.48638, 79.60714285714283], [-0.57852, 44.48619, 79.60714285714283], [-0.5785, 44.48583, 78.7], [-0.57845, 44.4858, 79.36666666666665], [-0.5785, 44.48555, 79.60714285714283], [-0.57863, 44.48539, 79.60714285714283], [-0.57884, 44.48529, 79.60714285714283], [-0.57908, 44.48525, 79.60714285714283], [-0.57942, 44.48528, 79.60714285714283], [-0.57963, 44.48536, 79.60714285714283], [-0.57979, 44.4855, 79.60714285714283], [-0.57987, 44.48588, 79.60714285714283], [-0.57981, 44.48621, 79.60714285714283]]]}}, {"type": "Feature", "properties": {"id_obligation": "332510000C0858", "priorite": "forte"}, "geometry": {"type": "Polygon", "coordinates": [[[-0.57429, 44.4735, 84.9], [-0.5742, 44.47334, 85.0], [-0.57419, 44.47323, 85.0], [-0.57441, 44.4732, 85.0], [-0.57439, 44.47313, 85.0], [-0.5742, 44.47315, 85.0], [-0.5743, 44.47295, 84.86250000000001], [-0.57447, 44.47282, 84.86250000000001], [-0.5747, 44.47275, 84.86250000000001], [-0.57494, 44.47275, 84.86250000000001], [-0.57522, 44.47283, 84.86250000000001], [-0.5754, 44.47295, 84.86250000000001], [-0.5755, 44.47311, 84.86250000000001], [-0.57549, 44.47334, 84.86250000000001], [-0.57539, 44.47351, 84.86250000000001], [-0.57516, 44.47366, 84.86250000000001], [-0.57485, 44.47371, 84.89999999999999], [-0.57468, 44.47369, 84.9], [-0.57475, 44.47352, 84.9], [-0.57465, 44.47347, 84.9], [-0.57455, 44.47366, 84.9], [-0.57429, 44.4735, 84.9]]]}}, {"type": "Feature", "properties": {"id_obligation": "332510000C0864", "priorite": "forte"}, "geometry": {"type": "Polygon", "coordinates": [[[-0.57383, 44.47302, 83.9], [-0.57356, 44.47313, 83.9], [-0.57319, 44.47313, 83.9], [-0.5729, 44.47305, 83.9], [-0.57273, 44.47292, 83.9], [-0.57264, 44.47271, 83.9], [-0.5727, 44.47236, 83.9], [-0.5728, 44.47221, 83.9], [-0.57297, 44.47209, 83.9], [-0.57319, 44.47203, 83.9], [-0.57355, 44.47203, 83.9], [-0.57378, 44.4721, 83.9], [-0.57395, 44.47223, 83.9], [-0.57404, 44.47239, 83.9], [-0.57399, 44.47283, 83.9], [-0.57383, 44.47302, 83.9]]]}}, {"type": "Feature", "properties": {"id_obligation": "332510000C0866", "priorite": "forte"}, "geometry": {"type": "Polygon", "coordinates": [[[-0.57393, 44.47365, 84.63], [-0.57368, 44.47351, 84.63], [-0.57355, 44.47331, 83.7], [-0.57354, 44.47306, 83.7], [-0.57363, 44.47291, 84.63], [-0.57386, 44.47276, 84.63], [-0.57426, 44.47268, 84.63], [-0.57451, 44.47268, 84.63], [-0.57474, 44.47275, 84.63], [-0.57491, 44.47288, 84.63], [-0.57501, 44.47304, 84.65], [-0.57503, 44.47328, 84.65], [-0.57493, 44.47345, 84.89999999999999], [-0.57476, 44.47357, 84.89999999999999], [-0.57473, 44.47359, 84.9], [-0.57475, 44.47352, 84.9], [-0.57465, 44.47347, 84.9], [-0.57456, 44.47363, 84.9], [-0.57423, 44.47368, 84.9], [-0.57393, 44.47365, 84.63]]]}}, {"type": "Feature", "properties": {"id_obligation": "332510000C0868", "priorite": "forte"}, "geometry": {"type": "Polygon", "coordinates": [[[-0.57516, 44.47402, -49.27951680672269], [-0.57485, 44.47416, -728.525], [-0.57455, 44.47417, -728.525], [-0.57418, 44.47407, 85.9], [-0.57401, 44.47394, 85.9], [-0.57391, 44.47374, 85.80000000000001], [-0.57393, 44.47357, 85.80000000000001], [-0.5741, 44.47324, 85.0], [-0.57416, 44.47319, 85.0], [-0.57417, 44.47323, 85.0], [-0.57441, 44.4732, 85.0], [-0.57439, 44.47313, 85.0], [-0.57421, 44.47315, 85.0], [-0.57451, 44.47303, 84.8], [-0.57476, 44.47303, 84.8], [-0.57504, 44.47311, 84.66250000000001], [-0.57526, 44.47326, 84.66250000000001], [-0.57536, 44.47342, -49.27951680672269], [-0.57537, 44.4736, -49.27951680672269], [-0.57516, 44.47402, -49.27951680672269]]]}}, {"type": "Feature", "properties": {"id_obligation": "332510000C0870", "priorite": "forte"}, "geometry": {"type": "Polygon", "coordinates": [[[-0.57319, 44.47359, 84.65142857142857], [-0.57309, 44.47342, 83.8], [-0.57311, 44.4732, 84.65142857142857], [-0.57326, 44.47299, 84.65142857142857], [-0.57351, 44.47286, 84.65142857142857], [-0.57376, 44.47283, 84.65142857142857], [-0.57415, 44.47291, 85.0], [-0.57437, 44.473, 85.0], [-0.57452, 44.47315, 85.0], [-0.57458, 44.47332, 85.0], [-0.57453, 44.4735, 85.0], [-0.57437, 44.47371, 85.75714285714287], [-0.57417, 44.47381, 85.75714285714287], [-0.57392, 44.47385, 84.65142857142857], [-0.57342, 44.47374, 84.65142857142857], [-0.57319, 44.47359, 84.65142857142857]]]}}, {"type": "Feature", "properties": {"id_obligation": "332510000C0872", "priorite": "forte"}, "geometry": {"type": "Polygon", "coordinates": [[[-0.57336, 44.4738, 83.75], [-0.57308, 44.47378, 83.75], [-0.57286, 44.47369, 83.75], [-0.57271, 44.47355, 83.75], [-0.57263, 44.47333, 83.75], [-0.57272, 44.47304, 83.75], [-0.57286, 44.47289, 83.75], [-0.57307, 44.47279, 83.75], [-0.57331, 44.47275, 83.75], [-0.57363, 44.4728, 83.75], [-0.57384, 44.47291, 83.75], [-0.57394, 44.47302, 83.75], [-0.57401, 44.4732, 83.7], [-0.57395, 44.47345, 83.75], [-0.57384, 44.47361, 83.75], [-0.57364, 44.47373, 83.75], [-0.57336, 44.4738, 83.75]]]}}, {"type": "Feature", "properties": {"id_obligation": "332510000C0876", "priorite": "forte"}, "geometry": {"type": "Polygon", "coordinates": [[[-0.57497, 44.47411, -97.715], [-0.5748, 44.47424, -97.715], [-0.57457, 44.47431, -97.715], [-0.57417, 44.47432, -97.715], [-0.57389, 44.47422, -97.715], [-0.57374, 44.47408, -97.715], [-0.57367, 44.47391, -97.715], [-0.57367, 44.47365, -97.715], [-0.57378, 44.47349, 83.7], [-0.57402, 44.47334, 83.7], [-0.57426, 44.4733, -97.715], [-0.57459, 44.47331, 84.89999999999999], [-0.57481, 44.47339, 84.89999999999999], [-0.57498, 44.47352, 84.89999999999999], [-0.57506, 44.47368, -349.06], [-0.57507, 44.47389, -349.06], [-0.57497, 44.47411, -97.715]]]}}, {"type": "Feature", "properties": {"id_obligation": "332510000C0879", "priorite": "très forte"}, "geometry": {"type": "Polygon", "coordinates": [[[-0.56625, 44.47175, 80.7], [-0.56602, 44.47183, 79.85], [-0.56577, 44.47183, 79.85], [-0.56533, 44.47173, 79.4125], [-0.56512, 44.47157, 79.4125], [-0.56505, 44.47141, 79.4125], [-0.56506, 44.47123, 79.4125], [-0.56517, 44.471, 79.4125], [-0.56535, 44.47087, 79.4125], [-0.56564, 44.47079, 79.4125], [-0.56588, 44.47081, 79.4125], [-0.56626, 44.4709, 79.4125], [-0.56643, 44.47102, 79.4125], [-0.56653, 44.47118, 77.7], [-0.56654, 44.47135, 77.7], [-0.56645, 44.47158, 80.7], [-0.56625, 44.47175, 80.7]]]}}, {"type": "Feature", "properties": {"id_obligation": "332510000C0880", "priorite": "très forte"}, "geometry": {"type": "Polygon", "coordinates": [[[-0.56647, 44.47205, 79.13000000000001], [-0.5662, 44.47214, 79.13000000000001], [-0.56587, 44.47213, 79.13000000000001], [-0.5656, 44.47204, 79.13000000000001], [-0.56544, 44.47191, 79.13000000000001], [-0.56536, 44.4717, 79.13000000000001], [-0.56543, 44.47138, 79.4], [-0.56555, 44.47122, 79.4], [-0.56574, 44.47111, 79.4], [-0.56598, 44.47106, 79.4], [-0.56631, 44.47109, 77.7], [-0.56652, 44.47117, 77.7], [-0.56667, 44.4713, 77.7], [-0.56674, 44.47147, 79.13000000000001], [-0.56665, 44.47187, 79.13000000000001], [-0.56647, 44.47205, 79.13000000000001]]]}}, {"type": "Feature", "properties": {"id_obligation": "332510000C0881", "priorite": "très forte"}, "geometry": {"type": "Polygon", "coordinates": [[[-0.56768, 44.47041, -98.63333333333334], [-0.56784, 44.47055, -98.63333333333334], [-0.56791, 44.47072, -98.63333333333334], [-0.56786, 44.471, 83.6], [-0.5677, 44.47119, 83.6], [-0.5675, 44.47129, 83.6], [-0.56726, 44.47132, 80.3], [-0.56696, 44.47129, -98.63333333333334], [-0.56669, 44.47118, -98.63333333333334], [-0.56656, 44.47103, -98.63333333333334], [-0.56652, 44.47085, -98.63333333333334], [-0.56656, 44.47061, -98.63333333333334], [-0.56668, 44.47045, -98.63333333333334], [-0.56687, 44.47035, -98.63333333333334], [-0.56711, 44.4703, -98.63333333333334], [-0.56741, 44.47031, -98.63333333333334], [-0.56768, 44.47041, -98.63333333333334]]]}}, {"type": "Feature", "properties": {"id_obligation": "332510000C0883", "priorite": "très forte"}, "geometry": {"type": "Polygon", "coordinates": [[[-0.56712, 44.47063, 80.4], [-0.5674, 44.47054, 80.4], [-0.5677, 44.47056, 80.4], [-0.56799, 44.47066, -232.72909090909087], [-0.56816, 44.47084, -232.72909090909087], [-0.56821, 44.47101, -232.72909090909087], [-0.56812, 44.47128, -232.72909090909087], [-0.568, 44.47144, -232.72909090909087], [-0.56782, 44.47155, -232.72909090909087], [-0.56758, 44.4716, 85.8], [-0.56726, 44.47156, -1000.0], [-0.56703, 44.47148, -1000.0], [-0.56688, 44.47134, -1000.0], [-0.56681, 44.47117, -232.72909090909087], [-0.56693, 44.4708, 80.4], [-0.56712, 44.47063, 80.4]]]}}, {"type": "Feature", "properties": {"id_obligation": "332510000C0885", "priorite": "forte"}, "geometry": {"type": "Polygon", "coordinates": [[[-0.56653, 44.47109, -324.0875], [-0.56676, 44.47093, -324.0875], [-0.567, 44.47088, -324.0875], [-0.56739, 44.47089, -459.8499999999999], [-0.56766, 44.47101, -459.8499999999999], [-0.56779, 44.47115, -459.8499999999999], [-0.56784, 44.47132, 85.8], [-0.56782, 44.47153, -324.0875], [-0.56766, 44.47172, -324.0875], [-0.56746, 44.47182, -324.0875], [-0.56722, 44.47186, -324.0875], [-0.56687, 44.47183, -324.0875], [-0.56665, 44.47175, -324.0875], [-0.56649, 44.4716, -324.0875], [-0.56644, 44.47126, 77.7], [-0.56653, 44.47109, -324.0875]]]}}, {"type": "Feature", "properties": {"id_obligation": "332510000C0886", "priorite": "forte"}, "geometry": {"type": "Polygon", "coordinates": [[[-0.56707, 44.47161, -190.72], [-0.56688, 44.47173, -190.72], [-0.56665, 44.47178, -190.72], [-0.56634, 44.47176, -190.72], [-0.56608, 44.47165, 79.48779926587878], [-0.56612, 44.47152, 80.7], [-0.56604, 44.4715, 80.7], [-0.56601, 44.47159, 79.92480481213036], [-0.56597, 44.47153, 80.02], [-0.5659, 44.47136, 79.4], [-0.56592, 44.47118, 79.4], [-0.56602, 44.47102, -190.72], [-0.56621, 44.47089, -190.72], [-0.56644, 44.47084, -190.72], [-0.56675, 44.47085, -190.72], [-0.56697, 44.47093, -190.72], [-0.56714, 44.47107, -190.72], [-0.56722, 44.47133, -1000.0], [-0.56706, 44.47133, -1000.0], [-0.56706, 44.47141, -1000.0], [-0.5672, 44.47141, -1000.0], [-0.56707, 44.47161, -190.72]]]}}, {"type": "Feature", "properties": {"id_obligation": "332510000C0891", "priorite": "très forte"}, "geometry": {"type": "Polygon", "coordinates": [[[-0.58132, 44.48661, 79.2], [-0.58124, 44.48684, 80.12028985507247], [-0.58109, 44.48698, 80.12028985507247], [-0.58081, 44.48708, 80.12028985507247], [-0.58048, 44.48707, 80.12028985507247], [-0.58017, 44.48697, 80.12028985507247], [-0.57994, 44.48683, 80.12028985507247], [-0.57985, 44.48667, 80.12028985507247], [-0.57985, 44.48637, 80.12028985507247], [-0.57996, 44.4861, 80.12028985507247], [-0.58016, 44.48593, 80.12028985507247], [-0.58038, 44.48586, 81.3], [-0.5808, 44.48586, 80.12028985507247], [-0.58107, 44.48597, 80.12028985507247], [-0.58123, 44.48616, 80.12028985507247], [-0.58132, 44.48661, 79.2]]]}}, {"type": "Feature", "properties": {"id_obligation": "332510000C0905", "priorite": "forte"}, "geometry": {"type": "Polygon", "coordinates": [[[-0.56784, 44.50369, 71.27333333333334], [-0.56754, 44.50383, 71.27333333333334], [-0.56719, 44.50383, 71.27333333333334], [-0.5669, 44.50371, 71.27333333333334], [-0.56673, 44.50358, 71.27333333333334], [-0.56666, 44.50341, 71.27333333333334], [-0.56668, 44.50323, 71.27333333333334], [-0.56661, 44.50301, 71.27333333333334], [-0.56672, 44.50277, 71.27333333333334], [-0.56695, 44.50263, 71.27333333333334], [-0.56723, 44.50256, 71.27333333333334], [-0.56758, 44.50259, 71.27333333333334], [-0.56779, 44.50266, 71.27333333333334], [-0.56795, 44.50279, 71.27333333333334], [-0.5681, 44.50308, 71.27333333333334], [-0.56811, 44.50325, 71.27333333333334], [-0.56784, 44.50369, 71.27333333333334]]]}}, {"type": "Feature", "properties": {"id_obligation": "332510000C0909", "priorite": "moyenne"}, "geometry": {"type": "Polygon", "coordinates": [[[-0.56554, 44.50283, 71.86666666666666], [-0.56562, 44.50263, 72.8], [-0.56581, 44.50247, 72.8], [-0.56608, 44.50237, 72.8], [-0.56639, 44.50236, 72.8], [-0.56664, 44.50242, 72.17686274509803], [-0.56683, 44.50253, 72.17686274509803], [-0.56698, 44.50273, 72.17686274509803], [-0.567, 44.50295, 72.17686274509803], [-0.56693, 44.50311, 72.17686274509803], [-0.56675, 44.50328, 72.17686274509803], [-0.56648, 44.50339, 72.17686274509803], [-0.56617, 44.5034, 72.17686274509803], [-0.56594, 44.50335, 70.7], [-0.56571, 44.50323, 70.7], [-0.56557, 44.50304, 71.86666666666666], [-0.56554, 44.50283, 71.86666666666666]]]}}, {"type": "Feature", "properties": {"id_obligation": "332510000C0931", "priorite": "très forte"}, "geometry": {"type": "Polygon", "coordinates": [[[-0.58908, 44.47258, 87.97857142857141], [-0.58874, 44.47267, 88.0], [-0.58844, 44.47264, 88.0], [-0.58811, 44.4725, 87.97857142857141], [-0.58797, 44.47235, 87.97857142857141], [-0.5878, 44.47197, 87.97857142857141], [-0.58784, 44.4718, 87.97857142857141], [-0.58803, 44.47156, 87.97857142857141], [-0.58823, 44.47145, 87.97857142857141], [-0.58847, 44.47142, 87.1], [-0.58871, 44.47144, 87.1], [-0.58899, 44.47156, 87.97857142857141], [-0.58931, 44.47183, 87.97857142857141], [-0.5894, 44.47199, 87.97857142857141], [-0.5894, 44.47217, 87.97857142857141], [-0.58927, 44.4724, 87.97857142857141], [-0.58908, 44.47258, 87.97857142857141]]]}}, {"type": "Feature", "properties": {"id_obligation": "332510000C0951", "priorite": "moyenne"}, "geometry": {"type": "Polygon", "coordinates": [[[-0.56617, 44.50951, 74.45666666666666], [-0.56606, 44.50931, 74.45666666666666], [-0.56608, 44.5091, 74.45666666666666], [-0.56622, 44.50891, 74.45666666666666], [-0.56647, 44.50878, 74.45666666666666], [-0.56671, 44.50875, 74.9], [-0.56695, 44.50878, 74.45666666666666], [-0.56721, 44.50889, 74.45666666666666], [-0.56737, 44.50903, 74.45666666666666], [-0.56743, 44.50921, 73.52000000000001], [-0.5674, 44.50939, 74.45666666666666], [-0.56724, 44.50958, 74.45666666666666], [-0.56704, 44.50968, 74.45666666666666], [-0.5668, 44.50972, 74.45666666666666], [-0.56635, 44.50962, 74.45666666666666], [-0.56617, 44.50951, 74.45666666666666]]]}}, {"type": "Feature", "properties": {"id_obligation": "332510000C0957", "priorite": "faible"}, "geometry": {"type": "Polygon", "coordinates": [[[-0.56807, 44.51132, 74.32666666666667], [-0.56783, 44.51152, 74.32666666666667], [-0.56747, 44.51159, 73.0], [-0.56709, 44.51149, 74.32666666666667], [-0.56683, 44.51126, 74.32666666666667], [-0.56682, 44.51097, 74.32666666666667], [-0.56659, 44.51086, 74.32666666666667], [-0.56644, 44.51066, 74.32666666666667], [-0.56643, 44.51044, 74.7], [-0.56654, 44.51025, 74.7], [-0.56674, 44.51009, 74.7], [-0.56708, 44.51002, 74.7], [-0.56753, 44.51013, 74.7], [-0.56779, 44.51014, 74.32666666666667], [-0.56805, 44.51023, 74.32666666666667], [-0.56822, 44.51036, 74.32666666666667], [-0.56832, 44.51052, 74.8], [-0.56832, 44.51069, 74.8], [-0.5682, 44.5109, 74.8], [-0.56822, 44.51098, 74.8], [-0.56807, 44.51132, 74.32666666666667]]]}}, {"type": "Feature", "properties": {"id_obligation": "332510000C0959", "priorite": "faible"}, "geometry": {"type": "Polygon", "coordinates": [[[-0.56782, 44.51063, 74.8], [-0.56792, 44.51083, 73.72], [-0.56789, 44.511, 73.72], [-0.56774, 44.51123, 73.0], [-0.56749, 44.51136, 73.0], [-0.56724, 44.51139, 73.0], [-0.567, 44.51135, 73.0], [-0.56667, 44.51122, 74.00333333333333], [-0.56652, 44.51108, 74.00333333333333], [-0.56646, 44.51091, 74.00333333333333], [-0.56653, 44.51066, 74.00333333333333], [-0.56667, 44.51051, 74.00333333333333], [-0.56688, 44.51041, 74.00333333333333], [-0.56712, 44.51037, 74.7], [-0.56761, 44.51048, 74.8], [-0.56782, 44.51063, 74.8]]]}}, {"type": "Feature", "properties": {"id_obligation": "332510000C1049", "priorite": "forte"}, "geometry": {"type": "Polygon", "coordinates": [[[-0.56711, 44.50263, 72.36212121212122], [-0.56684, 44.50273, 72.36212121212122], [-0.56653, 44.50273, 72.5], [-0.56596, 44.50259, 72.8], [-0.56573, 44.50244, 72.8], [-0.56545, 44.50208, 72.3], [-0.56541, 44.50186, 72.3], [-0.56551, 44.50166, 72.1], [-0.56567, 44.50153, 72.1], [-0.56607, 44.50138, 72.39999999999999], [-0.56643, 44.50136, 72.39999999999999], [-0.56666, 44.50142, 72.36212121212122], [-0.56688, 44.50158, 72.36212121212122], [-0.56697, 44.50179, 72.36212121212122], [-0.56715, 44.50188, 71.41666666666667], [-0.56729, 44.50203, 71.41666666666667], [-0.56734, 44.50221, 71.41666666666667], [-0.5673, 44.50242, 72.36212121212122], [-0.56711, 44.50263, 72.36212121212122]]]}}, {"type": "Feature", "properties": {"id_obligation": "332510000C1051", "priorite": "forte"}, "geometry": {"type": "Polygon", "coordinates": [[[-0.56664, 44.50302, 72.50333333333334], [-0.56648, 44.5032, 72.50333333333334], [-0.5662, 44.50331, 72.50333333333334], [-0.56592, 44.50332, 71.3], [-0.56561, 44.50346, 71.3], [-0.56536, 44.50347, 72.8], [-0.56501, 44.50339, 72.8], [-0.56483, 44.50327, 72.8], [-0.56472, 44.50311, 72.8], [-0.56475, 44.50278, 72.50333333333334], [-0.56493, 44.50248, 72.50333333333334], [-0.56511, 44.50237, 72.50333333333334], [-0.56547, 44.50232, 72.50333333333334], [-0.56581, 44.50216, 72.50333333333334], [-0.56622, 44.50217, 73.6], [-0.56648, 44.50227, 73.6], [-0.56667, 44.50249, 72.75], [-0.56664, 44.50302, 72.50333333333334]]]}}, {"type": "Feature", "properties": {"id_obligation": "332510000C1055", "priorite": "très forte"}, "geometry": {"type": "Polygon", "coordinates": [[[-0.56411, 44.50222, 75.06338383838384], [-0.56383, 44.50238, 75.06338383838384], [-0.56353, 44.50241, 75.06338383838384], [-0.56316, 44.50232, 75.06338383838384], [-0.56295, 44.50214, 75.06338383838384], [-0.56289, 44.50197, 75.50833333333334], [-0.56302, 44.50155, 77.8], [-0.56312, 44.50139, 77.8], [-0.56331, 44.50127, 77.8], [-0.56354, 44.50122, 75.06338383838384], [-0.56389, 44.50124, 75.06338383838384], [-0.56412, 44.50132, 75.06338383838384], [-0.56428, 44.50145, 75.06338383838384], [-0.56436, 44.50162, 75.06338383838384], [-0.56426, 44.50199, 75.06338383838384], [-0.56411, 44.50222, 75.06338383838384]]]}}, {"type": "Feature", "properties": {"id_obligation": "332510000C1064", "priorite": "forte"}, "geometry": {"type": "Polygon", "coordinates": [[[-0.58178, 44.47609, 85.85], [-0.58192, 44.476, 85.7], [-0.58202, 44.47601, 85.7], [-0.58202, 44.47596, 85.85], [-0.58225, 44.47592, 86.71764705882354], [-0.58264, 44.47595, 86.28495798319328], [-0.58289, 44.47607, 86.28495798319328], [-0.58302, 44.47622, 86.28495798319328], [-0.58305, 44.4764, 86.28495798319328], [-0.583, 44.47664, 86.28495798319328], [-0.58283, 44.47682, 86.28495798319328], [-0.58261, 44.47691, 86.28495798319328], [-0.58237, 44.47693, 86.28495798319328], [-0.58204, 44.4769, 85.8], [-0.58183, 44.4768, 85.8], [-0.58169, 44.47666, 85.8], [-0.58164, 44.47648, 85.8], [-0.58166, 44.47628, 85.8], [-0.58178, 44.47609, 85.85]]]}}, {"type": "Feature", "properties": {"id_obligation": "332510000C1070", "priorite": "très forte"}, "geometry": {"type": "Polygon", "coordinates": [[[-0.58292, 44.47652, 86.77361111111111], [-0.58269, 44.47667, 86.77361111111111], [-0.58239, 44.47673, 86.59999999999998], [-0.58205, 44.47669, 86.59999999999998], [-0.58184, 44.47659, 86.77361111111111], [-0.5817, 44.47642, 86.77361111111111], [-0.58149, 44.47634, 87.2], [-0.58134, 44.4762, 87.2], [-0.58127, 44.47599, 87.2], [-0.58132, 44.47578, 86.77361111111111], [-0.5815, 44.47561, 86.77361111111111], [-0.58183, 44.47551, 86.77361111111111], [-0.5827, 44.47562, 86.77361111111111], [-0.5829, 44.47571, 86.77361111111111], [-0.58303, 44.47586, 86.77361111111111], [-0.58308, 44.47603, 86.77361111111111], [-0.58305, 44.47627, 86.77361111111111], [-0.58292, 44.47652, 86.77361111111111]]]}}, {"type": "Feature", "properties": {"id_obligation": "332510000C1075", "priorite": "forte"}, "geometry": {"type": "Polygon", "coordinates": [[[-0.58215, 44.47704, 86.53], [-0.5819, 44.47706, 86.53], [-0.58166, 44.477, 86.53], [-0.58142, 44.47686, 86.53], [-0.58131, 44.4767, 86.53], [-0.58129, 44.47653, 86.53], [-0.58136, 44.47636, 86.53], [-0.58155, 44.4762, 86.53], [-0.58176, 44.47612, 86.0], [-0.582, 44.4761, 86.0], [-0.58234, 44.47619, 86.7], [-0.58229, 44.47619, 86.7], [-0.58229, 44.47628, 86.9], [-0.58239, 44.47628, 86.9], [-0.58236, 44.47621, 86.7], [-0.58247, 44.47628, 86.91999999999999], [-0.58259, 44.47643, 87.40000000000002], [-0.58262, 44.47661, 87.40000000000002], [-0.58255, 44.47678, 86.53], [-0.58241, 44.47692, 86.53], [-0.58215, 44.47704, 86.53]]]}}, {"type": "Feature", "properties": {"id_obligation": "332510000C1085", "priorite": "très forte"}, "geometry": {"type": "Polygon", "coordinates": [[[-0.56602, 44.50175, 72.1], [-0.56589, 44.50178, 72.1], [-0.56591, 44.50181, 72.1], [-0.566, 44.50179, 72.1], [-0.56594, 44.50189, 72.1], [-0.56568, 44.50207, 72.1], [-0.56533, 44.50212, 71.69666666666667], [-0.56494, 44.50203, 71.69666666666667], [-0.56477, 44.5019, 71.69666666666667], [-0.56467, 44.50169, 71.69666666666667], [-0.56475, 44.50126, 71.69666666666667], [-0.56484, 44.5011, 71.69666666666667], [-0.56505, 44.50095, 71.69666666666667], [-0.56528, 44.50089, 70.89999999999999], [-0.56579, 44.50097, 71.69666666666667], [-0.56597, 44.50108, 71.69666666666667], [-0.56608, 44.50124, 71.69666666666667], [-0.56602, 44.50175, 72.1]]]}}, {"type": "Feature", "properties": {"id_obligation": "332510000C1086", "priorite": "forte"}, "geometry": {"type": "Polygon", "coordinates": [[[-0.56583, 44.50226, 72.3], [-0.56554, 44.50218, 72.61666666666666], [-0.56534, 44.50201, 72.61666666666666], [-0.56526, 44.5018, 72.6], [-0.56529, 44.50166, 72.6], [-0.5654, 44.50167, 72.6], [-0.56542, 44.50158, 72.6], [-0.56533, 44.50156, 72.6], [-0.56547, 44.50144, 72.6], [-0.56568, 44.50135, 72.6], [-0.56604, 44.50129, 72.61666666666666], [-0.56629, 44.50132, 72.61666666666666], [-0.5665, 44.50142, 72.61666666666666], [-0.56664, 44.50157, 72.61666666666666], [-0.5667, 44.50177, 72.7], [-0.56665, 44.50194, 73.34285714285716], [-0.56651, 44.50209, 73.34285714285716], [-0.5664, 44.50215, 73.6], [-0.56642, 44.50202, 73.6], [-0.56629, 44.50201, 73.6], [-0.56626, 44.5022, 73.6], [-0.56583, 44.50226, 72.3]]]}}, {"type": "Feature", "properties": {"id_obligation": "332510000C1089", "priorite": "très forte"}, "geometry": {"type": "Polygon", "coordinates": [[[-0.5658, 44.50151, 71.56736111111111], [-0.56555, 44.50163, 71.56736111111111], [-0.5654, 44.50166, 72.6], [-0.56542, 44.50158, 72.6], [-0.56532, 44.50156, 72.6], [-0.56533, 44.50166, 72.6], [-0.56501, 44.50162, 71.56736111111111], [-0.56481, 44.50152, 71.56736111111111], [-0.56468, 44.50137, 71.56736111111111], [-0.56464, 44.50119, 71.56736111111111], [-0.5647, 44.50097, 71.56736111111111], [-0.56484, 44.50083, 71.56736111111111], [-0.56504, 44.50074, 71.56736111111111], [-0.56528, 44.50071, 71.56736111111111], [-0.56556, 44.50075, 71.56736111111111], [-0.56579, 44.50086, 71.56736111111111], [-0.56592, 44.50101, 71.56736111111111], [-0.56596, 44.50119, 71.56736111111111], [-0.56592, 44.50135, 71.56736111111111], [-0.5658, 44.50151, 71.56736111111111]]]}}, {"type": "Feature", "properties": {"id_obligation": "332510000C1095", "priorite": "forte"}, "geometry": {"type": "MultiPolygon", "coordinates": [[[[-0.57743, 44.47424, 85.5074494949495], [-0.57741, 44.47402, 85.5074494949495], [-0.57752, 44.47383, 84.7], [-0.57776, 44.47367, 84.7], [-0.57799, 44.47361, 84.7909090909091], [-0.57829, 44.47363, 84.7909090909091], [-0.5785, 44.47372, 85.5074494949495], [-0.57875, 44.47392, 85.5074494949495], [-0.57883, 44.47408, 85.5074494949495], [-0.57881, 44.47425, 85.5074494949495], [-0.57871, 44.47441, 87.5], [-0.57848, 44.47457, 87.5], [-0.57825, 44.47463, 85.5074494949495], [-0.578, 44.47462, 85.5074494949495], [-0.57759, 44.47442, 85.5074494949495], [-0.57743, 44.47424, 85.5074494949495]]], [[[-0.57797, 44.47391, 85.1], [-0.57799, 44.47389, 85.1], [-0.57802, 44.4739, 85.1], [-0.57797, 44.47391, 85.1]]]]}}, {"type": "Feature", "properties": {"id_obligation": "332510000C1096", "priorite": "forte"}, "geometry": {"type": "MultiPolygon", "coordinates": [[[[-0.57875, 44.47379, -27.71204146730457], [-0.57875, 44.47396, -27.71204146730457], [-0.57855, 44.47425, -27.71204146730457], [-0.57838, 44.47438, -27.71204146730457], [-0.5781, 44.47445, 85.72727272727273], [-0.57786, 44.47443, 85.72727272727273], [-0.57752, 44.47432, -27.71204146730457], [-0.57735, 44.4742, -27.71204146730457], [-0.57724, 44.47399, 85.6], [-0.57722, 44.47369, 85.6], [-0.57732, 44.47369, 85.6], [-0.57731, 44.47355, 85.6], [-0.57726, 44.47355, 85.6], [-0.57751, 44.47333, -366.7333333333331], [-0.57784, 44.47324, -27.71204146730457], [-0.57814, 44.47325, -27.71204146730457], [-0.5784, 44.47337, -27.71204146730457], [-0.57875, 44.47379, -27.71204146730457]]], [[[-0.578, 44.47392, 85.1], [-0.57797, 44.47391, 85.1], [-0.57799, 44.47389, 85.1], [-0.578, 44.47392, 85.1]]]]}}, {"type": "Feature", "properties": {"id_obligation": "332510000C1102", "priorite": "forte"}, "geometry": {"type": "Polygon", "coordinates": [[[-0.57772, 44.47404, 84.88181818181819], [-0.5775, 44.47412, 84.7], [-0.57716, 44.47416, 84.7], [-0.57704, 44.47406, 84.7], [-0.57695, 44.47414, 84.6304437355178], [-0.5768, 44.47409, 85.06666666666666], [-0.57659, 44.47394, 85.06666666666666], [-0.5765, 44.47378, 85.15], [-0.57651, 44.47356, 85.15], [-0.57665, 44.47329, -70.05735930735929], [-0.57682, 44.47317, -70.05735930735929], [-0.57705, 44.47311, -70.05735930735929], [-0.57745, 44.47311, -70.05735930735929], [-0.57768, 44.47319, -1000.0], [-0.57785, 44.47332, -1000.0], [-0.57792, 44.47344, -1000.0], [-0.57795, 44.47368, 84.20741259028996], [-0.57785, 44.4737, 84.2], [-0.5779, 44.47388, 84.88181818181819], [-0.57772, 44.47404, 84.88181818181819]]]}}, {"type": "Feature", "properties": {"id_obligation": "332510000C1108", "priorite": "forte"}, "geometry": {"type": "Polygon", "coordinates": [[[-0.57827, 44.50117, 74.17999999999999], [-0.57861, 44.50118, 74.19490740740741], [-0.57894, 44.50128, 74.19490740740741], [-0.57913, 44.50145, 74.19490740740741], [-0.57917, 44.50167, 74.19490740740741], [-0.57906, 44.50197, 74.19490740740741], [-0.57892, 44.5021, 74.19490740740741], [-0.57849, 44.50232, 74.11999999999998], [-0.57824, 44.50236, 74.11999999999998], [-0.57797, 44.50231, 75.61111111111111], [-0.57777, 44.50222, 75.61111111111111], [-0.57763, 44.50207, 75.61111111111111], [-0.57758, 44.5019, 73.775], [-0.57765, 44.50168, 73.775], [-0.57795, 44.5013, 73.6], [-0.57827, 44.50117, 74.17999999999999]]]}}, {"type": "Feature", "properties": {"id_obligation": "332510000C1109", "priorite": "forte"}, "geometry": {"type": "Polygon", "coordinates": [[[-0.57857, 44.50125, 74.33989510489512], [-0.57871, 44.50144, 73.70909090909092], [-0.57873, 44.50172, 73.70909090909092], [-0.57862, 44.50192, 73.95], [-0.57843, 44.50204, 73.95], [-0.57821, 44.5021, 75.525], [-0.57777, 44.5021, 75.525], [-0.5775, 44.50202, 74.5], [-0.57733, 44.50189, 74.5], [-0.57724, 44.50173, 74.33989510489512], [-0.57722, 44.50151, 74.33989510489512], [-0.57733, 44.5013, 74.33989510489512], [-0.57751, 44.50118, 74.33989510489512], [-0.5778, 44.50109, 74.33989510489512], [-0.57807, 44.50108, 74.33989510489512], [-0.57837, 44.50114, 74.33989510489512], [-0.57857, 44.50125, 74.33989510489512]]]}}, {"type": "Feature", "properties": {"id_obligation": "332510000C1112", "priorite": "très forte"}, "geometry": {"type": "Polygon", "coordinates": [[[-0.57944, 44.47434, 86.75], [-0.57947, 44.47454, 86.75], [-0.57943, 44.47472, 86.75], [-0.57925, 44.4749, 86.75], [-0.57903, 44.47498, 86.75], [-0.57871, 44.475, 86.75], [-0.57841, 44.47497, 86.75], [-0.57816, 44.47484, 86.75], [-0.57802, 44.47465, 86.75], [-0.57801, 44.47442, 86.75], [-0.57807, 44.47425, 86.0], [-0.57823, 44.47411, 86.0], [-0.57851, 44.47401, 86.75], [-0.57884, 44.47401, 86.75], [-0.57908, 44.47406, 86.75], [-0.57926, 44.47415, 86.75], [-0.57944, 44.47434, 86.75]]]}}, {"type": "Feature", "properties": {"id_obligation": "332510000C1116", "priorite": "moyenne"}, "geometry": {"type": "Polygon", "coordinates": [[[-0.57172, 44.51065, 76.43027777777777], [-0.57205, 44.51086, 76.43027777777777], [-0.57221, 44.51114, 77.11111111111111], [-0.57215, 44.51136, 76.43027777777777], [-0.57203, 44.51151, 76.43027777777777], [-0.57183, 44.51162, 76.43027777777777], [-0.57159, 44.51166, 76.43027777777777], [-0.57108, 44.51158, 76.43027777777777], [-0.57082, 44.51148, 76.43027777777777], [-0.5705, 44.51128, 76.2], [-0.57038, 44.51105, 76.2], [-0.57044, 44.51079, 76.43027777777777], [-0.57068, 44.51059, 76.43027777777777], [-0.57097, 44.51053, 77.5], [-0.5715, 44.51058, 77.5], [-0.57172, 44.51065, 76.43027777777777]]]}}, {"type": "Feature", "properties": {"id_obligation": "332510000C1117", "priorite": "moyenne"}, "geometry": {"type": "Polygon", "coordinates": [[[-0.57021, 44.51145, 77.6], [-0.57001, 44.51129, 77.6], [-0.56994, 44.51112, 74.7], [-0.56997, 44.51086, 75.7357142857143], [-0.57014, 44.51067, 75.7357142857143], [-0.57035, 44.51058, 75.7357142857143], [-0.57059, 44.51055, 75.7357142857143], [-0.57088, 44.51057, 75.7357142857143], [-0.57109, 44.51066, 75.7357142857143], [-0.57127, 44.51084, 75.7357142857143], [-0.57131, 44.51102, 74.7628004319965], [-0.57119, 44.51101, 74.5], [-0.57117, 44.51111, 74.6], [-0.57128, 44.51112, 74.7], [-0.57127, 44.51123, 75.7357142857143], [-0.57115, 44.51138, 75.7357142857143], [-0.57096, 44.51149, 75.7357142857143], [-0.57072, 44.51153, 75.7357142857143], [-0.57043, 44.51152, 75.7357142857143], [-0.57021, 44.51145, 77.6]]]}}, {"type": "Feature", "properties": {"id_obligation": "332510000C1123", "priorite": "forte"}, "geometry": {"type": "Polygon", "coordinates": [[[-0.56141, 44.51147, 73.74062500000001], [-0.56132, 44.51126, 73.4], [-0.56137, 44.51105, 73.4], [-0.56156, 44.51084, 73.4], [-0.56177, 44.51074, 73.4], [-0.56202, 44.51071, 74.7], [-0.56226, 44.51076, 74.7], [-0.5626, 44.5109, 73.74062500000001], [-0.56274, 44.51104, 73.74062500000001], [-0.5628, 44.51122, 73.74062500000001], [-0.56275, 44.5114, 73.74062500000001], [-0.56258, 44.51161, 73.74062500000001], [-0.56238, 44.51171, 73.74062500000001], [-0.56215, 44.51174, 73.74062500000001], [-0.56191, 44.51172, 73.74062500000001], [-0.56162, 44.51162, 73.74062500000001], [-0.56141, 44.51147, 73.74062500000001]]]}}, {"type": "Feature", "properties": {"id_obligation": "332510000C1125", "priorite": "forte"}, "geometry": {"type": "Polygon", "coordinates": [[[-0.56248, 44.51083, 73.64102564102564], [-0.56258, 44.51099, 73.5], [-0.56256, 44.51122, 73.5], [-0.5624, 44.51142, 73.5], [-0.5622, 44.51153, 73.5], [-0.56189, 44.51158, 73.64102564102564], [-0.56154, 44.51151, 73.64102564102564], [-0.56133, 44.51141, 73.64102564102564], [-0.56119, 44.51127, 73.64102564102564], [-0.56113, 44.51109, 73.64102564102564], [-0.56118, 44.51092, 73.64102564102564], [-0.56134, 44.51072, 73.64102564102564], [-0.56154, 44.51062, 73.64102564102564], [-0.56178, 44.51058, 73.64102564102564], [-0.56225, 44.51068, 73.64102564102564], [-0.56248, 44.51083, 73.64102564102564]]]}}, {"type": "Feature", "properties": {"id_obligation": "332510000C1133", "priorite": "très forte"}, "geometry": {"type": "Polygon", "coordinates": [[[-0.56372, 44.50156, 72.2], [-0.56384, 44.50171, 71.8111111111111], [-0.56388, 44.50189, 71.8111111111111], [-0.56379, 44.5021, 74.21527777777777], [-0.56363, 44.50224, 74.21527777777777], [-0.56341, 44.50233, 74.21527777777777], [-0.56316, 44.50235, 74.21527777777777], [-0.56291, 44.5023, 74.21527777777777], [-0.56271, 44.5022, 74.21527777777777], [-0.56258, 44.50206, 74.21527777777777], [-0.56253, 44.50189, 74.21527777777777], [-0.56259, 44.50168, 74.21527777777777], [-0.56276, 44.5015, 74.21527777777777], [-0.56297, 44.50142, 77.8], [-0.56321, 44.50139, 77.8], [-0.56346, 44.50143, 72.2], [-0.56372, 44.50156, 72.2]]]}}, {"type": "Feature", "properties": {"id_obligation": "332510000C1134", "priorite": "forte"}, "geometry": {"type": "Polygon", "coordinates": [[[-0.56916, 44.48673, 77.81428571428572], [-0.56902, 44.48659, 77.81428571428572], [-0.56898, 44.48642, 88.1], [-0.56904, 44.48617, -31.436011904761912], [-0.56923, 44.48599, -31.436011904761912], [-0.56944, 44.48591, -31.436011904761912], [-0.56969, 44.48589, -31.436011904761912], [-0.56996, 44.48594, -31.436011904761912], [-0.5702, 44.48607, -31.436011904761912], [-0.57032, 44.48622, -31.436011904761912], [-0.57035, 44.48639, -31.436011904761912], [-0.57028, 44.4866, -31.436011904761912], [-0.57014, 44.48675, -31.436011904761912], [-0.56993, 44.48685, -31.436011904761912], [-0.56969, 44.48688, -371.65833333333336], [-0.56941, 44.48684, 77.81428571428572], [-0.56916, 44.48673, 77.81428571428572]]]}}, {"type": "Feature", "properties": {"id_obligation": "332510000C1136", "priorite": "forte"}, "geometry": {"type": "Polygon", "coordinates": [[[-0.57729, 44.48566, 79.2], [-0.57751, 44.48592, 79.2], [-0.57748, 44.48622, 82.1345], [-0.5772, 44.48645, 82.1345], [-0.57683, 44.48651, 85.7], [-0.57658, 44.4865, 85.7], [-0.57626, 44.48634, 85.7], [-0.5758, 44.48628, 82.1345], [-0.57554, 44.48609, 80.5375], [-0.5755, 44.48602, 80.5], [-0.57554, 44.48597, 80.5], [-0.57548, 44.48597, 80.5], [-0.57544, 44.48582, 80.5375], [-0.57545, 44.48556, 85.05000000000001], [-0.57554, 44.4854, 85.05000000000001], [-0.57577, 44.48526, 85.05000000000001], [-0.57606, 44.4852, 82.1345], [-0.57644, 44.48523, 82.1345], [-0.57668, 44.48536, 82.1345], [-0.57682, 44.48556, 82.1345], [-0.57695, 44.48556, 82.1345], [-0.57729, 44.48566, 79.2]]]}}, {"type": "Feature", "properties": {"id_obligation": "332510000C1140", "priorite": "forte"}, "geometry": {"type": "Polygon", "coordinates": [[[-0.57787, 44.4744, 85.21267942583732], [-0.57773, 44.47465, 85.21267942583732], [-0.57751, 44.4748, 85.21267942583732], [-0.57721, 44.47486, 85.21267942583732], [-0.57684, 44.47479, 85.21267942583732], [-0.5766, 44.47469, 85.21267942583732], [-0.57646, 44.47454, 85.21267942583732], [-0.57629, 44.47419, 85.21267942583732], [-0.5764, 44.47391, 85.2], [-0.57638, 44.47398, 85.2], [-0.57655, 44.47399, 85.0], [-0.57658, 44.47389, 85.2], [-0.57647, 44.47385, 85.2], [-0.57656, 44.47378, 85.14545454545456], [-0.57675, 44.47366, 85.14545454545456], [-0.57699, 44.47361, 85.60000000000001], [-0.57716, 44.47362, 85.6], [-0.57712, 44.47371, 85.6], [-0.57732, 44.47369, 85.6], [-0.57733, 44.47366, 85.6], [-0.57754, 44.47377, 85.59999999999998], [-0.57773, 44.47394, 85.59999999999998], [-0.57787, 44.4744, 85.21267942583732]]]}}, {"type": "Feature", "properties": {"id_obligation": "332510000C1154", "priorite": "forte"}, "geometry": {"type": "Polygon", "coordinates": [[[-0.57824, 44.48652, -5.893217893217904], [-0.57787, 44.48649, -5.893217893217904], [-0.5776, 44.48638, -5.893217893217904], [-0.57744, 44.48619, -5.893217893217904], [-0.57742, 44.48597, -5.893217893217904], [-0.57755, 44.48567, -5.893217893217904], [-0.57771, 44.48554, -5.893217893217904], [-0.57817, 44.48538, -5.893217893217904], [-0.57841, 44.48536, -5.893217893217904], [-0.57876, 44.48541, 79.8], [-0.57896, 44.48552, 79.8], [-0.57911, 44.4857, 79.8], [-0.57904, 44.48579, 80.2], [-0.57913, 44.4858, 80.3], [-0.57913, 44.48584, 80.27272727272725], [-0.57903, 44.48617, -5.893217893217904], [-0.57887, 44.4863, -5.893217893217904], [-0.57824, 44.48652, -5.893217893217904]]]}}, {"type": "Feature", "properties": {"id_obligation": "332510000C1156", "priorite": "forte"}, "geometry": {"type": "Polygon", "coordinates": [[[-0.5781, 44.48625, 7.669555555555547], [-0.57796, 44.48611, 7.669555555555547], [-0.5779, 44.4859, -280.5466666666667], [-0.57796, 44.48566, 7.669555555555547], [-0.57815, 44.48549, 7.669555555555547], [-0.57837, 44.48542, 7.669555555555547], [-0.57873, 44.48541, 7.669555555555547], [-0.57896, 44.48544, 79.8], [-0.57915, 44.48554, 79.8], [-0.57931, 44.48573, 79.90555555555552], [-0.57932, 44.48597, 79.90555555555552], [-0.57925, 44.48614, 79.6], [-0.5791, 44.48627, 79.6], [-0.5789, 44.48636, 79.6], [-0.57837, 44.48636, 7.669555555555547], [-0.5781, 44.48625, 7.669555555555547]]]}}, {"type": "Feature", "properties": {"id_obligation": "332510000C1163", "priorite": "forte"}, "geometry": {"type": "Polygon", "coordinates": [[[-0.56752, 44.50891, 74.60000000000001], [-0.56767, 44.50914, 74.60000000000001], [-0.5676, 44.50944, 74.60000000000001], [-0.56736, 44.50964, 74.60000000000001], [-0.56707, 44.50971, 74.60000000000001], [-0.56681, 44.50969, 74.60000000000001], [-0.56622, 44.50948, 74.60000000000001], [-0.566, 44.50933, 74.60000000000001], [-0.56591, 44.50917, 74.60000000000001], [-0.56591, 44.509, 74.60000000000001], [-0.56604, 44.50877, 74.60000000000001], [-0.56622, 44.50865, 74.60000000000001], [-0.56663, 44.50858, 74.60000000000001], [-0.56752, 44.50891, 74.60000000000001]]]}}, {"type": "Feature", "properties": {"id_obligation": "332510000C1177", "priorite": "forte"}, "geometry": {"type": "Polygon", "coordinates": [[[-0.57481, 44.48573, 80.58], [-0.57503, 44.48558, 80.58], [-0.57526, 44.48552, 80.58], [-0.57564, 44.48552, 80.58], [-0.57587, 44.48559, 80.6], [-0.57605, 44.48571, 80.6], [-0.57613, 44.48582, 80.7], [-0.57606, 44.48588, 80.6], [-0.57606, 44.48602, 80.6], [-0.57616, 44.48603, 80.6], [-0.57616, 44.48607, 80.64000000000001], [-0.57606, 44.48627, 80.58], [-0.57585, 44.48642, 80.58], [-0.57562, 44.48647, 80.58], [-0.57525, 44.48647, 80.58], [-0.57502, 44.48641, 80.58], [-0.57484, 44.48629, 80.58], [-0.57473, 44.48613, 80.58], [-0.57472, 44.48594, 80.58], [-0.57481, 44.48573, 80.58]]]}}, {"type": "Feature", "properties": {"id_obligation": "332510000C1178", "priorite": "forte"}, "geometry": {"type": "Polygon", "coordinates": [[[-0.57694, 44.48589, 79.2], [-0.57694, 44.48611, 81.9576388888889], [-0.57685, 44.48628, 81.9576388888889], [-0.57668, 44.48641, 81.9576388888889], [-0.57638, 44.48649, 85.7], [-0.57595, 44.48647, 85.7], [-0.57572, 44.4864, 81.9576388888889], [-0.57554, 44.48627, 81.9576388888889], [-0.57544, 44.48603, 80.5], [-0.57554, 44.48602, 80.5], [-0.57554, 44.48597, 80.5], [-0.57543, 44.48597, 80.5], [-0.57543, 44.48582, 80.5], [-0.57555, 44.48561, 84.1], [-0.57574, 44.48549, 84.1], [-0.57604, 44.48543, 81.91250000000001], [-0.57638, 44.48545, 81.91250000000001], [-0.5766, 44.48554, 81.9576388888889], [-0.57694, 44.48589, 79.2]]]}}, {"type": "Feature", "properties": {"id_obligation": "332510000C1179", "priorite": "très forte"}, "geometry": {"type": "Polygon", "coordinates": [[[-0.56266, 44.50155, 74.38], [-0.56252, 44.50141, 74.38], [-0.56246, 44.5012, 74.38], [-0.56253, 44.50097, 74.38], [-0.56272, 44.5008, 74.38], [-0.56294, 44.50072, 74.38], [-0.56319, 44.50071, 74.38], [-0.56348, 44.50076, 74.38], [-0.56367, 44.50086, 74.38], [-0.5638, 44.501, 74.38], [-0.56385, 44.50117, 74.38], [-0.56379, 44.5014, 74.38], [-0.56366, 44.50154, 74.38], [-0.56347, 44.50164, 74.38], [-0.56324, 44.50168, 77.8], [-0.56293, 44.50166, 74.38], [-0.56266, 44.50155, 74.38]]]}}, {"type": "Feature", "properties": {"id_obligation": "332510000D0038", "priorite": "très forte"}, "geometry": {"type": "Polygon", "coordinates": [[[-0.58402, 44.50526, 73.67466666666667], [-0.58398, 44.50552, 73.67466666666667], [-0.58369, 44.50582, 73.67466666666667], [-0.58336, 44.50594, 75.5], [-0.58306, 44.50593, 75.5], [-0.58274, 44.50582, 73.67466666666667], [-0.58258, 44.50568, 73.67466666666667], [-0.58251, 44.50551, 73.67466666666667], [-0.58238, 44.50541, 73.67466666666667], [-0.58228, 44.50524, 73.67466666666667], [-0.58229, 44.50502, 73.67466666666667], [-0.58244, 44.50482, 73.67466666666667], [-0.58262, 44.50471, 73.67466666666667], [-0.58297, 44.50461, 72.4], [-0.58327, 44.50463, 72.4], [-0.58356, 44.50474, 73.67466666666667], [-0.58402, 44.50526, 73.67466666666667]]]}}, {"type": "Feature", "properties": {"id_obligation": "BATIMENT0000000352141649", "priorite": "faible"}, "geometry": {"type": "Polygon", "coordinates": [[[-0.56828, 44.51197, 61.96156545508274], [-0.56836, 44.51214, 75.5], [-0.56836, 44.51226, 74.5], [-0.56826, 44.51221, 74.5], [-0.56819, 44.51227, 74.5], [-0.56833, 44.51234, 74.5], [-0.56822, 44.51248, 75.24999999999999], [-0.56817, 44.51252, 75.14684242528207], [-0.56806, 44.51249, 75.3], [-0.56802, 44.51256, 75.3], [-0.56809, 44.51258, 75.3], [-0.56781, 44.51267, 76.55555555555554], [-0.56753, 44.51257, 77.3], [-0.5675, 44.51262, 77.3], [-0.56758, 44.51267, 77.3], [-0.56728, 44.51257, 75.2], [-0.56732, 44.51248, 75.2], [-0.56721, 44.51244, 75.2], [-0.56717, 44.51249, 75.2], [-0.56703, 44.51225, 77.29999999999998], [-0.56705, 44.51208, 77.29999999999998], [-0.5672, 44.51189, 77.76666666666667], [-0.56737, 44.51178, 74.1], [-0.56743, 44.5118, 74.1], [-0.56744, 44.51176, 74.1], [-0.56762, 44.51172, 76.04583333333333], [-0.56786, 44.51173, 76.04583333333333], [-0.56811, 44.51183, 61.96156545508274], [-0.56828, 44.51197, 61.96156545508274]]]}}, {"type": "Feature", "properties": {"id_obligation": "BATIMENT0000000352141779", "priorite": "faible"}, "geometry": {"type": "Polygon", "coordinates": [[[-0.56758, 44.51339, 78.9], [-0.5675, 44.51341, 78.9], [-0.56731, 44.51336, 78.9], [-0.56728, 44.51341, 78.9], [-0.56751, 44.51349, 78.9], [-0.56748, 44.51353, 78.9], [-0.56755, 44.51356, 78.9], [-0.56763, 44.51352, 78.9], [-0.56761, 44.51368, 78.80370370370373], [-0.56756, 44.51366, 77.6], [-0.5675, 44.51375, 77.6], [-0.56756, 44.51377, 77.6], [-0.56746, 44.51389, 77.6], [-0.56728, 44.514, 77.6], [-0.56701, 44.51406, 75.4], [-0.56674, 44.51404, 74.84545454545453], [-0.56648, 44.51394, 76.3], [-0.56629, 44.51376, 75.95714285714284], [-0.56623, 44.51359, 75.95714285714284], [-0.56636, 44.5133, 76.19025002353247], [-0.56654, 44.51335, 76.4], [-0.56658, 44.51329, 76.4], [-0.56639, 44.51327, 75.8], [-0.56643, 44.51323, 76.77142857142857], [-0.5665, 44.51318, 79.7], [-0.56657, 44.5132, 79.7], [-0.56663, 44.51312, 76.77142857142857], [-0.56688, 44.51308, 75.27272727272727], [-0.56734, 44.51318, 78.9], [-0.56758, 44.51339, 78.9]]]}}, {"type": "Feature", "properties": {"id_obligation": "BATIMENT0000000352141780", "priorite": "faible"}, "geometry": {"type": "Polygon", "coordinates": [[[-0.56702, 44.5141, 74.54999999999998], [-0.56695, 44.51405, 75.4], [-0.56692, 44.51409, 75.4], [-0.56678, 44.51405, 76.4875], [-0.56653, 44.51394, 76.4875], [-0.56637, 44.51376, 75.57142857142857], [-0.56634, 44.51354, 75.57142857142857], [-0.56643, 44.51336, 75.42105263157893], [-0.56646, 44.51333, 76.4], [-0.56654, 44.51335, 76.4], [-0.56658, 44.51329, 76.4], [-0.56654, 44.51326, 75.42105263157893], [-0.56685, 44.51311, 76.79999999999998], [-0.56714, 44.5131, 76.79999999999998], [-0.56743, 44.51318, 78.90000000000002], [-0.56763, 44.51329, 78.90000000000002], [-0.56775, 44.51344, 78.63999999999999], [-0.56778, 44.51366, 78.63999999999999], [-0.56768, 44.51384, 77.6], [-0.56752, 44.51398, 77.6], [-0.56727, 44.51408, 74.54999999999998], [-0.56702, 44.5141, 74.54999999999998]]]}}, {"type": "Feature", "properties": {"id_obligation": "BATIMENT0000000352141782", "priorite": "faible"}, "geometry": {"type": "Polygon", "coordinates": [[[-0.56722, 44.51395, 76.53712605606758], [-0.56693, 44.51403, 74.8625], [-0.56669, 44.51401, 76.55], [-0.56639, 44.5139, 76.55], [-0.56623, 44.51377, 76.55], [-0.56615, 44.51361, 75.62499999999999], [-0.56616, 44.51344, 75.62499999999999], [-0.56629, 44.51325, 76.69047619047618], [-0.56646, 44.51313, 79.7], [-0.56644, 44.51317, 79.7], [-0.56657, 44.5132, 79.7], [-0.56661, 44.51311, 79.7], [-0.56657, 44.51309, 79.7], [-0.56678, 44.51306, 75.35000000000001], [-0.56703, 44.51309, 75.35000000000001], [-0.56728, 44.51319, 78.89999999999999], [-0.56749, 44.51341, 78.9], [-0.56731, 44.51336, 78.9], [-0.56728, 44.51341, 78.9], [-0.56751, 44.51349, 78.9], [-0.56749, 44.51367, 78.62903225806456], [-0.56739, 44.51383, 76.53712605606758], [-0.56722, 44.51395, 76.53712605606758]]]}}, {"type": "Feature", "properties": {"id_obligation": "BATIMENT0000002491615985", "priorite": "faible"}, "geometry": {"type": "Polygon", "coordinates": [[[-0.56683, 44.51388, 75.75384615384615], [-0.56658, 44.51387, 75.75384615384615], [-0.56632, 44.51377, 76.5], [-0.56611, 44.51358, 76.5], [-0.56608, 44.51354, 76.5], [-0.56614, 44.51349, 76.5], [-0.56607, 44.51347, 75.4], [-0.56605, 44.51341, 75.96000000000001], [-0.56608, 44.51324, 75.96000000000001], [-0.56617, 44.51309, 76.9], [-0.56623, 44.5131, 76.9], [-0.56625, 44.51299, 76.9], [-0.56647, 44.51286, 77.23000000000003], [-0.56672, 44.51281, 76.14000000000001], [-0.56696, 44.51284, 76.14000000000001], [-0.56722, 44.51293, 75.72], [-0.56741, 44.5131, 75.72], [-0.56746, 44.5134, 78.9], [-0.5673, 44.51336, 78.9], [-0.56728, 44.51341, 78.9], [-0.56743, 44.51346, 78.9], [-0.56728, 44.51368, 78.70909090909089], [-0.56711, 44.5138, 73.7], [-0.56683, 44.51388, 75.75384615384615]]]}}, {"type": "Feature", "properties": {"id_obligation": "BATIMENT0000002491615986", "priorite": "faible"}, "geometry": {"type": "Polygon", "coordinates": [[[-0.56777, 44.51358, 77.81666666666666], [-0.56762, 44.51378, 77.6], [-0.56767, 44.5137, 77.6], [-0.56756, 44.51366, 77.6], [-0.5675, 44.51375, 77.6], [-0.56761, 44.51379, 77.6], [-0.56757, 44.51382, 77.81666666666666], [-0.56735, 44.51391, 77.81666666666666], [-0.56712, 44.51395, 75.7357142857143], [-0.56688, 44.51392, 75.7357142857143], [-0.56644, 44.51376, 77.8], [-0.56628, 44.51363, 77.8], [-0.56621, 44.51351, 75.9], [-0.56627, 44.51347, 75.9], [-0.56619, 44.51342, 75.79655172413793], [-0.56622, 44.51325, 75.79655172413793], [-0.56641, 44.51301, 77.6888888888889], [-0.56648, 44.51296, 76.1], [-0.56672, 44.51302, 76.1], [-0.56676, 44.51293, 76.1], [-0.56661, 44.5129, 76.1], [-0.56685, 44.51285, 75.79333333333334], [-0.56702, 44.51286, 75.7], [-0.56711, 44.51292, 75.8], [-0.56713, 44.51289, 75.70683939531311], [-0.56754, 44.51304, 75.87142857142858], [-0.56762, 44.51309, 76.3], [-0.56754, 44.51322, 76.3], [-0.56766, 44.51326, 76.3], [-0.56771, 44.51318, 76.3], [-0.5678, 44.51336, 77.67368421052636], [-0.56777, 44.51358, 77.81666666666666]]]}}]}