{"type": "FeatureCollection", "features": [{"type": "Feature", "properties": {"id_obligation": "333100000A0022", "priorite": "très forte"}, "geometry": {"type": "Polygon", "coordinates": [[[-0.49076, 44.52361, 64.40666666666668], [-0.49052, 44.52358, 64.40666666666668], [-0.49024, 44.52348, 64.40666666666668], [-0.49005, 44.5233, 64.40666666666668], [-0.48999, 44.5231, 64.40666666666668], [-0.49007, 44.52289, 64.40666666666668], [-0.49023, 44.52275, 64.40666666666668], [-0.4905, 44.52264, 64.40666666666668], [-0.49078, 44.52261, 64.40666666666668], [-0.49112, 44.52263, 64.40666666666668], [-0.49137, 44.52275, 64.40666666666668], [-0.49151, 44.52289, 64.40666666666668], [-0.49156, 44.52312, 64.40666666666668], [-0.49149, 44.52333, 64.40666666666668], [-0.49129, 44.52349, 64.40666666666668], [-0.49076, 44.52361, 64.40666666666668]]]}}, {"type": "Feature", "properties": {"id_obligation": "333100000A0165", "priorite": "très forte"}, "geometry": {"type": "Polygon", "coordinates": [[[-0.50165, 44.50478, 70.83333333333333], [-0.50165, 44.50491, 70.6], [-0.50176, 44.50492, 70.6], [-0.50177, 44.50486, 71.3], [-0.50185, 44.50495, 72.11587301587302], [-0.50189, 44.50523, 72.11587301587302], [-0.50175, 44.50547, 72.11587301587302], [-0.50146, 44.50561, 72.11587301587302], [-0.50091, 44.50567, 72.11587301587302], [-0.50067, 44.50565, 72.11587301587302], [-0.50039, 44.50554, 72.11587301587302], [-0.50019, 44.50537, 72.11587301587302], [-0.50013, 44.50519, 72.11587301587302], [-0.50017, 44.50502, 72.11587301587302], [-0.50037, 44.50477, 72.11587301587302], [-0.50056, 44.50465, 72.11587301587302], [-0.5008, 44.5046, 72.9], [-0.50165, 44.50478, 70.83333333333333]]]}}, {"type": "Feature", "properties": {"id_obligation": "333100000A0359", "priorite": "moyenne"}, "geometry": {"type": "Polygon", "coordinates": [[[-0.5036, 44.49635, 60.80101010101009], [-0.50389, 44.4964, 60.80101010101009], [-0.50412, 44.49653, 60.80101010101009], [-0.50425, 44.49673, 60.80101010101009], [-0.50425, 44.49694, 60.80101010101009], [-0.50415, 44.4971, 60.80101010101009], [-0.50397, 44.49722, 60.80101010101009], [-0.5037, 44.49731, 60.611111111111114], [-0.50373, 44.49723, 59.9], [-0.50353, 44.49717, 60.6], [-0.50346, 44.49731, 60.6], [-0.50321, 44.49726, 60.80101010101009], [-0.50303, 44.49714, 60.80101010101009], [-0.5029, 44.49694, 60.80101010101009], [-0.50289, 44.49676, 60.80101010101009], [-0.50298, 44.49659, 60.80101010101009], [-0.50337, 44.49638, 60.80101010101009], [-0.5036, 44.49635, 60.80101010101009]]]}}, {"type": "Feature", "properties": {"id_obligation": "333100000A0360", "priorite": "moyenne"}, "geometry": {"type": "Polygon", "coordinates": [[[-0.50425, 44.49754, 60.81333333333333], [-0.5041, 44.49769, 60.81333333333333], [-0.50384, 44.49779, 60.81333333333333], [-0.50353, 44.4978, 60.81333333333333], [-0.50315, 44.4977, 60.81333333333333], [-0.50293, 44.49755, 60.81333333333333], [-0.50284, 44.49739, 60.81333333333333], [-0.50283, 44.49704, 60.81333333333333], [-0.50295, 44.49677, 60.81333333333333], [-0.50315, 44.4966, 60.81333333333333], [-0.50343, 44.49652, 60.8], [-0.50378, 44.49652, 60.8], [-0.50411, 44.49661, 60.81333333333333], [-0.50432, 44.49677, 60.81333333333333], [-0.5044, 44.49694, 60.81333333333333], [-0.50425, 44.49754, 60.81333333333333]]]}}, {"type": "Feature", "properties": {"id_obligation": "333100000A0393", "priorite": "forte"}, "geometry": {"type": "Polygon", "coordinates": [[[-0.50654, 44.50498, 69.37705314009662], [-0.50649, 44.50524, 69.37705314009662], [-0.50639, 44.5054, 69.37705314009662], [-0.5062, 44.50552, 69.37705314009662], [-0.50591, 44.50558, 69.37705314009662], [-0.50554, 44.50555, 69.37705314009662], [-0.50531, 44.50547, 69.37705314009662], [-0.50515, 44.50534, 69.37705314009662], [-0.50507, 44.50517, 69.37705314009662], [-0.50508, 44.505, 69.41666666666667], [-0.50497, 44.50482, 69.5], [-0.50497, 44.50469, 69.36666666666666], [-0.50508, 44.50446, 69.36666666666666], [-0.50529, 44.50431, 69.36666666666666], [-0.50558, 44.50424, 69.37705314009662], [-0.50593, 44.5043, 69.37705314009662], [-0.50626, 44.50447, 69.37705314009662], [-0.50654, 44.50498, 69.37705314009662]], [[-0.50503, 44.50484, 69.5], [-0.50513, 44.50472, 69.3], [-0.50505, 44.50469, 69.4], [-0.50497, 44.50482, 69.5], [-0.50503, 44.50484, 69.5]]]}}, {"type": "Feature", "properties": {"id_obligation": "333100000A0441", "priorite": "forte"}, "geometry": {"type": "Polygon", "coordinates": [[[-0.50306, 44.49986, 63.260000000000005], [-0.50281, 44.49999, 63.260000000000005], [-0.50257, 44.50003, 63.260000000000005], [-0.50227, 44.5, 63.260000000000005], [-0.50206, 44.4999, 63.260000000000005], [-0.50192, 44.49975, 63.260000000000005], [-0.50187, 44.49958, 63.260000000000005], [-0.50192, 44.49936, 63.260000000000005], [-0.50206, 44.49922, 63.260000000000005], [-0.50226, 44.49912, 63.260000000000005], [-0.5025, 44.49908, 63.260000000000005], [-0.5028, 44.49912, 63.260000000000005], [-0.503, 44.49922, 63.260000000000005], [-0.50314, 44.49936, 63.260000000000005], [-0.50319, 44.49953, 63.260000000000005], [-0.50317, 44.4997, 63.260000000000005], [-0.50306, 44.49986, 63.260000000000005]]]}}, {"type": "Feature", "properties": {"id_obligation": "333100000A0443", "priorite": "moyenne"}, "geometry": {"type": "Polygon", "coordinates": [[[-0.50332, 44.49933, -468.32], [-0.50303, 44.4994, -468.32], [-0.50275, 44.49937, -468.32], [-0.5025, 44.49926, -468.32], [-0.50237, 44.49912, -468.32], [-0.50232, 44.49895, -468.32], [-0.5024, 44.49872, -468.32], [-0.50253, 44.49857, -468.32], [-0.50273, 44.49846, -468.32], [-0.50297, 44.49843, -468.32], [-0.50322, 44.49846, -468.32], [-0.50346, 44.49856, -468.32], [-0.5036, 44.4987, -468.32], [-0.50365, 44.49887, -468.32], [-0.50362, 44.49904, -468.32], [-0.50349, 44.49922, -468.32], [-0.50332, 44.49933, -468.32]]]}}, {"type": "Feature", "properties": {"id_obligation": "333100000A0455", "priorite": "forte"}, "geometry": {"type": "Polygon", "coordinates": [[[-0.4999, 44.5024, -205.33522222222223], [-0.49959, 44.50239, -205.33522222222223], [-0.49928, 44.50226, -205.33522222222223], [-0.49912, 44.50208, -205.33522222222223], [-0.49909, 44.5019, -1000.0], [-0.49916, 44.50174, -1000.0], [-0.49949, 44.50142, 67.0], [-0.49974, 44.50129, 66.485], [-0.49999, 44.50126, 66.485], [-0.50023, 44.50131, 70.2], [-0.50051, 44.50144, 70.2], [-0.50063, 44.50159, 70.2], [-0.50067, 44.50177, -205.33522222222223], [-0.50061, 44.50194, -205.33522222222223], [-0.50043, 44.50214, -205.33522222222223], [-0.4999, 44.5024, -205.33522222222223]]]}}, {"type": "Feature", "properties": {"id_obligation": "333100000A0456", "priorite": "forte"}, "geometry": {"type": "Polygon", "coordinates": [[[-0.49934, 44.50174, -35.166093117408906], [-0.49916, 44.5016, -35.166093117408906], [-0.49908, 44.50143, 67.0], [-0.49909, 44.50125, 67.0], [-0.4992, 44.50109, -35.166093117408906], [-0.49948, 44.50091, -35.166093117408906], [-0.49972, 44.50086, -35.166093117408906], [-0.49997, 44.50087, -35.166093117408906], [-0.50019, 44.50095, -35.166093117408906], [-0.50045, 44.50117, 70.2], [-0.50052, 44.50135, 70.2], [-0.50049, 44.50152, -35.166093117408906], [-0.50037, 44.50168, -35.166093117408906], [-0.50012, 44.50182, -35.166093117408906], [-0.49982, 44.50187, -344.15384615384613], [-0.49956, 44.50184, -35.166093117408906], [-0.49934, 44.50174, -35.166093117408906]]]}}, {"type": "Feature", "properties": {"id_obligation": "333100000A0474", "priorite": "moyenne"}, "geometry": {"type": "Polygon", "coordinates": [[[-0.50145, 44.50034, 64.75952380952381], [-0.50111, 44.50046, 64.75952380952381], [-0.50078, 44.50046, 64.75952380952381], [-0.50054, 44.50039, 64.75952380952381], [-0.50035, 44.50043, 64.75952380952381], [-0.5001, 44.50042, 64.75952380952381], [-0.49989, 44.50034, 64.75952380952381], [-0.49959, 44.50012, 64.85], [-0.49948, 44.49992, 64.85], [-0.4995, 44.49975, 64.85], [-0.49973, 44.49949, 64.75952380952381], [-0.49999, 44.49937, 64.75952380952381], [-0.50031, 44.49935, 64.75952380952381], [-0.50055, 44.49942, 64.75952380952381], [-0.50079, 44.49933, 64.75952380952381], [-0.5011, 44.49932, 64.75952380952381], [-0.50144, 44.49947, 64.75952380952381], [-0.50169, 44.49972, 64.60000000000001], [-0.50173, 44.49995, 64.60000000000001], [-0.50164, 44.50017, 64.75952380952381], [-0.50145, 44.50034, 64.75952380952381]]]}}, {"type": "Feature", "properties": {"id_obligation": "333100000A0540", "priorite": "forte"}, "geometry": {"type": "Polygon", "coordinates": [[[-0.49484, 44.4982, 63.366666666666674], [-0.49476, 44.49798, 63.7], [-0.49481, 44.49781, 63.7], [-0.49502, 44.49755, 63.7], [-0.49521, 44.49743, 63.7], [-0.49551, 44.49738, 63.366666666666674], [-0.49575, 44.49742, 63.366666666666674], [-0.496, 44.49753, 63.366666666666674], [-0.49618, 44.49771, 63.366666666666674], [-0.49621, 44.49789, 63.366666666666674], [-0.49615, 44.49806, 63.366666666666674], [-0.49597, 44.49828, 63.366666666666674], [-0.49578, 44.4984, 63.366666666666674], [-0.49554, 44.49846, 63.366666666666674], [-0.49529, 44.49844, 63.366666666666674], [-0.49504, 44.49836, 63.366666666666674], [-0.49484, 44.4982, 63.366666666666674]]]}}, {"type": "Feature", "properties": {"id_obligation": "333100000A0557", "priorite": "faible"}, "geometry": {"type": "Polygon", "coordinates": [[[-0.49763, 44.49387, 58.881249999999994], [-0.49794, 44.49383, 58.881249999999994], [-0.49823, 44.49389, 61.41428571428571], [-0.49824, 44.49397, 62.5], [-0.4983, 44.49398, 62.5], [-0.49831, 44.49393, 62.5], [-0.49853, 44.49409, 61.41428571428571], [-0.49861, 44.49426, 59.69244047619047], [-0.49858, 44.49448, 59.69244047619047], [-0.49829, 44.49482, 59.69244047619047], [-0.4981, 44.49494, 59.69244047619047], [-0.49787, 44.49499, 59.69244047619047], [-0.49762, 44.49498, 59.69244047619047], [-0.49731, 44.49485, 59.9], [-0.49715, 44.49472, 59.9], [-0.49707, 44.49456, 59.166666666666664], [-0.49709, 44.49438, 59.166666666666664], [-0.49711, 44.49434, 59.2], [-0.49719, 44.49439, 59.2], [-0.49736, 44.4943, 59.0], [-0.49727, 44.49422, 59.2], [-0.49715, 44.49428, 59.2], [-0.49739, 44.494, 59.69244047619047], [-0.49763, 44.49387, 58.881249999999994]]]}}, {"type": "Feature", "properties": {"id_obligation": "333100000A0558", "priorite": "moyenne"}, "geometry": {"type": "Polygon", "coordinates": [[[-0.49799, 44.49432, 59.0], [-0.49789, 44.49428, 59.5], [-0.49785, 44.49432, 59.399323456920285], [-0.49781, 44.49429, 59.1], [-0.49763, 44.49407, 58.92307692307691], [-0.49762, 44.4939, 58.92307692307691], [-0.49773, 44.49365, 58.70000000000001], [-0.4979, 44.49352, 58.70000000000001], [-0.49811, 44.49345, 58.7], [-0.49836, 44.49344, 58.7], [-0.49865, 44.4935, 59.58461538461538], [-0.49883, 44.49362, 59.58461538461538], [-0.49895, 44.49382, 59.58461538461538], [-0.49894, 44.494, 59.58461538461538], [-0.49884, 44.49421, 59.58461538461538], [-0.49867, 44.49434, 59.58461538461538], [-0.49844, 44.49442, 59.58461538461538], [-0.49819, 44.49442, 59.58461538461538], [-0.49796, 44.49437, 59.1], [-0.49799, 44.49432, 59.0]]]}}, {"type": "Feature", "properties": {"id_obligation": "333100000A0568", "priorite": "moyenne"}, "geometry": {"type": "Polygon", "coordinates": [[[-0.5003, 44.49742, 61.5], [-0.50017, 44.49722, 61.5], [-0.50018, 44.49705, 61.5], [-0.5003, 44.49682, 61.5], [-0.50048, 44.4967, 61.5], [-0.50078, 44.49663, 61.5], [-0.50114, 44.49667, 61.5], [-0.50136, 44.49674, 61.5], [-0.50153, 44.49687, 61.5], [-0.50161, 44.49703, 61.5], [-0.5016, 44.49721, 61.5], [-0.50148, 44.49743, 61.5], [-0.5013, 44.49755, 61.5], [-0.50107, 44.49761, 61.5], [-0.50054, 44.49755, 61.5], [-0.5003, 44.49742, 61.5]]]}}, {"type": "Feature", "properties": {"id_obligation": "333100000A0576", "priorite": "forte"}, "geometry": {"type": "Polygon", "coordinates": [[[-0.50296, 44.49546, 58.33571428571428], [-0.50318, 44.49539, 58.3], [-0.50342, 44.49538, 58.3], [-0.50372, 44.49546, 58.33571428571428], [-0.5039, 44.49558, 58.33571428571428], [-0.504, 44.49575, 58.33571428571428], [-0.50401, 44.49592, 58.33571428571428], [-0.50389, 44.49614, 58.33571428571428], [-0.50371, 44.49626, 58.33571428571428], [-0.50348, 44.49633, 58.33571428571428], [-0.50323, 44.49633, 58.33571428571428], [-0.50293, 44.49624, 58.33571428571428], [-0.50277, 44.49612, 58.33571428571428], [-0.50267, 44.49596, 58.33571428571428], [-0.50267, 44.49579, 58.33571428571428], [-0.50276, 44.49562, 58.33571428571428], [-0.50296, 44.49546, 58.33571428571428]]]}}, {"type": "Feature", "properties": {"id_obligation": "333100000A0585", "priorite": "moyenne"}, "geometry": {"type": "Polygon", "coordinates": [[[-0.50322, 44.49513, 58.364999999999995], [-0.50347, 44.49516, 58.364999999999995], [-0.50377, 44.49526, 58.364999999999995], [-0.50395, 44.49544, 58.364999999999995], [-0.50399, 44.49566, 58.364999999999995], [-0.50386, 44.49595, 58.364999999999995], [-0.50372, 44.49609, 58.364999999999995], [-0.50352, 44.49619, 58.4], [-0.50322, 44.49622, 58.4], [-0.50286, 44.49614, 58.364999999999995], [-0.50266, 44.49604, 58.364999999999995], [-0.50252, 44.4959, 58.364999999999995], [-0.50248, 44.49568, 58.364999999999995], [-0.50257, 44.49547, 58.364999999999995], [-0.50271, 44.49533, 58.364999999999995], [-0.50293, 44.49521, 58.364999999999995], [-0.50322, 44.49513, 58.364999999999995]]]}}, {"type": "Feature", "properties": {"id_obligation": "333100000A0619", "priorite": "moyenne"}, "geometry": {"type": "Polygon", "coordinates": [[[-0.4998, 44.49345, 58.300000000000004], [-0.49994, 44.49359, 58.300000000000004], [-0.50001, 44.49383, 58.29999999999999], [-0.49998, 44.494, 58.36666666666667], [-0.49985, 44.49415, 58.36666666666667], [-0.49966, 44.49426, 58.36666666666667], [-0.49933, 44.49431, 58.36666666666667], [-0.49908, 44.49429, 58.36666666666667], [-0.49887, 44.4942, 58.36666666666667], [-0.49872, 44.49406, 58.36666666666667], [-0.49864, 44.49381, 58.36666666666667], [-0.49867, 44.49364, 58.36666666666667], [-0.49882, 44.49346, 58.36666666666667], [-0.49902, 44.49336, 58.36666666666667], [-0.4993, 44.49332, 58.36666666666667], [-0.49954, 44.49335, 58.300000000000004], [-0.4998, 44.49345, 58.300000000000004]]]}}, {"type": "Feature", "properties": {"id_obligation": "333100000A0629", "priorite": "faible"}, "geometry": {"type": "Polygon", "coordinates": [[[-0.49735, 44.49391, 59.0], [-0.49736, 44.49369, 59.847619047619034], [-0.49749, 44.4935, 59.847619047619034], [-0.49775, 44.49333, 59.847619047619034], [-0.49804, 44.49325, 59.847619047619034], [-0.49829, 44.49327, 59.847619047619034], [-0.49851, 44.49336, 59.847619047619034], [-0.49871, 44.49352, 59.847619047619034], [-0.4988, 44.49369, 62.5], [-0.49877, 44.49391, 62.5], [-0.49864, 44.49406, 62.5], [-0.49835, 44.49425, 59.847619047619034], [-0.49811, 44.49431, 59.166666666666664], [-0.49786, 44.49429, 59.166666666666664], [-0.49764, 44.49422, 59.0], [-0.49745, 44.49407, 59.0], [-0.49735, 44.49391, 59.0]]]}}, {"type": "Feature", "properties": {"id_obligation": "333100000A0630", "priorite": "faible"}, "geometry": {"type": "Polygon", "coordinates": [[[-0.49855, 44.49415, 62.5], [-0.49842, 44.49436, 59.51527777777778], [-0.49824, 44.49448, 59.51527777777778], [-0.49801, 44.49454, 59.1], [-0.49773, 44.49455, 59.1], [-0.49743, 44.49449, 59.150000000000006], [-0.49722, 44.49437, 59.2], [-0.49736, 44.4943, 59.0], [-0.49727, 44.49422, 59.2], [-0.49715, 44.49428, 59.2], [-0.4971, 44.49418, 59.51527777777778], [-0.49712, 44.49396, 59.51527777777778], [-0.49724, 44.49371, 59.51527777777778], [-0.4974, 44.49357, 59.51527777777778], [-0.49769, 44.49348, 58.7], [-0.49804, 44.49351, 58.7], [-0.49827, 44.49358, 58.7], [-0.49847, 44.49375, 58.7], [-0.49856, 44.49397, 62.5], [-0.49855, 44.49415, 62.5]]]}}, {"type": "Feature", "properties": {"id_obligation": "333100000A0634", "priorite": "moyenne"}, "geometry": {"type": "Polygon", "coordinates": [[[-0.49709, 44.49388, 59.3], [-0.49713, 44.49376, 59.3], [-0.49701, 44.49373, 59.3], [-0.49694, 44.49388, 59.3], [-0.49704, 44.4939, 59.3], [-0.49684, 44.49396, 59.3], [-0.49653, 44.49395, 59.3], [-0.49621, 44.49385, 59.3], [-0.49605, 44.49371, 59.3], [-0.49597, 44.4935, 59.325], [-0.49607, 44.49321, 59.325], [-0.49618, 44.49305, 59.325], [-0.49637, 44.49294, 59.325], [-0.49661, 44.49289, 59.325], [-0.49686, 44.49291, 59.325], [-0.49718, 44.49301, 59.325], [-0.49733, 44.49315, 59.325], [-0.4974, 44.49332, 59.325], [-0.49729, 44.49369, 59.300000000000004], [-0.49709, 44.49388, 59.3]]]}}, {"type": "Feature", "properties": {"id_obligation": "333100000A0675", "priorite": "faible"}, "geometry": {"type": "Polygon", "coordinates": [[[-0.50288, 44.49201, 57.1], [-0.50275, 44.49195, 57.1], [-0.50268, 44.49203, 57.1], [-0.5028, 44.49208, 57.1], [-0.50258, 44.49217, -271.59375], [-0.50234, 44.4922, -271.59375], [-0.50197, 44.49213, 60.19000000000002], [-0.5019, 44.49199, 60.2], [-0.50175, 44.49201, 60.2], [-0.50162, 44.49183, 58.955555555555556], [-0.50161, 44.49165, 58.955555555555556], [-0.5017, 44.49146, 15.970538194444448], [-0.50189, 44.49129, 15.970538194444448], [-0.50212, 44.49122, 54.1], [-0.50237, 44.49121, 54.1], [-0.50267, 44.49128, 54.06666666666666], [-0.50286, 44.49139, 54.06666666666666], [-0.50299, 44.49154, 55.60000000000001], [-0.50302, 44.49171, 55.60000000000001], [-0.50288, 44.49201, 57.1]]]}}, {"type": "Feature", "properties": {"id_obligation": "333100000A0683", "priorite": "moyenne"}, "geometry": {"type": "Polygon", "coordinates": [[[-0.50204, 44.49172, 59.46666666666667], [-0.50212, 44.4919, 60.0], [-0.50215, 44.49214, 60.05833333333336], [-0.50206, 44.49234, 59.23625000000001], [-0.5019, 44.49247, 59.23625000000001], [-0.50168, 44.49254, 59.10000000000001], [-0.50135, 44.49257, 59.10000000000001], [-0.50105, 44.49251, 59.23625000000001], [-0.50087, 44.49239, 59.23625000000001], [-0.50058, 44.49203, 59.23625000000001], [-0.50056, 44.49178, 59.23625000000001], [-0.50065, 44.49161, 59.23625000000001], [-0.50092, 44.49143, 59.23625000000001], [-0.50128, 44.49138, 59.23625000000001], [-0.50159, 44.49143, 59.23625000000001], [-0.50204, 44.49172, 59.46666666666667]]]}}, {"type": "Feature", "properties": {"id_obligation": "333100000A0687", "priorite": "faible"}, "geometry": {"type": "MultiPolygon", "coordinates": [[[[-0.50244, 44.49191, 59.0], [-0.50243, 44.49186, 59.0], [-0.50236, 44.49199, 59.0], [-0.50256, 44.49202, 59.9], [-0.50258, 44.49199, 59.9], [-0.50255, 44.49227, 11.328560424169678], [-0.50237, 44.49248, 11.328560424169678], [-0.5021, 44.49259, 11.328560424169678], [-0.50178, 44.49259, 11.328560424169678], [-0.50145, 44.49249, 59.1], [-0.50125, 44.49238, 59.1], [-0.50112, 44.49223, 57.410000000000004], [-0.50108, 44.492, 57.410000000000004], [-0.50114, 44.49184, 56.70000000000001], [-0.50129, 44.49169, 56.70000000000001], [-0.50161, 44.49155, 56.70000000000001], [-0.50189, 44.49153, 58.976470588235316], [-0.50217, 44.49158, 58.976470588235316], [-0.50234, 44.49167, 57.97368667952225], [-0.50206, 44.49166, 58.1], [-0.50221, 44.49172, 60.0], [-0.50208, 44.49189, 60.0], [-0.50217, 44.49192, 60.0], [-0.50224, 44.49182, 60.0], [-0.50233, 44.49183, 60.0], [-0.50238, 44.4917, 57.9], [-0.50254, 44.4919, 59.742126461263005], [-0.50244, 44.49191, 59.0]]], [[[-0.50258, 44.49198, 59.9], [-0.50256, 44.49198, 59.9], [-0.50258, 44.49197, -271.6875], [-0.50258, 44.49198, 59.9]]]]}}, {"type": "Feature", "properties": {"id_obligation": "333100000A0690", "priorite": "faible"}, "geometry": {"type": "Polygon", "coordinates": [[[-0.50155, 44.49317, 57.919047619047625], [-0.50136, 44.493, 57.919047619047625], [-0.50131, 44.49279, 57.0], [-0.50139, 44.49256, 59.10000000000001], [-0.50149, 44.49245, 59.1], [-0.50154, 44.49247, 59.1], [-0.50158, 44.49239, 59.10000000000001], [-0.5018, 44.49232, 57.919047619047625], [-0.50205, 44.49231, 57.919047619047625], [-0.50234, 44.49237, 58.199999999999996], [-0.50251, 44.49246, 58.2], [-0.50247, 44.49253, 58.2], [-0.50261, 44.49255, 58.2], [-0.50266, 44.49262, 57.5642857142857], [-0.5027, 44.49279, 57.5642857142857], [-0.50262, 44.49302, 57.919047619047625], [-0.50248, 44.49317, 57.919047619047625], [-0.50226, 44.49326, 58.33333333333334], [-0.50219, 44.49327, 60.2], [-0.50224, 44.49318, 60.2], [-0.50214, 44.49315, 60.2], [-0.50207, 44.49328, 60.2], [-0.50177, 44.49325, 58.33333333333334], [-0.50155, 44.49317, 57.919047619047625]]]}}, {"type": "Feature", "properties": {"id_obligation": "333100000A0718", "priorite": "moyenne"}, "geometry": {"type": "Polygon", "coordinates": [[[-0.50219, 44.49343, 57.0], [-0.50215, 44.4935, 57.0], [-0.50223, 44.49352, 57.0], [-0.50231, 44.49338, 57.0], [-0.50257, 44.49334, 57.0], [-0.50287, 44.49338, 57.13333333333333], [-0.50312, 44.49352, 57.13333333333333], [-0.50324, 44.49367, 57.13333333333333], [-0.50326, 44.4939, 57.13333333333333], [-0.50307, 44.49418, 57.13333333333333], [-0.50292, 44.49432, 57.13333333333333], [-0.5027, 44.4944, 57.13333333333333], [-0.50246, 44.49441, 57.13333333333333], [-0.50217, 44.49434, 57.13333333333333], [-0.50198, 44.49423, 57.13333333333333], [-0.50186, 44.49408, 57.13333333333333], [-0.50184, 44.4939, 57.13333333333333], [-0.50206, 44.49354, 57.0], [-0.50219, 44.49343, 57.0]]]}}, {"type": "Feature", "properties": {"id_obligation": "333100000A0723", "priorite": "moyenne"}, "geometry": {"type": "Polygon", "coordinates": [[[-0.503, 44.49305, 57.4], [-0.5027, 44.49309, 57.4], [-0.5024, 44.49302, 57.361538461538444], [-0.502, 44.49283, 57.361538461538444], [-0.50206, 44.49283, 57.3], [-0.50207, 44.49277, 57.3], [-0.50193, 44.49276, 57.361538461538444], [-0.50185, 44.4925, -50.96378248735391], [-0.50197, 44.49221, -697.4285714285714], [-0.50212, 44.49207, -697.4285714285714], [-0.50236, 44.49197, 59.0], [-0.50256, 44.49202, 59.9], [-0.50258, 44.49195, 59.9], [-0.50265, 44.49196, 58.74], [-0.50273, 44.49197, 57.1], [-0.50268, 44.49203, 57.1], [-0.50299, 44.49216, 57.1], [-0.50304, 44.4921, 57.1], [-0.50324, 44.4922, 54.0], [-0.50321, 44.49223, 54.0], [-0.50339, 44.49236, 54.699999999999996], [-0.50344, 44.49252, 54.699999999999996], [-0.5034, 44.49269, -50.96378248735391], [-0.50324, 44.49291, -50.96378248735391], [-0.503, 44.49305, 57.4]]]}}, {"type": "Feature", "properties": {"id_obligation": "333100000A0726", "priorite": "faible"}, "geometry": {"type": "MultiPolygon", "coordinates": [[[[-0.50305, 44.49208, 57.1], [-0.50275, 44.49195, 57.1], [-0.50268, 44.49203, 57.1], [-0.50299, 44.49216, 57.1], [-0.50304, 44.4921, 57.1], [-0.50291, 44.49229, 56.42222222222223], [-0.50285, 44.49229, 55.6], [-0.50282, 44.49235, 56.42222222222223], [-0.50261, 44.49243, 58.2], [-0.50251, 44.4924, 57.7], [-0.50252, 44.49245, 58.2], [-0.50236, 44.49245, 57.93076923076924], [-0.50206, 44.49239, 26.503191391941403], [-0.50187, 44.49227, 26.503191391941403], [-0.50175, 44.49211, 60.19000000000002], [-0.50193, 44.49216, 60.2], [-0.50197, 44.4921, 60.2], [-0.50188, 44.49202, 60.2], [-0.5019, 44.49199, 60.2], [-0.50173, 44.49201, 60.2], [-0.5018, 44.49171, 58.900000000000006], [-0.50194, 44.49157, 58.900000000000006], [-0.50223, 44.49144, 58.64444444444445], [-0.50253, 44.49142, 58.64444444444445], [-0.50275, 44.49148, 55.60000000000001], [-0.50271, 44.49156, 54.8], [-0.50284, 44.49162, 54.8], [-0.50289, 44.49156, 55.60000000000001], [-0.50307, 44.49184, 57.1], [-0.50305, 44.49208, 57.1]]], [[[-0.50174, 44.49205, 60.2], [-0.50173, 44.49206, 60.2], [-0.50173, 44.49205, 60.2], [-0.50174, 44.49205, 60.2]]]]}}, {"type": "Feature", "properties": {"id_obligation": "333100000A0727", "priorite": "faible"}, "geometry": {"type": "Polygon", "coordinates": [[[-0.50316, 44.49217, 56.720000000000006], [-0.50307, 44.49214, 55.2], [-0.50304, 44.49219, 55.2], [-0.50313, 44.49222, 55.2], [-0.50299, 44.49235, 55.60000000000001], [-0.50267, 44.49246, 57.82500000000002], [-0.50251, 44.4924, 57.7], [-0.50251, 44.49247, 58.2], [-0.50218, 44.49242, 23.0126049498747], [-0.50198, 44.49231, 23.0126049498747], [-0.50182, 44.49212, 60.2], [-0.50193, 44.49216, 60.2], [-0.50197, 44.4921, 60.2], [-0.50188, 44.49202, 60.2], [-0.5019, 44.49199, 60.2], [-0.5018, 44.49199, 60.1809523809524], [-0.50185, 44.49177, 59.02857142857145], [-0.50191, 44.49177, 59.2], [-0.50197, 44.49162, 59.02857142857145], [-0.50215, 44.49151, 59.02857142857145], [-0.50244, 44.49146, 58.82000000000001], [-0.50276, 44.4915, 54.8], [-0.50271, 44.49156, 54.8], [-0.50284, 44.49162, 54.8], [-0.50289, 44.49155, 54.8], [-0.50304, 44.49164, 55.60000000000001], [-0.50318, 44.49179, 55.60000000000001], [-0.50322, 44.492, 56.720000000000006], [-0.50316, 44.49217, 56.720000000000006]]]}}, {"type": "Feature", "properties": {"id_obligation": "333100000A0733", "priorite": "moyenne"}, "geometry": {"type": "Polygon", "coordinates": [[[-0.5021, 44.49078, -698.342857142857], [-0.50237, 44.49067, 55.8], [-0.5027, 44.49067, 55.8], [-0.50294, 44.49073, -69.65427489177489], [-0.50316, 44.49088, -69.65427489177489], [-0.50325, 44.49105, -69.65427489177489], [-0.50321, 44.49133, -69.65427489177489], [-0.50313, 44.4915, -69.65427489177489], [-0.50297, 44.49162, 54.79999999999999], [-0.50271, 44.4917, 57.6], [-0.50242, 44.4917, 57.32500000000001], [-0.50218, 44.49164, 58.06363636363637], [-0.502, 44.49152, -69.65427489177489], [-0.50189, 44.49136, -69.65427489177489], [-0.50194, 44.49096, -698.342857142857], [-0.5021, 44.49078, -698.342857142857]]]}}, {"type": "Feature", "properties": {"id_obligation": "333100000A0752", "priorite": "forte"}, "geometry": {"type": "Polygon", "coordinates": [[[-0.5217, 44.50118, 62.012857142857136], [-0.5214, 44.5012, 62.012857142857136], [-0.52117, 44.50115, 62.012857142857136], [-0.52086, 44.50098, 62.012857142857136], [-0.52075, 44.50082, 62.6], [-0.52074, 44.5006, 62.6], [-0.52084, 44.50044, 61.67142857142858], [-0.52103, 44.50027, 61.67142857142858], [-0.52125, 44.50019, 62.6], [-0.52156, 44.50018, 62.6], [-0.52179, 44.50026, 62.012857142857136], [-0.52205, 44.50041, 62.012857142857136], [-0.52216, 44.50057, 62.012857142857136], [-0.52217, 44.50074, 62.012857142857136], [-0.52209, 44.50091, 62.012857142857136], [-0.52191, 44.50109, 62.012857142857136], [-0.5217, 44.50118, 62.012857142857136]]]}}, {"type": "Feature", "properties": {"id_obligation": "333100000A0874", "priorite": "très forte"}, "geometry": {"type": "Polygon", "coordinates": [[[-0.52826, 44.51274, 70.4737037037037], [-0.52847, 44.51282, 70.4737037037037], [-0.52869, 44.51298, 71.0111111111111], [-0.5288, 44.51319, 71.0111111111111], [-0.52875, 44.51341, 70.4737037037037], [-0.52854, 44.51362, 70.4737037037037], [-0.52834, 44.51373, 70.4737037037037], [-0.52811, 44.51378, 70.4737037037037], [-0.5278, 44.51374, 70.4737037037037], [-0.52742, 44.51351, 70.4737037037037], [-0.52701, 44.51344, 70.4737037037037], [-0.52681, 44.51328, 69.9], [-0.5267, 44.51305, 69.9], [-0.52681, 44.51275, 70.4737037037037], [-0.52713, 44.51258, 70.4737037037037], [-0.52749, 44.51255, 70.4737037037037], [-0.52771, 44.51262, 70.4737037037037], [-0.52788, 44.51274, 70.4737037037037], [-0.52826, 44.51274, 70.4737037037037]]]}}, {"type": "Feature", "properties": {"id_obligation": "333100000A0878", "priorite": "très forte"}, "geometry": {"type": "Polygon", "coordinates": [[[-0.52888, 44.51258, 71.0], [-0.52909, 44.5128, 71.0], [-0.5291, 44.5131, 70.95119047619048], [-0.529, 44.51331, 70.95119047619048], [-0.52877, 44.51346, 70.95119047619048], [-0.52846, 44.51351, 70.5], [-0.52809, 44.51368, 70.5], [-0.52778, 44.51369, 70.95119047619048], [-0.52755, 44.51363, 70.95119047619048], [-0.52734, 44.51347, 70.95119047619048], [-0.52723, 44.51325, 70.95119047619048], [-0.52727, 44.51304, 69.9], [-0.5274, 44.51289, 69.9], [-0.5272, 44.51275, 69.9], [-0.52711, 44.51259, 69.9], [-0.52713, 44.51234, 71.03333333333333], [-0.52723, 44.51218, 71.03333333333333], [-0.52757, 44.512, 71.03333333333333], [-0.52805, 44.51202, 71.27499999999999], [-0.52835, 44.51217, 71.27499999999999], [-0.52846, 44.51232, 71.73333333333333], [-0.52848, 44.51249, 71.73333333333333], [-0.52888, 44.51258, 71.0]]]}}, {"type": "Feature", "properties": {"id_obligation": "333100000A0994", "priorite": "très forte"}, "geometry": {"type": "Polygon", "coordinates": [[[-0.52473, 44.50179, -290.7791666666667], [-0.52499, 44.50167, -290.7791666666667], [-0.52523, 44.50165, -290.7791666666667], [-0.52551, 44.5017, -290.7791666666667], [-0.5257, 44.50181, -290.7791666666667], [-0.52585, 44.50199, -290.7791666666667], [-0.52587, 44.50216, -290.7791666666667], [-0.52578, 44.50238, -290.7791666666667], [-0.52562, 44.50251, -290.7791666666667], [-0.52541, 44.50259, -290.7791666666667], [-0.52517, 44.50261, -290.7791666666667], [-0.52489, 44.50255, 64.3625], [-0.5247, 44.50245, 64.3625], [-0.52458, 44.50229, 63.3], [-0.52455, 44.50212, 63.3], [-0.52461, 44.50194, -290.7791666666667], [-0.52473, 44.50179, -290.7791666666667]]]}}, {"type": "Feature", "properties": {"id_obligation": "333100000A1007", "priorite": "très forte"}, "geometry": {"type": "Polygon", "coordinates": [[[-0.50474, 44.50581, 76.22], [-0.50454, 44.50598, 76.22], [-0.50389, 44.50611, 76.22], [-0.50359, 44.50607, 76.22], [-0.5034, 44.50596, 76.22], [-0.50328, 44.50581, 76.22], [-0.50322, 44.50561, 76.22], [-0.50328, 44.50539, 76.22], [-0.50348, 44.50523, 76.22], [-0.50412, 44.50509, 76.22], [-0.50442, 44.50513, 76.22], [-0.50461, 44.50523, 76.22], [-0.50474, 44.50539, 76.22], [-0.5048, 44.50559, 76.22], [-0.50474, 44.50581, 76.22]]]}}, {"type": "Feature", "properties": {"id_obligation": "333100000A1008", "priorite": "très forte"}, "geometry": {"type": "Polygon", "coordinates": [[[-0.5064, 44.50221, 65.58999999999999], [-0.50615, 44.50234, 65.58999999999999], [-0.50585, 44.50237, 65.58999999999999], [-0.50554, 44.50229, 65.58999999999999], [-0.50531, 44.50214, 65.58999999999999], [-0.50522, 44.50198, 65.58999999999999], [-0.5052, 44.50177, 65.58999999999999], [-0.50533, 44.50152, 65.58999999999999], [-0.50549, 44.50138, 65.58999999999999], [-0.50578, 44.50129, 65.58999999999999], [-0.50603, 44.5013, 65.58999999999999], [-0.50631, 44.50139, 65.58999999999999], [-0.50649, 44.5015, 65.58999999999999], [-0.5066, 44.50166, 65.58999999999999], [-0.50661, 44.50183, 65.58999999999999], [-0.5064, 44.50221, 65.58999999999999]]]}}, {"type": "Feature", "properties": {"id_obligation": "333100000A1061", "priorite": "forte"}, "geometry": {"type": "Polygon", "coordinates": [[[-0.52131, 44.50869, 71.33173076923077], [-0.52159, 44.5088, 71.33173076923077], [-0.52174, 44.50894, 71.33173076923077], [-0.52183, 44.50919, 71.33173076923077], [-0.52182, 44.50936, 71.33173076923077], [-0.52168, 44.50955, 71.33173076923077], [-0.52138, 44.50969, 71.5], [-0.52137, 44.50962, 71.5], [-0.52128, 44.50962, 71.5], [-0.52123, 44.50972, 71.5], [-0.52094, 44.50971, 71.33173076923077], [-0.52072, 44.50962, 71.33173076923077], [-0.52057, 44.50948, 71.33173076923077], [-0.52046, 44.50923, 71.33173076923077], [-0.52047, 44.50906, 71.33173076923077], [-0.52056, 44.5089, 71.33173076923077], [-0.52074, 44.50878, 71.33173076923077], [-0.52099, 44.5087, 71.33173076923077], [-0.52131, 44.50869, 71.33173076923077]]]}}, {"type": "Feature", "properties": {"id_obligation": "333100000A1064", "priorite": "faible"}, "geometry": {"type": "Polygon", "coordinates": [[[-0.50237, 44.49222, 57.42890756302521], [-0.50261, 44.49217, 57.482352941176494], [-0.50285, 44.49218, 57.482352941176494], [-0.50313, 44.49228, 56.9], [-0.50329, 44.49242, 56.9], [-0.50337, 44.49258, 58.2], [-0.50335, 44.49276, 58.2], [-0.50321, 44.49295, 57.42890756302521], [-0.50303, 44.49307, 57.42890756302521], [-0.5028, 44.49312, 57.4], [-0.50255, 44.49311, 57.4], [-0.50227, 44.49301, 57.37499999999999], [-0.5021, 44.49288, 57.37499999999999], [-0.50203, 44.49271, 57.324999999999996], [-0.50205, 44.49254, 57.324999999999996], [-0.50215, 44.49237, 57.42890756302521], [-0.50237, 44.49222, 57.42890756302521]]]}}, {"type": "Feature", "properties": {"id_obligation": "333100000A1071", "priorite": "très forte"}, "geometry": {"type": "Polygon", "coordinates": [[[-0.51682, 44.5006, 61.1], [-0.51651, 44.50063, 61.1], [-0.51616, 44.50053, 61.1], [-0.51593, 44.50032, 61.1], [-0.51589, 44.50014, 61.1], [-0.51595, 44.49997, 61.1], [-0.51625, 44.49955, 61.1], [-0.51654, 44.49939, 61.1], [-0.51678, 44.49936, 61.1], [-0.51701, 44.4994, 61.1], [-0.51723, 44.49949, 61.1], [-0.51741, 44.49967, 61.1], [-0.51743, 44.49996, 61.1], [-0.51711, 44.50043, 61.1], [-0.51682, 44.5006, 61.1]]]}}, {"type": "Feature", "properties": {"id_obligation": "333100000A1078", "priorite": "forte"}, "geometry": {"type": "Polygon", "coordinates": [[[-0.49753, 44.52496, 69.43333333333332], [-0.49729, 44.52493, 69.43333333333332], [-0.49704, 44.52483, 69.43333333333332], [-0.49685, 44.52466, 69.43333333333332], [-0.49679, 44.52449, 67.1], [-0.49683, 44.52432, 67.1], [-0.49701, 44.52407, 69.43333333333332], [-0.49726, 44.52394, 73.5], [-0.4975, 44.5239, 73.5], [-0.49775, 44.52393, 69.43333333333332], [-0.49805, 44.52405, 69.43333333333332], [-0.49823, 44.52423, 69.43333333333332], [-0.49827, 44.5244, 69.43333333333332], [-0.49822, 44.52458, 69.43333333333332], [-0.49807, 44.52476, 69.43333333333332], [-0.49782, 44.5249, 69.43333333333332], [-0.49753, 44.52496, 69.43333333333332]]]}}, {"type": "Feature", "properties": {"id_obligation": "333100000A1079", "priorite": "forte"}, "geometry": {"type": "Polygon", "coordinates": [[[-0.49728, 44.52378, 68.82666666666665], [-0.49751, 44.52374, 68.82666666666665], [-0.49784, 44.52378, 68.82666666666665], [-0.49806, 44.52387, 68.82666666666665], [-0.4982, 44.52402, 68.82666666666665], [-0.49826, 44.52419, 68.82666666666665], [-0.49823, 44.52436, 68.82666666666665], [-0.49806, 44.52457, 68.82666666666665], [-0.49787, 44.52468, 68.82666666666665], [-0.49757, 44.52472, 66.89999999999999], [-0.49733, 44.52468, 68.82666666666665], [-0.49708, 44.52457, 68.82666666666665], [-0.49694, 44.52443, 68.82666666666665], [-0.49688, 44.52426, 67.17999999999999], [-0.49692, 44.52408, 67.17999999999999], [-0.49704, 44.52391, 68.82666666666665], [-0.49728, 44.52378, 68.82666666666665]]]}}, {"type": "Feature", "properties": {"id_obligation": "333100000A1082", "priorite": "moyenne"}, "geometry": {"type": "Polygon", "coordinates": [[[-0.49946, 44.5237, -1000.0], [-0.4996, 44.52382, -1000.0], [-0.49964, 44.52388, 70.0], [-0.49967, 44.5241, 70.0], [-0.49957, 44.52432, -108.90666666666668], [-0.49941, 44.52445, -108.90666666666668], [-0.49914, 44.52454, 68.3], [-0.49882, 44.52452, 68.3], [-0.49884, 44.52448, 68.3], [-0.49869, 44.52444, 68.3], [-0.49866, 44.52449, 68.3], [-0.49856, 44.52446, 68.3], [-0.49837, 44.52435, 68.3], [-0.49826, 44.52419, -108.90666666666668], [-0.49824, 44.52402, -108.90666666666668], [-0.49833, 44.5238, -108.90666666666668], [-0.49849, 44.52366, -108.90666666666668], [-0.49871, 44.52358, 69.82000000000001], [-0.49888, 44.52356, 70.4], [-0.49888, 44.52363, 70.4], [-0.49909, 44.52358, 70.4], [-0.49946, 44.5237, -1000.0]], [[-0.49954, 44.52381, -1000.0], [-0.49954, 44.52385, -1000.0], [-0.49959, 44.52386, -1000.0], [-0.4996, 44.52382, -1000.0], [-0.49954, 44.52381, -1000.0]]]}}, {"type": "Feature", "properties": {"id_obligation": "333100000A1083", "priorite": "forte"}, "geometry": {"type": "Polygon", "coordinates": [[[-0.49959, 44.52341, 69.625], [-0.49935, 44.52354, 69.625], [-0.49909, 44.52359, 70.4], [-0.49909, 44.52349, 70.4], [-0.49889, 44.52349, 70.4], [-0.49888, 44.52358, 70.4], [-0.49867, 44.52357, 69.625], [-0.49845, 44.52349, 69.625], [-0.49825, 44.52332, 69.625], [-0.49819, 44.52315, 69.625], [-0.49821, 44.52291, 69.625], [-0.49835, 44.52272, 69.625], [-0.49854, 44.52262, 69.625], [-0.49878, 44.52258, 69.625], [-0.49924, 44.5226, 69.625], [-0.49947, 44.52267, 69.625], [-0.49964, 44.52281, 69.625], [-0.49972, 44.52297, 69.625], [-0.49971, 44.52321, 69.625], [-0.49959, 44.52341, 69.625]]]}}, {"type": "Feature", "properties": {"id_obligation": "333100000A1084", "priorite": "moyenne"}, "geometry": {"type": "Polygon", "coordinates": [[[-0.49903, 44.52408, 68.1], [-0.49905, 44.52404, 68.1], [-0.49888, 44.52401, 68.1], [-0.49887, 44.52407, 68.1], [-0.49859, 44.52403, -198.00632352941176], [-0.4984, 44.52392, -198.00632352941176], [-0.49828, 44.52376, -198.00632352941176], [-0.49826, 44.52348, -198.00632352941176], [-0.49831, 44.52331, -198.00632352941176], [-0.49845, 44.52317, -198.00632352941176], [-0.49871, 44.52306, -198.00632352941176], [-0.49882, 44.52305, 69.6], [-0.49882, 44.52313, 69.6], [-0.49908, 44.52314, 69.6], [-0.49909, 44.52304, 69.6], [-0.49933, 44.52308, -198.00632352941176], [-0.49958, 44.52321, -198.00632352941176], [-0.49969, 44.52336, -198.00632352941176], [-0.49972, 44.52364, -198.00632352941176], [-0.49965, 44.52381, -1000.0], [-0.49944, 44.52397, -1000.0], [-0.49903, 44.52408, 68.1]]]}}, {"type": "Feature", "properties": {"id_obligation": "333100000A1085", "priorite": "moyenne"}, "geometry": {"type": "Polygon", "coordinates": [[[-0.49943, 44.523, 69.70476190476191], [-0.49962, 44.52316, 69.70476190476191], [-0.49969, 44.52338, 69.70476190476191], [-0.49963, 44.52359, 69.70476190476191], [-0.49949, 44.52373, 69.70476190476191], [-0.49923, 44.52384, 69.70476190476191], [-0.49883, 44.52385, 70.4], [-0.49859, 44.52382, 69.70476190476191], [-0.49839, 44.52372, 69.70476190476191], [-0.49826, 44.52357, 69.70476190476191], [-0.4982, 44.52336, 69.70476190476191], [-0.49825, 44.52318, 69.70476190476191], [-0.49839, 44.52303, 69.70476190476191], [-0.4986, 44.52294, 69.70476190476191], [-0.49914, 44.52291, 69.60000000000001], [-0.49943, 44.523, 69.70476190476191]]]}}, {"type": "Feature", "properties": {"id_obligation": "333100000A1087", "priorite": "moyenne"}, "geometry": {"type": "Polygon", "coordinates": [[[-0.50151, 44.49938, 68.0], [-0.5013, 44.49958, 68.0], [-0.50105, 44.49968, 68.0], [-0.50075, 44.49969, 66.87435897435898], [-0.50031, 44.49952, 66.87435897435898], [-0.50001, 44.49929, 66.87435897435898], [-0.4999, 44.49913, 66.87435897435898], [-0.4999, 44.49892, 66.87435897435898], [-0.50006, 44.49869, 66.87435897435898], [-0.50024, 44.49857, 66.87435897435898], [-0.50047, 44.49851, 66.87435897435898], [-0.50072, 44.49851, 66.87435897435898], [-0.50139, 44.49881, 66.87435897435898], [-0.50152, 44.49896, 68.0], [-0.50157, 44.49917, 68.0], [-0.50151, 44.49938, 68.0]]]}}, {"type": "Feature", "properties": {"id_obligation": "333100000A1091", "priorite": "moyenne"}, "geometry": {"type": "MultiPolygon", "coordinates": [[[[-0.50186, 44.49895, 65.75606060606061], [-0.50204, 44.49912, 65.75606060606061], [-0.50208, 44.49933, 65.75606060606061], [-0.502, 44.49957, 65.75606060606061], [-0.50186, 44.49972, 65.75606060606061], [-0.50165, 44.49982, 65.75606060606061], [-0.5014, 44.49985, 65.75606060606061], [-0.50109, 44.49981, 65.75606060606061], [-0.50085, 44.49968, 65.75606060606061], [-0.50071, 44.49949, 64.65], [-0.50073, 44.49918, 64.51440159726991], [-0.50087, 44.49925, 64.6], [-0.50094, 44.49919, 64.7], [-0.50088, 44.49917, 64.7], [-0.50093, 44.49913, 64.7], [-0.50079, 44.49906, 64.53915241976571], [-0.50093, 44.49894, 64.61818181818182], [-0.50114, 44.49885, 65.75606060606061], [-0.5016, 44.49885, 65.75606060606061], [-0.50186, 44.49895, 65.75606060606061]]]]}}, {"type": "Feature", "properties": {"id_obligation": "333100000A1095", "priorite": "très forte"}, "geometry": {"type": "Polygon", "coordinates": [[[-0.52808, 44.51047, 71.11777777777779], [-0.52823, 44.5107, 71.11777777777779], [-0.5282, 44.51092, 71.11777777777779], [-0.52795, 44.51118, 71.11777777777779], [-0.52775, 44.51129, 71.11777777777779], [-0.5273, 44.51138, 71.3], [-0.52706, 44.51135, 71.3], [-0.52672, 44.5112, 71.11777777777779], [-0.52652, 44.51099, 71.11777777777779], [-0.5265, 44.51075, 71.11777777777779], [-0.52637, 44.51052, 71.11777777777779], [-0.5264, 44.51034, 71.11777777777779], [-0.52654, 44.51016, 71.11777777777779], [-0.52679, 44.51003, 71.11777777777779], [-0.5271, 44.51, 70.8], [-0.52734, 44.51006, 70.8], [-0.52808, 44.51047, 71.11777777777779]]]}}, {"type": "Feature", "properties": {"id_obligation": "333100000A1116", "priorite": "forte"}, "geometry": {"type": "Polygon", "coordinates": [[[-0.49953, 44.52439, -196.78382352941176], [-0.4993, 44.52445, 73.7], [-0.49872, 44.52441, -196.78382352941176], [-0.49849, 44.52435, -196.78382352941176], [-0.49828, 44.5242, -196.78382352941176], [-0.49819, 44.52404, -196.78382352941176], [-0.49821, 44.5238, -196.78382352941176], [-0.49829, 44.52364, -196.78382352941176], [-0.4985, 44.52348, -196.78382352941176], [-0.49873, 44.52342, 70.39999999999999], [-0.49932, 44.52346, -196.78382352941176], [-0.49954, 44.52352, -196.78382352941176], [-0.49973, 44.52363, -196.78382352941176], [-0.49985, 44.52382, -1000.0], [-0.49984, 44.52405, -1000.0], [-0.49974, 44.52422, -196.78382352941176], [-0.49953, 44.52439, -196.78382352941176]]]}}, {"type": "Feature", "properties": {"id_obligation": "333100000A1126", "priorite": "moyenne"}, "geometry": {"type": "MultiPolygon", "coordinates": [[[[-0.50264, 44.49334, 57.0], [-0.50231, 44.4934, 57.0], [-0.50233, 44.49335, 57.0], [-0.50225, 44.49333, 57.0], [-0.50222, 44.49339, 57.0], [-0.50182, 44.49326, 57.888888888888886], [-0.50163, 44.493, 57.31666666666666], [-0.50166, 44.49279, 57.31666666666666], [-0.50186, 44.49247, 57.2018806073154], [-0.50205, 44.49236, 57.2018806073154], [-0.5023, 44.49232, 57.425000000000026], [-0.50249, 44.49218, 57.425000000000026], [-0.50273, 44.49211, 57.425000000000026], [-0.50288, 44.49211, 57.1], [-0.50299, 44.49216, 57.1], [-0.50304, 44.49213, 55.199999999999996], [-0.50304, 44.49219, 55.2], [-0.50317, 44.49224, 55.3], [-0.50323, 44.49221, 54.0], [-0.50341, 44.49235, 55.199999999999996], [-0.50349, 44.49252, 58.2], [-0.50348, 44.49269, 58.2], [-0.50335, 44.49287, 58.2], [-0.50264, 44.49334, 57.0]]]]}}, {"type": "Feature", "properties": {"id_obligation": "333100000A1127", "priorite": "moyenne"}, "geometry": {"type": "Polygon", "coordinates": [[[-0.5028, 44.49373, 57.4], [-0.50258, 44.49389, 57.4], [-0.50264, 44.49381, 57.4], [-0.50258, 44.49379, 57.4], [-0.50247, 44.49393, 57.4], [-0.50218, 44.49397, 57.4], [-0.50182, 44.49388, 57.443027210884345], [-0.5016, 44.49372, 57.443027210884345], [-0.50142, 44.49338, 57.4], [-0.50144, 44.49321, 57.4], [-0.50161, 44.49291, 57.0], [-0.50178, 44.49278, 57.0], [-0.50206, 44.4927, 57.35833333333332], [-0.50231, 44.49272, 57.35833333333332], [-0.50258, 44.4928, 57.4], [-0.50281, 44.493, 57.4], [-0.50295, 44.49328, 57.443027210884345], [-0.50294, 44.49348, 57.443027210884345], [-0.5028, 44.49373, 57.4]]]}}, {"type": "Feature", "properties": {"id_obligation": "333100000A1152", "priorite": "moyenne"}, "geometry": {"type": "Polygon", "coordinates": [[[-0.49948, 44.50151, 66.35714285714286], [-0.49946, 44.50129, 66.35714285714286], [-0.49955, 44.50112, -81.00654761904762], [-0.4998, 44.50093, -81.00654761904762], [-0.50008, 44.50085, -81.00654761904762], [-0.50032, 44.50086, -81.00654761904762], [-0.50053, 44.50094, -81.00654761904762], [-0.50072, 44.50107, -81.00654761904762], [-0.50083, 44.50123, -81.00654761904762], [-0.50083, 44.50145, -81.00654761904762], [-0.50073, 44.50161, -81.00654761904762], [-0.50051, 44.50177, -81.00654761904762], [-0.50029, 44.50185, 65.75], [-0.50003, 44.50185, 65.75], [-0.4998, 44.50179, -526.3333333333334], [-0.4996, 44.50166, -526.3333333333334], [-0.49948, 44.50151, 66.35714285714286]]]}}, {"type": "Feature", "properties": {"id_obligation": "333100000A1155", "priorite": "forte"}, "geometry": {"type": "Polygon", "coordinates": [[[-0.50024, 44.50175, 65.7], [-0.5, 44.5019, 65.7], [-0.49978, 44.50196, -344.2307692307692], [-0.49947, 44.50195, -344.2307692307692], [-0.49924, 44.50188, -1000.0], [-0.499, 44.50169, -1000.0], [-0.49892, 44.50152, -228.39472527472526], [-0.49896, 44.50131, -228.39472527472526], [-0.49917, 44.50106, -228.39472527472526], [-0.49939, 44.50092, -228.39472527472526], [-0.49963, 44.50086, -228.39472527472526], [-0.49994, 44.50089, -228.39472527472526], [-0.50019, 44.50101, -228.39472527472526], [-0.50035, 44.50119, -228.39472527472526], [-0.50039, 44.50139, 70.2], [-0.50024, 44.50175, 65.7]]]}}, {"type": "Feature", "properties": {"id_obligation": "333100000A1158", "priorite": "forte"}, "geometry": {"type": "Polygon", "coordinates": [[[-0.49932, 44.50202, -166.3693287037037], [-0.49923, 44.50181, -1000.0], [-0.49926, 44.50164, -1000.0], [-0.49944, 44.50141, 67.0], [-0.49962, 44.5013, 67.0], [-0.49985, 44.50125, 66.42777777777778], [-0.50009, 44.50126, 66.42777777777778], [-0.50035, 44.50136, 70.2], [-0.50051, 44.5015, 70.2], [-0.50059, 44.50172, -166.3693287037037], [-0.50054, 44.50189, -166.3693287037037], [-0.50037, 44.50209, -166.3693287037037], [-0.50018, 44.5022, -166.3693287037037], [-0.49994, 44.50225, 65.5], [-0.49969, 44.50222, -166.3693287037037], [-0.49948, 44.50214, -166.3693287037037], [-0.49932, 44.50202, -166.3693287037037]]]}}, {"type": "Feature", "properties": {"id_obligation": "333100000A1165", "priorite": "très forte"}, "geometry": {"type": "Polygon", "coordinates": [[[-0.49791, 44.50168, 66.10000000000001], [-0.49776, 44.50153, 66.10000000000001], [-0.49771, 44.50135, 66.10000000000001], [-0.49777, 44.50112, 66.10000000000001], [-0.49794, 44.50094, 66.10000000000001], [-0.49815, 44.50085, 66.10000000000001], [-0.49839, 44.50083, 66.10000000000001], [-0.49865, 44.50087, 66.10000000000001], [-0.4989, 44.501, 66.10000000000001], [-0.49903, 44.50115, 66.10000000000001], [-0.49906, 44.50133, 66.10000000000001], [-0.49898, 44.50154, 66.10000000000001], [-0.49886, 44.50168, 66.10000000000001], [-0.49866, 44.50178, 66.10000000000001], [-0.49843, 44.50183, 66.10000000000001], [-0.49816, 44.5018, 66.10000000000001], [-0.49791, 44.50168, 66.10000000000001]]]}}, {"type": "Feature", "properties": {"id_obligation": "333100000A1179", "priorite": "moyenne"}, "geometry": {"type": "Polygon", "coordinates": [[[-0.49653, 44.49595, 61.58220588235295], [-0.49633, 44.49605, 61.58220588235295], [-0.496, 44.49611, 61.63500000000001], [-0.49565, 44.49605, 61.58220588235295], [-0.49546, 44.49594, 61.58220588235295], [-0.49532, 44.49574, 61.58220588235295], [-0.49531, 44.49556, 61.58220588235295], [-0.49543, 44.49523, 61.58220588235295], [-0.49558, 44.49509, 61.58220588235295], [-0.49585, 44.49499, 61.58220588235295], [-0.49643, 44.49505, 61.58220588235295], [-0.49663, 44.49516, 61.58220588235295], [-0.49675, 44.49531, 61.58220588235295], [-0.49678, 44.49549, 61.58220588235295], [-0.49672, 44.49574, 61.58220588235295], [-0.49653, 44.49595, 61.58220588235295]]]}}, {"type": "Feature", "properties": {"id_obligation": "333100000A1181", "priorite": "moyenne"}, "geometry": {"type": "Polygon", "coordinates": [[[-0.49653, 44.49576, 61.822807017543866], [-0.49633, 44.49586, 61.822807017543866], [-0.49616, 44.49589, 62.1], [-0.49616, 44.49586, 62.1], [-0.49603, 44.49584, 62.1], [-0.49605, 44.4959, 62.1], [-0.49581, 44.49587, 61.822807017543866], [-0.49555, 44.49576, 61.822807017543866], [-0.49541, 44.49561, 61.822807017543866], [-0.49536, 44.49544, 61.822807017543866], [-0.4954, 44.49525, 61.822807017543866], [-0.49553, 44.4951, 61.822807017543866], [-0.49573, 44.49499, 61.822807017543866], [-0.49598, 44.49495, 61.822807017543866], [-0.49631, 44.49499, 61.822807017543866], [-0.49652, 44.49509, 61.822807017543866], [-0.49666, 44.49523, 61.822807017543866], [-0.49671, 44.4954, 61.822807017543866], [-0.49668, 44.49556, 61.822807017543866], [-0.49653, 44.49576, 61.822807017543866]]]}}, {"type": "Feature", "properties": {"id_obligation": "333100000A1184", "priorite": "moyenne"}, "geometry": {"type": "Polygon", "coordinates": [[[-0.49653, 44.4961, 60.239999999999995], [-0.49652, 44.49632, 61.22346153846155], [-0.4964, 44.49648, 61.22346153846155], [-0.49616, 44.49662, 61.22346153846155], [-0.49586, 44.49665, 61.22346153846155], [-0.49539, 44.49656, 61.22346153846155], [-0.49519, 44.49647, 61.22346153846155], [-0.49505, 44.49633, 61.22346153846155], [-0.495, 44.49616, 61.22346153846155], [-0.49503, 44.49599, 60.7], [-0.49516, 44.496, 60.7], [-0.49511, 44.49589, 60.7], [-0.49535, 44.49573, 60.699999999999996], [-0.49584, 44.49568, 61.22346153846155], [-0.49617, 44.49577, 62.100000000000016], [-0.4964, 44.4959, 62.100000000000016], [-0.49653, 44.4961, 60.239999999999995]]]}}, {"type": "Feature", "properties": {"id_obligation": "333100000A1196", "priorite": "très forte"}, "geometry": {"type": "Polygon", "coordinates": [[[-0.52483, 44.50969, 68.7], [-0.52473, 44.50953, 68.7], [-0.52472, 44.50935, 68.7], [-0.52484, 44.50912, 68.7], [-0.52501, 44.50899, 68.7], [-0.52523, 44.50892, 68.7], [-0.52548, 44.50892, 68.7], [-0.52578, 44.50899, 68.7], [-0.52596, 44.50912, 68.7], [-0.52607, 44.50932, 68.7], [-0.52605, 44.5095, 68.7], [-0.52594, 44.5097, 68.7], [-0.52572, 44.50985, 68.7], [-0.52549, 44.5099, 68.7], [-0.52525, 44.50989, 68.7], [-0.52501, 44.50982, 68.7], [-0.52483, 44.50969, 68.7]]]}}, {"type": "Feature", "properties": {"id_obligation": "333100000A1208", "priorite": "forte"}, "geometry": {"type": "Polygon", "coordinates": [[[-0.52927, 44.5125, 73.54651526251526], [-0.52896, 44.5125, 73.54651526251526], [-0.52856, 44.51235, 73.54651526251526], [-0.52836, 44.51214, 71.34444444444445], [-0.52835, 44.51211, 71.08872199971958], [-0.52849, 44.51207, 71.8], [-0.52833, 44.512, 71.15425658513014], [-0.52834, 44.51197, 71.34444444444445], [-0.52854, 44.51164, 73.54651526251526], [-0.52872, 44.51152, 73.92], [-0.52915, 44.51133, 73.92], [-0.52963, 44.51136, 75.22857142857143], [-0.52994, 44.51149, 75.22857142857143], [-0.53007, 44.51166, 74.3], [-0.52992, 44.51161, 74.3], [-0.52982, 44.51181, 74.0], [-0.53, 44.51186, 74.0], [-0.53008, 44.51168, 75.22857142857143], [-0.5301, 44.51185, 73.45384615384616], [-0.53, 44.5121, 73.54651526251526], [-0.52927, 44.5125, 73.54651526251526]]]}}, {"type": "Feature", "properties": {"id_obligation": "333100000A1209", "priorite": "forte"}, "geometry": {"type": "Polygon", "coordinates": [[[-0.52907, 44.51189, 74.1], [-0.52896, 44.51201, 74.1], [-0.52912, 44.51204, 74.1], [-0.52907, 44.51224, 72.18194444444444], [-0.52888, 44.51242, 72.18194444444444], [-0.52857, 44.51255, 72.18194444444444], [-0.52827, 44.51256, 72.18194444444444], [-0.5277, 44.5124, 71.3], [-0.52751, 44.51228, 71.3], [-0.52739, 44.51212, 72.18194444444444], [-0.52738, 44.5119, 72.18194444444444], [-0.5275, 44.5117, 72.18194444444444], [-0.52765, 44.51157, 72.18194444444444], [-0.52786, 44.51149, 72.18194444444444], [-0.52816, 44.51148, 71.98333333333333], [-0.52858, 44.51158, 72.18194444444444], [-0.52886, 44.51169, 72.18194444444444], [-0.52907, 44.51189, 74.1]]]}}, {"type": "Feature", "properties": {"id_obligation": "333100000A1210", "priorite": "forte"}, "geometry": {"type": "Polygon", "coordinates": [[[-0.52913, 44.51109, 72.59728835978837], [-0.52941, 44.51122, 72.59728835978837], [-0.52956, 44.51135, 75.11428571428571], [-0.52963, 44.51165, 75.11428571428571], [-0.52947, 44.5119, 73.4888888888889], [-0.52917, 44.51205, 73.4888888888889], [-0.52892, 44.51208, 71.775], [-0.52867, 44.51202, 71.775], [-0.52847, 44.51214, 71.775], [-0.52823, 44.51219, 71.775], [-0.52791, 44.51218, 71.0], [-0.52769, 44.51211, 71.0], [-0.52748, 44.51195, 71.0], [-0.52741, 44.51174, 71.14999999999999], [-0.52746, 44.51156, 71.14999999999999], [-0.52775, 44.51114, 72.59728835978837], [-0.52797, 44.511, 72.59728835978837], [-0.5282, 44.51095, 72.59728835978837], [-0.52913, 44.51109, 72.59728835978837]]]}}, {"type": "Feature", "properties": {"id_obligation": "333100000A1212", "priorite": "très forte"}, "geometry": {"type": "Polygon", "coordinates": [[[-0.52564, 44.51052, 69.16], [-0.52533, 44.51054, 69.16], [-0.52473, 44.5103, 69.16], [-0.52456, 44.51012, 69.16], [-0.52453, 44.50994, 69.16], [-0.52459, 44.50977, 69.16], [-0.52475, 44.50961, 69.16], [-0.52502, 44.50949, 69.16], [-0.52527, 44.50947, 69.16], [-0.52551, 44.50953, 69.16], [-0.52594, 44.50972, 69.16], [-0.52609, 44.5099, 69.16], [-0.52612, 44.51007, 69.16], [-0.52605, 44.51024, 69.16], [-0.52589, 44.5104, 69.16], [-0.52564, 44.51052, 69.16]]]}}, {"type": "Feature", "properties": {"id_obligation": "333100000A1243", "priorite": "très forte"}, "geometry": {"type": "Polygon", "coordinates": [[[-0.49737, 44.52479, 66.9], [-0.49713, 44.52479, 66.9], [-0.49686, 44.52471, 68.00125], [-0.49665, 44.52457, 68.00125], [-0.49657, 44.52441, 68.00125], [-0.49659, 44.52419, 68.00125], [-0.4969, 44.5239, 68.00125], [-0.49712, 44.52383, 68.00125], [-0.49736, 44.52383, 68.00125], [-0.49758, 44.52389, 68.00125], [-0.4978, 44.52403, 68.00125], [-0.49791, 44.52419, 71.02499999999999], [-0.49791, 44.52437, 71.02499999999999], [-0.49782, 44.52454, 66.9], [-0.49763, 44.52469, 66.9], [-0.49737, 44.52479, 66.9]]]}}, {"type": "Feature", "properties": {"id_obligation": "333100000A1259", "priorite": "forte"}, "geometry": {"type": "Polygon", "coordinates": [[[-0.53087, 44.51139, -23.923536463536472], [-0.53091, 44.51166, 73.7], [-0.53074, 44.51194, -23.923536463536472], [-0.53033, 44.51214, -23.923536463536472], [-0.52996, 44.51221, -414.6363636363636], [-0.52962, 44.51216, -414.6363636363636], [-0.52941, 44.51206, 73.0], [-0.52902, 44.51172, 73.65714285714286], [-0.52897, 44.51162, 73.9], [-0.52901, 44.51157, 73.9], [-0.52896, 44.51155, 73.9], [-0.52901, 44.51133, -23.923536463536472], [-0.52915, 44.51118, -23.923536463536472], [-0.52935, 44.51108, -23.923536463536472], [-0.52978, 44.51105, -23.923536463536472], [-0.53003, 44.51111, -23.923536463536472], [-0.53031, 44.5111, -23.923536463536472], [-0.53063, 44.51119, -23.923536463536472], [-0.53087, 44.51139, -23.923536463536472]]]}}, {"type": "Feature", "properties": {"id_obligation": "333100000A1260", "priorite": "forte"}, "geometry": {"type": "Polygon", "coordinates": [[[-0.53164, 44.51187, 73.78571428571429], [-0.53161, 44.51213, 2.5394285714285756], [-0.53139, 44.51237, 2.5394285714285756], [-0.53096, 44.51254, 2.5394285714285756], [-0.5306, 44.51256, 2.5394285714285756], [-0.5303, 44.51244, 2.5394285714285756], [-0.53006, 44.51251, 2.5394285714285756], [-0.52982, 44.5125, 2.5394285714285756], [-0.52943, 44.51239, 2.5394285714285756], [-0.52921, 44.51218, 2.5394285714285756], [-0.52917, 44.51201, 73.50000000000001], [-0.52926, 44.51161, 75.6], [-0.52941, 44.51142, 75.6], [-0.52961, 44.51133, 75.6], [-0.52988, 44.51127, 73.87142857142858], [-0.53012, 44.51128, 73.87142857142858], [-0.53042, 44.51138, 73.87142857142858], [-0.53062, 44.51155, 73.87142857142858], [-0.53102, 44.51149, 2.5394285714285756], [-0.5314, 44.51161, 2.5394285714285756], [-0.53164, 44.51187, 73.78571428571429]]]}}, {"type": "Feature", "properties": {"id_obligation": "333100000A1269", "priorite": "faible"}, "geometry": {"type": "Polygon", "coordinates": [[[-0.50125, 44.49316, 58.09007936507936], [-0.50148, 44.49302, 58.09007936507936], [-0.50171, 44.49298, 57.0], [-0.50207, 44.49301, 60.2], [-0.50228, 44.4931, 60.2], [-0.50243, 44.49324, 60.2], [-0.50249, 44.49341, 57.800000000000004], [-0.50245, 44.49364, 58.09007936507936], [-0.50228, 44.49382, 58.09007936507936], [-0.50207, 44.49391, 58.09007936507936], [-0.50183, 44.49394, 58.09007936507936], [-0.50153, 44.4939, 58.38333333333333], [-0.5014, 44.49385, 58.7], [-0.50157, 44.49386, 58.7], [-0.50158, 44.49375, 58.7], [-0.50135, 44.49378, 58.6], [-0.50135, 44.49383, 58.666280554050225], [-0.50132, 44.49374, 58.0], [-0.50122, 44.49373, 58.0], [-0.50117, 44.49366, 58.38333333333333], [-0.50111, 44.49349, 57.75714285714286], [-0.50114, 44.49331, 58.09007936507936], [-0.50125, 44.49316, 58.09007936507936]]]}}, {"type": "Feature", "properties": {"id_obligation": "333100000A1276", "priorite": "très forte"}, "geometry": {"type": "Polygon", "coordinates": [[[-0.50165, 44.5048, 70.6], [-0.50171, 44.50502, 70.6], [-0.50164, 44.50519, 71.96], [-0.50143, 44.5054, 71.96], [-0.50122, 44.50549, 72.5], [-0.50091, 44.50551, 72.5], [-0.50068, 44.50545, 71.96], [-0.5004, 44.5053, 71.96], [-0.50028, 44.50514, 73.5], [-0.50025, 44.50496, 73.5], [-0.50032, 44.50479, 71.96], [-0.50051, 44.50461, 71.96], [-0.50072, 44.50451, 71.96], [-0.50097, 44.50448, 71.96], [-0.50122, 44.50452, 71.96], [-0.50146, 44.50463, 70.6], [-0.50165, 44.5048, 70.6]]]}}, {"type": "Feature", "properties": {"id_obligation": "333100000A1291", "priorite": "forte"}, "geometry": {"type": "Polygon", "coordinates": [[[-0.49475, 44.49922, -201.8575], [-0.4947, 44.499, -201.8575], [-0.49497, 44.49856, -201.8575], [-0.49516, 44.49844, 64.02000000000001], [-0.4954, 44.49839, 64.02000000000001], [-0.49565, 44.49841, 63.800000000000004], [-0.49593, 44.49851, 63.800000000000004], [-0.49611, 44.49869, 63.800000000000004], [-0.49616, 44.4989, -1000.0], [-0.49588, 44.49934, -201.8575], [-0.49569, 44.49946, -201.8575], [-0.49546, 44.49951, -201.8575], [-0.49521, 44.4995, -201.8575], [-0.49494, 44.49939, -201.8575], [-0.49475, 44.49922, -201.8575]]]}}, {"type": "Feature", "properties": {"id_obligation": "333100000A1292", "priorite": "très forte"}, "geometry": {"type": "Polygon", "coordinates": [[[-0.53331, 44.508, 68.42307692307695], [-0.53318, 44.50819, 68.42307692307695], [-0.533, 44.50831, 68.42307692307695], [-0.53278, 44.50837, 68.42307692307695], [-0.53247, 44.50835, 68.42307692307695], [-0.53222, 44.50826, 68.42307692307695], [-0.53206, 44.50813, 68.42307692307695], [-0.53197, 44.50797, 68.42307692307695], [-0.532, 44.50761, 68.42307692307695], [-0.53212, 44.5074, 68.42307692307695], [-0.53227, 44.50726, 68.42307692307695], [-0.53256, 44.50716, 68.42307692307695], [-0.53287, 44.50717, 68.42307692307695], [-0.5332, 44.50732, 68.42307692307695], [-0.53335, 44.50751, 68.42307692307695], [-0.53331, 44.508, 68.42307692307695]]]}}, {"type": "Feature", "properties": {"id_obligation": "333100000A1301", "priorite": "moyenne"}, "geometry": {"type": "Polygon", "coordinates": [[[-0.50283, 44.49892, 64.61666666666667], [-0.50256, 44.49903, 64.61666666666667], [-0.5022, 44.49902, 64.61666666666667], [-0.50196, 44.49896, 64.61666666666667], [-0.50178, 44.49884, 64.61666666666667], [-0.50167, 44.49863, 64.61666666666667], [-0.5017, 44.49837, 64.61666666666667], [-0.50179, 44.4982, 64.61666666666667], [-0.50196, 44.49807, 64.61666666666667], [-0.50219, 44.498, 64.75], [-0.50243, 44.498, 64.75], [-0.50277, 44.49807, 64.61666666666667], [-0.50294, 44.49819, 64.61666666666667], [-0.50304, 44.49835, 64.9], [-0.503, 44.49874, 64.61666666666667], [-0.50283, 44.49892, 64.61666666666667]]]}}, {"type": "Feature", "properties": {"id_obligation": "333100000A1307", "priorite": "très forte"}, "geometry": {"type": "Polygon", "coordinates": [[[-0.50309, 44.50526, 73.64999999999999], [-0.50271, 44.50542, 73.20000000000002], [-0.50241, 44.50543, 73.20000000000002], [-0.50176, 44.50526, -243.58517857142854], [-0.50155, 44.5051, -243.58517857142854], [-0.50147, 44.50493, 71.06], [-0.50152, 44.50465, 71.06], [-0.50144, 44.50439, -1000.0], [-0.50156, 44.50415, -1000.0], [-0.50184, 44.50398, -1000.0], [-0.50214, 44.50395, -1000.0], [-0.5025, 44.50404, -1000.0], [-0.5027, 44.50419, -1000.0], [-0.50311, 44.50427, -243.58517857142854], [-0.50329, 44.50438, -243.58517857142854], [-0.50341, 44.50457, 72.5], [-0.50333, 44.50495, 73.64999999999999], [-0.50309, 44.50526, 73.64999999999999]]]}}, {"type": "Feature", "properties": {"id_obligation": "333100000A1308", "priorite": "forte"}, "geometry": {"type": "Polygon", "coordinates": [[[-0.50222, 44.50522, -142.73333333333332], [-0.50196, 44.50534, -142.73333333333332], [-0.50156, 44.50535, -142.73333333333332], [-0.50127, 44.50527, 71.73333333333333], [-0.50108, 44.50509, 71.73333333333333], [-0.50103, 44.50492, 72.9], [-0.5011, 44.50457, -142.73333333333332], [-0.50121, 44.50442, -142.73333333333332], [-0.50139, 44.5043, -142.73333333333332], [-0.50161, 44.50425, -142.73333333333332], [-0.50196, 44.50427, -1000.0], [-0.50218, 44.50434, -1000.0], [-0.50242, 44.5046, 70.86666666666666], [-0.50236, 44.50503, -142.73333333333332], [-0.50222, 44.50522, -142.73333333333332]]]}}, {"type": "Feature", "properties": {"id_obligation": "333100000A1310", "priorite": "forte"}, "geometry": {"type": "Polygon", "coordinates": [[[-0.49536, 44.49827, 62.70000000000001], [-0.49507, 44.49833, 63.03333333333334], [-0.49483, 44.49831, 63.03333333333334], [-0.49451, 44.49818, 63.03333333333334], [-0.49434, 44.498, 63.03333333333334], [-0.4943, 44.49783, 63.03333333333334], [-0.49435, 44.49766, 63.03333333333334], [-0.49452, 44.49744, 63.03333333333334], [-0.49472, 44.49734, 63.03333333333334], [-0.49502, 44.49729, 63.03333333333334], [-0.49526, 44.49733, 63.03333333333334], [-0.49552, 44.49744, 63.03333333333334], [-0.49567, 44.49758, 63.03333333333334], [-0.49573, 44.49775, 62.7], [-0.4957, 44.49792, 62.7], [-0.49558, 44.49811, 62.70000000000001], [-0.49536, 44.49827, 62.70000000000001]]]}}, {"type": "Feature", "properties": {"id_obligation": "333100000A1311", "priorite": "moyenne"}, "geometry": {"type": "Polygon", "coordinates": [[[-0.50364, 44.49251, 54.4470588235294], [-0.5035, 44.49278, 31.937538335847158], [-0.50328, 44.49294, 31.937538335847158], [-0.503, 44.493, 57.12222222222221], [-0.50264, 44.49295, 57.12222222222221], [-0.50243, 44.49284, 57.4], [-0.50245, 44.49279, 57.4], [-0.50218, 44.49272, 57.39999999999999], [-0.50199, 44.49255, 57.95], [-0.50193, 44.49238, 57.95], [-0.50197, 44.4922, 57.95], [-0.50214, 44.49194, -144.0423076923077], [-0.50237, 44.49181, -144.0423076923077], [-0.5026, 44.49177, 58.20000000000001], [-0.50266, 44.49177, 58.38994270932671], [-0.50253, 44.49192, 59.9], [-0.50244, 44.49191, 59.0], [-0.50243, 44.49186, 59.0], [-0.50236, 44.49199, 59.0], [-0.50256, 44.49202, 59.9], [-0.50273, 44.49177, 57.6], [-0.50284, 44.49179, 58.20000000000001], [-0.50343, 44.49201, 57.1], [-0.50356, 44.49216, 54.4470588235294], [-0.50364, 44.49251, 54.4470588235294]]]}}, {"type": "Feature", "properties": {"id_obligation": "333100000A1312", "priorite": "moyenne"}, "geometry": {"type": "MultiPolygon", "coordinates": [[[[-0.50337, 44.49265, 54.0], [-0.50306, 44.49267, 56.99047619047621], [-0.50283, 44.49262, 56.4], [-0.50287, 44.49258, 56.4], [-0.50283, 44.49256, 56.5], [-0.50277, 44.49259, 57.7], [-0.50281, 44.49253, 57.7], [-0.50276, 44.4925, 57.7], [-0.50271, 44.49257, 57.7], [-0.50262, 44.49253, 58.2], [-0.50264, 44.49244, 58.2], [-0.50251, 44.4924, 57.7], [-0.5025, 44.49247, 58.2], [-0.50226, 44.49236, 57.95000000000001], [-0.50211, 44.49222, -252.33529411764704], [-0.50205, 44.492, -252.33529411764704], [-0.50208, 44.49189, 60.0], [-0.50217, 44.49192, 60.0], [-0.50224, 44.49182, 60.0], [-0.50234, 44.49182, 60.0], [-0.50239, 44.49168, 57.9], [-0.50228, 44.49165, 58.90526315789473], [-0.50248, 44.49154, 58.90526315789473], [-0.50272, 44.4915, 55.85000000000001], [-0.50271, 44.49156, 54.8], [-0.50284, 44.49162, 54.8], [-0.50291, 44.49153, 54.8], [-0.50347, 44.49175, 17.67505565384049], [-0.5037, 44.49194, 54.0], [-0.50379, 44.4921, 54.0], [-0.50377, 44.49232, 54.0], [-0.50361, 44.49252, 54.0], [-0.50337, 44.49265, 54.0]]], [[[-0.50217, 44.4918, 59.6], [-0.50215, 44.49179, 59.8929199519949], [-0.50221, 44.49172, 59.99052302455438], [-0.50217, 44.4918, 59.6]]]]}}, {"type": "Feature", "properties": {"id_obligation": "333100000A1313", "priorite": "moyenne"}, "geometry": {"type": "Polygon", "coordinates": [[[-0.50314, 44.49217, 55.2], [-0.50307, 44.49214, 55.2], [-0.50306, 44.49225, 55.87777777777777], [-0.50295, 44.49232, 55.6], [-0.50285, 44.49229, 55.6], [-0.50283, 44.49232, 55.6], [-0.50289, 44.49234, 55.6], [-0.5027, 44.49239, 57.2], [-0.50277, 44.49226, 57.2], [-0.50264, 44.49222, 57.2], [-0.50256, 44.49236, 57.2], [-0.50268, 44.49239, 57.2], [-0.50263, 44.4924, -86.55454545454545], [-0.50239, 44.49238, -86.55454545454545], [-0.50212, 44.49226, -40.77142857142855], [-0.50196, 44.49212, -40.77142857142855], [-0.5019, 44.49194, 58.96000000000001], [-0.50212, 44.49141, 55.8], [-0.50228, 44.4912, 55.8], [-0.50246, 44.49108, 54.7125], [-0.50276, 44.49102, 54.7125], [-0.50312, 44.49109, 22.20525767882911], [-0.50335, 44.49121, 22.20525767882911], [-0.50349, 44.49135, 22.20525767882911], [-0.50353, 44.49161, 22.20525767882911], [-0.50314, 44.49217, 55.2]]]}}, {"type": "Feature", "properties": {"id_obligation": "333100000A1315", "priorite": "moyenne"}, "geometry": {"type": "Polygon", "coordinates": [[[-0.50299, 44.49172, 57.0], [-0.50293, 44.49197, 57.935714285714305], [-0.5029, 44.49202, 57.1], [-0.50275, 44.49195, 57.1], [-0.50268, 44.49203, 57.1], [-0.50284, 44.49209, 57.1], [-0.50238, 44.49235, -318.5500000000001], [-0.50208, 44.49237, -318.5500000000001], [-0.50175, 44.49227, 59.138461538461556], [-0.5015, 44.49211, 57.5], [-0.50149, 44.49195, 57.2], [-0.50135, 44.49197, 57.2], [-0.50136, 44.49202, 57.32842964258877], [-0.50125, 44.4919, 56.7], [-0.5013, 44.4919, 56.7], [-0.5013, 44.49183, 56.7], [-0.50122, 44.49183, 56.7], [-0.5012, 44.49173, 57.58888888888888], [-0.50127, 44.4915, 3.769961625675898], [-0.5014, 44.49135, 3.769961625675898], [-0.50161, 44.49125, 3.769961625675898], [-0.50237, 44.49121, 3.769961625675898], [-0.50264, 44.4913, 54.18333333333333], [-0.50287, 44.49148, 54.18333333333333], [-0.50299, 44.49172, 57.0]]]}}, {"type": "Feature", "properties": {"id_obligation": "333100000A1316", "priorite": "très forte"}, "geometry": {"type": "Polygon", "coordinates": [[[-0.52189, 44.50045, 62.15], [-0.52185, 44.50067, 61.175], [-0.52164, 44.50095, 61.175], [-0.52134, 44.50109, 61.175], [-0.52103, 44.50111, -159.78151709401712], [-0.52072, 44.50101, -159.78151709401712], [-0.52044, 44.5011, -159.78151709401712], [-0.52014, 44.50108, -1000.0], [-0.51978, 44.50089, -1000.0], [-0.51963, 44.5007, -204.625], [-0.51963, 44.50048, -204.625], [-0.51977, 44.50029, 61.89166666666666], [-0.5201, 44.50006, 61.89166666666666], [-0.52008, 44.50011, 62.6], [-0.52015, 44.50014, 62.6], [-0.52026, 44.49999, 62.6], [-0.52061, 44.49984, -159.78151709401712], [-0.52085, 44.49983, -159.78151709401712], [-0.52132, 44.49991, -159.78151709401712], [-0.52157, 44.50003, -159.78151709401712], [-0.52179, 44.50025, 62.15], [-0.52189, 44.50045, 62.15]]]}}, {"type": "Feature", "properties": {"id_obligation": "333100000A1317", "priorite": "très forte"}, "geometry": {"type": "Polygon", "coordinates": [[[-0.52056, 44.50047, 60.1], [-0.52049, 44.50041, 60.1], [-0.52044, 44.50045, 60.1], [-0.52051, 44.5005, 60.1], [-0.52042, 44.50054, 60.36875], [-0.52037, 44.50056, 60.496280657324256], [-0.52034, 44.50051, 59.7], [-0.52025, 44.50058, 61.15597781871109], [-0.51991, 44.50058, 60.43750000000001], [-0.5196, 44.50049, 60.89930555555555], [-0.51942, 44.50037, 60.89930555555555], [-0.51932, 44.5002, 60.89930555555555], [-0.51932, 44.50002, 60.89930555555555], [-0.51948, 44.49979, 60.89930555555555], [-0.51984, 44.49957, 60.89930555555555], [-0.52006, 44.49949, 60.89930555555555], [-0.52036, 44.49949, 60.89930555555555], [-0.52071, 44.49962, 60.89930555555555], [-0.52088, 44.4998, 60.89930555555555], [-0.52091, 44.50002, 60.89930555555555], [-0.52079, 44.50024, 60.89930555555555], [-0.52056, 44.50047, 60.1]]]}}, {"type": "Feature", "properties": {"id_obligation": "333100000A1320", "priorite": "très forte"}, "geometry": {"type": "Polygon", "coordinates": [[[-0.51289, 44.49764, 59.269444444444446], [-0.51276, 44.49776, 59.269444444444446], [-0.51256, 44.49785, 60.075], [-0.51227, 44.49789, 60.075], [-0.51202, 44.49787, 59.269444444444446], [-0.51178, 44.49779, 59.269444444444446], [-0.51161, 44.49767, 59.269444444444446], [-0.51151, 44.49746, 59.269444444444446], [-0.51153, 44.49729, 59.269444444444446], [-0.51183, 44.49691, 59.269444444444446], [-0.5119, 44.49665, 59.269444444444446], [-0.51215, 44.49641, 58.5], [-0.51237, 44.49634, 58.5], [-0.51262, 44.49634, 58.5], [-0.51298, 44.49645, 59.269444444444446], [-0.51316, 44.49657, 59.269444444444446], [-0.51325, 44.49674, 59.269444444444446], [-0.51326, 44.49691, 59.269444444444446], [-0.51311, 44.49715, 59.269444444444446], [-0.51297, 44.49725, 59.269444444444446], [-0.51289, 44.49764, 59.269444444444446]]]}}, {"type": "Feature", "properties": {"id_obligation": "333100000A1325", "priorite": "très forte"}, "geometry": {"type": "Polygon", "coordinates": [[[-0.53259, 44.50963, 68.9], [-0.53244, 44.50992, -28.849999999999994], [-0.53228, 44.51005, -28.849999999999994], [-0.532, 44.51014, 70.3], [-0.53166, 44.51012, 70.3], [-0.53097, 44.50981, -28.849999999999994], [-0.53069, 44.5094, -523.6888888888889], [-0.53067, 44.50915, 71.7], [-0.53083, 44.50892, 71.7], [-0.53107, 44.5088, 71.7], [-0.53137, 44.50877, 68.9], [-0.53164, 44.50883, 68.9], [-0.53187, 44.50875, 68.9], [-0.53216, 44.50874, -28.849999999999994], [-0.53256, 44.50885, -28.849999999999994], [-0.53276, 44.50901, -28.849999999999994], [-0.53283, 44.50922, 68.9], [-0.53274, 44.50949, 68.9], [-0.53259, 44.50963, 68.9]]]}}, {"type": "Feature", "properties": {"id_obligation": "333100000A1326", "priorite": "très forte"}, "geometry": {"type": "Polygon", "coordinates": [[[-0.52199, 44.50986, 71.5], [-0.52187, 44.51022, 71.499], [-0.52132, 44.51062, 75.2], [-0.52103, 44.51067, 75.2], [-0.52063, 44.51063, 71.499], [-0.52043, 44.51053, 71.499], [-0.52017, 44.51029, 71.499], [-0.52008, 44.51008, 69.2], [-0.52013, 44.50979, 69.2], [-0.5203, 44.5096, 69.2], [-0.52058, 44.5095, 71.499], [-0.5206, 44.50921, 71.499], [-0.52086, 44.50898, 71.29999999999998], [-0.52127, 44.5089, 71.29999999999998], [-0.52162, 44.50899, 71.499], [-0.52182, 44.50916, 71.499], [-0.522, 44.50956, 71.5], [-0.52199, 44.50986, 71.5]]]}}, {"type": "Feature", "properties": {"id_obligation": "333100000A1327", "priorite": "très forte"}, "geometry": {"type": "Polygon", "coordinates": [[[-0.51881, 44.51036, 73.5], [-0.51905, 44.51033, 73.5], [-0.51929, 44.51037, 73.5], [-0.51955, 44.51051, 73.5], [-0.51967, 44.51066, 73.5], [-0.51971, 44.51087, 73.5], [-0.51964, 44.51103, 73.5], [-0.51948, 44.51118, 73.5], [-0.51922, 44.51129, 73.5], [-0.51897, 44.51131, 73.5], [-0.51874, 44.51126, 73.5], [-0.51854, 44.51114, 73.5], [-0.51841, 44.51099, 73.5], [-0.51836, 44.51082, 73.5], [-0.51842, 44.51064, 73.5], [-0.51856, 44.51049, 73.5], [-0.51881, 44.51036, 73.5]]]}}, {"type": "Feature", "properties": {"id_obligation": "333100000A1330", "priorite": "moyenne"}, "geometry": {"type": "Polygon", "coordinates": [[[-0.50167, 44.50034, 65.03692307692307], [-0.50177, 44.50054, 65.03692307692307], [-0.50173, 44.50075, 65.03692307692307], [-0.50155, 44.50097, 65.03692307692307], [-0.50128, 44.50109, 65.0], [-0.50103, 44.5011, 65.0], [-0.50068, 44.50101, 65.03692307692307], [-0.50048, 44.50092, 65.03692307692307], [-0.50032, 44.50073, 65.08], [-0.5003, 44.50056, 65.08], [-0.50038, 44.50036, 65.03692307692307], [-0.50051, 44.50021, 65.03692307692307], [-0.50072, 44.50011, 65.03692307692307], [-0.50097, 44.50008, 65.03692307692307], [-0.50145, 44.50019, 65.03692307692307], [-0.50167, 44.50034, 65.03692307692307]]]}}, {"type": "Feature", "properties": {"id_obligation": "333100000A1331", "priorite": "moyenne"}, "geometry": {"type": "Polygon", "coordinates": [[[-0.50172, 44.50065, 65.08802083333333], [-0.50173, 44.50088, 65.08802083333333], [-0.50159, 44.5011, 65.08802083333333], [-0.50135, 44.50124, 65.08802083333333], [-0.50112, 44.50129, 65.08802083333333], [-0.50087, 44.50127, 65.08802083333333], [-0.50053, 44.50116, 65.08802083333333], [-0.50031, 44.501, 65.08802083333333], [-0.50024, 44.50082, 65.2], [-0.50027, 44.50064, 65.2], [-0.5004, 44.50043, 65.03333333333335], [-0.50064, 44.50028, 65.03333333333335], [-0.50087, 44.50023, 65.1], [-0.50112, 44.50026, 65.1], [-0.50139, 44.50034, 65.08802083333333], [-0.5016, 44.50049, 65.08802083333333], [-0.50172, 44.50065, 65.08802083333333]]]}}, {"type": "Feature", "properties": {"id_obligation": "333100000A1344", "priorite": "forte"}, "geometry": {"type": "Polygon", "coordinates": [[[-0.50047, 44.49218, 57.0], [-0.50036, 44.49234, 57.0], [-0.50017, 44.49245, 57.0], [-0.49994, 44.4925, 57.0], [-0.49961, 44.49248, 57.0], [-0.49939, 44.49242, 57.0], [-0.49921, 44.4923, 57.0], [-0.4991, 44.4921, 57.0], [-0.49911, 44.49189, 57.0], [-0.4992, 44.49173, 57.0], [-0.49941, 44.49157, 57.0], [-0.49965, 44.49151, 57.0], [-0.50002, 44.49154, 57.0], [-0.50024, 44.49161, 57.0], [-0.50043, 44.49178, 57.0], [-0.5005, 44.49197, 57.0], [-0.50047, 44.49218, 57.0]]]}}, {"type": "Feature", "properties": {"id_obligation": "333100000A1345", "priorite": "forte"}, "geometry": {"type": "Polygon", "coordinates": [[[-0.50417, 44.49211, 56.638888888888886], [-0.50446, 44.49206, 56.638888888888886], [-0.50484, 44.49213, 56.638888888888886], [-0.50508, 44.49228, 56.638888888888886], [-0.50518, 44.49249, 56.638888888888886], [-0.50516, 44.49267, 56.638888888888886], [-0.50493, 44.49306, 56.638888888888886], [-0.50472, 44.49322, 56.638888888888886], [-0.50449, 44.49328, 56.638888888888886], [-0.50425, 44.49327, 56.638888888888886], [-0.50391, 44.49317, 56.638888888888886], [-0.50374, 44.49304, 56.638888888888886], [-0.50365, 44.49289, 56.638888888888886], [-0.50365, 44.49271, 56.638888888888886], [-0.50391, 44.49229, 56.638888888888886], [-0.50417, 44.49211, 56.638888888888886]]]}}, {"type": "Feature", "properties": {"id_obligation": "333100000A1347", "priorite": "forte"}, "geometry": {"type": "Polygon", "coordinates": [[[-0.49921, 44.52502, 69.35], [-0.49903, 44.52514, 69.35], [-0.49856, 44.52528, 69.35], [-0.49832, 44.52531, 69.35], [-0.49799, 44.52524, 69.35], [-0.49779, 44.52514, 69.35], [-0.49766, 44.52499, 69.35], [-0.49762, 44.52482, 69.35], [-0.49776, 44.52453, 69.35], [-0.49806, 44.52436, 69.35], [-0.49824, 44.52413, 69.35], [-0.49845, 44.52403, 69.35], [-0.49868, 44.52399, 69.35], [-0.49881, 44.524, 69.35], [-0.4989, 44.52401, 68.1], [-0.49887, 44.52407, 68.1], [-0.49913, 44.52408, 70.9], [-0.49939, 44.52426, 70.9], [-0.49947, 44.52452, 69.35], [-0.49921, 44.52502, 69.35]]]}}, {"type": "Feature", "properties": {"id_obligation": "333100000A1348", "priorite": "moyenne"}, "geometry": {"type": "Polygon", "coordinates": [[[-0.50216, 44.49263, 59.1], [-0.5019, 44.49284, 57.3], [-0.50157, 44.49292, 57.3], [-0.50121, 44.49286, 58.256250000000016], [-0.50096, 44.49309, 58.256250000000016], [-0.50078, 44.49316, 58.6], [-0.50077, 44.49311, 58.6], [-0.50065, 44.49312, 58.6], [-0.50067, 44.49318, 58.6], [-0.50044, 44.49318, 58.05354672501413], [-0.50014, 44.49311, 58.05354672501413], [-0.49989, 44.49295, 58.05354672501413], [-0.49979, 44.49279, 57.5], [-0.49981, 44.49252, 57.5], [-0.50006, 44.49228, 58.05354672501413], [-0.50032, 44.49216, 58.05354672501413], [-0.50062, 44.49215, 57.199999999999996], [-0.50086, 44.49189, 57.199999999999996], [-0.50112, 44.49178, 57.199999999999996], [-0.50149, 44.49179, 59.69130434782611], [-0.50194, 44.49199, 59.69130434782611], [-0.50214, 44.49216, 59.69130434782611], [-0.50222, 44.49237, 59.1], [-0.50216, 44.49263, 59.1]]]}}, {"type": "Feature", "properties": {"id_obligation": "333100000A1349", "priorite": "moyenne"}, "geometry": {"type": "Polygon", "coordinates": [[[-0.50161, 44.49813, 63.783928571428575], [-0.50166, 44.49796, 63.10000000000001], [-0.50172, 44.49789, 63.1], [-0.50181, 44.49787, 63.1], [-0.5018, 44.49782, 63.10000000000001], [-0.50201, 44.49773, 63.10000000000001], [-0.50233, 44.49768, 62.339999999999996], [-0.50249, 44.49769, 62.59596503927854], [-0.50248, 44.49773, 62.7], [-0.50258, 44.49774, 62.7], [-0.50259, 44.49771, 62.1], [-0.50274, 44.49777, 62.5], [-0.50272, 44.49782, 62.5], [-0.50283, 44.49782, 62.36], [-0.50296, 44.49797, 64.9], [-0.50304, 44.49828, 64.9], [-0.503, 44.49846, 64.9], [-0.50284, 44.49864, 64.9], [-0.50264, 44.49873, 64.9], [-0.50228, 44.49877, 64.2], [-0.50198, 44.49871, 63.783928571428575], [-0.50176, 44.49855, 63.783928571428575], [-0.50161, 44.49813, 63.783928571428575]]]}}, {"type": "Feature", "properties": {"id_obligation": "333100000A1350", "priorite": "très forte"}, "geometry": {"type": "Polygon", "coordinates": [[[-0.52248, 44.50887, 70.3], [-0.52224, 44.50901, 70.3], [-0.522, 44.50906, 70.3], [-0.52153, 44.50903, 69.95474999999999], [-0.5213, 44.50895, 69.95474999999999], [-0.52111, 44.50878, 69.95474999999999], [-0.52106, 44.5086, 69.95474999999999], [-0.52108, 44.50835, 69.95474999999999], [-0.52157, 44.50783, 69.95474999999999], [-0.52184, 44.50775, 69.95474999999999], [-0.52223, 44.50776, 68.97999999999999], [-0.5225, 44.50788, 68.97999999999999], [-0.52265, 44.50808, 68.97999999999999], [-0.52266, 44.50836, 70.3], [-0.52259, 44.50866, 70.3], [-0.52248, 44.50887, 70.3]]]}}, {"type": "Feature", "properties": {"id_obligation": "333100000A1351", "priorite": "très forte"}, "geometry": {"type": "Polygon", "coordinates": [[[-0.52297, 44.50875, 69.73267045454546], [-0.52277, 44.50897, 69.73267045454546], [-0.52242, 44.50907, 70.3], [-0.52188, 44.50903, 69.73267045454546], [-0.52164, 44.5089, 69.73267045454546], [-0.52152, 44.5087, 69.73267045454546], [-0.52156, 44.50796, 69.73267045454546], [-0.52169, 44.50781, 69.73267045454546], [-0.52196, 44.50769, 69.0], [-0.52238, 44.50768, 69.0], [-0.52262, 44.50772, 69.73267045454546], [-0.52283, 44.50782, 69.73267045454546], [-0.52296, 44.50797, 69.73267045454546], [-0.52297, 44.50875, 69.73267045454546]]]}}, {"type": "Feature", "properties": {"id_obligation": "333100000A1352", "priorite": "moyenne"}, "geometry": {"type": "Polygon", "coordinates": [[[-0.50101, 44.498, 63.49916666666667], [-0.50096, 44.49784, 63.49916666666667], [-0.50101, 44.4976, 63.49916666666667], [-0.50113, 44.49745, 63.49916666666667], [-0.50132, 44.49735, 63.49916666666667], [-0.50155, 44.4973, 62.8], [-0.50191, 44.49733, 62.8], [-0.50212, 44.49742, 63.49916666666667], [-0.50235, 44.49763, 63.49916666666667], [-0.50243, 44.4978, 63.49916666666667], [-0.50242, 44.49798, 63.49916666666667], [-0.50232, 44.49814, 64.69290334582999], [-0.50223, 44.49815, 65.2], [-0.50224, 44.4982, 65.2], [-0.50205, 44.49829, 64.6875], [-0.50177, 44.49836, 63.49916666666667], [-0.50147, 44.49832, 63.49916666666667], [-0.5012, 44.49817, 63.49916666666667], [-0.50101, 44.498, 63.49916666666667]]]}}, {"type": "Feature", "properties": {"id_obligation": "333100000A1353", "priorite": "moyenne"}, "geometry": {"type": "Polygon", "coordinates": [[[-0.50127, 44.498, 62.983333333333334], [-0.5011, 44.49781, 62.983333333333334], [-0.50106, 44.49764, 62.983333333333334], [-0.50114, 44.4974, 62.983333333333334], [-0.50129, 44.49726, 62.983333333333334], [-0.50155, 44.49714, 62.983333333333334], [-0.50179, 44.4971, 62.983333333333334], [-0.50212, 44.49715, 62.983333333333334], [-0.50233, 44.49725, 62.983333333333334], [-0.50248, 44.49745, 62.983333333333334], [-0.50249, 44.49763, 62.983333333333334], [-0.50242, 44.49787, 62.983333333333334], [-0.50227, 44.49801, 62.983333333333334], [-0.50206, 44.4981, 62.983333333333334], [-0.50182, 44.49813, 63.1], [-0.50154, 44.4981, 62.983333333333334], [-0.50127, 44.498, 62.983333333333334]]]}}, {"type": "Feature", "properties": {"id_obligation": "333100000A1355", "priorite": "faible"}, "geometry": {"type": "MultiPolygon", "coordinates": [[[[-0.49754, 44.49476, 59.303068181818176], [-0.49732, 44.49483, 60.133333333333326], [-0.49707, 44.49484, 60.133333333333326], [-0.49685, 44.49477, 59.311895337348794], [-0.49694, 44.49472, 59.2], [-0.49687, 44.49466, 59.2], [-0.49676, 44.49472, 59.5], [-0.49649, 44.49447, 59.42], [-0.49647, 44.49424, 59.3], [-0.49677, 44.49414, 59.0], [-0.49677, 44.49406, 59.0], [-0.49657, 44.49408, 59.0], [-0.49696, 44.49383, 59.3], [-0.49694, 44.49388, 59.3], [-0.49708, 44.49391, 59.3], [-0.49712, 44.49379, 59.3], [-0.49738, 44.49378, 59.300000000000004], [-0.49762, 44.49385, 58.963636363636354], [-0.49778, 44.49396, 59.0], [-0.49772, 44.49409, 59.0], [-0.49791, 44.49409, 58.9], [-0.49796, 44.49423, 59.1], [-0.49796, 44.49431, 59.12538440705192], [-0.49789, 44.49428, 59.5], [-0.4977, 44.4945, 59.0], [-0.49779, 44.49454, 59.0], [-0.49796, 44.49435, 59.0], [-0.49775, 44.49463, 59.303068181818176], [-0.49754, 44.49476, 59.303068181818176]]], [[[-0.49655, 44.49411, 59.0], [-0.49653, 44.49412, 59.0], [-0.49655, 44.49409, 59.0], [-0.49655, 44.49411, 59.0]]], [[[-0.49699, 44.49383, 59.3], [-0.49697, 44.49383, 59.3], [-0.49699, 44.49382, 59.3], [-0.49699, 44.49383, 59.3]]]]}}, {"type": "Feature", "properties": {"id_obligation": "333100000A1357", "priorite": "moyenne"}, "geometry": {"type": "Polygon", "coordinates": [[[-0.49727, 44.49375, 59.300000000000004], [-0.49742, 44.49394, 59.300000000000004], [-0.49744, 44.49418, 59.17142857142857], [-0.49734, 44.49439, 59.08], [-0.49712, 44.49453, 59.08], [-0.49663, 44.49468, 59.1], [-0.4963, 44.49468, 59.074999999999996], [-0.49603, 44.49459, 59.074999999999996], [-0.49583, 44.49442, 59.074999999999996], [-0.49576, 44.49425, 59.16940051020408], [-0.49577, 44.49407, 59.16940051020408], [-0.49587, 44.49391, 59.16940051020408], [-0.49603, 44.49378, 59.16940051020408], [-0.49637, 44.49365, 59.3], [-0.49663, 44.49361, 59.3], [-0.49701, 44.49363, 59.300000000000004], [-0.49727, 44.49375, 59.300000000000004]]]}}, {"type": "Feature", "properties": {"id_obligation": "333100000A1358", "priorite": "moyenne"}, "geometry": {"type": "Polygon", "coordinates": [[[-0.49697, 44.49439, 59.2], [-0.49698, 44.49457, 59.2], [-0.49692, 44.49471, 59.2], [-0.49687, 44.49466, 59.2], [-0.49675, 44.4947, 59.3], [-0.49672, 44.49474, 59.5], [-0.49678, 44.49481, 59.4], [-0.49688, 44.49476, 59.28026361466142], [-0.4966, 44.49496, 59.349999999999994], [-0.49631, 44.49504, 59.20823529411764], [-0.49607, 44.49502, 59.20823529411764], [-0.49585, 44.49494, 59.20823529411764], [-0.49563, 44.49478, 59.20823529411764], [-0.49553, 44.49458, 59.20823529411764], [-0.49554, 44.49441, 59.20823529411764], [-0.49565, 44.49426, 59.20823529411764], [-0.49589, 44.49408, 59.20823529411764], [-0.49611, 44.494, 59.27], [-0.49636, 44.49399, 59.27], [-0.49665, 44.49408, 59.0], [-0.4964, 44.49415, 59.0], [-0.49641, 44.49424, 59.3], [-0.49652, 44.49424, 59.3], [-0.49669, 44.49414, 59.0], [-0.49683, 44.49419, 59.14117647058821], [-0.49697, 44.49439, 59.2]]]}}, {"type": "Feature", "properties": {"id_obligation": "333100000A1360", "priorite": "moyenne"}, "geometry": {"type": "Polygon", "coordinates": [[[-0.49452, 44.49647, 61.22846153846153], [-0.49423, 44.49639, 61.22846153846153], [-0.49405, 44.49627, 61.22846153846153], [-0.49394, 44.49611, 60.9], [-0.49393, 44.49594, 60.9], [-0.49404, 44.49572, 61.22846153846153], [-0.4942, 44.49559, 61.22846153846153], [-0.49501, 44.49542, 61.3], [-0.49539, 44.49549, 61.3], [-0.49562, 44.49563, 61.3], [-0.49577, 44.4959, 61.22846153846153], [-0.49576, 44.49614, 61.2], [-0.49563, 44.49613, 61.2], [-0.4956, 44.4962, 61.9], [-0.49571, 44.49622, 65.0], [-0.49552, 44.49637, 61.892307692307696], [-0.49515, 44.49646, 61.22846153846153], [-0.49452, 44.49647, 61.22846153846153]]]}}, {"type": "Feature", "properties": {"id_obligation": "333100000A1361", "priorite": "moyenne"}, "geometry": {"type": "Polygon", "coordinates": [[[-0.49569, 44.49603, 60.94761904761905], [-0.49542, 44.49614, 60.699999999999996], [-0.49505, 44.49613, 60.699999999999996], [-0.49481, 44.49607, 60.84285714285714], [-0.49463, 44.49595, 60.84285714285714], [-0.49451, 44.49574, 60.94761904761905], [-0.49455, 44.49548, 60.94761904761905], [-0.49464, 44.49532, 60.94761904761905], [-0.49486, 44.49517, 60.94761904761905], [-0.49509, 44.49512, 60.94761904761905], [-0.4954, 44.49513, 60.94761904761905], [-0.49564, 44.4952, 60.94761904761905], [-0.49582, 44.49532, 60.94761904761905], [-0.49592, 44.49548, 60.94761904761905], [-0.49586, 44.49585, 60.94761904761905], [-0.49569, 44.49603, 60.94761904761905]]]}}, {"type": "Feature", "properties": {"id_obligation": "333100000A1362", "priorite": "moyenne"}, "geometry": {"type": "Polygon", "coordinates": [[[-0.49972, 44.49297, 57.5142857142857], [-0.49977, 44.49318, 57.5142857142857], [-0.4997, 44.49341, 57.5142857142857], [-0.49951, 44.49357, 57.5142857142857], [-0.49924, 44.49366, 57.5142857142857], [-0.49884, 44.49364, 57.5142857142857], [-0.4986, 44.49359, 57.5142857142857], [-0.49841, 44.49347, 57.5142857142857], [-0.49829, 44.49327, 57.5142857142857], [-0.49829, 44.49309, 57.5142857142857], [-0.49837, 44.49292, 57.5142857142857], [-0.49853, 44.49278, 57.5142857142857], [-0.49874, 44.4927, 57.5142857142857], [-0.49898, 44.49267, 57.5142857142857], [-0.49931, 44.49271, 57.5142857142857], [-0.49958, 44.49283, 57.5142857142857], [-0.49972, 44.49297, 57.5142857142857]]]}}, {"type": "Feature", "properties": {"id_obligation": "333100000A1365", "priorite": "faible"}, "geometry": {"type": "Polygon", "coordinates": [[[-0.50176, 44.49332, 57.4], [-0.50198, 44.4934, 57.4], [-0.50213, 44.49354, 57.4], [-0.50221, 44.4937, 58.043783068783064], [-0.50219, 44.49395, 58.043783068783064], [-0.5021, 44.49411, 58.4], [-0.50193, 44.49424, 58.4], [-0.50164, 44.49431, 58.12222222222223], [-0.50151, 44.49427, 58.3], [-0.50148, 44.49431, 57.982384298121225], [-0.50117, 44.49428, 58.12222222222223], [-0.50089, 44.49418, 58.2], [-0.50067, 44.49404, 58.043783068783064], [-0.50057, 44.49384, 58.043783068783064], [-0.50063, 44.49356, 58.043783068783064], [-0.50081, 44.49338, 58.043783068783064], [-0.50109, 44.49328, 57.75714285714286], [-0.50176, 44.49332, 57.4]]]}}, {"type": "Feature", "properties": {"id_obligation": "333100000A1366", "priorite": "faible"}, "geometry": {"type": "Polygon", "coordinates": [[[-0.50193, 44.49397, 58.1875], [-0.50198, 44.49418, 58.67222222222222], [-0.50194, 44.49431, 59.4], [-0.50189, 44.49428, 59.4], [-0.50181, 44.49435, 59.4], [-0.50188, 44.49439, 59.4], [-0.50165, 44.49458, 58.67222222222222], [-0.50142, 44.49465, 58.099999999999994], [-0.50117, 44.49465, 58.099999999999994], [-0.50075, 44.49453, 58.15912698412699], [-0.50057, 44.49442, 58.15912698412699], [-0.50045, 44.49426, 58.15912698412699], [-0.50043, 44.49409, 58.15912698412699], [-0.50049, 44.49392, 58.15912698412699], [-0.50066, 44.49374, 58.15912698412699], [-0.50052, 44.49356, 58.15912698412699], [-0.50049, 44.49339, 58.6], [-0.50056, 44.49316, 58.6], [-0.50074, 44.49299, 58.6], [-0.50097, 44.49289, 57.96666666666668], [-0.50123, 44.49287, 57.96666666666668], [-0.50151, 44.49293, 57.4], [-0.50171, 44.49304, 57.4], [-0.50185, 44.49329, 57.4], [-0.50183, 44.49343, 57.4], [-0.50175, 44.49343, 57.4], [-0.50174, 44.49347, 57.4], [-0.50182, 44.49348, 57.4], [-0.50178, 44.49358, 58.1875], [-0.50164, 44.49375, 58.1875], [-0.50193, 44.49397, 58.1875]]]}}, {"type": "Feature", "properties": {"id_obligation": "333100000A1368", "priorite": "moyenne"}, "geometry": {"type": "Polygon", "coordinates": [[[-0.50264, 44.49424, 58.4244689849624], [-0.50265, 44.4945, 58.4244689849624], [-0.50243, 44.49475, 58.4244689849624], [-0.50218, 44.49487, 58.4244689849624], [-0.50187, 44.49489, 58.4244689849624], [-0.50143, 44.49481, 58.4244689849624], [-0.50106, 44.49468, 58.4244689849624], [-0.50089, 44.4945, 58.17142857142857], [-0.50084, 44.49429, 58.17142857142857], [-0.50095, 44.49406, 58.1875], [-0.50125, 44.4938, 58.1875], [-0.50146, 44.4937, 58.660000000000004], [-0.5018, 44.49365, 58.660000000000004], [-0.5021, 44.4937, 58.4244689849624], [-0.50233, 44.49384, 58.4244689849624], [-0.50264, 44.49424, 58.4244689849624]]]}}, {"type": "Feature", "properties": {"id_obligation": "333100000A1389", "priorite": "faible"}, "geometry": {"type": "Polygon", "coordinates": [[[-0.50185, 44.49297, 57.0], [-0.50186, 44.49308, 57.0], [-0.50185, 44.49315, 57.0], [-0.50176, 44.49332, 57.77386363636365], [-0.50158, 44.49345, 57.77386363636365], [-0.50132, 44.49354, 57.862500000000004], [-0.50108, 44.49356, 57.862500000000004], [-0.50074, 44.4935, 58.354545454545466], [-0.50052, 44.49336, 58.354545454545466], [-0.50048, 44.49324, 58.6], [-0.50038, 44.49317, 58.6], [-0.50036, 44.49299, 58.6], [-0.50046, 44.49278, 57.5], [-0.50064, 44.49266, 57.5], [-0.50095, 44.49254, 57.77386363636365], [-0.5012, 44.49252, 57.77386363636365], [-0.5015, 44.4926, 57.0], [-0.50172, 44.49277, 57.0], [-0.50185, 44.49297, 57.0]], [[-0.5018, 44.49307, 57.0], [-0.50179, 44.49311, 57.0], [-0.50185, 44.49312, 57.0], [-0.50186, 44.49308, 57.0], [-0.5018, 44.49307, 57.0]]]}}, {"type": "Feature", "properties": {"id_obligation": "333100000A1404", "priorite": "moyenne"}, "geometry": {"type": "Polygon", "coordinates": [[[-0.49671, 44.4943, 59.16874999999999], [-0.49647, 44.49431, 59.16874999999999], [-0.49613, 44.49423, 59.2921875], [-0.49591, 44.49408, 59.2921875], [-0.49582, 44.49387, 59.2921875], [-0.49585, 44.49368, 59.2921875], [-0.49598, 44.49344, 59.2921875], [-0.49621, 44.49329, 59.2921875], [-0.49652, 44.49324, 59.4], [-0.49682, 44.49328, 59.2921875], [-0.49711, 44.49338, 59.2921875], [-0.49727, 44.49352, 59.2921875], [-0.49734, 44.49373, 59.300000000000004], [-0.49729, 44.49392, 59.300000000000004], [-0.49718, 44.49407, 59.2921875], [-0.49671, 44.4943, 59.16874999999999]]]}}, {"type": "Feature", "properties": {"id_obligation": "333100000A1405", "priorite": "moyenne"}, "geometry": {"type": "MultiPolygon", "coordinates": [[[[-0.49666, 44.49336, 59.4], [-0.4966, 44.4935, 59.4], [-0.49671, 44.49352, 59.4], [-0.49678, 44.49336, 59.4], [-0.4967, 44.49334, 59.4], [-0.49686, 44.4933, 59.4], [-0.49716, 44.4933, 59.4], [-0.49751, 44.4934, 59.25755336617406], [-0.49767, 44.49353, 59.25755336617406], [-0.49776, 44.49374, 59.25755336617406], [-0.49769, 44.49402, 59.06666666666666], [-0.49758, 44.49418, 59.06666666666666], [-0.49736, 44.4943, 59.0], [-0.49727, 44.49422, 59.2], [-0.49709, 44.49433, 59.2], [-0.49711, 44.49436, 59.150000000000006], [-0.49679, 44.49432, 59.18620689655171], [-0.49657, 44.49424, 59.18620689655171], [-0.49662, 44.49417, 59.3], [-0.49677, 44.49414, 59.0], [-0.49677, 44.49406, 59.0], [-0.49655, 44.49408, 59.0], [-0.49648, 44.49415, 59.0], [-0.49637, 44.49407, 59.18620689655171], [-0.49631, 44.49386, 59.3], [-0.49642, 44.49357, 59.4], [-0.49666, 44.49336, 59.4]]], [[[-0.49726, 44.49434, 59.2], [-0.4973, 44.49431, 59.2], [-0.49732, 44.49432, 59.0540665788091], [-0.49726, 44.49434, 59.2]]]]}}, {"type": "Feature", "properties": {"id_obligation": "333100000A1416", "priorite": "moyenne"}, "geometry": {"type": "Polygon", "coordinates": [[[-0.50161, 44.49135, -105.12954545454541], [-0.50149, 44.49114, -105.12954545454541], [-0.50153, 44.49092, -105.12954545454541], [-0.50173, 44.49069, -105.12954545454541], [-0.50199, 44.49059, -105.12954545454541], [-0.50223, 44.49058, -105.12954545454541], [-0.50267, 44.49068, -105.12954545454541], [-0.50287, 44.49078, -105.12954545454541], [-0.503, 44.49094, 54.074999999999996], [-0.50304, 44.49112, 54.074999999999996], [-0.50295, 44.49135, 54.8], [-0.50281, 44.49148, 54.8], [-0.50242, 44.4916, -105.12954545454541], [-0.50185, 44.49149, -105.12954545454541], [-0.50161, 44.49135, -105.12954545454541]]]}}, {"type": "Feature", "properties": {"id_obligation": "333100000A1430", "priorite": "très forte"}, "geometry": {"type": "Polygon", "coordinates": [[[-0.51484, 44.49731, 58.64386554621849], [-0.51453, 44.4974, 59.8], [-0.51424, 44.49757, 59.8], [-0.51393, 44.4976, 59.8], [-0.51369, 44.49755, 58.64386554621849], [-0.51348, 44.49744, 58.64386554621849], [-0.51333, 44.49726, 58.64386554621849], [-0.51319, 44.49681, 60.24285714285715], [-0.51333, 44.4965, 58.64386554621849], [-0.51353, 44.49633, 58.64386554621849], [-0.51382, 44.49626, 58.64386554621849], [-0.51428, 44.49634, 58.6], [-0.51459, 44.49631, 58.64386554621849], [-0.51486, 44.49638, 58.64386554621849], [-0.5151, 44.49652, 58.64386554621849], [-0.51521, 44.49672, 56.4], [-0.51519, 44.49694, 56.4], [-0.51505, 44.49714, 58.64386554621849], [-0.51484, 44.49731, 58.64386554621849]]]}}, {"type": "Feature", "properties": {"id_obligation": "333100000A1431", "priorite": "forte"}, "geometry": {"type": "Polygon", "coordinates": [[[-0.51319, 44.49735, 59.10178571428571], [-0.51307, 44.49715, 59.10178571428571], [-0.51308, 44.49697, 59.10178571428571], [-0.51322, 44.4967, 59.10178571428571], [-0.51344, 44.49654, 59.10178571428571], [-0.51366, 44.49648, 59.6], [-0.51391, 44.49649, 59.6], [-0.51416, 44.49655, 58.6], [-0.51434, 44.49667, 58.6], [-0.51447, 44.49687, 58.15714285714286], [-0.51437, 44.49691, 57.6], [-0.51447, 44.49694, 57.7], [-0.51447, 44.497, 58.15714285714286], [-0.51432, 44.49732, 59.10178571428571], [-0.51415, 44.49746, 59.10178571428571], [-0.51393, 44.49753, 59.10178571428571], [-0.51368, 44.49754, 59.10178571428571], [-0.51343, 44.49748, 59.10178571428571], [-0.51319, 44.49735, 59.10178571428571]]]}}, {"type": "Feature", "properties": {"id_obligation": "333100000A1438", "priorite": "moyenne"}, "geometry": {"type": "Polygon", "coordinates": [[[-0.50414, 44.49214, 56.316944444444445], [-0.50418, 44.49236, 56.316944444444445], [-0.50404, 44.49261, 56.316944444444445], [-0.50381, 44.49276, 56.316944444444445], [-0.50351, 44.49281, 56.316944444444445], [-0.50327, 44.49277, 56.316944444444445], [-0.50285, 44.4926, 57.24999999999999], [-0.50265, 44.49244, 56.57777777777779], [-0.50262, 44.49238, 57.2], [-0.50269, 44.4924, 57.2], [-0.50277, 44.49226, 57.2], [-0.50264, 44.49222, 57.2], [-0.50259, 44.4923, 57.2], [-0.50261, 44.49209, 57.1], [-0.50277, 44.49189, 57.1], [-0.50297, 44.49178, 57.1], [-0.50339, 44.49174, 56.316944444444445], [-0.50368, 44.49182, 56.316944444444445], [-0.50397, 44.49196, 56.316944444444445], [-0.50414, 44.49214, 56.316944444444445]]]}}, {"type": "Feature", "properties": {"id_obligation": "333100000A1444", "priorite": "moyenne"}, "geometry": {"type": "Polygon", "coordinates": [[[-0.49716, 44.49426, 59.2], [-0.4972, 44.49428, 59.2], [-0.49709, 44.49433, 59.2], [-0.49719, 44.49439, 59.2], [-0.49728, 44.49432, 59.2], [-0.49749, 44.49451, 59.2], [-0.49757, 44.49468, 60.1], [-0.49754, 44.49486, 60.1], [-0.49742, 44.49502, 60.3], [-0.49711, 44.49519, 60.3], [-0.49682, 44.49526, 59.51666666666667], [-0.49658, 44.49524, 59.51666666666667], [-0.49637, 44.49515, 59.51666666666667], [-0.49615, 44.49494, 59.51666666666667], [-0.49609, 44.49477, 59.1], [-0.49616, 44.49453, 59.1], [-0.49624, 44.49459, 59.1], [-0.49636, 44.4945, 59.1], [-0.49627, 44.49444, 59.0], [-0.49618, 44.49451, 59.07793283974031], [-0.49627, 44.49442, 59.06666666666666], [-0.49649, 44.49428, 59.06666666666666], [-0.49675, 44.49422, 59.51666666666667], [-0.49716, 44.49426, 59.2]]]}}, {"type": "Feature", "properties": {"id_obligation": "333100000A1446", "priorite": "moyenne"}, "geometry": {"type": "Polygon", "coordinates": [[[-0.49752, 44.49539, 59.631249999999994], [-0.49722, 44.49544, 59.631249999999994], [-0.49698, 44.4954, 59.631249999999994], [-0.49664, 44.49526, 59.631249999999994], [-0.49651, 44.49511, 59.631249999999994], [-0.49646, 44.49494, 59.349999999999994], [-0.49652, 44.49469, 59.349999999999994], [-0.49668, 44.4945, 59.631249999999994], [-0.49689, 44.4944, 59.631249999999994], [-0.49715, 44.49436, 59.2], [-0.49737, 44.4944, 59.2], [-0.49775, 44.49456, 59.631249999999994], [-0.49789, 44.49471, 59.9], [-0.49793, 44.49488, 59.9], [-0.49788, 44.49505, 59.631249999999994], [-0.49774, 44.49524, 59.631249999999994], [-0.49752, 44.49539, 59.631249999999994]]]}}, {"type": "Feature", "properties": {"id_obligation": "333100000A1450", "priorite": "moyenne"}, "geometry": {"type": "Polygon", "coordinates": [[[-0.49807, 44.49458, 59.0], [-0.4981, 44.4948, 59.0], [-0.49797, 44.49501, 59.632063492063494], [-0.49772, 44.49519, 59.632063492063494], [-0.49744, 44.49525, 60.3], [-0.4972, 44.49522, 60.3], [-0.49681, 44.49505, 60.3], [-0.49666, 44.49491, 59.42999999999999], [-0.4966, 44.49474, 59.42999999999999], [-0.49663, 44.49456, 59.632063492063494], [-0.49682, 44.49434, 59.632063492063494], [-0.49702, 44.49423, 59.632063492063494], [-0.49732, 44.49419, 59.150000000000006], [-0.49761, 44.49425, 59.166666666666664], [-0.49782, 44.49436, 59.32107813729645], [-0.4977, 44.4945, 59.0], [-0.49779, 44.49454, 59.0], [-0.49794, 44.49443, 59.166666666666664], [-0.49807, 44.49458, 59.0]]]}}, {"type": "Feature", "properties": {"id_obligation": "333100000A1452", "priorite": "forte"}, "geometry": {"type": "Polygon", "coordinates": [[[-0.50605, 44.50547, 69.2], [-0.50575, 44.50553, 69.2], [-0.50542, 44.50548, 69.2], [-0.50518, 44.50534, 69.2], [-0.50507, 44.50514, 69.2], [-0.5051, 44.5049, 69.2], [-0.50524, 44.50462, 69.2], [-0.50544, 44.50446, 69.2], [-0.50572, 44.50439, 69.0], [-0.50599, 44.5044, 69.0], [-0.50622, 44.50446, 69.2], [-0.5064, 44.50459, 69.2], [-0.5065, 44.50476, 69.2], [-0.50649, 44.505, 69.2], [-0.50627, 44.50532, 69.2], [-0.50605, 44.50547, 69.2]]]}}, {"type": "Feature", "properties": {"id_obligation": "333100000A1456", "priorite": "moyenne"}, "geometry": {"type": "Polygon", "coordinates": [[[-0.50008, 44.49408, 58.40925925925925], [-0.49985, 44.49414, 58.40925925925925], [-0.49961, 44.49414, 58.40925925925925], [-0.49938, 44.49407, 58.5], [-0.49916, 44.49391, 58.5], [-0.49904, 44.49375, 58.5], [-0.49904, 44.49353, 58.5], [-0.49915, 44.49337, 58.40925925925925], [-0.49939, 44.4932, 58.40925925925925], [-0.49968, 44.49309, 58.1], [-0.49999, 44.49309, 58.1], [-0.50021, 44.49316, 58.338888888888896], [-0.50032, 44.49323, 58.6], [-0.50026, 44.49335, 58.6], [-0.50037, 44.49338, 58.6], [-0.50041, 44.49331, 58.6], [-0.50053, 44.49355, 58.81666666666666], [-0.50047, 44.49376, 58.81666666666666], [-0.50008, 44.49408, 58.40925925925925]]]}}, {"type": "Feature", "properties": {"id_obligation": "333100000A1457", "priorite": "faible"}, "geometry": {"type": "Polygon", "coordinates": [[[-0.50065, 44.49312, 58.6], [-0.50074, 44.49332, 58.42], [-0.50067, 44.49352, 58.405], [-0.50053, 44.49366, 58.405], [-0.50032, 44.49375, 58.449999999999996], [-0.50008, 44.49378, 58.449999999999996], [-0.49974, 44.49372, 58.300000000000004], [-0.49954, 44.49362, 58.300000000000004], [-0.49941, 44.49347, 58.300000000000004], [-0.49938, 44.49325, 58.405], [-0.49947, 44.493, 58.405], [-0.49961, 44.49286, 58.405], [-0.49981, 44.49276, 58.405], [-0.50011, 44.49274, 58.405], [-0.50037, 44.49279, 58.405], [-0.50059, 44.49294, 58.405], [-0.5007, 44.49312, 58.6], [-0.50065, 44.49312, 58.6]]]}}, {"type": "Feature", "properties": {"id_obligation": "333100000A1472", "priorite": "forte"}, "geometry": {"type": "Polygon", "coordinates": [[[-0.50576, 44.50472, 69.0], [-0.50575, 44.50474, 69.0], [-0.50562, 44.50469, 69.0], [-0.50559, 44.50475, 69.0], [-0.50572, 44.5048, 69.0], [-0.50575, 44.50477, 69.0], [-0.50574, 44.50481, 69.0], [-0.50555, 44.50509, 69.61716666666666], [-0.50537, 44.50522, 69.61716666666666], [-0.50489, 44.50541, 70.6], [-0.50465, 44.50544, 70.6], [-0.50427, 44.50536, 69.61716666666666], [-0.50405, 44.50521, 69.61716666666666], [-0.50393, 44.50497, 69.8], [-0.50399, 44.50471, 69.8], [-0.50393, 44.50447, 69.61716666666666], [-0.50404, 44.50423, 69.61716666666666], [-0.50424, 44.50407, 69.61716666666666], [-0.50453, 44.50399, 68.63333333333333], [-0.50502, 44.50401, 68.63333333333333], [-0.5054, 44.50417, 69.61716666666666], [-0.50561, 44.50443, 69.61716666666666], [-0.50576, 44.50472, 69.0]]]}}, {"type": "Feature", "properties": {"id_obligation": "333100000A1477", "priorite": "très forte"}, "geometry": {"type": "Polygon", "coordinates": [[[-0.51337, 44.50491, -1000.0], [-0.51338, 44.50512, -1000.0], [-0.5133, 44.50528, -1000.0], [-0.51309, 44.50544, -1000.0], [-0.51268, 44.5055, -1000.0], [-0.51241, 44.50546, 72.625], [-0.51223, 44.50537, 72.625], [-0.51186, 44.50533, -278.16875], [-0.51157, 44.50516, -278.16875], [-0.51147, 44.505, -278.16875], [-0.51147, 44.50479, 67.25], [-0.51116, 44.50458, 67.25], [-0.5111, 44.50441, 67.25], [-0.51112, 44.50419, -278.16875], [-0.51129, 44.50401, -278.16875], [-0.5119, 44.50373, -599.875], [-0.51214, 44.50368, -599.875], [-0.51239, 44.5037, -599.875], [-0.51272, 44.50385, -278.16875], [-0.51289, 44.50398, -278.16875], [-0.51299, 44.50419, -278.16875], [-0.51294, 44.50438, -278.16875], [-0.51313, 44.50453, -278.16875], [-0.51337, 44.50491, -1000.0]]]}}, {"type": "Feature", "properties": {"id_obligation": "333100000A1503", "priorite": "faible"}, "geometry": {"type": "Polygon", "coordinates": [[[-0.49556, 44.49584, 62.31909090909092], [-0.4958, 44.4957, 62.31909090909092], [-0.49604, 44.49565, 61.89999999999999], [-0.49633, 44.49568, 62.31909090909092], [-0.49654, 44.49577, 62.31909090909092], [-0.49669, 44.4959, 62.31909090909092], [-0.49675, 44.49607, 62.31909090909092], [-0.49672, 44.4963, 62.31909090909092], [-0.4966, 44.49646, 62.31909090909092], [-0.49641, 44.49656, 62.31909090909092], [-0.49617, 44.49661, 61.4], [-0.49587, 44.49659, 65.0], [-0.49566, 44.4965, 65.0], [-0.49551, 44.49636, 65.0], [-0.49544, 44.49619, 61.699999999999996], [-0.49546, 44.496, 61.699999999999996], [-0.49556, 44.49584, 62.31909090909092]]]}}, {"type": "Feature", "properties": {"id_obligation": "333100000A1504", "priorite": "faible"}, "geometry": {"type": "Polygon", "coordinates": [[[-0.49678, 44.49603, 61.64869281045752], [-0.49666, 44.49625, 61.64869281045752], [-0.49648, 44.49637, 61.64869281045752], [-0.49625, 44.49643, 60.68888888888888], [-0.49594, 44.49643, 60.68888888888888], [-0.4957, 44.49637, 62.199999999999996], [-0.49552, 44.49625, 62.199999999999996], [-0.49541, 44.49609, 61.64869281045752], [-0.4954, 44.49586, 61.64869281045752], [-0.49546, 44.49566, 61.64869281045752], [-0.49561, 44.49551, 61.64869281045752], [-0.49587, 44.49541, 61.60588235294117], [-0.49625, 44.49541, 61.60588235294117], [-0.49653, 44.49549, 61.64869281045752], [-0.49673, 44.49566, 61.64869281045752], [-0.4968, 44.49587, 61.64869281045752], [-0.49678, 44.49603, 61.64869281045752]]]}}, {"type": "Feature", "properties": {"id_obligation": "333100000A1506", "priorite": "moyenne"}, "geometry": {"type": "Polygon", "coordinates": [[[-0.49508, 44.49644, 61.22346153846155], [-0.49498, 44.49623, 61.22346153846155], [-0.49504, 44.49599, 60.7], [-0.49516, 44.496, 60.7], [-0.49511, 44.49589, 60.7], [-0.49523, 44.49579, 60.699999999999996], [-0.4955, 44.4957, 61.22346153846155], [-0.49574, 44.4957, 61.22346153846155], [-0.49614, 44.49578, 62.100000000000016], [-0.49639, 44.49591, 62.100000000000016], [-0.49651, 44.49606, 60.239999999999995], [-0.49654, 44.49624, 60.239999999999995], [-0.49645, 44.49646, 61.22346153846155], [-0.49629, 44.4966, 61.22346153846155], [-0.49589, 44.49671, 61.22346153846155], [-0.4953, 44.49659, 61.22346153846155], [-0.49508, 44.49644, 61.22346153846155]]]}}, {"type": "Feature", "properties": {"id_obligation": "333100000A1514", "priorite": "faible"}, "geometry": {"type": "Polygon", "coordinates": [[[-0.50138, 44.49343, 57.71666666666667], [-0.50119, 44.4936, 57.71666666666667], [-0.50098, 44.49368, 58.01751700680273], [-0.50061, 44.49371, 58.01751700680273], [-0.50038, 44.49366, 58.6], [-0.50016, 44.49351, 58.6], [-0.50006, 44.49332, 57.5], [-0.5001, 44.49333, 57.5], [-0.50015, 44.49321, 59.0], [-0.50003, 44.49321, 57.5], [-0.50003, 44.49307, 58.24285714285714], [-0.50013, 44.49287, 57.5], [-0.50031, 44.49274, 57.5], [-0.5005, 44.4927, 57.5], [-0.50056, 44.49274, 57.5], [-0.50064, 44.49267, 57.5], [-0.50083, 44.49266, 57.5], [-0.50107, 44.49271, 58.01751700680273], [-0.50126, 44.49283, 58.01751700680273], [-0.50137, 44.49298, 58.091666666666676], [-0.50143, 44.49321, 58.091666666666676], [-0.50138, 44.49343, 57.71666666666667]]]}}, {"type": "Feature", "properties": {"id_obligation": "333100000A1521", "priorite": "moyenne"}, "geometry": {"type": "Polygon", "coordinates": [[[-0.50098, 44.49357, 58.3673520923521], [-0.50074, 44.49374, 58.3673520923521], [-0.50046, 44.49383, 58.8], [-0.50021, 44.49382, 58.8], [-0.49988, 44.49372, 58.433333333333316], [-0.49979, 44.49365, 58.3], [-0.4999, 44.49357, 58.3], [-0.49983, 44.49352, 58.3], [-0.49972, 44.49359, 58.3], [-0.49964, 44.49342, 58.16363636363637], [-0.49965, 44.49325, 58.16363636363637], [-0.49979, 44.49298, 58.3673520923521], [-0.5, 44.49282, 58.3673520923521], [-0.50023, 44.49276, 58.3673520923521], [-0.50048, 44.49277, 58.3673520923521], [-0.50085, 44.49288, 58.10000000000001], [-0.50103, 44.49302, 58.1], [-0.50098, 44.49304, 58.1], [-0.50107, 44.49309, 58.1], [-0.50111, 44.49325, 58.3], [-0.50098, 44.49357, 58.3673520923521]]]}}, {"type": "Feature", "properties": {"id_obligation": "333100000A1523", "priorite": "faible"}, "geometry": {"type": "Polygon", "coordinates": [[[-0.49977, 44.49366, 58.3], [-0.4999, 44.49357, 58.3], [-0.49983, 44.49352, 58.3], [-0.49966, 44.49363, 58.3], [-0.49944, 44.49341, 58.40409340659341], [-0.49941, 44.49323, 58.40409340659341], [-0.49951, 44.49298, 58.40409340659341], [-0.49971, 44.49282, 58.40409340659341], [-0.49994, 44.49275, 58.40409340659341], [-0.50018, 44.49275, 58.40409340659341], [-0.50044, 44.49281, 58.40409340659341], [-0.50063, 44.49292, 58.40409340659341], [-0.50076, 44.49311, 58.6], [-0.50065, 44.49312, 58.6], [-0.50069, 44.49326, 58.6], [-0.50078, 44.49325, 58.6], [-0.50067, 44.4935, 58.40409340659341], [-0.50052, 44.49364, 58.40409340659341], [-0.5003, 44.49372, 58.46923076923076], [-0.50005, 44.49374, 58.46923076923076], [-0.49977, 44.49366, 58.3]]]}}, {"type": "Feature", "properties": {"id_obligation": "333100000A1530", "priorite": "moyenne"}, "geometry": {"type": "Polygon", "coordinates": [[[-0.50078, 44.49382, 58.38250000000001], [-0.50062, 44.49403, 58.38250000000001], [-0.50042, 44.49414, 58.38250000000001], [-0.50019, 44.49418, 58.38250000000001], [-0.49995, 44.49415, 58.38250000000001], [-0.49965, 44.49406, 58.38250000000001], [-0.49946, 44.49389, 58.38250000000001], [-0.4994, 44.49371, 58.300000000000004], [-0.49943, 44.49354, 58.300000000000004], [-0.49959, 44.49328, 58.38250000000001], [-0.49977, 44.49317, 58.38250000000001], [-0.50006, 44.4931, 58.45000000000001], [-0.50039, 44.49315, 58.330000000000005], [-0.50065, 44.49327, 58.330000000000005], [-0.50078, 44.49342, 58.330000000000005], [-0.50082, 44.49365, 58.38250000000001], [-0.50078, 44.49382, 58.38250000000001]]]}}, {"type": "Feature", "properties": {"id_obligation": "333100000A1531", "priorite": "faible"}, "geometry": {"type": "Polygon", "coordinates": [[[-0.49959, 44.49304, 58.434107142857144], [-0.49987, 44.49295, 58.5], [-0.50011, 44.49296, 58.5], [-0.50043, 44.49306, 58.6], [-0.50059, 44.49319, 58.6], [-0.50068, 44.49336, 58.300000000000004], [-0.50066, 44.49354, 58.300000000000004], [-0.50052, 44.49377, 58.434107142857144], [-0.50034, 44.49388, 58.434107142857144], [-0.50011, 44.49394, 58.71999999999999], [-0.49987, 44.49393, 58.71999999999999], [-0.49957, 44.49384, 58.29999999999999], [-0.4994, 44.49371, 58.29999999999999], [-0.49931, 44.49355, 58.3], [-0.49932, 44.49337, 58.3], [-0.49943, 44.49317, 58.434107142857144], [-0.49959, 44.49304, 58.434107142857144]]]}}, {"type": "Feature", "properties": {"id_obligation": "333100000A1541", "priorite": "forte"}, "geometry": {"type": "Polygon", "coordinates": [[[-0.50212, 44.50476, 71.32742260605673], [-0.50209, 44.50488, 73.1], [-0.50221, 44.5049, 70.8], [-0.50219, 44.50475, 69.8], [-0.50234, 44.50473, 70.88], [-0.50266, 44.50478, 72.92222222222223], [-0.50286, 44.50487, 72.92222222222223], [-0.50301, 44.50502, 72.92222222222223], [-0.50306, 44.50519, 74.05000000000001], [-0.50302, 44.50536, 74.05000000000001], [-0.50286, 44.50557, 72.93044444444443], [-0.50266, 44.50567, 72.93044444444443], [-0.50242, 44.50571, 72.93044444444443], [-0.50218, 44.50568, 72.93044444444443], [-0.50189, 44.50557, 72.93044444444443], [-0.50174, 44.50542, 72.93044444444443], [-0.50169, 44.50524, 72.93044444444443], [-0.50174, 44.50507, 73.1], [-0.50187, 44.5049, 73.1], [-0.50212, 44.50476, 71.32742260605673]]]}}, {"type": "Feature", "properties": {"id_obligation": "333100000A1548", "priorite": "très forte"}, "geometry": {"type": "Polygon", "coordinates": [[[-0.52391, 44.50278, 63.879999999999995], [-0.52383, 44.50257, 63.8035], [-0.52388, 44.50239, 63.8035], [-0.52408, 44.50218, 63.8035], [-0.52428, 44.50208, 63.3], [-0.52452, 44.50205, 63.3], [-0.52476, 44.50208, 63.3], [-0.52503, 44.50221, 63.3], [-0.52517, 44.50236, 63.3], [-0.52521, 44.50257, 65.0], [-0.52514, 44.50274, 63.8035], [-0.52498, 44.50292, 63.8035], [-0.52477, 44.50301, 63.8035], [-0.52454, 44.50305, 63.8035], [-0.5243, 44.50301, 63.879999999999995], [-0.52407, 44.50292, 63.879999999999995], [-0.52391, 44.50278, 63.879999999999995]]]}}, {"type": "Feature", "properties": {"id_obligation": "333100000A1549", "priorite": "très forte"}, "geometry": {"type": "Polygon", "coordinates": [[[-0.52507, 44.50303, -149.15050000000002], [-0.52476, 44.50307, -149.15050000000002], [-0.52452, 44.50303, 63.660000000000004], [-0.52423, 44.50288, 63.24367102593519], [-0.52428, 44.50282, 64.3], [-0.52413, 44.50278, 63.660000000000004], [-0.52407, 44.50253, 63.0], [-0.52414, 44.50236, -149.15050000000002], [-0.52432, 44.50216, -149.15050000000002], [-0.52459, 44.50205, 63.3], [-0.52484, 44.50204, 63.3], [-0.52508, 44.5021, -1000.0], [-0.52533, 44.50223, -1000.0], [-0.52546, 44.50238, -149.15050000000002], [-0.5255, 44.50255, -149.15050000000002], [-0.52544, 44.50272, -149.15050000000002], [-0.5253, 44.50289, -149.15050000000002], [-0.52507, 44.50303, -149.15050000000002]]]}}, {"type": "Feature", "properties": {"id_obligation": "333100000A1550", "priorite": "très forte"}, "geometry": {"type": "Polygon", "coordinates": [[[-0.52502, 44.50283, 64.14285714285714], [-0.52471, 44.50287, 64.14285714285714], [-0.52442, 44.50281, 63.0], [-0.52413, 44.50264, 63.0], [-0.52403, 44.50249, -361.87142857142857], [-0.52403, 44.50227, -361.87142857142857], [-0.52421, 44.502, -361.87142857142857], [-0.52437, 44.50187, -361.87142857142857], [-0.52459, 44.5018, -361.87142857142857], [-0.52489, 44.50179, -361.87142857142857], [-0.52517, 44.50188, -1000.0], [-0.52536, 44.50199, -1000.0], [-0.52548, 44.50215, -1000.0], [-0.52549, 44.50233, -1000.0], [-0.52526, 44.50269, -361.87142857142857], [-0.52502, 44.50283, 64.14285714285714]]]}}, {"type": "Feature", "properties": {"id_obligation": "333100000A1552", "priorite": "très forte"}, "geometry": {"type": "Polygon", "coordinates": [[[-0.52395, 44.50235, 63.94], [-0.52424, 44.50232, 63.94], [-0.52447, 44.50237, 64.0], [-0.52474, 44.50251, 65.0], [-0.52469, 44.50258, 65.0], [-0.5248, 44.50262, 65.0], [-0.52483, 44.5026, 64.0], [-0.52491, 44.50285, 63.94], [-0.52485, 44.50302, 63.94], [-0.52464, 44.50322, 63.94], [-0.52443, 44.50331, 63.94], [-0.52412, 44.50333, 63.94], [-0.52389, 44.50327, 63.94], [-0.52364, 44.50313, 63.94], [-0.52352, 44.50297, 63.94], [-0.52349, 44.50279, 63.94], [-0.52371, 44.50248, 63.94], [-0.52395, 44.50235, 63.94]]]}}, {"type": "Feature", "properties": {"id_obligation": "333100000A1553", "priorite": "moyenne"}, "geometry": {"type": "Polygon", "coordinates": [[[-0.50342, 44.49763, 63.99963235294118], [-0.50343, 44.49786, 63.99963235294118], [-0.50331, 44.49809, 63.99963235294118], [-0.50307, 44.49824, 63.99963235294118], [-0.50283, 44.49829, 63.99963235294118], [-0.50251, 44.49825, 63.99963235294118], [-0.50239, 44.49821, 64.3648374496565], [-0.50237, 44.49813, 64.4], [-0.50224, 44.49815, 65.15659815026932], [-0.5021, 44.49809, 64.6875], [-0.50193, 44.49795, 64.6875], [-0.50185, 44.49774, 63.99963235294118], [-0.50191, 44.49751, 63.99963235294118], [-0.50202, 44.49733, 63.99963235294118], [-0.50224, 44.49718, 63.99963235294118], [-0.50248, 44.49713, 63.99963235294118], [-0.50281, 44.49716, 63.99963235294118], [-0.50303, 44.49724, 63.99963235294118], [-0.50342, 44.49763, 63.99963235294118]]]}}, {"type": "Feature", "properties": {"id_obligation": "333100000A1566", "priorite": "forte"}, "geometry": {"type": "Polygon", "coordinates": [[[-0.4964, 44.49893, -157.45530303030304], [-0.49617, 44.49909, -157.45530303030304], [-0.49593, 44.49915, -822.6666666666666], [-0.49568, 44.49913, -822.6666666666666], [-0.49541, 44.49903, 64.9], [-0.49553, 44.49886, 64.9], [-0.49547, 44.49884, 64.9], [-0.49535, 44.49899, 64.9], [-0.49514, 44.49885, 64.9], [-0.49503, 44.49868, 64.1], [-0.49504, 44.49846, 64.1], [-0.49516, 44.4983, -157.45530303030304], [-0.49542, 44.4981, -157.45530303030304], [-0.49565, 44.49803, -157.45530303030304], [-0.49595, 44.49804, -157.45530303030304], [-0.49621, 44.49814, -157.45530303030304], [-0.49648, 44.49833, -157.45530303030304], [-0.49656, 44.49854, -157.45530303030304], [-0.4965, 44.49876, -157.45530303030304], [-0.4964, 44.49893, -157.45530303030304]]]}}, {"type": "Feature", "properties": {"id_obligation": "333100000A1568", "priorite": "forte"}, "geometry": {"type": "Polygon", "coordinates": [[[-0.49622, 44.49859, 63.8], [-0.49625, 44.49876, 63.8], [-0.49619, 44.49894, -1000.0], [-0.49602, 44.49912, -1000.0], [-0.49582, 44.4992, 64.9], [-0.49552, 44.49923, 64.9], [-0.49529, 44.49917, 64.9], [-0.49505, 44.49905, 64.9], [-0.49492, 44.4989, -87.79142857142858], [-0.49489, 44.49872, -87.79142857142858], [-0.49495, 44.49854, -87.79142857142858], [-0.49513, 44.49837, -87.79142857142858], [-0.49533, 44.49828, 63.8], [-0.49557, 44.49826, 63.8], [-0.49581, 44.4983, 63.8], [-0.49604, 44.49841, 63.8], [-0.49622, 44.49859, 63.8]]]}}, {"type": "Feature", "properties": {"id_obligation": "333100000B0270", "priorite": "très forte"}, "geometry": {"type": "Polygon", "coordinates": [[[-0.53978, 44.49457, 65.08000000000001], [-0.53959, 44.49474, 65.08000000000001], [-0.53932, 44.49482, 65.08000000000001], [-0.53896, 44.49483, 65.08000000000001], [-0.53869, 44.49473, 65.08000000000001], [-0.53854, 44.4946, 65.08000000000001], [-0.53845, 44.49434, 65.08000000000001], [-0.53846, 44.49417, 65.08000000000001], [-0.53855, 44.49401, 65.08000000000001], [-0.53873, 44.49389, 65.08000000000001], [-0.53896, 44.49382, 65.08000000000001], [-0.5393, 44.49381, 65.08000000000001], [-0.53952, 44.49388, 65.08000000000001], [-0.53969, 44.494, 65.08000000000001], [-0.53984, 44.49437, 65.08000000000001], [-0.53978, 44.49457, 65.08000000000001]]]}}, {"type": "Feature", "properties": {"id_obligation": "333100000B0386", "priorite": "très forte"}, "geometry": {"type": "Polygon", "coordinates": [[[-0.50124, 44.47979, 27.268981481481486], [-0.50098, 44.47991, 59.725], [-0.50073, 44.47993, 59.725], [-0.50033, 44.47989, 27.268981481481486], [-0.49988, 44.4797, 27.268981481481486], [-0.49969, 44.47954, 27.268981481481486], [-0.49962, 44.47934, 59.46666666666667], [-0.49981, 44.4789, 27.268981481481486], [-0.49994, 44.47876, 27.268981481481486], [-0.50033, 44.47863, 58.800000000000004], [-0.50057, 44.4785, 58.800000000000004], [-0.50098, 44.47845, 58.800000000000004], [-0.50137, 44.4785, 58.6], [-0.50164, 44.47868, 58.6], [-0.50172, 44.47889, 58.6], [-0.50163, 44.47935, 63.2], [-0.50124, 44.47979, 27.268981481481486]]]}}, {"type": "Feature", "properties": {"id_obligation": "333100000B0388", "priorite": "très forte"}, "geometry": {"type": "Polygon", "coordinates": [[[-0.51005, 44.49024, 57.595555555555556], [-0.50976, 44.4903, 57.595555555555556], [-0.50947, 44.49027, 57.595555555555556], [-0.50919, 44.49014, 57.595555555555556], [-0.50906, 44.48999, 57.595555555555556], [-0.50902, 44.48977, 57.595555555555556], [-0.50918, 44.48949, 57.595555555555556], [-0.50933, 44.48935, 57.595555555555556], [-0.50954, 44.48926, 57.26666666666667], [-0.50979, 44.48924, 57.26666666666667], [-0.51003, 44.48929, 57.2], [-0.51029, 44.48942, 57.2], [-0.51041, 44.48957, 57.2], [-0.51044, 44.48974, 57.595555555555556], [-0.51026, 44.49009, 57.595555555555556], [-0.51005, 44.49024, 57.595555555555556]]]}}, {"type": "Feature", "properties": {"id_obligation": "333100000B0389", "priorite": "très forte"}, "geometry": {"type": "Polygon", "coordinates": [[[-0.50898, 44.48813, 57.4375], [-0.50921, 44.48817, 57.4375], [-0.50957, 44.48833, 57.4375], [-0.50972, 44.48853, 57.4375], [-0.50973, 44.48871, 57.4375], [-0.50962, 44.48891, 57.4375], [-0.50931, 44.48915, 57.4375], [-0.50909, 44.48923, 57.4375], [-0.50878, 44.48924, 57.4375], [-0.50828, 44.48909, 57.4375], [-0.50809, 44.48898, 57.4375], [-0.50797, 44.48882, 57.4375], [-0.50796, 44.4886, 57.4375], [-0.50811, 44.48836, 57.4375], [-0.50835, 44.48823, 57.4375], [-0.50898, 44.48813, 57.4375]]]}}, {"type": "Feature", "properties": {"id_obligation": "BATIMENT0000000051333996", "priorite": "forte"}, "geometry": {"type": "Polygon", "coordinates": [[[-0.50348, 44.50513, 72.41361111111111], [-0.50337, 44.50529, 72.41361111111111], [-0.50317, 44.50545, 72.41361111111111], [-0.50293, 44.50552, 72.41361111111111], [-0.50268, 44.50552, 72.41361111111111], [-0.50245, 44.50545, 73.7], [-0.50223, 44.50529, 73.7], [-0.50214, 44.50513, 71.81666666666665], [-0.50215, 44.50492, 71.81666666666665], [-0.5023, 44.50472, 70.8], [-0.50246, 44.5046, 70.8], [-0.50274, 44.50452, 72.46249999999999], [-0.50298, 44.50453, 72.46249999999999], [-0.50322, 44.50461, 72.41361111111111], [-0.50339, 44.50475, 72.41361111111111], [-0.50349, 44.50495, 72.41361111111111], [-0.50348, 44.50513, 72.41361111111111]]]}}, {"type": "Feature", "properties": {"id_obligation": "BATIMENT0000000051337499", "priorite": "très forte"}, "geometry": {"type": "Polygon", "coordinates": [[[-0.51015, 44.49, 58.449999999999996], [-0.5099, 44.49004, 58.449999999999996], [-0.50965, 44.49, 58.4], [-0.50933, 44.48984, 58.4], [-0.50922, 44.48969, 58.099999999999994], [-0.5092, 44.48948, 58.099999999999994], [-0.50939, 44.48918, 58.099999999999994], [-0.50956, 44.48905, 58.099999999999994], [-0.50978, 44.48898, 58.099999999999994], [-0.51002, 44.48898, 58.099999999999994], [-0.51032, 44.48906, 58.099999999999994], [-0.5105, 44.48918, 58.099999999999994], [-0.51061, 44.48934, 58.099999999999994], [-0.51062, 44.48952, 58.099999999999994], [-0.51039, 44.48987, 58.099999999999994], [-0.51015, 44.49, 58.449999999999996]]]}}, {"type": "Feature", "properties": {"id_obligation": "BATIMENT0000000257345828", "priorite": "faible"}, "geometry": {"type": "MultiPolygon", "coordinates": [[[[-0.50233, 44.49278, 57.4], [-0.50225, 44.49293, 57.4], [-0.50235, 44.49294, 57.4], [-0.50239, 44.49284, 57.4], [-0.50246, 44.49295, 58.333333333333336], [-0.50249, 44.49312, 58.333333333333336], [-0.50241, 44.49333, 57.800000000000004], [-0.50232, 44.49342, 57.0], [-0.50233, 44.49335, 57.0], [-0.50225, 44.49333, 57.0], [-0.50218, 44.49351, 57.0], [-0.502, 44.49356, 57.4], [-0.50176, 44.49357, 57.4], [-0.5015, 44.49351, 57.61496598639456], [-0.50131, 44.49341, 57.61496598639456], [-0.50119, 44.49326, 58.100000000000016], [-0.50116, 44.4931, 58.1], [-0.50123, 44.49307, 58.1], [-0.50117, 44.49302, 58.1], [-0.50123, 44.49288, 57.61496598639456], [-0.50138, 44.49274, 57.61496598639456], [-0.50159, 44.49265, 57.29999999999999], [-0.50184, 44.49262, 57.29999999999999], [-0.5021, 44.49267, 57.37142857142857], [-0.50233, 44.49278, 57.4]]]]}}]}