{"type": "FeatureCollection", "features": [{"type": "Feature", "properties": {"id_obligation": "335360000A0006", "priorite": "moyenne"}, "geometry": {"type": "Polygon", "coordinates": [[[-0.57937, 44.45217, 87.1846153846154], [-0.57967, 44.45219, 87.1846153846154], [-0.57989, 44.45228, 87.1846153846154], [-0.58012, 44.45249, 87.1], [-0.58018, 44.45266, 87.1], [-0.58012, 44.45288, 86.0], [-0.57998, 44.45302, 86.0], [-0.57971, 44.45317, 88.70000000000002], [-0.57947, 44.45321, 88.70000000000002], [-0.57923, 44.45318, 87.1846153846154], [-0.57901, 44.45309, 87.1846153846154], [-0.57883, 44.45292, 87.1846153846154], [-0.57877, 44.45257, 87.1846153846154], [-0.57887, 44.45241, 87.1846153846154], [-0.57909, 44.45226, 87.1846153846154], [-0.57937, 44.45217, 87.1846153846154]]]}}, {"type": "Feature", "properties": {"id_obligation": "335360000A0007", "priorite": "moyenne"}, "geometry": {"type": "Polygon", "coordinates": [[[-0.58021, 44.45301, 86.9], [-0.58015, 44.45296, 86.9], [-0.58, 44.45308, 86.9], [-0.58005, 44.45311, 86.9], [-0.58009, 44.45308, 86.9], [-0.58018, 44.45314, 86.9], [-0.58022, 44.45311, 86.9], [-0.58019, 44.45321, 86.65384615384613], [-0.58007, 44.45336, 87.09999999999998], [-0.57975, 44.45357, 87.37032967032967], [-0.57946, 44.45364, 87.37032967032967], [-0.57921, 44.45361, 87.7], [-0.579, 44.45352, 87.7], [-0.57877, 44.45335, 87.7], [-0.57868, 44.45314, 87.7], [-0.57871, 44.45297, 87.7], [-0.57884, 44.45282, 87.37032967032967], [-0.5792, 44.4526, 86.93846153846152], [-0.57944, 44.45255, 86.93846153846152], [-0.57969, 44.45257, 86.93846153846152], [-0.57991, 44.45266, 87.1], [-0.58009, 44.45279, 87.1], [-0.58021, 44.45301, 86.9]]]}}, {"type": "Feature", "properties": {"id_obligation": "335360000A0026", "priorite": "très forte"}, "geometry": {"type": "Polygon", "coordinates": [[[-0.57713, 44.45744, 90.03636363636363], [-0.57686, 44.45754, 90.03636363636363], [-0.57648, 44.45755, 90.03636363636363], [-0.57619, 44.45747, 90.03636363636363], [-0.57599, 44.4573, 90.03636363636363], [-0.57588, 44.45701, 90.03636363636363], [-0.5759, 44.45674, 90.03636363636363], [-0.576, 44.45658, 90.03636363636363], [-0.57618, 44.45646, 90.03636363636363], [-0.57641, 44.4564, 90.03636363636363], [-0.57687, 44.4564, 90.03636363636363], [-0.57715, 44.45648, 90.03636363636363], [-0.57732, 44.45661, 90.03636363636363], [-0.5774, 44.45678, 90.03636363636363], [-0.5774, 44.457, 90.03636363636363], [-0.57731, 44.45722, 90.03636363636363], [-0.57713, 44.45744, 90.03636363636363]]]}}, {"type": "Feature", "properties": {"id_obligation": "335360000A0035", "priorite": "moyenne"}, "geometry": {"type": "Polygon", "coordinates": [[[-0.57462, 44.45332, 88.14895833333334], [-0.57452, 44.45316, 88.14895833333334], [-0.57453, 44.45294, 88.14895833333334], [-0.57467, 44.45273, 88.14895833333334], [-0.57485, 44.45262, 88.14895833333334], [-0.57509, 44.45257, 88.14895833333334], [-0.57533, 44.45258, 88.14895833333334], [-0.57567, 44.45268, 87.12278908177846], [-0.57556, 44.45281, 86.2], [-0.5757, 44.45284, 86.2], [-0.57576, 44.45273, 87.4], [-0.57593, 44.45299, 88.82499999999999], [-0.5759, 44.45321, 88.8], [-0.57579, 44.45337, 88.8], [-0.5756, 44.45348, 88.8], [-0.57536, 44.45354, 88.14895833333334], [-0.57486, 44.45347, 88.14895833333334], [-0.57462, 44.45332, 88.14895833333334]]]}}, {"type": "Feature", "properties": {"id_obligation": "335360000A0142", "priorite": "moyenne"}, "geometry": {"type": "Polygon", "coordinates": [[[-0.57555, 44.45046, 86.5], [-0.57525, 44.45048, 86.5], [-0.57502, 44.45042, 86.0292857142857], [-0.57471, 44.45024, 86.0292857142857], [-0.57457, 44.45005, 86.0292857142857], [-0.57456, 44.44988, 86.0292857142857], [-0.57481, 44.44955, 86.0292857142857], [-0.57502, 44.44946, 85.94999999999999], [-0.57532, 44.44943, 85.94999999999999], [-0.57557, 44.4495, 86.1], [-0.57588, 44.44967, 86.02499999999999], [-0.576, 44.44982, 85.8], [-0.57604, 44.45, 85.8], [-0.57597, 44.45018, 86.0292857142857], [-0.57581, 44.45035, 86.0292857142857], [-0.57555, 44.45046, 86.5]]]}}, {"type": "Feature", "properties": {"id_obligation": "335360000A0144", "priorite": "moyenne"}, "geometry": {"type": "Polygon", "coordinates": [[[-0.57671, 44.45042, 87.9], [-0.57647, 44.45055, 86.94761904761906], [-0.57612, 44.45059, 86.94761904761906], [-0.57574, 44.45047, 87.0], [-0.57557, 44.45034, 87.0], [-0.57549, 44.45017, 87.0], [-0.57554, 44.44992, 85.79999999999998], [-0.57545, 44.44965, 86.07000000000001], [-0.57551, 44.44949, 86.1], [-0.57561, 44.44948, 86.1], [-0.57558, 44.44941, 86.07000000000001], [-0.57599, 44.44922, 86.0], [-0.57604, 44.44929, 86.0], [-0.57613, 44.44931, 86.0], [-0.57616, 44.44922, 86.0], [-0.57611, 44.44921, 87.0], [-0.5763, 44.44922, 87.1375], [-0.57653, 44.44931, 87.15000000000002], [-0.57687, 44.44964, 89.7], [-0.57694, 44.44974, 88.01333333333335], [-0.57697, 44.44991, 88.01333333333335], [-0.57691, 44.45012, 87.9], [-0.57671, 44.45042, 87.9]], [[-0.57672, 44.44961, 89.7], [-0.57666, 44.44974, 89.7], [-0.57681, 44.44977, 89.7], [-0.57687, 44.44964, 89.7], [-0.57672, 44.44961, 89.7]]]}}, {"type": "Feature", "properties": {"id_obligation": "335360000A0145", "priorite": "moyenne"}, "geometry": {"type": "Polygon", "coordinates": [[[-0.57587, 44.44979, 87.44368478743479], [-0.57608, 44.44969, 88.87574787604218], [-0.57625, 44.44993, 88.5], [-0.57634, 44.44988, 88.9], [-0.57615, 44.44968, 88.9], [-0.57645, 44.44968, 88.55555555555554], [-0.57677, 44.44976, 89.7], [-0.57676, 44.44983, 87.4], [-0.57665, 44.4498, 87.4], [-0.57656, 44.44991, 87.4], [-0.57668, 44.44999, 87.4], [-0.57683, 44.4498, 87.4], [-0.57699, 44.44998, 86.65454545454544], [-0.57703, 44.45015, 85.8], [-0.57698, 44.45014, 85.8], [-0.57695, 44.45027, 86.3], [-0.577, 44.45027, 86.3], [-0.57689, 44.45051, 87.3], [-0.57672, 44.45063, 87.3], [-0.5765, 44.4507, 86.7], [-0.57626, 44.45071, 86.7], [-0.57596, 44.45066, 88.0], [-0.576, 44.45058, 88.0], [-0.57585, 44.45055, 88.0], [-0.57583, 44.4506, 88.0], [-0.57563, 44.45035, 86.95], [-0.57562, 44.45018, 86.95], [-0.5757, 44.44997, 87.44368478743479], [-0.57587, 44.44979, 87.44368478743479]]]}}, {"type": "Feature", "properties": {"id_obligation": "335360000A0148", "priorite": "moyenne"}, "geometry": {"type": "Polygon", "coordinates": [[[-0.57466, 44.45033, 86.65805194805193], [-0.57469, 44.45016, 86.65805194805193], [-0.57486, 44.44995, 86.65805194805193], [-0.57509, 44.44981, 86.65805194805193], [-0.57532, 44.44976, 85.84545454545453], [-0.5756, 44.44978, 85.8], [-0.57583, 44.44988, 85.8], [-0.576, 44.45004, 87.0], [-0.57608, 44.45021, 87.0], [-0.57605, 44.45039, 87.0], [-0.57593, 44.45055, 87.74285714285715], [-0.57585, 44.45055, 88.0], [-0.57582, 44.45063, 88.0], [-0.57567, 44.45071, 87.0], [-0.57557, 44.45066, 87.0], [-0.57551, 44.45073, 87.0], [-0.57555, 44.45075, 87.07700956512426], [-0.5752, 44.45077, 87.05999999999999], [-0.57497, 44.4507, 86.65805194805193], [-0.57476, 44.45054, 86.65805194805193], [-0.57466, 44.45033, 86.65805194805193]]]}}, {"type": "Feature", "properties": {"id_obligation": "335360000A0157", "priorite": "moyenne"}, "geometry": {"type": "Polygon", "coordinates": [[[-0.57717, 44.45345, 87.88571428571427], [-0.57688, 44.45347, 87.88571428571427], [-0.5766, 44.4534, 88.2153846153846], [-0.57638, 44.45325, 88.2153846153846], [-0.57624, 44.45305, 88.08777472527471], [-0.57625, 44.45287, 88.08777472527471], [-0.57634, 44.45271, 88.08777472527471], [-0.57652, 44.45257, 88.08777472527471], [-0.57675, 44.45249, 87.85], [-0.57707, 44.45249, 87.85], [-0.57729, 44.45257, 88.08777472527471], [-0.5775, 44.45272, 88.08777472527471], [-0.57761, 44.45287, 88.08777472527471], [-0.57762, 44.45305, 88.08777472527471], [-0.57754, 44.45321, 88.08777472527471], [-0.57738, 44.45336, 88.08777472527471], [-0.57717, 44.45345, 87.88571428571427]]]}}, {"type": "Feature", "properties": {"id_obligation": "335360000A0164", "priorite": "faible"}, "geometry": {"type": "Polygon", "coordinates": [[[-0.57731, 44.45083, 89.975], [-0.57722, 44.45089, 89.975], [-0.57717, 44.45091, 90.5], [-0.57708, 44.45082, 90.5], [-0.57694, 44.45088, 90.5], [-0.577, 44.45097, 89.43333333333334], [-0.57669, 44.45098, 89.43333333333334], [-0.57645, 44.45093, 87.3], [-0.57621, 44.45079, 87.3], [-0.57611, 44.45063, 86.92727272727275], [-0.57613, 44.45028, 86.7], [-0.57622, 44.4503, 86.7], [-0.57617, 44.45045, 86.7], [-0.5763, 44.45048, 86.7], [-0.57633, 44.4504, 86.7], [-0.57635, 44.45028, 86.7], [-0.57615, 44.45025, 86.7], [-0.57617, 44.4502, 86.97777777777779], [-0.57633, 44.45007, 86.97777777777779], [-0.57654, 44.44998, 86.97777777777779], [-0.57678, 44.44996, 87.28666666666668], [-0.5771, 44.45001, 86.375], [-0.57724, 44.45008, 86.375], [-0.57737, 44.45019, 86.6], [-0.5773, 44.4502, 86.6], [-0.57729, 44.45014, 86.6], [-0.57721, 44.45014, 86.6], [-0.57724, 44.45027, 86.3], [-0.57743, 44.45027, 85.6], [-0.57745, 44.45031, 87.2125], [-0.57745, 44.45064, 87.2125], [-0.57731, 44.45083, 89.975]]]}}, {"type": "Feature", "properties": {"id_obligation": "335360000A0165", "priorite": "moyenne"}, "geometry": {"type": "Polygon", "coordinates": [[[-0.57614, 44.44976, 88.67039129600883], [-0.57625, 44.44993, 88.5], [-0.57634, 44.44988, 88.9], [-0.5762, 44.44973, 88.9], [-0.57645, 44.44967, 88.11875000000002], [-0.57668, 44.44968, 89.7], [-0.57666, 44.44974, 89.7], [-0.57681, 44.44977, 89.7], [-0.57684, 44.44971, 89.7], [-0.57703, 44.4498, 87.34909222460915], [-0.57721, 44.44998, 86.28571428571426], [-0.57727, 44.45014, 86.6], [-0.5772, 44.45015, 86.5], [-0.57726, 44.45029, 86.28571428571426], [-0.57707, 44.4506, 87.34909222460915], [-0.57688, 44.45071, 87.3], [-0.57659, 44.45075, 87.3], [-0.57607, 44.45062, 86.7], [-0.57591, 44.45049, 86.7], [-0.57584, 44.45032, 86.89473684210529], [-0.57597, 44.44991, 88.35555555555555], [-0.57614, 44.44976, 88.67039129600883]]]}}, {"type": "Feature", "properties": {"id_obligation": "335360000A0168", "priorite": "faible"}, "geometry": {"type": "Polygon", "coordinates": [[[-0.57754, 44.44972, 86.29999999999998], [-0.57793, 44.4499, 86.29999999999998], [-0.57806, 44.4501, 87.01666666666664], [-0.57806, 44.4504, 87.2923076923077], [-0.57803, 44.45047, 87.2], [-0.57782, 44.45043, 87.2], [-0.5778, 44.45053, 87.2], [-0.57794, 44.45056, 87.2], [-0.57765, 44.4507, 87.2923076923077], [-0.57736, 44.45073, 89.8], [-0.57742, 44.4507, 89.8], [-0.57728, 44.45055, 89.8], [-0.57715, 44.45061, 89.8], [-0.57725, 44.45073, 89.8], [-0.57677, 44.4507, 86.94000000000001], [-0.57655, 44.45062, 86.94000000000001], [-0.57637, 44.45044, 86.94000000000001], [-0.57632, 44.45026, 86.7], [-0.5764, 44.45013, 86.7], [-0.57635, 44.45012, 86.7], [-0.57638, 44.45, 87.9111111111111], [-0.5765, 44.44985, 87.9111111111111], [-0.57668, 44.44974, 87.9111111111111], [-0.57681, 44.44977, 89.7], [-0.57684, 44.4497, 89.7], [-0.57754, 44.44972, 86.29999999999998]]]}}, {"type": "Feature", "properties": {"id_obligation": "335360000A0169", "priorite": "faible"}, "geometry": {"type": "Polygon", "coordinates": [[[-0.57778, 44.45107, 87.98451236263735], [-0.57748, 44.45119, 89.4], [-0.57739, 44.45107, 89.4], [-0.57725, 44.45113, 88.6], [-0.57733, 44.45122, 88.6], [-0.57698, 44.45116, 90.5], [-0.57679, 44.45104, 90.5], [-0.57656, 44.45077, 87.3], [-0.57652, 44.4506, 87.3], [-0.5766, 44.4504, 86.79999999999998], [-0.57697, 44.45016, 86.1222424677816], [-0.57695, 44.45027, 86.3], [-0.57709, 44.45027, 86.3], [-0.57711, 44.45015, 85.8], [-0.57701, 44.45015, 85.8], [-0.5771, 44.45012, 86.40952380952379], [-0.57755, 44.45012, 86.40952380952379], [-0.57779, 44.45017, 88.63571428571429], [-0.57801, 44.45032, 88.63571428571429], [-0.5781, 44.45049, 87.25714285714285], [-0.5781, 44.45072, 87.25714285714285], [-0.57795, 44.45094, 87.98451236263735], [-0.57778, 44.45107, 87.98451236263735]]]}}, {"type": "Feature", "properties": {"id_obligation": "335360000A0174", "priorite": "moyenne"}, "geometry": {"type": "Polygon", "coordinates": [[[-0.5788, 44.45112, 87.18571428571428], [-0.5787, 44.4513, 87.18571428571428], [-0.5784, 44.45162, 87.11428571428571], [-0.57815, 44.45175, 87.63333333333334], [-0.57777, 44.45178, 87.7], [-0.57758, 44.45175, 87.24285714285713], [-0.5774, 44.45167, 87.4], [-0.57746, 44.45165, 87.4], [-0.57737, 44.45152, 87.4], [-0.57727, 44.45156, 87.4], [-0.57718, 44.45147, 87.24285714285713], [-0.57714, 44.45136, 87.0], [-0.57719, 44.4514, 87.0], [-0.57728, 44.45132, 87.0], [-0.57713, 44.45126, 87.0], [-0.57716, 44.45114, 87.0], [-0.57732, 44.45101, 87.0], [-0.57727, 44.45098, 87.0], [-0.5774, 44.45084, 87.38114625850342], [-0.57781, 44.45054, 87.2], [-0.578, 44.45058, 87.2], [-0.57802, 44.45049, 87.2], [-0.57815, 44.45049, 87.20000000000002], [-0.5785, 44.45058, 87.38114625850342], [-0.57871, 44.45074, 87.38114625850342], [-0.5788, 44.45094, 87.18571428571428], [-0.5788, 44.45112, 87.18571428571428]], [[-0.57784, 44.45173, 87.7], [-0.57773, 44.45163, 87.7], [-0.57765, 44.45169, 87.7], [-0.57777, 44.45178, 87.7], [-0.57784, 44.45173, 87.7]]]}}, {"type": "Feature", "properties": {"id_obligation": "335360000A0177", "priorite": "faible"}, "geometry": {"type": "MultiPolygon", "coordinates": [[[[-0.5798, 44.4497, 85.8], [-0.57997, 44.44988, 86.2], [-0.58, 44.45012, 86.2], [-0.57992, 44.45034, 85.79285714285717], [-0.57976, 44.45047, 85.79285714285717], [-0.57954, 44.45055, 85.4], [-0.5791, 44.45058, 85.4], [-0.57881, 44.45052, 86.09999999999998], [-0.57862, 44.45041, 86.09999999999998], [-0.57852, 44.45027, 86.1], [-0.57862, 44.4503, 86.1], [-0.57867, 44.45018, 86.1], [-0.57853, 44.45011, 85.7], [-0.5785, 44.45019, 86.1], [-0.57849, 44.44997, 86.00000000000001], [-0.57856, 44.4498, 86.18571428571428], [-0.57872, 44.44966, 86.18571428571428], [-0.57893, 44.44958, 87.9], [-0.57906, 44.44961, 88.2], [-0.57908, 44.44956, 87.9], [-0.57927, 44.44956, 86.4], [-0.57926, 44.44962, 86.4], [-0.57944, 44.44964, 86.3], [-0.57945, 44.44959, 86.3], [-0.5798, 44.4497, 85.8]]], [[[-0.5785, 44.45022, 86.1], [-0.57853, 44.45023, 86.1], [-0.57851, 44.45026, 86.09999999999998], [-0.5785, 44.45022, 86.1]]]]}}, {"type": "Feature", "properties": {"id_obligation": "335360000A0429", "priorite": "moyenne"}, "geometry": {"type": "Polygon", "coordinates": [[[-0.57697, 44.45282, 88.4], [-0.57719, 44.45297, 88.4], [-0.57727, 44.45314, 88.27875816993463], [-0.57727, 44.45339, 87.9], [-0.57712, 44.45359, 87.9], [-0.57692, 44.45369, 87.9], [-0.57668, 44.45373, 87.90000000000002], [-0.57637, 44.45372, 88.27875816993463], [-0.5761, 44.45362, 88.27875816993463], [-0.57596, 44.45348, 88.27875816993463], [-0.57591, 44.45311, 88.50588235294119], [-0.57595, 44.45302, 88.9], [-0.5761, 44.45301, 88.9], [-0.57609, 44.45293, 88.9], [-0.57603, 44.45293, 88.9], [-0.57619, 44.45283, 88.9], [-0.57668, 44.45276, 88.27875816993463], [-0.57697, 44.45282, 88.4]]]}}, {"type": "Feature", "properties": {"id_obligation": "335360000A0451", "priorite": "moyenne"}, "geometry": {"type": "Polygon", "coordinates": [[[-0.57633, 44.45318, 88.44285714285715], [-0.57619, 44.45338, 88.44285714285715], [-0.57588, 44.45351, 88.39999999999999], [-0.57558, 44.45352, 88.39999999999999], [-0.57522, 44.45342, 88.21785714285716], [-0.57502, 44.45325, 88.21785714285716], [-0.57495, 44.45308, 88.27142857142857], [-0.57496, 44.45267, 88.21785714285716], [-0.57506, 44.45251, 88.21785714285716], [-0.57529, 44.45237, 88.21785714285716], [-0.57553, 44.45232, 87.4], [-0.57579, 44.45234, 87.4], [-0.57606, 44.45242, 88.21785714285716], [-0.57624, 44.45254, 88.21785714285716], [-0.57634, 44.4527, 88.9], [-0.57633, 44.45318, 88.44285714285715]]]}}, {"type": "Feature", "properties": {"id_obligation": "335360000A0466", "priorite": "faible"}, "geometry": {"type": "MultiPolygon", "coordinates": [[[[-0.5773, 44.45016, 86.6], [-0.5772, 44.45015, 86.5], [-0.57722, 44.45024, 86.31111111111107], [-0.57701, 44.45037, 87.35625000000002], [-0.57683, 44.45043, 87.3], [-0.57673, 44.45041, 87.3], [-0.57673, 44.45044, 87.3], [-0.57637, 44.45039, 86.93000000000004], [-0.57631, 44.45037, 86.7], [-0.57635, 44.45028, 86.7], [-0.57612, 44.45025, 86.7], [-0.57594, 44.44995, 88.08], [-0.57596, 44.44978, 88.08], [-0.57619, 44.44937, 89.4], [-0.57628, 44.44929, 89.4], [-0.57627, 44.44937, 89.4], [-0.57645, 44.44936, 89.4], [-0.57647, 44.44929, 89.4], [-0.57631, 44.44927, 89.4], [-0.57665, 44.44916, 88.01666666666667], [-0.57708, 44.44922, 87.0], [-0.57703, 44.44935, 87.0], [-0.57715, 44.44937, 87.0], [-0.5772, 44.44926, 87.0], [-0.57735, 44.44935, 86.60000000000002], [-0.5775, 44.44959, 86.60000000000002], [-0.57746, 44.44987, 86.2], [-0.5773, 44.45016, 86.6]]], [[[-0.57617, 44.45029, 86.7], [-0.57622, 44.4503, 86.7], [-0.5762, 44.45031, 86.93000000000004], [-0.57617, 44.45029, 86.7]]]]}}, {"type": "Feature", "properties": {"id_obligation": "335360000A0471", "priorite": "moyenne"}, "geometry": {"type": "Polygon", "coordinates": [[[-0.57648, 44.45375, 89.1], [-0.57611, 44.45387, 88.96666666666665], [-0.5758, 44.45406, 88.96666666666665], [-0.5755, 44.45409, 88.96666666666665], [-0.57514, 44.45401, 88.57554363850805], [-0.57492, 44.45386, 88.57554363850805], [-0.57481, 44.45366, 88.57554363850805], [-0.57493, 44.45331, 88.7], [-0.57489, 44.4531, 88.27142857142857], [-0.57498, 44.45287, 88.27142857142857], [-0.5752, 44.45271, 88.27142857142857], [-0.5755, 44.45264, 87.93684210526317], [-0.57568, 44.45266, 87.34390172929913], [-0.57556, 44.45281, 86.2], [-0.5757, 44.45284, 86.2], [-0.57579, 44.45268, 87.4], [-0.57586, 44.4527, 87.93684210526317], [-0.576, 44.45276, 87.93684210526317], [-0.57632, 44.45281, 88.9], [-0.57651, 44.45292, 88.9], [-0.57662, 44.45307, 88.9], [-0.57665, 44.45321, 88.3], [-0.57652, 44.45321, 88.3], [-0.57652, 44.45329, 88.3], [-0.57666, 44.45328, 88.3], [-0.57666, 44.45351, 88.19999999999997], [-0.57648, 44.45375, 89.1]]]}}, {"type": "Feature", "properties": {"id_obligation": "335360000A0512", "priorite": "moyenne"}, "geometry": {"type": "Polygon", "coordinates": [[[-0.57742, 44.45257, 87.7], [-0.57747, 44.45248, 87.7], [-0.57735, 44.45243, 87.7], [-0.57728, 44.45254, 87.7], [-0.57739, 44.45257, 87.7], [-0.57714, 44.4526, 88.85000000000001], [-0.57688, 44.45255, 87.4], [-0.57685, 44.4525, 87.4], [-0.57679, 44.45253, 87.85], [-0.57655, 44.45239, 87.85], [-0.57644, 44.4522, 88.1923076923077], [-0.57651, 44.45219, 88.4], [-0.5765, 44.4521, 88.4], [-0.57643, 44.45211, 88.4], [-0.57644, 44.45203, 88.1923076923077], [-0.57651, 44.45186, 88.9], [-0.57653, 44.45193, 88.9], [-0.57672, 44.4519, 88.9], [-0.57669, 44.45182, 88.9], [-0.57652, 44.45182, 88.7], [-0.57673, 44.45161, 88.76666666666667], [-0.57695, 44.45153, 87.4], [-0.5772, 44.45151, 87.4], [-0.57733, 44.45154, 87.4], [-0.57727, 44.45156, 87.4], [-0.57735, 44.45169, 87.4], [-0.57746, 44.45165, 87.4], [-0.57739, 44.45155, 87.4], [-0.5777, 44.45165, 87.7], [-0.57765, 44.45169, 87.7], [-0.57777, 44.45179, 87.7], [-0.57783, 44.45174, 87.53571428571429], [-0.57796, 44.45194, 87.1], [-0.57795, 44.45212, 87.1], [-0.57786, 44.45228, 87.7], [-0.57742, 44.45257, 87.7]]]}}, {"type": "Feature", "properties": {"id_obligation": "335360000A0522", "priorite": "très forte"}, "geometry": {"type": "Polygon", "coordinates": [[[-0.60353, 44.45795, 80.36666666666666], [-0.60325, 44.45801, 80.36666666666666], [-0.60295, 44.45796, 80.36666666666666], [-0.60269, 44.45783, 80.36666666666666], [-0.60257, 44.45768, 80.36666666666666], [-0.60254, 44.45751, 80.36666666666666], [-0.60264, 44.45728, 80.36666666666666], [-0.60279, 44.45714, 80.36666666666666], [-0.603, 44.45705, 80.36666666666666], [-0.60325, 44.45702, 80.36666666666666], [-0.60349, 44.45707, 80.3], [-0.60375, 44.45721, 80.3], [-0.6039, 44.4575, 80.3], [-0.60385, 44.45767, 80.36666666666666], [-0.60372, 44.45784, 80.36666666666666], [-0.60353, 44.45795, 80.36666666666666]]]}}, {"type": "Feature", "properties": {"id_obligation": "335360000A0527", "priorite": "très forte"}, "geometry": {"type": "Polygon", "coordinates": [[[-0.60189, 44.45854, 82.46666666666665], [-0.60219, 44.45848, 82.46666666666665], [-0.60243, 44.45851, 82.46666666666665], [-0.60295, 44.4587, 82.46666666666665], [-0.60311, 44.45883, 82.46666666666665], [-0.6032, 44.45903, 82.46666666666665], [-0.60316, 44.4592, 82.46666666666665], [-0.60302, 44.45941, 82.46666666666665], [-0.60278, 44.45956, 82.46666666666665], [-0.60247, 44.4596, 82.8], [-0.60223, 44.45956, 82.8], [-0.60198, 44.45947, 81.2], [-0.60199, 44.45942, 81.2], [-0.60194, 44.45945, 81.2], [-0.60176, 44.45938, 81.2], [-0.6016, 44.45925, 82.46666666666665], [-0.60152, 44.45909, 82.46666666666665], [-0.60154, 44.45891, 82.46666666666665], [-0.60167, 44.4587, 82.46666666666665], [-0.60189, 44.45854, 82.46666666666665]]]}}, {"type": "Feature", "properties": {"id_obligation": "335360000A0550", "priorite": "moyenne"}, "geometry": {"type": "Polygon", "coordinates": [[[-0.57678, 44.45281, 88.4375], [-0.57666, 44.45261, 87.85], [-0.57667, 44.45243, 87.85], [-0.57684, 44.45216, 88.4], [-0.5771, 44.45202, 88.4], [-0.57705, 44.45212, 88.4], [-0.57718, 44.45215, 88.4], [-0.57724, 44.45203, 88.4], [-0.57732, 44.45205, 88.4], [-0.57734, 44.45201, 88.4], [-0.57724, 44.45199, 88.4], [-0.5773, 44.45198, 88.39999999999999], [-0.57754, 44.452, 88.39999999999999], [-0.57787, 44.45213, 88.4375], [-0.57803, 44.45227, 88.4375], [-0.5781, 44.45249, 88.4375], [-0.57805, 44.45266, 88.4375], [-0.57789, 44.45287, 88.4375], [-0.5777, 44.45298, 88.4375], [-0.57746, 44.45303, 88.4375], [-0.57722, 44.45301, 88.4375], [-0.57697, 44.45293, 88.4375], [-0.57678, 44.45281, 88.4375]]]}}, {"type": "Feature", "properties": {"id_obligation": "335360000A0551", "priorite": "moyenne"}, "geometry": {"type": "Polygon", "coordinates": [[[-0.57673, 44.45206, 88.37285714285716], [-0.57704, 44.45207, 88.37285714285716], [-0.57705, 44.45212, 88.4], [-0.57726, 44.45216, 88.39999999999999], [-0.57746, 44.45233, 89.10000000000002], [-0.57753, 44.4525, 89.10000000000002], [-0.5775, 44.45267, 88.37285714285716], [-0.57738, 44.45283, 88.37285714285716], [-0.57713, 44.45298, 88.37285714285716], [-0.57696, 44.45302, 88.4], [-0.577, 44.45298, 88.4], [-0.57692, 44.45293, 88.4], [-0.57686, 44.45296, 88.4], [-0.57694, 44.45302, 88.4], [-0.57664, 44.453, 88.37285714285716], [-0.57642, 44.45291, 88.37285714285716], [-0.57623, 44.45274, 88.37285714285716], [-0.57617, 44.45257, 88.37285714285716], [-0.5762, 44.4524, 88.37285714285716], [-0.57635, 44.45222, 87.5], [-0.57651, 44.45219, 88.4], [-0.57651, 44.45212, 88.11428571428571], [-0.57673, 44.45206, 88.37285714285716]]]}}, {"type": "Feature", "properties": {"id_obligation": "335360000A0552", "priorite": "faible"}, "geometry": {"type": "Polygon", "coordinates": [[[-0.57716, 44.45152, 88.48210227272727], [-0.57733, 44.45179, 88.4], [-0.57733, 44.45201, 88.4], [-0.57712, 44.45196, 88.4], [-0.57705, 44.45212, 88.4], [-0.57718, 44.45215, 88.4], [-0.57724, 44.45203, 88.4], [-0.57731, 44.45206, 88.39999999999999], [-0.57718, 44.45221, 88.39999999999999], [-0.57697, 44.45231, 88.39999999999999], [-0.57661, 44.45238, 88.2818181818182], [-0.57631, 44.45235, 87.5], [-0.5761, 44.45226, 87.5], [-0.57596, 44.45212, 87.5], [-0.57589, 44.45195, 89.4], [-0.57593, 44.45197, 89.4], [-0.57599, 44.4519, 89.2], [-0.57587, 44.45185, 89.2], [-0.57592, 44.45166, 88.7], [-0.57605, 44.45151, 88.7], [-0.57625, 44.45142, 88.7], [-0.5763, 44.4514, 89.1], [-0.5763, 44.45151, 89.1], [-0.57644, 44.45151, 89.1], [-0.57644, 44.45138, 89.1], [-0.5768, 44.45138, 88.48210227272727], [-0.57716, 44.45152, 88.48210227272727]]]}}, {"type": "Feature", "properties": {"id_obligation": "335360000A0553", "priorite": "moyenne"}, "geometry": {"type": "Polygon", "coordinates": [[[-0.57711, 44.45292, 88.4], [-0.57681, 44.45293, 88.4], [-0.57658, 44.45286, 88.39160654160655], [-0.57632, 44.45268, 88.39160654160655], [-0.57623, 44.45252, 88.39160654160655], [-0.57624, 44.45234, 88.39160654160655], [-0.57632, 44.45221, 87.5], [-0.57651, 44.45219, 88.4], [-0.5765, 44.4521, 88.4], [-0.57641, 44.45211, 88.4], [-0.57657, 44.45199, 88.11428571428571], [-0.57686, 44.45191, 88.4], [-0.57711, 44.45192, 88.4], [-0.57733, 44.45199, 88.4], [-0.57755, 44.45214, 88.4], [-0.57765, 44.45231, 88.94444444444446], [-0.57765, 44.45248, 88.94444444444446], [-0.57756, 44.45265, 88.39160654160655], [-0.57738, 44.45281, 88.39160654160655], [-0.57711, 44.45292, 88.4]]]}}, {"type": "Feature", "properties": {"id_obligation": "335360000A0555", "priorite": "faible"}, "geometry": {"type": "Polygon", "coordinates": [[[-0.57709, 44.45026, 86.24674617219577], [-0.57711, 44.45015, 85.8], [-0.57698, 44.45014, 85.8], [-0.57696, 44.45018, 86.28888888888885], [-0.57685, 44.45002, 86.28888888888885], [-0.57683, 44.44985, 86.49291950113378], [-0.57693, 44.4496, 86.2], [-0.57707, 44.44945, 86.2], [-0.57728, 44.44935, 86.2], [-0.5776, 44.44933, 86.44], [-0.57792, 44.4494, 86.49291950113378], [-0.57815, 44.44954, 86.49291950113378], [-0.57826, 44.44969, 85.94000000000001], [-0.57827, 44.4499, 85.94000000000001], [-0.57814, 44.45015, 86.31904761904762], [-0.57798, 44.45028, 86.31904761904762], [-0.57769, 44.45037, 88.05000000000001], [-0.57736, 44.45035, 88.05000000000001], [-0.57709, 44.45026, 86.24674617219577]]]}}, {"type": "Feature", "properties": {"id_obligation": "335360000A0563", "priorite": "faible"}, "geometry": {"type": "Polygon", "coordinates": [[[-0.5779, 44.45084, 88.875], [-0.57795, 44.45106, 88.875], [-0.57775, 44.45128, 88.7], [-0.57779, 44.45131, 88.7], [-0.57762, 44.45145, 87.1], [-0.57756, 44.45144, 87.1], [-0.57753, 44.45151, 87.1], [-0.5774, 44.45156, 87.4], [-0.57737, 44.45152, 87.4], [-0.57729, 44.45159, 87.4], [-0.57715, 44.45159, 87.47272727272727], [-0.57691, 44.45156, 87.97627840909091], [-0.57666, 44.45143, 87.97627840909091], [-0.57646, 44.45118, 87.3], [-0.57666, 44.45098, 87.3], [-0.57654, 44.45093, 87.3], [-0.57642, 44.45113, 87.3], [-0.57632, 44.45095, 87.29999999999998], [-0.57634, 44.45074, 87.3], [-0.57651, 44.45055, 87.3], [-0.57673, 44.45044, 87.3], [-0.57672, 44.45053, 87.3], [-0.57684, 44.45053, 87.3], [-0.57681, 44.45041, 87.3], [-0.57716, 44.45037, 88.88749999999999], [-0.57752, 44.45049, 87.4], [-0.57747, 44.4505, 87.4], [-0.57748, 44.45056, 87.4], [-0.57742, 44.45057, 87.4], [-0.57743, 44.45063, 87.4], [-0.57759, 44.45062, 87.4], [-0.57759, 44.45054, 87.4], [-0.5779, 44.45084, 88.875]]]}}, {"type": "Feature", "properties": {"id_obligation": "335360000A0576", "priorite": "moyenne"}, "geometry": {"type": "Polygon", "coordinates": [[[-0.5789, 44.45388, 87.94714285714285], [-0.57861, 44.45382, 87.94714285714285], [-0.57842, 44.45371, 87.94714285714285], [-0.57821, 44.45344, 87.38571428571427], [-0.5782, 44.45322, 87.38571428571427], [-0.5783, 44.45306, 87.25], [-0.57849, 44.45294, 87.25], [-0.57882, 44.45281, 87.94714285714285], [-0.57906, 44.4528, 87.94714285714285], [-0.57934, 44.45287, 88.70000000000002], [-0.57947, 44.45295, 88.70000000000002], [-0.57954, 44.45303, 88.7], [-0.57947, 44.45297, 88.7], [-0.57931, 44.45312, 88.7], [-0.57942, 44.45319, 88.7], [-0.57958, 44.45308, 88.7], [-0.57967, 44.45322, 88.7], [-0.5797, 44.4534, 88.7], [-0.57962, 44.45357, 87.94714285714285], [-0.57946, 44.45371, 87.94714285714285], [-0.5792, 44.45383, 87.94714285714285], [-0.5789, 44.45388, 87.94714285714285]]]}}, {"type": "Feature", "properties": {"id_obligation": "335360000A0580", "priorite": "forte"}, "geometry": {"type": "Polygon", "coordinates": [[[-0.57682, 44.45416, 88.15], [-0.57675, 44.45431, 89.3], [-0.57674, 44.45427, 89.3], [-0.57665, 44.45428, 89.3], [-0.57662, 44.45443, 89.29999999999998], [-0.5761, 44.45464, 88.715], [-0.5758, 44.45465, 88.715], [-0.57541, 44.45455, 88.715], [-0.57522, 44.45444, 88.715], [-0.57511, 44.45429, 88.715], [-0.5751, 44.45407, 88.715], [-0.57522, 44.45384, 88.7], [-0.57565, 44.45357, 88.715], [-0.57587, 44.45349, 88.715], [-0.57622, 44.45347, 88.2], [-0.5765, 44.45355, 88.2], [-0.57675, 44.45379, 88.2], [-0.57669, 44.4538, 88.2], [-0.57668, 44.45397, 88.1], [-0.5768, 44.45397, 88.2], [-0.5768, 44.45392, 88.15], [-0.57682, 44.45416, 88.15]]]}}, {"type": "Feature", "properties": {"id_obligation": "335360000A0587", "priorite": "moyenne"}, "geometry": {"type": "Polygon", "coordinates": [[[-0.57917, 44.45121, 87.45606862745099], [-0.5792, 44.45147, 87.45606862745099], [-0.57897, 44.45181, 87.45606862745099], [-0.57879, 44.45193, 87.45606862745099], [-0.57856, 44.452, 87.45606862745099], [-0.57824, 44.45198, 87.45606862745099], [-0.57779, 44.45177, 87.7], [-0.57783, 44.4517, 87.5], [-0.57773, 44.45163, 87.7], [-0.57766, 44.45168, 87.7], [-0.57761, 44.45163, 87.83499999999998], [-0.57756, 44.45156, 87.1], [-0.57763, 44.45146, 87.1], [-0.57756, 44.45144, 87.1], [-0.57754, 44.4515, 87.1], [-0.57752, 44.45136, 87.3], [-0.57756, 44.45141, 87.3], [-0.57766, 44.45136, 88.2], [-0.57758, 44.45128, 88.2], [-0.57754, 44.4513, 87.61283269038762], [-0.57767, 44.4511, 88.26666666666667], [-0.57784, 44.45098, 88.26666666666667], [-0.57806, 44.45091, 86.38750000000002], [-0.5785, 44.45089, 86.38750000000002], [-0.57874, 44.45093, 87.45606862745099], [-0.57899, 44.45104, 87.45606862745099], [-0.57917, 44.45121, 87.45606862745099]]]}}, {"type": "Feature", "properties": {"id_obligation": "335360000A0603", "priorite": "moyenne"}, "geometry": {"type": "Polygon", "coordinates": [[[-0.57687, 44.45067, 87.3], [-0.57672, 44.45081, 87.3], [-0.57645, 44.45092, 88.0], [-0.57621, 44.45092, 88.0], [-0.5759, 44.45086, 87.35000000000001], [-0.57557, 44.45066, 87.0], [-0.57554, 44.45069, 87.0], [-0.57547, 44.45065, 87.35000000000001], [-0.57531, 44.45046, 86.5], [-0.5753, 44.45024, 86.5], [-0.57547, 44.44999, 87.35266025641026], [-0.5757, 44.44985, 87.35266025641026], [-0.57618, 44.4498, 88.55699380169966], [-0.57625, 44.44993, 88.5], [-0.57634, 44.44988, 88.9], [-0.57627, 44.44981, 88.9], [-0.57646, 44.44983, 88.08000000000001], [-0.5766, 44.44986, 87.4], [-0.57656, 44.44991, 87.4], [-0.57661, 44.44997, 87.4], [-0.57668, 44.44999, 87.4], [-0.57675, 44.44993, 87.4], [-0.57689, 44.45005, 87.39999999999999], [-0.57697, 44.4502, 86.3], [-0.57695, 44.45046, 87.20666666666665], [-0.57687, 44.45067, 87.3]]]}}, {"type": "Feature", "properties": {"id_obligation": "335360000A0604", "priorite": "faible"}, "geometry": {"type": "Polygon", "coordinates": [[[-0.57493, 44.45131, 89.0], [-0.57518, 44.45138, 89.0], [-0.57528, 44.4512, 89.0], [-0.57502, 44.45112, 89.0], [-0.57493, 44.4513, 89.0], [-0.57492, 44.45118, 88.4375], [-0.57499, 44.45101, 88.03878851540617], [-0.57519, 44.45084, 88.03878851540617], [-0.57553, 44.45074, 87.04191892015189], [-0.57581, 44.45087, 87.2], [-0.57586, 44.45081, 87.0], [-0.57576, 44.45076, 87.0], [-0.57597, 44.45083, 87.35000000000001], [-0.57613, 44.45095, 87.35000000000001], [-0.57624, 44.45111, 88.6823529411765], [-0.57625, 44.45128, 88.6823529411765], [-0.57616, 44.45144, 88.7], [-0.57596, 44.45161, 88.7], [-0.57577, 44.45163, 88.7], [-0.57573, 44.45169, 88.63333333333333], [-0.57548, 44.45169, 88.63333333333333], [-0.57525, 44.45163, 88.03878851540617], [-0.57507, 44.45152, 88.03878851540617], [-0.57493, 44.45131, 89.0]]]}}, {"type": "Feature", "properties": {"id_obligation": "335360000A0607", "priorite": "faible"}, "geometry": {"type": "Polygon", "coordinates": [[[-0.57616, 44.45079, 87.3], [-0.57638, 44.45087, 87.3], [-0.57651, 44.45098, 87.3], [-0.5764, 44.45116, 87.3], [-0.57648, 44.45119, 87.3], [-0.57657, 44.45106, 87.3], [-0.57662, 44.45117, 87.52499999999999], [-0.5766, 44.45143, 88.52857142857142], [-0.57651, 44.45159, 88.52857142857142], [-0.57639, 44.45169, 88.3], [-0.57636, 44.45162, 88.3], [-0.57631, 44.45163, 88.3], [-0.57634, 44.45171, 88.3], [-0.5761, 44.45179, 88.66], [-0.57581, 44.45179, 88.66], [-0.57543, 44.45173, 87.95137660619802], [-0.57514, 44.45156, 87.95137660619802], [-0.575, 44.45136, 88.25], [-0.575, 44.45133, 89.0], [-0.57518, 44.45138, 89.0], [-0.57528, 44.4512, 89.0], [-0.57502, 44.45113, 89.0], [-0.57521, 44.45092, 87.95137660619802], [-0.57555, 44.4508, 87.28125], [-0.57567, 44.45079, 87.2], [-0.57581, 44.45087, 87.2], [-0.57586, 44.45081, 87.0], [-0.57581, 44.45078, 87.0], [-0.57616, 44.45079, 87.3]]]}}, {"type": "Feature", "properties": {"id_obligation": "335360000A0622", "priorite": "moyenne"}, "geometry": {"type": "Polygon", "coordinates": [[[-0.58071, 44.45023, 86.25395533498761], [-0.5807, 44.45053, 86.25395533498761], [-0.5806, 44.45069, 86.25395533498761], [-0.58023, 44.451, 86.25395533498761], [-0.57995, 44.45107, 87.9], [-0.57962, 44.45105, 87.9], [-0.5794, 44.45097, 85.1], [-0.57901, 44.4507, 85.1], [-0.57891, 44.45049, 86.25395533498761], [-0.57894, 44.45027, 86.25395533498761], [-0.57916, 44.44987, 86.34], [-0.57938, 44.44971, 86.34], [-0.57968, 44.44965, 85.98461538461538], [-0.58007, 44.44967, 86.25395533498761], [-0.58033, 44.44978, 86.25395533498761], [-0.58071, 44.45023, 86.25395533498761]]]}}, {"type": "Feature", "properties": {"id_obligation": "335360000A0623", "priorite": "moyenne"}, "geometry": {"type": "Polygon", "coordinates": [[[-0.57884, 44.45393, 88.04494949494949], [-0.57865, 44.4541, 88.04494949494949], [-0.57836, 44.45418, 88.04494949494949], [-0.57798, 44.45417, 88.04494949494949], [-0.57765, 44.45404, 88.04494949494949], [-0.57745, 44.45388, 88.04494949494949], [-0.57735, 44.45365, 88.04494949494949], [-0.57736, 44.45334, 88.04494949494949], [-0.57749, 44.45319, 88.04494949494949], [-0.57774, 44.45306, 88.04494949494949], [-0.57803, 44.45303, 88.0], [-0.57807, 44.45309, 88.0], [-0.57823, 44.45304, 88.0], [-0.57843, 44.45308, 87.5847790638064], [-0.57847, 44.45323, 87.3], [-0.57854, 44.45326, 87.2], [-0.57862, 44.45324, 86.9], [-0.57854, 44.45311, 87.02266318954183], [-0.5788, 44.45329, 87.36666666666666], [-0.5789, 44.45371, 88.04494949494949], [-0.57884, 44.45393, 88.04494949494949]]]}}, {"type": "Feature", "properties": {"id_obligation": "335360000A0628", "priorite": "faible"}, "geometry": {"type": "Polygon", "coordinates": [[[-0.57744, 44.45181, 87.28999999999999], [-0.57708, 44.45184, 87.28999999999999], [-0.57681, 44.45176, 89.09999999999998], [-0.57649, 44.4515, 89.09999999999998], [-0.57644, 44.45137, 89.1], [-0.57646, 44.45118, 87.3], [-0.57677, 44.45084, 87.3], [-0.57712, 44.45066, 89.02666666666664], [-0.57718, 44.45064, 89.8], [-0.57729, 44.45077, 89.8], [-0.57742, 44.4507, 89.8], [-0.57735, 44.45062, 89.8], [-0.57764, 44.45066, 87.4], [-0.57784, 44.45076, 87.4], [-0.57806, 44.45099, 86.72266544159929], [-0.57804, 44.45103, 86.6], [-0.57812, 44.45115, 87.6714285714286], [-0.57809, 44.45133, 87.6714285714286], [-0.57797, 44.45149, 87.68571428571431], [-0.57744, 44.45181, 87.28999999999999]]]}}, {"type": "Feature", "properties": {"id_obligation": "335360000A0635", "priorite": "forte"}, "geometry": {"type": "Polygon", "coordinates": [[[-0.58019, 44.45328, 86.7], [-0.58043, 44.45326, 86.7], [-0.58066, 44.4533, 87.07], [-0.58095, 44.45347, 87.07], [-0.58108, 44.45362, 87.07], [-0.58111, 44.45379, 87.07], [-0.58105, 44.45395, 87.07], [-0.58088, 44.45412, 87.07], [-0.58067, 44.45421, 87.07], [-0.58037, 44.45423, 87.07], [-0.58014, 44.45418, 87.07], [-0.5799, 44.45405, 87.07], [-0.57977, 44.4539, 87.07], [-0.57972, 44.45373, 87.07], [-0.57977, 44.45357, 87.07], [-0.57993, 44.45339, 87.07], [-0.58019, 44.45328, 86.7]]]}}, {"type": "Feature", "properties": {"id_obligation": "335360000A0637", "priorite": "moyenne"}, "geometry": {"type": "Polygon", "coordinates": [[[-0.58075, 44.45374, 87.35969230769231], [-0.58053, 44.45382, 87.35999999999999], [-0.57967, 44.45374, 87.35969230769231], [-0.57947, 44.45363, 87.35969230769231], [-0.57924, 44.45342, 87.35969230769231], [-0.57917, 44.45325, 87.53846153846153], [-0.57923, 44.45304, 87.53846153846153], [-0.57983, 44.45257, 87.35969230769231], [-0.58013, 44.45251, 87.35969230769231], [-0.58037, 44.45254, 87.35969230769231], [-0.58089, 44.45279, 87.35969230769231], [-0.58115, 44.45302, 87.6], [-0.58119, 44.45327, 87.6], [-0.58098, 44.45357, 87.35969230769231], [-0.58075, 44.45374, 87.35969230769231]]]}}, {"type": "Feature", "properties": {"id_obligation": "335360000A0662", "priorite": "moyenne"}, "geometry": {"type": "Polygon", "coordinates": [[[-0.58035, 44.45265, 86.9], [-0.58037, 44.45287, 86.9], [-0.58027, 44.45304, 86.9], [-0.58015, 44.45296, 86.9], [-0.58, 44.45308, 86.9], [-0.58016, 44.45313, 86.9], [-0.58004, 44.4532, 86.95], [-0.57996, 44.45324, 87.1], [-0.57988, 44.45317, 87.1], [-0.5798, 44.45323, 87.1], [-0.57985, 44.45327, 87.1], [-0.57952, 44.45327, 86.87], [-0.5793, 44.45319, 88.7], [-0.57911, 44.45305, 88.7], [-0.57901, 44.45289, 86.8], [-0.57901, 44.45267, 86.8], [-0.57913, 44.45251, 87.18063492063493], [-0.57933, 44.45237, 87.18063492063493], [-0.57956, 44.4523, 86.8], [-0.57981, 44.4523, 86.8], [-0.58004, 44.45236, 87.18063492063493], [-0.58024, 44.45249, 87.18063492063493], [-0.58035, 44.45265, 86.9]]]}}, {"type": "Feature", "properties": {"id_obligation": "335360000A0771", "priorite": "moyenne"}, "geometry": {"type": "MultiPolygon", "coordinates": [[[[-0.57496, 44.44999, 86.3], [-0.57485, 44.44983, 85.9], [-0.57484, 44.44965, 85.9], [-0.57491, 44.44949, 84.48333333333333], [-0.57518, 44.44929, 84.3], [-0.57531, 44.44935, 84.3], [-0.57545, 44.44923, 85.4], [-0.57539, 44.44919, 85.4], [-0.57561, 44.44918, 85.92352941176468], [-0.57585, 44.44922, 85.9], [-0.57605, 44.44933, 85.9], [-0.57629, 44.44957, 88.72857142857141], [-0.57632, 44.44986, 88.9], [-0.57613, 44.44966, 88.9], [-0.57607, 44.44969, 88.9], [-0.57625, 44.44993, 88.5], [-0.5763, 44.4499, 88.64341537365468], [-0.57626, 44.44997, 87.18333333333334], [-0.57601, 44.45016, 87.18333333333334], [-0.57579, 44.45024, 86.35], [-0.57549, 44.45024, 86.35], [-0.57519, 44.45015, 86.3], [-0.57496, 44.44999, 86.3]]], [[[-0.57531, 44.44922, 85.4], [-0.57525, 44.44927, 84.3], [-0.57525, 44.44924, 84.48333333333333], [-0.57531, 44.44922, 85.4]]]]}}, {"type": "Feature", "properties": {"id_obligation": "335360000A0772", "priorite": "moyenne"}, "geometry": {"type": "Polygon", "coordinates": [[[-0.57966, 44.4502, 86.34411764705882], [-0.57988, 44.45027, 86.34411764705882], [-0.57994, 44.4503, 86.0], [-0.57993, 44.45043, 86.0], [-0.58009, 44.45043, 86.0], [-0.58016, 44.45055, 86.34411764705882], [-0.58017, 44.45073, 85.1], [-0.58005, 44.45093, 85.1], [-0.57989, 44.45106, 85.1], [-0.57966, 44.45114, 85.1], [-0.57942, 44.45114, 85.1], [-0.57912, 44.45106, 86.27848145318733], [-0.57894, 44.45093, 86.27848145318733], [-0.57885, 44.45079, 86.27848145318733], [-0.5785, 44.45088, 86.27848145318733], [-0.57806, 44.4508, 86.27848145318733], [-0.57786, 44.45069, 87.43999999999996], [-0.57774, 44.45053, 87.43999999999996], [-0.57771, 44.45036, 87.43999999999996], [-0.5778, 44.45014, 85.9], [-0.57787, 44.45012, 86.5], [-0.57803, 44.44984, 86.48888888888888], [-0.57832, 44.44969, 86.48888888888888], [-0.57863, 44.44967, 86.13636363636365], [-0.57896, 44.44976, 86.13636363636365], [-0.57917, 44.4499, 86.13636363636365], [-0.57927, 44.45003, 86.2394086962509], [-0.57912, 44.45001, 86.1], [-0.57912, 44.45013, 86.5], [-0.5793, 44.45011, 86.5], [-0.5793, 44.45021, 86.1], [-0.57966, 44.4502, 86.34411764705882]]]}}, {"type": "Feature", "properties": {"id_obligation": "335360000A0774", "priorite": "moyenne"}, "geometry": {"type": "MultiPolygon", "coordinates": [[[[-0.57568, 44.44971, 85.8], [-0.57557, 44.44962, 85.8], [-0.57546, 44.44972, 85.8], [-0.57557, 44.44976, 85.8], [-0.5752, 44.4498, 85.92857142857142], [-0.57493, 44.44971, 85.5], [-0.57464, 44.44951, 85.5], [-0.57456, 44.44934, 85.46153846153848], [-0.57458, 44.44915, 86.4], [-0.57463, 44.44916, 86.4], [-0.5747, 44.44909, 86.4], [-0.57478, 44.44893, 86.26249999999999], [-0.57505, 44.44878, 84.3], [-0.57542, 44.44872, 84.3], [-0.57539, 44.44877, 84.3], [-0.57546, 44.44879, 84.3], [-0.57549, 44.44875, 84.3], [-0.57544, 44.44873, 84.3], [-0.57554, 44.44874, 84.3], [-0.57575, 44.44882, 85.8], [-0.57563, 44.44895, 85.8], [-0.57573, 44.44898, 85.8], [-0.57584, 44.44887, 85.8], [-0.576, 44.44902, 85.9083333333333], [-0.57604, 44.44908, 87.1], [-0.57601, 44.44915, 87.1], [-0.57599, 44.4492, 87.0], [-0.57598, 44.44924, 86.0], [-0.57607, 44.4493, 86.0], [-0.57605, 44.44935, 86.615], [-0.57568, 44.44971, 85.8]]]]}}, {"type": "Feature", "properties": {"id_obligation": "335360000A0775", "priorite": "très forte"}, "geometry": {"type": "Polygon", "coordinates": [[[-0.60317, 44.46, 82.83181818181818], [-0.60288, 44.46025, 82.83181818181818], [-0.60252, 44.46032, 83.4], [-0.60209, 44.46021, 82.83181818181818], [-0.60191, 44.46008, 82.83181818181818], [-0.6018, 44.45987, 82.83181818181818], [-0.60183, 44.45967, 81.2], [-0.60176, 44.45939, 83.4], [-0.60188, 44.45913, 83.4], [-0.60204, 44.459, 83.4], [-0.60221, 44.45893, 83.4], [-0.60231, 44.45891, 83.25], [-0.60256, 44.45891, 83.25], [-0.60296, 44.45903, 82.83181818181818], [-0.60315, 44.45914, 82.83181818181818], [-0.60326, 44.45929, 82.83181818181818], [-0.60328, 44.45946, 82.83181818181818], [-0.60317, 44.46, 82.83181818181818]], [[-0.60215, 44.45902, 83.4], [-0.60251, 44.45915, 83.4], [-0.60257, 44.45906, 83.4], [-0.60221, 44.45893, 83.4], [-0.60215, 44.45902, 83.4]]]}}, {"type": "Feature", "properties": {"id_obligation": "335360000A0788", "priorite": "moyenne"}, "geometry": {"type": "Polygon", "coordinates": [[[-0.57707, 44.45287, 88.4], [-0.5773, 44.45301, 88.4], [-0.57741, 44.45316, 88.4], [-0.57744, 44.45344, 88.2234829059829], [-0.57733, 44.45364, 88.2234829059829], [-0.57716, 44.45376, 88.2234829059829], [-0.57688, 44.45384, 88.07500000000002], [-0.57669, 44.4538, 88.2], [-0.57669, 44.45383, 88.17997787936935], [-0.57643, 44.45376, 88.2234829059829], [-0.57626, 44.45364, 88.2234829059829], [-0.57616, 44.45347, 88.3], [-0.57614, 44.45323, 88.21666666666665], [-0.57622, 44.45306, 88.21666666666665], [-0.57639, 44.45292, 88.21666666666665], [-0.57661, 44.45284, 88.38000000000001], [-0.57684, 44.45283, 88.38000000000001], [-0.57707, 44.45287, 88.4]]]}}, {"type": "Feature", "properties": {"id_obligation": "335360000A0795", "priorite": "moyenne"}, "geometry": {"type": "Polygon", "coordinates": [[[-0.5752, 44.45187, 88.71666666666664], [-0.57514, 44.45209, 88.71666666666664], [-0.57495, 44.45227, 88.71666666666664], [-0.57467, 44.45237, 88.71666666666664], [-0.57431, 44.45235, 88.71666666666664], [-0.57391, 44.4522, 88.71666666666664], [-0.5737, 44.45205, 88.71666666666664], [-0.57362, 44.45189, 88.71666666666664], [-0.57362, 44.45172, 88.71666666666664], [-0.57374, 44.45152, 88.71666666666664], [-0.57393, 44.4514, 88.71666666666664], [-0.57416, 44.45133, 88.71666666666664], [-0.57441, 44.45134, 88.71666666666664], [-0.57479, 44.45144, 88.71666666666664], [-0.575, 44.45155, 88.71666666666664], [-0.57514, 44.4517, 88.71666666666664], [-0.5752, 44.45187, 88.71666666666664]]]}}, {"type": "Feature", "properties": {"id_obligation": "335360000A0840", "priorite": "moyenne"}, "geometry": {"type": "Polygon", "coordinates": [[[-0.57443, 44.44876, 86.45], [-0.5747, 44.44866, 86.43333333333334], [-0.57494, 44.44865, 86.43333333333334], [-0.57532, 44.44875, 85.89122448979592], [-0.57554, 44.44889, 85.89122448979592], [-0.57563, 44.44905, 85.28], [-0.57564, 44.44923, 85.28], [-0.57554, 44.44931, 85.5], [-0.57559, 44.44935, 86.2], [-0.57555, 44.44942, 86.10000000000001], [-0.5755, 44.44938, 86.1], [-0.57541, 44.44942, 86.1], [-0.57548, 44.44949, 86.1], [-0.57504, 44.44976, 85.5], [-0.57474, 44.4498, 85.5], [-0.57445, 44.44974, 85.89122448979592], [-0.5742, 44.44958, 85.89122448979592], [-0.57409, 44.44938, 86.08], [-0.5741, 44.4492, 86.08], [-0.57426, 44.44893, 86.45], [-0.57443, 44.44876, 86.45]]]}}, {"type": "Feature", "properties": {"id_obligation": "335360000A0849", "priorite": "très forte"}, "geometry": {"type": "Polygon", "coordinates": [[[-0.60427, 44.45742, 80.41666666666666], [-0.60418, 44.45765, 80.41666666666666], [-0.60397, 44.45788, 80.41666666666666], [-0.60377, 44.45799, 80.41666666666666], [-0.60354, 44.45803, 80.41666666666666], [-0.6033, 44.45801, 80.41666666666666], [-0.60298, 44.45791, 80.41666666666666], [-0.60279, 44.45775, 80.41666666666666], [-0.60272, 44.45758, 80.5], [-0.60275, 44.45741, 80.5], [-0.60293, 44.45703, 80.41666666666666], [-0.60319, 44.45686, 80.41666666666666], [-0.60354, 44.4568, 80.41666666666666], [-0.60388, 44.45688, 80.41666666666666], [-0.6041, 44.45702, 80.41666666666666], [-0.60424, 44.45724, 80.41666666666666], [-0.60427, 44.45742, 80.41666666666666]]]}}, {"type": "Feature", "properties": {"id_obligation": "335360000A0851", "priorite": "faible"}, "geometry": {"type": "Polygon", "coordinates": [[[-0.57698, 44.45175, 88.02889013242397], [-0.57676, 44.4519, 88.60769230769232], [-0.57646, 44.45196, 88.60769230769232], [-0.57607, 44.45193, 88.97], [-0.57578, 44.45176, 88.60026019131584], [-0.5757, 44.45166, 88.97], [-0.57567, 44.45133, 87.65714285714284], [-0.57574, 44.45129, 87.1], [-0.57567, 44.45126, 87.1], [-0.57571, 44.45116, 88.38947368421054], [-0.57582, 44.45103, 87.3], [-0.57582, 44.45109, 87.3], [-0.57596, 44.45109, 87.3], [-0.57591, 44.45097, 87.50340657712186], [-0.57609, 44.4509, 88.38947368421054], [-0.57641, 44.45087, 87.16363636363634], [-0.57665, 44.4509, 87.16363636363634], [-0.57686, 44.45099, 88.02889013242397], [-0.577, 44.45113, 88.02889013242397], [-0.57707, 44.45154, 87.0], [-0.57698, 44.45175, 88.02889013242397]], [[-0.57589, 44.45175, 88.7], [-0.57588, 44.45163, 88.7], [-0.57577, 44.45163, 88.7], [-0.57578, 44.45176, 88.60030099969913], [-0.57589, 44.45175, 88.7]]]}}, {"type": "Feature", "properties": {"id_obligation": "335360000A0852", "priorite": "faible"}, "geometry": {"type": "Polygon", "coordinates": [[[-0.57706, 44.45131, 87.0], [-0.57694, 44.4515, 87.0], [-0.57673, 44.45162, 88.69999999999997], [-0.57639, 44.4517, 88.3], [-0.57636, 44.45162, 88.3], [-0.57631, 44.45163, 88.3], [-0.57633, 44.4517, 88.69999999999997], [-0.5761, 44.45166, 88.07499999999999], [-0.57586, 44.45153, 88.07499999999999], [-0.57574, 44.45139, 88.07499999999999], [-0.5757, 44.45122, 88.21363636363637], [-0.57575, 44.45105, 88.21363636363637], [-0.57607, 44.45063, 87.86845134032632], [-0.57632, 44.45051, 87.3], [-0.57656, 44.45048, 87.3], [-0.57697, 44.45058, 88.1], [-0.5772, 44.45074, 88.1], [-0.57729, 44.45099, 88.46666666666665], [-0.57711, 44.45112, 87.0], [-0.57716, 44.45114, 87.0], [-0.57728, 44.45104, 87.0], [-0.57717, 44.45125, 87.0], [-0.57706, 44.45131, 87.0]]]}}, {"type": "Feature", "properties": {"id_obligation": "335360000A0856", "priorite": "moyenne"}, "geometry": {"type": "Polygon", "coordinates": [[[-0.57529, 44.4523, 88.32911904761905], [-0.57556, 44.45221, 88.32911904761905], [-0.57586, 44.45222, 88.32911904761905], [-0.57618, 44.45233, 88.32911904761905], [-0.57634, 44.45246, 88.32911904761905], [-0.57642, 44.45267, 88.9], [-0.57637, 44.45285, 88.9], [-0.57621, 44.45308, 88.82000000000001], [-0.57602, 44.45319, 88.8], [-0.57602, 44.45315, 88.8], [-0.57591, 44.45315, 88.8], [-0.57591, 44.45323, 88.8], [-0.5758, 44.45324, 88.7875], [-0.57555, 44.45323, 88.7875], [-0.57524, 44.45313, 88.27142857142857], [-0.57515, 44.45307, 88.01377083936177], [-0.57529, 44.45309, 88.5], [-0.57531, 44.45304, 88.5], [-0.57516, 44.45301, 87.7], [-0.57514, 44.45306, 87.7], [-0.575, 44.45284, 88.32911904761905], [-0.57511, 44.45247, 88.32911904761905], [-0.57529, 44.4523, 88.32911904761905]]]}}, {"type": "Feature", "properties": {"id_obligation": "335360000A0859", "priorite": "faible"}, "geometry": {"type": "Polygon", "coordinates": [[[-0.57851, 44.45017, 86.1], [-0.57851, 44.45027, 86.1], [-0.57861, 44.45029, 86.1], [-0.57866, 44.45043, 86.28181818181817], [-0.5786, 44.45073, 86.38750000000002], [-0.57843, 44.45091, 86.38750000000002], [-0.57817, 44.45101, 86.38750000000002], [-0.57811, 44.45101, 86.6], [-0.57816, 44.45096, 86.6], [-0.5781, 44.45094, 86.9], [-0.57804, 44.45103, 86.62396024753731], [-0.57752, 44.45107, 88.46666666666665], [-0.57728, 44.45105, 88.96428571428574], [-0.57732, 44.45101, 87.0], [-0.57727, 44.45098, 87.0], [-0.57721, 44.45103, 87.0], [-0.57706, 44.45095, 90.5], [-0.57717, 44.45091, 90.5], [-0.57708, 44.45082, 90.5], [-0.57696, 44.45087, 90.5], [-0.57693, 44.45083, 88.96428571428574], [-0.57685, 44.45045, 87.3], [-0.57696, 44.45012, 86.32941176470585], [-0.5771, 44.44997, 86.32941176470585], [-0.57736, 44.44986, 86.18260869565215], [-0.57748, 44.44984, 86.3], [-0.57745, 44.4499, 86.3], [-0.5776, 44.44992, 86.3], [-0.57764, 44.44984, 86.3], [-0.57776, 44.44984, 86.18260869565215], [-0.5781, 44.44994, 86.56153846153846], [-0.57821, 44.45002, 87.5], [-0.57819, 44.45008, 87.5], [-0.57835, 44.45007, 86.56153846153846], [-0.57851, 44.45017, 86.1]]]}}, {"type": "Feature", "properties": {"id_obligation": "335360000A0860", "priorite": "moyenne"}, "geometry": {"type": "MultiPolygon", "coordinates": [[[[-0.57846, 44.45167, 87.13529411764709], [-0.57845, 44.45185, 87.13529411764709], [-0.57805, 44.45229, 87.78561715595329], [-0.57783, 44.45237, 87.78561715595329], [-0.57752, 44.45238, 88.39999999999999], [-0.57728, 44.45233, 88.39999999999999], [-0.57709, 44.45221, 88.39999999999999], [-0.57696, 44.45201, 88.39999999999999], [-0.57697, 44.45171, 87.29285714285716], [-0.57712, 44.45144, 87.29285714285716], [-0.57732, 44.45128, 87.29285714285716], [-0.57754, 44.4512, 87.82571428571426], [-0.57784, 44.45118, 88.7], [-0.57775, 44.45128, 88.7], [-0.5778, 44.45133, 88.7], [-0.57792, 44.45133, 88.7], [-0.578, 44.45122, 88.7], [-0.57822, 44.45135, 87.1], [-0.57815, 44.4514, 87.0], [-0.57837, 44.45149, 87.4], [-0.57846, 44.45167, 87.13529411764709]]], [[[-0.57838, 44.45254, 87.59999999999998], [-0.57864, 44.45266, 87.59999999999998], [-0.57878, 44.4528, 87.5], [-0.57885, 44.45304, 87.5], [-0.57881, 44.45322, 87.5], [-0.57866, 44.45337, 87.5], [-0.57845, 44.45346, 87.5], [-0.57807, 44.45354, 89.1], [-0.57807, 44.45348, 89.1], [-0.57796, 44.45348, 89.1], [-0.57794, 44.45353, 88.74545454545452], [-0.57763, 44.45341, 87.78561715595329], [-0.57745, 44.45321, 87.78561715595329], [-0.5774, 44.45303, 87.78561715595329], [-0.57744, 44.45286, 87.78561715595329], [-0.57758, 44.45271, 88.39999999999999], [-0.57807, 44.45253, 87.78561715595329], [-0.57838, 44.45254, 87.59999999999998]]]]}}, {"type": "Feature", "properties": {"id_obligation": "335360000A0871", "priorite": "moyenne"}, "geometry": {"type": "Polygon", "coordinates": [[[-0.57646, 44.45407, 88.11394230769231], [-0.57629, 44.45396, 88.11394230769231], [-0.57617, 44.45376, 88.11394230769231], [-0.57616, 44.45352, 88.11394230769231], [-0.57624, 44.45335, 88.3], [-0.57645, 44.45319, 88.3], [-0.57669, 44.45313, 88.03076923076922], [-0.57699, 44.45313, 88.03076923076922], [-0.57722, 44.45319, 88.11394230769231], [-0.57744, 44.45335, 88.11394230769231], [-0.57751, 44.45353, 88.11394230769231], [-0.57751, 44.45377, 88.11394230769231], [-0.57742, 44.45393, 88.11394230769231], [-0.57725, 44.45405, 88.11394230769231], [-0.57702, 44.45412, 88.175], [-0.57675, 44.45414, 88.175], [-0.57646, 44.45407, 88.11394230769231]]]}}, {"type": "Feature", "properties": {"id_obligation": "335360000A0873", "priorite": "moyenne"}, "geometry": {"type": "Polygon", "coordinates": [[[-0.5762, 44.45122, 87.11443850267379], [-0.57599, 44.4513, 88.4], [-0.57599, 44.45123, 88.4], [-0.57588, 44.45123, 88.4], [-0.57585, 44.45131, 87.98787878787873], [-0.57572, 44.45131, 87.1], [-0.57565, 44.45124, 87.1], [-0.57562, 44.45127, 87.1], [-0.57568, 44.45131, 87.1], [-0.57549, 44.45126, 87.11443850267379], [-0.57511, 44.45108, 87.11443850267379], [-0.57495, 44.45094, 87.11443850267379], [-0.57488, 44.45073, 87.11443850267379], [-0.57495, 44.45052, 86.5], [-0.57518, 44.45031, 86.5], [-0.57535, 44.45024, 86.5], [-0.57529, 44.4503, 86.5], [-0.57533, 44.45033, 86.5], [-0.57545, 44.45026, 86.5], [-0.57544, 44.45021, 86.9], [-0.57565, 44.45012, 86.9], [-0.57595, 44.4501, 86.9], [-0.57627, 44.45017, 86.7], [-0.57624, 44.45025, 86.7], [-0.57635, 44.45027, 86.7], [-0.57637, 44.45021, 86.7], [-0.57643, 44.45025, 86.71764705882356], [-0.57662, 44.45052, 87.11443850267379], [-0.57654, 44.45085, 87.11443850267379], [-0.5762, 44.45122, 87.11443850267379]]]}}, {"type": "Feature", "properties": {"id_obligation": "335360000A0875", "priorite": "moyenne"}, "geometry": {"type": "Polygon", "coordinates": [[[-0.57659, 44.45178, 88.62307692307694], [-0.57661, 44.45183, 88.70320528075267], [-0.5765, 44.45185, 88.9], [-0.57653, 44.45193, 88.9], [-0.57661, 44.45192, 88.9], [-0.57656, 44.45208, 88.11428571428571], [-0.5765, 44.45216, 88.4], [-0.5765, 44.4521, 88.4], [-0.57631, 44.45214, 87.5], [-0.57632, 44.45222, 87.5], [-0.57648, 44.45219, 88.31560793811848], [-0.57616, 44.45239, 88.3574690934066], [-0.57592, 44.45242, 88.3574690934066], [-0.57568, 44.45238, 88.1], [-0.57538, 44.45225, 88.1], [-0.5752, 44.45207, 88.1], [-0.57514, 44.45166, 88.0125], [-0.57517, 44.45148, 87.17142857142858], [-0.5753, 44.45133, 87.17142857142858], [-0.57556, 44.45121, 87.17142857142858], [-0.57559, 44.45125, 87.2], [-0.57562, 44.45119, 87.17142857142858], [-0.57593, 44.45118, 90.7], [-0.57625, 44.45127, 89.1], [-0.57634, 44.45132, 89.1], [-0.57629, 44.45132, 89.1], [-0.5763, 44.45151, 89.1], [-0.57644, 44.45151, 89.1], [-0.57644, 44.45143, 89.1], [-0.57659, 44.45178, 88.62307692307694]]]}}, {"type": "Feature", "properties": {"id_obligation": "335360000A0876", "priorite": "moyenne"}, "geometry": {"type": "Polygon", "coordinates": [[[-0.57625, 44.45213, 88.69678571428571], [-0.57606, 44.45233, 88.69678571428571], [-0.57581, 44.45245, 88.69678571428571], [-0.57557, 44.45246, 88.69678571428571], [-0.57523, 44.45238, 88.69678571428571], [-0.57504, 44.45227, 88.69678571428571], [-0.57488, 44.45204, 88.69678571428571], [-0.57485, 44.45187, 88.69678571428571], [-0.57496, 44.45164, 88.69678571428571], [-0.57515, 44.45147, 88.69678571428571], [-0.57548, 44.45138, 88.7], [-0.57573, 44.45137, 88.7], [-0.57596, 44.45143, 88.7], [-0.57621, 44.45157, 88.7], [-0.57633, 44.45177, 89.17999999999999], [-0.57633, 44.45196, 89.17999999999999], [-0.57625, 44.45213, 88.69678571428571]]]}}, {"type": "Feature", "properties": {"id_obligation": "335360000A0878", "priorite": "moyenne"}, "geometry": {"type": "Polygon", "coordinates": [[[-0.57837, 44.4537, 87.886768707483], [-0.57813, 44.45361, 88.85499999999998], [-0.57808, 44.45359, 89.1], [-0.57807, 44.45348, 89.1], [-0.57796, 44.4535, 88.85499999999998], [-0.57783, 44.45329, 88.0], [-0.57779, 44.45304, 88.0], [-0.57787, 44.45283, 88.0], [-0.57808, 44.45268, 88.0], [-0.57838, 44.45259, 87.58571428571429], [-0.57868, 44.4526, 87.58571428571429], [-0.57894, 44.45271, 87.886768707483], [-0.57923, 44.45315, 87.7], [-0.57922, 44.45337, 87.7], [-0.57911, 44.45352, 87.7], [-0.57892, 44.45363, 87.7], [-0.57867, 44.4537, 87.886768707483], [-0.57837, 44.4537, 87.886768707483]]]}}, {"type": "Feature", "properties": {"id_obligation": "335360000A0879", "priorite": "moyenne"}, "geometry": {"type": "Polygon", "coordinates": [[[-0.57809, 44.45241, 87.73531746031746], [-0.57837, 44.45232, 87.73531746031746], [-0.57861, 44.45231, 87.73531746031746], [-0.57884, 44.45237, 87.73531746031746], [-0.57903, 44.45249, 87.73531746031746], [-0.57921, 44.45275, 87.73531746031746], [-0.57922, 44.45292, 87.73531746031746], [-0.57914, 44.45308, 87.73531746031746], [-0.57898, 44.45321, 87.73531746031746], [-0.57859, 44.45336, 87.35555555555555], [-0.57834, 44.45337, 87.35555555555555], [-0.57811, 44.45331, 88.0], [-0.57793, 44.45319, 88.0], [-0.57776, 44.45295, 88.0], [-0.57777, 44.45272, 88.0], [-0.57791, 44.45253, 87.73531746031746], [-0.57809, 44.45241, 87.73531746031746]]]}}, {"type": "Feature", "properties": {"id_obligation": "335360000A0880", "priorite": "moyenne"}, "geometry": {"type": "Polygon", "coordinates": [[[-0.57644, 44.45138, 89.1], [-0.57643, 44.45132, 89.1], [-0.57629, 44.45132, 89.1], [-0.57628, 44.45148, 87.74999999999999], [-0.57599, 44.45154, 88.34999999999998], [-0.57561, 44.45151, 88.34999999999998], [-0.57532, 44.45136, 88.16666666666667], [-0.57524, 44.45126, 89.0], [-0.57528, 44.4512, 89.0], [-0.57502, 44.45109, 89.0], [-0.57494, 44.45092, 89.0], [-0.57497, 44.45074, 87.92888888888888], [-0.57513, 44.45055, 87.92888888888888], [-0.57532, 44.45043, 87.92888888888888], [-0.57556, 44.45038, 87.53], [-0.57581, 44.45041, 87.53], [-0.57645, 44.45069, 87.92888888888888], [-0.57658, 44.45094, 87.3], [-0.57654, 44.45093, 87.3], [-0.5764, 44.45116, 87.3], [-0.57648, 44.45119, 87.3], [-0.57659, 44.45103, 87.3], [-0.57644, 44.45138, 89.1]]]}}, {"type": "Feature", "properties": {"id_obligation": "335360000A0882", "priorite": "forte"}, "geometry": {"type": "Polygon", "coordinates": [[[-0.57748, 44.45436, 88.86000000000001], [-0.57745, 44.45459, 88.86000000000001], [-0.57732, 44.45474, 88.86000000000001], [-0.57713, 44.45484, 88.86000000000001], [-0.57689, 44.45488, 88.86000000000001], [-0.5765, 44.45488, 88.86000000000001], [-0.57623, 44.45477, 88.86000000000001], [-0.57608, 44.45462, 88.86000000000001], [-0.57603, 44.45445, 88.86000000000001], [-0.57605, 44.45416, 89.10000000000001], [-0.57608, 44.45409, 89.1], [-0.57619, 44.4541, 89.1], [-0.57615, 44.45401, 89.1], [-0.57638, 44.45387, 89.10000000000001], [-0.57669, 44.45382, 88.18565712235869], [-0.57668, 44.45397, 88.1], [-0.5768, 44.45397, 88.2], [-0.57681, 44.45382, 88.2], [-0.57701, 44.45386, 88.86000000000001], [-0.57728, 44.45401, 88.86000000000001], [-0.57743, 44.45418, 88.86000000000001], [-0.57748, 44.45436, 88.86000000000001]]]}}, {"type": "Feature", "properties": {"id_obligation": "335360000A0883", "priorite": "moyenne"}, "geometry": {"type": "Polygon", "coordinates": [[[-0.57629, 44.45432, 89.1], [-0.5761, 44.45414, 89.1], [-0.57608, 44.45409, 89.1], [-0.57619, 44.4541, 89.1], [-0.5762, 44.45403, 89.1], [-0.57615, 44.45403, 89.1], [-0.57615, 44.45392, 89.1], [-0.57606, 44.45392, 89.1], [-0.57609, 44.45366, 88.6875], [-0.57625, 44.45347, 88.6875], [-0.57647, 44.45338, 87.83749999999999], [-0.57671, 44.45335, 87.83749999999999], [-0.57678, 44.45335, 87.8], [-0.57678, 44.45339, 87.8], [-0.57681, 44.45335, 87.8], [-0.57701, 44.45338, 88.6875], [-0.57727, 44.4535, 88.6875], [-0.5774, 44.45365, 88.6875], [-0.57743, 44.45382, 88.6875], [-0.57739, 44.45413, 88.6875], [-0.57726, 44.45428, 88.6875], [-0.57706, 44.45438, 88.6875], [-0.57686, 44.45442, 89.3], [-0.57674, 44.45427, 89.3], [-0.57665, 44.45428, 89.3], [-0.57666, 44.45442, 89.3], [-0.57629, 44.45432, 89.1]]]}}, {"type": "Feature", "properties": {"id_obligation": "335360000A0892", "priorite": "faible"}, "geometry": {"type": "Polygon", "coordinates": [[[-0.57372, 44.44852, 82.1], [-0.57402, 44.44845, 83.7], [-0.57426, 44.44848, 83.7], [-0.57457, 44.44861, 83.6], [-0.57474, 44.4488, 86.425], [-0.57477, 44.44898, 86.425], [-0.57469, 44.44915, 86.06666666666666], [-0.57449, 44.44938, 86.06666666666666], [-0.57423, 44.44949, 84.19676870748299], [-0.57399, 44.44951, 84.19676870748299], [-0.57375, 44.44946, 84.19676870748299], [-0.57351, 44.44934, 84.19676870748299], [-0.57337, 44.44918, 84.19676870748299], [-0.57333, 44.449, 82.8], [-0.5735, 44.44867, 82.1], [-0.57372, 44.44852, 82.1]]]}}, {"type": "Feature", "properties": {"id_obligation": "335360000A0893", "priorite": "faible"}, "geometry": {"type": "Polygon", "coordinates": [[[-0.57456, 44.4493, 86.21818181818182], [-0.57426, 44.44936, 85.06666666666666], [-0.57402, 44.44933, 85.06666666666666], [-0.57367, 44.44919, 82.8], [-0.57353, 44.44904, 82.8], [-0.57357, 44.44899, 82.8], [-0.57349, 44.44896, 82.8], [-0.57348, 44.44883, 82.44999999999999], [-0.57354, 44.44866, 82.44999999999999], [-0.57374, 44.44841, 82.1], [-0.57401, 44.44829, 84.02340367965368], [-0.57426, 44.44827, 84.02340367965368], [-0.57461, 44.44837, 83.0], [-0.57453, 44.44841, 83.0], [-0.57471, 44.44847, 83.0], [-0.57471, 44.44841, 82.98679576700145], [-0.57478, 44.44845, 83.0], [-0.57491, 44.44859, 83.0], [-0.57497, 44.44876, 86.46666666666665], [-0.57493, 44.44893, 86.46666666666665], [-0.57478, 44.44915, 86.21818181818182], [-0.57456, 44.4493, 86.21818181818182]]]}}, {"type": "Feature", "properties": {"id_obligation": "335360000A0895", "priorite": "moyenne"}, "geometry": {"type": "Polygon", "coordinates": [[[-0.57578, 44.45365, 88.7], [-0.5755, 44.45355, 88.7], [-0.57532, 44.45337, 88.7], [-0.57529, 44.45309, 88.5], [-0.57539, 44.45289, 86.83333333333333], [-0.57547, 44.45283, 86.83333333333333], [-0.57557, 44.45277, 86.83333333333333], [-0.57562, 44.45275, 86.83333333333333], [-0.57556, 44.45281, 86.2], [-0.5757, 44.45284, 86.2], [-0.57577, 44.45271, 87.4], [-0.57637, 44.45268, 88.4], [-0.5766, 44.45274, 88.4], [-0.57679, 44.45286, 88.4], [-0.57689, 44.45303, 88.20833333333331], [-0.5769, 44.45326, 88.20833333333331], [-0.57681, 44.45342, 88.0142857142857], [-0.57665, 44.45355, 88.0142857142857], [-0.57643, 44.45362, 88.0142857142857], [-0.57578, 44.45365, 88.7]]]}}, {"type": "Feature", "properties": {"id_obligation": "335360000A0896", "priorite": "moyenne"}, "geometry": {"type": "Polygon", "coordinates": [[[-0.5764, 44.45254, 88.08880952380953], [-0.57662, 44.45269, 88.08880952380953], [-0.57671, 44.45285, 88.2], [-0.57671, 44.45311, 88.2], [-0.57665, 44.45322, 88.3], [-0.57652, 44.45321, 88.3], [-0.57652, 44.45329, 88.3], [-0.5766, 44.45328, 88.3], [-0.57637, 44.45342, 88.27142857142857], [-0.57613, 44.45346, 88.6], [-0.57579, 44.45345, 88.0], [-0.57552, 44.45335, 88.0], [-0.57537, 44.45321, 88.0], [-0.57531, 44.45304, 88.57000000000001], [-0.57533, 44.45283, 86.88571428571427], [-0.57543, 44.45267, 86.88571428571427], [-0.5756, 44.45256, 86.88571428571427], [-0.5761, 44.45248, 87.4], [-0.5764, 44.45254, 88.08880952380953]]]}}, {"type": "Feature", "properties": {"id_obligation": "335360000A0897", "priorite": "faible"}, "geometry": {"type": "Polygon", "coordinates": [[[-0.57707, 44.45253, 88.86666666666666], [-0.57671, 44.4527, 87.97142857142856], [-0.5763, 44.45269, 87.97142857142856], [-0.57586, 44.45254, 88.4073469387755], [-0.5757, 44.45231, 88.4073469387755], [-0.57568, 44.45209, 88.97], [-0.57577, 44.45191, 88.97], [-0.57568, 44.45161, 88.97], [-0.57574, 44.45144, 88.4], [-0.57588, 44.4513, 88.4], [-0.57588, 44.45134, 88.4], [-0.57598, 44.45135, 88.4], [-0.57599, 44.45124, 88.4], [-0.57639, 44.45117, 87.64999999999998], [-0.57663, 44.45121, 87.64999999999998], [-0.57683, 44.45132, 88.4073469387755], [-0.57696, 44.45147, 88.4073469387755], [-0.57702, 44.4517, 88.4], [-0.577, 44.45184, 88.4], [-0.57711, 44.45198, 88.4], [-0.57705, 44.45212, 88.4], [-0.57719, 44.45214, 88.4], [-0.5772, 44.45229, 88.86666666666666], [-0.57707, 44.45253, 88.86666666666666]]]}}, {"type": "Feature", "properties": {"id_obligation": "335360000A0898", "priorite": "moyenne"}, "geometry": {"type": "Polygon", "coordinates": [[[-0.57667, 44.45143, 87.78630593262946], [-0.57679, 44.45127, 87.0], [-0.57709, 44.45112, 87.0], [-0.57716, 44.45114, 87.0], [-0.57724, 44.45108, 87.0], [-0.57738, 44.45107, 89.3131725890471], [-0.57725, 44.45113, 88.6], [-0.57736, 44.45125, 88.6], [-0.5775, 44.45119, 89.4], [-0.57739, 44.45107, 87.95882352941177], [-0.57763, 44.45111, 88.70000000000002], [-0.57782, 44.45121, 88.7], [-0.57775, 44.45128, 88.7], [-0.57783, 44.45134, 88.7], [-0.57793, 44.45132, 88.7], [-0.57809, 44.45166, 87.57777777777778], [-0.57803, 44.45184, 87.5], [-0.57789, 44.45198, 87.5], [-0.57757, 44.45211, 87.89999999999999], [-0.57732, 44.45214, 87.89999999999999], [-0.57719, 44.45212, 88.4], [-0.57724, 44.45203, 88.4], [-0.57732, 44.45205, 88.4], [-0.57734, 44.45201, 88.4], [-0.57712, 44.45196, 88.4], [-0.57707, 44.45209, 88.4], [-0.57692, 44.45202, 88.4], [-0.57665, 44.45165, 87.78630593262946], [-0.57667, 44.45143, 87.78630593262946]]]}}, {"type": "Feature", "properties": {"id_obligation": "335360000A0899", "priorite": "moyenne"}, "geometry": {"type": "Polygon", "coordinates": [[[-0.57712, 44.45112, 87.0], [-0.57716, 44.45114, 87.0], [-0.5773, 44.45103, 87.0], [-0.57745, 44.451, 88.45555555555556], [-0.57775, 44.45101, 88.45555555555556], [-0.57804, 44.45111, 88.7], [-0.57823, 44.45133, 87.35999999999999], [-0.57815, 44.4514, 87.0], [-0.57826, 44.45146, 87.35999999999999], [-0.57818, 44.4517, 87.70935223273459], [-0.57806, 44.45186, 87.70935223273459], [-0.57786, 44.45197, 87.42307692307692], [-0.57762, 44.45201, 87.42307692307692], [-0.57737, 44.45199, 87.4], [-0.5771, 44.45188, 87.4], [-0.57695, 44.45175, 87.4], [-0.57689, 44.45158, 87.26666666666667], [-0.57701, 44.45122, 87.36363636363636], [-0.57712, 44.45112, 87.0]]]}}, {"type": "Feature", "properties": {"id_obligation": "335360000A0900", "priorite": "moyenne"}, "geometry": {"type": "Polygon", "coordinates": [[[-0.57763, 44.45083, 89.4], [-0.57786, 44.45088, 86.98333333333335], [-0.57805, 44.45098, 86.98333333333335], [-0.57804, 44.45103, 86.6], [-0.57815, 44.45108, 86.2], [-0.57825, 44.45121, 87.35999999999999], [-0.57829, 44.45139, 87.0], [-0.5782, 44.45133, 87.1], [-0.57815, 44.4514, 87.0], [-0.57827, 44.45145, 87.0], [-0.57821, 44.45159, 87.64421875], [-0.57805, 44.45172, 87.64421875], [-0.57776, 44.45183, 87.44375], [-0.57766, 44.45185, 87.1], [-0.57766, 44.45177, 87.1], [-0.57759, 44.45177, 87.0], [-0.57758, 44.45186, 87.44375], [-0.57723, 44.45179, 87.4], [-0.57705, 44.45167, 87.4], [-0.5769, 44.45148, 87.11428571428571], [-0.57686, 44.4513, 87.11428571428571], [-0.57692, 44.45113, 87.57142857142857], [-0.57707, 44.45098, 87.57142857142857], [-0.57733, 44.45086, 89.4], [-0.57763, 44.45083, 89.4]]]}}, {"type": "Feature", "properties": {"id_obligation": "335360000A0902", "priorite": "moyenne"}, "geometry": {"type": "Polygon", "coordinates": [[[-0.57616, 44.44969, 88.9], [-0.57613, 44.44966, 88.9], [-0.57607, 44.44969, 88.9], [-0.57611, 44.44975, 88.89999999999999], [-0.57587, 44.4499, 85.8181818181818], [-0.57564, 44.44995, 85.8181818181818], [-0.57536, 44.44994, 85.9], [-0.5751, 44.44985, 85.90000000000002], [-0.57489, 44.44968, 85.90000000000002], [-0.5748, 44.44952, 85.02142857142856], [-0.5748, 44.44931, 85.02142857142856], [-0.57486, 44.44921, 85.4], [-0.57499, 44.44921, 85.4], [-0.57502, 44.44914, 85.4], [-0.57494, 44.44913, 85.4], [-0.57523, 44.44892, 85.39999999999999], [-0.57549, 44.44884, 85.76363636363634], [-0.57573, 44.44883, 85.76363636363634], [-0.57563, 44.44895, 85.8], [-0.57573, 44.44898, 85.8], [-0.57585, 44.44885, 85.8], [-0.57611, 44.44898, 86.17142857142858], [-0.57626, 44.44917, 86.17142857142858], [-0.57629, 44.44938, 89.4], [-0.57616, 44.44969, 88.9]]]}}, {"type": "Feature", "properties": {"id_obligation": "335360000A0913", "priorite": "faible"}, "geometry": {"type": "Polygon", "coordinates": [[[-0.57836, 44.45033, 86.8], [-0.57836, 44.4504, 86.8], [-0.57823, 44.45049, 86.6], [-0.57802, 44.45058, 87.89545454545453], [-0.57769, 44.45059, 87.89545454545453], [-0.57759, 44.45057, 87.4], [-0.57758, 44.45049, 87.4], [-0.57747, 44.4505, 87.4], [-0.57748, 44.45054, 87.4], [-0.57741, 44.45051, 86.90833333333332], [-0.57723, 44.45039, 86.90833333333332], [-0.57714, 44.45023, 86.48571428571427], [-0.57716, 44.44992, 86.48571428571427], [-0.57725, 44.44976, 85.92499999999998], [-0.57756, 44.44957, 85.3], [-0.57752, 44.44964, 86.3], [-0.57779, 44.44972, 86.3], [-0.57782, 44.44964, 86.3], [-0.5776, 44.44956, 85.3], [-0.57769, 44.44954, 85.86666666666665], [-0.57798, 44.44954, 85.86666666666665], [-0.57821, 44.4496, 85.3], [-0.57843, 44.44976, 85.3], [-0.57853, 44.44992, 86.51428571428573], [-0.57853, 44.45012, 85.7], [-0.57843, 44.45032, 86.6], [-0.57836, 44.45033, 86.8]]]}}, {"type": "Feature", "properties": {"id_obligation": "335360000A0915", "priorite": "faible"}, "geometry": {"type": "Polygon", "coordinates": [[[-0.57833, 44.45069, 87.06666666666668], [-0.57803, 44.45073, 87.06666666666668], [-0.57771, 44.45066, 87.77], [-0.57759, 44.45059, 87.4], [-0.57758, 44.45049, 87.4], [-0.57747, 44.45047, 87.77], [-0.57741, 44.45027, 85.6], [-0.57746, 44.45027, 85.6], [-0.57743, 44.45019, 86.6], [-0.57747, 44.45005, 87.19090909090906], [-0.57771, 44.44971, 86.29999999999997], [-0.57779, 44.44972, 86.3], [-0.57779, 44.44963, 86.3], [-0.57793, 44.44956, 85.77692307692308], [-0.57816, 44.44951, 85.77692307692308], [-0.57837, 44.44952, 85.3], [-0.57826, 44.44953, 85.3], [-0.57826, 44.44964, 85.3], [-0.5784, 44.44964, 85.3], [-0.57839, 44.44953, 85.3], [-0.5785, 44.44954, 85.425], [-0.57857, 44.44956, 85.5], [-0.57855, 44.44962, 85.5], [-0.57875, 44.44964, 85.5], [-0.57888, 44.44976, 85.425], [-0.57895, 44.44998, 86.02727272727275], [-0.57889, 44.45023, 86.02727272727275], [-0.57861, 44.45052, 86.8], [-0.57833, 44.45069, 87.06666666666668]]]}}, {"type": "Feature", "properties": {"id_obligation": "335360000A0920", "priorite": "moyenne"}, "geometry": {"type": "MultiPolygon", "coordinates": [[[[-0.57538, 44.45181, 87.94382716049383], [-0.57513, 44.45183, 87.94382716049383], [-0.57464, 44.45171, 87.94382716049383], [-0.57445, 44.4516, 87.94382716049383], [-0.57431, 44.45141, 87.94382716049383], [-0.5743, 44.45123, 87.94382716049383], [-0.57446, 44.45092, 87.94382716049383], [-0.57461, 44.45078, 87.94382716049383], [-0.57483, 44.4507, 87.94382716049383], [-0.57513, 44.45068, 87.94382716049383], [-0.57568, 44.45083, 87.46666666666667], [-0.57587, 44.45094, 87.46666666666667], [-0.57582, 44.45109, 87.3], [-0.57596, 44.45109, 87.3], [-0.57596, 44.45106, 87.3], [-0.576, 44.45119, 88.11481481481484], [-0.57599, 44.45133, 88.11481481481484], [-0.57599, 44.45123, 88.4], [-0.57588, 44.45123, 88.4], [-0.57588, 44.45134, 88.4], [-0.57598, 44.45135, 88.4], [-0.57595, 44.45141, 88.11481481481484], [-0.57564, 44.45169, 87.94382716049383], [-0.57538, 44.45181, 87.94382716049383]]]]}}, {"type": "Feature", "properties": {"id_obligation": "335360000A0928", "priorite": "faible"}, "geometry": {"type": "Polygon", "coordinates": [[[-0.57387, 44.44905, 85.05], [-0.57399, 44.44876, 83.91666666666667], [-0.57413, 44.44861, 83.91666666666667], [-0.57435, 44.44852, 84.95820512820512], [-0.57466, 44.4485, 84.95820512820512], [-0.57503, 44.44859, 84.6], [-0.57523, 44.4487, 84.6], [-0.57534, 44.44885, 84.6], [-0.57536, 44.4491, 85.13076923076922], [-0.57531, 44.44922, 85.4], [-0.57518, 44.44929, 84.3], [-0.57524, 44.44932, 84.3], [-0.57518, 44.44942, 84.85], [-0.57501, 44.44961, 84.85], [-0.5748, 44.4497, 85.2], [-0.57449, 44.44973, 85.2], [-0.57415, 44.44962, 84.95820512820512], [-0.57396, 44.44946, 84.95820512820512], [-0.57387, 44.44905, 85.05]]]}}, {"type": "Feature", "properties": {"id_obligation": "335360000A0930", "priorite": "moyenne"}, "geometry": {"type": "Polygon", "coordinates": [[[-0.57454, 44.449, 86.4], [-0.57448, 44.44913, 86.4], [-0.57463, 44.44916, 86.4], [-0.57475, 44.449, 86.4], [-0.57467, 44.44897, 86.49730785522978], [-0.57477, 44.44897, 85.7904761904762], [-0.57501, 44.44901, 85.7904761904762], [-0.57528, 44.44913, 84.96], [-0.57534, 44.44919, 85.4], [-0.57518, 44.44929, 84.3], [-0.57531, 44.44935, 84.3], [-0.5754, 44.44927, 85.4], [-0.57545, 44.4495, 85.63076923076923], [-0.57537, 44.44966, 85.55079453879453], [-0.5752, 44.44984, 85.55079453879453], [-0.575, 44.44994, 85.55079453879453], [-0.57475, 44.44997, 85.55079453879453], [-0.57451, 44.44993, 85.55079453879453], [-0.57425, 44.4498, 85.55079453879453], [-0.57412, 44.44966, 85.55079453879453], [-0.57407, 44.44949, 85.55079453879453], [-0.57413, 44.44931, 85.55079453879453], [-0.57428, 44.44913, 86.2], [-0.57454, 44.449, 86.4]]]}}, {"type": "Feature", "properties": {"id_obligation": "335360000A0953", "priorite": "faible"}, "geometry": {"type": "Polygon", "coordinates": [[[-0.57307, 44.44824, 83.20821428571428], [-0.57336, 44.44818, 83.20821428571428], [-0.5736, 44.44821, 83.20821428571428], [-0.57392, 44.44833, 83.20821428571428], [-0.57411, 44.4485, 83.65], [-0.57416, 44.44868, 83.65], [-0.57411, 44.44886, 83.7], [-0.57398, 44.44904, 84.56250000000001], [-0.57374, 44.44917, 82.82857142857142], [-0.5735, 44.44921, 82.82857142857142], [-0.57326, 44.44918, 82.9], [-0.57294, 44.44906, 82.9], [-0.57278, 44.44893, 82.9], [-0.5727, 44.44876, 83.20821428571428], [-0.57272, 44.44859, 83.20821428571428], [-0.57284, 44.44839, 83.20821428571428], [-0.57307, 44.44824, 83.20821428571428]]]}}, {"type": "Feature", "properties": {"id_obligation": "335360000A0958", "priorite": "moyenne"}, "geometry": {"type": "Polygon", "coordinates": [[[-0.57279, 44.44923, 83.20821428571428], [-0.57271, 44.44902, 82.9], [-0.57275, 44.44884, 83.20821428571428], [-0.57294, 44.44862, 83.20821428571428], [-0.57314, 44.44852, 83.20821428571428], [-0.57344, 44.44848, 82.1], [-0.57367, 44.44853, 82.1], [-0.574, 44.44866, 83.65], [-0.57414, 44.44881, 84.56250000000001], [-0.5741, 44.44886, 83.7], [-0.57418, 44.44889, 83.7], [-0.57419, 44.44902, 84.56250000000001], [-0.57413, 44.44919, 83.20821428571428], [-0.57397, 44.44938, 83.20821428571428], [-0.57377, 44.44948, 83.20821428571428], [-0.57353, 44.44952, 83.20821428571428], [-0.57329, 44.44949, 83.20821428571428], [-0.57301, 44.44939, 83.20821428571428], [-0.57279, 44.44923, 83.20821428571428]]]}}, {"type": "Feature", "properties": {"id_obligation": "335360000A0959", "priorite": "moyenne"}, "geometry": {"type": "Polygon", "coordinates": [[[-0.57255, 44.44929, 82.46562499999999], [-0.5725, 44.44911, 82.46562499999999], [-0.57255, 44.44894, 82.46562499999999], [-0.57277, 44.44871, 82.46562499999999], [-0.57303, 44.4486, 82.1], [-0.57328, 44.44858, 82.1], [-0.57351, 44.44863, 82.1], [-0.57375, 44.44876, 82.1], [-0.57391, 44.44894, 82.8], [-0.57393, 44.44912, 82.8], [-0.57386, 44.44928, 82.46562499999999], [-0.57368, 44.44948, 82.46562499999999], [-0.57347, 44.44958, 82.46562499999999], [-0.57323, 44.44961, 82.46562499999999], [-0.57299, 44.44958, 82.46562499999999], [-0.57273, 44.44946, 82.46562499999999], [-0.57255, 44.44929, 82.46562499999999]]]}}, {"type": "Feature", "properties": {"id_obligation": "335360000B0028", "priorite": "moyenne"}, "geometry": {"type": "Polygon", "coordinates": [[[-0.5791, 44.4456, 79.71428571428574], [-0.5793, 44.44582, 80.3783954961295], [-0.57927, 44.4462, 80.3783954961295], [-0.57913, 44.4464, 80.3783954961295], [-0.57887, 44.44652, 80.3783954961295], [-0.57857, 44.44654, 80.3], [-0.57827, 44.44649, 80.3], [-0.57778, 44.4463, 80.4], [-0.57772, 44.44626, 80.5], [-0.57757, 44.446, 80.73448275862069], [-0.57761, 44.44574, 80.6], [-0.57773, 44.44559, 80.6], [-0.57791, 44.44548, 80.6], [-0.57814, 44.44542, 79.30000000000001], [-0.57877, 44.44549, 79.71428571428574], [-0.5791, 44.4456, 79.71428571428574]], [[-0.57788, 44.44627, 80.5], [-0.57792, 44.44613, 80.5], [-0.57776, 44.44613, 80.5], [-0.57772, 44.44626, 80.5], [-0.57788, 44.44627, 80.5]]]}}, {"type": "Feature", "properties": {"id_obligation": "335360000B0031", "priorite": "moyenne"}, "geometry": {"type": "Polygon", "coordinates": [[[-0.57712, 44.44732, 82.0], [-0.57695, 44.44715, 82.0], [-0.57697, 44.44707, 82.0], [-0.57691, 44.44706, 82.0], [-0.5769, 44.44696, 82.0], [-0.57699, 44.44674, 82.4], [-0.57712, 44.44676, 82.4], [-0.57715, 44.44662, 82.5], [-0.5771, 44.44662, 82.4], [-0.57743, 44.44647, 82.42371428571428], [-0.57767, 44.44646, 82.42371428571428], [-0.57802, 44.44654, 82.42371428571428], [-0.5782, 44.44666, 82.42371428571428], [-0.57831, 44.44682, 82.42371428571428], [-0.57832, 44.447, 82.42371428571428], [-0.57821, 44.44723, 82.42371428571428], [-0.57805, 44.44736, 82.42371428571428], [-0.57783, 44.44744, 82.42371428571428], [-0.57733, 44.44741, 83.24999999999999], [-0.57712, 44.44732, 82.0]]]}}, {"type": "Feature", "properties": {"id_obligation": "335360000B0032", "priorite": "moyenne"}, "geometry": {"type": "Polygon", "coordinates": [[[-0.57739, 44.44782, 83.10000000000001], [-0.57711, 44.44776, 83.6], [-0.57692, 44.44766, 83.6], [-0.57678, 44.44752, 83.6], [-0.57674, 44.44735, 82.99999999999999], [-0.57677, 44.44722, 82.0], [-0.57689, 44.44723, 82.0], [-0.57697, 44.44707, 82.0], [-0.57684, 44.44705, 82.0], [-0.57716, 44.44684, 82.0], [-0.5774, 44.4468, 82.43999999999998], [-0.57783, 44.44685, 82.89111111111112], [-0.57807, 44.44693, 82.89111111111112], [-0.57827, 44.44709, 82.89111111111112], [-0.57833, 44.4473, 82.89111111111112], [-0.57824, 44.44755, 82.89111111111112], [-0.57804, 44.4477, 82.89111111111112], [-0.57774, 44.44779, 83.10000000000001], [-0.57739, 44.44782, 83.10000000000001]]]}}, {"type": "Feature", "properties": {"id_obligation": "335360000B0044", "priorite": "moyenne"}, "geometry": {"type": "Polygon", "coordinates": [[[-0.5794, 44.44935, 86.03271244338524], [-0.5794, 44.44939, 86.0], [-0.57948, 44.44939, 86.1], [-0.57951, 44.44929, 86.1], [-0.57968, 44.44923, 85.86874999999998], [-0.57982, 44.44921, 85.8], [-0.57972, 44.44923, 85.9], [-0.57974, 44.44931, 86.2], [-0.5799, 44.44932, 86.3], [-0.57989, 44.44921, 85.7], [-0.58, 44.44922, 85.1], [-0.57998, 44.4493, 85.1], [-0.58019, 44.44933, 85.1], [-0.58022, 44.44925, 85.1], [-0.58027, 44.44927, 84.87692307692306], [-0.58046, 44.44938, 84.87692307692306], [-0.58058, 44.44954, 84.9], [-0.5806, 44.44971, 84.9], [-0.58052, 44.44998, 85.85452406968031], [-0.58037, 44.45011, 85.85452406968031], [-0.58016, 44.4502, 85.85452406968031], [-0.5798, 44.45021, 85.80178283321919], [-0.57989, 44.45019, 86.0], [-0.5799, 44.4501, 86.0], [-0.57972, 44.4501, 86.6], [-0.57971, 44.4502, 85.6], [-0.57958, 44.45017, 86.5], [-0.57938, 44.45007, 86.5], [-0.57926, 44.44992, 86.5], [-0.57922, 44.44975, 86.34], [-0.57927, 44.44951, 86.17142857142856], [-0.5794, 44.44935, 86.03271244338524]]]}}, {"type": "Feature", "properties": {"id_obligation": "335360000B0049", "priorite": "moyenne"}, "geometry": {"type": "Polygon", "coordinates": [[[-0.57836, 44.44941, 86.55658619158619], [-0.57845, 44.44962, 85.54615384615387], [-0.57835, 44.44991, 87.25], [-0.5783, 44.44997, 87.5], [-0.57822, 44.44996, 87.5], [-0.5782, 44.45006, 87.5], [-0.57793, 44.45016, 87.25], [-0.57768, 44.45016, 86.1722222222222], [-0.57723, 44.45005, 86.55658619158619], [-0.57704, 44.44994, 86.55658619158619], [-0.57692, 44.44978, 86.28], [-0.57689, 44.4496, 86.28], [-0.57704, 44.44945, 86.8], [-0.57697, 44.4494, 86.8], [-0.57706, 44.44929, 87.0], [-0.57703, 44.44935, 87.0], [-0.57715, 44.44937, 87.0], [-0.57721, 44.44923, 87.0], [-0.57714, 44.44922, 87.0], [-0.57735, 44.44913, 87.8], [-0.57759, 44.4491, 87.8], [-0.57789, 44.44915, 86.55658619158619], [-0.57815, 44.44926, 86.55658619158619], [-0.57836, 44.44941, 86.55658619158619]]]}}, {"type": "Feature", "properties": {"id_obligation": "335360000B0050", "priorite": "moyenne"}, "geometry": {"type": "Polygon", "coordinates": [[[-0.57803, 44.44951, 85.76666666666668], [-0.578, 44.44968, 85.99999999999997], [-0.57786, 44.44988, 85.99999999999997], [-0.57763, 44.45002, 85.99999999999997], [-0.5774, 44.45007, 86.3], [-0.57707, 44.45003, 87.75384615384615], [-0.57677, 44.44991, 87.4], [-0.57684, 44.44979, 87.4], [-0.57676, 44.44983, 87.4], [-0.57665, 44.4498, 87.75384615384615], [-0.57657, 44.44963, 87.70000000000002], [-0.5766, 44.44945, 87.70000000000002], [-0.57675, 44.44921, 87.7], [-0.57698, 44.44907, 87.7], [-0.57727, 44.44902, 87.48888888888888], [-0.57754, 44.44906, 86.8930502136752], [-0.57776, 44.44914, 86.8930502136752], [-0.57795, 44.4493, 85.76666666666668], [-0.57803, 44.44951, 85.76666666666668]]]}}, {"type": "Feature", "properties": {"id_obligation": "335360000B0052", "priorite": "moyenne"}, "geometry": {"type": "Polygon", "coordinates": [[[-0.57747, 44.44938, 86.2], [-0.57762, 44.44924, 86.2], [-0.57784, 44.44916, 86.22694444444446], [-0.57809, 44.44914, 86.22694444444446], [-0.57839, 44.4492, 86.22694444444446], [-0.57858, 44.44931, 86.22694444444446], [-0.57871, 44.44953, 85.5], [-0.57858, 44.44951, 85.5], [-0.57855, 44.44962, 85.5], [-0.57872, 44.44964, 85.41111111111111], [-0.57865, 44.44985, 87.5], [-0.57852, 44.44999, 87.5], [-0.57829, 44.45009, 87.5], [-0.57833, 44.44998, 87.5], [-0.57822, 44.44996, 87.5], [-0.57819, 44.45008, 87.5], [-0.57828, 44.4501, 87.5], [-0.57801, 44.45012, 86.4625], [-0.57787, 44.4501, 86.41165853460575], [-0.57792, 44.45001, 86.0], [-0.57787, 44.44998, 86.0], [-0.57777, 44.45, 86.6], [-0.57776, 44.45008, 86.2142038449725], [-0.57752, 44.44995, 86.23333333333333], [-0.57747, 44.4499, 86.3], [-0.5776, 44.44992, 86.3], [-0.57766, 44.44981, 86.3], [-0.57751, 44.44977, 86.3], [-0.57746, 44.44988, 86.3], [-0.57739, 44.44975, 85.96499999999997], [-0.57747, 44.44938, 86.2]]]}}, {"type": "Feature", "properties": {"id_obligation": "335360000B0056", "priorite": "moyenne"}, "geometry": {"type": "Polygon", "coordinates": [[[-0.57856, 44.44878, 87.21883116883117], [-0.57843, 44.449, 87.21883116883117], [-0.5782, 44.44914, 87.21883116883117], [-0.57796, 44.44919, 87.21883116883117], [-0.57722, 44.44911, 90.8818181818182], [-0.57692, 44.44903, 87.7], [-0.57669, 44.4489, 87.7], [-0.57656, 44.44868, 85.9], [-0.57663, 44.44859, 86.1], [-0.57656, 44.44858, 86.1], [-0.57659, 44.44849, 85.9857142857143], [-0.57675, 44.44823, 87.21883116883117], [-0.57692, 44.4481, 87.21883116883117], [-0.57721, 44.44803, 87.3], [-0.57824, 44.44819, 87.21883116883117], [-0.57845, 44.44835, 87.21883116883117], [-0.57855, 44.44857, 85.0], [-0.57856, 44.44878, 87.21883116883117]]]}}, {"type": "Feature", "properties": {"id_obligation": "335360000B0057", "priorite": "moyenne"}, "geometry": {"type": "Polygon", "coordinates": [[[-0.57742, 44.44827, 86.51500000000001], [-0.57778, 44.44831, 84.6], [-0.578, 44.44839, 84.6], [-0.57818, 44.44857, 84.6], [-0.57822, 44.44878, 85.0], [-0.57814, 44.44907, 86.89500000000001], [-0.57797, 44.44924, 86.89500000000001], [-0.57776, 44.44934, 86.89500000000001], [-0.57745, 44.44938, 87.66666666666667], [-0.57717, 44.44932, 87.0], [-0.57721, 44.44923, 87.0], [-0.57709, 44.44921, 87.0], [-0.57706, 44.44928, 87.0], [-0.57701, 44.44926, 87.23333333333333], [-0.57671, 44.44904, 87.23333333333333], [-0.57666, 44.44883, 87.7], [-0.57674, 44.44862, 86.89500000000001], [-0.57687, 44.44848, 86.89500000000001], [-0.57712, 44.44834, 86.89500000000001], [-0.57742, 44.44827, 86.51500000000001]]]}}, {"type": "Feature", "properties": {"id_obligation": "335360000B0058", "priorite": "moyenne"}, "geometry": {"type": "Polygon", "coordinates": [[[-0.57651, 44.44931, 86.8], [-0.57639, 44.4491, 89.2], [-0.57638, 44.44901, 89.2], [-0.57641, 44.44889, 89.2], [-0.5765, 44.44894, 89.2], [-0.57654, 44.44884, 89.2], [-0.57643, 44.44884, 89.2], [-0.57653, 44.44868, 85.9], [-0.57658, 44.44869, 85.9], [-0.57662, 44.44859, 86.1], [-0.57674, 44.44852, 88.18636363636367], [-0.57698, 44.44847, 87.7], [-0.57727, 44.44849, 87.7], [-0.57719, 44.44863, 87.7], [-0.57737, 44.44868, 87.7], [-0.57747, 44.44854, 87.7], [-0.5776, 44.44859, 84.6], [-0.57776, 44.44872, 86.92857142857144], [-0.57783, 44.44889, 90.44444444444444], [-0.57781, 44.44906, 90.44444444444444], [-0.57767, 44.4493, 87.0], [-0.5775, 44.44943, 87.0], [-0.57725, 44.4495, 86.2], [-0.57699, 44.44949, 86.49498254832314], [-0.57704, 44.44945, 86.8], [-0.57695, 44.44938, 86.8], [-0.57685, 44.44946, 86.8], [-0.57651, 44.44931, 86.8]]]}}, {"type": "Feature", "properties": {"id_obligation": "335360000B0060", "priorite": "moyenne"}, "geometry": {"type": "Polygon", "coordinates": [[[-0.57808, 44.44902, 89.25000000000001], [-0.57817, 44.44923, 87.8], [-0.57806, 44.44953, 85.91538461538458], [-0.57787, 44.4497, 85.91538461538458], [-0.57765, 44.44978, 85.91538461538458], [-0.57711, 44.44982, 86.23333333333335], [-0.57681, 44.44977, 89.7], [-0.57687, 44.44964, 89.7], [-0.57672, 44.44961, 89.7], [-0.57667, 44.44971, 89.7], [-0.57653, 44.44962, 88.75714285714287], [-0.57642, 44.44945, 89.39999999999999], [-0.57641, 44.44936, 89.4], [-0.57645, 44.44936, 89.4], [-0.57647, 44.44929, 89.4], [-0.57641, 44.44927, 89.39999999999999], [-0.57653, 44.44901, 87.9769826007326], [-0.57672, 44.44884, 87.9769826007326], [-0.57712, 44.44876, 89.34000000000002], [-0.57759, 44.44878, 86.0], [-0.57788, 44.44887, 89.25000000000001], [-0.57808, 44.44902, 89.25000000000001]]]}}, {"type": "Feature", "properties": {"id_obligation": "335360000B0061", "priorite": "faible"}, "geometry": {"type": "MultiPolygon", "coordinates": [[[[-0.57629, 44.44983, 88.9], [-0.57613, 44.44966, 88.9], [-0.57607, 44.44969, 88.9], [-0.5762, 44.44982, 88.5], [-0.57613, 44.44981, 88.8], [-0.57591, 44.44974, 88.9], [-0.57573, 44.44961, 88.9], [-0.57564, 44.4494, 86.17058823529413], [-0.57567, 44.44917, 86.17058823529413], [-0.57578, 44.44901, 85.18333333333334], [-0.57599, 44.44888, 84.8], [-0.5762, 44.44883, 88.5], [-0.5765, 44.44894, 89.2], [-0.57654, 44.44884, 89.2], [-0.57663, 44.44886, 87.65429971988794], [-0.57685, 44.44894, 87.65429971988794], [-0.57702, 44.44907, 87.65429971988794], [-0.57709, 44.44921, 87.0], [-0.57703, 44.44935, 87.0], [-0.57709, 44.44936, 87.0], [-0.57706, 44.44949, 86.93999999999998], [-0.57683, 44.44972, 89.7], [-0.57687, 44.44964, 89.7], [-0.57672, 44.44961, 89.7], [-0.57666, 44.44974, 89.7], [-0.57675, 44.44976, 89.7], [-0.57629, 44.44983, 88.9]]], [[[-0.57644, 44.44884, 89.2], [-0.57641, 44.44883, 89.2], [-0.57644, 44.44883, 89.2], [-0.57644, 44.44884, 89.2]]]]}}, {"type": "Feature", "properties": {"id_obligation": "335360000B0064", "priorite": "faible"}, "geometry": {"type": "Polygon", "coordinates": [[[-0.57581, 44.4489, 85.8], [-0.57586, 44.44882, 85.8], [-0.57577, 44.44879, 85.8], [-0.57575, 44.44883, 85.8], [-0.57568, 44.44866, 87.15], [-0.57575, 44.44839, 87.05981292517008], [-0.57591, 44.44821, 87.05981292517008], [-0.57612, 44.44811, 87.05981292517008], [-0.57642, 44.44808, 84.37619047619049], [-0.57688, 44.44818, 87.05981292517008], [-0.57708, 44.44828, 87.05981292517008], [-0.57723, 44.44847, 87.70000000000002], [-0.57719, 44.44863, 87.7], [-0.57725, 44.44864, 87.7], [-0.57715, 44.44888, 87.7], [-0.57712, 44.44892, 87.7], [-0.57706, 44.44891, 87.7], [-0.57701, 44.44902, 87.7], [-0.57681, 44.44911, 89.13000000000002], [-0.57657, 44.44914, 89.13000000000002], [-0.576, 44.44902, 85.65624999999997], [-0.57581, 44.4489, 85.8]]]}}, {"type": "Feature", "properties": {"id_obligation": "335360000B0065", "priorite": "moyenne"}, "geometry": {"type": "Polygon", "coordinates": [[[-0.57718, 44.44856, 85.819765037594], [-0.57705, 44.44871, 85.819765037594], [-0.57686, 44.44881, 85.819765037594], [-0.57662, 44.44886, 88.21578947368424], [-0.57637, 44.44882, 89.2], [-0.57639, 44.44875, 89.2], [-0.57634, 44.44876, 89.2], [-0.57631, 44.44872, 89.2], [-0.57626, 44.44874, 89.2], [-0.57628, 44.4488, 88.5], [-0.57609, 44.44876, 88.9], [-0.57589, 44.4486, 88.9], [-0.57582, 44.44844, 85.819765037594], [-0.57586, 44.44819, 82.22857142857143], [-0.57597, 44.44804, 82.22857142857143], [-0.57617, 44.4479, 82.22857142857143], [-0.57644, 44.44784, 85.8], [-0.5764, 44.4479, 85.8], [-0.57656, 44.44795, 85.8], [-0.57662, 44.44787, 85.8], [-0.57653, 44.44784, 85.8], [-0.57679, 44.44787, 85.819765037594], [-0.577, 44.44796, 85.819765037594], [-0.57715, 44.44811, 85.819765037594], [-0.57722, 44.44833, 85.819765037594], [-0.57718, 44.44856, 85.819765037594]]]}}, {"type": "Feature", "properties": {"id_obligation": "335360000B0068", "priorite": "moyenne"}, "geometry": {"type": "MultiPolygon", "coordinates": [[[[-0.57682, 44.44744, 83.8], [-0.5768, 44.44748, 83.8], [-0.57694, 44.44748, 83.8], [-0.57712, 44.4476, 83.8], [-0.57725, 44.44782, 84.5], [-0.5772, 44.44781, 84.5], [-0.57715, 44.44792, 84.5], [-0.57725, 44.44791, 84.5], [-0.57724, 44.44796, 84.5], [-0.57712, 44.44816, 83.93013605442177], [-0.57696, 44.4483, 83.93013605442177], [-0.57658, 44.4484, 85.02422085759292], [-0.5766, 44.4483, 85.2], [-0.5765, 44.44829, 85.0], [-0.57644, 44.44839, 84.43000000000004], [-0.5761, 44.4483, 83.2], [-0.57591, 44.44818, 83.2], [-0.57578, 44.44798, 83.0642857142857], [-0.57579, 44.4478, 83.0642857142857], [-0.57593, 44.44757, 83.93013605442177], [-0.57611, 44.44745, 83.93013605442177], [-0.5764, 44.44739, 82.71666666666667], [-0.57656, 44.44739, 82.5], [-0.57655, 44.44742, 82.5], [-0.57662, 44.44744, 82.5], [-0.57664, 44.4474, 82.5], [-0.57682, 44.44744, 83.8]]]]}}, {"type": "Feature", "properties": {"id_obligation": "335360000B0069", "priorite": "moyenne"}, "geometry": {"type": "Polygon", "coordinates": [[[-0.57702, 44.44791, 84.65104166666667], [-0.57713, 44.44811, 84.65104166666667], [-0.57709, 44.44834, 84.65104166666667], [-0.57694, 44.44853, 84.65104166666667], [-0.57659, 44.44867, 85.9743693148107], [-0.57663, 44.44859, 86.1], [-0.57635, 44.44853, 86.6], [-0.57631, 44.44863, 86.6], [-0.57652, 44.44867, 85.9], [-0.57645, 44.44868, 85.84166666666665], [-0.57608, 44.4486, 84.65104166666667], [-0.57587, 44.44851, 84.65104166666667], [-0.57572, 44.44836, 84.65104166666667], [-0.57567, 44.44819, 84.65104166666667], [-0.57572, 44.44799, 83.0], [-0.57583, 44.44783, 83.0], [-0.57603, 44.44772, 83.0], [-0.57626, 44.44767, 85.56249999999999], [-0.57679, 44.44777, 84.65104166666667], [-0.57702, 44.44791, 84.65104166666667]]]}}, {"type": "Feature", "properties": {"id_obligation": "335360000B0070", "priorite": "faible"}, "geometry": {"type": "Polygon", "coordinates": [[[-0.57596, 44.4494, 86.13888888888887], [-0.57566, 44.44943, 86.13888888888887], [-0.57532, 44.44934, 84.65122946991985], [-0.57545, 44.44923, 85.4], [-0.57536, 44.44917, 85.4], [-0.5752, 44.44927, 84.3], [-0.5751, 44.44919, 85.39374999999998], [-0.57501, 44.44902, 84.3], [-0.57504, 44.4488, 84.3], [-0.57518, 44.44859, 84.18333333333334], [-0.57545, 44.44841, 84.18333333333334], [-0.57568, 44.44835, 84.89999999999999], [-0.57592, 44.44836, 84.89999999999999], [-0.57635, 44.44854, 86.6], [-0.57631, 44.44863, 86.6], [-0.57645, 44.44866, 86.52203794767034], [-0.57649, 44.44883, 89.2], [-0.57637, 44.44882, 89.2], [-0.57639, 44.44875, 89.2], [-0.57634, 44.44876, 89.2], [-0.57631, 44.44872, 89.2], [-0.57626, 44.44874, 89.2], [-0.57628, 44.4488, 88.5], [-0.57622, 44.44879, 88.5], [-0.57619, 44.44884, 88.5], [-0.57647, 44.44893, 89.2], [-0.57622, 44.44927, 86.65454545454544], [-0.57596, 44.4494, 86.13888888888887]]]}}, {"type": "Feature", "properties": {"id_obligation": "335360000B0090", "priorite": "moyenne"}, "geometry": {"type": "Polygon", "coordinates": [[[-0.57742, 44.44707, 83.83284632034632], [-0.57758, 44.4473, 83.23124999999999], [-0.57756, 44.44749, 82.6], [-0.57747, 44.44747, 82.6], [-0.57745, 44.44753, 82.6], [-0.57754, 44.44755, 82.6], [-0.57752, 44.44761, 84.33125], [-0.57737, 44.4478, 84.33125], [-0.57728, 44.44786, 84.5], [-0.5772, 44.44781, 84.5], [-0.57715, 44.44791, 84.5], [-0.57686, 44.44795, 85.8], [-0.5766, 44.4479, 85.8], [-0.57662, 44.44787, 85.8], [-0.57645, 44.44781, 85.8], [-0.57642, 44.44787, 85.8], [-0.57637, 44.44786, 85.8], [-0.5761, 44.44774, 85.8], [-0.57597, 44.4476, 83.83284632034632], [-0.57592, 44.44739, 83.83284632034632], [-0.57604, 44.44712, 82.6], [-0.57618, 44.44696, 82.6], [-0.57639, 44.44686, 82.6], [-0.57663, 44.44683, 82.10909090909091], [-0.57717, 44.44694, 83.83284632034632], [-0.57742, 44.44707, 83.83284632034632]]]}}, {"type": "Feature", "properties": {"id_obligation": "335360000B0092", "priorite": "moyenne"}, "geometry": {"type": "Polygon", "coordinates": [[[-0.5777, 44.44693, 82.5], [-0.57756, 44.44691, 82.3], [-0.57753, 44.447, 82.5], [-0.57765, 44.447, 82.5], [-0.57736, 44.44717, 82.43999999999998], [-0.57713, 44.44721, 82.0], [-0.57707, 44.4472, 82.0], [-0.57701, 44.4472, 82.0], [-0.57692, 44.44719, 82.0], [-0.57697, 44.44707, 82.0], [-0.57678, 44.44703, 82.0], [-0.57679, 44.44717, 82.0], [-0.57673, 44.44715, 82.34285714285714], [-0.5764, 44.44694, 82.6], [-0.57657, 44.44697, 82.6], [-0.5766, 44.4469, 82.6], [-0.57641, 44.44686, 82.6], [-0.57639, 44.44694, 82.6], [-0.57629, 44.44682, 82.6], [-0.57624, 44.44664, 82.6], [-0.57631, 44.44642, 82.2197619047619], [-0.57649, 44.44625, 82.2197619047619], [-0.5767, 44.44616, 82.2197619047619], [-0.57694, 44.44615, 81.68571428571428], [-0.57737, 44.4462, 82.2197619047619], [-0.57762, 44.44632, 82.2197619047619], [-0.57774, 44.44647, 82.2197619047619], [-0.5777, 44.44693, 82.5]]]}}, {"type": "Feature", "properties": {"id_obligation": "335360000B0093", "priorite": "moyenne"}, "geometry": {"type": "Polygon", "coordinates": [[[-0.57673, 44.44577, 80.57857142857142], [-0.57704, 44.44564, 82.0153846153846], [-0.5771, 44.44563, 83.3], [-0.57723, 44.44563, 82.0153846153846], [-0.57745, 44.44565, 81.1], [-0.57743, 44.44572, 81.1], [-0.57752, 44.44572, 81.1], [-0.57753, 44.44566, 81.1], [-0.57783, 44.44577, 80.72916666666666], [-0.57795, 44.44589, 80.38621878465536], [-0.57784, 44.44595, 80.7], [-0.57799, 44.44595, 80.1], [-0.57801, 44.44599, 80.80000000000001], [-0.57802, 44.44622, 80.80000000000001], [-0.57766, 44.44673, 81.44105834641549], [-0.57746, 44.44683, 82.45], [-0.57722, 44.44687, 82.45], [-0.57685, 44.44682, 82.14999999999999], [-0.57664, 44.44673, 82.14999999999999], [-0.5765, 44.44659, 82.14999999999999], [-0.57645, 44.44641, 81.44105834641549], [-0.57657, 44.446, 80.57857142857142], [-0.57673, 44.44577, 80.57857142857142]], [[-0.57709, 44.44576, 83.3], [-0.57724, 44.44576, 83.3], [-0.57725, 44.44568, 83.3], [-0.5771, 44.44563, 83.3], [-0.57709, 44.44576, 83.3]]]}}, {"type": "Feature", "properties": {"id_obligation": "335360000B0094", "priorite": "moyenne"}, "geometry": {"type": "Polygon", "coordinates": [[[-0.57616, 44.44563, 80.7], [-0.57623, 44.44566, 80.7], [-0.57626, 44.4456, 80.7], [-0.5762, 44.44559, 80.7], [-0.57628, 44.44554, 80.7], [-0.57656, 44.44546, 80.67777777777775], [-0.5768, 44.44546, 80.67777777777775], [-0.57709, 44.44556, 83.3], [-0.57718, 44.44562, 83.3], [-0.57724, 44.44568, 83.3], [-0.5771, 44.44563, 83.3], [-0.57709, 44.44576, 83.3], [-0.57724, 44.44576, 83.3], [-0.57725, 44.44569, 83.3], [-0.57734, 44.44585, 80.82222222222221], [-0.5773, 44.44609, 81.3], [-0.57719, 44.44608, 81.3], [-0.57717, 44.44613, 81.3], [-0.57727, 44.44615, 81.3], [-0.5772, 44.44622, 81.54545454545453], [-0.57703, 44.44634, 81.54545454545453], [-0.5768, 44.4464, 81.24090909090908], [-0.57656, 44.4464, 81.24090909090908], [-0.57627, 44.44631, 81.24090909090908], [-0.57609, 44.44618, 81.24090909090908], [-0.57601, 44.44601, 81.24090909090908], [-0.57602, 44.44584, 81.24090909090908], [-0.57616, 44.44563, 80.7]]]}}, {"type": "Feature", "properties": {"id_obligation": "335360000B0095", "priorite": "moyenne"}, "geometry": {"type": "Polygon", "coordinates": [[[-0.57784, 44.44604, 80.6], [-0.57767, 44.4463, 80.80000000000001], [-0.57734, 44.44648, 81.43846153846152], [-0.5771, 44.4465, 81.43846153846152], [-0.57676, 44.44643, 81.04292195975378], [-0.57656, 44.44632, 81.04292195975378], [-0.57644, 44.44616, 81.04292195975378], [-0.57642, 44.44599, 80.57857142857142], [-0.57651, 44.44548, 81.39999999999999], [-0.57668, 44.4453, 81.39999999999999], [-0.57694, 44.4452, 80.41764705882352], [-0.5774, 44.44521, 80.41764705882352], [-0.57771, 44.44537, 81.1], [-0.57786, 44.44556, 81.1], [-0.57784, 44.44604, 80.6]]]}}, {"type": "Feature", "properties": {"id_obligation": "335360000B0097", "priorite": "moyenne"}, "geometry": {"type": "Polygon", "coordinates": [[[-0.57679, 44.44587, 80.59230769230768], [-0.57648, 44.44607, 80.64], [-0.57606, 44.4461, 80.64], [-0.57581, 44.44603, 80.74945027195027], [-0.57564, 44.44591, 80.74945027195027], [-0.57543, 44.44567, 80.74945027195027], [-0.57539, 44.44545, 80.74945027195027], [-0.57551, 44.4452, 80.74945027195027], [-0.57567, 44.44507, 80.74945027195027], [-0.57577, 44.44481, 80.74945027195027], [-0.57594, 44.44467, 80.74945027195027], [-0.57616, 44.44459, 80.34999999999998], [-0.57641, 44.44458, 80.34999999999998], [-0.57641, 44.44471, 79.7], [-0.57649, 44.44472, 79.7], [-0.5765, 44.4446, 79.7], [-0.5768, 44.44468, 81.17500000000001], [-0.57698, 44.4448, 81.17500000000001], [-0.5771, 44.4451, 80.97272727272728], [-0.57704, 44.44526, 81.1], [-0.57695, 44.44524, 81.1], [-0.57692, 44.44535, 81.2], [-0.57699, 44.44537, 81.2], [-0.57686, 44.44548, 80.97272727272728], [-0.57679, 44.44587, 80.59230769230768]]]}}, {"type": "Feature", "properties": {"id_obligation": "335360000B0098", "priorite": "moyenne"}, "geometry": {"type": "Polygon", "coordinates": [[[-0.57663, 44.44454, 79.7], [-0.5768, 44.44472, 79.7], [-0.57685, 44.44484, 81.5], [-0.57676, 44.44486, 81.5], [-0.57675, 44.44497, 81.5], [-0.57684, 44.44498, 81.5], [-0.57678, 44.44513, 81.39999999999999], [-0.57664, 44.44528, 81.4], [-0.57653, 44.44523, 81.4], [-0.57637, 44.44539, 80.86666666666666], [-0.57612, 44.44541, 80.86666666666666], [-0.57584, 44.44535, 80.71277777777777], [-0.5756, 44.44522, 80.71277777777777], [-0.57549, 44.44506, 80.71277777777777], [-0.57547, 44.44488, 80.71277777777777], [-0.57555, 44.44468, 80.71277777777777], [-0.57569, 44.44454, 80.71277777777777], [-0.5759, 44.44444, 80.71277777777777], [-0.57615, 44.44442, 80.3], [-0.57643, 44.44446, 79.7], [-0.57663, 44.44454, 79.7]]]}}, {"type": "Feature", "properties": {"id_obligation": "335360000B0100", "priorite": "moyenne"}, "geometry": {"type": "Polygon", "coordinates": [[[-0.57692, 44.44525, 80.565], [-0.57674, 44.44507, 80.565], [-0.5767, 44.44478, 81.17500000000001], [-0.57675, 44.44461, 80.16228571428572], [-0.57694, 44.44443, 80.16228571428572], [-0.57717, 44.44435, 78.60000000000001], [-0.57726, 44.44434, 78.6], [-0.57722, 44.44435, 78.6], [-0.57728, 44.44443, 78.6], [-0.57741, 44.44441, 78.6], [-0.57739, 44.44434, 78.6], [-0.57784, 44.44439, 80.16228571428572], [-0.57803, 44.44449, 80.16228571428572], [-0.57818, 44.44469, 80.16228571428572], [-0.57818, 44.44493, 80.16228571428572], [-0.57811, 44.44511, 80.16228571428572], [-0.57795, 44.44525, 80.16228571428572], [-0.57779, 44.44532, 80.16228571428572], [-0.57719, 44.44534, 80.565], [-0.57692, 44.44525, 80.565]]]}}, {"type": "Feature", "properties": {"id_obligation": "335360000B0188", "priorite": "très forte"}, "geometry": {"type": "Polygon", "coordinates": [[[-0.59941, 44.44545, 78.33333333333333], [-0.59971, 44.44551, 78.33333333333333], [-0.59996, 44.44569, 78.33333333333333], [-0.60008, 44.44589, 78.33333333333333], [-0.60005, 44.44611, 78.33333333333333], [-0.59992, 44.44626, 78.33333333333333], [-0.59959, 44.44645, 78.33333333333333], [-0.59936, 44.44651, 78.33333333333333], [-0.59912, 44.4465, 78.33333333333333], [-0.5989, 44.44643, 78.33333333333333], [-0.59868, 44.44625, 78.33333333333333], [-0.59859, 44.44609, 78.7], [-0.5986, 44.44591, 78.7], [-0.59869, 44.44575, 78.7], [-0.59911, 44.4455, 78.33333333333333], [-0.59941, 44.44545, 78.33333333333333]]]}}, {"type": "Feature", "properties": {"id_obligation": "335360000B0189", "priorite": "très forte"}, "geometry": {"type": "Polygon", "coordinates": [[[-0.59828, 44.44545, 77.96666666666667], [-0.59851, 44.44532, 77.96666666666667], [-0.5988, 44.44527, 77.96666666666667], [-0.59917, 44.44531, 77.96666666666667], [-0.59937, 44.44541, 77.96666666666667], [-0.59952, 44.44559, 77.96666666666667], [-0.59955, 44.44576, 77.6], [-0.59949, 44.44606, 77.6], [-0.59931, 44.44624, 77.6], [-0.59909, 44.44632, 77.96666666666667], [-0.59885, 44.44634, 77.96666666666667], [-0.59854, 44.4463, 77.96666666666667], [-0.59834, 44.44621, 77.96666666666667], [-0.5982, 44.44607, 77.96666666666667], [-0.59815, 44.4459, 77.96666666666667], [-0.59816, 44.44565, 77.96666666666667], [-0.59828, 44.44545, 77.96666666666667]]]}}, {"type": "Feature", "properties": {"id_obligation": "335360000B0198", "priorite": "très forte"}, "geometry": {"type": "Polygon", "coordinates": [[[-0.60537, 44.445, 73.06666666666666], [-0.60511, 44.44489, 73.06666666666666], [-0.60496, 44.44475, 73.06666666666666], [-0.60489, 44.44452, 73.06666666666666], [-0.60492, 44.44435, 73.06666666666666], [-0.60509, 44.44417, 73.06666666666666], [-0.60558, 44.44403, 73.06666666666666], [-0.60582, 44.44405, 73.06666666666666], [-0.60607, 44.44416, 73.06666666666666], [-0.6062, 44.44431, 73.06666666666666], [-0.60627, 44.4445, 73.06666666666666], [-0.60625, 44.44467, 73.06666666666666], [-0.60613, 44.44483, 73.06666666666666], [-0.60595, 44.44494, 73.06666666666666], [-0.60567, 44.445, 73.06666666666666], [-0.60537, 44.445, 73.06666666666666]]]}}, {"type": "Feature", "properties": {"id_obligation": "335360000B0214", "priorite": "très forte"}, "geometry": {"type": "Polygon", "coordinates": [[[-0.5842, 44.44715, 79.9], [-0.58394, 44.44705, 79.9], [-0.58379, 44.44691, 79.9], [-0.5837, 44.44669, 79.9], [-0.58375, 44.44647, 79.9], [-0.58388, 44.44633, 79.9], [-0.58408, 44.44624, 79.9], [-0.58437, 44.44618, 79.9], [-0.58461, 44.4462, 79.9], [-0.58487, 44.4463, 79.9], [-0.58501, 44.44645, 79.9], [-0.58508, 44.44664, 79.9], [-0.58507, 44.44681, 79.9], [-0.58496, 44.44697, 79.9], [-0.58477, 44.44708, 79.9], [-0.5845, 44.44715, 79.9], [-0.5842, 44.44715, 79.9]]]}}, {"type": "Feature", "properties": {"id_obligation": "335360000B0221", "priorite": "moyenne"}, "geometry": {"type": "Polygon", "coordinates": [[[-0.57948, 44.44548, 81.08253968253968], [-0.57949, 44.44565, 81.08253968253968], [-0.57942, 44.44587, 81.08253968253968], [-0.57924, 44.44604, 81.08253968253968], [-0.57903, 44.44612, 82.5], [-0.57879, 44.44613, 82.5], [-0.57848, 44.44609, 81.21428571428571], [-0.57824, 44.44597, 80.7], [-0.57837, 44.44598, 80.7], [-0.57839, 44.44589, 80.7], [-0.57821, 44.44587, 80.7], [-0.5782, 44.44592, 81.21428571428571], [-0.57807, 44.44556, 81.08253968253968], [-0.57814, 44.44535, 81.08253968253968], [-0.57828, 44.44521, 81.08253968253968], [-0.57854, 44.4451, 81.08253968253968], [-0.57888, 44.44509, 81.08253968253968], [-0.57911, 44.44515, 81.08253968253968], [-0.57934, 44.44529, 81.08253968253968], [-0.57948, 44.44548, 81.08253968253968]]]}}, {"type": "Feature", "properties": {"id_obligation": "335360000B0232", "priorite": "forte"}, "geometry": {"type": "Polygon", "coordinates": [[[-0.58099, 44.44619, 79.60624999999999], [-0.58075, 44.44632, 79.60624999999999], [-0.58041, 44.44636, 79.60624999999999], [-0.58017, 44.44632, 79.60624999999999], [-0.57976, 44.44613, 79.60624999999999], [-0.57956, 44.44596, 79.60624999999999], [-0.57949, 44.44574, 79.60624999999999], [-0.57955, 44.44547, 79.60624999999999], [-0.57969, 44.44533, 79.60624999999999], [-0.5799, 44.44523, 79.60624999999999], [-0.58025, 44.4452, 79.60624999999999], [-0.58049, 44.44524, 79.60624999999999], [-0.58071, 44.44534, 79.60624999999999], [-0.58104, 44.4456, 79.60624999999999], [-0.58113, 44.44576, 79.60624999999999], [-0.58112, 44.446, 79.60624999999999], [-0.58099, 44.44619, 79.60624999999999]]]}}, {"type": "Feature", "properties": {"id_obligation": "335360000B0246", "priorite": "forte"}, "geometry": {"type": "Polygon", "coordinates": [[[-0.58674, 44.44508, 76.60138888888889], [-0.58691, 44.44532, 75.7], [-0.58688, 44.44561, 75.7], [-0.58668, 44.44583, 76.60138888888889], [-0.58634, 44.44592, 76.60138888888889], [-0.58603, 44.44592, 76.35555555555555], [-0.5858, 44.44587, 76.35555555555555], [-0.58561, 44.44606, 76.35555555555555], [-0.58526, 44.44616, 76.60138888888889], [-0.5849, 44.44613, 76.60138888888889], [-0.5846, 44.44598, 76.60138888888889], [-0.58449, 44.44582, 76.60138888888889], [-0.58448, 44.44558, 78.1], [-0.58455, 44.44541, 78.1], [-0.58471, 44.44528, 76.60138888888889], [-0.58504, 44.44519, 76.60138888888889], [-0.58551, 44.44524, 76.60138888888889], [-0.58565, 44.44508, 76.60138888888889], [-0.58586, 44.44498, 76.60138888888889], [-0.58641, 44.44495, 76.60138888888889], [-0.58674, 44.44508, 76.60138888888889]]]}}, {"type": "Feature", "properties": {"id_obligation": "335360000B0249", "priorite": "forte"}, "geometry": {"type": "Polygon", "coordinates": [[[-0.58598, 44.44446, 76.3], [-0.5862, 44.44461, 76.3], [-0.58629, 44.44477, 76.3], [-0.5863, 44.44502, 76.3], [-0.5862, 44.44522, 76.3], [-0.58603, 44.44534, 76.3], [-0.5858, 44.44541, 76.3], [-0.58554, 44.44542, 76.3], [-0.5853, 44.44537, 76.3], [-0.58507, 44.44522, 76.3], [-0.58497, 44.44506, 76.3], [-0.58497, 44.44482, 76.3], [-0.58504, 44.44465, 76.3], [-0.5852, 44.44451, 76.3], [-0.58542, 44.44443, 76.3], [-0.58569, 44.44441, 76.3], [-0.58598, 44.44446, 76.3]]]}}, {"type": "Feature", "properties": {"id_obligation": "335360000B0456", "priorite": "très forte"}, "geometry": {"type": "Polygon", "coordinates": [[[-0.61267, 44.45033, 74.21238095238095], [-0.61254, 44.45049, 74.21238095238095], [-0.61234, 44.45059, 74.21238095238095], [-0.61209, 44.45063, 74.17999999999999], [-0.61175, 44.45061, 74.17999999999999], [-0.61138, 44.45052, 74.21238095238095], [-0.61117, 44.45037, 74.21238095238095], [-0.61108, 44.45015, 74.21238095238095], [-0.61117, 44.44986, 74.21238095238095], [-0.61136, 44.4497, 74.21238095238095], [-0.6115, 44.44947, 74.21238095238095], [-0.61169, 44.44935, 74.21238095238095], [-0.61198, 44.4493, 74.21238095238095], [-0.61242, 44.44937, 74.21238095238095], [-0.6127, 44.44953, 74.21238095238095], [-0.61281, 44.44978, 74.2], [-0.61267, 44.45033, 74.21238095238095]]]}}, {"type": "Feature", "properties": {"id_obligation": "335360000B0514", "priorite": "moyenne"}, "geometry": {"type": "Polygon", "coordinates": [[[-0.57733, 44.44553, 81.15714285714287], [-0.57739, 44.4457, 82.65555555555555], [-0.57734, 44.44591, 80.85], [-0.57722, 44.44606, 80.85], [-0.57702, 44.44616, 80.85], [-0.57679, 44.44621, 80.4], [-0.57644, 44.44618, 81.15505952380951], [-0.57623, 44.44609, 81.15505952380951], [-0.57608, 44.44596, 81.15505952380951], [-0.576, 44.44575, 80.7], [-0.57605, 44.44553, 81.4], [-0.57618, 44.44539, 81.4], [-0.57653, 44.44525, 81.4], [-0.57641, 44.44542, 81.4], [-0.5765, 44.44544, 81.4], [-0.57653, 44.44537, 81.4], [-0.5766, 44.44538, 81.4], [-0.57665, 44.44526, 81.4], [-0.57657, 44.44524, 81.4], [-0.57664, 44.44524, 81.39999999999999], [-0.57694, 44.44528, 81.13109225685372], [-0.57692, 44.44535, 81.2], [-0.5771, 44.44539, 81.2], [-0.57714, 44.44535, 81.15714285714287], [-0.57733, 44.44553, 81.15714285714287]]]}}, {"type": "Feature", "properties": {"id_obligation": "335360000B0529", "priorite": "moyenne"}, "geometry": {"type": "Polygon", "coordinates": [[[-0.57787, 44.44866, 84.8], [-0.57782, 44.44864, 84.8], [-0.57782, 44.44873, 85.56842105263158], [-0.57757, 44.44885, 91.2], [-0.57756, 44.4488, 91.2], [-0.57746, 44.44878, 91.2], [-0.57745, 44.44881, 91.2], [-0.57732, 44.44879, 91.2], [-0.57729, 44.44886, 91.2], [-0.57693, 44.4488, 86.27651249335462], [-0.57675, 44.44869, 86.27651249335462], [-0.57663, 44.44854, 86.27651249335462], [-0.57661, 44.44837, 86.27651249335462], [-0.5767, 44.44815, 86.27651249335462], [-0.57685, 44.44801, 86.27651249335462], [-0.57713, 44.44792, 84.5], [-0.57725, 44.44791, 84.5], [-0.57724, 44.44794, 84.5], [-0.57732, 44.44796, 84.5], [-0.57738, 44.44792, 84.5], [-0.57767, 44.44799, 86.27651249335462], [-0.57786, 44.44811, 86.27651249335462], [-0.57797, 44.44827, 84.6], [-0.57798, 44.44845, 84.6], [-0.57787, 44.44866, 84.8]]]}}, {"type": "Feature", "properties": {"id_obligation": "335360000B0531", "priorite": "faible"}, "geometry": {"type": "Polygon", "coordinates": [[[-0.57707, 44.45, 87.65555555555554], [-0.57677, 44.45001, 87.65555555555554], [-0.57641, 44.44992, 88.48888888888888], [-0.57618, 44.44971, 88.9], [-0.57613, 44.44954, 89.31666666666666], [-0.57618, 44.44937, 89.31666666666666], [-0.57646, 44.44909, 89.4], [-0.57665, 44.44899, 87.42], [-0.57705, 44.44894, 87.7], [-0.57701, 44.44903, 87.7], [-0.57714, 44.44906, 87.7], [-0.57719, 44.44897, 87.7], [-0.57759, 44.44922, 87.75], [-0.57767, 44.44939, 86.17777777777776], [-0.57765, 44.44957, 85.3], [-0.57757, 44.44955, 85.3], [-0.57752, 44.44964, 86.3], [-0.57759, 44.44966, 86.3], [-0.57734, 44.44989, 86.3], [-0.57707, 44.45, 87.65555555555554]]]}}, {"type": "Feature", "properties": {"id_obligation": "335360000B0538", "priorite": "faible"}, "geometry": {"type": "Polygon", "coordinates": [[[-0.57682, 44.44856, 85.49333333333333], [-0.57691, 44.44877, 88.90000000000002], [-0.57685, 44.449, 88.90000000000002], [-0.57669, 44.44918, 89.4], [-0.57649, 44.44928, 89.4], [-0.57628, 44.44927, 89.4], [-0.57621, 44.44933, 86.73076923076923], [-0.57597, 44.44937, 86.73076923076923], [-0.57568, 44.44932, 85.78], [-0.57541, 44.44919, 85.78], [-0.57528, 44.44904, 85.17499999999998], [-0.57525, 44.44887, 85.17499999999998], [-0.57534, 44.44865, 84.89999999999999], [-0.57549, 44.44851, 84.89999999999999], [-0.57552, 44.44849, 84.9], [-0.57545, 44.44859, 84.9], [-0.57556, 44.44863, 84.9], [-0.57563, 44.44854, 84.9], [-0.57556, 44.44847, 84.9], [-0.5757, 44.44842, 84.89999999999999], [-0.57619, 44.44834, 86.6], [-0.57661, 44.44841, 85.49333333333333], [-0.57682, 44.44856, 85.49333333333333]]]}}, {"type": "Feature", "properties": {"id_obligation": "335360000B0541", "priorite": "faible"}, "geometry": {"type": "Polygon", "coordinates": [[[-0.57707, 44.44859, 87.26058165690517], [-0.57717, 44.44888, 87.7], [-0.57716, 44.44893, 87.7], [-0.57706, 44.44891, 87.7], [-0.57701, 44.44903, 87.7], [-0.57711, 44.44905, 87.7], [-0.57695, 44.44926, 87.7], [-0.57668, 44.44937, 88.88888888888889], [-0.57644, 44.44939, 88.88888888888889], [-0.57641, 44.44936, 89.4], [-0.57645, 44.44936, 89.4], [-0.57647, 44.44929, 89.4], [-0.57628, 44.44927, 89.4], [-0.57627, 44.44936, 89.4], [-0.57608, 44.4493, 86.0], [-0.57613, 44.44931, 86.0], [-0.57612, 44.44918, 87.0], [-0.57601, 44.44915, 87.1], [-0.57598, 44.44924, 86.0], [-0.57602, 44.44928, 86.0], [-0.57576, 44.44914, 86.67647058823529], [-0.57564, 44.44895, 85.8], [-0.57573, 44.44898, 85.8], [-0.57586, 44.44882, 85.8], [-0.57577, 44.44879, 85.8], [-0.57564, 44.44894, 85.8], [-0.57564, 44.44868, 85.48749999999997], [-0.57576, 44.44847, 87.26058165690517], [-0.576, 44.44833, 87.26058165690517], [-0.57641, 44.44828, 85.56666666666665], [-0.57649, 44.44829, 85.0], [-0.57645, 44.44839, 85.0], [-0.57658, 44.44841, 85.0], [-0.57663, 44.44833, 85.56666666666665], [-0.57707, 44.44859, 87.26058165690517]]]}}, {"type": "Feature", "properties": {"id_obligation": "335360000B0568", "priorite": "très forte"}, "geometry": {"type": "Polygon", "coordinates": [[[-0.57487, 44.44, 76.6], [-0.57449, 44.44001, 76.6], [-0.57418, 44.43989, 76.6], [-0.57402, 44.43971, 76.6], [-0.57398, 44.43949, 76.6], [-0.57408, 44.43928, 76.6], [-0.57431, 44.43913, 76.6], [-0.57446, 44.43895, 76.6], [-0.57472, 44.43884, 76.6], [-0.57507, 44.43882, 76.6], [-0.57531, 44.43887, 76.6], [-0.5755, 44.43899, 76.6], [-0.57562, 44.43914, 76.6], [-0.57564, 44.43932, 76.6], [-0.57557, 44.43962, 76.6], [-0.57544, 44.43976, 76.6], [-0.57487, 44.44, 76.6]]]}}, {"type": "Feature", "properties": {"id_obligation": "335360000B0571", "priorite": "faible"}, "geometry": {"type": "Polygon", "coordinates": [[[-0.57623, 44.44867, 84.3938888888889], [-0.57608, 44.44889, 85.175], [-0.57591, 44.44901, 85.175], [-0.57569, 44.44907, 85.29999999999998], [-0.57539, 44.44907, 85.29999999999998], [-0.57512, 44.44898, 84.3938888888889], [-0.57494, 44.44885, 84.3938888888889], [-0.57484, 44.44869, 84.09166666666668], [-0.57485, 44.44847, 84.09166666666668], [-0.57501, 44.44822, 83.76666666666667], [-0.57518, 44.4481, 83.76666666666667], [-0.57541, 44.44803, 83.5], [-0.57565, 44.44802, 83.5], [-0.57595, 44.44811, 84.3938888888889], [-0.57616, 44.44826, 84.3938888888889], [-0.57625, 44.44845, 84.3938888888889], [-0.57623, 44.44867, 84.3938888888889]]]}}, {"type": "Feature", "properties": {"id_obligation": "335360000B0572", "priorite": "faible"}, "geometry": {"type": "Polygon", "coordinates": [[[-0.57573, 44.4492, 85.8], [-0.57543, 44.44924, 85.4], [-0.57536, 44.44917, 85.4], [-0.57529, 44.44923, 85.4], [-0.57524, 44.44922, 84.79427001569859], [-0.57492, 44.44906, 84.79427001569859], [-0.5748, 44.44892, 84.6], [-0.57476, 44.44875, 84.6], [-0.57482, 44.44858, 83.77142857142857], [-0.575, 44.44839, 83.77142857142857], [-0.57532, 44.44828, 83.1], [-0.57529, 44.44832, 83.1], [-0.57545, 44.44838, 83.0], [-0.57553, 44.44829, 83.9], [-0.57549, 44.44827, 83.71218480289524], [-0.57569, 44.44831, 84.79427001569859], [-0.57595, 44.44844, 84.79427001569859], [-0.57608, 44.44859, 85.44285714285711], [-0.57612, 44.44876, 85.44285714285711], [-0.57607, 44.44893, 85.8], [-0.57593, 44.44909, 85.8], [-0.57573, 44.4492, 85.8]]]}}, {"type": "Feature", "properties": {"id_obligation": "335360000B0582", "priorite": "moyenne"}, "geometry": {"type": "Polygon", "coordinates": [[[-0.5802, 44.44324, 76.21490196078432], [-0.58001, 44.44336, 76.21490196078432], [-0.57924, 44.44349, 76.0], [-0.57875, 44.44337, 76.3], [-0.57854, 44.44328, 76.3], [-0.5784, 44.44313, 76.3], [-0.57836, 44.4429, 76.26666666666667], [-0.57843, 44.44272, 76.26666666666667], [-0.57858, 44.44257, 76.21490196078432], [-0.57887, 44.44246, 76.21490196078432], [-0.5791, 44.44229, 76.7], [-0.57946, 44.44223, 76.7], [-0.57986, 44.44231, 75.97999999999999], [-0.58009, 44.44245, 75.97999999999999], [-0.5803, 44.44281, 75.64], [-0.58031, 44.44304, 75.64], [-0.5802, 44.44324, 76.21490196078432]]]}}, {"type": "Feature", "properties": {"id_obligation": "335360000B0585", "priorite": "moyenne"}, "geometry": {"type": "Polygon", "coordinates": [[[-0.57731, 44.44545, 82.86], [-0.57752, 44.44536, 81.1], [-0.57777, 44.44533, 81.1], [-0.57811, 44.44539, 81.12972222222223], [-0.57831, 44.44549, 81.12972222222223], [-0.57845, 44.44567, 80.7], [-0.57841, 44.44605, 80.41428571428571], [-0.57823, 44.44622, 80.41428571428571], [-0.57802, 44.4463, 80.80000000000001], [-0.57778, 44.44632, 80.80000000000001], [-0.57748, 44.44627, 81.04285714285716], [-0.57723, 44.44614, 81.3], [-0.57739, 44.44616, 81.3], [-0.5774, 44.4461, 81.3], [-0.57718, 44.44609, 81.3], [-0.57715, 44.44605, 80.4], [-0.57724, 44.44589, 80.4], [-0.57716, 44.44583, 80.4], [-0.57709, 44.44589, 80.4], [-0.5771, 44.44576, 83.3], [-0.57724, 44.44576, 83.3], [-0.57725, 44.44568, 83.3], [-0.57714, 44.44563, 82.86], [-0.57731, 44.44545, 82.86]]]}}, {"type": "Feature", "properties": {"id_obligation": "335360000B0587", "priorite": "moyenne"}, "geometry": {"type": "Polygon", "coordinates": [[[-0.57943, 44.44268, 76.8], [-0.57938, 44.4428, 76.8], [-0.57954, 44.44283, 76.8], [-0.57955, 44.44279, 76.8], [-0.57963, 44.44291, 77.1375], [-0.5796, 44.44293, 77.7], [-0.57965, 44.44309, 77.1375], [-0.57954, 44.44332, 76.6986111111111], [-0.57932, 44.44348, 76.6986111111111], [-0.57909, 44.44354, 76.6986111111111], [-0.57884, 44.44353, 76.6986111111111], [-0.57858, 44.44345, 76.6986111111111], [-0.5784, 44.44333, 76.6986111111111], [-0.5783, 44.44317, 76.6986111111111], [-0.57829, 44.44299, 76.6986111111111], [-0.5784, 44.44277, 76.6986111111111], [-0.57857, 44.44265, 76.6986111111111], [-0.57879, 44.44257, 76.6986111111111], [-0.57903, 44.44257, 76.6986111111111], [-0.57943, 44.44268, 76.8]]]}}, {"type": "Feature", "properties": {"id_obligation": "335360000B0588", "priorite": "moyenne"}, "geometry": {"type": "Polygon", "coordinates": [[[-0.5803, 44.44223, 76.01207482993198], [-0.58051, 44.44238, 76.01207482993198], [-0.5806, 44.44254, 75.1], [-0.58059, 44.44276, 75.1], [-0.58046, 44.44296, 76.01207482993198], [-0.58026, 44.44306, 76.01207482993198], [-0.58002, 44.44311, 75.8], [-0.57974, 44.4431, 75.8], [-0.57953, 44.44303, 77.44285714285715], [-0.57936, 44.44291, 77.44285714285715], [-0.57927, 44.44275, 76.775], [-0.57927, 44.44253, 76.775], [-0.57937, 44.44236, 76.7], [-0.57955, 44.44224, 76.7], [-0.57979, 44.44217, 75.36666666666666], [-0.58007, 44.44217, 75.36666666666666], [-0.5803, 44.44223, 76.01207482993198]]]}}, {"type": "Feature", "properties": {"id_obligation": "335360000B0600", "priorite": "moyenne"}, "geometry": {"type": "Polygon", "coordinates": [[[-0.57645, 44.44834, 85.0], [-0.57625, 44.44843, 84.15297619047618], [-0.57601, 44.44846, 84.15297619047618], [-0.57577, 44.44842, 83.4], [-0.57552, 44.44831, 83.74282837623413], [-0.57534, 44.44815, 83.4], [-0.57528, 44.44798, 84.15297619047618], [-0.57533, 44.44777, 84.15297619047618], [-0.5755, 44.44759, 84.15297619047618], [-0.5758, 44.44744, 84.15297619047618], [-0.57602, 44.44739, 84.15297619047618], [-0.57632, 44.44742, 84.15297619047618], [-0.5766, 44.44755, 84.15297619047618], [-0.57674, 44.44774, 85.79999999999998], [-0.57675, 44.44795, 85.79999999999998], [-0.57645, 44.44834, 85.0]]]}}, {"type": "Feature", "properties": {"id_obligation": "335360000B0617", "priorite": "forte"}, "geometry": {"type": "MultiPolygon", "coordinates": [[[[-0.58062, 44.44144, 76.0759649122807], [-0.58065, 44.44166, 76.0759649122807], [-0.58056, 44.44183, 76.0759649122807], [-0.58033, 44.44203, 76.0759649122807], [-0.58004, 44.44214, 75.8], [-0.57994, 44.44212, 75.8], [-0.57992, 44.44218, 76.25833333333331], [-0.57968, 44.44221, 76.25833333333331], [-0.57938, 44.44215, 76.8], [-0.57913, 44.442, 76.8], [-0.579, 44.44174, 76.0], [-0.57906, 44.44178, 76.0], [-0.57915, 44.44169, 76.0], [-0.57899, 44.44163, 76.0], [-0.57902, 44.44155, 75.88333333333334], [-0.57906, 44.44147, 75.3], [-0.5791, 44.44149, 75.3], [-0.57923, 44.44138, 75.2], [-0.57917, 44.44134, 75.10078504149641], [-0.5795, 44.44113, 76.0759649122807], [-0.57978, 44.44105, 76.0759649122807], [-0.58002, 44.44106, 76.0759649122807], [-0.58026, 44.44114, 76.0759649122807], [-0.58049, 44.44129, 76.0759649122807], [-0.58062, 44.44144, 76.0759649122807]]]]}}, {"type": "Feature", "properties": {"id_obligation": "335360000B0642", "priorite": "faible"}, "geometry": {"type": "MultiPolygon", "coordinates": [[[[-0.57759, 44.44527, 80.07142857142857], [-0.57737, 44.44536, 80.07142857142857], [-0.57695, 44.44543, 80.565], [-0.57652, 44.44539, 81.4], [-0.5766, 44.44538, 81.4], [-0.57665, 44.44526, 81.4], [-0.57653, 44.44523, 81.4], [-0.57643, 44.44536, 81.4], [-0.57626, 44.44526, 81.08], [-0.57615, 44.44511, 81.08], [-0.57612, 44.44495, 80.6], [-0.5762, 44.44496, 80.6], [-0.57622, 44.44488, 80.6], [-0.57626, 44.44489, 80.6], [-0.57631, 44.44469, 80.6], [-0.57618, 44.44467, 80.6], [-0.57635, 44.44451, 79.7], [-0.57669, 44.4444, 78.275], [-0.57741, 44.44447, 80.21455357142857], [-0.57762, 44.44456, 80.21455357142857], [-0.57778, 44.44474, 80.4], [-0.57782, 44.44492, 80.4], [-0.57774, 44.44513, 80.07142857142857], [-0.57759, 44.44527, 80.07142857142857]]]]}}, {"type": "Feature", "properties": {"id_obligation": "335360000B0646", "priorite": "moyenne"}, "geometry": {"type": "Polygon", "coordinates": [[[-0.57551, 44.44895, 84.62307692307694], [-0.57507, 44.44897, 83.77467992325136], [-0.57479, 44.44889, 83.77467992325136], [-0.57454, 44.44868, 83.77467992325136], [-0.57448, 44.44847, 83.0], [-0.57454, 44.44819, 82.16], [-0.57458, 44.44813, 82.1], [-0.57474, 44.44819, 82.1], [-0.5748, 44.4481, 82.2], [-0.57467, 44.44805, 82.2], [-0.57504, 44.44783, 83.77467992325136], [-0.57527, 44.44778, 83.77467992325136], [-0.57556, 44.44779, 82.22857142857143], [-0.57589, 44.44792, 82.22857142857143], [-0.57606, 44.44805, 82.22857142857143], [-0.57615, 44.44822, 84.9], [-0.57614, 44.44839, 84.9], [-0.5758, 44.44879, 85.79999999999998], [-0.57551, 44.44895, 84.62307692307694]]]}}, {"type": "Feature", "properties": {"id_obligation": "335360000B0652", "priorite": "très forte"}, "geometry": {"type": "Polygon", "coordinates": [[[-0.6115, 44.45152, 75.5], [-0.6112, 44.45154, 75.5], [-0.61067, 44.45138, 75.5], [-0.61046, 44.45123, 75.5], [-0.61037, 44.45102, 75.5], [-0.61041, 44.45084, 75.5], [-0.61066, 44.45046, 75.5], [-0.61087, 44.45031, 75.5], [-0.61117, 44.45025, 75.5], [-0.61141, 44.45027, 75.5], [-0.61182, 44.45041, 75.5], [-0.61204, 44.45057, 75.5], [-0.61212, 44.45074, 75.5], [-0.6121, 44.45091, 75.5], [-0.61179, 44.45137, 75.5], [-0.6115, 44.45152, 75.5]]]}}, {"type": "Feature", "properties": {"id_obligation": "335360000B0653", "priorite": "très forte"}, "geometry": {"type": "Polygon", "coordinates": [[[-0.61284, 44.45036, 74.21145833333334], [-0.61256, 44.45049, 74.21145833333334], [-0.61236, 44.45069, 74.21145833333334], [-0.61207, 44.45079, 74.21145833333334], [-0.61182, 44.45078, 74.21145833333334], [-0.61144, 44.4507, 74.21145833333334], [-0.61122, 44.45055, 74.21145833333334], [-0.61113, 44.45039, 74.33333333333333], [-0.61117, 44.4501, 74.33333333333333], [-0.61131, 44.4499, 74.21145833333334], [-0.61151, 44.44979, 74.21145833333334], [-0.61169, 44.44975, 74.21145833333334], [-0.61188, 44.44961, 73.9125], [-0.61211, 44.44954, 73.9125], [-0.61251, 44.44954, 74.21145833333334], [-0.61279, 44.44964, 74.21145833333334], [-0.61296, 44.44982, 74.21145833333334], [-0.613, 44.45012, 74.2], [-0.61284, 44.45036, 74.21145833333334]]]}}, {"type": "Feature", "properties": {"id_obligation": "335360000B0655", "priorite": "moyenne"}, "geometry": {"type": "Polygon", "coordinates": [[[-0.57729, 44.44752, 83.6], [-0.57726, 44.4476, 83.6], [-0.57717, 44.44764, 83.53571428571429], [-0.57694, 44.44768, 83.14999999999999], [-0.57658, 44.44764, 83.14999999999999], [-0.57637, 44.44756, 82.63265306122449], [-0.57618, 44.44737, 82.63265306122449], [-0.5759, 44.44722, 82.6], [-0.57579, 44.44707, 82.6], [-0.5758, 44.44678, 82.63265306122449], [-0.57593, 44.44657, 82.63265306122449], [-0.57618, 44.44644, 82.63265306122449], [-0.57649, 44.44642, 82.11428571428571], [-0.5768, 44.44647, 82.11428571428571], [-0.57701, 44.44656, 82.11428571428571], [-0.57709, 44.44661, 82.4], [-0.57698, 44.4466, 82.4], [-0.57696, 44.44673, 82.4], [-0.57712, 44.44676, 82.4], [-0.57714, 44.44664, 82.5], [-0.57738, 44.44673, 82.46000000000001], [-0.57755, 44.44691, 82.44], [-0.57753, 44.447, 82.5], [-0.57759, 44.44701, 82.5], [-0.5776, 44.44708, 82.44], [-0.57755, 44.44729, 83.5], [-0.5774, 44.44725, 83.5], [-0.57736, 44.44735, 83.5], [-0.57751, 44.44737, 83.5], [-0.5774, 44.4475, 83.53571428571429], [-0.57729, 44.44752, 83.6]]]}}, {"type": "Feature", "properties": {"id_obligation": "335360000B0656", "priorite": "moyenne"}, "geometry": {"type": "Polygon", "coordinates": [[[-0.57782, 44.44362, 76.44], [-0.57806, 44.44349, 76.0], [-0.57836, 44.44346, 76.0], [-0.57872, 44.44354, 76.0], [-0.57895, 44.44369, 76.0], [-0.57905, 44.44385, 75.7], [-0.57905, 44.44403, 75.7], [-0.57892, 44.44429, 76.44], [-0.57871, 44.44446, 76.44], [-0.57848, 44.44452, 76.44], [-0.57823, 44.44452, 76.44], [-0.57794, 44.44444, 76.44], [-0.57776, 44.44433, 76.44], [-0.57765, 44.44417, 77.10000000000001], [-0.57771, 44.44406, 77.1], [-0.57763, 44.44404, 77.1], [-0.57769, 44.44382, 76.44], [-0.57782, 44.44362, 76.44]]]}}, {"type": "Feature", "properties": {"id_obligation": "335360000B0657", "priorite": "moyenne"}, "geometry": {"type": "Polygon", "coordinates": [[[-0.57927, 44.44365, 76.82885154061624], [-0.57922, 44.44387, 76.82885154061624], [-0.57908, 44.44402, 76.82885154061624], [-0.57876, 44.44417, 77.15714285714286], [-0.57845, 44.4442, 77.15714285714286], [-0.57817, 44.44412, 77.4], [-0.57797, 44.44401, 77.4], [-0.5778, 44.44382, 76.82885154061624], [-0.57777, 44.44365, 76.82885154061624], [-0.57783, 44.44348, 76.82885154061624], [-0.57797, 44.44334, 76.82885154061624], [-0.57821, 44.44323, 76.82885154061624], [-0.57844, 44.44319, 76.82885154061624], [-0.57878, 44.44321, 76.82885154061624], [-0.57899, 44.4433, 76.82885154061624], [-0.5792, 44.44348, 76.82885154061624], [-0.57927, 44.44365, 76.82885154061624]]]}}, {"type": "Feature", "properties": {"id_obligation": "335360000B0665", "priorite": "forte"}, "geometry": {"type": "MultiPolygon", "coordinates": [[[[-0.58334, 44.44632, 78.13076923076922], [-0.58315, 44.44615, 78.13076923076922], [-0.5831, 44.44597, 79.5], [-0.58315, 44.44573, 78.13076923076922], [-0.58328, 44.44558, 78.13076923076922], [-0.58354, 44.44547, 78.13076923076922], [-0.58378, 44.44544, 78.13076923076922], [-0.58407, 44.44548, 78.13076923076922], [-0.58428, 44.44557, 78.13076923076922], [-0.58442, 44.44571, 78.13076923076922], [-0.58447, 44.44589, 78.13076923076922], [-0.58442, 44.44613, 78.13076923076922], [-0.5843, 44.44628, 78.13076923076922], [-0.5841, 44.44638, 78.13076923076922], [-0.58386, 44.44642, 78.13076923076922], [-0.58357, 44.4464, 78.13076923076922], [-0.58334, 44.44632, 78.13076923076922]]], [[[-0.58582, 44.4454, 78.1], [-0.58597, 44.44554, 78.1], [-0.58605, 44.44571, 76.79230769230769], [-0.58603, 44.44591, 76.79230769230769], [-0.58592, 44.44606, 78.13076923076922], [-0.58574, 44.44618, 78.13076923076922], [-0.58551, 44.44623, 78.13076923076922], [-0.58518, 44.44623, 78.13076923076922], [-0.58495, 44.44615, 78.13076923076922], [-0.58479, 44.44601, 78.13076923076922], [-0.58472, 44.44584, 78.13076923076922], [-0.58473, 44.44563, 78.13076923076922], [-0.58485, 44.44548, 78.13076923076922], [-0.58503, 44.44536, 78.13076923076922], [-0.58526, 44.44531, 78.1], [-0.58554, 44.44531, 78.1], [-0.58582, 44.4454, 78.1]]]]}}, {"type": "Feature", "properties": {"id_obligation": "335360000B0670", "priorite": "forte"}, "geometry": {"type": "Polygon", "coordinates": [[[-0.58677, 44.44572, -72.57121212121213], [-0.58691, 44.44591, -72.57121212121213], [-0.5869, 44.44615, -72.57121212121213], [-0.58678, 44.44635, -72.57121212121213], [-0.58647, 44.44651, -72.57121212121213], [-0.58637, 44.44672, -72.57121212121213], [-0.58614, 44.44687, -371.65000000000003], [-0.58573, 44.44692, -72.57121212121213], [-0.58538, 44.44684, -72.57121212121213], [-0.58521, 44.44671, -72.57121212121213], [-0.58512, 44.44654, -72.57121212121213], [-0.58514, 44.44627, -72.57121212121213], [-0.58523, 44.44611, -72.57121212121213], [-0.58553, 44.44594, -72.57121212121213], [-0.58562, 44.44574, -72.57121212121213], [-0.58585, 44.44559, 76.9], [-0.58621, 44.44553, 76.9], [-0.58658, 44.44561, -72.57121212121213], [-0.58677, 44.44572, -72.57121212121213]]]}}, {"type": "Feature", "properties": {"id_obligation": "335360000B0679", "priorite": "forte"}, "geometry": {"type": "Polygon", "coordinates": [[[-0.57984, 44.44127, 76.08], [-0.57984, 44.44149, 76.08], [-0.57975, 44.44163, 77.0], [-0.57964, 44.44164, 77.0], [-0.57965, 44.44172, 77.0], [-0.57947, 44.44185, 77.0], [-0.5792, 44.44193, 76.0], [-0.57896, 44.44193, 76.0], [-0.57875, 44.44186, 76.08], [-0.57852, 44.44171, 76.08], [-0.57842, 44.44151, 76.08], [-0.57844, 44.44133, 76.08], [-0.57855, 44.44118, 76.08], [-0.57881, 44.44097, 76.08], [-0.57903, 44.4409, 76.08], [-0.57933, 44.44091, 76.08], [-0.57955, 44.44098, 76.08], [-0.57974, 44.44111, 76.08], [-0.57984, 44.44127, 76.08]]]}}, {"type": "Feature", "properties": {"id_obligation": "335360000B0755", "priorite": "moyenne"}, "geometry": {"type": "Polygon", "coordinates": [[[-0.57833, 44.44998, 87.5], [-0.57822, 44.44996, 87.5], [-0.57819, 44.45008, 87.5], [-0.57827, 44.45009, 87.5], [-0.57819, 44.45009, 87.5], [-0.57796, 44.45004, 86.1], [-0.57777, 44.44993, 86.1], [-0.57764, 44.44968, 86.3], [-0.57779, 44.44972, 86.3], [-0.57782, 44.44964, 86.3], [-0.57767, 44.44961, 85.3], [-0.57764, 44.44949, 85.76315789473684], [-0.57774, 44.44929, 86.06167561761548], [-0.57791, 44.44916, 86.06167561761548], [-0.57813, 44.44909, 84.98571428571428], [-0.57844, 44.44907, 84.98571428571428], [-0.57867, 44.44912, 85.44285714285715], [-0.5789, 44.44926, 85.44285714285715], [-0.57902, 44.44951, 87.24], [-0.57895, 44.4495, 87.9], [-0.57893, 44.44958, 87.9], [-0.57902, 44.4496, 88.2], [-0.57902, 44.44966, 87.24], [-0.57893, 44.44987, 86.06167561761548], [-0.57878, 44.45, 86.06167561761548], [-0.57856, 44.45007, 87.5], [-0.57829, 44.45009, 87.5], [-0.57833, 44.44998, 87.5]]]}}, {"type": "Feature", "properties": {"id_obligation": "335360000B0756", "priorite": "moyenne"}, "geometry": {"type": "Polygon", "coordinates": [[[-0.57914, 44.44884, 85.88605072463768], [-0.57931, 44.44896, 85.88605072463768], [-0.57941, 44.44913, 85.52608695652175], [-0.57935, 44.44923, 85.9], [-0.57942, 44.44924, 85.86530673133358], [-0.57941, 44.44933, 86.05284402473055], [-0.5793, 44.44954, 86.99999999999999], [-0.57914, 44.44966, 86.99999999999999], [-0.57892, 44.44973, 86.4375], [-0.57868, 44.44974, 86.4375], [-0.57827, 44.44966, 85.3], [-0.57804, 44.44951, 85.3], [-0.57794, 44.44935, 85.88605072463768], [-0.57796, 44.44911, 85.88605072463768], [-0.57809, 44.44892, 85.88605072463768], [-0.57833, 44.44879, 85.88605072463768], [-0.5786, 44.44875, 85.88605072463768], [-0.57914, 44.44884, 85.88605072463768]]]}}, {"type": "Feature", "properties": {"id_obligation": "335360000B0757", "priorite": "moyenne"}, "geometry": {"type": "Polygon", "coordinates": [[[-0.57831, 44.45003, 87.5], [-0.57833, 44.44998, 87.5], [-0.57822, 44.44996, 87.5], [-0.57821, 44.45, 87.5], [-0.5781, 44.44993, 87.5], [-0.57795, 44.44974, 85.54615384615387], [-0.57792, 44.44956, 85.54615384615387], [-0.57803, 44.44929, 86.028305424734], [-0.57819, 44.44915, 86.028305424734], [-0.57847, 44.44906, 85.05555555555557], [-0.57871, 44.44907, 85.05555555555557], [-0.5791, 44.44915, 85.075], [-0.57915, 44.44917, 84.6], [-0.57908, 44.44917, 84.6], [-0.57908, 44.44921, 84.6], [-0.57919, 44.44919, 85.0952872009366], [-0.57925, 44.44923, 85.075], [-0.57941, 44.44947, 87.02142857142859], [-0.57942, 44.44955, 86.36606530820598], [-0.57927, 44.44954, 86.4], [-0.57926, 44.44962, 86.4], [-0.57941, 44.44964, 86.3], [-0.5793, 44.44988, 86.10000000000001], [-0.57914, 44.45001, 86.1], [-0.5789, 44.45008, 86.028305424734], [-0.57831, 44.45003, 87.5]]]}}, {"type": "Feature", "properties": {"id_obligation": "335360000B0761", "priorite": "moyenne"}, "geometry": {"type": "Polygon", "coordinates": [[[-0.57758, 44.44358, -29.560857142857124], [-0.57798, 44.44365, 77.4], [-0.57825, 44.44383, 77.4], [-0.5783, 44.44392, 77.4], [-0.57826, 44.44405, 77.4], [-0.57833, 44.44407, 77.4], [-0.57824, 44.44433, 77.4], [-0.57802, 44.44451, -29.560857142857124], [-0.57788, 44.44471, -29.560857142857124], [-0.57756, 44.44485, 80.4], [-0.57756, 44.44479, 80.4], [-0.57732, 44.44478, 80.4], [-0.57731, 44.44488, 80.4], [-0.57701, 44.44484, -29.560857142857124], [-0.57679, 44.44472, -29.560857142857124], [-0.57665, 44.44457, -29.560857142857124], [-0.57659, 44.44438, -460.7399999999999], [-0.57662, 44.44421, -460.7399999999999], [-0.57684, 44.44384, -29.560857142857124], [-0.57701, 44.44372, -29.560857142857124], [-0.57758, 44.44358, -29.560857142857124]]]}}, {"type": "Feature", "properties": {"id_obligation": "335360000B0763", "priorite": "moyenne"}, "geometry": {"type": "Polygon", "coordinates": [[[-0.57652, 44.44386, -49.937272408963544], [-0.57675, 44.44371, -49.937272408963544], [-0.57699, 44.44366, -49.937272408963544], [-0.57726, 44.44367, -49.937272408963544], [-0.57749, 44.44373, -49.937272408963544], [-0.57767, 44.44386, -49.937272408963544], [-0.57776, 44.44403, 77.23529411764704], [-0.57775, 44.44425, 77.23529411764704], [-0.57766, 44.44441, 78.6], [-0.57743, 44.44455, 78.6], [-0.5772, 44.4446, 78.60000000000001], [-0.57693, 44.44459, 78.60000000000001], [-0.5767, 44.44452, 78.625], [-0.57653, 44.4444, 78.625], [-0.57642, 44.44413, 80.0813656829369], [-0.57651, 44.44415, 80.0], [-0.57655, 44.44405, 77.9], [-0.57643, 44.44407, 80.1], [-0.57652, 44.44386, -49.937272408963544]]]}}, {"type": "Feature", "properties": {"id_obligation": "335360000B0764", "priorite": "moyenne"}, "geometry": {"type": "Polygon", "coordinates": [[[-0.5773, 44.44401, -412.5090909090908], [-0.57745, 44.4442, 78.1], [-0.5773, 44.44419, 78.1], [-0.57729, 44.44424, 78.1], [-0.57746, 44.44424, 78.1], [-0.57747, 44.44429, 78.44615384615386], [-0.57735, 44.44464, 17.9641566766567], [-0.57718, 44.44478, 17.9641566766567], [-0.5769, 44.44486, 81.5], [-0.57666, 44.44485, 81.5], [-0.5763, 44.44477, 80.34285714285716], [-0.57631, 44.44469, 80.6], [-0.57615, 44.44469, 80.34285714285716], [-0.576, 44.44445, 78.95333333333335], [-0.57601, 44.44428, 78.95333333333335], [-0.57611, 44.44405, 79.78], [-0.57628, 44.44392, 79.78], [-0.5765, 44.44384, 78.60000000000001], [-0.57674, 44.44383, 78.60000000000001], [-0.57705, 44.44389, -412.5090909090908], [-0.5773, 44.44401, -412.5090909090908]]]}}, {"type": "Feature", "properties": {"id_obligation": "335360000B0765", "priorite": "moyenne"}, "geometry": {"type": "Polygon", "coordinates": [[[-0.57658, 44.44589, 80.67777777777776], [-0.57634, 44.44588, 80.67777777777776], [-0.57603, 44.44577, 80.4], [-0.57583, 44.44559, 80.4], [-0.57578, 44.44537, 79.9], [-0.57589, 44.4451, 79.9], [-0.57611, 44.4449, 80.6], [-0.5761, 44.44494, 80.6], [-0.5762, 44.44496, 80.6], [-0.57622, 44.44488, 80.6], [-0.57626, 44.44489, 80.6], [-0.57631, 44.44481, 80.72857142857143], [-0.57661, 44.44479, 80.72857142857143], [-0.57691, 44.44485, 81.28], [-0.57712, 44.44496, 81.28], [-0.57723, 44.4451, 80.5], [-0.57714, 44.44508, 80.5], [-0.57713, 44.44512, 80.5], [-0.57725, 44.44513, 80.5], [-0.57727, 44.4452, 80.55909090909091], [-0.57719, 44.44554, 83.3], [-0.57706, 44.44568, 83.3], [-0.57686, 44.44581, 83.3], [-0.57658, 44.44589, 80.67777777777776]]]}}, {"type": "Feature", "properties": {"id_obligation": "335360000B0766", "priorite": "faible"}, "geometry": {"type": "Polygon", "coordinates": [[[-0.57749, 44.44574, 81.1], [-0.57722, 44.44583, 81.85000000000001], [-0.57691, 44.44582, 81.85000000000001], [-0.57648, 44.44567, 80.67777777777776], [-0.57634, 44.44553, 81.08], [-0.57629, 44.44536, 81.08], [-0.57632, 44.44508, 80.6], [-0.57644, 44.44514, 80.6], [-0.57647, 44.44507, 80.6], [-0.57632, 44.44503, 80.6], [-0.57635, 44.4449, 80.2625], [-0.57651, 44.4447, 80.2625], [-0.57672, 44.4446, 80.2625], [-0.57703, 44.44457, 81.0], [-0.5773, 44.44462, 81.0], [-0.57768, 44.44477, 80.4], [-0.57783, 44.44491, 80.4], [-0.57789, 44.44508, 79.9], [-0.57784, 44.44529, 79.9], [-0.57749, 44.44574, 81.1]]]}}, {"type": "Feature", "properties": {"id_obligation": "335360000B0767", "priorite": "moyenne"}, "geometry": {"type": "Polygon", "coordinates": [[[-0.57785, 44.44552, 81.22822510822512], [-0.57759, 44.44564, 82.19999999999999], [-0.57754, 44.44565, 81.1], [-0.57755, 44.44559, 81.1], [-0.57747, 44.44558, 81.1], [-0.57745, 44.44567, 81.1], [-0.57703, 44.44561, 83.3], [-0.57684, 44.44551, 83.3], [-0.57671, 44.44536, 80.79090909090911], [-0.57667, 44.44519, 80.79090909090911], [-0.57673, 44.44498, 81.16000000000003], [-0.57689, 44.44498, 81.5], [-0.57687, 44.44484, 81.5], [-0.57713, 44.44473, 80.56666666666666], [-0.57738, 44.44472, 80.56666666666666], [-0.57765, 44.44476, 80.4], [-0.57785, 44.44487, 80.4], [-0.57798, 44.44502, 80.4], [-0.57802, 44.4452, 81.22822510822512], [-0.57797, 44.44537, 81.22822510822512], [-0.57785, 44.44552, 81.22822510822512]]]}}, {"type": "Feature", "properties": {"id_obligation": "335360000B0768", "priorite": "moyenne"}, "geometry": {"type": "MultiPolygon", "coordinates": [[[[-0.57719, 44.44613, 81.3], [-0.57739, 44.44616, 81.3], [-0.57734, 44.44617, 81.3], [-0.57719, 44.44613, 81.3]]], [[[-0.5774, 44.4461, 81.3], [-0.57719, 44.44608, 81.3], [-0.57717, 44.44613, 81.3], [-0.57692, 44.44598, 80.76], [-0.57682, 44.44582, 82.24545454545454], [-0.57681, 44.44565, 82.24545454545454], [-0.57692, 44.44535, 81.2], [-0.5771, 44.44539, 81.2], [-0.57712, 44.44531, 81.2], [-0.57703, 44.44529, 81.1], [-0.57705, 44.44525, 81.15714285714286], [-0.57731, 44.44515, 79.9], [-0.57755, 44.44513, 79.9], [-0.57781, 44.44518, 80.9495211038961], [-0.57801, 44.44529, 80.9495211038961], [-0.57816, 44.44549, 80.9495211038961], [-0.57817, 44.44567, 80.62857142857145], [-0.57811, 44.44588, 80.655], [-0.57794, 44.44606, 80.655], [-0.57767, 44.44616, 81.3], [-0.57739, 44.44616, 81.3], [-0.5774, 44.4461, 81.3]]]]}}, {"type": "Feature", "properties": {"id_obligation": "335360000B0773", "priorite": "moyenne"}, "geometry": {"type": "Polygon", "coordinates": [[[-0.58068, 44.4499, 85.6788038277512], [-0.58042, 44.45002, 85.6788038277512], [-0.58004, 44.45004, 85.6788038277512], [-0.57975, 44.44995, 85.8], [-0.57956, 44.44978, 85.8], [-0.5795, 44.44961, 86.25], [-0.57953, 44.4494, 86.25], [-0.57969, 44.44916, 85.95454545454544], [-0.57987, 44.44903, 85.95454545454544], [-0.5801, 44.44897, 85.1], [-0.58035, 44.44898, 85.1], [-0.58063, 44.44906, 85.6788038277512], [-0.58079, 44.44919, 85.6788038277512], [-0.58088, 44.44935, 85.6788038277512], [-0.58082, 44.4497, 85.6788038277512], [-0.58068, 44.4499, 85.6788038277512]]]}}, {"type": "Feature", "properties": {"id_obligation": "335360000B0776", "priorite": "moyenne"}, "geometry": {"type": "Polygon", "coordinates": [[[-0.58001, 44.44983, 85.825], [-0.57977, 44.45002, 85.825], [-0.57942, 44.45009, 86.38571428571429], [-0.57938, 44.45009, 86.5], [-0.57938, 44.45004, 86.5], [-0.57907, 44.45002, 86.23333333333333], [-0.57885, 44.44987, 86.23333333333333], [-0.57877, 44.44971, 86.575], [-0.57879, 44.44922, 85.3], [-0.57889, 44.44903, 85.11818181818182], [-0.57905, 44.44891, 85.11818181818182], [-0.57927, 44.44884, 85.52857142857142], [-0.5796, 44.44883, 85.52857142857142], [-0.57983, 44.44889, 85.675], [-0.58001, 44.44901, 85.675], [-0.58012, 44.44917, 85.675], [-0.58012, 44.44925, 85.1], [-0.58, 44.44922, 85.1], [-0.57998, 44.4493, 85.1], [-0.58013, 44.44932, 85.1], [-0.58001, 44.44983, 85.825]]]}}, {"type": "Feature", "properties": {"id_obligation": "335360000B0777", "priorite": "moyenne"}, "geometry": {"type": "Polygon", "coordinates": [[[-0.57881, 44.44923, 85.31666666666668], [-0.57906, 44.44912, 85.49523809523808], [-0.5793, 44.44909, 85.49523809523808], [-0.57967, 44.44914, 85.89285714285714], [-0.57982, 44.44922, 85.8], [-0.57972, 44.44923, 85.9], [-0.57971, 44.4493, 85.8], [-0.5799, 44.44932, 86.3], [-0.5799, 44.44928, 86.3], [-0.58001, 44.44944, 86.23999999999998], [-0.5799, 44.44945, 86.6], [-0.57988, 44.44955, 86.6], [-0.58, 44.44956, 86.6], [-0.58002, 44.44946, 86.6], [-0.58002, 44.44961, 86.23999999999998], [-0.57996, 44.44982, 85.8], [-0.57981, 44.44996, 85.8], [-0.57955, 44.45007, 86.34], [-0.57938, 44.45008, 86.5], [-0.57938, 44.45004, 86.5], [-0.57921, 44.45001, 86.1], [-0.57912, 44.45001, 86.1], [-0.57912, 44.45006, 86.17784846493221], [-0.57899, 44.45003, 86.05846455627706], [-0.57879, 44.44992, 86.05846455627706], [-0.57866, 44.44977, 86.4375], [-0.57863, 44.44963, 85.5], [-0.57877, 44.44964, 85.5], [-0.57879, 44.44954, 85.5], [-0.57864, 44.44952, 85.5], [-0.57881, 44.44923, 85.31666666666668]]]}}, {"type": "Feature", "properties": {"id_obligation": "335360000B0782", "priorite": "faible"}, "geometry": {"type": "Polygon", "coordinates": [[[-0.57681, 44.44907, 86.9237130468216], [-0.5768, 44.44924, 86.9237130468216], [-0.57669, 44.44943, 89.4], [-0.57647, 44.44958, 89.4], [-0.57623, 44.44964, 86.41428571428571], [-0.57599, 44.44963, 86.41428571428571], [-0.57567, 44.44953, 86.11818181818184], [-0.57546, 44.44936, 86.11818181818184], [-0.5754, 44.44927, 85.4], [-0.57545, 44.44923, 85.4], [-0.57538, 44.44919, 85.4], [-0.57541, 44.44901, 85.47], [-0.57554, 44.4488, 85.8], [-0.57576, 44.44866, 86.27999999999997], [-0.57606, 44.44861, 86.27999999999997], [-0.57633, 44.44865, 89.11250000000003], [-0.57655, 44.44873, 89.11250000000003], [-0.57673, 44.4489, 89.11250000000003], [-0.57681, 44.44907, 86.9237130468216]]]}}, {"type": "Feature", "properties": {"id_obligation": "335360000B0785", "priorite": "faible"}, "geometry": {"type": "MultiPolygon", "coordinates": [[[[-0.57679, 44.44919, 89.39999999999999], [-0.57673, 44.44945, 89.39999999999999], [-0.5766, 44.44961, 88.9], [-0.5764, 44.44972, 88.9], [-0.57622, 44.44976, 88.9], [-0.57613, 44.44966, 88.9], [-0.57607, 44.44969, 88.9], [-0.57614, 44.44976, 88.9], [-0.57583, 44.44972, 88.9], [-0.57562, 44.44963, 87.55735658212559], [-0.57543, 44.44947, 85.80999999999997], [-0.57536, 44.44931, 85.4], [-0.57545, 44.44923, 85.4], [-0.57536, 44.44917, 85.4], [-0.57538, 44.44909, 85.8], [-0.57551, 44.44888, 85.8], [-0.57569, 44.44876, 85.8], [-0.57593, 44.4487, 85.98749999999998], [-0.57618, 44.44872, 85.98749999999998], [-0.57629, 44.44878, 89.2], [-0.57622, 44.44879, 88.5], [-0.57619, 44.44884, 88.5], [-0.5765, 44.44894, 89.2], [-0.57654, 44.44885, 89.2], [-0.5767, 44.44898, 89.12222222222225], [-0.57679, 44.44919, 89.39999999999999]]], [[[-0.57651, 44.44883, 89.2], [-0.57637, 44.44882, 89.2], [-0.57642, 44.44879, 89.2], [-0.57651, 44.44883, 89.2]]]]}}, {"type": "Feature", "properties": {"id_obligation": "335360000B0788", "priorite": "moyenne"}, "geometry": {"type": "Polygon", "coordinates": [[[-0.57657, 44.4436, -145.48876811594198], [-0.57687, 44.44367, -145.48876811594198], [-0.57709, 44.44382, -145.48876811594198], [-0.57718, 44.44404, -595.6249999999999], [-0.5771, 44.44431, -595.6249999999999], [-0.57697, 44.44446, -145.48876811594198], [-0.57662, 44.4447, 80.15], [-0.57629, 44.44478, 80.6], [-0.57631, 44.44469, 80.6], [-0.57617, 44.44467, 80.6], [-0.57614, 44.44477, 80.6], [-0.57571, 44.44465, -145.48876811594198], [-0.57552, 44.44447, -145.48876811594198], [-0.57547, 44.4443, -145.48876811594198], [-0.57553, 44.44408, -145.48876811594198], [-0.57564, 44.44392, -145.48876811594198], [-0.57627, 44.44362, -145.48876811594198], [-0.57657, 44.4436, -145.48876811594198]]]}}, {"type": "Feature", "properties": {"id_obligation": "335360000B0789", "priorite": "moyenne"}, "geometry": {"type": "Polygon", "coordinates": [[[-0.57562, 44.44466, 79.24083333333333], [-0.5755, 44.44446, 79.24083333333333], [-0.57552, 44.44423, 79.24083333333333], [-0.57566, 44.44403, 79.24083333333333], [-0.5759, 44.44391, 79.24083333333333], [-0.57614, 44.44388, 79.56666666666666], [-0.57655, 44.44394, 78.60000000000001], [-0.57677, 44.44402, 78.60000000000001], [-0.57693, 44.44416, 78.60000000000001], [-0.57699, 44.44433, 78.52], [-0.57695, 44.44456, 79.7], [-0.57683, 44.44471, 79.7], [-0.57664, 44.44482, 79.7], [-0.57641, 44.44487, 80.2], [-0.57627, 44.44487, 80.6], [-0.57631, 44.44469, 80.6], [-0.57617, 44.44467, 80.6], [-0.57612, 44.44485, 80.6], [-0.57587, 44.4448, 79.24083333333333], [-0.57562, 44.44466, 79.24083333333333]]]}}, {"type": "Feature", "properties": {"id_obligation": "335360000B0790", "priorite": "moyenne"}, "geometry": {"type": "Polygon", "coordinates": [[[-0.57631, 44.44411, 79.03333333333333], [-0.57641, 44.4441, 80.1], [-0.5764, 44.44413, 80.1], [-0.57651, 44.44415, 80.0], [-0.57653, 44.4441, 78.99747348615216], [-0.5767, 44.44413, 78.38], [-0.57699, 44.44427, 78.38], [-0.57712, 44.44446, 78.38], [-0.57711, 44.4448, 81.24999999999999], [-0.57702, 44.44496, 80.8], [-0.57668, 44.44523, 80.8], [-0.57653, 44.44523, 81.4], [-0.57641, 44.44533, 81.02666666666666], [-0.57618, 44.44534, 81.02666666666666], [-0.5758, 44.44525, 80.13166666666666], [-0.57561, 44.44513, 80.13166666666666], [-0.57551, 44.44497, 80.13166666666666], [-0.5755, 44.44479, 80.13166666666666], [-0.5756, 44.44447, 80.13166666666666], [-0.57575, 44.44433, 80.13166666666666], [-0.57631, 44.44411, 79.03333333333333]]]}}, {"type": "Feature", "properties": {"id_obligation": "335360000B0791", "priorite": "moyenne"}, "geometry": {"type": "Polygon", "coordinates": [[[-0.58092, 44.44259, 75.1], [-0.58092, 44.44278, 75.1], [-0.58082, 44.44295, 75.1], [-0.58048, 44.44312, 75.1], [-0.5802, 44.44315, 76.00526315789475], [-0.57996, 44.44312, 76.00526315789475], [-0.57976, 44.44302, 76.00526315789475], [-0.57969, 44.44292, 77.7], [-0.57927, 44.44285, 76.8], [-0.579, 44.44267, 76.8], [-0.57891, 44.4425, 76.0579605263158], [-0.57894, 44.4423, 76.0579605263158], [-0.57882, 44.44207, 76.3], [-0.57887, 44.44185, 76.3], [-0.57896, 44.44172, 76.0], [-0.57906, 44.44178, 76.0], [-0.57915, 44.44169, 76.0], [-0.57905, 44.44165, 76.0], [-0.57932, 44.44155, 76.3], [-0.57977, 44.44157, 76.455], [-0.57993, 44.4416, 75.3], [-0.57989, 44.44163, 75.3], [-0.57996, 44.44167, 75.3], [-0.58001, 44.44161, 75.3], [-0.58006, 44.44163, 76.455], [-0.58055, 44.44187, 76.0579605263158], [-0.58067, 44.44207, 76.0579605263158], [-0.58065, 44.44226, 76.0579605263158], [-0.58074, 44.44232, 76.0579605263158], [-0.58092, 44.44259, 75.1]]]}}, {"type": "Feature", "properties": {"id_obligation": "335360000B0792", "priorite": "moyenne"}, "geometry": {"type": "Polygon", "coordinates": [[[-0.57937, 44.44323, 76.0925], [-0.57926, 44.44304, 76.2], [-0.57931, 44.44298, 76.2], [-0.57926, 44.44297, 76.2], [-0.57928, 44.44285, 76.2], [-0.57946, 44.44263, 76.8], [-0.57972, 44.44251, 75.6125], [-0.57996, 44.44249, 75.6125], [-0.5802, 44.44254, 75.1], [-0.58048, 44.44267, 75.1], [-0.58062, 44.44281, 76.0925], [-0.58067, 44.44298, 76.0925], [-0.58063, 44.44315, 76.0925], [-0.58048, 44.44333, 76.0925], [-0.58027, 44.44344, 76.0925], [-0.58003, 44.44348, 76.0925], [-0.57978, 44.44344, 76.0925], [-0.57937, 44.44323, 76.0925]]]}}, {"type": "Feature", "properties": {"id_obligation": "335360000B0794", "priorite": "moyenne"}, "geometry": {"type": "Polygon", "coordinates": [[[-0.57865, 44.44269, 76.71607142857142], [-0.57893, 44.4426, 76.2], [-0.57917, 44.4426, 76.2], [-0.57954, 44.4427, 76.8], [-0.57942, 44.44268, 76.8], [-0.57938, 44.4428, 76.8], [-0.57954, 44.44283, 76.8], [-0.57958, 44.44272, 76.8], [-0.57973, 44.44283, 76.8], [-0.57982, 44.44299, 77.7], [-0.57982, 44.44317, 77.7], [-0.57972, 44.44336, 76.71607142857142], [-0.5795, 44.44351, 76.71607142857142], [-0.57927, 44.44356, 76.71607142857142], [-0.57902, 44.44355, 76.71607142857142], [-0.57869, 44.44345, 76.71607142857142], [-0.57851, 44.44333, 76.71607142857142], [-0.57842, 44.44316, 76.71607142857142], [-0.57842, 44.44299, 76.71607142857142], [-0.5785, 44.44283, 76.71607142857142], [-0.57865, 44.44269, 76.71607142857142]]]}}, {"type": "Feature", "properties": {"id_obligation": "335360000B0797", "priorite": "moyenne"}, "geometry": {"type": "Polygon", "coordinates": [[[-0.57866, 44.44999, 86.01005952380952], [-0.57846, 44.44989, 86.01005952380952], [-0.57831, 44.44965, 85.35714285714286], [-0.5784, 44.44964, 85.3], [-0.57839, 44.44952, 85.3], [-0.5783, 44.44953, 85.3], [-0.57838, 44.44931, 85.24285714285715], [-0.57853, 44.44917, 85.24285714285715], [-0.57874, 44.44908, 85.13333333333334], [-0.57899, 44.44906, 85.13333333333334], [-0.57931, 44.44911, 85.94999999999997], [-0.57951, 44.44919, 85.9], [-0.57936, 44.44917, 85.9], [-0.57935, 44.44923, 85.9], [-0.57956, 44.44923, 85.83009056109938], [-0.57968, 44.44938, 85.94999999999997], [-0.57972, 44.44955, 86.35714285714286], [-0.57963, 44.44979, 86.5], [-0.57949, 44.44993, 86.5], [-0.57923, 44.45003, 86.13902360804354], [-0.5789, 44.45004, 86.3], [-0.57866, 44.44999, 86.01005952380952]]]}}, {"type": "Feature", "properties": {"id_obligation": "335360000B0798", "priorite": "moyenne"}, "geometry": {"type": "Polygon", "coordinates": [[[-0.57976, 44.44955, 86.34], [-0.57964, 44.4497, 86.34], [-0.57944, 44.4498, 86.34], [-0.5792, 44.44985, 87.63333333333333], [-0.57881, 44.44981, 85.4], [-0.57859, 44.44973, 85.4], [-0.57842, 44.4496, 85.4], [-0.57834, 44.44938, 85.025], [-0.5784, 44.44912, 85.025], [-0.57857, 44.44891, 85.908626984127], [-0.5788, 44.44877, 85.908626984127], [-0.57904, 44.44872, 85.908626984127], [-0.57939, 44.44874, 85.908626984127], [-0.57964, 44.44886, 85.908626984127], [-0.57981, 44.44914, 85.93199999999999], [-0.57981, 44.44923, 85.8], [-0.57972, 44.44923, 85.9], [-0.57971, 44.4493, 85.8], [-0.57982, 44.44933, 85.93199999999999], [-0.57976, 44.44955, 86.34]]]}}, {"type": "Feature", "properties": {"id_obligation": "335360000B0799", "priorite": "moyenne"}, "geometry": {"type": "Polygon", "coordinates": [[[-0.57782, 44.44753, 82.88571428571429], [-0.57797, 44.44772, 84.66095238095237], [-0.57799, 44.44793, 84.66095238095237], [-0.57788, 44.44817, 84.66095238095237], [-0.57772, 44.44831, 84.66095238095237], [-0.57745, 44.4484, 87.3], [-0.57735, 44.44841, 87.3], [-0.57725, 44.44836, 87.3], [-0.57721, 44.4484, 87.3], [-0.57684, 44.44831, 84.66095238095237], [-0.57662, 44.44817, 84.66095238095237], [-0.57653, 44.44801, 85.79999999999998], [-0.57652, 44.44794, 85.8], [-0.57656, 44.44795, 85.8], [-0.57662, 44.44787, 85.8], [-0.57653, 44.44784, 85.8], [-0.57664, 44.4476, 83.8], [-0.57681, 44.44745, 83.8], [-0.57691, 44.4475, 83.8], [-0.57694, 44.4474, 83.8], [-0.577, 44.44738, 83.67999999999999], [-0.57724, 44.44736, 83.67999999999999], [-0.57756, 44.44742, 82.88571428571429], [-0.57782, 44.44753, 82.88571428571429]]]}}, {"type": "Feature", "properties": {"id_obligation": "335360000B0801", "priorite": "moyenne"}, "geometry": {"type": "Polygon", "coordinates": [[[-0.57754, 44.44808, 84.5], [-0.5773, 44.44809, 84.5], [-0.57697, 44.44801, 84.5], [-0.57674, 44.44787, 84.5], [-0.57664, 44.44771, 83.8], [-0.57664, 44.44753, 83.8], [-0.57673, 44.44731, 82.27692307692307], [-0.57682, 44.44722, 82.0], [-0.57689, 44.44723, 82.0], [-0.57695, 44.44714, 82.0], [-0.57732, 44.44704, 83.26666666666665], [-0.57756, 44.44703, 83.26666666666665], [-0.57792, 44.44712, 82.8], [-0.57814, 44.44727, 82.8], [-0.57823, 44.44748, 83.47655677655679], [-0.57817, 44.44771, 83.47655677655679], [-0.57804, 44.44786, 83.47655677655679], [-0.57754, 44.44808, 84.5]]]}}, {"type": "Feature", "properties": {"id_obligation": "335360000B0805", "priorite": "moyenne"}, "geometry": {"type": "Polygon", "coordinates": [[[-0.57947, 44.44989, 85.65961038961039], [-0.57929, 44.44972, 85.65961038961039], [-0.57926, 44.44962, 86.3977209905896], [-0.57944, 44.44964, 86.3], [-0.57946, 44.44956, 86.3], [-0.57927, 44.44954, 86.4], [-0.57932, 44.44927, 85.92727272727272], [-0.57936, 44.44922, 85.9], [-0.57956, 44.44925, 85.8], [-0.57957, 44.44918, 85.9], [-0.5794, 44.44917, 85.9], [-0.57972, 44.44901, 85.71999999999998], [-0.57996, 44.449, 85.71999999999998], [-0.58026, 44.44904, 85.1], [-0.5805, 44.44917, 85.1], [-0.58062, 44.44932, 84.82999999999998], [-0.58064, 44.4495, 84.82999999999998], [-0.58058, 44.44974, 85.65961038961039], [-0.58044, 44.44989, 85.65961038961039], [-0.58023, 44.44998, 85.65961038961039], [-0.57974, 44.44999, 85.65961038961039], [-0.57947, 44.44989, 85.65961038961039]]]}}, {"type": "Feature", "properties": {"id_obligation": "335360000B0815", "priorite": "faible"}, "geometry": {"type": "Polygon", "coordinates": [[[-0.57459, 44.44889, 86.39999999999999], [-0.57452, 44.44872, 84.51866883116882], [-0.5746, 44.44846, 83.0], [-0.57471, 44.44847, 83.0], [-0.5747, 44.44841, 83.0], [-0.57481, 44.44833, 83.0], [-0.57474, 44.44831, 83.0], [-0.57498, 44.44819, 83.5875], [-0.57522, 44.44816, 83.5875], [-0.57546, 44.44819, 83.92500000000001], [-0.57568, 44.44829, 83.92500000000001], [-0.57586, 44.44847, 84.76363636363634], [-0.5759, 44.44865, 84.76363636363634], [-0.57585, 44.44882, 85.8], [-0.57577, 44.44879, 85.8], [-0.57563, 44.44895, 85.8], [-0.57572, 44.44898, 85.8], [-0.5757, 44.449, 85.79999999999998], [-0.5755, 44.44911, 85.79999999999998], [-0.57527, 44.44916, 84.51866883116882], [-0.57502, 44.44914, 84.51866883116882], [-0.57479, 44.44905, 86.39999999999999], [-0.57459, 44.44889, 86.39999999999999]]]}}, {"type": "Feature", "properties": {"id_obligation": "335360000B0824", "priorite": "faible"}, "geometry": {"type": "Polygon", "coordinates": [[[-0.57475, 44.44848, 83.0], [-0.57455, 44.44858, 83.0], [-0.57426, 44.44862, 83.0], [-0.57392, 44.44855, 82.38499999999999], [-0.57371, 44.44846, 82.38499999999999], [-0.57357, 44.44832, 82.38499999999999], [-0.57351, 44.44811, 82.38499999999999], [-0.57365, 44.44773, 82.38499999999999], [-0.57378, 44.44757, 82.38499999999999], [-0.57404, 44.44745, 82.38499999999999], [-0.57429, 44.44742, 82.38499999999999], [-0.57462, 44.4475, 82.38499999999999], [-0.57489, 44.44769, 82.38499999999999], [-0.575, 44.44789, 82.13999999999999], [-0.57496, 44.44814, 82.13999999999999], [-0.57475, 44.44848, 83.0]]]}}, {"type": "Feature", "properties": {"id_obligation": "335360000B0827", "priorite": "faible"}, "geometry": {"type": "Polygon", "coordinates": [[[-0.57512, 44.44881, 84.6], [-0.57479, 44.44892, 83.06282738095238], [-0.57443, 44.44888, 83.66], [-0.5743, 44.44883, 83.64137361242118], [-0.57434, 44.44877, 83.6], [-0.5742, 44.44872, 83.7], [-0.57414, 44.44876, 83.66], [-0.57398, 44.44863, 83.66], [-0.5739, 44.44841, 83.06282738095238], [-0.57394, 44.44824, 83.06282738095238], [-0.57413, 44.44799, 81.4], [-0.57424, 44.44792, 81.4], [-0.57414, 44.44813, 81.4], [-0.5743, 44.44817, 81.4], [-0.57438, 44.44796, 81.4], [-0.57427, 44.44793, 81.4], [-0.57443, 44.44784, 82.15], [-0.57479, 44.44784, 82.15], [-0.57519, 44.44798, 83.06282738095238], [-0.57535, 44.44811, 83.06282738095238], [-0.57542, 44.44825, 83.40344371508107], [-0.57536, 44.44822, 83.1], [-0.57529, 44.44832, 83.1], [-0.57543, 44.44837, 83.01266543488514], [-0.5753, 44.44863, 84.6], [-0.57512, 44.44881, 84.6]]]}}, {"type": "Feature", "properties": {"id_obligation": "335360000B0828", "priorite": "faible"}, "geometry": {"type": "Polygon", "coordinates": [[[-0.57535, 44.44788, 82.47722222222222], [-0.57543, 44.44809, 83.1], [-0.5754, 44.44824, 83.29239578603844], [-0.57536, 44.44822, 83.1], [-0.57529, 44.44832, 83.1], [-0.57534, 44.44834, 83.0702025566867], [-0.5753, 44.4484, 83.7], [-0.57511, 44.44838, 83.8], [-0.57511, 44.44848, 83.8], [-0.57516, 44.44852, 83.8], [-0.57494, 44.44862, 83.0], [-0.5747, 44.44864, 83.0], [-0.57446, 44.44859, 82.47722222222222], [-0.57413, 44.44845, 82.47722222222222], [-0.57397, 44.44827, 81.39999999999999], [-0.57394, 44.4481, 81.39999999999999], [-0.574, 44.44793, 81.4], [-0.57417, 44.44773, 81.4], [-0.57437, 44.44763, 81.4], [-0.57461, 44.44759, 82.47722222222222], [-0.57485, 44.44762, 82.47722222222222], [-0.57514, 44.44772, 82.47722222222222], [-0.57535, 44.44788, 82.47722222222222]]]}}, {"type": "Feature", "properties": {"id_obligation": "335360000B0833", "priorite": "moyenne"}, "geometry": {"type": "Polygon", "coordinates": [[[-0.58052, 44.44935, 84.91999999999999], [-0.58046, 44.44952, 84.85999999999999], [-0.58031, 44.44966, 84.85999999999999], [-0.5801, 44.44974, 84.85999999999999], [-0.57996, 44.44976, 85.80646972232684], [-0.57998, 44.44966, 85.9], [-0.57987, 44.44966, 85.9], [-0.57985, 44.44976, 85.8], [-0.57965, 44.44976, 86.16666666666664], [-0.57946, 44.44972, 86.35714285714285], [-0.57926, 44.44962, 86.4], [-0.57911, 44.44943, 85.46363636363635], [-0.57909, 44.44939, 85.5], [-0.57918, 44.4494, 85.5], [-0.5792, 44.4493, 85.5], [-0.57908, 44.44929, 85.5], [-0.57909, 44.44921, 84.6], [-0.57919, 44.44919, 85.2], [-0.5791, 44.44917, 84.6], [-0.57916, 44.44902, 85.59545150755677], [-0.57936, 44.44886, 85.59545150755677], [-0.57962, 44.44878, 85.59545150755677], [-0.57994, 44.44876, 85.59545150755677], [-0.58023, 44.44883, 85.59545150755677], [-0.5804, 44.44894, 85.59545150755677], [-0.58052, 44.44913, 84.91999999999999], [-0.58052, 44.44935, 84.91999999999999]], [[-0.57944, 44.44964, 86.3], [-0.57946, 44.44956, 86.3], [-0.57927, 44.44954, 86.4], [-0.57926, 44.44962, 86.4], [-0.57944, 44.44964, 86.3]]]}}, {"type": "Feature", "properties": {"id_obligation": "335360000B0834", "priorite": "moyenne"}, "geometry": {"type": "Polygon", "coordinates": [[[-0.57999, 44.44885, 86.19634354752002], [-0.58016, 44.44903, 85.58888888888886], [-0.5802, 44.44923, 85.1], [-0.58, 44.44922, 85.1], [-0.57998, 44.4493, 85.1], [-0.58018, 44.44933, 85.1], [-0.5801, 44.44948, 86.6], [-0.57994, 44.44961, 86.6], [-0.57966, 44.4497, 86.19090909090907], [-0.57927, 44.44968, 86.19090909090907], [-0.57904, 44.44963, 87.98571428571428], [-0.57897, 44.44959, 88.11279641352625], [-0.57906, 44.44961, 88.2], [-0.57909, 44.44953, 87.9], [-0.57895, 44.4495, 87.9], [-0.57893, 44.44957, 87.9], [-0.57875, 44.44935, 85.20666666666666], [-0.57873, 44.44929, 85.3], [-0.57878, 44.4493, 85.3], [-0.5788, 44.44922, 85.3], [-0.57873, 44.44921, 85.3], [-0.57874, 44.44911, 85.20666666666666], [-0.57882, 44.44894, 86.19634354752002], [-0.57899, 44.44881, 86.19634354752002], [-0.57921, 44.44873, 86.19634354752002], [-0.57972, 44.44875, 86.19634354752002], [-0.57999, 44.44885, 86.19634354752002]]]}}, {"type": "Feature", "properties": {"id_obligation": "335360000B0835", "priorite": "moyenne"}, "geometry": {"type": "Polygon", "coordinates": [[[-0.58039, 44.4488, 85.67401960784315], [-0.58061, 44.44888, 85.67401960784315], [-0.58077, 44.44901, 85.67401960784315], [-0.58085, 44.44917, 85.67401960784315], [-0.58084, 44.44935, 85.67401960784315], [-0.58073, 44.44957, 85.67401960784315], [-0.58051, 44.44972, 85.67401960784315], [-0.58028, 44.44978, 85.5294117647059], [-0.57996, 44.44976, 85.81700761786685], [-0.57998, 44.44966, 85.9], [-0.57987, 44.44966, 85.9], [-0.57985, 44.44974, 85.83362390447601], [-0.57961, 44.44966, 85.86666666666667], [-0.57942, 44.4495, 85.86666666666667], [-0.57935, 44.44934, 85.94285714285714], [-0.57936, 44.44924, 85.89718331067897], [-0.57956, 44.44925, 85.8], [-0.57957, 44.44918, 85.9], [-0.57937, 44.44917, 85.9], [-0.57956, 44.4489, 85.67401960784315], [-0.57977, 44.44881, 85.67401960784315], [-0.58011, 44.44877, 85.67401960784315], [-0.58039, 44.4488, 85.67401960784315]]]}}, {"type": "Feature", "properties": {"id_obligation": "335360000B0840", "priorite": "moyenne"}, "geometry": {"type": "Polygon", "coordinates": [[[-0.57839, 44.44655, 81.24814407814405], [-0.57809, 44.4467, 81.24814407814405], [-0.57779, 44.44672, 81.24814407814405], [-0.5774, 44.44664, 81.6], [-0.57713, 44.44641, 81.61899429734585], [-0.5772, 44.44642, 81.4], [-0.57722, 44.44629, 81.8], [-0.5771, 44.44629, 81.8], [-0.57704, 44.44611, 81.02142857142856], [-0.57711, 44.44576, 83.3], [-0.57724, 44.44576, 83.3], [-0.57725, 44.44568, 83.3], [-0.57719, 44.44567, 83.3], [-0.57724, 44.44563, 82.23076923076921], [-0.57775, 44.44545, 80.64000000000001], [-0.57809, 44.44544, 80.64000000000001], [-0.57832, 44.4455, 81.24814407814405], [-0.5785, 44.44562, 81.24814407814405], [-0.57862, 44.44582, 81.24814407814405], [-0.5785, 44.44635, 81.24814407814405], [-0.57839, 44.44655, 81.24814407814405]]]}}, {"type": "Feature", "properties": {"id_obligation": "335360000B0841", "priorite": "moyenne"}, "geometry": {"type": "Polygon", "coordinates": [[[-0.57869, 44.44592, 81.42], [-0.5788, 44.44607, 82.5], [-0.57882, 44.44629, 82.5], [-0.57873, 44.44647, 80.99430555555556], [-0.57857, 44.4466, 80.99430555555556], [-0.57835, 44.44667, 80.99430555555556], [-0.57801, 44.44667, 80.99430555555556], [-0.57778, 44.44661, 80.99430555555556], [-0.57759, 44.44649, 80.99430555555556], [-0.57749, 44.44633, 80.5], [-0.57749, 44.44612, 80.5], [-0.57757, 44.44596, 80.84583333333333], [-0.57772, 44.44584, 80.6], [-0.5777, 44.44588, 80.7], [-0.57783, 44.44587, 80.6], [-0.57783, 44.44579, 80.6], [-0.57797, 44.44575, 80.39999999999999], [-0.57844, 44.44579, 81.42], [-0.57869, 44.44592, 81.42]]]}}, {"type": "Feature", "properties": {"id_obligation": "BATIMENT0000000245412390", "priorite": "moyenne"}, "geometry": {"type": "Polygon", "coordinates": [[[-0.57977, 44.44162, 77.0], [-0.57964, 44.44164, 77.0], [-0.57964, 44.44174, 77.0], [-0.5797, 44.44176, 77.0], [-0.57977, 44.44165, 77.0], [-0.57977, 44.44175, 77.0], [-0.57966, 44.44195, 76.65], [-0.57941, 44.44216, 76.65], [-0.57919, 44.44222, 76.2225], [-0.57889, 44.44221, 76.2225], [-0.57868, 44.44213, 76.2225], [-0.57841, 44.44196, 76.2225], [-0.57831, 44.4418, 76.2225], [-0.5783, 44.44162, 76.2225], [-0.57839, 44.44146, 76.2225], [-0.57863, 44.44126, 76.2225], [-0.57885, 44.44119, 75.24], [-0.57909, 44.44118, 75.24], [-0.57957, 44.44136, 76.2225], [-0.57977, 44.44162, 77.0]]]}}, {"type": "Feature", "properties": {"id_obligation": "BATIMENT0000002204270534", "priorite": "faible"}, "geometry": {"type": "Polygon", "coordinates": [[[-0.57602, 44.44888, 86.19999999999999], [-0.57632, 44.4489, 86.92256235827664], [-0.57652, 44.44899, 86.92256235827664], [-0.57673, 44.4492, 89.4], [-0.57679, 44.44937, 89.4], [-0.57676, 44.44954, 89.4], [-0.57664, 44.44969, 86.92256235827664], [-0.5764, 44.44982, 86.92256235827664], [-0.5763, 44.44984, 88.9], [-0.57613, 44.44966, 88.9], [-0.57607, 44.44969, 88.9], [-0.57618, 44.44986, 88.5], [-0.57586, 44.44982, 85.79999999999998], [-0.57571, 44.44975, 85.8], [-0.57549, 44.44955, 86.03571428571426], [-0.57545, 44.44946, 86.1], [-0.57549, 44.4495, 86.1], [-0.57561, 44.44948, 86.1], [-0.5755, 44.44938, 86.1], [-0.57543, 44.44941, 86.1], [-0.57547, 44.44919, 85.79999999999998], [-0.5756, 44.44904, 85.79999999999998], [-0.57579, 44.44894, 85.79999999999998], [-0.57602, 44.44888, 86.19999999999999]]]}}]}