{"type": "FeatureCollection", "features": [{"type": "Feature", "properties": {"id_obligation": "401710000A0123", "priorite": "très forte"}, "geometry": {"type": "Polygon", "coordinates": [[[-0.69372, 44.4217, 61.33301282051281], [-0.69361, 44.42191, 61.9], [-0.69338, 44.42205, 61.9], [-0.69305, 44.42211, 61.637499999999996], [-0.69275, 44.42208, 61.33301282051281], [-0.69251, 44.42194, 61.33301282051281], [-0.69228, 44.42148, 61.33301282051281], [-0.69231, 44.42131, 61.33301282051281], [-0.69244, 44.42115, 61.33301282051281], [-0.69273, 44.42101, 61.33301282051281], [-0.69297, 44.42097, 61.33301282051281], [-0.69321, 44.42099, 61.33301282051281], [-0.69343, 44.42108, 61.33301282051281], [-0.69357, 44.42122, 61.33301282051281], [-0.69372, 44.4217, 61.33301282051281]]]}}, {"type": "Feature", "properties": {"id_obligation": "401710000A0124", "priorite": "très forte"}, "geometry": {"type": "Polygon", "coordinates": [[[-0.69373, 44.42235, 60.670421245421245], [-0.69347, 44.42247, 60.670421245421245], [-0.69307, 44.42249, 60.670421245421245], [-0.69279, 44.4224, 60.50769230769232], [-0.6926, 44.42223, 60.50769230769232], [-0.69239, 44.42174, 60.670421245421245], [-0.69239, 44.42157, 60.670421245421245], [-0.69249, 44.4214, 60.670421245421245], [-0.69267, 44.42128, 60.670421245421245], [-0.693, 44.4212, 60.42857142857143], [-0.69324, 44.42121, 60.42857142857143], [-0.69346, 44.42128, 60.670421245421245], [-0.69363, 44.4214, 60.670421245421245], [-0.69388, 44.42177, 60.670421245421245], [-0.6939, 44.42212, 60.670421245421245], [-0.69373, 44.42235, 60.670421245421245]]]}}, {"type": "Feature", "properties": {"id_obligation": "401710000A0131", "priorite": "forte"}, "geometry": {"type": "Polygon", "coordinates": [[[-0.69494, 44.42517, 59.81481481481482], [-0.69464, 44.42517, 59.81481481481482], [-0.69442, 44.4251, 59.2], [-0.69417, 44.42493, 59.2], [-0.69408, 44.42476, 58.79999999999999], [-0.6941, 44.42459, 58.79999999999999], [-0.6942, 44.42443, 59.81481481481482], [-0.69444, 44.42425, 59.81481481481482], [-0.69467, 44.42418, 59.81481481481482], [-0.69491, 44.42419, 59.81481481481482], [-0.69514, 44.42426, 59.81481481481482], [-0.6954, 44.42444, 59.81481481481482], [-0.69548, 44.4246, 59.81481481481482], [-0.69548, 44.42478, 59.81481481481482], [-0.69537, 44.42495, 59.81481481481482], [-0.69517, 44.42509, 59.81481481481482], [-0.69494, 44.42517, 59.81481481481482]]]}}, {"type": "Feature", "properties": {"id_obligation": "401710000A0132", "priorite": "forte"}, "geometry": {"type": "Polygon", "coordinates": [[[-0.69649, 44.42421, 62.78181818181818], [-0.69658, 44.42442, 62.78181818181818], [-0.69651, 44.42468, 62.78181818181818], [-0.69631, 44.42485, 62.78181818181818], [-0.69602, 44.42493, 62.78181818181818], [-0.69548, 44.42492, 62.78181818181818], [-0.69515, 44.42482, 62.78181818181818], [-0.69498, 44.4247, 62.78181818181818], [-0.69488, 44.42454, 62.78181818181818], [-0.69488, 44.42436, 62.78181818181818], [-0.69504, 44.42407, 62.78181818181818], [-0.69524, 44.42391, 62.78181818181818], [-0.69547, 44.42384, 62.78181818181818], [-0.69572, 44.42384, 62.78181818181818], [-0.69628, 44.42406, 62.78181818181818], [-0.69649, 44.42421, 62.78181818181818]]]}}, {"type": "Feature", "properties": {"id_obligation": "401710000A0152", "priorite": "forte"}, "geometry": {"type": "Polygon", "coordinates": [[[-0.69589, 44.41572, 57.41428571428571], [-0.69568, 44.41594, 58.41285714285715], [-0.69545, 44.41601, 58.41285714285715], [-0.69467, 44.41614, 58.41285714285715], [-0.69443, 44.41612, 58.41285714285715], [-0.69418, 44.416, 58.41285714285715], [-0.69401, 44.41583, 58.41285714285715], [-0.69392, 44.4156, 58.7], [-0.69401, 44.41534, 60.4], [-0.69423, 44.41519, 60.4], [-0.69522, 44.41499, 56.85000000000002], [-0.69546, 44.41502, 58.41285714285715], [-0.69571, 44.41514, 58.41285714285715], [-0.69584, 44.41529, 58.41285714285715], [-0.69592, 44.4155, 57.41428571428571], [-0.69589, 44.41572, 57.41428571428571]]]}}, {"type": "Feature", "properties": {"id_obligation": "401710000A0153", "priorite": "très forte"}, "geometry": {"type": "Polygon", "coordinates": [[[-0.69424, 44.4158, -117.98539886039885], [-0.69393, 44.41567, -117.98539886039885], [-0.69376, 44.41545, 60.4], [-0.6938, 44.41512, -1000.0], [-0.69394, 44.41497, -1000.0], [-0.69421, 44.41486, -1000.0], [-0.69483, 44.41481, -117.98539886039885], [-0.69529, 44.41485, -117.98539886039885], [-0.69552, 44.41499, -117.98539886039885], [-0.69563, 44.41514, 56.4153846153846], [-0.69566, 44.41535, 56.4153846153846], [-0.69561, 44.41553, 58.70000000000001], [-0.69546, 44.41567, 58.70000000000001], [-0.69525, 44.41577, 58.70000000000001], [-0.69424, 44.4158, -117.98539886039885]]]}}, {"type": "Feature", "properties": {"id_obligation": "401710000A0154", "priorite": "forte"}, "geometry": {"type": "Polygon", "coordinates": [[[-0.69579, 44.41498, -118.38916666666665], [-0.69605, 44.41522, 56.9], [-0.6961, 44.4154, 56.9], [-0.69606, 44.41558, -118.38916666666665], [-0.69578, 44.41581, -118.38916666666665], [-0.69554, 44.41587, -118.38916666666665], [-0.69519, 44.41586, 58.7], [-0.69486, 44.4157, 58.7], [-0.6946, 44.41573, 58.7], [-0.69436, 44.41569, 58.7], [-0.69404, 44.41548, 57.99999999999999], [-0.69395, 44.41527, 57.99999999999999], [-0.69398, 44.41506, -1000.0], [-0.6941, 44.4149, -1000.0], [-0.69429, 44.41479, -1000.0], [-0.69453, 44.41474, -1000.0], [-0.69486, 44.41475, -118.38916666666665], [-0.69508, 44.41482, -118.38916666666665], [-0.69525, 44.41494, -118.38916666666665], [-0.69579, 44.41498, -118.38916666666665]]]}}, {"type": "Feature", "properties": {"id_obligation": "401710000A0274", "priorite": "moyenne"}, "geometry": {"type": "Polygon", "coordinates": [[[-0.68385, 44.41497, 60.71085714285714], [-0.68413, 44.41504, 60.71085714285714], [-0.68434, 44.41519, 60.71085714285714], [-0.68442, 44.41535, 60.71085714285714], [-0.6844, 44.41557, 60.71085714285714], [-0.68426, 44.41576, 60.9], [-0.68406, 44.41586, 60.9], [-0.68366, 44.41597, 60.81428571428571], [-0.68333, 44.41595, 60.79], [-0.6831, 44.41587, 60.79], [-0.68294, 44.41573, 60.79], [-0.68287, 44.41556, 59.4], [-0.68288, 44.41536, 59.4], [-0.683, 44.41517, 60.71085714285714], [-0.68324, 44.41504, 60.71085714285714], [-0.68385, 44.41497, 60.71085714285714]]]}}, {"type": "Feature", "properties": {"id_obligation": "401710000A0285", "priorite": "moyenne"}, "geometry": {"type": "Polygon", "coordinates": [[[-0.68353, 44.41619, 61.96903846153846], [-0.68329, 44.41624, 61.96903846153846], [-0.683, 44.41624, 61.96903846153846], [-0.68272, 44.41615, 61.96903846153846], [-0.68256, 44.41602, 61.96903846153846], [-0.68249, 44.41585, 62.30769230769229], [-0.68249, 44.41562, 62.30769230769229], [-0.68262, 44.41542, 64.4], [-0.68297, 44.4152, 61.96903846153846], [-0.6832, 44.41514, 61.96903846153846], [-0.68352, 44.41516, 61.512499999999996], [-0.68379, 44.41526, 61.512499999999996], [-0.68396, 44.41544, 61.512499999999996], [-0.68399, 44.41569, 61.06666666666666], [-0.68393, 44.41586, 61.96903846153846], [-0.68353, 44.41619, 61.96903846153846]]]}}, {"type": "Feature", "properties": {"id_obligation": "401710000A0299", "priorite": "moyenne"}, "geometry": {"type": "Polygon", "coordinates": [[[-0.68057, 44.41712, 61.46142857142857], [-0.68035, 44.41705, 61.46142857142857], [-0.68018, 44.41693, 61.46142857142857], [-0.68006, 44.41669, 61.46142857142857], [-0.68006, 44.41651, 61.46142857142857], [-0.68016, 44.41635, 61.46142857142857], [-0.68033, 44.41622, 61.46142857142857], [-0.68094, 44.41608, 61.46142857142857], [-0.68119, 44.41607, 62.6], [-0.68142, 44.41612, 62.6], [-0.68165, 44.41627, 62.6], [-0.68176, 44.41652, 60.3142857142857], [-0.68169, 44.41682, 61.46142857142857], [-0.68143, 44.417, 61.46142857142857], [-0.6811, 44.41708, 61.46142857142857], [-0.68057, 44.41712, 61.46142857142857]]]}}, {"type": "Feature", "properties": {"id_obligation": "401710000A0309", "priorite": "moyenne"}, "geometry": {"type": "Polygon", "coordinates": [[[-0.68445, 44.41599, 61.25315476190477], [-0.68423, 44.41615, 61.25315476190477], [-0.68399, 44.4162, 61.25315476190477], [-0.68368, 44.41619, 61.25315476190477], [-0.68341, 44.41608, 61.25315476190477], [-0.68326, 44.41594, 61.25315476190477], [-0.6832, 44.4158, 61.5], [-0.68321, 44.41558, 60.55833333333333], [-0.68332, 44.41542, 62.20000000000001], [-0.6835, 44.4153, 62.20000000000001], [-0.68374, 44.41524, 61.41428571428571], [-0.68407, 44.41525, 61.25315476190477], [-0.6843, 44.41533, 61.25315476190477], [-0.68446, 44.41546, 61.25315476190477], [-0.68455, 44.41562, 61.25315476190477], [-0.68454, 44.41582, 61.25315476190477], [-0.68445, 44.41599, 61.25315476190477]]]}}, {"type": "Feature", "properties": {"id_obligation": "401710000A0314", "priorite": "forte"}, "geometry": {"type": "Polygon", "coordinates": [[[-0.6844, 44.41521, 61.720000000000006], [-0.68462, 44.41513, 61.720000000000006], [-0.68494, 44.4151, 61.720000000000006], [-0.68517, 44.41515, 61.720000000000006], [-0.68536, 44.41525, 61.720000000000006], [-0.68548, 44.4154, 61.720000000000006], [-0.68553, 44.41563, 61.720000000000006], [-0.68547, 44.4158, 61.720000000000006], [-0.68532, 44.41594, 61.720000000000006], [-0.68511, 44.41603, 61.720000000000006], [-0.68481, 44.41606, 61.720000000000006], [-0.68456, 44.41603, 61.720000000000006], [-0.68435, 44.41593, 61.720000000000006], [-0.68422, 44.41578, 61.720000000000006], [-0.68417, 44.41558, 61.720000000000006], [-0.68422, 44.4154, 61.720000000000006], [-0.6844, 44.41521, 61.720000000000006]]]}}, {"type": "Feature", "properties": {"id_obligation": "401710000A0354", "priorite": "moyenne"}, "geometry": {"type": "Polygon", "coordinates": [[[-0.68203, 44.41578, 62.07857142857142], [-0.68193, 44.41557, 62.07857142857142], [-0.68196, 44.4154, 62.07857142857142], [-0.68211, 44.4152, 62.07857142857142], [-0.68229, 44.41509, 62.07857142857142], [-0.68253, 44.41504, 62.07857142857142], [-0.68277, 44.41505, 62.07857142857142], [-0.68306, 44.41516, 62.07857142857142], [-0.68322, 44.4153, 62.07857142857142], [-0.68329, 44.41546, 62.07857142857142], [-0.68322, 44.41573, 61.3], [-0.68311, 44.4157, 61.3], [-0.68311, 44.4158, 61.5], [-0.68316, 44.4158, 61.5], [-0.68312, 44.41585, 61.35714285714287], [-0.68293, 44.41596, 61.35714285714287], [-0.6827, 44.41601, 62.07857142857142], [-0.68245, 44.41599, 62.07857142857142], [-0.6822, 44.4159, 62.07857142857142], [-0.68203, 44.41578, 62.07857142857142]]]}}, {"type": "Feature", "properties": {"id_obligation": "401710000A0362", "priorite": "très forte"}, "geometry": {"type": "Polygon", "coordinates": [[[-0.69207, 44.42194, 61.35407925407926], [-0.69223, 44.42175, 61.35407925407926], [-0.69249, 44.42165, 61.35407925407926], [-0.69281, 44.42163, 61.35407925407926], [-0.69301, 44.42167, 61.8], [-0.69307, 44.42183, 61.2], [-0.69316, 44.42181, 61.2], [-0.69313, 44.42172, 61.65886767384016], [-0.69327, 44.42183, 61.65454545454545], [-0.69336, 44.42199, 61.9], [-0.69337, 44.4222, 61.9], [-0.6933, 44.42237, 61.35407925407926], [-0.69314, 44.4225, 61.35407925407926], [-0.69292, 44.42259, 61.35407925407926], [-0.6926, 44.4226, 61.35407925407926], [-0.69237, 44.42255, 61.35407925407926], [-0.69218, 44.42244, 61.35407925407926], [-0.69207, 44.42228, 61.35407925407926], [-0.69207, 44.42194, 61.35407925407926]]]}}, {"type": "Feature", "properties": {"id_obligation": "401710000A0375", "priorite": "moyenne"}, "geometry": {"type": "Polygon", "coordinates": [[[-0.67981, 44.41626, 61.7], [-0.67981, 44.41631, 61.7], [-0.67966, 44.41632, 61.7], [-0.67966, 44.41638, 61.7], [-0.6799, 44.41636, 61.7], [-0.67988, 44.41625, 61.7], [-0.67996, 44.41624, 61.699999999999996], [-0.6802, 44.41626, 60.95], [-0.68042, 44.41634, 60.95], [-0.6806, 44.41652, 60.95], [-0.68067, 44.41678, 60.95], [-0.68059, 44.41699, 60.95], [-0.68038, 44.41715, 60.95], [-0.67973, 44.41726, 60.95], [-0.67943, 44.41721, 60.95], [-0.67924, 44.41709, 60.95], [-0.67912, 44.41693, 60.95], [-0.67908, 44.41672, 60.95], [-0.67914, 44.41655, 60.95], [-0.67928, 44.4164, 60.95], [-0.67948, 44.41631, 60.95], [-0.67981, 44.41626, 61.7]]]}}, {"type": "Feature", "properties": {"id_obligation": "401710000A0386", "priorite": "moyenne"}, "geometry": {"type": "Polygon", "coordinates": [[[-0.68135, 44.41692, 60.62199999999999], [-0.68109, 44.4168, 60.62199999999999], [-0.68096, 44.41665, 60.62199999999999], [-0.68087, 44.41639, 59.739999999999995], [-0.6809, 44.41622, 60.62199999999999], [-0.68107, 44.41603, 60.62199999999999], [-0.68128, 44.41594, 60.62199999999999], [-0.68159, 44.41589, 62.1], [-0.68184, 44.41592, 60.62199999999999], [-0.68209, 44.41604, 60.62199999999999], [-0.68222, 44.41619, 60.62199999999999], [-0.6823, 44.41645, 60.6], [-0.68226, 44.41662, 60.62199999999999], [-0.68214, 44.41677, 60.62199999999999], [-0.68194, 44.41688, 60.62199999999999], [-0.68165, 44.41694, 59.4], [-0.68135, 44.41692, 60.62199999999999]]]}}, {"type": "Feature", "properties": {"id_obligation": "401710000A0387", "priorite": "moyenne"}, "geometry": {"type": "Polygon", "coordinates": [[[-0.68263, 44.41669, 61.01025641025641], [-0.68238, 44.41689, 61.01025641025641], [-0.68196, 44.41698, 59.4], [-0.68166, 44.41696, 61.01025641025641], [-0.68145, 44.41687, 61.01025641025641], [-0.6813, 44.41672, 61.01025641025641], [-0.6811, 44.41628, 62.6], [-0.68113, 44.41606, 61.01025641025641], [-0.68126, 44.41591, 61.01025641025641], [-0.68145, 44.4158, 61.01025641025641], [-0.68176, 44.41575, 61.01025641025641], [-0.682, 44.41578, 61.01025641025641], [-0.68221, 44.41587, 61.01025641025641], [-0.68254, 44.41615, 61.01025641025641], [-0.68269, 44.41648, 61.01025641025641], [-0.68263, 44.41669, 61.01025641025641]]]}}, {"type": "Feature", "properties": {"id_obligation": "401710000A0389", "priorite": "moyenne"}, "geometry": {"type": "Polygon", "coordinates": [[[-0.68199, 44.41589, 61.86666666666665], [-0.68189, 44.41573, 61.86666666666665], [-0.68189, 44.41551, 61.86666666666665], [-0.68201, 44.41531, 61.86666666666665], [-0.68223, 44.41516, 61.86666666666665], [-0.68245, 44.4151, 61.86666666666665], [-0.68269, 44.41511, 61.86666666666665], [-0.68296, 44.4152, 61.86666666666665], [-0.68317, 44.41536, 61.86666666666665], [-0.68325, 44.41552, 61.3], [-0.68322, 44.41572, 61.3], [-0.68311, 44.4157, 61.3], [-0.68311, 44.4158, 61.5], [-0.68317, 44.4158, 61.5], [-0.6831, 44.4159, 61.5], [-0.68292, 44.41603, 61.5], [-0.68269, 44.41609, 61.86666666666665], [-0.68244, 44.41609, 61.86666666666665], [-0.68222, 44.41603, 61.86666666666665], [-0.68199, 44.41589, 61.86666666666665]]]}}, {"type": "Feature", "properties": {"id_obligation": "401710000A0398", "priorite": "moyenne"}, "geometry": {"type": "Polygon", "coordinates": [[[-0.68127, 44.41708, 61.88888888888889], [-0.68134, 44.41725, 60.6], [-0.68132, 44.41754, 61.88888888888889], [-0.68123, 44.4177, 61.88888888888889], [-0.68105, 44.41782, 61.88888888888889], [-0.68082, 44.41789, 62.4], [-0.68047, 44.41789, 62.4], [-0.68025, 44.41782, 62.53333333333334], [-0.68008, 44.41769, 62.53333333333334], [-0.67999, 44.41753, 61.59999999999999], [-0.67998, 44.41721, 61.59999999999999], [-0.68009, 44.417, 61.88888888888889], [-0.68031, 44.41686, 61.88888888888889], [-0.68055, 44.41681, 61.88888888888889], [-0.68084, 44.41683, 61.88888888888889], [-0.68111, 44.41694, 61.88888888888889], [-0.68127, 44.41708, 61.88888888888889]]]}}, {"type": "Feature", "properties": {"id_obligation": "401710000A0399", "priorite": "moyenne"}, "geometry": {"type": "Polygon", "coordinates": [[[-0.68103, 44.41731, 60.6], [-0.68123, 44.41747, 60.6], [-0.6813, 44.41764, 61.96031746031747], [-0.68127, 44.41791, 60.0], [-0.68111, 44.4181, 60.0], [-0.68091, 44.41819, 60.0], [-0.68067, 44.41823, 62.60000000000001], [-0.68038, 44.41821, 62.8], [-0.68012, 44.41809, 62.8], [-0.68006, 44.41794, 62.8], [-0.67998, 44.41794, 62.8], [-0.67994, 44.41777, 62.51428571428572], [-0.67997, 44.41754, 62.45714285714286], [-0.68015, 44.41734, 62.4], [-0.68015, 44.41741, 62.4], [-0.68026, 44.41741, 62.4], [-0.68023, 44.4173, 62.4], [-0.68028, 44.41728, 62.45714285714286], [-0.68051, 44.41723, 62.31111111111112], [-0.6808, 44.41724, 62.31111111111112], [-0.68103, 44.41731, 60.6]]]}}, {"type": "Feature", "properties": {"id_obligation": "401710000A0400", "priorite": "moyenne"}, "geometry": {"type": "Polygon", "coordinates": [[[-0.68129, 44.41799, 60.0], [-0.68128, 44.41824, 62.40476190476191], [-0.68118, 44.4184, 62.40476190476191], [-0.68101, 44.41852, 62.40476190476191], [-0.68078, 44.41858, 63.1], [-0.68044, 44.41858, 63.1], [-0.68021, 44.41851, 63.399999999999984], [-0.68008, 44.41843, 63.4], [-0.68009, 44.41836, 63.4], [-0.68002, 44.41836, 63.4], [-0.67993, 44.41818, 62.8], [-0.67995, 44.41793, 62.8], [-0.6801, 44.41771, 62.53333333333334], [-0.68014, 44.41768, 62.6], [-0.68024, 44.4177, 62.6], [-0.68024, 44.41762, 62.137517848164194], [-0.68053, 44.41755, 62.4], [-0.68084, 44.41757, 62.40476190476191], [-0.68105, 44.41766, 62.40476190476191], [-0.68123, 44.41783, 62.40476190476191], [-0.68129, 44.41799, 60.0]]]}}, {"type": "Feature", "properties": {"id_obligation": "401710000A0401", "priorite": "faible"}, "geometry": {"type": "Polygon", "coordinates": [[[-0.68066, 44.41695, 62.21111111111111], [-0.68081, 44.41709, 62.21111111111111], [-0.68088, 44.41726, 62.3111111111111], [-0.68086, 44.41755, 62.4], [-0.68067, 44.41775, 62.4], [-0.68067, 44.41768, 62.4], [-0.68057, 44.41768, 62.4], [-0.68056, 44.41778, 62.4], [-0.68063, 44.41778, 62.4], [-0.68049, 44.41783, 62.4], [-0.68025, 44.41786, 62.53333333333334], [-0.67996, 44.41784, 62.21111111111111], [-0.6797, 44.41773, 62.21111111111111], [-0.67956, 44.41758, 62.21111111111111], [-0.67952, 44.41741, 62.21111111111111], [-0.67955, 44.41716, 62.21111111111111], [-0.67967, 44.41701, 62.21111111111111], [-0.67986, 44.4169, 62.21111111111111], [-0.6801, 44.41685, 62.21111111111111], [-0.68039, 44.41686, 62.21111111111111], [-0.68066, 44.41695, 62.21111111111111]]]}}, {"type": "Feature", "properties": {"id_obligation": "401710000A0402", "priorite": "moyenne"}, "geometry": {"type": "Polygon", "coordinates": [[[-0.68079, 44.41792, 62.60000000000001], [-0.68067, 44.41804, 62.6], [-0.68058, 44.418, 62.6], [-0.68056, 44.41809, 62.6], [-0.6803, 44.41815, 62.79999999999999], [-0.67996, 44.41813, 62.8], [-0.67974, 44.41805, 62.8], [-0.67956, 44.41787, 62.8], [-0.67951, 44.4177, 62.4312925170068], [-0.67957, 44.41742, 62.4312925170068], [-0.67968, 44.41726, 62.4312925170068], [-0.67988, 44.41715, 62.4312925170068], [-0.68011, 44.4171, 61.59999999999999], [-0.68044, 44.41712, 62.25714285714287], [-0.68065, 44.41721, 62.25714285714287], [-0.6808, 44.41734, 62.25714285714287], [-0.68087, 44.41771, 62.42857142857142], [-0.68079, 44.41792, 62.60000000000001]]]}}, {"type": "Feature", "properties": {"id_obligation": "401710000A0403", "priorite": "moyenne"}, "geometry": {"type": "Polygon", "coordinates": [[[-0.68047, 44.4176, 62.42222222222222], [-0.68057, 44.41768, 62.4], [-0.68056, 44.41778, 62.4], [-0.68065, 44.41778, 62.4], [-0.68069, 44.41795, 62.60000000000001], [-0.68066, 44.41819, 62.80185185185186], [-0.6805, 44.41837, 62.80185185185186], [-0.6803, 44.41847, 62.80185185185186], [-0.68006, 44.4185, 63.28888888888888], [-0.67977, 44.41848, 63.1], [-0.67968, 44.41845, 63.1], [-0.67968, 44.41838, 63.1], [-0.67953, 44.41838, 63.1], [-0.67937, 44.41822, 63.1], [-0.67933, 44.41804, 62.80185185185186], [-0.67936, 44.41781, 62.80185185185186], [-0.67948, 44.41765, 62.80185185185186], [-0.67967, 44.41754, 62.80185185185186], [-0.6799, 44.41749, 62.6], [-0.68019, 44.4175, 62.6], [-0.68047, 44.4176, 62.42222222222222]]]}}, {"type": "Feature", "properties": {"id_obligation": "401710000A0408", "priorite": "moyenne"}, "geometry": {"type": "Polygon", "coordinates": [[[-0.68089, 44.41804, 60.0], [-0.6811, 44.4182, 60.0], [-0.68118, 44.41836, 62.24722222222222], [-0.68117, 44.41861, 62.24722222222222], [-0.68102, 44.4188, 62.24722222222222], [-0.68082, 44.4189, 62.24722222222222], [-0.68058, 44.41894, 62.24722222222222], [-0.68027, 44.41893, 62.24722222222222], [-0.68005, 44.41885, 62.24722222222222], [-0.67987, 44.41868, 62.24722222222222], [-0.67981, 44.41851, 63.28888888888888], [-0.67983, 44.41831, 62.24722222222222], [-0.67994, 44.41815, 62.24722222222222], [-0.68012, 44.41803, 62.24722222222222], [-0.68036, 44.41798, 62.60000000000001], [-0.68066, 44.41798, 62.60000000000001], [-0.68089, 44.41804, 60.0]]]}}, {"type": "Feature", "properties": {"id_obligation": "401710000A0409", "priorite": "moyenne"}, "geometry": {"type": "Polygon", "coordinates": [[[-0.67983, 44.4189, 62.955555555555556], [-0.67959, 44.41885, 62.955555555555556], [-0.6794, 44.41875, 62.955555555555556], [-0.67927, 44.4186, 62.955555555555556], [-0.67924, 44.41838, 63.1], [-0.67928, 44.41821, 62.955555555555556], [-0.67941, 44.41806, 62.955555555555556], [-0.67966, 44.41794, 62.955555555555556], [-0.68007, 44.41791, 62.8], [-0.68031, 44.41794, 62.60000000000001], [-0.68056, 44.41806, 62.6], [-0.68056, 44.41814, 62.6], [-0.68064, 44.41814, 62.6], [-0.68069, 44.41822, 62.60000000000001], [-0.68072, 44.41846, 63.1], [-0.68063, 44.41866, 62.955555555555556], [-0.68041, 44.41882, 62.955555555555556], [-0.68014, 44.41888, 62.955555555555556], [-0.67983, 44.4189, 62.955555555555556]]]}}, {"type": "Feature", "properties": {"id_obligation": "401710000A0410", "priorite": "moyenne"}, "geometry": {"type": "Polygon", "coordinates": [[[-0.67996, 44.41797, 62.8], [-0.67995, 44.41805, 62.8], [-0.68006, 44.41802, 62.8], [-0.68022, 44.41815, 62.8], [-0.6803, 44.41836, 63.28888888888888], [-0.68027, 44.41861, 63.27222222222222], [-0.68014, 44.41876, 63.27222222222222], [-0.67989, 44.41888, 63.27222222222222], [-0.67954, 44.41891, 63.27222222222222], [-0.6793, 44.41888, 63.27222222222222], [-0.67909, 44.41879, 63.27222222222222], [-0.67895, 44.41864, 63.27222222222222], [-0.67889, 44.41847, 63.27222222222222], [-0.67893, 44.41822, 63.89999999999999], [-0.67905, 44.41808, 63.89999999999999], [-0.67925, 44.41797, 63.89999999999999], [-0.67977, 44.41793, 63.27222222222222], [-0.67996, 44.41797, 62.8]]]}}, {"type": "Feature", "properties": {"id_obligation": "401710000A0411", "priorite": "forte"}, "geometry": {"type": "Polygon", "coordinates": [[[-0.67951, 44.41849, 63.89878787878788], [-0.6794, 44.41869, 63.89878787878788], [-0.67917, 44.41884, 63.89878787878788], [-0.67881, 44.41892, 63.89878787878788], [-0.67851, 44.41888, 63.89878787878788], [-0.67831, 44.41878, 63.89878787878788], [-0.67818, 44.41863, 63.89878787878788], [-0.67806, 44.41836, 63.89878787878788], [-0.67809, 44.41818, 63.89878787878788], [-0.67822, 44.41803, 63.89878787878788], [-0.67842, 44.41792, 63.89878787878788], [-0.67876, 44.41785, 63.9], [-0.679, 44.41787, 63.660000000000004], [-0.67922, 44.41795, 63.660000000000004], [-0.67937, 44.41809, 63.660000000000004], [-0.67947, 44.41828, 63.89878787878788], [-0.67951, 44.41849, 63.89878787878788]]]}}, {"type": "Feature", "properties": {"id_obligation": "401710000A0413", "priorite": "moyenne"}, "geometry": {"type": "Polygon", "coordinates": [[[-0.67977, 44.41818, 63.1], [-0.6796, 44.41836, 63.1], [-0.6794, 44.41846, 63.1], [-0.67892, 44.41856, 64.3], [-0.67862, 44.4185, 63.94], [-0.67844, 44.41839, 63.94], [-0.67827, 44.41813, 63.77666666666667], [-0.67822, 44.41796, 63.77666666666667], [-0.67828, 44.41778, 63.77666666666667], [-0.67842, 44.41764, 63.77666666666667], [-0.67863, 44.41754, 63.77666666666667], [-0.67893, 44.4175, 63.77666666666667], [-0.67949, 44.41762, 63.77666666666667], [-0.67967, 44.41774, 63.77666666666667], [-0.67978, 44.41796, 63.77666666666667], [-0.67977, 44.41818, 63.1]]]}}, {"type": "Feature", "properties": {"id_obligation": "401710000A0415", "priorite": "moyenne"}, "geometry": {"type": "Polygon", "coordinates": [[[-0.68045, 44.41658, 60.95], [-0.68024, 44.41674, 60.95], [-0.68002, 44.41681, 60.20000000000002], [-0.67959, 44.41683, 60.20000000000002], [-0.67936, 44.41677, 60.95], [-0.67917, 44.41666, 60.95], [-0.67906, 44.4165, 60.95], [-0.67903, 44.41627, 60.95], [-0.67914, 44.41606, 60.95], [-0.67932, 44.41594, 60.95], [-0.67963, 44.41582, 60.95], [-0.67996, 44.4158, 60.95], [-0.68019, 44.41585, 60.95], [-0.68042, 44.416, 60.95], [-0.68051, 44.41616, 60.95], [-0.68053, 44.41641, 60.95], [-0.68045, 44.41658, 60.95]]]}}, {"type": "Feature", "properties": {"id_obligation": "401710000B0020", "priorite": "très forte"}, "geometry": {"type": "Polygon", "coordinates": [[[-0.67944, 44.44774, 69.12], [-0.67928, 44.44786, 69.12], [-0.67887, 44.44805, 69.12], [-0.67851, 44.44808, 69.12], [-0.67822, 44.44801, 69.12], [-0.67805, 44.44788, 69.12], [-0.67795, 44.44772, 69.12], [-0.67793, 44.44744, 69.12], [-0.67804, 44.44724, 69.12], [-0.67822, 44.44712, 69.12], [-0.6787, 44.44699, 69.39999999999999], [-0.67901, 44.44698, 69.12], [-0.67924, 44.44705, 69.12], [-0.67946, 44.44721, 69.12], [-0.67954, 44.44738, 69.12], [-0.67953, 44.44758, 69.12], [-0.67944, 44.44774, 69.12]]]}}, {"type": "Feature", "properties": {"id_obligation": "401710000B0022", "priorite": "très forte"}, "geometry": {"type": "Polygon", "coordinates": [[[-0.67924, 44.44703, 68.21153846153845], [-0.67913, 44.44727, 67.60000000000001], [-0.67885, 44.44744, 67.6], [-0.67843, 44.44748, 68.21153846153845], [-0.67814, 44.44741, 68.21153846153845], [-0.67796, 44.44728, 68.21153846153845], [-0.67771, 44.44691, 68.21153846153845], [-0.67768, 44.44667, 68.21153846153845], [-0.67775, 44.44651, 68.21153846153845], [-0.67794, 44.44634, 68.21153846153845], [-0.67816, 44.44627, 68.21153846153845], [-0.67846, 44.44625, 68.21153846153845], [-0.67886, 44.44637, 68.21153846153845], [-0.67914, 44.44674, 68.21153846153845], [-0.67924, 44.44703, 68.21153846153845]]]}}, {"type": "Feature", "properties": {"id_obligation": "401710000B0451", "priorite": "très forte"}, "geometry": {"type": "Polygon", "coordinates": [[[-0.64892, 44.43613, 66.00000000000001], [-0.64906, 44.43632, 66.00000000000001], [-0.64905, 44.43654, 66.00000000000001], [-0.64893, 44.43675, 66.00000000000001], [-0.64875, 44.43686, 66.00000000000001], [-0.64847, 44.43692, 66.00000000000001], [-0.64823, 44.4369, 66.00000000000001], [-0.64794, 44.43681, 66.00000000000001], [-0.64777, 44.43668, 66.00000000000001], [-0.64769, 44.43651, 66.00000000000001], [-0.6477, 44.43633, 66.00000000000001], [-0.64784, 44.43612, 66.00000000000001], [-0.64803, 44.436, 66.00000000000001], [-0.64826, 44.43595, 66.00000000000001], [-0.64873, 44.43602, 66.00000000000001], [-0.64892, 44.43613, 66.00000000000001]]]}}, {"type": "Feature", "properties": {"id_obligation": "401710000C0109", "priorite": "très forte"}, "geometry": {"type": "Polygon", "coordinates": [[[-0.63661, 44.41398, 66.54444444444444], [-0.6366, 44.41381, 66.54444444444444], [-0.63668, 44.41364, 66.54444444444444], [-0.63687, 44.41349, 66.54444444444444], [-0.63712, 44.41341, 66.54444444444444], [-0.63736, 44.41339, 66.54444444444444], [-0.6376, 44.41345, 66.54444444444444], [-0.63778, 44.41357, 66.54444444444444], [-0.63795, 44.4138, 66.54444444444444], [-0.63798, 44.41398, 66.54444444444444], [-0.63792, 44.41415, 66.54444444444444], [-0.63773, 44.41432, 66.54444444444444], [-0.63746, 44.41441, 66.54444444444444], [-0.63716, 44.41441, 66.54444444444444], [-0.63689, 44.41431, 66.54444444444444], [-0.63661, 44.41398, 66.54444444444444]]]}}, {"type": "Feature", "properties": {"id_obligation": "401710000C0261", "priorite": "très forte"}, "geometry": {"type": "Polygon", "coordinates": [[[-0.63486, 44.42864, 68.70000000000002], [-0.63456, 44.42864, 68.70000000000002], [-0.63434, 44.42855, 68.70000000000002], [-0.63408, 44.42835, 68.70000000000002], [-0.63401, 44.42814, 68.70000000000002], [-0.63405, 44.42797, 68.70000000000002], [-0.63419, 44.42782, 68.70000000000002], [-0.63443, 44.42767, 68.70000000000002], [-0.63467, 44.42762, 68.70000000000002], [-0.63497, 44.42765, 68.70000000000002], [-0.63518, 44.42774, 68.70000000000002], [-0.63538, 44.42792, 68.70000000000002], [-0.63546, 44.42808, 68.70000000000002], [-0.63544, 44.42825, 68.70000000000002], [-0.63533, 44.42841, 68.70000000000002], [-0.63509, 44.42857, 68.70000000000002], [-0.63486, 44.42864, 68.70000000000002]]]}}, {"type": "Feature", "properties": {"id_obligation": "401710000C0328", "priorite": "très forte"}, "geometry": {"type": "Polygon", "coordinates": [[[-0.63998, 44.41144, 67.2], [-0.64021, 44.41159, 67.2], [-0.6403, 44.41175, 67.2], [-0.64031, 44.41197, 67.2], [-0.64021, 44.41213, 67.2], [-0.64004, 44.41226, 67.2], [-0.63981, 44.41232, 67.2], [-0.63951, 44.41232, 67.2], [-0.63929, 44.41226, 67.2], [-0.63911, 44.41213, 67.2], [-0.63902, 44.41198, 67.2], [-0.63901, 44.41176, 67.2], [-0.6391, 44.4116, 67.2], [-0.63927, 44.41147, 67.2], [-0.6395, 44.4114, 67.2], [-0.63974, 44.41139, 67.2], [-0.63998, 44.41144, 67.2]]]}}, {"type": "Feature", "properties": {"id_obligation": "401710000D0038", "priorite": "très forte"}, "geometry": {"type": "Polygon", "coordinates": [[[-0.66615, 44.42728, 63.59285714285714], [-0.66635, 44.42712, 63.59285714285714], [-0.66663, 44.42705, 65.2], [-0.66693, 44.42706, 63.59285714285714], [-0.66714, 44.42714, 63.59285714285714], [-0.6673, 44.42726, 63.59285714285714], [-0.66738, 44.42742, 63.59285714285714], [-0.66737, 44.42765, 63.59285714285714], [-0.66727, 44.42781, 63.59285714285714], [-0.66709, 44.42793, 63.59285714285714], [-0.66685, 44.42799, 63.59285714285714], [-0.66655, 44.42798, 63.59285714285714], [-0.66633, 44.42791, 63.59285714285714], [-0.66616, 44.42778, 63.59285714285714], [-0.66608, 44.42762, 63.59285714285714], [-0.66608, 44.42744, 63.59285714285714], [-0.66615, 44.42728, 63.59285714285714]]]}}, {"type": "Feature", "properties": {"id_obligation": "401710000D0039", "priorite": "très forte"}, "geometry": {"type": "Polygon", "coordinates": [[[-0.66716, 44.42696, 62.10625], [-0.66732, 44.42709, 62.10625], [-0.66739, 44.42726, 62.10625], [-0.66736, 44.42755, 62.10625], [-0.66725, 44.4277, 62.10625], [-0.66702, 44.42784, 62.10625], [-0.66678, 44.42788, 60.7], [-0.6665, 44.42786, 62.10625], [-0.66628, 44.42778, 62.10625], [-0.66609, 44.42761, 62.10625], [-0.66603, 44.42744, 62.10625], [-0.66606, 44.42719, 62.10625], [-0.66617, 44.42703, 62.10625], [-0.66636, 44.42691, 62.10625], [-0.6666, 44.42686, 62.10625], [-0.66689, 44.42687, 62.10625], [-0.66716, 44.42696, 62.10625]]]}}, {"type": "Feature", "properties": {"id_obligation": "401710000D0042", "priorite": "très forte"}, "geometry": {"type": "Polygon", "coordinates": [[[-0.66963, 44.42837, 65.7], [-0.66945, 44.42855, 65.7], [-0.66925, 44.42863, 65.7], [-0.66876, 44.42869, 65.7], [-0.66851, 44.42864, 65.7], [-0.66828, 44.42849, 65.7], [-0.66819, 44.42833, 65.7], [-0.66815, 44.42807, 65.7], [-0.66825, 44.42787, 65.7], [-0.66842, 44.42775, 65.7], [-0.66865, 44.42768, 65.7], [-0.66908, 44.42764, 65.7], [-0.66931, 44.42769, 65.7], [-0.6695, 44.4278, 65.7], [-0.66962, 44.42796, 65.7], [-0.66967, 44.42816, 65.7], [-0.66963, 44.42837, 65.7]]]}}, {"type": "Feature", "properties": {"id_obligation": "401710000D0066", "priorite": "très forte"}, "geometry": {"type": "Polygon", "coordinates": [[[-0.67079, 44.42118, 67.0], [-0.671, 44.42102, 67.0], [-0.67128, 44.42096, 69.0], [-0.6716, 44.42098, 67.0], [-0.67186, 44.4211, 67.0], [-0.67199, 44.42124, 67.0], [-0.67203, 44.42142, 67.0], [-0.672, 44.42164, 67.0], [-0.67187, 44.42179, 67.0], [-0.67168, 44.4219, 67.0], [-0.67144, 44.42195, 67.0], [-0.67112, 44.42192, 67.0], [-0.67091, 44.42183, 67.0], [-0.67076, 44.42169, 67.0], [-0.67071, 44.42134, 67.0], [-0.67079, 44.42118, 67.0]]]}}, {"type": "Feature", "properties": {"id_obligation": "401710000D0113", "priorite": "très forte"}, "geometry": {"type": "Polygon", "coordinates": [[[-0.66466, 44.4337, 64.84038461538462], [-0.66438, 44.43377, 64.84038461538462], [-0.66409, 44.43375, 64.84038461538462], [-0.66385, 44.43366, 64.84038461538462], [-0.66368, 44.43348, 64.84038461538462], [-0.66363, 44.43329, 63.92499999999998], [-0.66365, 44.43311, 64.84038461538462], [-0.66377, 44.43296, 64.84038461538462], [-0.664, 44.43283, 64.84038461538462], [-0.66425, 44.43279, 65.5], [-0.6645, 44.4328, 65.5], [-0.66472, 44.43289, 65.5], [-0.66488, 44.43302, 65.5], [-0.66495, 44.43319, 65.6], [-0.66495, 44.4334, 65.6], [-0.66483, 44.43359, 64.84038461538462], [-0.66466, 44.4337, 64.84038461538462]]]}}, {"type": "Feature", "properties": {"id_obligation": "401710000D0114", "priorite": "très forte"}, "geometry": {"type": "Polygon", "coordinates": [[[-0.66502, 44.4328, 64.07099358974358], [-0.66512, 44.43297, 64.07099358974358], [-0.66514, 44.4332, 64.07099358974358], [-0.66506, 44.43336, 64.07099358974358], [-0.66489, 44.43348, 64.07099358974358], [-0.66468, 44.43356, 63.225], [-0.66437, 44.43358, 63.225], [-0.66414, 44.43352, 63.86666666666665], [-0.66395, 44.4334, 63.86666666666665], [-0.66385, 44.43325, 64.1], [-0.66382, 44.43301, 64.1], [-0.66392, 44.4328, 64.07099358974358], [-0.66409, 44.43268, 64.07099358974358], [-0.66431, 44.43261, 64.07099358974358], [-0.66458, 44.43261, 64.07099358974358], [-0.66483, 44.43268, 64.07099358974358], [-0.66502, 44.4328, 64.07099358974358]]]}}, {"type": "Feature", "properties": {"id_obligation": "401710000D0119", "priorite": "très forte"}, "geometry": {"type": "Polygon", "coordinates": [[[-0.66538, 44.43097, 64.48333333333333], [-0.66518, 44.43114, 64.48333333333333], [-0.6649, 44.43122, 64.0], [-0.66453, 44.43123, 64.48333333333333], [-0.66431, 44.43115, 64.48333333333333], [-0.66412, 44.43098, 64.48333333333333], [-0.66404, 44.43069, 64.48333333333333], [-0.66406, 44.43051, 64.48333333333333], [-0.66417, 44.43036, 64.48333333333333], [-0.66435, 44.43024, 64.48333333333333], [-0.66458, 44.43019, 64.48333333333333], [-0.66494, 44.43019, 64.48333333333333], [-0.66516, 44.43026, 64.48333333333333], [-0.66532, 44.43039, 64.48333333333333], [-0.66544, 44.43076, 65.0], [-0.66538, 44.43097, 64.48333333333333]]]}}, {"type": "Feature", "properties": {"id_obligation": "401710000D0120", "priorite": "très forte"}, "geometry": {"type": "Polygon", "coordinates": [[[-0.66474, 44.4303, 64.9], [-0.66504, 44.43026, 64.9], [-0.66534, 44.43031, 64.78833333333333], [-0.66556, 44.43044, 64.78833333333333], [-0.66568, 44.43064, 64.78833333333333], [-0.66568, 44.43087, 64.78833333333333], [-0.66548, 44.43116, 64.78833333333333], [-0.66531, 44.43129, 64.78833333333333], [-0.66509, 44.43136, 64.78833333333333], [-0.66477, 44.43137, 64.78833333333333], [-0.66454, 44.43131, 64.78833333333333], [-0.66436, 44.43119, 64.78833333333333], [-0.66426, 44.43104, 64.78833333333333], [-0.66423, 44.43077, 64.9], [-0.66431, 44.4306, 64.9], [-0.66474, 44.4303, 64.9]]]}}, {"type": "Feature", "properties": {"id_obligation": "401710000D0156", "priorite": "forte"}, "geometry": {"type": "MultiPolygon", "coordinates": [[[[-0.65963, 44.43304, 64.99888888888889], [-0.65938, 44.43316, 64.99888888888889], [-0.65914, 44.43319, 64.99888888888889], [-0.65883, 44.43315, 66.5], [-0.65863, 44.43304, 66.5], [-0.65848, 44.43285, 64.99888888888889], [-0.65847, 44.43267, 64.99888888888889], [-0.65855, 44.43246, 64.99888888888889], [-0.6587, 44.43232, 64.99888888888889], [-0.65892, 44.43223, 64.99888888888889], [-0.65917, 44.43221, 64.99888888888889], [-0.65947, 44.43227, 64.99888888888889], [-0.65966, 44.43239, 64.99888888888889], [-0.65978, 44.43255, 64.64666666666668], [-0.65975, 44.43289, 64.99888888888889], [-0.65963, 44.43304, 64.99888888888889]]], [[[-0.65939, 44.43265, 64.0], [-0.65948, 44.43265, 64.0], [-0.65948, 44.43272, 66.1], [-0.65938, 44.43271, 65.7], [-0.65939, 44.43265, 64.0]]]]}}, {"type": "Feature", "properties": {"id_obligation": "401710000D0157", "priorite": "forte"}, "geometry": {"type": "MultiPolygon", "coordinates": [[[[-0.65882, 44.43238, 63.766666666666666], [-0.65902, 44.4322, 63.766666666666666], [-0.65932, 44.43212, 63.766666666666666], [-0.65966, 44.43214, 63.766666666666666], [-0.65993, 44.43224, 63.766666666666666], [-0.66012, 44.43241, 63.766666666666666], [-0.66018, 44.43258, 63.766666666666666], [-0.66014, 44.43284, 63.766666666666666], [-0.65997, 44.43307, 63.766666666666666], [-0.65979, 44.43319, 63.766666666666666], [-0.65955, 44.43324, 63.766666666666666], [-0.65921, 44.43323, 63.766666666666666], [-0.65899, 44.43315, 63.766666666666666], [-0.65883, 44.43301, 63.766666666666666], [-0.65875, 44.43284, 62.7], [-0.65882, 44.43238, 63.766666666666666]]], [[[-0.65939, 44.43265, 64.0], [-0.65948, 44.43265, 64.0], [-0.65948, 44.43272, 66.1], [-0.65938, 44.43271, 65.7], [-0.65939, 44.43265, 64.0]]]]}}, {"type": "Feature", "properties": {"id_obligation": "401710000D0158", "priorite": "forte"}, "geometry": {"type": "MultiPolygon", "coordinates": [[[[-0.65893, 44.43313, 63.66000000000001], [-0.65874, 44.43296, 63.66000000000001], [-0.65868, 44.43279, 62.70000000000001], [-0.6587, 44.43251, 63.66000000000001], [-0.65879, 44.43235, 63.66000000000001], [-0.65896, 44.43222, 63.66000000000001], [-0.65918, 44.43215, 63.66000000000001], [-0.65949, 44.43214, 63.66000000000001], [-0.65977, 44.43223, 63.66000000000001], [-0.65995, 44.43239, 63.66000000000001], [-0.66002, 44.43256, 63.66000000000001], [-0.66, 44.43284, 63.66000000000001], [-0.65992, 44.43301, 63.66000000000001], [-0.65975, 44.43314, 63.66000000000001], [-0.65953, 44.43321, 63.66000000000001], [-0.65922, 44.43322, 63.66000000000001], [-0.65893, 44.43313, 63.66000000000001]]], [[[-0.65939, 44.43265, 64.0], [-0.65948, 44.43265, 64.0], [-0.65948, 44.43272, 66.1], [-0.65938, 44.43271, 65.7], [-0.65939, 44.43265, 64.0]]]]}}, {"type": "Feature", "properties": {"id_obligation": "401710000D0171", "priorite": "forte"}, "geometry": {"type": "Polygon", "coordinates": [[[-0.65593, 44.43232, 66.0], [-0.65586, 44.43232, 66.0], [-0.65584, 44.43238, 66.0], [-0.65595, 44.43239, 69.2], [-0.65596, 44.43234, 67.06666666666666], [-0.65611, 44.43258, 66.03333333333333], [-0.65608, 44.43284, 66.03333333333333], [-0.65597, 44.43299, 66.03333333333333], [-0.65579, 44.43311, 66.03333333333333], [-0.65556, 44.43317, 66.03333333333333], [-0.65514, 44.43314, 66.03333333333333], [-0.65492, 44.43306, 66.03333333333333], [-0.65476, 44.43293, 66.03333333333333], [-0.65468, 44.43276, 66.03333333333333], [-0.65472, 44.43248, 66.03333333333333], [-0.65483, 44.43232, 66.03333333333333], [-0.65501, 44.43221, 66.03333333333333], [-0.65525, 44.43215, 66.03333333333333], [-0.65553, 44.43216, 66.03333333333333], [-0.65593, 44.43232, 66.0]]]}}, {"type": "Feature", "properties": {"id_obligation": "401710000D0175", "priorite": "moyenne"}, "geometry": {"type": "Polygon", "coordinates": [[[-0.65601, 44.43198, 65.7720238095238], [-0.6563, 44.43192, 63.0], [-0.65654, 44.43194, 63.0], [-0.65686, 44.43206, 65.7720238095238], [-0.65705, 44.43228, 66.32142857142854], [-0.65698, 44.43229, 65.8], [-0.65696, 44.43237, 65.9], [-0.65707, 44.43242, 66.32142857142854], [-0.65701, 44.43259, 65.7720238095238], [-0.65685, 44.43279, 65.7720238095238], [-0.65661, 44.43291, 65.7720238095238], [-0.65637, 44.43294, 65.7720238095238], [-0.65588, 44.4328, 65.7720238095238], [-0.65572, 44.43266, 65.7720238095238], [-0.65566, 44.43249, 67.06666666666666], [-0.65569, 44.43231, 67.06666666666666], [-0.6558, 44.43214, 65.7720238095238], [-0.65601, 44.43198, 65.7720238095238]]]}}, {"type": "Feature", "properties": {"id_obligation": "401710000D0177", "priorite": "moyenne"}, "geometry": {"type": "Polygon", "coordinates": [[[-0.65538, 44.43205, 65.94285714285714], [-0.65562, 44.43191, 65.94285714285714], [-0.65586, 44.43187, 65.18181818181819], [-0.65616, 44.4319, 63.0], [-0.65636, 44.43199, 63.0], [-0.65653, 44.43217, 63.0], [-0.65647, 44.43219, 63.0], [-0.65654, 44.4322, 63.0], [-0.65656, 44.43226, 65.05555555555556], [-0.65652, 44.43253, 65.20781625781625], [-0.6564, 44.43268, 65.20781625781625], [-0.6562, 44.43279, 65.20781625781625], [-0.65597, 44.43284, 65.20781625781625], [-0.65568, 44.43281, 65.0], [-0.65546, 44.43272, 65.0], [-0.65549, 44.43264, 65.0], [-0.65536, 44.43263, 65.0], [-0.6553, 44.43258, 65.0], [-0.65524, 44.4324, 65.20781625781625], [-0.65527, 44.4322, 65.94285714285714], [-0.65538, 44.43205, 65.94285714285714]]]}}, {"type": "Feature", "properties": {"id_obligation": "401710000D0178", "priorite": "moyenne"}, "geometry": {"type": "Polygon", "coordinates": [[[-0.65657, 44.4322, 63.0], [-0.65631, 44.43236, 63.0], [-0.65608, 44.43242, 67.06666666666666], [-0.65572, 44.43242, 65.29426406926407], [-0.65544, 44.43233, 65.29426406926407], [-0.65528, 44.4322, 65.29426406926407], [-0.6552, 44.43203, 65.92857142857143], [-0.65521, 44.43182, 65.92857142857143], [-0.65533, 44.43162, 65.29426406926407], [-0.65552, 44.43151, 65.29426406926407], [-0.65575, 44.43145, 65.29426406926407], [-0.65611, 44.43146, 65.29426406926407], [-0.65634, 44.43152, 65.29426406926407], [-0.65653, 44.43164, 65.29426406926407], [-0.65664, 44.43179, 65.29426406926407], [-0.65667, 44.43199, 65.29426406926407], [-0.65657, 44.4322, 63.0]]]}}, {"type": "Feature", "properties": {"id_obligation": "401710000D0197", "priorite": "forte"}, "geometry": {"type": "Polygon", "coordinates": [[[-0.65458, 44.43178, 65.28095238095239], [-0.65449, 44.43162, 65.28095238095239], [-0.65451, 44.4314, 65.28095238095239], [-0.65466, 44.43118, 65.28095238095239], [-0.65496, 44.43101, 65.28095238095239], [-0.65519, 44.43096, 65.28095238095239], [-0.65554, 44.43101, 65.28095238095239], [-0.65575, 44.43109, 65.28095238095239], [-0.65593, 44.43127, 65.28095238095239], [-0.65597, 44.43144, 65.28095238095239], [-0.65588, 44.43171, 65.9], [-0.65576, 44.43187, 65.9], [-0.65557, 44.43198, 65.9], [-0.65533, 44.43202, 66.04285714285713], [-0.65481, 44.43193, 65.28095238095239], [-0.65458, 44.43178, 65.28095238095239]]]}}, {"type": "Feature", "properties": {"id_obligation": "401710000D0234", "priorite": "très forte"}, "geometry": {"type": "Polygon", "coordinates": [[[-0.65198, 44.43132, 66.43181818181819], [-0.65217, 44.43149, 66.43181818181819], [-0.65222, 44.43166, 66.43181818181819], [-0.65218, 44.43194, 66.43181818181819], [-0.65203, 44.43213, 66.43181818181819], [-0.65184, 44.43223, 66.43181818181819], [-0.6516, 44.43227, 66.43181818181819], [-0.65129, 44.43225, 66.43181818181819], [-0.65107, 44.43217, 66.43181818181819], [-0.65088, 44.432, 66.43181818181819], [-0.65082, 44.43182, 66.43181818181819], [-0.65086, 44.43158, 66.43181818181819], [-0.65101, 44.43139, 66.43181818181819], [-0.65123, 44.43128, 66.43181818181819], [-0.65146, 44.43122, 66.4], [-0.6517, 44.43123, 66.4], [-0.65198, 44.43132, 66.43181818181819]]]}}, {"type": "Feature", "properties": {"id_obligation": "401710000D0256", "priorite": "très forte"}, "geometry": {"type": "Polygon", "coordinates": [[[-0.65048, 44.42938, 64.50666666666666], [-0.65073, 44.42925, 64.50666666666666], [-0.65097, 44.42922, 64.1], [-0.65132, 44.42926, 64.50666666666666], [-0.65152, 44.42935, 64.50666666666666], [-0.65168, 44.42954, 64.50666666666666], [-0.65166, 44.42993, 64.50666666666666], [-0.6515, 44.43011, 64.50666666666666], [-0.65129, 44.4302, 64.50666666666666], [-0.65094, 44.43022, 64.50666666666666], [-0.6507, 44.43018, 64.50666666666666], [-0.65051, 44.43009, 64.50666666666666], [-0.65037, 44.42994, 64.50666666666666], [-0.65035, 44.42957, 64.50666666666666], [-0.65048, 44.42938, 64.50666666666666]]]}}, {"type": "Feature", "properties": {"id_obligation": "401710000D0257", "priorite": "très forte"}, "geometry": {"type": "Polygon", "coordinates": [[[-0.65139, 44.42898, 65.1], [-0.65158, 44.42915, 65.1], [-0.65165, 44.42931, 65.1], [-0.65164, 44.42965, 65.1], [-0.65154, 44.42982, 65.1], [-0.65137, 44.42994, 65.1], [-0.65114, 44.43, 66.7], [-0.65082, 44.43, 66.7], [-0.65059, 44.42994, 65.1], [-0.65039, 44.42977, 65.1], [-0.65032, 44.4296, 65.1], [-0.65033, 44.42926, 65.1], [-0.65043, 44.42909, 65.1], [-0.65061, 44.42897, 65.1], [-0.65084, 44.42891, 65.1], [-0.6511, 44.42891, 65.1], [-0.65139, 44.42898, 65.1]]]}}, {"type": "Feature", "properties": {"id_obligation": "401710000D0273", "priorite": "très forte"}, "geometry": {"type": "Polygon", "coordinates": [[[-0.64469, 44.42797, 68.33388888888888], [-0.64437, 44.42809, 69.0], [-0.64396, 44.42807, 69.0], [-0.64369, 44.42797, 68.33388888888888], [-0.64354, 44.42783, 68.33388888888888], [-0.64348, 44.42757, 68.33388888888888], [-0.64327, 44.42732, 68.33388888888888], [-0.64328, 44.4271, 68.33388888888888], [-0.64342, 44.4269, 68.33388888888888], [-0.64361, 44.42679, 68.33388888888888], [-0.64384, 44.42674, 68.32499999999999], [-0.64412, 44.42678, 67.9], [-0.64411, 44.42689, 67.9], [-0.64422, 44.42689, 67.9], [-0.64422, 44.42682, 67.9], [-0.64435, 44.42685, 66.7], [-0.64455, 44.42707, 66.7], [-0.64473, 44.42716, 66.7], [-0.64487, 44.4273, 68.2], [-0.64492, 44.42748, 68.2], [-0.64485, 44.42779, 68.33388888888888], [-0.64469, 44.42797, 68.33388888888888]]]}}, {"type": "Feature", "properties": {"id_obligation": "401710000D0274", "priorite": "forte"}, "geometry": {"type": "Polygon", "coordinates": [[[-0.64537, 44.42672, -200.13611111111112], [-0.64547, 44.42692, -200.13611111111112], [-0.64543, 44.42714, -200.13611111111112], [-0.64527, 44.42731, -200.13611111111112], [-0.64501, 44.42743, -200.13611111111112], [-0.64476, 44.42745, -200.13611111111112], [-0.64452, 44.42739, -200.13611111111112], [-0.64426, 44.42727, -200.13611111111112], [-0.64413, 44.42712, 67.30000000000001], [-0.64408, 44.42695, 67.30000000000001], [-0.64412, 44.4268, 67.9], [-0.64411, 44.42689, 67.9], [-0.64422, 44.42689, 67.9], [-0.64422, 44.42682, 67.9], [-0.64428, 44.42683, 67.9], [-0.64429, 44.42679, 67.9], [-0.64413, 44.42678, 67.9], [-0.64428, 44.42661, 66.85555555555555], [-0.64449, 44.42651, 66.85555555555555], [-0.64474, 44.42647, 65.3], [-0.64492, 44.42649, 65.3], [-0.6452, 44.4266, -200.13611111111112], [-0.64537, 44.42672, -200.13611111111112]]]}}, {"type": "Feature", "properties": {"id_obligation": "401710000D0275", "priorite": "forte"}, "geometry": {"type": "Polygon", "coordinates": [[[-0.64445, 44.42622, -465.46363636363634], [-0.64484, 44.42628, -465.46363636363634], [-0.64511, 44.42644, -465.46363636363634], [-0.64521, 44.42665, -1000.0], [-0.64514, 44.42692, -1000.0], [-0.645, 44.42707, -1000.0], [-0.64451, 44.42729, -465.46363636363634], [-0.64427, 44.42734, -465.46363636363634], [-0.64398, 44.42733, 71.3], [-0.64376, 44.42726, 71.3], [-0.64356, 44.4271, 71.3], [-0.64349, 44.42694, -465.46363636363634], [-0.64352, 44.42666, -465.46363636363634], [-0.64363, 44.4265, -465.46363636363634], [-0.64382, 44.42639, -465.46363636363634], [-0.64445, 44.42622, -465.46363636363634]]]}}, {"type": "Feature", "properties": {"id_obligation": "401710000D0278", "priorite": "forte"}, "geometry": {"type": "Polygon", "coordinates": [[[-0.64472, 44.42557, 67.0], [-0.64499, 44.42546, 67.0], [-0.6453, 44.42547, 67.0], [-0.64562, 44.42556, 67.0], [-0.64578, 44.42569, 67.0], [-0.64588, 44.42589, 67.0], [-0.64582, 44.42615, 67.0], [-0.64572, 44.42632, 67.0], [-0.64554, 44.42644, 67.0], [-0.6453, 44.4265, 67.0], [-0.64505, 44.42649, 67.0], [-0.64472, 44.42639, 67.0], [-0.64455, 44.42626, 67.0], [-0.64447, 44.4261, 67.0], [-0.64455, 44.42575, 67.0], [-0.64472, 44.42557, 67.0]]]}}, {"type": "Feature", "properties": {"id_obligation": "401710000D0280", "priorite": "très forte"}, "geometry": {"type": "Polygon", "coordinates": [[[-0.64333, 44.42533, 67.29880952380951], [-0.64367, 44.42522, 67.82499999999999], [-0.6439, 44.42524, 67.9], [-0.64389, 44.42545, 67.7], [-0.64401, 44.42546, 67.7], [-0.644, 44.42525, 67.9], [-0.64406, 44.42526, 66.77142857142857], [-0.64428, 44.42534, 66.77142857142857], [-0.64444, 44.42548, 66.77142857142857], [-0.64451, 44.42565, 67.29880952380951], [-0.64446, 44.42588, 67.29880952380951], [-0.64434, 44.42604, 67.29880952380951], [-0.6441, 44.42616, 67.29880952380951], [-0.64386, 44.42619, 67.29880952380951], [-0.64354, 44.42615, 67.29880952380951], [-0.64329, 44.42604, 67.29880952380951], [-0.64315, 44.4259, 67.29880952380951], [-0.6431, 44.42574, 67.29880952380951], [-0.64313, 44.42556, 67.29880952380951], [-0.64333, 44.42533, 67.29880952380951]]]}}, {"type": "Feature", "properties": {"id_obligation": "401710000D0281", "priorite": "forte"}, "geometry": {"type": "Polygon", "coordinates": [[[-0.64442, 44.42501, 67.33142857142857], [-0.6446, 44.42518, 67.33142857142857], [-0.64465, 44.42534, 66.4], [-0.6446, 44.42563, 67.33142857142857], [-0.64447, 44.42578, 67.33142857142857], [-0.6442, 44.42589, 67.3], [-0.64396, 44.42591, 67.3], [-0.64365, 44.42587, 67.3], [-0.64345, 44.42578, 67.3], [-0.64329, 44.4256, 67.3], [-0.6433, 44.42519, 67.33142857142857], [-0.64342, 44.42505, 67.33142857142857], [-0.64362, 44.42494, 67.33142857142857], [-0.64385, 44.4249, 67.9], [-0.64416, 44.42492, 67.9], [-0.64442, 44.42501, 67.33142857142857]]]}}, {"type": "Feature", "properties": {"id_obligation": "401710000D0282", "priorite": "forte"}, "geometry": {"type": "Polygon", "coordinates": [[[-0.64491, 44.4253, 67.31111111111112], [-0.64495, 44.42555, 67.31111111111112], [-0.64481, 44.42579, 67.31111111111112], [-0.64451, 44.42594, 67.31111111111112], [-0.64426, 44.42596, 67.3], [-0.64396, 44.42589, 67.3], [-0.64371, 44.42572, 67.3], [-0.64348, 44.42563, 67.3], [-0.6433, 44.42544, 67.31111111111112], [-0.64327, 44.42526, 67.31111111111112], [-0.64334, 44.42502, 67.31111111111112], [-0.64349, 44.42488, 67.31111111111112], [-0.6437, 44.42479, 67.31111111111112], [-0.64404, 44.42477, 67.31111111111112], [-0.64429, 44.42482, 67.31111111111112], [-0.64491, 44.4253, 67.31111111111112]]]}}, {"type": "Feature", "properties": {"id_obligation": "401710000D0285", "priorite": "forte"}, "geometry": {"type": "Polygon", "coordinates": [[[-0.64363, 44.42486, 67.03999999999999], [-0.64385, 44.42481, 67.03999999999999], [-0.64421, 44.42483, 67.03999999999999], [-0.64443, 44.42491, 67.03999999999999], [-0.64458, 44.42505, 67.03999999999999], [-0.64465, 44.42522, 66.4], [-0.64464, 44.42545, 66.4], [-0.6445, 44.42565, 66.4], [-0.64431, 44.42576, 66.4], [-0.64407, 44.4258, 67.3], [-0.6437, 44.42577, 67.3], [-0.64348, 44.42568, 67.3], [-0.64333, 44.42554, 67.3], [-0.64327, 44.42537, 67.03999999999999], [-0.6433, 44.42514, 67.03999999999999], [-0.64344, 44.42497, 67.03999999999999], [-0.64363, 44.42486, 67.03999999999999]]]}}, {"type": "Feature", "properties": {"id_obligation": "401710000D0289", "priorite": "très forte"}, "geometry": {"type": "Polygon", "coordinates": [[[-0.64614, 44.42366, -119.64250000000001], [-0.64635, 44.42356, -119.64250000000001], [-0.64659, 44.42353, 67.10000000000001], [-0.64695, 44.42357, 67.1], [-0.64715, 44.42367, 67.1], [-0.6473, 44.42386, 67.1], [-0.64732, 44.4241, 67.1], [-0.64727, 44.42427, -119.64250000000001], [-0.64708, 44.42444, -119.64250000000001], [-0.64686, 44.42452, -119.64250000000001], [-0.64662, 44.42453, -119.64250000000001], [-0.64631, 44.42448, -119.64250000000001], [-0.64611, 44.42438, -119.64250000000001], [-0.64598, 44.42423, -119.64250000000001], [-0.64594, 44.42406, -119.64250000000001], [-0.64598, 44.42385, -119.64250000000001], [-0.64614, 44.42366, -119.64250000000001]]]}}, {"type": "Feature", "properties": {"id_obligation": "401710000D0349", "priorite": "moyenne"}, "geometry": {"type": "Polygon", "coordinates": [[[-0.65844, 44.4261, 64.85], [-0.65865, 44.426, 64.85], [-0.65889, 44.42597, 64.85], [-0.65918, 44.42602, 64.85], [-0.65942, 44.42615, 64.85], [-0.65954, 44.4263, 62.3], [-0.65956, 44.42648, 62.3], [-0.65949, 44.42668, 64.85], [-0.65935, 44.42683, 64.85], [-0.65914, 44.42692, 65.5], [-0.65899, 44.42695, 65.5], [-0.65888, 44.42691, 65.5], [-0.65886, 44.42695, 65.5], [-0.6586, 44.4269, 66.8], [-0.65855, 44.42688, 66.8], [-0.65857, 44.42683, 66.8], [-0.65841, 44.4268, 66.8], [-0.65828, 44.42666, 64.85], [-0.65823, 44.42649, 64.85], [-0.65828, 44.42628, 64.85], [-0.65844, 44.4261, 64.85]]]}}, {"type": "Feature", "properties": {"id_obligation": "401710000D0350", "priorite": "forte"}, "geometry": {"type": "Polygon", "coordinates": [[[-0.65879, 44.42613, 64.2], [-0.65904, 44.42601, 64.2], [-0.65928, 44.42598, 64.2], [-0.65957, 44.42603, 64.2], [-0.65977, 44.42614, 64.2], [-0.65992, 44.42633, 64.2], [-0.65993, 44.42651, 64.2], [-0.65985, 44.42671, 64.2], [-0.6597, 44.42686, 64.2], [-0.65948, 44.42695, 64.2], [-0.65923, 44.42697, 64.2], [-0.65894, 44.42691, 65.5], [-0.65874, 44.4268, 65.5], [-0.65863, 44.42663, 64.8], [-0.65867, 44.42629, 64.2], [-0.65879, 44.42613, 64.2]]]}}, {"type": "Feature", "properties": {"id_obligation": "401710000D0371", "priorite": "forte"}, "geometry": {"type": "Polygon", "coordinates": [[[-0.66334, 44.4223, 65.5090476190476], [-0.66321, 44.42211, 65.5090476190476], [-0.66322, 44.42189, 65.5090476190476], [-0.66336, 44.42167, 65.5090476190476], [-0.66354, 44.42156, 65.5090476190476], [-0.66384, 44.4215, 65.5090476190476], [-0.66425, 44.42154, 65.5090476190476], [-0.66447, 44.42162, 65.5090476190476], [-0.66464, 44.42176, 65.5090476190476], [-0.66471, 44.42193, 66.61999999999999], [-0.66468, 44.42216, 65.5090476190476], [-0.66457, 44.42232, 65.5090476190476], [-0.66438, 44.42244, 65.5090476190476], [-0.66414, 44.4225, 63.79999999999999], [-0.66358, 44.42243, 65.5090476190476], [-0.66334, 44.4223, 65.5090476190476]]]}}, {"type": "Feature", "properties": {"id_obligation": "401710000D0372", "priorite": "forte"}, "geometry": {"type": "Polygon", "coordinates": [[[-0.6647, 44.42163, 65.79473684210525], [-0.66495, 44.42177, 65.79473684210525], [-0.66505, 44.42194, 65.79473684210525], [-0.66504, 44.42216, 65.79473684210525], [-0.66493, 44.42234, 65.79473684210525], [-0.66468, 44.42248, 65.79473684210525], [-0.66434, 44.42255, 63.79999999999999], [-0.66404, 44.42252, 65.79473684210525], [-0.66382, 44.42245, 65.79473684210525], [-0.66363, 44.42228, 65.79473684210525], [-0.66356, 44.42212, 67.6], [-0.6636, 44.42193, 67.6], [-0.66369, 44.42177, 65.79473684210525], [-0.66386, 44.42165, 65.79473684210525], [-0.66409, 44.42159, 65.79473684210525], [-0.66438, 44.42158, 65.79473684210525], [-0.6647, 44.42163, 65.79473684210525]]]}}, {"type": "Feature", "properties": {"id_obligation": "401710000D0434", "priorite": "moyenne"}, "geometry": {"type": "MultiPolygon", "coordinates": [[[[-0.673, 44.41794, 63.975], [-0.67292, 44.41798, 63.7], [-0.67294, 44.41787, 63.7], [-0.67288, 44.41787, 63.7], [-0.67286, 44.418, 64.8], [-0.67264, 44.41804, 69.3], [-0.67263, 44.41797, 69.3], [-0.67253, 44.41798, 69.3], [-0.6725, 44.41807, 66.35999999999999], [-0.67219, 44.41805, 67.71538461538462], [-0.67195, 44.41798, 67.71538461538462], [-0.67175, 44.41783, 69.4], [-0.67189, 44.41785, 66.6], [-0.67192, 44.41774, 69.4], [-0.67169, 44.41773, 69.4], [-0.67167, 44.41765, 67.8], [-0.67176, 44.41725, 67.8], [-0.67187, 44.41709, 66.99549421009098], [-0.67206, 44.41698, 66.99549421009098], [-0.67229, 44.41693, 66.99549421009098], [-0.67251, 44.4168, 66.99549421009098], [-0.67274, 44.41675, 66.99549421009098], [-0.67309, 44.4168, 66.99549421009098], [-0.67341, 44.417, 66.99549421009098], [-0.67349, 44.41725, 68.5], [-0.67337, 44.4175, 68.5], [-0.673, 44.41794, 63.975]]]]}}, {"type": "Feature", "properties": {"id_obligation": "401710000D0437", "priorite": "moyenne"}, "geometry": {"type": "Polygon", "coordinates": [[[-0.6729, 44.41756, 67.37063492063493], [-0.67314, 44.4177, 67.37063492063493], [-0.67324, 44.41786, 64.06666666666668], [-0.67326, 44.41813, 65.79285714285714], [-0.67317, 44.41829, 65.79285714285714], [-0.67307, 44.41831, 66.0], [-0.67307, 44.41838, 66.0], [-0.67295, 44.41845, 65.79285714285714], [-0.67272, 44.4185, 64.3], [-0.67244, 44.41851, 64.3], [-0.67222, 44.41845, 69.42222222222223], [-0.67217, 44.41842, 70.1], [-0.67219, 44.41836, 70.1], [-0.67209, 44.41838, 70.1], [-0.672, 44.4183, 69.42222222222223], [-0.67192, 44.41814, 68.575], [-0.6719, 44.41792, 68.575], [-0.67198, 44.41775, 70.5], [-0.67215, 44.41762, 70.5], [-0.67231, 44.41755, 70.5], [-0.67229, 44.4176, 70.5], [-0.67242, 44.41762, 70.5], [-0.67239, 44.41754, 70.5], [-0.67266, 44.41752, 67.83333333333333], [-0.6729, 44.41756, 67.37063492063493]]]}}, {"type": "Feature", "properties": {"id_obligation": "401710000D0442", "priorite": "faible"}, "geometry": {"type": "Polygon", "coordinates": [[[-0.67114, 44.41805, 69.19999999999999], [-0.67137, 44.41798, 70.60000000000001], [-0.6717, 44.41799, 70.60000000000001], [-0.67193, 44.41805, -41.4892261904762], [-0.67211, 44.41818, -41.4892261904762], [-0.67221, 44.41834, 67.76875], [-0.67221, 44.41852, 67.76875], [-0.67211, 44.41872, -41.4892261904762], [-0.67193, 44.41885, -41.4892261904762], [-0.67171, 44.41892, -694.8000000000001], [-0.67147, 44.41892, -694.8000000000001], [-0.67115, 44.41884, 65.1], [-0.67098, 44.41872, 65.1], [-0.67088, 44.41856, 66.31666666666666], [-0.67088, 44.41837, 67.8], [-0.67095, 44.41838, 64.8], [-0.67097, 44.41818, 69.19999999999999], [-0.67114, 44.41805, 69.19999999999999]]]}}, {"type": "Feature", "properties": {"id_obligation": "401710000D0444", "priorite": "moyenne"}, "geometry": {"type": "Polygon", "coordinates": [[[-0.67169, 44.41775, 69.4], [-0.67161, 44.41777, 69.4], [-0.67162, 44.41784, 65.9], [-0.67184, 44.41783, 66.6], [-0.67201, 44.418, 66.85344146350725], [-0.67204, 44.41822, 66.85344146350725], [-0.67196, 44.41843, 66.21333333333331], [-0.67178, 44.41844, 67.8], [-0.67175, 44.41854, 65.2], [-0.67182, 44.41855, 67.8], [-0.67146, 44.41867, 65.92727272727274], [-0.67115, 44.41868, 65.92727272727274], [-0.67092, 44.41862, 65.41111111111111], [-0.67069, 44.4185, 65.41111111111111], [-0.67056, 44.41834, 67.12142857142855], [-0.67052, 44.4182, 67.12142857142855], [-0.67055, 44.41804, 63.5], [-0.67058, 44.4181, 66.7], [-0.67074, 44.41812, 66.7], [-0.67075, 44.41804, 66.7], [-0.67055, 44.41803, 63.643013326611246], [-0.67063, 44.4179, 65.63333333333333], [-0.6708, 44.41777, 65.63333333333333], [-0.67102, 44.41769, 65.7], [-0.67138, 44.41768, 65.7], [-0.67169, 44.41775, 69.4]]]}}, {"type": "Feature", "properties": {"id_obligation": "401710000D0446", "priorite": "moyenne"}, "geometry": {"type": "Polygon", "coordinates": [[[-0.67182, 44.41745, 66.05], [-0.67201, 44.41763, 66.05], [-0.67205, 44.41781, 67.5692307692308], [-0.672, 44.41809, 67.62328296703296], [-0.67188, 44.41825, 67.62328296703296], [-0.67168, 44.41836, 67.62328296703296], [-0.67144, 44.4184, 70.60000000000001], [-0.67117, 44.41838, 70.60000000000001], [-0.67096, 44.41832, 67.8], [-0.67098, 44.41822, 67.8], [-0.67088, 44.41821, 67.9], [-0.67087, 44.41826, 67.9], [-0.67075, 44.41814, 67.54374999999999], [-0.67069, 44.41796, 66.7], [-0.67075, 44.41768, 69.2], [-0.67087, 44.41751, 69.2], [-0.67085, 44.41756, 69.2], [-0.67095, 44.41758, 69.2], [-0.67099, 44.41751, 69.2], [-0.6709, 44.41749, 69.2], [-0.67104, 44.41741, 67.62328296703296], [-0.67127, 44.41735, 67.62328296703296], [-0.67153, 44.41736, 66.05], [-0.67182, 44.41745, 66.05]]]}}, {"type": "Feature", "properties": {"id_obligation": "401710000D0447", "priorite": "moyenne"}, "geometry": {"type": "Polygon", "coordinates": [[[-0.67131, 44.41822, 70.60000000000001], [-0.67142, 44.4182, 70.6], [-0.67142, 44.41816, 70.6], [-0.67117, 44.41815, 70.6], [-0.67108, 44.41807, 70.60000000000001], [-0.67098, 44.41787, 65.7], [-0.67102, 44.4176, 68.40748299319728], [-0.6712, 44.41743, 68.40748299319728], [-0.67148, 44.41731, 68.40748299319728], [-0.67172, 44.41728, 68.40748299319728], [-0.67214, 44.41732, 70.5], [-0.67235, 44.41741, 70.5], [-0.67229, 44.4176, 70.5], [-0.67242, 44.41762, 70.5], [-0.6724, 44.4175, 70.5], [-0.67252, 44.4176, 66.78571428571429], [-0.67254, 44.41767, 66.5], [-0.67246, 44.41767, 66.5], [-0.67246, 44.41771, 65.5], [-0.67255, 44.41776, 66.07966070199627], [-0.6725, 44.418, 68.2], [-0.67229, 44.41819, 65.2], [-0.67232, 44.41811, 65.2], [-0.67216, 44.4181, 69.7], [-0.67214, 44.4182, 69.7], [-0.67225, 44.41821, 69.7], [-0.67216, 44.41825, 69.7], [-0.67164, 44.41827, 69.7], [-0.67131, 44.41822, 70.60000000000001]]]}}, {"type": "Feature", "properties": {"id_obligation": "401710000D0448", "priorite": "moyenne"}, "geometry": {"type": "Polygon", "coordinates": [[[-0.67234, 44.41728, 67.7], [-0.6725, 44.4174, 70.5], [-0.67236, 44.41738, 70.5], [-0.67229, 44.4176, 70.5], [-0.67242, 44.41762, 70.5], [-0.6724, 44.4175, 70.5], [-0.6725, 44.41751, 70.5], [-0.67254, 44.41745, 64.2], [-0.67259, 44.41753, 67.6], [-0.67253, 44.41759, 64.7], [-0.67261, 44.41758, 67.6], [-0.67261, 44.41767, 66.5], [-0.67246, 44.41767, 66.5], [-0.67246, 44.41771, 65.5], [-0.67252, 44.41778, 65.5], [-0.67261, 44.41775, 66.5], [-0.67259, 44.41782, 66.85217391304347], [-0.67247, 44.41798, 69.7], [-0.67225, 44.41811, 69.7], [-0.67199, 44.41815, 69.7], [-0.6717, 44.41812, 65.7], [-0.67137, 44.41795, 65.7], [-0.67143, 44.4178, 65.7], [-0.67135, 44.4178, 65.7], [-0.67133, 44.4179, 65.7], [-0.67126, 44.41773, 67.75384615384615], [-0.67129, 44.41751, 67.76176226519475], [-0.67141, 44.41736, 67.76176226519475], [-0.6716, 44.41725, 67.76176226519475], [-0.67183, 44.4172, 67.76176226519475], [-0.67211, 44.41721, 67.76176226519475], [-0.67234, 44.41728, 67.7]]]}}, {"type": "Feature", "properties": {"id_obligation": "401710000D0453", "priorite": "moyenne"}, "geometry": {"type": "Polygon", "coordinates": [[[-0.67286, 44.41603, 66.6395238095238], [-0.67289, 44.4163, 66.6395238095238], [-0.6728, 44.4165, 66.6395238095238], [-0.67258, 44.41665, 66.6395238095238], [-0.67235, 44.41671, 66.6395238095238], [-0.672, 44.41669, 66.6395238095238], [-0.6716, 44.41653, 66.6395238095238], [-0.67143, 44.4164, 66.6395238095238], [-0.67133, 44.41619, 66.64], [-0.67136, 44.41593, 66.6395238095238], [-0.67146, 44.41577, 66.6395238095238], [-0.67165, 44.41566, 66.6395238095238], [-0.67188, 44.4156, 65.5], [-0.67225, 44.41561, 65.5], [-0.67246, 44.41568, 66.6395238095238], [-0.6727, 44.41585, 66.6395238095238], [-0.67286, 44.41603, 66.6395238095238]]]}}, {"type": "Feature", "properties": {"id_obligation": "401710000D0454", "priorite": "moyenne"}, "geometry": {"type": "Polygon", "coordinates": [[[-0.67219, 44.41657, 66.8], [-0.67197, 44.41666, 67.06365914786967], [-0.67167, 44.41668, 67.06365914786967], [-0.67137, 44.4166, 67.06365914786967], [-0.67104, 44.41643, 67.06365914786967], [-0.67087, 44.41625, 67.06365914786967], [-0.67084, 44.41594, 67.06365914786967], [-0.67095, 44.41574, 67.06365914786967], [-0.67122, 44.41557, 67.06365914786967], [-0.67159, 44.41554, 67.06365914786967], [-0.67181, 44.41547, 67.06365914786967], [-0.67211, 44.41546, 67.06365914786967], [-0.67234, 44.41551, 67.06365914786967], [-0.67259, 44.4157, 67.06365914786967], [-0.67266, 44.41591, 67.58571428571429], [-0.6726, 44.41613, 67.58571428571429], [-0.67219, 44.41657, 66.8]]]}}, {"type": "Feature", "properties": {"id_obligation": "401710000D0508", "priorite": "moyenne"}, "geometry": {"type": "Polygon", "coordinates": [[[-0.66446, 44.4179, 65.99071428571429], [-0.66435, 44.41775, 64.5], [-0.66434, 44.41753, 64.5], [-0.66443, 44.41735, 65.99071428571429], [-0.66465, 44.41721, 65.99071428571429], [-0.66488, 44.41716, 65.99071428571429], [-0.66518, 44.41717, 65.99071428571429], [-0.66541, 44.41723, 65.99071428571429], [-0.66559, 44.41735, 65.99071428571429], [-0.66569, 44.41751, 64.2], [-0.6657, 44.41769, 64.2], [-0.66561, 44.41787, 67.72857142857143], [-0.66545, 44.418, 67.72857142857143], [-0.66533, 44.41805, 67.8], [-0.66527, 44.41802, 67.8], [-0.66523, 44.41807, 69.325], [-0.66501, 44.41809, 70.7], [-0.66506, 44.418, 70.7], [-0.66495, 44.41798, 70.7], [-0.66492, 44.41808, 66.8], [-0.6647, 44.41803, 65.99071428571429], [-0.66446, 44.4179, 65.99071428571429]]]}}, {"type": "Feature", "properties": {"id_obligation": "401710000D0523", "priorite": "très forte"}, "geometry": {"type": "Polygon", "coordinates": [[[-0.6608, 44.4159, 68.25], [-0.66089, 44.41606, 68.25], [-0.66088, 44.41624, 68.25], [-0.66073, 44.4165, 68.25], [-0.66051, 44.41666, 68.25], [-0.66027, 44.41671, 68.25], [-0.66002, 44.41669, 68.25], [-0.65974, 44.4166, 68.25], [-0.65953, 44.41645, 68.25], [-0.65946, 44.41628, 68.25], [-0.65948, 44.41611, 68.25], [-0.65963, 44.41586, 68.25], [-0.6598, 44.41574, 68.25], [-0.66003, 44.41567, 68.5], [-0.66027, 44.41567, 68.5], [-0.66057, 44.41575, 68.25], [-0.6608, 44.4159, 68.25]]]}}, {"type": "Feature", "properties": {"id_obligation": "401710000D0524", "priorite": "très forte"}, "geometry": {"type": "Polygon", "coordinates": [[[-0.66045, 44.41529, 67.3], [-0.66064, 44.41539, 67.3], [-0.66069, 44.41543, 67.3], [-0.66059, 44.41541, 67.3], [-0.66053, 44.41551, 67.3], [-0.66069, 44.41555, 67.3], [-0.66073, 44.41548, 67.3], [-0.6609, 44.41569, 67.9], [-0.66095, 44.41586, 67.9], [-0.66091, 44.41604, 67.68809523809523], [-0.66078, 44.41619, 67.68809523809523], [-0.66045, 44.41634, 67.68809523809523], [-0.66021, 44.41638, 68.0], [-0.65992, 44.41634, 68.0], [-0.65965, 44.41615, 67.68809523809523], [-0.65937, 44.41607, 67.68809523809523], [-0.65913, 44.41588, 67.4], [-0.65904, 44.41568, 67.4], [-0.65913, 44.41543, 67.68809523809523], [-0.65948, 44.41519, 67.68809523809523], [-0.65984, 44.41515, 67.3], [-0.66045, 44.41529, 67.3]]]}}, {"type": "Feature", "properties": {"id_obligation": "401710000D0527", "priorite": "très forte"}, "geometry": {"type": "Polygon", "coordinates": [[[-0.66267, 44.4151, 66.33035714285714], [-0.66284, 44.41529, 66.33035714285714], [-0.66287, 44.41547, 64.78571428571429], [-0.6628, 44.41576, 66.33035714285714], [-0.66264, 44.41595, 66.33035714285714], [-0.66243, 44.41605, 66.33035714285714], [-0.66218, 44.41609, 66.33035714285714], [-0.66191, 44.41605, 66.33035714285714], [-0.66165, 44.41594, 66.33035714285714], [-0.6615, 44.41575, 66.33035714285714], [-0.66148, 44.41558, 66.33035714285714], [-0.66155, 44.4153, 66.33035714285714], [-0.66166, 44.41514, 66.33035714285714], [-0.6619, 44.41501, 66.33035714285714], [-0.66213, 44.41497, 66.33035714285714], [-0.6624, 44.415, 66.33035714285714], [-0.66267, 44.4151, 66.33035714285714]]]}}, {"type": "Feature", "properties": {"id_obligation": "401710000D0565", "priorite": "forte"}, "geometry": {"type": "Polygon", "coordinates": [[[-0.66352, 44.42195, 67.6], [-0.66371, 44.42178, 67.6], [-0.66399, 44.42169, 67.6], [-0.6643, 44.42169, 67.6], [-0.66453, 44.42176, 66.73333333333332], [-0.66473, 44.42192, 66.73333333333332], [-0.6648, 44.42209, 66.5], [-0.6648, 44.42234, 66.73333333333332], [-0.6647, 44.4225, 66.73333333333332], [-0.66452, 44.42262, 66.73333333333332], [-0.66429, 44.42269, 66.73333333333332], [-0.66398, 44.42269, 66.73333333333332], [-0.66375, 44.42262, 66.73333333333332], [-0.66358, 44.42249, 66.73333333333332], [-0.66349, 44.42233, 66.73333333333332], [-0.66347, 44.42212, 66.73333333333332], [-0.66352, 44.42195, 67.6]]]}}, {"type": "Feature", "properties": {"id_obligation": "401710000D0577", "priorite": "moyenne"}, "geometry": {"type": "Polygon", "coordinates": [[[-0.6733, 44.41797, 64.06666666666668], [-0.67308, 44.41813, 64.06666666666668], [-0.67286, 44.41819, 64.06666666666668], [-0.67243, 44.4182, 68.37500000000001], [-0.6723, 44.41817, 65.2], [-0.67232, 44.41811, 65.2], [-0.67216, 44.41812, 69.7], [-0.67197, 44.41798, 69.7], [-0.67187, 44.41785, 66.6], [-0.67192, 44.41774, 69.4], [-0.67184, 44.41774, 69.4], [-0.67184, 44.41762, 67.72142857142858], [-0.67195, 44.41741, 67.52708719851577], [-0.67219, 44.41727, 67.48333333333335], [-0.67277, 44.41721, 68.525], [-0.67275, 44.41727, 68.5], [-0.67282, 44.41729, 68.5], [-0.67286, 44.41722, 68.5], [-0.67306, 44.41728, 68.525], [-0.67325, 44.41739, 68.525], [-0.67335, 44.41755, 67.52708719851577], [-0.67338, 44.41776, 67.52708719851577], [-0.6733, 44.41797, 64.06666666666668]]]}}, {"type": "Feature", "properties": {"id_obligation": "401710000D0605", "priorite": "moyenne"}, "geometry": {"type": "Polygon", "coordinates": [[[-0.65888, 44.42738, 63.6], [-0.65861, 44.42747, 64.61064814814814], [-0.65837, 44.42748, 64.61064814814814], [-0.65804, 44.42738, 64.61064814814814], [-0.65786, 44.42727, 64.61064814814814], [-0.65775, 44.42707, 64.1], [-0.65776, 44.4269, 64.1], [-0.65787, 44.42669, 63.175], [-0.65803, 44.42656, 63.175], [-0.65831, 44.42647, 65.2], [-0.65855, 44.42647, 65.2], [-0.65883, 44.42654, 64.61064814814814], [-0.65901, 44.42665, 64.61064814814814], [-0.65913, 44.42681, 65.5], [-0.65915, 44.42698, 65.5], [-0.65906, 44.4272, 63.6], [-0.65888, 44.42738, 63.6]]]}}, {"type": "Feature", "properties": {"id_obligation": "401710000D0647", "priorite": "forte"}, "geometry": {"type": "Polygon", "coordinates": [[[-0.66042, 44.42638, 67.3], [-0.66072, 44.4264, 67.3], [-0.66103, 44.42651, 67.3], [-0.66121, 44.42668, 67.3], [-0.66125, 44.4269, 67.3], [-0.6611, 44.42726, 67.3], [-0.66096, 44.42741, 67.3], [-0.66075, 44.4275, 67.3], [-0.66045, 44.42753, 67.3], [-0.65997, 44.42742, 67.3], [-0.65977, 44.42732, 67.3], [-0.65964, 44.42718, 67.3], [-0.6596, 44.42696, 67.3], [-0.65971, 44.42673, 67.3], [-0.65986, 44.42659, 67.3], [-0.66042, 44.42638, 67.3]]]}}, {"type": "Feature", "properties": {"id_obligation": "401710000D0648", "priorite": "moyenne"}, "geometry": {"type": "Polygon", "coordinates": [[[-0.66014, 44.42677, 65.12222222222223], [-0.66022, 44.42698, 65.12222222222223], [-0.66016, 44.42723, 65.12222222222223], [-0.66002, 44.42738, 65.12222222222223], [-0.65981, 44.42748, 65.12222222222223], [-0.65957, 44.42751, 65.12222222222223], [-0.65923, 44.42748, 65.12222222222223], [-0.65901, 44.42739, 65.12222222222223], [-0.65886, 44.42725, 65.12222222222223], [-0.6588, 44.42707, 65.5], [-0.65886, 44.42681, 65.12222222222223], [-0.65899, 44.42665, 65.12222222222223], [-0.6592, 44.42655, 65.12222222222223], [-0.65945, 44.42651, 65.12222222222223], [-0.65974, 44.42654, 65.12222222222223], [-0.65998, 44.42664, 65.12222222222223], [-0.66014, 44.42677, 65.12222222222223]]]}}, {"type": "Feature", "properties": {"id_obligation": "401710000D0654", "priorite": "très forte"}, "geometry": {"type": "Polygon", "coordinates": [[[-0.659, 44.42414, 65.4], [-0.65875, 44.42427, 65.4], [-0.65837, 44.4243, 65.4], [-0.65809, 44.42423, 65.4], [-0.65789, 44.42407, 65.4], [-0.65781, 44.42382, 65.4], [-0.65766, 44.42361, 65.4], [-0.65764, 44.42344, 65.4], [-0.65775, 44.42324, 65.4], [-0.65802, 44.42308, 65.4], [-0.65825, 44.42302, 65.4], [-0.6585, 44.42302, 65.4], [-0.65872, 44.4231, 65.4], [-0.65891, 44.42326, 65.4], [-0.65911, 44.42361, 65.4], [-0.65913, 44.42394, 65.4], [-0.659, 44.42414, 65.4]]]}}, {"type": "Feature", "properties": {"id_obligation": "401710000D0655", "priorite": "très forte"}, "geometry": {"type": "Polygon", "coordinates": [[[-0.66143, 44.42184, 67.94374999999998], [-0.66158, 44.42166, 67.94374999999998], [-0.66182, 44.42153, 67.94374999999998], [-0.66212, 44.4215, 67.94374999999998], [-0.66235, 44.42154, 67.94374999999998], [-0.66267, 44.42172, 67.94374999999998], [-0.66284, 44.42189, 67.94374999999998], [-0.66289, 44.4221, 67.94374999999998], [-0.66283, 44.42227, 67.94374999999998], [-0.6626, 44.42249, 67.94374999999998], [-0.66236, 44.4226, 67.94374999999998], [-0.66211, 44.42263, 67.94374999999998], [-0.66187, 44.4226, 67.94374999999998], [-0.66159, 44.42246, 67.94374999999998], [-0.66146, 44.4223, 67.94374999999998], [-0.66143, 44.42184, 67.94374999999998]]]}}, {"type": "Feature", "properties": {"id_obligation": "401710000D0664", "priorite": "forte"}, "geometry": {"type": "Polygon", "coordinates": [[[-0.65692, 44.43185, 66.4282857142857], [-0.6573, 44.43188, 66.4282857142857], [-0.65756, 44.432, 66.4282857142857], [-0.65772, 44.43219, 67.3], [-0.65773, 44.43241, 67.3], [-0.6576, 44.43265, 68.82000000000001], [-0.65743, 44.43277, 69.2], [-0.6573, 44.43275, 69.2], [-0.65728, 44.43283, 69.2], [-0.65702, 44.43292, 66.4282857142857], [-0.65677, 44.43293, 66.4282857142857], [-0.65642, 44.43285, 66.4282857142857], [-0.65624, 44.43273, 66.4282857142857], [-0.65614, 44.43258, 66.7], [-0.65612, 44.4324, 66.7], [-0.65622, 44.4322, 63.0], [-0.65638, 44.43205, 63.0], [-0.65663, 44.43192, 66.4282857142857], [-0.65692, 44.43185, 66.4282857142857]]]}}, {"type": "Feature", "properties": {"id_obligation": "401710000D0666", "priorite": "moyenne"}, "geometry": {"type": "Polygon", "coordinates": [[[-0.67102, 44.41882, 64.1], [-0.6707, 44.4188, 66.35809369202227], [-0.67047, 44.41873, 66.35809369202227], [-0.67028, 44.41856, 66.35809369202227], [-0.67019, 44.41833, 66.35809369202227], [-0.67023, 44.41812, 64.87142857142857], [-0.67036, 44.41797, 64.87142857142857], [-0.67064, 44.41781, 66.7], [-0.67087, 44.41776, 66.7], [-0.67119, 44.41779, 65.7], [-0.67134, 44.41785, 65.7], [-0.67132, 44.41795, 65.7], [-0.6714, 44.41795, 65.7], [-0.67141, 44.41789, 65.7], [-0.67155, 44.41802, 65.7], [-0.67161, 44.41828, 69.8375], [-0.67158, 44.41843, 64.5], [-0.6715, 44.41842, 64.5], [-0.67149, 44.41847, 64.5], [-0.67156, 44.41847, 64.5], [-0.67146, 44.41862, 65.97272727272728], [-0.67126, 44.41876, 65.97272727272728], [-0.67102, 44.41882, 64.1]]]}}, {"type": "Feature", "properties": {"id_obligation": "401710000D0668", "priorite": "moyenne"}, "geometry": {"type": "Polygon", "coordinates": [[[-0.67092, 44.41761, 65.7], [-0.67113, 44.41768, 65.7], [-0.67129, 44.41781, 65.7], [-0.67137, 44.41798, 69.19999999999999], [-0.67136, 44.41815, 70.6], [-0.67118, 44.41812, 70.6], [-0.67115, 44.41816, 70.6], [-0.67123, 44.41823, 70.6], [-0.67135, 44.4182, 70.6], [-0.67124, 44.41839, 69.66666666666667], [-0.67106, 44.4185, 69.66666666666667], [-0.67083, 44.41856, 65.76666666666668], [-0.67049, 44.41855, 65.76666666666668], [-0.67026, 44.41849, 67.21757575757576], [-0.67002, 44.41833, 67.21757575757576], [-0.66993, 44.41816, 67.21757575757576], [-0.66994, 44.41793, 67.21757575757576], [-0.67008, 44.41773, 67.21757575757576], [-0.67028, 44.41762, 67.21757575757576], [-0.67058, 44.41757, 67.21757575757576], [-0.67092, 44.41761, 65.7]]]}}, {"type": "Feature", "properties": {"id_obligation": "401710000D0686", "priorite": "faible"}, "geometry": {"type": "MultiPolygon", "coordinates": [[[[-0.6716, 44.41817, 65.475], [-0.67181, 44.41826, 65.475], [-0.67196, 44.41841, 65.475], [-0.67201, 44.41858, -97.59230769230771], [-0.67197, 44.41879, -1.7408547008547022], [-0.67186, 44.41895, -1.7408547008547022], [-0.67162, 44.41908, -1.7408547008547022], [-0.67139, 44.41912, -1.7408547008547022], [-0.67109, 44.4191, -1.7408547008547022], [-0.67087, 44.41902, -1.7408547008547022], [-0.6707, 44.41888, -1.7408547008547022], [-0.67062, 44.41867, 64.1], [-0.67068, 44.41843, 67.32499999999999], [-0.67081, 44.41829, 67.32499999999999], [-0.67086, 44.4183, 67.8], [-0.67085, 44.41837, 67.8], [-0.67095, 44.41838, 64.8], [-0.67098, 44.41822, 67.8], [-0.67093, 44.41821, 67.86721192097023], [-0.67117, 44.41815, 70.6], [-0.67115, 44.41819, 70.6], [-0.67123, 44.41823, 70.6], [-0.67142, 44.4182, 70.6], [-0.67142, 44.41816, 70.6], [-0.67132, 44.41814, 70.19333333333334], [-0.6716, 44.41817, 65.475]]], [[[-0.67087, 44.41824, 67.9], [-0.67087, 44.41827, 67.9], [-0.67085, 44.41826, 67.32499999999999], [-0.67087, 44.41824, 67.9]]]]}}, {"type": "Feature", "properties": {"id_obligation": "401710000D0691", "priorite": "faible"}, "geometry": {"type": "Polygon", "coordinates": [[[-0.67121, 44.41874, -1000.0], [-0.67113, 44.41852, 65.74615384615386], [-0.67123, 44.41823, 70.6], [-0.67142, 44.4182, 70.6], [-0.67142, 44.41816, 70.6], [-0.6713, 44.41815, 70.6], [-0.67132, 44.41813, 70.60000000000001], [-0.67152, 44.41803, 70.60000000000001], [-0.67175, 44.41799, -65.75070398351649], [-0.67215, 44.41803, 68.0125], [-0.67236, 44.41812, 68.0125], [-0.67251, 44.41827, 68.0125], [-0.67256, 44.41844, 70.1], [-0.67251, 44.41869, 66.4], [-0.67236, 44.41887, 66.4], [-0.67227, 44.41892, 66.4], [-0.67212, 44.41885, 66.4], [-0.67204, 44.4189, 66.4], [-0.67213, 44.41898, 66.4], [-0.67193, 44.41901, 66.4], [-0.67158, 44.41897, -1000.0], [-0.67137, 44.41887, -1000.0], [-0.67121, 44.41874, -1000.0]]]}}, {"type": "Feature", "properties": {"id_obligation": "401710000D0697", "priorite": "moyenne"}, "geometry": {"type": "Polygon", "coordinates": [[[-0.67058, 44.41709, 67.45], [-0.67081, 44.41704, 67.45], [-0.67111, 44.41706, 67.45], [-0.67141, 44.41718, 67.45], [-0.67156, 44.41732, 67.45], [-0.67162, 44.41752, 67.45], [-0.67157, 44.41769, 65.7], [-0.67142, 44.41788, 65.7], [-0.67143, 44.4178, 65.7], [-0.67135, 44.4178, 65.7], [-0.67132, 44.41795, 65.7], [-0.67098, 44.41803, 67.45], [-0.67073, 44.418, 67.45], [-0.67046, 44.41791, 67.45], [-0.6703, 44.41778, 67.45], [-0.67022, 44.41761, 67.45], [-0.67024, 44.41743, 67.45], [-0.67036, 44.41724, 67.45], [-0.67058, 44.41709, 67.45]]]}}, {"type": "Feature", "properties": {"id_obligation": "401710000D0700", "priorite": "moyenne"}, "geometry": {"type": "Polygon", "coordinates": [[[-0.6734, 44.4176, 66.4181574565785], [-0.67352, 44.41774, 66.4181574565785], [-0.67356, 44.41791, 66.4181574565785], [-0.6735, 44.41816, 65.75999999999999], [-0.67324, 44.41837, 65.88155696607122], [-0.67324, 44.41831, 65.6], [-0.67307, 44.41831, 66.0], [-0.67307, 44.41839, 66.0], [-0.67319, 44.41839, 66.0], [-0.6731, 44.41842, 65.51818181818182], [-0.67286, 44.41843, 65.51818181818182], [-0.6726, 44.41839, 65.80769230769232], [-0.67236, 44.41825, 65.80769230769232], [-0.6723, 44.41818, 65.2], [-0.67232, 44.41811, 65.2], [-0.67226, 44.4181, 65.80769230769232], [-0.67224, 44.41792, 67.05], [-0.67231, 44.41771, 67.05], [-0.67245, 44.41756, 68.83684210526314], [-0.67262, 44.41748, 65.93013718117734], [-0.67285, 44.41744, 66.93333333333335], [-0.67315, 44.41748, 66.4181574565785], [-0.6734, 44.4176, 66.4181574565785]]]}}, {"type": "Feature", "properties": {"id_obligation": "401710000D0800", "priorite": "très forte"}, "geometry": {"type": "Polygon", "coordinates": [[[-0.65183, 44.43145, 66.4], [-0.65163, 44.43161, 66.4], [-0.65161, 44.43147, 66.4], [-0.65148, 44.43147, 66.4], [-0.65147, 44.43161, 66.4], [-0.65162, 44.43162, 66.4], [-0.65146, 44.43167, 66.35], [-0.65122, 44.43169, 66.35], [-0.65088, 44.43163, 65.354], [-0.65069, 44.43152, 65.354], [-0.65057, 44.43137, 65.354], [-0.65054, 44.43119, 65.354], [-0.65068, 44.43061, 65.354], [-0.65083, 44.43043, 65.354], [-0.65108, 44.43032, 65.7], [-0.65152, 44.43032, 65.354], [-0.65187, 44.43048, 65.354], [-0.65199, 44.43073, 65.354], [-0.65183, 44.43145, 66.4]]]}}, {"type": "Feature", "properties": {"id_obligation": "401710000D0814", "priorite": "moyenne"}, "geometry": {"type": "Polygon", "coordinates": [[[-0.65612, 44.43235, 67.06666666666666], [-0.6559, 44.4325, 67.06666666666666], [-0.65566, 44.43255, 65.74690476190474], [-0.65537, 44.43254, 65.74690476190474], [-0.65514, 44.43248, 65.74690476190474], [-0.65497, 44.43235, 65.74690476190474], [-0.65487, 44.43219, 66.1], [-0.65487, 44.43199, 66.1], [-0.655, 44.43179, 65.74690476190474], [-0.6552, 44.43168, 65.74690476190474], [-0.65544, 44.43163, 65.74690476190474], [-0.65572, 44.43164, 65.74690476190474], [-0.65594, 44.43171, 64.0], [-0.65611, 44.43183, 64.0], [-0.65621, 44.43199, 65.625], [-0.65621, 44.43218, 65.625], [-0.65612, 44.43235, 67.06666666666666]]]}}, {"type": "Feature", "properties": {"id_obligation": "401710000D0815", "priorite": "moyenne"}, "geometry": {"type": "Polygon", "coordinates": [[[-0.65558, 44.43238, 64.95714285714286], [-0.65538, 44.43248, 64.95714285714286], [-0.65513, 44.43251, 64.95714285714286], [-0.65479, 44.43246, 64.95714285714286], [-0.65459, 44.43236, 64.95714285714286], [-0.65444, 44.43218, 64.95714285714286], [-0.65441, 44.432, 64.95714285714286], [-0.65448, 44.43179, 64.95714285714286], [-0.65462, 44.43164, 64.95714285714286], [-0.65489, 44.43153, 63.9], [-0.65512, 44.43151, 63.9], [-0.65528, 44.43158, 63.9], [-0.6553, 44.43154, 63.9], [-0.6554, 44.43156, 63.9], [-0.6556, 44.43166, 63.9], [-0.65573, 44.4318, 65.92857142857143], [-0.65578, 44.43197, 65.92857142857143], [-0.65574, 44.43218, 64.95714285714286], [-0.65558, 44.43238, 64.95714285714286]]]}}, {"type": "Feature", "properties": {"id_obligation": "401710000D0816", "priorite": "moyenne"}, "geometry": {"type": "Polygon", "coordinates": [[[-0.65502, 44.43171, 63.9], [-0.65521, 44.4316, 63.9], [-0.65546, 44.43155, 63.9], [-0.65581, 44.43158, 65.3916305916306], [-0.65606, 44.4317, 65.3916305916306], [-0.65619, 44.43184, 65.45454545454545], [-0.65623, 44.43202, 65.45454545454545], [-0.65619, 44.43222, 67.06666666666666], [-0.65607, 44.43238, 67.06666666666666], [-0.65582, 44.4325, 67.06666666666666], [-0.65558, 44.43253, 65.3916305916306], [-0.6553, 44.4325, 65.3916305916306], [-0.65509, 44.43242, 65.3916305916306], [-0.65494, 44.43229, 65.3916305916306], [-0.65487, 44.43212, 66.1], [-0.65488, 44.43191, 66.1], [-0.65502, 44.43171, 63.9]]]}}, {"type": "Feature", "properties": {"id_obligation": "401710000D0819", "priorite": "forte"}, "geometry": {"type": "Polygon", "coordinates": [[[-0.65888, 44.42644, 64.8], [-0.65886, 44.42649, 64.8], [-0.65891, 44.4265, 64.8], [-0.65893, 44.42646, 64.8], [-0.65899, 44.4265, 64.8], [-0.65916, 44.42668, 64.8], [-0.65919, 44.42689, 64.93], [-0.65907, 44.42716, 63.6], [-0.65863, 44.42747, 64.28482352941177], [-0.65842, 44.42756, 64.28482352941177], [-0.65811, 44.42758, 64.28482352941177], [-0.65773, 44.4275, 64.28482352941177], [-0.65752, 44.42734, 64.28482352941177], [-0.65743, 44.42712, 62.5], [-0.65749, 44.42685, 62.5], [-0.65764, 44.42652, 64.28482352941177], [-0.6578, 44.42639, 64.28482352941177], [-0.65807, 44.4263, 64.28482352941177], [-0.65831, 44.4263, 64.28482352941177], [-0.65888, 44.42644, 64.8]]]}}, {"type": "Feature", "properties": {"id_obligation": "401710000D0820", "priorite": "forte"}, "geometry": {"type": "MultiPolygon", "coordinates": [[[[-0.65852, 44.43269, 67.2875], [-0.65845, 44.43285, 67.2875], [-0.65834, 44.43296, 67.5], [-0.65835, 44.43293, 67.5], [-0.65825, 44.43292, 67.5], [-0.65823, 44.43303, 67.5], [-0.65799, 44.4331, 66.31823979591836], [-0.65793, 44.43334, 66.31823979591836], [-0.65771, 44.43354, 65.6], [-0.65749, 44.43361, 65.6], [-0.65724, 44.43362, 64.4], [-0.657, 44.43357, 64.4], [-0.65677, 44.43343, 64.4], [-0.65663, 44.43311, 64.4], [-0.65665, 44.4328, 66.8], [-0.65678, 44.43247, 66.8], [-0.65687, 44.43249, 66.8], [-0.65691, 44.43239, 66.8], [-0.6568, 44.43237, 66.8], [-0.65684, 44.43228, 66.32142857142856], [-0.65703, 44.4321, 66.32142857142856], [-0.65744, 44.432, 67.3], [-0.65805, 44.43211, 66.31823979591836], [-0.65834, 44.43226, 66.31823979591836], [-0.65848, 44.43249, 66.31823979591836], [-0.65852, 44.43269, 67.2875]]]]}}, {"type": "Feature", "properties": {"id_obligation": "401710000D0822", "priorite": "forte"}, "geometry": {"type": "Polygon", "coordinates": [[[-0.66592, 44.41846, 66.6], [-0.6658, 44.41861, 66.6], [-0.66555, 44.41874, 66.6], [-0.66518, 44.41875, 66.6], [-0.66483, 44.41864, 66.6], [-0.66458, 44.41866, 66.00441176470588], [-0.66428, 44.41861, 66.00441176470588], [-0.66403, 44.41848, 66.00441176470588], [-0.66391, 44.41833, 66.00441176470588], [-0.66389, 44.41812, 66.7], [-0.66403, 44.41787, 66.7], [-0.66466, 44.41758, 64.2], [-0.6648, 44.41733, 64.2], [-0.66511, 44.41718, 64.2], [-0.66553, 44.41718, 64.2], [-0.66586, 44.41731, 64.2], [-0.66602, 44.41755, 64.2], [-0.66592, 44.41846, 66.6]]]}}, {"type": "Feature", "properties": {"id_obligation": "401710000D0837", "priorite": "moyenne"}, "geometry": {"type": "Polygon", "coordinates": [[[-0.67181, 44.42033, 64.7], [-0.67176, 44.42026, 64.7], [-0.67169, 44.42029, 64.7], [-0.67175, 44.42037, 64.7], [-0.67163, 44.42044, 64.6529411764706], [-0.6713, 44.42052, 64.66531862745099], [-0.67099, 44.42048, 64.66531862745099], [-0.67079, 44.42039, 64.66531862745099], [-0.67065, 44.42024, 64.66531862745099], [-0.67053, 44.41997, 64.66531862745099], [-0.67057, 44.41975, 64.66531862745099], [-0.67075, 44.41957, 64.66531862745099], [-0.67103, 44.41947, 64.425], [-0.67127, 44.41944, 64.425], [-0.67151, 44.41947, 64.66531862745099], [-0.67172, 44.41957, 64.66531862745099], [-0.67185, 44.41971, 64.66531862745099], [-0.67196, 44.41992, 64.5], [-0.67195, 44.42013, 64.5], [-0.67181, 44.42033, 64.7]]]}}, {"type": "Feature", "properties": {"id_obligation": "401710000D0838", "priorite": "moyenne"}, "geometry": {"type": "Polygon", "coordinates": [[[-0.67224, 44.42079, 64.86425438596493], [-0.67195, 44.42087, 64.86425438596493], [-0.67159, 44.42083, 64.86425438596493], [-0.67133, 44.42073, 64.86425438596493], [-0.67097, 44.42024, 64.86425438596493], [-0.67101, 44.41999, 65.09166666666668], [-0.67116, 44.4198, 65.09166666666668], [-0.67135, 44.4197, 65.09166666666668], [-0.67159, 44.41965, 64.86425438596493], [-0.6719, 44.41969, 64.86425438596493], [-0.67211, 44.41978, 64.86425438596493], [-0.6725, 44.42021, 64.86425438596493], [-0.67253, 44.42039, 64.86425438596493], [-0.67244, 44.42062, 64.86425438596493], [-0.67224, 44.42079, 64.86425438596493]]]}}, {"type": "Feature", "properties": {"id_obligation": "401710000D0839", "priorite": "moyenne"}, "geometry": {"type": "Polygon", "coordinates": [[[-0.67337, 44.4204, 64.30555555555556], [-0.67338, 44.42057, 64.30555555555556], [-0.67325, 44.42078, 64.30555555555556], [-0.67306, 44.42089, 64.30555555555556], [-0.67273, 44.42097, 64.30555555555556], [-0.67245, 44.42095, 64.30555555555556], [-0.67218, 44.42085, 64.30555555555556], [-0.67202, 44.42072, 64.30555555555556], [-0.67193, 44.42052, 64.30555555555556], [-0.67193, 44.42035, 64.30555555555556], [-0.67206, 44.42015, 64.30555555555556], [-0.67225, 44.42004, 64.30555555555556], [-0.67261, 44.41996, 64.33333333333333], [-0.67285, 44.41997, 64.33333333333333], [-0.67287, 44.42003, 64.6], [-0.67272, 44.42018, 64.6], [-0.6728, 44.42022, 64.6], [-0.67304, 44.42004, 64.7], [-0.67327, 44.42021, 64.23333333333332], [-0.67337, 44.4204, 64.30555555555556]]]}}, {"type": "Feature", "properties": {"id_obligation": "401710000D0840", "priorite": "moyenne"}, "geometry": {"type": "Polygon", "coordinates": [[[-0.67249, 44.41963, 64.52012987012988], [-0.67276, 44.41952, 65.39999999999999], [-0.67353, 44.41956, 64.3], [-0.6738, 44.41968, 64.3], [-0.67395, 44.41982, 64.3], [-0.67401, 44.42, 64.38333333333333], [-0.67397, 44.42017, 64.38333333333333], [-0.67378, 44.42038, 64.52012987012988], [-0.67359, 44.42049, 64.52012987012988], [-0.67325, 44.42053, 64.3], [-0.67296, 44.42065, 64.3], [-0.67259, 44.42064, 64.36666666666666], [-0.67225, 44.42048, 64.36666666666666], [-0.67211, 44.42028, 64.6], [-0.67212, 44.42005, 64.6], [-0.67249, 44.41963, 64.52012987012988]]]}}, {"type": "Feature", "properties": {"id_obligation": "401710000D0841", "priorite": "moyenne"}, "geometry": {"type": "Polygon", "coordinates": [[[-0.67409, 44.41989, 64.63731617647059], [-0.67401, 44.42014, 64.63731617647059], [-0.67381, 44.42033, 64.63731617647059], [-0.67346, 44.42042, 64.4], [-0.67316, 44.42037, 64.4], [-0.6729, 44.42024, 64.63750000000002], [-0.67283, 44.42018, 64.6], [-0.67304, 44.42003, 64.7], [-0.67291, 44.41996, 64.6], [-0.67278, 44.42012, 64.6], [-0.67261, 44.41996, 64.6], [-0.67254, 44.41974, 64.6], [-0.6726, 44.41953, 64.63731617647059], [-0.67278, 44.41936, 64.63731617647059], [-0.67298, 44.41926, 64.63731617647059], [-0.67322, 44.41922, 64.63731617647059], [-0.67348, 44.41924, 64.63731617647059], [-0.67373, 44.41934, 64.63731617647059], [-0.67389, 44.41947, 64.63731617647059], [-0.67409, 44.41989, 64.63731617647059]]]}}, {"type": "Feature", "properties": {"id_obligation": "401710000D0845", "priorite": "forte"}, "geometry": {"type": "MultiPolygon", "coordinates": [[[[-0.67114, 44.42022, 65.1], [-0.67086, 44.42019, 65.62962962962963], [-0.67065, 44.4201, 65.62962962962963], [-0.67051, 44.41996, 65.62962962962963], [-0.67045, 44.41979, 65.62962962962963], [-0.67051, 44.41955, 65.62962962962963], [-0.67064, 44.4194, 65.62962962962963], [-0.67084, 44.41929, 65.62962962962963], [-0.67107, 44.41925, 64.78888888888889], [-0.67138, 44.41929, 64.78888888888889], [-0.67159, 44.41938, 65.62962962962963], [-0.67174, 44.41952, 65.62962962962963], [-0.6718, 44.41969, 65.62962962962963], [-0.67175, 44.41991, 65.62962962962963], [-0.67162, 44.42006, 65.62962962962963], [-0.67138, 44.42018, 65.1], [-0.67114, 44.42022, 65.1]]], [[[-0.67188, 44.42141, 65.62962962962963], [-0.67168, 44.42152, 65.62962962962963], [-0.67145, 44.42156, 67.0], [-0.67107, 44.42154, 67.0], [-0.67086, 44.42145, 65.62962962962963], [-0.67069, 44.42127, 65.62962962962963], [-0.67065, 44.4211, 65.62962962962963], [-0.67069, 44.42085, 65.62962962962963], [-0.67081, 44.4207, 65.62962962962963], [-0.67106, 44.42058, 65.1], [-0.6713, 44.42055, 65.1], [-0.67161, 44.42058, 65.62962962962963], [-0.67182, 44.42067, 65.62962962962963], [-0.67197, 44.4208, 65.62962962962963], [-0.67203, 44.42097, 65.62962962962963], [-0.67202, 44.42121, 65.62962962962963], [-0.67188, 44.42141, 65.62962962962963]]]]}}, {"type": "Feature", "properties": {"id_obligation": "401710000D0874", "priorite": "très forte"}, "geometry": {"type": "Polygon", "coordinates": [[[-0.6619, 44.41499, 67.55972222222222], [-0.66204, 44.41523, 66.89999999999999], [-0.66197, 44.41554, 66.89999999999999], [-0.66174, 44.41574, 67.55972222222222], [-0.66146, 44.41582, 67.55972222222222], [-0.66121, 44.41581, 67.55972222222222], [-0.66105, 44.41592, 67.55972222222222], [-0.66083, 44.41599, 67.55972222222222], [-0.66026, 44.41604, 68.38333333333334], [-0.65997, 44.416, 68.38333333333334], [-0.65973, 44.41587, 68.38333333333334], [-0.65962, 44.41572, 68.38333333333334], [-0.6596, 44.41548, 67.65555555555555], [-0.65967, 44.41532, 67.65555555555555], [-0.65982, 44.41518, 67.55972222222222], [-0.66044, 44.41497, 67.55972222222222], [-0.66083, 44.41499, 67.55972222222222], [-0.66097, 44.41489, 67.55972222222222], [-0.66119, 44.41482, 67.55972222222222], [-0.6616, 44.41485, 67.55972222222222], [-0.6619, 44.41499, 67.55972222222222]]]}}, {"type": "Feature", "properties": {"id_obligation": "401710000D0882", "priorite": "moyenne"}, "geometry": {"type": "Polygon", "coordinates": [[[-0.67453, 44.41734, 64.4], [-0.67442, 44.41735, 64.4], [-0.67443, 44.41743, 64.4], [-0.67449, 44.41742, 64.4], [-0.67433, 44.41759, 64.39999999999999], [-0.67412, 44.41768, 64.3], [-0.67382, 44.41772, 64.3], [-0.67353, 44.41765, 64.3], [-0.67335, 44.41754, 64.3], [-0.67324, 44.41738, 64.3], [-0.6732, 44.41718, 64.3], [-0.67326, 44.41701, 64.3], [-0.67341, 44.41686, 64.3], [-0.67362, 44.41677, 64.3], [-0.67392, 44.41674, 64.3], [-0.67416, 44.41678, 64.3], [-0.67436, 44.41688, 64.3], [-0.67448, 44.41703, 64.3], [-0.67453, 44.41734, 64.4]]]}}, {"type": "Feature", "properties": {"id_obligation": "401710000D0884", "priorite": "forte"}, "geometry": {"type": "Polygon", "coordinates": [[[-0.67363, 44.41727, 64.1], [-0.67377, 44.41712, 64.1], [-0.67398, 44.41703, 64.1], [-0.67435, 44.41699, 64.3], [-0.67459, 44.41703, 64.3], [-0.67483, 44.41716, 64.3], [-0.67494, 44.41732, 64.4], [-0.67484, 44.41733, 64.4], [-0.67486, 44.4174, 64.4], [-0.67496, 44.41739, 64.4], [-0.67498, 44.41752, 64.39999999999999], [-0.67489, 44.41773, 64.3], [-0.67473, 44.41787, 64.3], [-0.67451, 44.41795, 64.3], [-0.6742, 44.41798, 64.3], [-0.67396, 44.41794, 64.3], [-0.67376, 44.41783, 64.3], [-0.67363, 44.41769, 64.3], [-0.67358, 44.41748, 64.3], [-0.67363, 44.41727, 64.1]]]}}, {"type": "Feature", "properties": {"id_obligation": "401710000D0886", "priorite": "forte"}, "geometry": {"type": "Polygon", "coordinates": [[[-0.67384, 44.41717, 64.1], [-0.67403, 44.417, 64.1], [-0.67425, 44.41692, 64.1], [-0.67463, 44.41688, 64.17499999999998], [-0.67487, 44.41692, 64.17499999999998], [-0.67511, 44.41706, 64.17499999999998], [-0.67522, 44.41722, 63.98], [-0.67525, 44.41742, 63.98], [-0.67517, 44.41763, 64.17499999999998], [-0.67501, 44.41776, 64.17499999999998], [-0.67479, 44.41784, 64.17499999999998], [-0.67441, 44.41788, 64.17499999999998], [-0.67418, 44.41784, 64.17499999999998], [-0.67398, 44.41774, 64.17499999999998], [-0.67385, 44.41759, 64.17499999999998], [-0.67379, 44.41739, 64.22], [-0.67384, 44.41717, 64.1]]]}}, {"type": "Feature", "properties": {"id_obligation": "401710000D0888", "priorite": "forte"}, "geometry": {"type": "Polygon", "coordinates": [[[-0.6746, 44.41781, 64.2], [-0.67436, 44.41768, 64.2], [-0.67425, 44.41752, 64.4], [-0.67435, 44.41751, 64.4], [-0.67433, 44.41744, 64.4], [-0.67423, 44.41745, 64.4], [-0.67422, 44.41727, 64.39999999999999], [-0.67433, 44.41707, 64.2], [-0.67451, 44.41695, 64.2], [-0.67474, 44.41689, 64.2], [-0.6751, 44.41686, 64.2], [-0.67534, 44.41692, 64.2], [-0.67552, 44.41704, 64.2], [-0.67563, 44.4172, 63.800000000000004], [-0.67566, 44.41744, 63.800000000000004], [-0.67558, 44.41761, 64.2], [-0.67542, 44.41774, 64.2], [-0.6752, 44.41782, 64.2], [-0.6749, 44.41785, 64.2], [-0.6746, 44.41781, 64.2]]]}}, {"type": "Feature", "properties": {"id_obligation": "401710000D0889", "priorite": "forte"}, "geometry": {"type": "Polygon", "coordinates": [[[-0.67595, 44.41752, 64.16666666666666], [-0.67576, 44.4177, 64.16666666666666], [-0.67554, 44.41778, 64.16666666666666], [-0.67513, 44.41781, 64.16666666666666], [-0.67485, 44.41773, 64.16666666666666], [-0.67468, 44.4176, 64.16666666666666], [-0.6746, 44.41744, 64.39999999999999], [-0.67458, 44.41723, 64.39999999999999], [-0.67466, 44.41706, 64.16666666666666], [-0.67487, 44.41691, 64.16666666666666], [-0.6751, 44.41684, 64.16666666666666], [-0.67544, 44.41682, 64.16666666666666], [-0.67567, 44.41688, 64.16666666666666], [-0.67585, 44.417, 64.16666666666666], [-0.67596, 44.41715, 64.16666666666666], [-0.676, 44.41734, 64.16666666666666], [-0.67595, 44.41752, 64.16666666666666]]]}}, {"type": "Feature", "properties": {"id_obligation": "401710000D0906", "priorite": "très forte"}, "geometry": {"type": "Polygon", "coordinates": [[[-0.66478, 44.43346, 64.46666666666667], [-0.6646, 44.43363, 64.46666666666667], [-0.66439, 44.43372, 64.46666666666667], [-0.66395, 44.43378, 64.46666666666667], [-0.66355, 44.43376, 64.46666666666667], [-0.66327, 44.43366, 64.46666666666667], [-0.6631, 44.43347, 64.46666666666667], [-0.66305, 44.43326, 64.46666666666667], [-0.66314, 44.43305, 64.46666666666667], [-0.66334, 44.4329, 64.46666666666667], [-0.66417, 44.43275, 64.46666666666667], [-0.66448, 44.4328, 65.5], [-0.66467, 44.43292, 65.5], [-0.66479, 44.43308, 63.8], [-0.66483, 44.4333, 63.8], [-0.66478, 44.43346, 64.46666666666667]]]}}, {"type": "Feature", "properties": {"id_obligation": "401710000D0916", "priorite": "forte"}, "geometry": {"type": "Polygon", "coordinates": [[[-0.65876, 44.43248, 62.7], [-0.65902, 44.43259, 62.7], [-0.65918, 44.43283, 65.55666666666666], [-0.65916, 44.43309, 65.55666666666666], [-0.65902, 44.43328, 65.55666666666666], [-0.65883, 44.43339, 65.55666666666666], [-0.6584, 44.43348, 68.9], [-0.65809, 44.43347, 65.55666666666666], [-0.65782, 44.43338, 65.55666666666666], [-0.65767, 44.43324, 65.55666666666666], [-0.6576, 44.43307, 63.5], [-0.65763, 44.43282, 63.5], [-0.65779, 44.43261, 65.63749399608821], [-0.65782, 44.43266, 65.8], [-0.65789, 44.43265, 65.8], [-0.65786, 44.43256, 65.5], [-0.65791, 44.43253, 65.60000000000001], [-0.65839, 44.43245, 65.55666666666666], [-0.65876, 44.43248, 62.7]]]}}, {"type": "Feature", "properties": {"id_obligation": "401710000D0925", "priorite": "moyenne"}, "geometry": {"type": "Polygon", "coordinates": [[[-0.67261, 44.41838, 64.8125], [-0.67283, 44.41823, 64.8125], [-0.67306, 44.41818, 65.36470588235295], [-0.67343, 44.41819, 63.4], [-0.67369, 44.41831, 63.4], [-0.67383, 44.41845, 63.4], [-0.67388, 44.41862, 65.25108043217287], [-0.67385, 44.41889, 65.25108043217287], [-0.67374, 44.41904, 65.25108043217287], [-0.67349, 44.41917, 65.25108043217287], [-0.67325, 44.41921, 66.0], [-0.67295, 44.41919, 65.8125], [-0.67274, 44.4191, 65.8125], [-0.67273, 44.41905, 65.7], [-0.67265, 44.41904, 65.7], [-0.67258, 44.41897, 65.8125], [-0.67251, 44.4188, 65.325], [-0.67251, 44.41859, 65.325], [-0.67261, 44.41838, 64.8125]]]}}, {"type": "Feature", "properties": {"id_obligation": "401710000D0926", "priorite": "moyenne"}, "geometry": {"type": "Polygon", "coordinates": [[[-0.67367, 44.41879, 65.30097818847818], [-0.6735, 44.41892, 65.30097818847818], [-0.67321, 44.419, 66.3], [-0.67288, 44.41899, 66.0], [-0.67262, 44.41888, 66.0], [-0.67245, 44.4187, 66.0], [-0.67242, 44.41847, 64.67692307692309], [-0.67247, 44.41818, 67.10909090909091], [-0.67255, 44.41806, 69.3], [-0.67264, 44.41806, 69.3], [-0.67263, 44.41799, 69.3], [-0.67278, 44.41791, 67.10909090909091], [-0.67288, 44.41788, 63.7], [-0.67286, 44.41802, 64.8], [-0.6729, 44.41802, 64.8], [-0.67291, 44.41787, 63.7], [-0.67335, 44.41788, 63.88333333333335], [-0.67359, 44.41795, 65.30097818847818], [-0.67376, 44.41808, 65.30097818847818], [-0.67386, 44.41824, 63.4], [-0.67385, 44.41848, 63.4], [-0.67367, 44.41879, 65.30097818847818]]]}}, {"type": "Feature", "properties": {"id_obligation": "401710000D0928", "priorite": "moyenne"}, "geometry": {"type": "Polygon", "coordinates": [[[-0.67325, 44.41868, 65.85], [-0.67325, 44.41863, 66.3], [-0.67313, 44.41863, 66.3], [-0.67314, 44.41873, 66.3], [-0.67309, 44.41874, 65.85], [-0.67275, 44.41877, 64.72], [-0.67235, 44.41872, 70.1], [-0.67213, 44.41864, 70.1], [-0.67197, 44.4185, 70.1], [-0.6719, 44.41833, 69.08333333333333], [-0.67192, 44.41811, 68.575], [-0.67208, 44.41791, 68.575], [-0.67236, 44.4178, 68.575], [-0.67268, 44.41779, 65.655], [-0.67307, 44.41786, 63.7], [-0.67328, 44.41795, 63.7], [-0.67343, 44.41808, 63.7], [-0.6735, 44.41825, 65.1375], [-0.67347, 44.41846, 65.85], [-0.67325, 44.41868, 65.85]]]}}, {"type": "Feature", "properties": {"id_obligation": "401710000D0931", "priorite": "moyenne"}, "geometry": {"type": "Polygon", "coordinates": [[[-0.67313, 44.4187, 66.3], [-0.67314, 44.41876, 66.3], [-0.67321, 44.41876, 66.3], [-0.67331, 44.41887, 66.3], [-0.67336, 44.41904, 66.0], [-0.67317, 44.41903, 66.0], [-0.67317, 44.41911, 66.0], [-0.67335, 44.41912, 66.0], [-0.67328, 44.41934, 66.14166666666667], [-0.67314, 44.41949, 66.14166666666667], [-0.67289, 44.4196, 66.14166666666667], [-0.67265, 44.41962, 66.14166666666667], [-0.67237, 44.41958, 66.14166666666667], [-0.67216, 44.41949, 66.14166666666667], [-0.672, 44.4193, 66.4], [-0.67197, 44.41912, 66.4], [-0.67205, 44.41887, 66.4], [-0.67218, 44.41872, 66.4], [-0.67238, 44.41862, 66.4], [-0.67261, 44.41859, 66.0], [-0.67289, 44.41861, 66.0], [-0.67313, 44.4187, 66.3]]]}}, {"type": "Feature", "properties": {"id_obligation": "401710000D0932", "priorite": "faible"}, "geometry": {"type": "Polygon", "coordinates": [[[-0.67289, 44.41886, 66.0], [-0.67279, 44.41881, 66.0], [-0.67272, 44.41887, 66.0], [-0.67284, 44.41894, 66.0], [-0.67289, 44.41889, 66.0], [-0.67284, 44.4191, 65.7], [-0.67269, 44.41925, 65.7], [-0.67236, 44.41941, -111.22164502164502], [-0.67213, 44.41944, -111.22164502164502], [-0.67184, 44.41938, -111.22164502164502], [-0.67165, 44.41927, -111.22164502164502], [-0.67145, 44.41907, -1000.0], [-0.67141, 44.41885, -1000.0], [-0.67149, 44.41868, 66.62857142857143], [-0.67177, 44.41848, 67.8], [-0.67175, 44.41854, 65.2], [-0.67191, 44.41856, 67.8], [-0.6719, 44.41843, 68.02727272727273], [-0.67208, 44.4184, 70.1], [-0.67205, 44.4185, 70.1], [-0.67214, 44.41852, 70.1], [-0.67217, 44.4184, 70.1], [-0.67245, 44.41845, -111.22164502164502], [-0.6728, 44.41868, -111.22164502164502], [-0.67289, 44.41886, 66.0]]]}}, {"type": "Feature", "properties": {"id_obligation": "401710000D0934", "priorite": "moyenne"}, "geometry": {"type": "Polygon", "coordinates": [[[-0.67379, 44.41868, 66.0125], [-0.67398, 44.41886, 66.0125], [-0.67404, 44.41907, 66.0125], [-0.67396, 44.41932, 66.0125], [-0.67376, 44.41949, 66.0125], [-0.67354, 44.41956, 66.0125], [-0.67313, 44.41956, 66.0125], [-0.67289, 44.41951, 66.0125], [-0.6727, 44.41941, 66.0125], [-0.67258, 44.41926, 65.74999999999999], [-0.67255, 44.41901, 65.74999999999999], [-0.67261, 44.41884, 66.0], [-0.67275, 44.41869, 66.0], [-0.67297, 44.4186, 66.0], [-0.67351, 44.41859, 66.0125], [-0.67379, 44.41868, 66.0125]]]}}, {"type": "Feature", "properties": {"id_obligation": "401710000D0936", "priorite": "moyenne"}, "geometry": {"type": "Polygon", "coordinates": [[[-0.67255, 44.41839, 64.7], [-0.67284, 44.41836, 64.7], [-0.67312, 44.41842, 65.65714285714286], [-0.67339, 44.41858, 65.65714285714286], [-0.67353, 44.41878, 66.225], [-0.67353, 44.41896, 66.225], [-0.67343, 44.41913, 66.0], [-0.67323, 44.41929, 66.0], [-0.67296, 44.41938, 65.7], [-0.67271, 44.41938, 65.7], [-0.67249, 44.41931, 65.79948979591836], [-0.67223, 44.41915, 65.79948979591836], [-0.6721, 44.41896, 66.4], [-0.67214, 44.41899, 66.4], [-0.67227, 44.41892, 66.4], [-0.6722, 44.41886, 66.4], [-0.67209, 44.41887, 66.4], [-0.67209, 44.41882, 66.39999999999999], [-0.67217, 44.41865, 65.79948979591836], [-0.67235, 44.41849, 65.79948979591836], [-0.67255, 44.41839, 64.7]]]}}, {"type": "Feature", "properties": {"id_obligation": "401710000D0938", "priorite": "faible"}, "geometry": {"type": "Polygon", "coordinates": [[[-0.67176, 44.41855, 66.47692307692306], [-0.67157, 44.41838, 66.47692307692306], [-0.67151, 44.41822, 66.76937052530803], [-0.67157, 44.41795, 68.16363636363639], [-0.67166, 44.41782, 66.6976369073328], [-0.67189, 44.41785, 66.6], [-0.67192, 44.41774, 69.4], [-0.67178, 44.41774, 69.4], [-0.67188, 44.41769, 67.8], [-0.67212, 44.41765, 65.175], [-0.67246, 44.41768, 66.4211118090973], [-0.67252, 44.41778, 65.5], [-0.67268, 44.41775, 66.5], [-0.67287, 44.41791, 63.7], [-0.67286, 44.41802, 64.8], [-0.67292, 44.41798, 63.7], [-0.67294, 44.41812, 65.82857142857141], [-0.67289, 44.41835, 64.725], [-0.67277, 44.4185, 64.725], [-0.67269, 44.41851, 64.7], [-0.67269, 44.41856, 64.67305928782497], [-0.67258, 44.41861, 64.725], [-0.67235, 44.41866, 70.1], [-0.67203, 44.41864, 70.1], [-0.67176, 44.41855, 66.47692307692306]]]}}, {"type": "Feature", "properties": {"id_obligation": "401710000D0949", "priorite": "moyenne"}, "geometry": {"type": "Polygon", "coordinates": [[[-0.65827, 44.4268, 66.4], [-0.65837, 44.42664, 64.42222222222223], [-0.65856, 44.42652, 64.42222222222223], [-0.65879, 44.42646, 64.8], [-0.65891, 44.4265, 64.8], [-0.65893, 44.42646, 64.8], [-0.65904, 44.42647, 64.8], [-0.65933, 44.42655, 62.3], [-0.65951, 44.42667, 62.3], [-0.65962, 44.42688, 64.75555555555556], [-0.6596, 44.42705, 64.75555555555556], [-0.65947, 44.42727, 64.42222222222223], [-0.65929, 44.42738, 64.42222222222223], [-0.65906, 44.42744, 63.6], [-0.65872, 44.42741, 63.6], [-0.65849, 44.42733, 63.6], [-0.65833, 44.4272, 63.6], [-0.65824, 44.42702, 66.4], [-0.65827, 44.4268, 66.4]]]}}, {"type": "Feature", "properties": {"id_obligation": "401710000D0951", "priorite": "faible"}, "geometry": {"type": "MultiPolygon", "coordinates": [[[[-0.67323, 44.41889, 66.3], [-0.67297, 44.419, 66.0], [-0.67273, 44.41902, 66.0], [-0.67238, 44.41895, 66.5087987012987], [-0.67219, 44.41885, 66.5087987012987], [-0.67207, 44.41869, 70.1], [-0.67204, 44.41856, 70.1], [-0.67205, 44.4185, 70.1], [-0.67214, 44.41852, 70.1], [-0.67219, 44.41836, 70.1], [-0.6721, 44.41835, 70.1], [-0.67213, 44.4183, 68.88000000000001], [-0.67222, 44.41821, 69.7], [-0.67229, 44.41822, 65.2], [-0.67231, 44.41815, 65.2], [-0.67255, 44.41807, 64.46000000000001], [-0.6728, 44.41807, 64.46000000000001], [-0.67308, 44.41813, 65.82857142857144], [-0.67327, 44.41824, 65.82857142857144], [-0.67339, 44.41839, 65.78181818181817], [-0.67342, 44.41857, 65.78181818181817], [-0.67336, 44.41874, 66.3], [-0.67323, 44.41889, 66.3]]], [[[-0.67206, 44.41843, 70.1], [-0.67209, 44.41837, 70.1], [-0.67205, 44.4185, 70.1], [-0.67206, 44.41843, 70.1]]]]}}, {"type": "Feature", "properties": {"id_obligation": "401710000D0955", "priorite": "faible"}, "geometry": {"type": "Polygon", "coordinates": [[[-0.6716, 44.41882, -1000.0], [-0.67154, 44.41877, -1000.0], [-0.67154, 44.41876, -1000.0], [-0.67145, 44.41863, 65.69375], [-0.67143, 44.41845, 65.69375], [-0.67152, 44.41817, -85.37691326530613], [-0.67166, 44.41802, -85.37691326530613], [-0.67187, 44.41793, 68.575], [-0.67212, 44.4179, 68.575], [-0.67244, 44.41795, 67.53333333333333], [-0.67253, 44.41798, 69.3], [-0.67254, 44.41806, 69.3], [-0.67264, 44.41805, 69.3], [-0.67268, 44.41808, 67.53333333333333], [-0.67279, 44.41823, 67.53333333333333], [-0.67278, 44.41853, 64.78847342676946], [-0.67269, 44.41851, 64.7], [-0.67266, 44.41855, 64.7], [-0.67277, 44.41857, 64.606726913551], [-0.67272, 44.41869, -85.37691326530613], [-0.67258, 44.41884, -85.37691326530613], [-0.67237, 44.41893, 66.39999999999999], [-0.67218, 44.41897, 66.4], [-0.67227, 44.41892, 66.4], [-0.67212, 44.41885, 66.4], [-0.67204, 44.4189, 66.4], [-0.67211, 44.41897, 66.4], [-0.67186, 44.41893, -1000.0], [-0.6716, 44.41882, -1000.0]]]}}, {"type": "Feature", "properties": {"id_obligation": "401710000E0145", "priorite": "forte"}, "geometry": {"type": "Polygon", "coordinates": [[[-0.66614, 44.41248, 65.93333333333334], [-0.66587, 44.41259, 65.93333333333334], [-0.66562, 44.41259, 65.93333333333334], [-0.66527, 44.4125, 65.93333333333334], [-0.66506, 44.41234, 65.93333333333334], [-0.66498, 44.41217, 65.93333333333334], [-0.66501, 44.41199, 65.93333333333334], [-0.66514, 44.41177, 65.93333333333334], [-0.66537, 44.41162, 65.93333333333334], [-0.66561, 44.41157, 65.93333333333334], [-0.66585, 44.41159, 65.93333333333334], [-0.66614, 44.41168, 68.4], [-0.66631, 44.41181, 68.4], [-0.66639, 44.41198, 64.89999999999999], [-0.66638, 44.41216, 64.89999999999999], [-0.66629, 44.41234, 65.93333333333334], [-0.66614, 44.41248, 65.93333333333334]]]}}, {"type": "Feature", "properties": {"id_obligation": "401710000E0150", "priorite": "très forte"}, "geometry": {"type": "Polygon", "coordinates": [[[-0.66377, 44.41196, 65.22], [-0.66398, 44.41186, 65.22], [-0.66423, 44.41183, 65.22], [-0.66458, 44.4119, 65.22], [-0.66477, 44.412, 65.22], [-0.66492, 44.41218, 65.22], [-0.66494, 44.41236, 65.22], [-0.66487, 44.41255, 65.22], [-0.66469, 44.41272, 65.22], [-0.66447, 44.4128, 65.22], [-0.66423, 44.41282, 65.22], [-0.66394, 44.41277, 65.22], [-0.66374, 44.41267, 65.22], [-0.6636, 44.41252, 65.22], [-0.66356, 44.41235, 65.22], [-0.66361, 44.41214, 65.22], [-0.66377, 44.41196, 65.22]]]}}, {"type": "Feature", "properties": {"id_obligation": "401710000E0186", "priorite": "très forte"}, "geometry": {"type": "Polygon", "coordinates": [[[-0.66798, 44.41024, -810.6821428571428], [-0.66774, 44.41038, -810.6821428571428], [-0.66729, 44.41047, -810.6821428571428], [-0.66691, 44.41046, -810.6821428571428], [-0.66665, 44.41034, -810.6821428571428], [-0.66647, 44.41015, -810.6821428571428], [-0.66639, 44.40998, -810.6821428571428], [-0.66641, 44.40977, -810.6821428571428], [-0.66656, 44.40958, -810.6821428571428], [-0.66681, 44.40946, -810.6821428571428], [-0.66765, 44.40946, -810.6821428571428], [-0.66791, 44.40957, -810.6821428571428], [-0.66806, 44.40971, -810.6821428571428], [-0.66811, 44.40988, -810.6821428571428], [-0.66808, 44.41008, -810.6821428571428], [-0.66798, 44.41024, -810.6821428571428]]]}}, {"type": "Feature", "properties": {"id_obligation": "401710000E0292", "priorite": "moyenne"}, "geometry": {"type": "Polygon", "coordinates": [[[-0.67433, 44.41372, 64.38653846153846], [-0.67415, 44.41355, 64.38653846153846], [-0.6741, 44.41338, 64.38653846153846], [-0.67416, 44.4131, 64.38653846153846], [-0.67429, 44.41295, 64.38653846153846], [-0.67455, 44.41284, 64.5], [-0.6748, 44.41282, 64.5], [-0.67512, 44.41286, 64.38653846153846], [-0.67532, 44.41295, 64.38653846153846], [-0.67548, 44.41314, 64.38653846153846], [-0.67551, 44.41332, 64.38653846153846], [-0.67545, 44.41355, 62.2], [-0.67532, 44.4137, 62.2], [-0.67512, 44.41379, 62.2], [-0.67489, 44.41383, 65.8], [-0.6746, 44.41381, 64.38653846153846], [-0.67433, 44.41372, 64.38653846153846]]]}}, {"type": "Feature", "properties": {"id_obligation": "401710000E0403", "priorite": "moyenne"}, "geometry": {"type": "Polygon", "coordinates": [[[-0.67369, 44.41579, 65.18166666666667], [-0.67348, 44.41601, 65.18166666666667], [-0.67314, 44.41611, 66.0], [-0.67263, 44.41604, 65.18166666666667], [-0.6724, 44.41589, 65.18166666666667], [-0.67231, 44.41573, 65.18166666666667], [-0.67232, 44.41552, 65.18166666666667], [-0.67219, 44.41528, 65.18166666666667], [-0.67221, 44.41504, 65.18166666666667], [-0.67229, 44.41488, 65.18166666666667], [-0.67251, 44.41473, 65.18166666666667], [-0.67294, 44.4146, 65.8], [-0.67325, 44.41458, 62.3], [-0.67353, 44.41465, 62.3], [-0.6737, 44.41477, 62.3], [-0.67381, 44.41497, 62.3], [-0.6738, 44.4152, 65.18166666666667], [-0.67365, 44.4154, 65.18166666666667], [-0.67369, 44.41579, 65.18166666666667]]]}}, {"type": "Feature", "properties": {"id_obligation": "401710000E0464", "priorite": "forte"}, "geometry": {"type": "Polygon", "coordinates": [[[-0.66581, 44.41105, 63.08485714285714], [-0.66576, 44.41122, 62.2], [-0.66562, 44.41136, 62.2], [-0.66537, 44.41148, 65.00714285714285], [-0.66512, 44.41151, 65.00714285714285], [-0.66482, 44.41145, 62.46], [-0.66471, 44.41139, 62.177586572072336], [-0.66479, 44.41133, 63.0], [-0.66473, 44.41129, 63.0], [-0.66466, 44.41135, 62.212915585567664], [-0.6645, 44.41115, 62.70000000000001], [-0.66446, 44.41097, 62.70000000000001], [-0.66453, 44.4108, 63.08485714285714], [-0.66468, 44.41066, 63.08485714285714], [-0.66494, 44.41054, 63.08485714285714], [-0.66518, 44.41052, 63.08485714285714], [-0.66542, 44.41057, 63.08485714285714], [-0.66561, 44.41067, 63.08485714285714], [-0.66576, 44.41084, 63.08485714285714], [-0.66581, 44.41105, 63.08485714285714]]]}}, {"type": "Feature", "properties": {"id_obligation": "401710000E0466", "priorite": "moyenne"}, "geometry": {"type": "Polygon", "coordinates": [[[-0.66552, 44.41114, 66.5], [-0.66569, 44.41133, 62.2], [-0.66573, 44.4115, 62.2], [-0.66564, 44.41178, 63.77619047619047], [-0.66544, 44.41195, 63.77619047619047], [-0.66522, 44.41202, 63.77619047619047], [-0.66497, 44.41203, 63.77619047619047], [-0.66468, 44.41197, 63.77619047619047], [-0.66445, 44.41183, 63.77619047619047], [-0.66434, 44.41167, 62.1], [-0.66433, 44.4115, 62.1], [-0.66442, 44.41127, 63.0], [-0.66457, 44.41113, 63.0], [-0.66477, 44.41104, 63.5], [-0.66501, 44.41101, 63.5], [-0.6653, 44.41106, 66.5], [-0.66552, 44.41114, 66.5]]]}}, {"type": "Feature", "properties": {"id_obligation": "401710000E0468", "priorite": "moyenne"}, "geometry": {"type": "Polygon", "coordinates": [[[-0.66464, 44.41101, 62.70000000000001], [-0.66488, 44.41087, 62.70000000000001], [-0.66518, 44.41083, 63.05714285714286], [-0.66548, 44.41088, 63.607643784786646], [-0.66569, 44.41098, 63.607643784786646], [-0.66582, 44.41112, 63.607643784786646], [-0.66588, 44.41128, 62.2], [-0.66583, 44.41151, 63.607643784786646], [-0.6657, 44.41166, 63.607643784786646], [-0.66546, 44.41178, 63.607643784786646], [-0.66522, 44.41181, 64.9], [-0.66493, 44.41177, 64.9], [-0.66471, 44.41168, 64.9], [-0.66456, 44.41153, 64.9], [-0.6645, 44.41136, 62.46], [-0.66453, 44.41117, 62.70000000000001], [-0.66464, 44.41101, 62.70000000000001]]]}}, {"type": "Feature", "properties": {"id_obligation": "401710000E0470", "priorite": "moyenne"}, "geometry": {"type": "Polygon", "coordinates": [[[-0.66595, 44.41105, 63.76166666666668], [-0.66606, 44.41121, 63.76166666666668], [-0.66609, 44.41138, 63.76166666666668], [-0.666, 44.41159, 63.76166666666668], [-0.66585, 44.41173, 63.76166666666668], [-0.66563, 44.41181, 63.76166666666668], [-0.66538, 44.41183, 63.76166666666668], [-0.66505, 44.41176, 64.9], [-0.66487, 44.41165, 64.9], [-0.66476, 44.4115, 63.575], [-0.66473, 44.41138, 62.32195389182063], [-0.66479, 44.41133, 63.0], [-0.66473, 44.4113, 63.0], [-0.66481, 44.41112, 62.78333333333333], [-0.66496, 44.41098, 62.78333333333333], [-0.66518, 44.41089, 63.2], [-0.66543, 44.41087, 63.2], [-0.66571, 44.41092, 63.76166666666668], [-0.66595, 44.41105, 63.76166666666668]]]}}, {"type": "Feature", "properties": {"id_obligation": "401710000E0513", "priorite": "forte"}, "geometry": {"type": "Polygon", "coordinates": [[[-0.64404, 44.40697, 65.88666666666667], [-0.6441, 44.40715, 65.88666666666667], [-0.64405, 44.40732, 65.88666666666667], [-0.64381, 44.40759, 66.7], [-0.64362, 44.4077, 66.43333333333334], [-0.64332, 44.40776, 66.43333333333334], [-0.64308, 44.40772, 66.3], [-0.64284, 44.40761, 66.3], [-0.64266, 44.40743, 66.3], [-0.64262, 44.40726, 65.88666666666667], [-0.64267, 44.40709, 65.88666666666667], [-0.64291, 44.40683, 65.88666666666667], [-0.64311, 44.40672, 64.1], [-0.64336, 44.40667, 64.1], [-0.64361, 44.4067, 65.88666666666667], [-0.64385, 44.4068, 65.88666666666667], [-0.64404, 44.40697, 65.88666666666667]]]}}, {"type": "Feature", "properties": {"id_obligation": "401710000E0515", "priorite": "forte"}, "geometry": {"type": "Polygon", "coordinates": [[[-0.64473, 44.40683, 74.1], [-0.64409, 44.40716, 64.38181818181819], [-0.64368, 44.40717, 64.38181818181819], [-0.64343, 44.4071, 64.38181818181819], [-0.6431, 44.40716, 65.7], [-0.6428, 44.4071, 65.7], [-0.64251, 44.4069, 65.7], [-0.64241, 44.4067, 65.7], [-0.64246, 44.4065, 66.02], [-0.64243, 44.40613, 66.02], [-0.64249, 44.40575, 65.8], [-0.64257, 44.40559, 65.8], [-0.64289, 44.40533, 65.8], [-0.64316, 44.40523, 65.8], [-0.64366, 44.40523, 65.8], [-0.64401, 44.40536, 65.8], [-0.64431, 44.40552, 67.48920163170163], [-0.64436, 44.40566, 67.48920163170163], [-0.64466, 44.40573, 67.48920163170163], [-0.64491, 44.40592, 69.13846153846154], [-0.64496, 44.4061, 69.13846153846154], [-0.64489, 44.40663, 74.1], [-0.64473, 44.40683, 74.1]]]}}, {"type": "Feature", "properties": {"id_obligation": "401710000E0517", "priorite": "moyenne"}, "geometry": {"type": "Polygon", "coordinates": [[[-0.64492, 44.40595, 69.33460317460317], [-0.64511, 44.40612, 69.33460317460317], [-0.64517, 44.40629, 69.33460317460317], [-0.64511, 44.40664, 69.33460317460317], [-0.64494, 44.40682, 69.33460317460317], [-0.64473, 44.40691, 69.33460317460317], [-0.64449, 44.40693, 69.33460317460317], [-0.64416, 44.4069, 64.4], [-0.64394, 44.4068, 64.4], [-0.64386, 44.40673, 64.4], [-0.64389, 44.40669, 64.4], [-0.64382, 44.40669, 64.4], [-0.64378, 44.40662, 64.4], [-0.64375, 44.40644, 71.81428571428572], [-0.64381, 44.40613, 67.31428571428572], [-0.64394, 44.40599, 67.31428571428572], [-0.64414, 44.40589, 67.31428571428572], [-0.64464, 44.40586, 74.1], [-0.64492, 44.40595, 69.33460317460317]]]}}, {"type": "Feature", "properties": {"id_obligation": "401710000E0536", "priorite": "moyenne"}, "geometry": {"type": "Polygon", "coordinates": [[[-0.67463, 44.41273, 64.5], [-0.67463, 44.41296, 64.5], [-0.67451, 44.41316, 64.5], [-0.67432, 44.41328, 64.5], [-0.67408, 44.41334, 64.39333333333333], [-0.67371, 44.41332, 64.39333333333333], [-0.67349, 44.41326, 64.39333333333333], [-0.67329, 44.41311, 64.39333333333333], [-0.67321, 44.4129, 64.39333333333333], [-0.67323, 44.41265, 64.39333333333333], [-0.67334, 44.4125, 64.39333333333333], [-0.67352, 44.41238, 64.39333333333333], [-0.67375, 44.41232, 64.39333333333333], [-0.67409, 44.41233, 64.39333333333333], [-0.67431, 44.41241, 64.39333333333333], [-0.67452, 44.41257, 64.39333333333333], [-0.67463, 44.41273, 64.5]]]}}, {"type": "Feature", "properties": {"id_obligation": "401710000E0556", "priorite": "forte"}, "geometry": {"type": "Polygon", "coordinates": [[[-0.64432, 44.4075, 66.18333333333334], [-0.6443, 44.40773, 66.18333333333334], [-0.64418, 44.40788, 66.18333333333334], [-0.64382, 44.40813, 66.18333333333334], [-0.64358, 44.40818, 66.18333333333334], [-0.64304, 44.40817, 66.18333333333334], [-0.64282, 44.40808, 66.18333333333334], [-0.64258, 44.4079, 66.18333333333334], [-0.64251, 44.40773, 66.18333333333334], [-0.64255, 44.40752, 66.18333333333334], [-0.64274, 44.40732, 66.18333333333334], [-0.64294, 44.4072, 66.18333333333334], [-0.64336, 44.40715, 65.9], [-0.64325, 44.40727, 65.9], [-0.64333, 44.40731, 65.9], [-0.64347, 44.40716, 65.9], [-0.64342, 44.40714, 65.9], [-0.64371, 44.40711, 66.18333333333334], [-0.64394, 44.40716, 66.18333333333334], [-0.64418, 44.4073, 66.18333333333334], [-0.64432, 44.4075, 66.18333333333334]]]}}, {"type": "Feature", "properties": {"id_obligation": "401710000E0577", "priorite": "moyenne"}, "geometry": {"type": "Polygon", "coordinates": [[[-0.67418, 44.41347, 64.04583333333333], [-0.67401, 44.41329, 64.04583333333333], [-0.67397, 44.41313, 64.04583333333333], [-0.67402, 44.41284, 63.10000000000001], [-0.67414, 44.41268, 63.10000000000001], [-0.67439, 44.41255, 64.04583333333333], [-0.67464, 44.41252, 64.04583333333333], [-0.67494, 44.41256, 64.04583333333333], [-0.67515, 44.41264, 64.04583333333333], [-0.67533, 44.41282, 64.04583333333333], [-0.67537, 44.41299, 64.04583333333333], [-0.67531, 44.41328, 63.0], [-0.67519, 44.41344, 63.0], [-0.67499, 44.41355, 63.0], [-0.67475, 44.41359, 65.58333333333331], [-0.67445, 44.41357, 65.58333333333331], [-0.67418, 44.41347, 64.04583333333333]]]}}, {"type": "Feature", "properties": {"id_obligation": "401710000E0606", "priorite": "moyenne"}, "geometry": {"type": "Polygon", "coordinates": [[[-0.6757, 44.41321, 64.38630952380953], [-0.67592, 44.41342, 62.20000000000001], [-0.67594, 44.41369, 64.38630952380953], [-0.67575, 44.41394, 64.38630952380953], [-0.67554, 44.41403, 64.38630952380953], [-0.6753, 44.41406, 64.05], [-0.67494, 44.41399, 64.05], [-0.67471, 44.41401, 64.18741524721985], [-0.67472, 44.41395, 62.5], [-0.67462, 44.41394, 65.4], [-0.67461, 44.414, 65.4], [-0.6745, 44.41398, 64.91666666666667], [-0.6742, 44.41385, 64.91666666666667], [-0.67407, 44.4137, 65.8], [-0.67404, 44.41353, 65.8], [-0.67412, 44.41327, 64.5], [-0.67426, 44.41312, 64.5], [-0.67462, 44.41301, 64.5], [-0.6746, 44.41313, 64.5], [-0.67472, 44.41314, 64.5], [-0.67474, 44.41301, 64.5], [-0.6757, 44.41321, 64.38630952380953]]]}}, {"type": "Feature", "properties": {"id_obligation": "401710000E0608", "priorite": "forte"}, "geometry": {"type": "Polygon", "coordinates": [[[-0.66647, 44.41162, 65.4], [-0.66668, 44.41179, 65.4], [-0.66675, 44.41196, 65.4], [-0.66671, 44.41218, 65.4], [-0.66655, 44.41236, 65.4], [-0.66635, 44.41246, 65.4], [-0.66611, 44.41249, 65.4], [-0.66582, 44.41246, 65.4], [-0.6656, 44.41237, 65.4], [-0.66545, 44.41224, 65.4], [-0.66538, 44.41206, 64.5], [-0.66542, 44.41185, 65.4], [-0.66553, 44.41169, 65.4], [-0.66572, 44.41159, 65.4], [-0.66596, 44.41154, 65.4], [-0.66625, 44.41155, 65.4], [-0.66647, 44.41162, 65.4]]]}}, {"type": "Feature", "properties": {"id_obligation": "401710000E0617", "priorite": "faible"}, "geometry": {"type": "Polygon", "coordinates": [[[-0.67312, 44.41405, 65.19166666666668], [-0.67334, 44.41419, 65.19166666666668], [-0.67339, 44.41426, 66.7], [-0.67334, 44.41425, 66.7], [-0.6733, 44.41434, 63.6], [-0.67343, 44.41434, 63.6], [-0.67344, 44.41464, 63.6], [-0.67331, 44.41484, 65.09791666666666], [-0.67311, 44.41495, 65.09791666666666], [-0.67288, 44.415, 65.09791666666666], [-0.67259, 44.41499, 65.09791666666666], [-0.67231, 44.41489, 65.09791666666666], [-0.67216, 44.41475, 65.09791666666666], [-0.6721, 44.41458, 65.09791666666666], [-0.67211, 44.41435, 65.09791666666666], [-0.67221, 44.41419, 65.09791666666666], [-0.67238, 44.41407, 65.09791666666666], [-0.6726, 44.41401, 65.3], [-0.67288, 44.414, 65.3], [-0.67312, 44.41405, 65.19166666666668]]]}}, {"type": "Feature", "properties": {"id_obligation": "401710000E0662", "priorite": "moyenne"}, "geometry": {"type": "MultiPolygon", "coordinates": [[[[-0.67286, 44.41436, 65.60625000000002], [-0.6729, 44.41429, 66.8], [-0.6729, 44.41433, 66.8], [-0.67299, 44.41434, 66.8], [-0.67303, 44.41416, 63.7], [-0.67328, 44.41406, 65.60625000000002], [-0.67367, 44.41403, 64.23076923076923], [-0.67374, 44.41404, 64.5], [-0.67373, 44.41413, 64.5], [-0.67388, 44.41413, 64.5], [-0.67388, 44.41408, 64.5], [-0.67406, 44.41416, 64.5], [-0.67405, 44.41422, 64.5], [-0.6742, 44.41423, 64.5], [-0.67434, 44.41431, 64.5], [-0.67449, 44.4145, 63.74125759109313], [-0.67452, 44.41473, 63.74125759109313], [-0.67441, 44.41493, 63.74125759109313], [-0.67423, 44.41506, 63.74125759109313], [-0.674, 44.41512, 63.74125759109313], [-0.67372, 44.41513, 62.29999999999999], [-0.67309, 44.41497, 62.3], [-0.67293, 44.41484, 62.3], [-0.67285, 44.41462, 63.74125759109313], [-0.67286, 44.41436, 65.60625000000002]]]]}}, {"type": "Feature", "properties": {"id_obligation": "401710000E0668", "priorite": "faible"}, "geometry": {"type": "Polygon", "coordinates": [[[-0.67389, 44.41462, 63.0], [-0.6738, 44.41462, 63.0], [-0.6738, 44.41468, 63.0], [-0.6736, 44.41476, 63.936363636363645], [-0.67336, 44.41478, 63.936363636363645], [-0.67303, 44.41471, 66.1], [-0.67278, 44.41455, 66.1], [-0.67282, 44.41455, 66.1], [-0.67282, 44.41445, 66.1], [-0.67272, 44.41447, 66.1], [-0.6727, 44.41442, 65.3357142857143], [-0.67269, 44.41425, 65.3357142857143], [-0.67276, 44.41406, 65.0], [-0.67291, 44.41392, 65.0], [-0.67318, 44.41381, 65.0], [-0.67343, 44.4138, 65.0], [-0.6737, 44.41386, 64.5], [-0.67389, 44.41396, 64.5], [-0.67402, 44.41411, 64.5], [-0.67406, 44.41427, 64.5], [-0.67401, 44.41446, 63.0], [-0.67389, 44.41462, 63.0]]]}}, {"type": "Feature", "properties": {"id_obligation": "401710000E0670", "priorite": "faible"}, "geometry": {"type": "Polygon", "coordinates": [[[-0.67355, 44.41385, 65.0], [-0.6738, 44.41393, 64.5], [-0.67398, 44.41405, 64.5], [-0.67407, 44.41422, 64.5], [-0.67407, 44.41439, 64.5], [-0.67395, 44.41461, 63.0], [-0.67389, 44.41466, 63.0], [-0.67389, 44.41462, 63.0], [-0.6738, 44.41462, 63.0], [-0.6738, 44.41468, 63.0], [-0.67388, 44.41468, 63.0], [-0.67383, 44.41471, 63.0], [-0.67351, 44.41481, 63.785714285714285], [-0.67315, 44.41478, 66.1], [-0.67292, 44.4147, 66.1], [-0.67275, 44.41455, 66.1], [-0.67282, 44.41455, 66.1], [-0.67282, 44.41445, 66.1], [-0.67273, 44.41445, 66.1], [-0.67272, 44.41452, 66.1], [-0.67268, 44.4144, 65.21818181818183], [-0.6727, 44.4142, 65.21818181818183], [-0.67281, 44.41404, 65.38333333333334], [-0.67308, 44.41389, 65.0], [-0.67308, 44.41393, 65.0], [-0.67322, 44.41393, 65.0], [-0.67322, 44.41387, 65.0], [-0.67355, 44.41385, 65.0]]]}}, {"type": "Feature", "properties": {"id_obligation": "401710000E0676", "priorite": "faible"}, "geometry": {"type": "Polygon", "coordinates": [[[-0.67229, 44.414, 65.1064935064935], [-0.67257, 44.41377, 65.1064935064935], [-0.67275, 44.41372, 65.8], [-0.67274, 44.41377, 65.8], [-0.67289, 44.41378, 65.8], [-0.67289, 44.41371, 65.8], [-0.67318, 44.41373, 65.0], [-0.6734, 44.41382, 65.0], [-0.67356, 44.41396, 65.0], [-0.67362, 44.41413, 64.61818181818181], [-0.67361, 44.41443, 63.300000000000004], [-0.67359, 44.41448, 63.3859940809318], [-0.67347, 44.41448, 64.6], [-0.67348, 44.41462, 63.0], [-0.67328, 44.41474, 63.300000000000004], [-0.67298, 44.41479, 66.1], [-0.67265, 44.41475, 66.1], [-0.67241, 44.41462, 66.1], [-0.67227, 44.41441, 65.1064935064935], [-0.67229, 44.414, 65.1064935064935]]]}}, {"type": "Feature", "properties": {"id_obligation": "401710000E0680", "priorite": "moyenne"}, "geometry": {"type": "Polygon", "coordinates": [[[-0.6736, 44.41306, 65.0404761904762], [-0.67356, 44.41329, 65.0404761904762], [-0.67344, 44.41345, 65.0404761904762], [-0.67324, 44.41355, 65.0404761904762], [-0.673, 44.41359, 65.9], [-0.67261, 44.41357, 65.0404761904762], [-0.67234, 44.41347, 65.0404761904762], [-0.6722, 44.41332, 65.0404761904762], [-0.67214, 44.41315, 65.0404761904762], [-0.6722, 44.4128, 65.0404761904762], [-0.67233, 44.41266, 65.0404761904762], [-0.67258, 44.41253, 65.0404761904762], [-0.67287, 44.41249, 64.7], [-0.67314, 44.41254, 65.0404761904762], [-0.6734, 44.4127, 65.0404761904762], [-0.6736, 44.41306, 65.0404761904762]]]}}, {"type": "Feature", "properties": {"id_obligation": "401710000E0688", "priorite": "faible"}, "geometry": {"type": "Polygon", "coordinates": [[[-0.67316, 44.41287, 64.4], [-0.67336, 44.41304, 64.4], [-0.67342, 44.4132, 64.4], [-0.67339, 44.41349, 64.94833333333334], [-0.67323, 44.41368, 64.94833333333334], [-0.67303, 44.41378, 64.94833333333334], [-0.67279, 44.41381, 65.8], [-0.67248, 44.41378, 64.94833333333334], [-0.67226, 44.4137, 64.94833333333334], [-0.67209, 44.41352, 64.94833333333334], [-0.67205, 44.41334, 64.94833333333334], [-0.67209, 44.41309, 64.94833333333334], [-0.67221, 44.41294, 64.94833333333334], [-0.67241, 44.41283, 64.94833333333334], [-0.67289, 44.41279, 64.49166666666666], [-0.67316, 44.41287, 64.4]]]}}, {"type": "Feature", "properties": {"id_obligation": "401710000E0689", "priorite": "faible"}, "geometry": {"type": "Polygon", "coordinates": [[[-0.67328, 44.41335, 64.4], [-0.67347, 44.41352, 64.4], [-0.67342, 44.41363, 64.4], [-0.67352, 44.41365, 64.64000000000001], [-0.67347, 44.41394, 64.64000000000001], [-0.67334, 44.41409, 65.11345454545456], [-0.67309, 44.4142, 65.12727272727274], [-0.673, 44.41422, 64.10496800494565], [-0.673, 44.41416, 66.8], [-0.67287, 44.41416, 66.8], [-0.67287, 44.41423, 63.8], [-0.67253, 44.4142, 65.11345454545456], [-0.67232, 44.41411, 65.11345454545456], [-0.67215, 44.41393, 65.11345454545456], [-0.67211, 44.41377, 65.11345454545456], [-0.67215, 44.41356, 65.11345454545456], [-0.67226, 44.41341, 65.11345454545456], [-0.67245, 44.4133, 65.11345454545456], [-0.67268, 44.41325, 65.9], [-0.67267, 44.41336, 65.9], [-0.6728, 44.41336, 65.9], [-0.6728, 44.41325, 65.9], [-0.673, 44.41326, 65.9], [-0.67328, 44.41335, 64.4]]]}}, {"type": "Feature", "properties": {"id_obligation": "401710000E0691", "priorite": "moyenne"}, "geometry": {"type": "Polygon", "coordinates": [[[-0.67225, 44.41248, 64.82499999999999], [-0.67252, 44.41237, 64.82499999999999], [-0.67277, 44.41236, 64.82499999999999], [-0.67318, 44.41245, 64.82499999999999], [-0.67337, 44.41257, 64.82499999999999], [-0.67347, 44.41273, 64.82499999999999], [-0.67348, 44.41291, 64.82499999999999], [-0.67337, 44.41315, 64.82499999999999], [-0.6732, 44.41328, 64.82499999999999], [-0.67292, 44.41336, 65.14999999999999], [-0.67286, 44.41336, 65.14999999999999], [-0.67277, 44.41336, 65.9], [-0.6728, 44.41324, 65.9], [-0.67268, 44.41324, 65.9], [-0.67267, 44.41335, 65.9], [-0.67233, 44.41326, 64.82499999999999], [-0.67215, 44.41314, 64.82499999999999], [-0.67205, 44.41299, 64.82499999999999], [-0.67204, 44.41281, 64.82499999999999], [-0.67211, 44.41262, 64.82499999999999], [-0.67225, 44.41248, 64.82499999999999]]]}}, {"type": "Feature", "properties": {"id_obligation": "401710000E0693", "priorite": "moyenne"}, "geometry": {"type": "Polygon", "coordinates": [[[-0.67413, 44.41434, -644.7333333333333], [-0.67435, 44.41419, -644.7333333333333], [-0.67464, 44.41413, -1000.0], [-0.67496, 44.41416, -1000.0], [-0.67521, 44.41428, -1000.0], [-0.67533, 44.41443, -1000.0], [-0.67537, 44.4146, -644.7333333333333], [-0.67533, 44.41483, -644.7333333333333], [-0.6752, 44.41498, -644.7333333333333], [-0.67499, 44.41509, -644.7333333333333], [-0.67475, 44.41513, -644.7333333333333], [-0.67442, 44.4151, -644.7333333333333], [-0.67422, 44.415, -644.7333333333333], [-0.67408, 44.41486, -644.7333333333333], [-0.67404, 44.4145, -644.7333333333333], [-0.67413, 44.41434, -644.7333333333333]]]}}, {"type": "Feature", "properties": {"id_obligation": "401710000E0700", "priorite": "faible"}, "geometry": {"type": "Polygon", "coordinates": [[[-0.67447, 44.41392, 64.5], [-0.67451, 44.41409, 64.5], [-0.67448, 44.41428, 64.42666666666666], [-0.67431, 44.41446, 64.42666666666666], [-0.67404, 44.41457, 63.52], [-0.67371, 44.41458, 63.52], [-0.67361, 44.41455, 63.0], [-0.67361, 44.41448, 63.0], [-0.67347, 44.41448, 64.6], [-0.67347, 44.41454, 64.6], [-0.67328, 44.41444, 63.800000000000004], [-0.67313, 44.41425, 65.56666666666666], [-0.67311, 44.41401, 65.56666666666666], [-0.67313, 44.41393, 65.0], [-0.67322, 44.41393, 65.0], [-0.67322, 44.41386, 65.0], [-0.67316, 44.41386, 65.0], [-0.67331, 44.4137, 64.7], [-0.67345, 44.41363, 64.4], [-0.67357, 44.41363, 64.4], [-0.67358, 44.41359, 64.4], [-0.67383, 44.41358, 64.4], [-0.67407, 44.41362, 64.42666666666666], [-0.6743, 44.41373, 64.42666666666666], [-0.67447, 44.41392, 64.5]]]}}, {"type": "Feature", "properties": {"id_obligation": "401710000E0703", "priorite": "faible"}, "geometry": {"type": "Polygon", "coordinates": [[[-0.67295, 44.41325, 64.84], [-0.67314, 44.41314, 64.84], [-0.67337, 44.4131, 64.84], [-0.67378, 44.41312, 64.84], [-0.67399, 44.41321, 64.84], [-0.67417, 44.41339, 64.84], [-0.67421, 44.41356, 64.84], [-0.67417, 44.41378, 64.5], [-0.67405, 44.41393, 64.5], [-0.67381, 44.41405, 64.5], [-0.67356, 44.41408, 64.5], [-0.67322, 44.41405, 65.0], [-0.673, 44.41397, 65.0], [-0.67285, 44.41383, 65.0], [-0.67282, 44.41378, 65.8], [-0.67289, 44.41378, 65.8], [-0.67289, 44.4137, 65.8], [-0.6728, 44.4137, 65.8], [-0.67281, 44.41344, 64.84], [-0.67295, 44.41325, 64.84]]]}}, {"type": "Feature", "properties": {"id_obligation": "401710000E0708", "priorite": "faible"}, "geometry": {"type": "Polygon", "coordinates": [[[-0.67261, 44.41356, 65.8], [-0.67281, 44.41346, 65.8], [-0.67304, 44.41341, 65.08199404761905], [-0.67342, 44.41343, 64.4], [-0.67364, 44.41352, 64.4], [-0.67379, 44.41367, 64.4], [-0.67385, 44.41384, 64.5], [-0.67381, 44.41407, 64.5], [-0.67381, 44.41403, 64.5], [-0.67374, 44.41403, 64.5], [-0.67373, 44.41413, 64.5], [-0.67378, 44.41413, 64.5], [-0.67373, 44.41419, 64.61428571428571], [-0.67345, 44.41435, 64.61428571428571], [-0.67346, 44.41428, 63.8], [-0.67334, 44.41425, 66.7], [-0.6733, 44.41434, 63.6], [-0.6734, 44.41436, 63.6], [-0.67289, 44.41436, 65.6], [-0.67267, 44.41427, 65.6], [-0.67252, 44.41413, 65.6], [-0.67245, 44.41395, 65.8], [-0.67248, 44.41375, 65.8], [-0.67261, 44.41356, 65.8]]]}}, {"type": "Feature", "properties": {"id_obligation": "401710000E0721", "priorite": "moyenne"}, "geometry": {"type": "Polygon", "coordinates": [[[-0.67542, 44.41434, -148.30666666666667], [-0.67531, 44.41456, -148.30666666666667], [-0.6751, 44.41474, -148.30666666666667], [-0.67488, 44.41481, 65.8], [-0.67463, 44.41483, 65.8], [-0.67429, 44.41474, -148.30666666666667], [-0.67411, 44.41463, -148.30666666666667], [-0.674, 44.41448, 64.5], [-0.67398, 44.41426, 64.5], [-0.67411, 44.414, -148.30666666666667], [-0.67425, 44.41386, -148.30666666666667], [-0.67451, 44.41375, 63.766666666666666], [-0.67481, 44.41375, 63.766666666666666], [-0.67514, 44.41384, 64.4], [-0.67531, 44.41396, 64.4], [-0.67542, 44.41416, -148.30666666666667], [-0.67542, 44.41434, -148.30666666666667]]]}}, {"type": "Feature", "properties": {"id_obligation": "401710000E0729", "priorite": "faible"}, "geometry": {"type": "Polygon", "coordinates": [[[-0.67467, 44.41383, 63.95], [-0.6748, 44.41398, 63.95], [-0.67484, 44.4142, -687.0], [-0.67475, 44.41445, -1000.0], [-0.67454, 44.41461, -1000.0], [-0.67431, 44.41467, 63.0], [-0.67398, 44.41466, 63.0], [-0.67374, 44.41461, 63.08888888888888], [-0.67361, 44.41454, 63.0], [-0.67361, 44.41448, 63.0], [-0.67354, 44.41448, 63.0], [-0.67349, 44.41442, 62.8], [-0.67354, 44.4144, 62.8], [-0.67348, 44.41441, 62.8], [-0.67345, 44.41434, 64.8357142857143], [-0.67344, 44.41409, 64.8357142857143], [-0.67351, 44.41392, -195.37505668934241], [-0.67366, 44.41378, -195.37505668934241], [-0.67388, 44.4137, -195.37505668934241], [-0.6744, 44.41371, 63.95], [-0.67467, 44.41383, 63.95]]]}}, {"type": "Feature", "properties": {"id_obligation": "401710000E0742", "priorite": "moyenne"}, "geometry": {"type": "Polygon", "coordinates": [[[-0.67534, 44.41392, 64.4], [-0.67532, 44.41414, -1000.0], [-0.67521, 44.4143, -1000.0], [-0.67499, 44.41444, -1000.0], [-0.67476, 44.4145, -1000.0], [-0.67446, 44.41449, -1000.0], [-0.67423, 44.41442, 64.5], [-0.67406, 44.41429, 64.5], [-0.67397, 44.41408, 64.5], [-0.67401, 44.41384, 64.5], [-0.67411, 44.41368, -239.57619047619048], [-0.67428, 44.41356, -239.57619047619048], [-0.67463, 44.41349, 65.8], [-0.67468, 44.41349, 65.8], [-0.67466, 44.41355, 65.8], [-0.67476, 44.41356, 65.8], [-0.67482, 44.41351, 65.8], [-0.67505, 44.41358, -239.57619047619048], [-0.67526, 44.41375, -239.57619047619048], [-0.67534, 44.41392, 64.4]]]}}, {"type": "Feature", "properties": {"id_obligation": "401710000E0746", "priorite": "moyenne"}, "geometry": {"type": "Polygon", "coordinates": [[[-0.67534, 44.4146, -212.4487962962963], [-0.67501, 44.41472, -573.68], [-0.67457, 44.41467, -360.52000000000004], [-0.67427, 44.41446, -360.52000000000004], [-0.6742, 44.41426, -53.477777777777774], [-0.67425, 44.41406, -53.477777777777774], [-0.67446, 44.41387, -53.477777777777774], [-0.67458, 44.41361, -212.4487962962963], [-0.67467, 44.41354, 65.8], [-0.67476, 44.41356, 65.8], [-0.67481, 44.41346, 65.8], [-0.67505, 44.41341, 65.8], [-0.6753, 44.41343, 62.2], [-0.67555, 44.41351, 62.2], [-0.67572, 44.41363, 62.2], [-0.67581, 44.4138, 62.2], [-0.6758, 44.41398, -212.4487962962963], [-0.67534, 44.4146, -212.4487962962963]]]}}, {"type": "Feature", "properties": {"id_obligation": "401710000F0021", "priorite": "très forte"}, "geometry": {"type": "Polygon", "coordinates": [[[-0.69488, 44.41225, 57.66663533834586], [-0.69472, 44.41206, 57.66663533834586], [-0.69469, 44.41188, 57.66663533834586], [-0.69479, 44.41163, 57.66663533834586], [-0.69494, 44.4115, 57.66663533834586], [-0.69521, 44.4114, 57.66663533834586], [-0.69545, 44.4114, 57.66663533834586], [-0.69577, 44.41146, 57.66663533834586], [-0.69595, 44.41157, 57.66663533834586], [-0.69608, 44.41177, 58.25], [-0.69605, 44.41204, 58.7], [-0.69596, 44.41206, 58.7], [-0.696, 44.41215, 57.373684210526314], [-0.69591, 44.41224, 58.13910252219721], [-0.69582, 44.41222, 58.2], [-0.6958, 44.41231, 58.1], [-0.69562, 44.41237, 56.9], [-0.69537, 44.41239, 56.9], [-0.69509, 44.41234, 57.66663533834586], [-0.69488, 44.41225, 57.66663533834586]]]}}, {"type": "Feature", "properties": {"id_obligation": "401710000F0022", "priorite": "très forte"}, "geometry": {"type": "Polygon", "coordinates": [[[-0.6966, 44.41222, 58.7], [-0.69656, 44.41245, 58.29821428571429], [-0.69639, 44.41264, 58.29821428571429], [-0.69611, 44.41276, 58.29821428571429], [-0.69568, 44.41275, 58.29821428571429], [-0.69519, 44.4126, 58.29821428571429], [-0.695, 44.4125, 58.29821428571429], [-0.69487, 44.41231, 58.29821428571429], [-0.69488, 44.41204, 58.29821428571429], [-0.695, 44.41184, 57.4], [-0.69539, 44.41161, 57.4], [-0.69562, 44.41154, 60.0], [-0.69593, 44.41155, 60.0], [-0.69621, 44.41166, 58.29821428571429], [-0.69651, 44.41201, 58.7], [-0.6966, 44.41222, 58.7]]]}}, {"type": "Feature", "properties": {"id_obligation": "401710000F0023", "priorite": "très forte"}, "geometry": {"type": "Polygon", "coordinates": [[[-0.6963, 44.4116, 58.26035087719298], [-0.69657, 44.41172, 58.26035087719298], [-0.69673, 44.41193, 58.26035087719298], [-0.69679, 44.41214, 58.26035087719298], [-0.69673, 44.41232, 58.26035087719298], [-0.69654, 44.41249, 58.26035087719298], [-0.69632, 44.41256, 58.1], [-0.69599, 44.41261, 58.1], [-0.69575, 44.41257, 58.1], [-0.69551, 44.41243, 58.1], [-0.69537, 44.41222, 56.568421052631564], [-0.69533, 44.41204, 56.568421052631564], [-0.69536, 44.41193, 60.0], [-0.69544, 44.41194, 60.0], [-0.69546, 44.41186, 60.0], [-0.69541, 44.41185, 60.0], [-0.69555, 44.41173, 60.0], [-0.69605, 44.41158, 58.26035087719298], [-0.6963, 44.4116, 58.26035087719298]]]}}, {"type": "Feature", "properties": {"id_obligation": "401710000F0038", "priorite": "forte"}, "geometry": {"type": "Polygon", "coordinates": [[[-0.69227, 44.41055, 57.67708333333333], [-0.69197, 44.41052, 56.6], [-0.69176, 44.41044, 56.6], [-0.6916, 44.41031, 56.6], [-0.69152, 44.4101, 56.666666666666664], [-0.69157, 44.40986, 57.67708333333333], [-0.69168, 44.4097, 57.67708333333333], [-0.69187, 44.40959, 57.67708333333333], [-0.69216, 44.40953, 58.39999999999999], [-0.6925, 44.40957, 57.67708333333333], [-0.69272, 44.40965, 57.67708333333333], [-0.69288, 44.40978, 57.67708333333333], [-0.69296, 44.40999, 57.67708333333333], [-0.69292, 44.41019, 57.67708333333333], [-0.69281, 44.41035, 57.67708333333333], [-0.69256, 44.4105, 57.67708333333333], [-0.69227, 44.41055, 57.67708333333333]]]}}, {"type": "Feature", "properties": {"id_obligation": "401710000F0040", "priorite": "moyenne"}, "geometry": {"type": "Polygon", "coordinates": [[[-0.69138, 44.41093, 57.88198412698413], [-0.6911, 44.41101, 58.70000000000001], [-0.69072, 44.41098, 58.37777777777779], [-0.69042, 44.41083, 58.37777777777779], [-0.69031, 44.41068, 58.37777777777779], [-0.6903, 44.41046, 57.0], [-0.69046, 44.41006, 57.88198412698413], [-0.69067, 44.40988, 57.88198412698413], [-0.69089, 44.4098, 57.88198412698413], [-0.69113, 44.40979, 57.88198412698413], [-0.69143, 44.40985, 57.88198412698413], [-0.69167, 44.40998, 57.88198412698413], [-0.69178, 44.41014, 57.88198412698413], [-0.6918, 44.41031, 56.55714285714286], [-0.69159, 44.41072, 57.88198412698413], [-0.69138, 44.41093, 57.88198412698413]]]}}, {"type": "Feature", "properties": {"id_obligation": "401710000F0041", "priorite": "forte"}, "geometry": {"type": "Polygon", "coordinates": [[[-0.68963, 44.41119, 58.85000000000001], [-0.68985, 44.41104, 58.85000000000001], [-0.69009, 44.41099, 60.6], [-0.69042, 44.41101, 58.9], [-0.69061, 44.41108, 58.9], [-0.69058, 44.41117, 58.9], [-0.69066, 44.41119, 58.9], [-0.69068, 44.41112, 58.9], [-0.6908, 44.41123, 58.9], [-0.69087, 44.4114, 57.8], [-0.69083, 44.41163, 58.85000000000001], [-0.69071, 44.41179, 58.85000000000001], [-0.69051, 44.4119, 58.85000000000001], [-0.69027, 44.41194, 58.85000000000001], [-0.68994, 44.41191, 58.85000000000001], [-0.68973, 44.41182, 58.85000000000001], [-0.68958, 44.41169, 58.85000000000001], [-0.68952, 44.41152, 58.85000000000001], [-0.68954, 44.41135, 58.85000000000001], [-0.68963, 44.41119, 58.85000000000001]]]}}, {"type": "Feature", "properties": {"id_obligation": "401710000F0042", "priorite": "moyenne"}, "geometry": {"type": "Polygon", "coordinates": [[[-0.69098, 44.41174, 58.22380952380953], [-0.69071, 44.41184, 57.1], [-0.69036, 44.41184, 57.1], [-0.68985, 44.41173, 58.22380952380953], [-0.68965, 44.41164, 58.22380952380953], [-0.68949, 44.41146, 58.22380952380953], [-0.68946, 44.41129, 58.22380952380953], [-0.68954, 44.41104, 58.22380952380953], [-0.68971, 44.41086, 58.22380952380953], [-0.68992, 44.41077, 58.22380952380953], [-0.69018, 44.41075, 58.300000000000004], [-0.69055, 44.41062, 58.300000000000004], [-0.69093, 44.41067, 58.62857142857143], [-0.69117, 44.41079, 58.62857142857143], [-0.69131, 44.41099, 58.62857142857143], [-0.69131, 44.41116, 58.22380952380953], [-0.69117, 44.41151, 58.22380952380953], [-0.69098, 44.41174, 58.22380952380953]]]}}, {"type": "Feature", "properties": {"id_obligation": "401710000F0058", "priorite": "forte"}, "geometry": {"type": "Polygon", "coordinates": [[[-0.69091, 44.40997, 58.01970238095239], [-0.69105, 44.41016, 58.22500000000001], [-0.69107, 44.41024, 57.1], [-0.691, 44.41036, 61.6], [-0.69105, 44.41037, 61.6], [-0.69103, 44.41044, 59.4], [-0.69097, 44.41043, 59.4], [-0.69091, 44.41055, 59.4], [-0.69095, 44.41056, 59.4], [-0.69082, 44.41066, 58.7], [-0.69071, 44.41061, 58.6], [-0.6907, 44.41065, 58.6], [-0.6908, 44.41067, 58.7], [-0.69052, 44.41076, 58.366666666666674], [-0.69027, 44.41074, 58.366666666666674], [-0.69004, 44.41068, 58.01970238095239], [-0.68986, 44.41056, 58.01970238095239], [-0.68976, 44.4104, 58.01970238095239], [-0.68975, 44.41022, 58.01970238095239], [-0.68986, 44.41002, 58.01970238095239], [-0.69002, 44.40989, 58.01970238095239], [-0.69025, 44.40982, 58.01970238095239], [-0.69049, 44.40982, 58.01970238095239], [-0.69072, 44.40987, 58.01970238095239], [-0.69091, 44.40997, 58.01970238095239]]]}}, {"type": "Feature", "properties": {"id_obligation": "401710000F0091", "priorite": "très forte"}, "geometry": {"type": "Polygon", "coordinates": [[[-0.6867, 44.40712, 57.5], [-0.68699, 44.40706, 55.300000000000004], [-0.68723, 44.40708, 55.300000000000004], [-0.68756, 44.4072, 57.5], [-0.68771, 44.40734, 57.5], [-0.68777, 44.40756, 57.5], [-0.68772, 44.40773, 57.5], [-0.68756, 44.40793, 57.5], [-0.6873, 44.40806, 57.5], [-0.68705, 44.40808, 57.5], [-0.68681, 44.40804, 57.5], [-0.68655, 44.40793, 57.5], [-0.6864, 44.40779, 57.5], [-0.68635, 44.40762, 57.5], [-0.68649, 44.40728, 57.5], [-0.6867, 44.40712, 57.5]]]}}, {"type": "Feature", "properties": {"id_obligation": "401710000F0180", "priorite": "très forte"}, "geometry": {"type": "Polygon", "coordinates": [[[-0.70784, 44.41237, 59.8], [-0.70771, 44.41222, 59.8], [-0.70767, 44.41205, 59.8], [-0.70774, 44.41178, 59.8], [-0.70788, 44.41164, 59.8], [-0.70809, 44.41154, 59.8], [-0.70833, 44.41151, 59.8], [-0.70867, 44.41156, 59.8], [-0.70887, 44.41166, 59.8], [-0.70902, 44.41184, 59.8], [-0.70899, 44.41224, 59.8], [-0.70886, 44.41239, 59.8], [-0.70861, 44.4125, 59.8], [-0.70838, 44.41252, 59.8], [-0.70809, 44.41249, 59.8], [-0.70784, 44.41237, 59.8]]]}}, {"type": "Feature", "properties": {"id_obligation": "401710000F0192", "priorite": "très forte"}, "geometry": {"type": "Polygon", "coordinates": [[[-0.70737, 44.4124, 55.7], [-0.70713, 44.41244, 55.7], [-0.70689, 44.41241, 55.7], [-0.70659, 44.41227, 55.7], [-0.70645, 44.41213, 55.7], [-0.7064, 44.41196, 55.7], [-0.70644, 44.41179, 55.7], [-0.7066, 44.41159, 55.7], [-0.7068, 44.41149, 55.7], [-0.70709, 44.41145, 55.7], [-0.70733, 44.4115, 55.7], [-0.70758, 44.41161, 55.7], [-0.70773, 44.41176, 55.7], [-0.70779, 44.41194, 55.7], [-0.70774, 44.41211, 55.7], [-0.70761, 44.41227, 55.7], [-0.70737, 44.4124, 55.7]]]}}, {"type": "Feature", "properties": {"id_obligation": "401710000F0276", "priorite": "très forte"}, "geometry": {"type": "Polygon", "coordinates": [[[-0.69842, 44.41383, 55.759999999999984], [-0.69842, 44.41409, 55.759999999999984], [-0.6983, 44.41429, 55.759999999999984], [-0.69806, 44.41443, 55.759999999999984], [-0.69782, 44.41447, 55.759999999999984], [-0.69742, 44.41444, 55.759999999999984], [-0.69697, 44.4143, 55.759999999999984], [-0.69673, 44.4141, 55.759999999999984], [-0.69668, 44.41393, 55.759999999999984], [-0.6967, 44.41368, 55.759999999999984], [-0.69685, 44.41349, 55.759999999999984], [-0.69706, 44.41339, 55.759999999999984], [-0.6973, 44.41336, 55.759999999999984], [-0.69761, 44.41337, 55.759999999999984], [-0.69822, 44.4136, 55.759999999999984], [-0.69842, 44.41383, 55.759999999999984]]]}}, {"type": "Feature", "properties": {"id_obligation": "401710000F0360", "priorite": "très forte"}, "geometry": {"type": "Polygon", "coordinates": [[[-0.69737, 44.41351, 55.7948717948718], [-0.69731, 44.41367, 55.7948717948718], [-0.69717, 44.41381, 55.7948717948718], [-0.69696, 44.4139, 55.7948717948718], [-0.69661, 44.41394, 55.7948717948718], [-0.69637, 44.41391, 55.7948717948718], [-0.69616, 44.41383, 55.7948717948718], [-0.69598, 44.41365, 55.7948717948718], [-0.69592, 44.41336, 55.0], [-0.69599, 44.41301, 55.7948717948718], [-0.69612, 44.41286, 55.7948717948718], [-0.69637, 44.41274, 55.10000000000001], [-0.69677, 44.41271, 55.10000000000001], [-0.69705, 44.41279, 55.7948717948718], [-0.69724, 44.41295, 55.7948717948718], [-0.69737, 44.41351, 55.7948717948718]]]}}, {"type": "Feature", "properties": {"id_obligation": "401710000F0369", "priorite": "très forte"}, "geometry": {"type": "Polygon", "coordinates": [[[-0.69953, 44.41331, 54.72548076923076], [-0.69925, 44.41322, 54.72548076923076], [-0.69907, 44.41305, 54.72548076923076], [-0.699, 44.41278, 55.2125], [-0.69907, 44.41261, 54.72548076923076], [-0.69928, 44.41244, 54.72548076923076], [-0.69973, 44.41233, 54.72548076923076], [-0.69998, 44.41231, 54.72548076923076], [-0.70022, 44.41236, 54.72548076923076], [-0.70041, 44.41247, 54.72548076923076], [-0.70053, 44.41263, 54.72548076923076], [-0.70057, 44.41286, 54.72548076923076], [-0.70049, 44.41303, 54.72548076923076], [-0.70033, 44.41316, 54.72548076923076], [-0.69983, 44.4133, 54.72548076923076], [-0.69953, 44.41331, 54.72548076923076]]]}}, {"type": "Feature", "properties": {"id_obligation": "401710000F0371", "priorite": "très forte"}, "geometry": {"type": "Polygon", "coordinates": [[[-0.69928, 44.41332, 54.480288461538464], [-0.699, 44.41324, 54.480288461538464], [-0.69884, 44.41312, 54.480288461538464], [-0.69873, 44.41291, 54.480288461538464], [-0.69872, 44.41266, 54.480288461538464], [-0.6988, 44.41249, 54.480288461538464], [-0.69902, 44.41234, 54.480288461538464], [-0.69931, 44.41225, 54.480288461538464], [-0.69966, 44.41224, 54.480288461538464], [-0.69994, 44.41232, 54.480288461538464], [-0.7001, 44.41245, 54.480288461538464], [-0.70021, 44.41275, 53.9375], [-0.7002, 44.41293, 53.9375], [-0.70005, 44.41312, 54.480288461538464], [-0.69982, 44.41324, 54.480288461538464], [-0.69928, 44.41332, 54.480288461538464]]]}}, {"type": "Feature", "properties": {"id_obligation": "401710000F0383", "priorite": "forte"}, "geometry": {"type": "Polygon", "coordinates": [[[-0.69159, 44.41008, 56.6], [-0.69145, 44.40989, 57.855555555555554], [-0.69145, 44.40966, 57.855555555555554], [-0.69157, 44.40946, 57.855555555555554], [-0.69176, 44.40934, 57.855555555555554], [-0.69205, 44.40928, 57.855555555555554], [-0.69245, 44.40932, 57.855555555555554], [-0.69267, 44.4094, 57.855555555555554], [-0.69283, 44.40953, 57.855555555555554], [-0.69291, 44.4097, 57.855555555555554], [-0.69288, 44.40993, 57.855555555555554], [-0.69277, 44.41009, 57.855555555555554], [-0.69259, 44.4102, 57.855555555555554], [-0.69235, 44.41026, 58.566666666666684], [-0.69184, 44.41021, 56.6], [-0.69159, 44.41008, 56.6]]]}}, {"type": "Feature", "properties": {"id_obligation": "401710000F0385", "priorite": "forte"}, "geometry": {"type": "Polygon", "coordinates": [[[-0.69179, 44.40971, 58.63333333333333], [-0.69203, 44.40968, 58.63333333333333], [-0.69227, 44.40973, 58.4], [-0.69253, 44.40986, 58.4], [-0.69265, 44.41002, 59.8], [-0.69268, 44.41023, 59.8], [-0.69259, 44.4104, 58.665151515151514], [-0.69241, 44.41057, 58.665151515151514], [-0.6922, 44.41066, 58.665151515151514], [-0.69195, 44.41068, 58.665151515151514], [-0.69171, 44.41063, 58.665151515151514], [-0.69145, 44.41049, 58.665151515151514], [-0.69133, 44.41034, 58.665151515151514], [-0.69131, 44.41016, 58.665151515151514], [-0.69137, 44.40999, 58.665151515151514], [-0.69153, 44.40983, 58.665151515151514], [-0.69179, 44.40971, 58.63333333333333]]]}}, {"type": "Feature", "properties": {"id_obligation": "401710000F0386", "priorite": "forte"}, "geometry": {"type": "Polygon", "coordinates": [[[-0.69183, 44.41014, 58.29216269841269], [-0.69202, 44.41036, 58.29216269841269], [-0.69202, 44.41064, 59.2], [-0.69188, 44.41084, 58.29216269841269], [-0.69163, 44.41096, 58.29216269841269], [-0.69127, 44.41098, 58.29216269841269], [-0.69092, 44.41112, 58.29216269841269], [-0.69068, 44.41112, 58.9], [-0.6907, 44.41108, 58.9], [-0.69062, 44.41107, 58.9], [-0.6906, 44.4111, 58.9], [-0.69032, 44.411, 58.9], [-0.69017, 44.41085, 58.9], [-0.69011, 44.41068, 58.441666666666656], [-0.69016, 44.41046, 58.441666666666656], [-0.69028, 44.41032, 56.457142857142856], [-0.69039, 44.41025, 56.4587575567711], [-0.69037, 44.4103, 56.8], [-0.69043, 44.41031, 56.8], [-0.69042, 44.41023, 56.457142857142856], [-0.69083, 44.41017, 58.78750000000001], [-0.69108, 44.41005, 58.78750000000001], [-0.69156, 44.41004, 58.29216269841269], [-0.69183, 44.41014, 58.29216269841269]]]}}, {"type": "Feature", "properties": {"id_obligation": "401710000F0474", "priorite": "forte"}, "geometry": {"type": "Polygon", "coordinates": [[[-0.6972, 44.41314, 55.118750000000006], [-0.69701, 44.41325, 55.118750000000006], [-0.69677, 44.41331, 55.13750000000001], [-0.69639, 44.41327, 55.118750000000006], [-0.69615, 44.41314, 55.118750000000006], [-0.69604, 44.41299, 55.118750000000006], [-0.69606, 44.41258, 55.118750000000006], [-0.69619, 44.41244, 55.118750000000006], [-0.69639, 44.41233, 55.118750000000006], [-0.69663, 44.4123, 55.118750000000006], [-0.69695, 44.41233, 55.118750000000006], [-0.69715, 44.41242, 55.118750000000006], [-0.69729, 44.41256, 55.118750000000006], [-0.69735, 44.41273, 55.118750000000006], [-0.69733, 44.41293, 55.118750000000006], [-0.6972, 44.41314, 55.118750000000006]]]}}, {"type": "Feature", "properties": {"id_obligation": "BATIMENT0000000328550722", "priorite": "très forte"}, "geometry": {"type": "Polygon", "coordinates": [[[-0.6675, 44.42811, 60.7], [-0.66729, 44.42802, 60.7], [-0.66715, 44.42788, 60.7], [-0.66708, 44.42767, 60.7], [-0.66712, 44.4275, 60.7], [-0.66725, 44.42734, 60.7], [-0.66746, 44.42724, 60.7], [-0.66776, 44.42719, 60.7], [-0.66801, 44.42723, 60.7], [-0.66822, 44.42733, 60.7], [-0.66836, 44.42748, 60.7], [-0.66842, 44.42769, 60.7], [-0.66837, 44.42786, 60.7], [-0.66824, 44.428, 60.7], [-0.66804, 44.4281, 60.7], [-0.6678, 44.42814, 60.7], [-0.6675, 44.42811, 60.7]]]}}, {"type": "Feature", "properties": {"id_obligation": "BATIMENT0000002491352840", "priorite": "forte"}, "geometry": {"type": "Polygon", "coordinates": [[[-0.66538, 44.41119, 64.575], [-0.66541, 44.41133, 62.2], [-0.66536, 44.41132, 62.2], [-0.66535, 44.41136, 62.2], [-0.66541, 44.41141, 64.575], [-0.66532, 44.41157, 64.9], [-0.66508, 44.41176, 64.9], [-0.66485, 44.41183, 64.9], [-0.66461, 44.41184, 64.9], [-0.66438, 44.41178, 63.856944444444444], [-0.66414, 44.41162, 63.856944444444444], [-0.66404, 44.41146, 63.856944444444444], [-0.66405, 44.41124, 63.856944444444444], [-0.66415, 44.41108, 63.856944444444444], [-0.66437, 44.41093, 63.856944444444444], [-0.66459, 44.41086, 62.7], [-0.66484, 44.41085, 62.7], [-0.66507, 44.41091, 63.2], [-0.66526, 44.41104, 63.2], [-0.66538, 44.41119, 64.575]]]}}]}