{"type": "FeatureCollection", "features": [{"type": "Feature", "properties": {"id_obligation": "402950000C0026", "priorite": "très forte"}, "geometry": {"type": "Polygon", "coordinates": [[[-0.87077, 44.41712, 53.3], [-0.8711, 44.41701, 53.3], [-0.87135, 44.41702, 53.3], [-0.8719, 44.41715, 53.3], [-0.87211, 44.41731, 53.3], [-0.87219, 44.41747, 53.3], [-0.87217, 44.41765, 53.3], [-0.87202, 44.41796, 53.3], [-0.87185, 44.41809, 53.3], [-0.87156, 44.41817, 53.3], [-0.87131, 44.41816, 53.3], [-0.87078, 44.41803, 53.3], [-0.8706, 44.41791, 53.3], [-0.87049, 44.41771, 53.3], [-0.8706, 44.4173, 53.3], [-0.87077, 44.41712, 53.3]]]}}, {"type": "Feature", "properties": {"id_obligation": "402950000D0049", "priorite": "très forte"}, "geometry": {"type": "Polygon", "coordinates": [[[-0.83311, 44.41599, 51.033486943164355], [-0.8329, 44.41615, 51.033486943164355], [-0.83267, 44.41622, 51.171428571428564], [-0.83228, 44.41622, 51.171428571428564], [-0.83204, 44.41614, 50.5], [-0.83164, 44.41586, 50.5], [-0.83151, 44.41567, 51.033486943164355], [-0.83151, 44.41545, 51.033486943164355], [-0.83168, 44.41519, 51.033486943164355], [-0.83192, 44.41505, 51.033486943164355], [-0.83216, 44.41501, 51.033486943164355], [-0.83273, 44.41504, 51.033486943164355], [-0.83305, 44.41515, 51.033486943164355], [-0.83324, 44.41532, 51.033486943164355], [-0.83329, 44.41553, 51.033486943164355], [-0.83311, 44.41599, 51.033486943164355]]]}}, {"type": "Feature", "properties": {"id_obligation": "402950000D0050", "priorite": "très forte"}, "geometry": {"type": "Polygon", "coordinates": [[[-0.83259, 44.41634, 51.728502415458934], [-0.83236, 44.41641, 51.728502415458934], [-0.83211, 44.4164, 51.728502415458934], [-0.83175, 44.41629, 51.728502415458934], [-0.83155, 44.41613, 51.728502415458934], [-0.83148, 44.41596, 51.728502415458934], [-0.8315, 44.41579, 51.728502415458934], [-0.83163, 44.41556, 51.728502415458934], [-0.83181, 44.41543, 51.728502415458934], [-0.83204, 44.41536, 53.33333333333333], [-0.83254, 44.41531, 53.33333333333333], [-0.83284, 44.41538, 51.8], [-0.83306, 44.41553, 51.8], [-0.83317, 44.41573, 51.728502415458934], [-0.83312, 44.41595, 51.728502415458934], [-0.83295, 44.41614, 51.728502415458934], [-0.83259, 44.41634, 51.728502415458934]]]}}, {"type": "Feature", "properties": {"id_obligation": "402950000D0067", "priorite": "forte"}, "geometry": {"type": "Polygon", "coordinates": [[[-0.83087, 44.41155, 51.750000000000014], [-0.83067, 44.41176, 51.750000000000014], [-0.83032, 44.41186, 51.750000000000014], [-0.82989, 44.4118, 51.750000000000014], [-0.82966, 44.41165, 51.750000000000014], [-0.82957, 44.41149, 51.750000000000014], [-0.82953, 44.41097, 51.750000000000014], [-0.8296, 44.41076, 51.750000000000014], [-0.82976, 44.41063, 51.750000000000014], [-0.82998, 44.41054, 51.750000000000014], [-0.83034, 44.41053, 51.750000000000014], [-0.83057, 44.41058, 51.750000000000014], [-0.83086, 44.41081, 51.750000000000014], [-0.83087, 44.41155, 51.750000000000014]]]}}, {"type": "Feature", "properties": {"id_obligation": "402950000D0107", "priorite": "très forte"}, "geometry": {"type": "Polygon", "coordinates": [[[-0.83912, 44.40957, 51.2], [-0.83937, 44.40945, 51.2], [-0.83961, 44.40943, 51.2], [-0.84004, 44.40948, 51.2], [-0.84028, 44.40962, 51.2], [-0.84038, 44.40978, 51.2], [-0.84039, 44.41002, 51.2], [-0.84033, 44.41019, 51.2], [-0.84019, 44.41033, 51.2], [-0.83992, 44.41044, 51.2], [-0.83954, 44.41045, 51.2], [-0.8393, 44.4104, 51.2], [-0.8391, 44.4103, 51.2], [-0.83898, 44.41015, 51.2], [-0.83897, 44.40976, 51.2], [-0.83912, 44.40957, 51.2]]]}}, {"type": "Feature", "properties": {"id_obligation": "402950000D0121", "priorite": "forte"}, "geometry": {"type": "Polygon", "coordinates": [[[-0.83311, 44.40985, 49.02], [-0.83334, 44.40999, 49.02], [-0.83344, 44.41015, 49.02], [-0.83345, 44.41042, 49.02], [-0.83336, 44.41059, 49.02], [-0.83315, 44.41074, 49.02], [-0.83292, 44.41079, 49.02], [-0.83264, 44.41079, 49.02], [-0.83236, 44.4107, 49.02], [-0.8322, 44.41057, 49.02], [-0.83212, 44.4104, 49.02], [-0.83212, 44.41018, 49.02], [-0.83221, 44.41002, 49.02], [-0.83238, 44.40989, 49.02], [-0.8326, 44.40982, 49.02], [-0.83287, 44.4098, 49.02], [-0.83311, 44.40985, 49.02]]]}}, {"type": "Feature", "properties": {"id_obligation": "402950000D0133", "priorite": "moyenne"}, "geometry": {"type": "Polygon", "coordinates": [[[-0.83015, 44.40746, 50.40190476190476], [-0.83029, 44.40765, 50.9], [-0.8303, 44.40771, 50.9], [-0.82999, 44.4077, 50.9], [-0.82999, 44.40782, 50.9], [-0.8303, 44.40783, 50.9], [-0.83026, 44.40797, 50.40190476190476], [-0.83013, 44.40812, 50.40190476190476], [-0.82993, 44.40822, 50.40190476190476], [-0.82969, 44.40826, 50.40190476190476], [-0.82914, 44.40826, 50.042857142857144], [-0.82881, 44.40815, 50.042857142857144], [-0.82864, 44.40796, 50.042857142857144], [-0.8286, 44.40772, 50.56666666666666], [-0.82864, 44.40755, 50.40190476190476], [-0.82877, 44.4074, 50.40190476190476], [-0.82897, 44.40729, 50.40190476190476], [-0.82921, 44.40725, 51.05], [-0.82931, 44.40725, 51.4], [-0.82933, 44.4073, 51.4], [-0.82948, 44.40727, 51.4], [-0.82947, 44.40724, 51.4], [-0.82959, 44.40725, 51.05], [-0.8299, 44.40733, 50.40190476190476], [-0.83015, 44.40746, 50.40190476190476]]]}}, {"type": "Feature", "properties": {"id_obligation": "402950000D0136", "priorite": "faible"}, "geometry": {"type": "Polygon", "coordinates": [[[-0.82798, 44.40847, 48.79854312354311], [-0.82769, 44.40855, 48.79854312354311], [-0.82731, 44.40852, 48.79854312354311], [-0.82705, 44.4084, 48.79854312354311], [-0.82693, 44.40824, 48.79854312354311], [-0.8269, 44.40806, 47.7], [-0.82699, 44.4077, 48.79854312354311], [-0.82715, 44.40753, 48.79854312354311], [-0.82736, 44.40743, 48.79854312354311], [-0.82759, 44.40741, 48.74545454545455], [-0.8279, 44.40744, 48.74545454545455], [-0.82816, 44.40755, 48.79854312354311], [-0.82829, 44.4077, 48.79854312354311], [-0.82834, 44.40787, 49.73333333333332], [-0.82829, 44.40811, 49.73333333333332], [-0.82798, 44.40847, 48.79854312354311]]]}}, {"type": "Feature", "properties": {"id_obligation": "402950000D0141", "priorite": "faible"}, "geometry": {"type": "Polygon", "coordinates": [[[-0.82803, 44.40824, 50.01777777777777], [-0.82829, 44.40835, 50.01777777777777], [-0.82843, 44.40849, 50.01777777777777], [-0.82849, 44.40867, 52.3111111111111], [-0.82844, 44.40885, 52.3111111111111], [-0.82828, 44.40909, 48.50999999999999], [-0.82803, 44.40922, 48.650000000000006], [-0.82778, 44.40926, 48.650000000000006], [-0.82754, 44.40922, 50.01777777777777], [-0.82726, 44.40911, 50.01777777777777], [-0.82711, 44.40897, 50.01777777777777], [-0.82704, 44.40876, 50.01777777777777], [-0.82715, 44.40849, 50.01777777777777], [-0.82729, 44.40834, 50.01777777777777], [-0.82751, 44.40825, 50.01777777777777], [-0.82778, 44.40821, 50.01777777777777], [-0.82803, 44.40824, 50.01777777777777]]]}}, {"type": "Feature", "properties": {"id_obligation": "402950000D0146", "priorite": "faible"}, "geometry": {"type": "MultiPolygon", "coordinates": [[[[-0.82767, 44.40746, 48.75000000000001], [-0.82765, 44.40764, 48.75000000000001], [-0.82752, 44.40781, 47.4], [-0.82733, 44.4078, 47.7], [-0.82748, 44.40784, 47.4], [-0.82727, 44.40799, 47.49999999999999], [-0.82705, 44.40806, 51.8], [-0.8268, 44.40806, 51.8], [-0.82638, 44.4079, 51.8], [-0.82651, 44.40738, 48.48125], [-0.82673, 44.40702, 51.731249999999996], [-0.82695, 44.40699, 49.43571115743624], [-0.82693, 44.40702, 49.3], [-0.82704, 44.40707, 53.8], [-0.82699, 44.40711, 53.8], [-0.8269, 44.40707, 50.7], [-0.82685, 44.40714, 50.7], [-0.82708, 44.40721, 50.7], [-0.82717, 44.40706, 52.1], [-0.82701, 44.40699, 50.526260105100135], [-0.82718, 44.40703, 51.02857142857143], [-0.82727, 44.40706, 51.0], [-0.82728, 44.40713, 51.0], [-0.82743, 44.40714, 51.02857142857143], [-0.8276, 44.40729, 51.02857142857143], [-0.82767, 44.40746, 48.75000000000001]]], [[[-0.82621, 44.4077, 48.5], [-0.82629, 44.40772, 48.5], [-0.82637, 44.40761, 48.5], [-0.8262, 44.40755, 48.5], [-0.82625, 44.40738, 48.42749818392422], [-0.82633, 44.40745, 48.6], [-0.82639, 44.40741, 48.6], [-0.8264, 44.4075, 48.48125], [-0.82638, 44.4079, 51.8], [-0.82621, 44.4077, 48.5]]], [[[-0.82657, 44.40708, 51.88571428571429], [-0.8264, 44.40738, 48.6], [-0.8263, 44.40731, 48.6], [-0.82657, 44.40708, 51.88571428571429]]]]}}, {"type": "Feature", "properties": {"id_obligation": "402950000D0154", "priorite": "faible"}, "geometry": {"type": "Polygon", "coordinates": [[[-0.82557, 44.40913, 50.93443172240302], [-0.82562, 44.409, 48.6], [-0.82575, 44.40902, 48.6], [-0.82577, 44.40898, 48.6], [-0.82551, 44.40892, 50.9], [-0.82545, 44.40907, 51.24762657445044], [-0.82525, 44.40887, 52.06666666666666], [-0.82522, 44.40869, 52.06666666666666], [-0.8253, 44.40849, 49.86466213151927], [-0.82546, 44.40834, 49.86466213151927], [-0.82567, 44.40825, 52.199999999999996], [-0.82576, 44.40823, 52.2], [-0.82574, 44.40828, 52.2], [-0.8259, 44.40832, 52.2], [-0.82589, 44.40822, 52.2], [-0.82622, 44.40828, 49.0], [-0.82632, 44.40841, 49.0], [-0.82637, 44.40842, 49.0], [-0.82637, 44.40836, 49.0], [-0.82641, 44.40839, 49.0], [-0.82654, 44.40854, 49.86466213151927], [-0.82657, 44.40872, 49.86466213151927], [-0.82648, 44.40894, 48.59285714285714], [-0.82633, 44.40908, 48.59285714285714], [-0.82612, 44.40916, 48.332], [-0.82605, 44.40918, 48.73272499485324], [-0.82607, 44.4091, 48.5], [-0.82593, 44.40908, 48.4], [-0.8259, 44.40916, 49.0], [-0.826, 44.40918, 49.0], [-0.82557, 44.40913, 50.93443172240302]]]}}, {"type": "Feature", "properties": {"id_obligation": "402950000D0158", "priorite": "faible"}, "geometry": {"type": "Polygon", "coordinates": [[[-0.82501, 44.40911, 49.543838383838384], [-0.82488, 44.40891, 49.543838383838384], [-0.82487, 44.40874, 49.543838383838384], [-0.825, 44.40849, 50.800000000000004], [-0.82517, 44.40836, 50.800000000000004], [-0.82546, 44.40829, 49.543838383838384], [-0.8257, 44.4083, 49.543838383838384], [-0.82605, 44.4084, 49.543838383838384], [-0.82624, 44.40856, 49.543838383838384], [-0.82631, 44.40872, 48.35999999999999], [-0.82628, 44.40894, 49.4], [-0.82616, 44.40891, 49.4], [-0.8261, 44.40895, 49.5], [-0.82625, 44.40901, 49.4], [-0.82619, 44.40909, 48.86363636363637], [-0.82605, 44.4092, 48.82250622626814], [-0.82607, 44.4091, 48.5], [-0.82593, 44.40908, 48.4], [-0.8259, 44.40916, 49.0], [-0.826, 44.40917, 49.0], [-0.82601, 44.40922, 48.96292156050174], [-0.82579, 44.40929, 49.15555555555555], [-0.82574, 44.4093, 49.4], [-0.82575, 44.40922, 49.4], [-0.82558, 44.40921, 49.4], [-0.82557, 44.4093, 49.4], [-0.82526, 44.40924, 49.543838383838384], [-0.82501, 44.40911, 49.543838383838384]]]}}, {"type": "Feature", "properties": {"id_obligation": "402950000D0169", "priorite": "moyenne"}, "geometry": {"type": "Polygon", "coordinates": [[[-0.82411, 44.41084, 50.057142857142864], [-0.82387, 44.41098, 50.057142857142864], [-0.82363, 44.41102, 50.057142857142864], [-0.82319, 44.411, 50.057142857142864], [-0.8229, 44.41091, 50.057142857142864], [-0.82274, 44.41077, 50.057142857142864], [-0.82267, 44.4106, 50.057142857142864], [-0.82269, 44.41041, 50.057142857142864], [-0.82282, 44.41021, 50.057142857142864], [-0.82305, 44.41008, 50.057142857142864], [-0.82329, 44.41005, 50.057142857142864], [-0.82372, 44.41007, 50.057142857142864], [-0.82395, 44.41013, 50.057142857142864], [-0.82416, 44.41028, 50.057142857142864], [-0.82424, 44.41045, 50.057142857142864], [-0.82424, 44.41064, 50.057142857142864], [-0.82411, 44.41084, 50.057142857142864]]]}}, {"type": "Feature", "properties": {"id_obligation": "402950000D0175", "priorite": "faible"}, "geometry": {"type": "Polygon", "coordinates": [[[-0.82504, 44.40829, 49.650000000000006], [-0.82516, 44.4084, 50.8], [-0.82511, 44.4084, 50.8], [-0.8251, 44.40852, 50.8], [-0.8252, 44.40852, 50.8], [-0.82521, 44.40849, 50.8], [-0.82522, 44.40853, 50.19230769230769], [-0.82521, 44.40875, 50.19230769230769], [-0.825, 44.40906, 47.79999999999999], [-0.82474, 44.40917, 47.79999999999999], [-0.82449, 44.40919, -266.9], [-0.82395, 44.40908, -1000.0], [-0.82393, 44.40915, -1000.0], [-0.82378, 44.40914, -563.0416666666666], [-0.82346, 44.40901, -563.0416666666666], [-0.82333, 44.40886, -563.0416666666666], [-0.82329, 44.40868, 49.8], [-0.82339, 44.40831, -66.71751246438745], [-0.82357, 44.40808, -66.71751246438745], [-0.82382, 44.40797, -66.71751246438745], [-0.82406, 44.40795, 49.41481481481482], [-0.82438, 44.40801, 49.41481481481482], [-0.82438, 44.40808, 49.5], [-0.82504, 44.40829, 49.650000000000006]]]}}, {"type": "Feature", "properties": {"id_obligation": "402950000D0178", "priorite": "faible"}, "geometry": {"type": "Polygon", "coordinates": [[[-0.82501, 44.40929, -371.01599999999996], [-0.82474, 44.40939, -371.01599999999996], [-0.82449, 44.40939, -371.01599999999996], [-0.82421, 44.40933, -1000.0], [-0.82398, 44.40919, -1000.0], [-0.82417, 44.40922, -1000.0], [-0.8242, 44.40913, -1000.0], [-0.82395, 44.40908, -1000.0], [-0.82393, 44.40913, -1000.0], [-0.8239, 44.40907, -1000.0], [-0.82387, 44.4089, -1000.0], [-0.82394, 44.40871, 49.760000000000005], [-0.82402, 44.40871, 49.8], [-0.824, 44.40863, 49.7], [-0.82414, 44.40854, 49.760000000000005], [-0.82436, 44.40847, 47.89999999999999], [-0.82461, 44.40847, 47.89999999999999], [-0.82489, 44.40853, -371.01599999999996], [-0.82508, 44.40863, -371.01599999999996], [-0.8252, 44.40878, -371.01599999999996], [-0.82523, 44.40895, -371.01599999999996], [-0.82517, 44.40915, -371.01599999999996], [-0.82501, 44.40929, -371.01599999999996]]]}}, {"type": "Feature", "properties": {"id_obligation": "402950000D0190", "priorite": "moyenne"}, "geometry": {"type": "Polygon", "coordinates": [[[-0.82308, 44.40799, 48.800000000000004], [-0.82281, 44.4081, 48.63333333333334], [-0.8224, 44.40796, 47.2], [-0.82235, 44.40804, 47.2], [-0.82244, 44.40808, 48.2], [-0.82211, 44.40796, 47.96], [-0.82193, 44.40774, -213.34604166666665], [-0.82188, 44.40738, -213.34604166666665], [-0.82197, 44.40714, -1000.0], [-0.8221, 44.407, -1000.0], [-0.82227, 44.40691, -1000.0], [-0.82246, 44.40693, -1000.0], [-0.82248, 44.40686, -1000.0], [-0.82258, 44.40686, -1000.0], [-0.82257, 44.40691, -1000.0], [-0.82273, 44.40693, -1000.0], [-0.82274, 44.40688, -1000.0], [-0.82327, 44.40707, 49.58], [-0.82341, 44.40722, 49.58], [-0.82345, 44.40739, 49.89999999999999], [-0.82341, 44.40755, 49.9], [-0.82328, 44.40744, 49.9], [-0.82321, 44.40747, 49.9], [-0.82333, 44.40761, 49.9], [-0.8234, 44.40757, 49.9], [-0.82308, 44.40799, 48.800000000000004]]]}}, {"type": "Feature", "properties": {"id_obligation": "402950000D0192", "priorite": "moyenne"}, "geometry": {"type": "Polygon", "coordinates": [[[-0.82386, 44.40808, -186.51243042671618], [-0.82363, 44.40829, -186.51243042671618], [-0.82339, 44.40841, 48.8], [-0.82315, 44.40844, 48.8], [-0.82291, 44.4084, 48.8], [-0.82242, 44.40822, 48.57272727272727], [-0.82224, 44.40804, 48.57272727272727], [-0.8222, 44.40787, 48.28571428571429], [-0.82225, 44.40769, 48.28571428571429], [-0.82245, 44.40747, 48.28571428571429], [-0.82259, 44.4074, 49.14699675085668], [-0.82279, 44.40746, 47.2], [-0.82283, 44.40739, 47.2], [-0.82261, 44.40733, 50.0], [-0.82273, 44.40718, 50.0], [-0.823, 44.40703, -550.4], [-0.82325, 44.40699, -1000.0], [-0.82325, 44.40703, -1000.0], [-0.82336, 44.40704, -1000.0], [-0.82337, 44.40699, -1000.0], [-0.82364, 44.40707, -1000.0], [-0.82399, 44.40736, -1000.0], [-0.82406, 44.40757, -186.51243042671618], [-0.82386, 44.40808, -186.51243042671618]]]}}, {"type": "Feature", "properties": {"id_obligation": "402950000D0196", "priorite": "faible"}, "geometry": {"type": "Polygon", "coordinates": [[[-0.82379, 44.40788, 49.12643086080586], [-0.82406, 44.40779, 49.96428571428571], [-0.82431, 44.40779, 49.96428571428571], [-0.82468, 44.40788, 48.39166666666668], [-0.82474, 44.4079, 49.1], [-0.82474, 44.40804, 49.1], [-0.82485, 44.40804, 49.1], [-0.82483, 44.40796, 49.1], [-0.825, 44.40819, 49.37857142857144], [-0.82501, 44.4083, 50.1], [-0.82494, 44.40832, 50.1], [-0.825, 44.40837, 50.1], [-0.8249, 44.40857, 47.9], [-0.8247, 44.40873, 47.9], [-0.82447, 44.40879, 48.29999999999999], [-0.82422, 44.40879, 48.29999999999999], [-0.82385, 44.4087, 49.739999999999995], [-0.82366, 44.40859, 49.739999999999995], [-0.82355, 44.40844, 50.260000000000005], [-0.82353, 44.40826, 50.260000000000005], [-0.8236, 44.40806, 49.12643086080586], [-0.82379, 44.40788, 49.12643086080586]]]}}, {"type": "Feature", "properties": {"id_obligation": "402950000D0201", "priorite": "faible"}, "geometry": {"type": "Polygon", "coordinates": [[[-0.82528, 44.40834, 50.25555555555555], [-0.82493, 44.40826, 47.97499999999999], [-0.82475, 44.40815, 47.97499999999999], [-0.8246, 44.40795, 49.100000000000016], [-0.82459, 44.40777, 49.100000000000016], [-0.82471, 44.4075, 50.6179131054131], [-0.82486, 44.40736, 50.6179131054131], [-0.82508, 44.40727, 51.3], [-0.82533, 44.40726, 51.3], [-0.82573, 44.40734, 50.6179131054131], [-0.82597, 44.40748, 50.6179131054131], [-0.82608, 44.40763, 50.6179131054131], [-0.82608, 44.40785, 50.6179131054131], [-0.82596, 44.4081, 52.199999999999996], [-0.82586, 44.4082, 52.2], [-0.82578, 44.40818, 52.2], [-0.82575, 44.40826, 52.2], [-0.82553, 44.40833, 50.25555555555555], [-0.82528, 44.40834, 50.25555555555555]]]}}, {"type": "Feature", "properties": {"id_obligation": "402950000D0204", "priorite": "faible"}, "geometry": {"type": "Polygon", "coordinates": [[[-0.82469, 44.40726, 48.699999999999996], [-0.82493, 44.40706, 48.699999999999996], [-0.82514, 44.407, 50.09], [-0.82537, 44.40698, 51.9], [-0.82545, 44.40716, 47.5], [-0.8256, 44.40712, 47.5], [-0.82562, 44.40704, 49.2], [-0.82582, 44.40718, 49.097794014254674], [-0.82575, 44.40716, 48.6], [-0.82573, 44.40721, 48.6], [-0.82582, 44.40723, 48.6], [-0.82584, 44.4072, 48.680000000000014], [-0.82606, 44.40754, 49.88198412698412], [-0.8261, 44.40775, 49.88198412698412], [-0.82605, 44.40793, 49.88198412698412], [-0.82586, 44.40811, 49.88198412698412], [-0.82564, 44.40819, 51.17857142857142], [-0.82529, 44.40818, 49.99237077141903], [-0.82515, 44.40798, 51.9], [-0.82503, 44.40802, 50.6], [-0.82512, 44.40815, 51.82496577948728], [-0.82501, 44.40812, 49.083333333333336], [-0.82498, 44.40806, 47.3], [-0.82492, 44.40808, 47.3], [-0.82484, 44.40804, 49.1], [-0.82483, 44.40795, 49.1], [-0.82504, 44.40791, 49.1], [-0.82504, 44.40784, 49.1], [-0.82474, 44.40783, 49.1], [-0.82474, 44.40795, 49.1], [-0.82464, 44.40778, 49.88198412698412], [-0.82469, 44.40726, 48.699999999999996]]]}}, {"type": "Feature", "properties": {"id_obligation": "402950000D0207", "priorite": "faible"}, "geometry": {"type": "Polygon", "coordinates": [[[-0.82646, 44.40672, 50.58930821418725], [-0.82657, 44.40693, 50.888888888888886], [-0.82653, 44.40715, 50.888888888888886], [-0.82637, 44.40733, 48.60000000000001], [-0.82629, 44.40731, 48.6], [-0.82622, 44.40741, 48.60000000000001], [-0.82562, 44.40754, 50.58930821418725], [-0.82538, 44.40752, 51.35], [-0.8253, 44.40743, 52.4], [-0.82516, 44.40742, 51.0], [-0.82498, 44.40719, 48.8], [-0.82516, 44.40708, 48.8], [-0.82511, 44.40702, 48.8], [-0.82495, 44.40709, 48.79693892699229], [-0.82492, 44.4068, 52.13171222300231], [-0.82549, 44.40664, 52.3], [-0.82547, 44.40658, 52.3], [-0.82495, 44.40672, 52.1], [-0.82506, 44.4066, 52.220000000000006], [-0.82531, 44.40647, 52.220000000000006], [-0.82558, 44.40643, 51.38461538461539], [-0.82622, 44.40658, 50.58930821418725], [-0.82646, 44.40672, 50.58930821418725]]]}}, {"type": "Feature", "properties": {"id_obligation": "402950000D0208", "priorite": "faible"}, "geometry": {"type": "Polygon", "coordinates": [[[-0.82686, 44.40664, -1000.0], [-0.82684, 44.40676, -1000.0], [-0.8272, 44.40679, -1000.0], [-0.82729, 44.40696, 51.50476190476189], [-0.82722, 44.40732, 50.1], [-0.82718, 44.4073, 50.1], [-0.82708, 44.40738, 50.1], [-0.82719, 44.40742, 50.1], [-0.82716, 44.40747, 50.735294117647044], [-0.82686, 44.40769, 50.735294117647044], [-0.82662, 44.40773, 48.50769230769232], [-0.82641, 44.40772, 48.50769230769232], [-0.82651, 44.40738, 48.50769230769232], [-0.82677, 44.40697, 51.61250000000001], [-0.8267, 44.40691, 51.61250000000001], [-0.82662, 44.40694, 51.61250000000001], [-0.8264, 44.40738, 48.6], [-0.82629, 44.40731, 48.6], [-0.82622, 44.40736, 48.6], [-0.82633, 44.40745, 48.6], [-0.82639, 44.40741, 48.6], [-0.8264, 44.40771, 48.50769230769232], [-0.82633, 44.4077, 48.50769230769232], [-0.82637, 44.40761, 48.5], [-0.8262, 44.40755, 48.5], [-0.82616, 44.40763, 48.5], [-0.82612, 44.40761, 48.5], [-0.8259, 44.40735, 48.5], [-0.82568, 44.40718, 49.620833333333344], [-0.8256, 44.40697, 49.620833333333344], [-0.82567, 44.40673, 51.543750000000024], [-0.8259, 44.40653, 51.543750000000024], [-0.82618, 44.40645, -80.99689604207067], [-0.8266, 44.4065, -80.99689604207067], [-0.82693, 44.40662, -1000.0], [-0.82686, 44.40664, -1000.0]]]}}, {"type": "Feature", "properties": {"id_obligation": "402950000D0213", "priorite": "faible"}, "geometry": {"type": "Polygon", "coordinates": [[[-0.82724, 44.40799, 47.7], [-0.82701, 44.40783, 47.7], [-0.82692, 44.40761, 51.3], [-0.82705, 44.40751, 51.3], [-0.82694, 44.40744, 51.3], [-0.82707, 44.40726, 50.550000000000004], [-0.82725, 44.40715, 50.550000000000004], [-0.82748, 44.4071, 51.0], [-0.82781, 44.40711, 51.0], [-0.82806, 44.4072, 49.93333333333333], [-0.82822, 44.40734, 51.60000000000001], [-0.82829, 44.40751, 51.60000000000001], [-0.82828, 44.40769, 51.60000000000001], [-0.82818, 44.40785, 48.887499999999996], [-0.828, 44.40798, 47.2], [-0.82777, 44.40804, 48.98571428571428], [-0.82747, 44.40804, 48.98571428571428], [-0.82724, 44.40799, 47.7]]]}}, {"type": "Feature", "properties": {"id_obligation": "402950000D0216", "priorite": "faible"}, "geometry": {"type": "Polygon", "coordinates": [[[-0.82885, 44.4067, 48.3], [-0.82909, 44.40683, 48.3], [-0.82922, 44.40703, 48.3], [-0.82924, 44.4073, 50.185714285714276], [-0.82907, 44.40757, 50.559999999999995], [-0.82882, 44.40781, 50.559999999999995], [-0.82868, 44.4078, 50.5], [-0.8287, 44.40787, 50.547801948430205], [-0.8284, 44.40793, 50.926666666666655], [-0.82811, 44.40793, 50.926666666666655], [-0.82798, 44.4079, 51.528742763436256], [-0.82789, 44.40777, 50.0], [-0.8278, 44.4078, 50.0], [-0.8277, 44.40769, 50.364285714285714], [-0.82766, 44.40755, 48.3], [-0.82757, 44.40751, 48.3], [-0.82742, 44.40726, 48.3], [-0.82742, 44.40704, 49.8], [-0.82757, 44.40684, 49.8], [-0.82791, 44.40668, 49.8], [-0.82815, 44.40663, 49.8050462962963], [-0.82885, 44.4067, 48.3]]]}}, {"type": "Feature", "properties": {"id_obligation": "402950000D0218", "priorite": "faible"}, "geometry": {"type": "Polygon", "coordinates": [[[-0.82887, 44.40797, 50.6], [-0.82872, 44.40802, 48.7], [-0.82867, 44.40796, 48.7], [-0.82857, 44.40804, 49.929411764705875], [-0.82841, 44.40805, 50.9], [-0.82853, 44.40798, 50.9], [-0.82845, 44.40791, 50.9], [-0.82831, 44.40799, 50.9], [-0.82836, 44.40804, 50.9], [-0.82805, 44.40794, 51.19], [-0.82781, 44.40773, 51.19], [-0.82772, 44.4075, 50.332693744164324], [-0.82776, 44.40733, 50.332693744164324], [-0.82794, 44.40707, 49.944444444444436], [-0.82814, 44.40697, 49.944444444444436], [-0.8285, 44.4069, 48.84999999999999], [-0.82874, 44.40692, 50.9], [-0.82895, 44.40701, 50.9], [-0.8291, 44.40716, 50.9], [-0.82921, 44.40747, 50.332693744164324], [-0.8292, 44.40764, 50.332693744164324], [-0.82908, 44.40782, 50.6], [-0.82887, 44.40797, 50.6]]]}}, {"type": "Feature", "properties": {"id_obligation": "402950000D0219", "priorite": "faible"}, "geometry": {"type": "Polygon", "coordinates": [[[-0.82875, 44.40764, 50.44285714285714], [-0.82851, 44.40764, 51.138461538461556], [-0.82828, 44.40758, 51.138461538461556], [-0.8281, 44.40745, 51.138461538461556], [-0.82801, 44.40728, 49.93333333333333], [-0.82798, 44.40706, 49.93333333333333], [-0.82809, 44.40685, 50.33703983516484], [-0.82826, 44.40673, 50.33703983516484], [-0.82855, 44.40666, 49.800000000000004], [-0.82903, 44.40664, 50.4], [-0.82929, 44.40672, 49.14], [-0.82945, 44.40685, 49.14], [-0.82955, 44.4071, 51.4], [-0.82949, 44.40731, 51.4], [-0.82929, 44.40748, 51.4], [-0.82875, 44.40764, 50.44285714285714]]]}}, {"type": "Feature", "properties": {"id_obligation": "402950000D0220", "priorite": "moyenne"}, "geometry": {"type": "Polygon", "coordinates": [[[-0.83027, 44.40723, 51.0], [-0.8303, 44.40736, 51.0], [-0.83023, 44.40737, 51.0], [-0.83023, 44.40746, 51.0], [-0.83029, 44.40748, 50.9], [-0.83018, 44.40769, 50.9], [-0.82999, 44.4077, 50.9], [-0.83, 44.40782, 50.9], [-0.82995, 44.40784, 50.9], [-0.8297, 44.40789, 49.51428571428572], [-0.82931, 44.40786, 49.51428571428572], [-0.8291, 44.40777, 49.29999999999999], [-0.82877, 44.40751, 48.4], [-0.82867, 44.40728, 48.4], [-0.82868, 44.4071, 49.96249999999999], [-0.82878, 44.40694, 49.96249999999999], [-0.82901, 44.4068, 49.96249999999999], [-0.82939, 44.40672, 50.018112244897964], [-0.82964, 44.40674, 50.018112244897964], [-0.82985, 44.40683, 50.018112244897964], [-0.83027, 44.40723, 51.0]]]}}, {"type": "Feature", "properties": {"id_obligation": "402950000D0222", "priorite": "faible"}, "geometry": {"type": "Polygon", "coordinates": [[[-0.82957, 44.4069, 49.87767857142857], [-0.8294, 44.40703, 49.87767857142857], [-0.82917, 44.4071, 50.9], [-0.8288, 44.40711, 50.9], [-0.82852, 44.40703, 49.87767857142857], [-0.82836, 44.4069, 49.87767857142857], [-0.82828, 44.40673, 49.185714285714276], [-0.82828, 44.40653, 49.185714285714276], [-0.82829, 44.40648, 50.9], [-0.82835, 44.40658, 50.9], [-0.82845, 44.40655, 50.9], [-0.82838, 44.40643, 50.9], [-0.82831, 44.40645, 50.9], [-0.82858, 44.40621, 49.9], [-0.82881, 44.40616, 49.87767857142857], [-0.82914, 44.40616, 49.87767857142857], [-0.82936, 44.40622, 49.87767857142857], [-0.82953, 44.40634, 49.87767857142857], [-0.82963, 44.40649, 49.87767857142857], [-0.82966, 44.40669, 49.87767857142857], [-0.82957, 44.4069, 49.87767857142857]]]}}, {"type": "Feature", "properties": {"id_obligation": "402950000D0223", "priorite": "moyenne"}, "geometry": {"type": "Polygon", "coordinates": [[[-0.83074, 44.40664, 49.87500000000001], [-0.83051, 44.40678, 49.87500000000001], [-0.83017, 44.40685, 49.87500000000001], [-0.82974, 44.40682, 49.87500000000001], [-0.82947, 44.40673, 49.87500000000001], [-0.82931, 44.4066, 49.87500000000001], [-0.82923, 44.40644, 49.87500000000001], [-0.82922, 44.40621, 49.87500000000001], [-0.82934, 44.40601, 49.5], [-0.82958, 44.40587, 49.5], [-0.82992, 44.40582, 49.87500000000001], [-0.83028, 44.40583, 49.87500000000001], [-0.83051, 44.40589, 49.87500000000001], [-0.83069, 44.406, 49.87500000000001], [-0.8308, 44.40615, 49.87500000000001], [-0.83085, 44.40639, 49.87500000000001], [-0.83074, 44.40664, 49.87500000000001]]]}}, {"type": "Feature", "properties": {"id_obligation": "402950000D0241", "priorite": "faible"}, "geometry": {"type": "Polygon", "coordinates": [[[-0.82678, 44.40664, 50.38601641414142], [-0.82661, 44.40677, 50.38601641414142], [-0.82638, 44.40684, 52.1], [-0.82613, 44.40683, 52.1], [-0.82575, 44.40674, 51.04444444444445], [-0.82556, 44.40663, 51.04444444444445], [-0.82545, 44.40647, 49.699999999999996], [-0.82543, 44.40633, 49.5], [-0.82546, 44.40637, 49.5], [-0.82559, 44.40639, 49.5], [-0.82563, 44.40627, 49.5], [-0.82545, 44.40624, 49.5], [-0.82555, 44.40607, 47.9], [-0.82586, 44.4058, 47.9], [-0.82609, 44.40573, 49.290909090909096], [-0.8264, 44.40573, 49.290909090909096], [-0.82672, 44.40584, 51.79999999999999], [-0.82691, 44.40601, 51.79999999999999], [-0.82683, 44.40601, 51.8], [-0.82677, 44.40615, 51.8], [-0.82688, 44.40618, 51.8], [-0.82694, 44.40606, 51.8], [-0.82696, 44.40623, 50.875000000000014], [-0.82678, 44.40664, 50.38601641414142]]]}}, {"type": "Feature", "properties": {"id_obligation": "402950000D0259", "priorite": "moyenne"}, "geometry": {"type": "Polygon", "coordinates": [[[-0.82443, 44.4048, 51.7], [-0.82439, 44.40503, 51.7], [-0.82381, 44.40523, 51.7], [-0.82387, 44.40532, 51.7], [-0.8231, 44.40529, 48.611111111111114], [-0.82306, 44.40528, 48.563798582647536], [-0.82317, 44.40524, 48.5], [-0.82314, 44.40519, 48.6], [-0.82306, 44.40518, 48.6], [-0.82295, 44.40524, 48.6], [-0.82271, 44.40503, 49.23333333333334], [-0.82266, 44.40486, 49.23333333333334], [-0.82272, 44.40463, 49.23333333333334], [-0.82294, 44.40444, 49.900000000000006], [-0.82295, 44.4043, 49.900000000000006], [-0.82304, 44.40414, 49.900000000000006], [-0.8234, 44.40394, 49.80000000000001], [-0.82346, 44.40393, 49.9], [-0.82348, 44.40402, 49.9], [-0.82367, 44.404, 49.9], [-0.82365, 44.40391, 49.9], [-0.82377, 44.40392, 49.80000000000001], [-0.8241, 44.40404, 50.29930555555556], [-0.82427, 44.40423, 50.29930555555556], [-0.82427, 44.40454, 51.7], [-0.82443, 44.4048, 51.7]]]}}, {"type": "Feature", "properties": {"id_obligation": "402950000D0262", "priorite": "moyenne"}, "geometry": {"type": "Polygon", "coordinates": [[[-0.82309, 44.40412, 50.06758234834791], [-0.82315, 44.40421, 49.9], [-0.8233, 44.40416, 49.8], [-0.82324, 44.40406, 49.8], [-0.82312, 44.40411, 50.08050933436743], [-0.82324, 44.40404, 49.900000000000006], [-0.82347, 44.40398, 49.9], [-0.82348, 44.40402, 49.9], [-0.82366, 44.404, 49.9], [-0.82366, 44.40396, 49.9], [-0.82394, 44.404, 49.87138888888889], [-0.82418, 44.40414, 49.87138888888889], [-0.82428, 44.4043, 49.87138888888889], [-0.82435, 44.40465, 49.87138888888889], [-0.82428, 44.40486, 49.87138888888889], [-0.82413, 44.405, 49.87138888888889], [-0.82392, 44.40509, 49.87138888888889], [-0.82357, 44.40512, 49.66250000000001], [-0.82333, 44.40507, 50.1], [-0.82304, 44.40485, 50.1], [-0.82294, 44.4044, 49.87138888888889], [-0.82309, 44.40412, 50.06758234834791]]]}}, {"type": "Feature", "properties": {"id_obligation": "402950000D0263", "priorite": "moyenne"}, "geometry": {"type": "Polygon", "coordinates": [[[-0.82415, 44.40397, 49.9351430976431], [-0.82437, 44.40413, 49.9351430976431], [-0.82446, 44.4043, 49.9351430976431], [-0.82445, 44.40451, 49.9351430976431], [-0.82435, 44.40467, 49.9351430976431], [-0.82417, 44.40479, 49.9351430976431], [-0.82395, 44.40485, 49.62222222222221], [-0.82363, 44.40484, 49.62222222222221], [-0.8234, 44.40477, 50.1], [-0.82323, 44.40464, 50.1], [-0.82314, 44.40447, 50.525], [-0.82315, 44.40426, 50.525], [-0.82318, 44.4042, 49.87665525485829], [-0.8233, 44.40416, 49.8], [-0.82326, 44.4041, 49.8], [-0.82343, 44.40399, 49.86363636363637], [-0.82347, 44.40397, 49.9], [-0.82348, 44.40402, 49.9], [-0.82366, 44.404, 49.9], [-0.82365, 44.40392, 49.9], [-0.82391, 44.40392, 49.9], [-0.82415, 44.40397, 49.9351430976431]]]}}, {"type": "Feature", "properties": {"id_obligation": "402950000D0268", "priorite": "moyenne"}, "geometry": {"type": "Polygon", "coordinates": [[[-0.82552, 44.40368, 49.7], [-0.82534, 44.40355, 49.7], [-0.82526, 44.40338, 49.7], [-0.82527, 44.40315, 49.7], [-0.82542, 44.40295, 49.7], [-0.82563, 44.40285, 49.7], [-0.82587, 44.40281, 49.7], [-0.82618, 44.40283, 49.7], [-0.8264, 44.40291, 49.7], [-0.82655, 44.40304, 49.7], [-0.82663, 44.40321, 49.7], [-0.82661, 44.40344, 49.7], [-0.82649, 44.4036, 49.7], [-0.8263, 44.40371, 49.7], [-0.82581, 44.40376, 49.7], [-0.82552, 44.40368, 49.7]]]}}, {"type": "Feature", "properties": {"id_obligation": "402950000D0274", "priorite": "faible"}, "geometry": {"type": "Polygon", "coordinates": [[[-0.82523, 44.40595, 48.7], [-0.82518, 44.40578, 48.7], [-0.82511, 44.40581, 48.7], [-0.82508, 44.40576, -1000.0], [-0.82521, 44.40572, -1000.0], [-0.82516, 44.40564, -1000.0], [-0.82506, 44.40567, -354.3538461538462], [-0.8252, 44.40531, -1.2692510614385615], [-0.82541, 44.40515, -1.2692510614385615], [-0.82564, 44.40509, 48.87142857142859], [-0.82606, 44.40514, 48.7], [-0.82606, 44.40521, 48.7], [-0.82612, 44.40523, 48.7], [-0.82618, 44.40518, 48.970000000000006], [-0.82641, 44.40535, 49.6], [-0.8263, 44.4054, 49.7], [-0.82638, 44.40548, 49.7], [-0.82646, 44.40544, 49.7], [-0.82648, 44.4055, 49.19090909090908], [-0.82648, 44.40565, 48.9], [-0.82639, 44.40565, 48.9], [-0.82647, 44.40568, 48.9], [-0.8264, 44.40582, 51.3], [-0.82629, 44.40582, 51.3], [-0.82626, 44.40589, 51.3], [-0.82634, 44.40591, 51.3], [-0.82619, 44.40603, 51.3], [-0.82597, 44.40611, 47.730000000000004], [-0.82572, 44.40612, 47.730000000000004], [-0.82542, 44.40605, 48.7], [-0.82523, 44.40595, 48.7]]]}}, {"type": "Feature", "properties": {"id_obligation": "402950000D0298", "priorite": "faible"}, "geometry": {"type": "Polygon", "coordinates": [[[-0.82766, 44.40625, 49.93333333333333], [-0.8274, 44.40637, 50.3], [-0.8271, 44.40638, 50.3], [-0.82679, 44.40629, 50.50000000000001], [-0.82662, 44.40617, 50.50000000000001], [-0.82652, 44.40597, 51.92], [-0.82653, 44.4058, 51.92], [-0.82665, 44.4056, 50.63791666666667], [-0.82682, 44.40547, 50.63791666666667], [-0.82704, 44.4054, 49.4], [-0.82728, 44.40539, 49.4], [-0.82758, 44.40547, 51.0], [-0.82776, 44.4056, 51.0], [-0.82786, 44.40575, 51.0], [-0.82779, 44.40611, 49.93333333333333], [-0.82766, 44.40625, 49.93333333333333]]]}}, {"type": "Feature", "properties": {"id_obligation": "402950000D0299", "priorite": "faible"}, "geometry": {"type": "Polygon", "coordinates": [[[-0.82809, 44.40654, 48.9], [-0.82782, 44.40664, 50.041525744416866], [-0.82738, 44.40662, 50.041525744416866], [-0.82711, 44.40652, 50.3], [-0.82695, 44.40633, 50.3], [-0.82691, 44.40616, 51.589999999999996], [-0.82697, 44.40594, 51.589999999999996], [-0.82716, 44.40567, 50.17500000000001], [-0.82736, 44.40556, 49.7], [-0.82759, 44.40552, 49.7], [-0.82796, 44.40556, 50.31612903225805], [-0.82817, 44.40565, 50.31612903225805], [-0.8281, 44.40577, 48.6], [-0.8282, 44.40581, 48.5], [-0.82826, 44.40572, 48.56063576323352], [-0.82837, 44.40592, 48.928000000000004], [-0.82826, 44.40635, 48.9], [-0.82809, 44.40654, 48.9]]]}}, {"type": "Feature", "properties": {"id_obligation": "402950000D0348", "priorite": "moyenne"}, "geometry": {"type": "Polygon", "coordinates": [[[-0.84144, 44.40593, 51.2922448466566], [-0.84136, 44.40605, 51.2922448466566], [-0.84118, 44.40618, 51.2922448466566], [-0.84094, 44.40624, 51.2922448466566], [-0.84061, 44.40623, 51.2922448466566], [-0.8404, 44.40616, 51.2922448466566], [-0.84023, 44.40604, 51.2922448466566], [-0.84013, 44.40584, 51.2922448466566], [-0.84015, 44.4054, 51.0], [-0.84027, 44.40519, 51.0], [-0.84028, 44.40525, 51.0], [-0.84052, 44.40524, 51.0], [-0.84052, 44.40515, 51.0], [-0.8403, 44.40517, 51.0], [-0.84045, 44.40508, 51.0], [-0.84074, 44.40501, 51.2922448466566], [-0.84115, 44.40507, 51.48888888888889], [-0.84123, 44.40511, 51.4], [-0.84118, 44.40511, 51.4], [-0.84119, 44.40516, 51.4], [-0.84124, 44.40516, 51.4], [-0.84125, 44.40521, 51.4], [-0.84138, 44.40521, 51.48888888888889], [-0.84152, 44.40546, 51.215384615384615], [-0.84144, 44.40593, 51.2922448466566]]]}}, {"type": "Feature", "properties": {"id_obligation": "402950000D0368", "priorite": "forte"}, "geometry": {"type": "Polygon", "coordinates": [[[-0.842, 44.40052, 52.222256892230575], [-0.84179, 44.4006, 52.222256892230575], [-0.84142, 44.40062, 52.5375], [-0.84142, 44.40057, 52.2], [-0.84128, 44.4006, 52.111141846233096], [-0.84113, 44.40056, 51.79999999999999], [-0.84083, 44.40037, 51.79999999999999], [-0.8407, 44.40021, 52.49333333333335], [-0.84068, 44.39993, 52.49333333333335], [-0.84077, 44.39973, 51.18571428571429], [-0.84094, 44.3996, 51.18571428571429], [-0.84122, 44.39952, 52.222256892230575], [-0.84161, 44.39952, 52.222256892230575], [-0.84196, 44.39962, 52.222256892230575], [-0.84214, 44.39974, 52.222256892230575], [-0.84224, 44.3999, 52.222256892230575], [-0.84226, 44.40013, 52.222256892230575], [-0.84218, 44.40034, 52.222256892230575], [-0.842, 44.40052, 52.222256892230575]]]}}, {"type": "Feature", "properties": {"id_obligation": "402950000D0380", "priorite": "forte"}, "geometry": {"type": "Polygon", "coordinates": [[[-0.838, 44.39679, 53.91544871794872], [-0.8377, 44.39685, 53.91544871794872], [-0.83738, 44.3968, 53.91544871794872], [-0.83694, 44.39659, 53.91544871794872], [-0.83678, 44.39647, 53.91544871794872], [-0.83668, 44.39626, 53.91544871794872], [-0.83671, 44.39609, 53.91544871794872], [-0.83683, 44.39588, 52.6125], [-0.83688, 44.39584, 52.58316980489038], [-0.83696, 44.39587, 52.7], [-0.83702, 44.3958, 52.7], [-0.83696, 44.39578, 52.7], [-0.83706, 44.39573, 52.6125], [-0.83734, 44.39569, 52.92421709503164], [-0.83752, 44.39576, 52.9], [-0.83755, 44.39571, 53.32540119350182], [-0.8377, 44.39575, 52.95384615384616], [-0.83807, 44.3959, 53.91544871794872], [-0.83825, 44.39602, 53.91544871794872], [-0.83835, 44.39618, 53.91544871794872], [-0.83836, 44.39635, 53.91544871794872], [-0.83826, 44.39659, 53.91544871794872], [-0.838, 44.39679, 53.91544871794872]]]}}, {"type": "Feature", "properties": {"id_obligation": "402950000D0392", "priorite": "forte"}, "geometry": {"type": "Polygon", "coordinates": [[[-0.83516, 44.39731, 52.7229411764706], [-0.83485, 44.39741, 52.7229411764706], [-0.83455, 44.39741, 52.7229411764706], [-0.83429, 44.39731, 52.7229411764706], [-0.83411, 44.39713, 52.7229411764706], [-0.83401, 44.39683, 52.7229411764706], [-0.83404, 44.39665, 52.7229411764706], [-0.83418, 44.39646, 52.7229411764706], [-0.83438, 44.39635, 52.7229411764706], [-0.83463, 44.3963, 52.7229411764706], [-0.83488, 44.39633, 52.7229411764706], [-0.8351, 44.39642, 52.7229411764706], [-0.83526, 44.39655, 52.7229411764706], [-0.83542, 44.39681, 52.64], [-0.83542, 44.39698, 52.64], [-0.83535, 44.39714, 52.7229411764706], [-0.83516, 44.39731, 52.7229411764706]]]}}, {"type": "Feature", "properties": {"id_obligation": "402950000D0398", "priorite": "forte"}, "geometry": {"type": "Polygon", "coordinates": [[[-0.83597, 44.39647, 53.833333333333336], [-0.83622, 44.39646, 53.833333333333336], [-0.83655, 44.39653, 53.0], [-0.83674, 44.39665, 53.0], [-0.83685, 44.39681, 53.50066666666667], [-0.83686, 44.39699, 53.50066666666667], [-0.83678, 44.39722, 53.50066666666667], [-0.83659, 44.39739, 53.50066666666667], [-0.83632, 44.39747, 53.50066666666667], [-0.83605, 44.39747, 53.50066666666667], [-0.83578, 44.39741, 53.25], [-0.83555, 44.39728, 53.25], [-0.83544, 44.39713, 53.8], [-0.83543, 44.39691, 53.8], [-0.83554, 44.3967, 53.50066666666667], [-0.83575, 44.39656, 53.50066666666667], [-0.83597, 44.39647, 53.833333333333336]]]}}, {"type": "Feature", "properties": {"id_obligation": "402950000D0399", "priorite": "forte"}, "geometry": {"type": "Polygon", "coordinates": [[[-0.83666, 44.39801, 51.580000000000005], [-0.83647, 44.39822, 51.580000000000005], [-0.83613, 44.39834, 53.43740740740741], [-0.83583, 44.39831, 53.43740740740741], [-0.83555, 44.39819, 55.1], [-0.83547, 44.39813, 55.1], [-0.83556, 44.39807, 55.1], [-0.83542, 44.39801, 55.1], [-0.8354, 44.39804, 55.1], [-0.83538, 44.398, 55.1], [-0.83527, 44.39763, 54.29999999999999], [-0.83532, 44.39736, 53.7111111111111], [-0.83538, 44.39728, 53.0], [-0.8354, 44.39732, 53.0], [-0.8355, 44.3973, 53.0], [-0.83548, 44.3972, 53.0], [-0.83565, 44.39712, 53.7111111111111], [-0.83599, 44.39706, 53.5], [-0.83623, 44.39709, 53.43740740740741], [-0.83644, 44.39719, 53.43740740740741], [-0.83658, 44.39734, 53.43740740740741], [-0.83668, 44.39775, 53.43740740740741], [-0.83666, 44.39801, 51.580000000000005]]]}}, {"type": "Feature", "properties": {"id_obligation": "402950000D0407", "priorite": "forte"}, "geometry": {"type": "Polygon", "coordinates": [[[-0.83701, 44.39925, -368.6211111111111], [-0.83704, 44.39908, 52.95000000000001], [-0.83721, 44.3989, 52.95000000000001], [-0.83745, 44.39879, 53.54444444444445], [-0.83769, 44.39876, 53.54444444444445], [-0.83794, 44.39881, -368.6211111111111], [-0.83814, 44.39892, -368.6211111111111], [-0.83831, 44.39909, -368.6211111111111], [-0.83836, 44.39927, -368.6211111111111], [-0.83831, 44.39944, -368.6211111111111], [-0.83805, 44.39966, -1000.0], [-0.838, 44.39969, -1000.0], [-0.83791, 44.39962, -1000.0], [-0.83785, 44.39966, -1000.0], [-0.83791, 44.39971, -1000.0], [-0.83748, 44.39971, -368.6211111111111], [-0.83727, 44.39961, -368.6211111111111], [-0.83709, 44.39946, -368.6211111111111], [-0.83701, 44.39925, -368.6211111111111]]]}}, {"type": "Feature", "properties": {"id_obligation": "402950000D0436", "priorite": "moyenne"}, "geometry": {"type": "Polygon", "coordinates": [[[-0.83115, 44.39861, 54.2], [-0.8312, 44.39886, -6.092272727272725], [-0.83107, 44.39909, -6.092272727272725], [-0.83076, 44.39924, -6.092272727272725], [-0.83052, 44.39926, 52.64000000000001], [-0.83044, 44.39925, 52.2], [-0.83045, 44.39922, 52.2], [-0.8304, 44.39925, 52.2], [-0.83014, 44.39919, 52.64000000000001], [-0.82996, 44.39909, 54.3], [-0.83004, 44.39911, 54.3], [-0.83008, 44.39902, 54.3], [-0.82996, 44.39899, 54.3], [-0.82993, 44.39908, 54.3], [-0.8298, 44.39904, 54.3], [-0.82961, 44.39894, 54.3], [-0.82949, 44.39879, -6.092272727272725], [-0.82946, 44.39858, -6.092272727272725], [-0.82956, 44.39836, -6.092272727272725], [-0.8297, 44.39822, -6.092272727272725], [-0.8299, 44.39813, -6.092272727272725], [-0.8302, 44.3981, -6.092272727272725], [-0.8305, 44.39816, -6.092272727272725], [-0.83069, 44.39824, -6.092272727272725], [-0.83115, 44.39861, 54.2]]]}}, {"type": "Feature", "properties": {"id_obligation": "402950000D0437", "priorite": "moyenne"}, "geometry": {"type": "Polygon", "coordinates": [[[-0.83016, 44.39821, -77.82470238095243], [-0.83037, 44.39812, -77.82470238095243], [-0.83067, 44.39811, -77.82470238095243], [-0.83097, 44.39818, -77.82470238095243], [-0.83118, 44.39835, -77.82470238095243], [-0.83125, 44.39852, -77.82470238095243], [-0.83119, 44.39879, -77.82470238095243], [-0.83109, 44.39895, -77.82470238095243], [-0.83092, 44.39907, -77.82470238095243], [-0.83069, 44.39913, -210.47500000000014], [-0.83048, 44.39913, 52.7], [-0.8305, 44.39909, 52.7], [-0.83042, 44.39908, 52.7], [-0.83044, 44.39913, 52.7], [-0.83039, 44.39912, -210.47500000000014], [-0.83016, 44.39905, -77.82470238095243], [-0.82999, 44.39892, -77.82470238095243], [-0.8299, 44.39876, 55.15714285714285], [-0.82998, 44.39838, -77.82470238095243], [-0.83016, 44.39821, -77.82470238095243]]]}}, {"type": "Feature", "properties": {"id_obligation": "402950000D0440", "priorite": "moyenne"}, "geometry": {"type": "Polygon", "coordinates": [[[-0.82996, 44.39947, 15.52508361204014], [-0.82981, 44.39928, 54.3], [-0.82977, 44.39911, 54.3], [-0.82984, 44.3989, 55.2], [-0.82998, 44.39875, 55.2], [-0.83018, 44.39866, 55.128790133264665], [-0.83045, 44.39863, -175.19565217391303], [-0.83053, 44.39863, 54.1], [-0.83052, 44.39868, 54.1], [-0.83071, 44.39867, 54.1], [-0.83092, 44.39876, 54.1], [-0.83109, 44.39893, 15.52508361204014], [-0.83112, 44.39915, 15.52508361204014], [-0.83103, 44.39936, 15.52508361204014], [-0.8309, 44.3995, 15.52508361204014], [-0.8307, 44.3996, 52.20000000000001], [-0.83047, 44.39963, 52.20000000000001], [-0.83021, 44.3996, 15.52508361204014], [-0.82996, 44.39947, 15.52508361204014]]]}}, {"type": "Feature", "properties": {"id_obligation": "402950000D0442", "priorite": "moyenne"}, "geometry": {"type": "Polygon", "coordinates": [[[-0.83044, 44.39945, 52.199999999999996], [-0.83017, 44.39955, -16.61733333333334], [-0.82992, 44.39955, -16.61733333333334], [-0.82958, 44.39946, -16.61733333333334], [-0.82941, 44.39934, -16.61733333333334], [-0.8293, 44.39914, -16.61733333333334], [-0.82932, 44.39896, -16.61733333333334], [-0.82944, 44.39875, -16.61733333333334], [-0.82966, 44.3986, -16.61733333333334], [-0.8299, 44.39854, 55.2], [-0.83013, 44.39856, 55.2], [-0.83009, 44.39864, 55.2], [-0.83025, 44.39868, 55.1], [-0.83029, 44.39859, 55.1], [-0.83043, 44.39864, -297.4866666666667], [-0.8306, 44.39877, -297.4866666666667], [-0.83069, 44.39893, 52.699999999999996], [-0.83062, 44.39928, 52.199999999999996], [-0.83044, 44.39945, 52.199999999999996]]]}}, {"type": "Feature", "properties": {"id_obligation": "402950000D0454", "priorite": "moyenne"}, "geometry": {"type": "Polygon", "coordinates": [[[-0.82957, 44.39593, 53.84063492063492], [-0.82933, 44.39591, 53.84063492063492], [-0.82912, 44.39581, 53.84063492063492], [-0.82892, 44.39563, 53.84063492063492], [-0.82886, 44.39546, 54.7], [-0.82892, 44.39525, 52.85], [-0.82906, 44.39511, 52.85], [-0.8293, 44.39498, 53.28666666666667], [-0.82955, 44.39494, 53.28666666666667], [-0.82979, 44.39497, 54.25], [-0.83001, 44.39507, 54.25], [-0.8302, 44.39526, 55.0], [-0.83025, 44.39543, 55.0], [-0.83021, 44.3956, 53.84063492063492], [-0.83008, 44.39575, 53.84063492063492], [-0.82986, 44.39587, 53.84063492063492], [-0.82957, 44.39593, 53.84063492063492]]]}}, {"type": "Feature", "properties": {"id_obligation": "402950000D0455", "priorite": "moyenne"}, "geometry": {"type": "Polygon", "coordinates": [[[-0.82977, 44.39586, 53.744104914693146], [-0.82946, 44.39584, 53.744104914693146], [-0.82924, 44.39574, 53.744104914693146], [-0.82904, 44.39554, 53.45454545454545], [-0.82899, 44.39537, 53.45454545454545], [-0.82903, 44.3952, 54.5], [-0.82916, 44.39505, 54.5], [-0.82943, 44.39491, 53.15714285714285], [-0.82967, 44.39488, 53.15714285714285], [-0.82991, 44.39491, 54.0], [-0.83018, 44.39505, 54.0], [-0.83033, 44.3952, 54.0], [-0.83037, 44.39538, 54.0], [-0.83032, 44.39555, 53.744104914693146], [-0.83, 44.3958, 53.744104914693146], [-0.82977, 44.39586, 53.744104914693146]]]}}, {"type": "Feature", "properties": {"id_obligation": "402950000D0456", "priorite": "moyenne"}, "geometry": {"type": "Polygon", "coordinates": [[[-0.83053, 44.3952, 53.35], [-0.83049, 44.39541, 53.329801151229724], [-0.83037, 44.39556, 53.329801151229724], [-0.83006, 44.39574, 53.329801151229724], [-0.82983, 44.39578, 53.329801151229724], [-0.82953, 44.39574, 51.5], [-0.82933, 44.39564, 51.5], [-0.82913, 44.39546, 51.5], [-0.82907, 44.39524, 53.60476190476191], [-0.82913, 44.39507, 54.5], [-0.82927, 44.39493, 54.5], [-0.82954, 44.39478, 54.5], [-0.82978, 44.39474, 54.5], [-0.83002, 44.39476, 54.5], [-0.83021, 44.39483, 52.2], [-0.83021, 44.39491, 52.2], [-0.83029, 44.39489, 52.2], [-0.83041, 44.39498, 52.2], [-0.83053, 44.3952, 53.35]]]}}, {"type": "Feature", "properties": {"id_obligation": "402950000D0461", "priorite": "moyenne"}, "geometry": {"type": "MultiPolygon", "coordinates": [[[[-0.83211, 44.39542, 52.53333333333333], [-0.83209, 44.39547, 52.6], [-0.832, 44.39542, 52.6], [-0.83193, 44.39549, 52.6], [-0.83204, 44.39555, 52.6], [-0.83192, 44.39567, 52.6], [-0.83172, 44.39577, 52.6], [-0.83142, 44.3958, 52.237500000000004], [-0.83111, 44.39574, 52.5], [-0.83104, 44.39571, 52.5], [-0.83105, 44.39567, 52.5], [-0.8309, 44.39564, 52.5], [-0.83077, 44.39549, 52.5], [-0.83072, 44.39524, 52.5], [-0.8308, 44.39525, 52.5], [-0.83088, 44.39512, 52.5], [-0.83078, 44.39505, 52.2], [-0.8308, 44.39502, 52.29999999999999], [-0.83094, 44.39487, 52.29999999999999], [-0.83116, 44.39477, 52.2], [-0.83145, 44.39474, 52.2], [-0.83175, 44.39481, 52.26666666666667], [-0.83195, 44.39492, 52.26666666666667], [-0.83209, 44.39511, 52.53333333333333], [-0.83211, 44.39542, 52.53333333333333]]]]}}, {"type": "Feature", "properties": {"id_obligation": "402950000D0473", "priorite": "moyenne"}, "geometry": {"type": "Polygon", "coordinates": [[[-0.8317, 44.39459, 52.6], [-0.83163, 44.39461, 52.7], [-0.83169, 44.39465, 52.6], [-0.83162, 44.39474, 52.6], [-0.83171, 44.39476, 52.399214731529355], [-0.83167, 44.39489, 52.3], [-0.83158, 44.39493, 52.2], [-0.83161, 44.39495, 52.2], [-0.83144, 44.39509, 52.25714285714286], [-0.83098, 44.39528, 52.690909090909095], [-0.83075, 44.3953, 52.690909090909095], [-0.83051, 44.39526, 52.1875], [-0.83022, 44.3951, 52.1875], [-0.83009, 44.39495, 52.1875], [-0.83007, 44.39469, -649.2666666666664], [-0.83012, 44.39459, -1000.0], [-0.83023, 44.39462, -1000.0], [-0.83027, 44.39454, -1000.0], [-0.83018, 44.39452, -1000.0], [-0.83033, 44.3943, -1000.0], [-0.83047, 44.39416, -1000.0], [-0.83075, 44.39403, 52.57142857142857], [-0.83113, 44.39402, 52.7], [-0.83107, 44.39414, 52.4], [-0.83114, 44.39417, 52.4], [-0.83122, 44.39405, 52.7], [-0.83134, 44.3941, 52.260000000000005], [-0.83153, 44.39426, 52.260000000000005], [-0.8317, 44.39459, 52.6]]]}}, {"type": "Feature", "properties": {"id_obligation": "402950000D0474", "priorite": "moyenne"}, "geometry": {"type": "MultiPolygon", "coordinates": [[[[-0.83071, 44.39429, 51.58333333333334], [-0.83101, 44.39424, 51.58333333333334], [-0.83125, 44.39428, 50.5], [-0.83153, 44.39443, 50.5], [-0.83165, 44.39458, 52.58750000000001], [-0.83168, 44.39466, 52.6], [-0.83162, 44.39474, 52.6], [-0.83168, 44.3948, 52.58750000000001], [-0.8316, 44.39496, 52.25], [-0.83143, 44.39512, 52.25], [-0.83117, 44.39523, 52.387499999999996], [-0.83093, 44.39524, 52.387499999999996], [-0.83081, 44.39522, 52.5], [-0.83088, 44.39512, 52.5], [-0.83078, 44.39505, 52.2], [-0.83071, 44.39519, 52.5], [-0.83048, 44.39507, 52.271428571428565], [-0.83032, 44.39488, 52.2], [-0.83042, 44.39485, 52.2], [-0.83038, 44.39478, 52.2], [-0.8303, 44.39481, 52.2], [-0.8303, 44.39474, 52.56666666666666], [-0.83038, 44.39452, -1000.0], [-0.83046, 44.39458, -1000.0], [-0.8306, 44.39445, -1000.0], [-0.83051, 44.39439, -1000.0], [-0.83071, 44.39429, 51.58333333333334]]]]}}, {"type": "Feature", "properties": {"id_obligation": "402950000D0479", "priorite": "moyenne"}, "geometry": {"type": "Polygon", "coordinates": [[[-0.83083, 44.39474, 55.5], [-0.83078, 44.39471, 55.5], [-0.83068, 44.39479, 55.5], [-0.83077, 44.39485, 55.5], [-0.83068, 44.39493, 55.5], [-0.83048, 44.39503, 55.5], [-0.83024, 44.39507, -64.71111111111107], [-0.83, 44.39504, -64.71111111111107], [-0.82963, 44.39491, -390.6822222222222], [-0.82947, 44.39478, -390.6822222222222], [-0.8294, 44.39461, -390.6822222222222], [-0.82942, 44.39443, -390.6822222222222], [-0.82969, 44.39395, -390.6822222222222], [-0.82993, 44.39381, 55.8], [-0.82989, 44.39389, 55.8], [-0.8301, 44.39395, 55.8], [-0.8302, 44.39377, 55.8], [-0.83063, 44.39386, -390.6822222222222], [-0.83085, 44.39401, -390.6822222222222], [-0.83095, 44.39421, -1000.0], [-0.83083, 44.39474, 55.5]]]}}, {"type": "Feature", "properties": {"id_obligation": "402950000D0480", "priorite": "moyenne"}, "geometry": {"type": "Polygon", "coordinates": [[[-0.83066, 44.39501, 53.29999999999999], [-0.83036, 44.39502, 53.29999999999999], [-0.83009, 44.39494, 52.2], [-0.82984, 44.39476, 52.2], [-0.82975, 44.39455, -1000.0], [-0.82978, 44.39438, -1000.0], [-0.83, 44.39412, -1000.0], [-0.83018, 44.39401, -1000.0], [-0.8304, 44.39395, -1000.0], [-0.8307, 44.39396, -1000.0], [-0.83113, 44.39421, -473.62166666666667], [-0.83122, 44.39436, 50.5], [-0.83122, 44.39454, 51.366666666666674], [-0.83113, 44.3947, 54.15999999999999], [-0.83091, 44.39489, 54.15999999999999], [-0.83066, 44.39501, 53.29999999999999]]]}}, {"type": "Feature", "properties": {"id_obligation": "402950000D0481", "priorite": "moyenne"}, "geometry": {"type": "Polygon", "coordinates": [[[-0.8318, 44.39431, -52.039999999999985], [-0.83169, 44.39436, 53.4], [-0.83172, 44.39438, 53.2], [-0.83157, 44.39449, -52.039999999999985], [-0.83118, 44.39462, 51.36], [-0.83094, 44.39459, 51.379999999999995], [-0.83066, 44.39449, 51.379999999999995], [-0.83051, 44.39435, 51.379999999999995], [-0.83044, 44.39418, 54.6], [-0.83062, 44.3937, 54.26666666666668], [-0.83085, 44.39355, 54.26666666666668], [-0.83114, 44.39348, 54.1], [-0.83146, 44.39351, -91.72619047619047], [-0.83178, 44.39364, -91.72619047619047], [-0.83193, 44.39384, -1000.0], [-0.83193, 44.39411, -1000.0], [-0.8318, 44.39431, -52.039999999999985]]]}}, {"type": "Feature", "properties": {"id_obligation": "402950000D0484", "priorite": "moyenne"}, "geometry": {"type": "Polygon", "coordinates": [[[-0.83201, 44.39211, 54.0], [-0.83221, 44.39232, 54.7], [-0.83224, 44.39253, 54.7], [-0.83215, 44.39274, 54.07], [-0.83191, 44.39294, 54.07], [-0.83161, 44.393, 55.9], [-0.83177, 44.3928, 55.9], [-0.83155, 44.39271, 55.9], [-0.83136, 44.39298, 53.6], [-0.83123, 44.39295, 54.07], [-0.83093, 44.39279, 54.07], [-0.8308, 44.39265, 54.07], [-0.83076, 44.39243, 54.07], [-0.83085, 44.39222, 54.07], [-0.83099, 44.39208, 54.07], [-0.83124, 44.39197, 54.07], [-0.83148, 44.39195, 54.07], [-0.83178, 44.39201, 54.0], [-0.83201, 44.39211, 54.0]]]}}, {"type": "Feature", "properties": {"id_obligation": "402950000D0485", "priorite": "moyenne"}, "geometry": {"type": "Polygon", "coordinates": [[[-0.83257, 44.39239, 55.5], [-0.8325, 44.39237, 55.5], [-0.83243, 44.39252, 55.5], [-0.83255, 44.39254, 55.5], [-0.83261, 44.39248, 55.5], [-0.83263, 44.39258, 55.5], [-0.83251, 44.39286, 54.09720238095239], [-0.83229, 44.39302, 54.09720238095239], [-0.83199, 44.39308, 55.9], [-0.83168, 44.39305, 55.9], [-0.8316, 44.39302, 55.9], [-0.83177, 44.3928, 55.9], [-0.83155, 44.39271, 55.9], [-0.83141, 44.39291, 54.54144148334125], [-0.83117, 44.39281, 54.1], [-0.83101, 44.39269, 52.96666666666667], [-0.83091, 44.39248, 52.96666666666667], [-0.83093, 44.39231, 52.96666666666667], [-0.83104, 44.39211, 54.09720238095239], [-0.83125, 44.39196, 54.09720238095239], [-0.83153, 44.3919, 53.1], [-0.83177, 44.39192, 53.1], [-0.83203, 44.392, 53.1], [-0.83197, 44.39207, 53.1], [-0.83213, 44.39207, 53.1], [-0.83257, 44.39239, 55.5]]]}}, {"type": "Feature", "properties": {"id_obligation": "402950000D0486", "priorite": "moyenne"}, "geometry": {"type": "Polygon", "coordinates": [[[-0.83127, 44.39257, 53.06428571428571], [-0.83118, 44.39241, 53.06428571428571], [-0.83119, 44.39223, 54.28494897959183], [-0.83131, 44.39201, 54.28494897959183], [-0.83149, 44.39189, 54.28494897959183], [-0.83172, 44.39183, 53.100000000000016], [-0.83205, 44.39185, 53.1], [-0.83208, 44.39189, 53.1], [-0.83197, 44.39207, 53.1], [-0.83208, 44.39209, 53.1], [-0.83218, 44.39201, 53.0], [-0.83221, 44.39189, 53.1], [-0.8323, 44.39193, 53.087500000000006], [-0.83246, 44.39207, 53.087500000000006], [-0.83254, 44.39224, 55.5], [-0.83243, 44.39259, 55.5], [-0.83226, 44.39272, 54.28494897959183], [-0.83203, 44.39279, 55.11428571428571], [-0.83178, 44.39279, 55.11428571428571], [-0.8315, 44.39273, 55.9], [-0.83127, 44.39257, 53.06428571428571]]]}}, {"type": "Feature", "properties": {"id_obligation": "402950000D0487", "priorite": "moyenne"}, "geometry": {"type": "Polygon", "coordinates": [[[-0.83275, 44.39297, 54.54132832080201], [-0.83243, 44.39299, 54.54132832080201], [-0.83214, 44.39292, 54.8], [-0.83191, 44.39277, 54.8], [-0.83182, 44.3926, 54.228571428571435], [-0.83182, 44.39243, 54.228571428571435], [-0.83186, 44.39234, 54.0], [-0.83191, 44.39235, 54.0], [-0.83188, 44.39229, 54.0], [-0.83195, 44.39215, 53.09473684210528], [-0.83202, 44.39208, 53.1], [-0.83212, 44.39208, 53.1], [-0.8322, 44.39198, 53.04844046052288], [-0.83244, 44.39192, 54.54132832080201], [-0.83268, 44.39194, 54.54132832080201], [-0.83299, 44.39203, 54.54132832080201], [-0.8332, 44.39219, 55.08333333333334], [-0.83327, 44.39235, 55.08333333333334], [-0.83325, 44.39253, 55.08333333333334], [-0.83313, 44.39275, 54.54132832080201], [-0.83296, 44.39288, 54.54132832080201], [-0.83275, 44.39297, 54.54132832080201]]]}}, {"type": "Feature", "properties": {"id_obligation": "402950000D0488", "priorite": "moyenne"}, "geometry": {"type": "Polygon", "coordinates": [[[-0.8335, 44.39211, 55.29166666666667], [-0.83364, 44.3923, 55.29166666666667], [-0.83363, 44.39252, 55.29166666666667], [-0.83351, 44.39273, 55.29166666666667], [-0.83328, 44.39287, 55.29166666666667], [-0.83304, 44.39291, 55.29166666666667], [-0.83263, 44.39285, 55.29166666666667], [-0.83241, 44.39277, 55.29166666666667], [-0.83226, 44.39264, 55.29166666666667], [-0.83218, 44.39243, 55.5], [-0.83223, 44.39222, 55.29166666666667], [-0.83235, 44.39206, 55.29166666666667], [-0.83254, 44.39195, 55.29166666666667], [-0.83277, 44.39189, 55.29166666666667], [-0.83305, 44.39191, 55.29166666666667], [-0.8335, 44.39211, 55.29166666666667]]]}}, {"type": "Feature", "properties": {"id_obligation": "402950000D0491", "priorite": "moyenne"}, "geometry": {"type": "Polygon", "coordinates": [[[-0.83321, 44.39273, 57.55], [-0.83337, 44.39293, 59.8], [-0.83338, 44.39315, 59.8], [-0.83326, 44.39338, 57.55], [-0.8331, 44.39352, 57.55], [-0.83282, 44.39361, 57.55], [-0.83258, 44.3936, 57.55], [-0.83228, 44.39353, 57.55], [-0.83209, 44.39341, 57.55], [-0.83197, 44.39321, 57.55], [-0.83197, 44.39304, 57.55], [-0.83209, 44.3928, 57.55], [-0.83225, 44.39267, 57.55], [-0.83246, 44.39259, 57.55], [-0.8327, 44.39258, 57.55], [-0.833, 44.39263, 57.55], [-0.83321, 44.39273, 57.55]]]}}, {"type": "Feature", "properties": {"id_obligation": "402950000D0493", "priorite": "moyenne"}, "geometry": {"type": "Polygon", "coordinates": [[[-0.83497, 44.39276, 54.55925925925926], [-0.83494, 44.39294, 54.55925925925926], [-0.83482, 44.39309, 54.55925925925926], [-0.83463, 44.3932, 54.55925925925926], [-0.83439, 44.39325, 54.55925925925926], [-0.83407, 44.39325, 54.55925925925926], [-0.83385, 44.39318, 54.55925925925926], [-0.83365, 44.39301, 54.55925925925926], [-0.83358, 44.39281, 54.55925925925926], [-0.83363, 44.39257, 54.55925925925926], [-0.83376, 44.39242, 54.55925925925926], [-0.83396, 44.39231, 54.55925925925926], [-0.83426, 44.39227, 55.17777777777778], [-0.83451, 44.39229, 55.4], [-0.83472, 44.39239, 55.4], [-0.83489, 44.39255, 54.55925925925926], [-0.83497, 44.39276, 54.55925925925926]]]}}, {"type": "Feature", "properties": {"id_obligation": "402950000D0494", "priorite": "moyenne"}, "geometry": {"type": "Polygon", "coordinates": [[[-0.83474, 44.39198, -108.30769230769225], [-0.83477, 44.39215, -108.30769230769225], [-0.8347, 44.39235, 55.15], [-0.8345, 44.39251, 55.15], [-0.83422, 44.3926, -249.21442307692305], [-0.83397, 44.39261, -249.21442307692305], [-0.83367, 44.39254, -249.21442307692305], [-0.83349, 44.39241, -249.21442307692305], [-0.83338, 44.39225, -249.21442307692305], [-0.83338, 44.39207, -249.21442307692305], [-0.83347, 44.39186, -249.21442307692305], [-0.83368, 44.3917, -249.21442307692305], [-0.8339, 44.39163, -249.21442307692305], [-0.83415, 44.39163, -249.21442307692305], [-0.83442, 44.3917, -1000.0], [-0.83461, 44.39182, -1000.0], [-0.83474, 44.39198, -108.30769230769225]]]}}, {"type": "Feature", "properties": {"id_obligation": "402950000D0495", "priorite": "forte"}, "geometry": {"type": "Polygon", "coordinates": [[[-0.83379, 44.39212, 56.42], [-0.83388, 44.39196, 56.42], [-0.83405, 44.39183, 56.42], [-0.83427, 44.39176, -433.04615384615397], [-0.83451, 44.39176, -433.04615384615397], [-0.83484, 44.39183, -26.487136752136763], [-0.83506, 44.39197, -26.487136752136763], [-0.83514, 44.39213, -26.487136752136763], [-0.83504, 44.39265, -26.487136752136763], [-0.83489, 44.39279, -26.487136752136763], [-0.83462, 44.39289, 53.300000000000004], [-0.83426, 44.39289, 52.75], [-0.83398, 44.39278, 52.75], [-0.83382, 44.39259, 52.75], [-0.83379, 44.39212, 56.42]]]}}, {"type": "Feature", "properties": {"id_obligation": "402950000D0507", "priorite": "très forte"}, "geometry": {"type": "Polygon", "coordinates": [[[-0.83692, 44.39084, 53.42], [-0.83715, 44.39099, 53.42], [-0.83725, 44.39115, 53.42], [-0.83725, 44.39143, 53.42], [-0.83716, 44.39159, 53.42], [-0.83699, 44.39172, 53.42], [-0.83676, 44.39179, 53.42], [-0.83645, 44.39179, 53.42], [-0.83622, 44.39172, 53.42], [-0.83602, 44.39156, 53.42], [-0.83594, 44.3914, 53.42], [-0.83595, 44.39117, 53.42], [-0.83604, 44.391, 53.42], [-0.8362, 44.39088, 53.42], [-0.83643, 44.39081, 53.42], [-0.83668, 44.3908, 53.42], [-0.83692, 44.39084, 53.42]]]}}, {"type": "Feature", "properties": {"id_obligation": "402950000D0512", "priorite": "très forte"}, "geometry": {"type": "Polygon", "coordinates": [[[-0.8368, 44.39253, 54.774999999999984], [-0.83676, 44.39278, 54.774999999999984], [-0.83663, 44.39294, 54.774999999999984], [-0.83642, 44.39306, 54.774999999999984], [-0.83618, 44.39311, 54.774999999999984], [-0.83587, 44.39309, 54.774999999999984], [-0.83566, 44.39301, 54.774999999999984], [-0.8355, 44.39289, 54.774999999999984], [-0.83534, 44.39257, 54.774999999999984], [-0.83533, 44.3924, 54.774999999999984], [-0.83544, 44.39216, 54.774999999999984], [-0.83566, 44.392, 54.774999999999984], [-0.83596, 44.39195, 54.774999999999984], [-0.83637, 44.39201, 54.774999999999984], [-0.8366, 44.39216, 54.774999999999984], [-0.8368, 44.39253, 54.774999999999984]]]}}, {"type": "Feature", "properties": {"id_obligation": "402950000D0525", "priorite": "faible"}, "geometry": {"type": "Polygon", "coordinates": [[[-0.82515, 44.40646, 52.17333333333332], [-0.82547, 44.4064, 52.06666666666668], [-0.82572, 44.40642, 51.25555555555556], [-0.82599, 44.40654, 51.25555555555556], [-0.82614, 44.40674, 51.25555555555556], [-0.82622, 44.40708, 50.292], [-0.82619, 44.40726, 50.292], [-0.82603, 44.40745, 51.07057356532356], [-0.82581, 44.40754, 51.07057356532356], [-0.82543, 44.40761, 52.33846153846154], [-0.8253, 44.40743, 52.4], [-0.82514, 44.40742, 51.0], [-0.82515, 44.40755, 51.0], [-0.82495, 44.40743, 51.0], [-0.8248, 44.40725, 49.06], [-0.82473, 44.40688, 52.013772531870146], [-0.82549, 44.40664, 52.3], [-0.82547, 44.40658, 52.3], [-0.82474, 44.4068, 52.0], [-0.8249, 44.40659, 52.17333333333332], [-0.82515, 44.40646, 52.17333333333332]]]}}, {"type": "Feature", "properties": {"id_obligation": "402950000D0526", "priorite": "faible"}, "geometry": {"type": "Polygon", "coordinates": [[[-0.82739, 44.40319, 54.8], [-0.82759, 44.40329, 54.8], [-0.82773, 44.40343, 54.8], [-0.82778, 44.40361, 53.199999999999996], [-0.8277, 44.40385, 53.199999999999996], [-0.82759, 44.40401, 53.199999999999996], [-0.82739, 44.40412, 53.199999999999996], [-0.82709, 44.40418, 53.199999999999996], [-0.82677, 44.40412, 53.199999999999996], [-0.82641, 44.40396, 53.199999999999996], [-0.82624, 44.40378, 53.199999999999996], [-0.82621, 44.4036, 53.199999999999996], [-0.8263, 44.40337, 53.199999999999996], [-0.82649, 44.40321, 53.199999999999996], [-0.82678, 44.40313, 54.8], [-0.82739, 44.40319, 54.8]]]}}, {"type": "Feature", "properties": {"id_obligation": "402950000D0527", "priorite": "faible"}, "geometry": {"type": "Polygon", "coordinates": [[[-0.82701, 44.40281, 51.2], [-0.82715, 44.40284, 51.2], [-0.8272, 44.40278, 51.2], [-0.82753, 44.40282, 51.46933333333334], [-0.82774, 44.40292, 51.46933333333334], [-0.82789, 44.40306, 51.08], [-0.82787, 44.40324, 51.0], [-0.82794, 44.40328, 51.08], [-0.82786, 44.40352, 51.46933333333334], [-0.82773, 44.40366, 51.46933333333334], [-0.82753, 44.40376, 50.8], [-0.82724, 44.4038, 50.8], [-0.82692, 44.40375, 49.46666666666667], [-0.82671, 44.40366, 49.46666666666667], [-0.82657, 44.40352, 49.46666666666667], [-0.8265, 44.40335, 51.46933333333334], [-0.82656, 44.40312, 51.46933333333334], [-0.82668, 44.40297, 51.46933333333334], [-0.82701, 44.40281, 51.2]]]}}, {"type": "Feature", "properties": {"id_obligation": "402950000D0530", "priorite": "faible"}, "geometry": {"type": "Polygon", "coordinates": [[[-0.82683, 44.40202, 53.28666666666667], [-0.82718, 44.40194, 53.1], [-0.82762, 44.40203, 53.28666666666667], [-0.82787, 44.40221, 53.28666666666667], [-0.82795, 44.40246, 53.28666666666667], [-0.82779, 44.40289, 53.28666666666667], [-0.82767, 44.40309, 53.28666666666667], [-0.82745, 44.40324, 54.800000000000004], [-0.8273, 44.40328, 54.8], [-0.82731, 44.40324, 54.8], [-0.82723, 44.40323, 54.8], [-0.82714, 44.40329, 54.8], [-0.82683, 44.40324, 53.28666666666667], [-0.82661, 44.40316, 53.28666666666667], [-0.82646, 44.40303, 53.28666666666667], [-0.82638, 44.40277, 53.28666666666667], [-0.82663, 44.40218, 53.28666666666667], [-0.82683, 44.40202, 53.28666666666667]]]}}, {"type": "Feature", "properties": {"id_obligation": "402950000D0537", "priorite": "faible"}, "geometry": {"type": "MultiPolygon", "coordinates": [[[[-0.82574, 44.40828, 52.2], [-0.82581, 44.4083, 52.2], [-0.82584, 44.40842, 52.199999999999996], [-0.82579, 44.40869, 51.78888888888889], [-0.82567, 44.40883, 52.1], [-0.8257, 44.40874, 50.8], [-0.82552, 44.40874, 52.1], [-0.82549, 44.40882, 52.1], [-0.82564, 44.40885, 52.1], [-0.82534, 44.40896, 49.79414682539682], [-0.82499, 44.40896, 49.79414682539682], [-0.82471, 44.40887, 47.89999999999999], [-0.82455, 44.40874, 47.9], [-0.82461, 44.40862, 47.9], [-0.82453, 44.4086, 47.9], [-0.82448, 44.40866, 47.9], [-0.82433, 44.40845, 48.290000000000006], [-0.82431, 44.40834, 48.0], [-0.82435, 44.40835, 48.0], [-0.82438, 44.40827, 48.0], [-0.82432, 44.40826, 48.0], [-0.82438, 44.40812, 48.531250000000014], [-0.82441, 44.40808, 49.5], [-0.82454, 44.4081, 49.5], [-0.82456, 44.40803, 49.5], [-0.82447, 44.40802, 49.5], [-0.82474, 44.40788, 49.1], [-0.82474, 44.40804, 49.1], [-0.82478, 44.40805, 49.1], [-0.82485, 44.40804, 49.1], [-0.82483, 44.40795, 49.1], [-0.82504, 44.40791, 49.1], [-0.82504, 44.40785, 49.1], [-0.82527, 44.40788, 49.27666666666665], [-0.82562, 44.40807, 49.79414682539682], [-0.82576, 44.40821, 52.199999999999996], [-0.82574, 44.40828, 52.2]]]]}}, {"type": "Feature", "properties": {"id_obligation": "402950000D0538", "priorite": "faible"}, "geometry": {"type": "Polygon", "coordinates": [[[-0.82512, 44.40855, -160.93755555555555], [-0.82528, 44.40874, -160.93755555555555], [-0.82531, 44.40892, -160.93755555555555], [-0.82522, 44.40914, -160.93755555555555], [-0.82508, 44.40929, -160.93755555555555], [-0.82488, 44.40938, -160.93755555555555], [-0.82464, 44.40942, -160.93755555555555], [-0.82435, 44.40937, -1000.0], [-0.82399, 44.40919, -1000.0], [-0.82417, 44.40922, -1000.0], [-0.8242, 44.40913, -1000.0], [-0.82395, 44.40908, -1000.0], [-0.82394, 44.40913, -1000.0], [-0.82389, 44.40906, 49.8], [-0.82385, 44.40889, 49.8], [-0.82392, 44.40866, 49.75], [-0.82406, 44.40851, 49.75], [-0.82433, 44.40841, 48.28888888888888], [-0.82451, 44.40839, 48.6], [-0.82452, 44.40843, 48.6], [-0.82467, 44.40841, 48.6], [-0.82512, 44.40855, -160.93755555555555]]]}}, {"type": "Feature", "properties": {"id_obligation": "402950000D0540", "priorite": "faible"}, "geometry": {"type": "Polygon", "coordinates": [[[-0.82816, 44.40209, 50.324765512265515], [-0.82839, 44.40202, 50.56363636363637], [-0.82869, 44.40203, 50.56363636363637], [-0.82898, 44.40212, 50.0], [-0.82915, 44.40225, 50.0], [-0.82923, 44.40246, 50.24166666666667], [-0.82922, 44.40256, 50.2], [-0.82907, 44.40256, 50.2], [-0.82907, 44.40263, 50.2], [-0.82919, 44.40264, 50.2], [-0.82905, 44.40287, 49.262499999999996], [-0.82885, 44.40299, 49.9], [-0.82875, 44.40292, 49.9], [-0.82863, 44.40304, 49.89999999999999], [-0.82838, 44.40303, 49.89999999999999], [-0.82809, 44.40293, 50.324765512265515], [-0.82793, 44.4028, 50.324765512265515], [-0.82786, 44.40264, 51.9], [-0.82797, 44.40226, 50.324765512265515], [-0.82816, 44.40209, 50.324765512265515]]]}}, {"type": "Feature", "properties": {"id_obligation": "402950000D0543", "priorite": "faible"}, "geometry": {"type": "Polygon", "coordinates": [[[-0.82522, 44.40864, 49.507665836000506], [-0.82501, 44.4088, 49.507665836000506], [-0.82478, 44.40886, 49.507665836000506], [-0.8245, 44.40884, 47.8], [-0.82444, 44.40888, 47.84736842105263], [-0.82414, 44.40879, 47.84736842105263], [-0.82381, 44.40875, 49.739999999999995], [-0.8236, 44.40866, 49.739999999999995], [-0.82343, 44.40848, 50.475], [-0.8234, 44.40826, 50.475], [-0.82354, 44.40802, 49.507665836000506], [-0.82378, 44.40789, 49.507665836000506], [-0.82401, 44.40785, 49.5529411764706], [-0.8243, 44.40789, 49.5529411764706], [-0.82473, 44.40786, 49.21612903225808], [-0.82474, 44.40804, 49.1], [-0.82485, 44.40804, 49.1], [-0.82483, 44.40795, 49.1], [-0.825, 44.40793, 49.1], [-0.82511, 44.40799, 51.32834612438274], [-0.82503, 44.40802, 50.6], [-0.82518, 44.40824, 51.9], [-0.82527, 44.40821, 51.9], [-0.82529, 44.40847, 50.57222222222221], [-0.82522, 44.40864, 49.507665836000506]]]}}, {"type": "Feature", "properties": {"id_obligation": "402950000D0569", "priorite": "moyenne"}, "geometry": {"type": "Polygon", "coordinates": [[[-0.82408, 44.41017, 50.0625], [-0.82424, 44.4103, 50.0625], [-0.82431, 44.41046, 50.0625], [-0.82429, 44.4107, 50.0625], [-0.82418, 44.41085, 50.0625], [-0.82399, 44.41097, 50.0625], [-0.82375, 44.41102, 50.0625], [-0.82344, 44.411, 50.0625], [-0.82323, 44.41093, 50.0625], [-0.82304, 44.41076, 50.0625], [-0.82299, 44.41059, 50.1], [-0.82301, 44.4104, 50.0625], [-0.82312, 44.41023, 50.0625], [-0.82331, 44.41012, 50.0625], [-0.82355, 44.41006, 50.0625], [-0.82381, 44.41007, 50.0625], [-0.82408, 44.41017, 50.0625]]]}}, {"type": "Feature", "properties": {"id_obligation": "402950000D0571", "priorite": "faible"}, "geometry": {"type": "MultiPolygon", "coordinates": [[[[-0.82799, 44.40309, 50.8], [-0.8281, 44.40311, 50.8], [-0.82803, 44.4031, 50.8], [-0.82799, 44.40309, 50.8]]], [[[-0.82814, 44.40301, 50.8], [-0.82798, 44.40297, 50.8], [-0.82795, 44.40307, 50.8], [-0.82778, 44.40297, 50.8], [-0.82766, 44.40282, 50.40277777777778], [-0.82764, 44.40259, 50.40277777777778], [-0.82775, 44.40235, 50.40277777777778], [-0.82795, 44.40218, 50.40277777777778], [-0.82817, 44.40211, 50.9], [-0.8284, 44.40211, 50.8], [-0.82839, 44.40215, 50.8], [-0.82848, 44.40216, 50.8], [-0.8285, 44.40213, 50.8], [-0.82868, 44.40217, 50.8], [-0.82887, 44.40228, 50.8], [-0.82901, 44.40248, 49.96111111111114], [-0.82901, 44.40265, 49.96111111111114], [-0.8289, 44.4029, 49.783333333333324], [-0.82884, 44.40297, 49.9], [-0.82875, 44.40292, 49.9], [-0.82862, 44.403, 49.9], [-0.82866, 44.40307, 49.9], [-0.82854, 44.40312, 49.88333333333333], [-0.82837, 44.40314, 49.8], [-0.8281, 44.40311, 50.8], [-0.82814, 44.40301, 50.8]]]]}}, {"type": "Feature", "properties": {"id_obligation": "402950000D0572", "priorite": "faible"}, "geometry": {"type": "Polygon", "coordinates": [[[-0.82789, 44.40273, 50.38600529100529], [-0.82775, 44.40253, 50.38600529100529], [-0.82774, 44.40235, 50.38600529100529], [-0.82785, 44.4021, 50.38600529100529], [-0.82805, 44.40193, 50.38600529100529], [-0.82828, 44.40186, 50.8], [-0.82853, 44.40186, 50.8], [-0.82879, 44.40192, 50.0], [-0.82898, 44.40203, 50.0], [-0.82911, 44.40223, 50.94285714285714], [-0.82911, 44.4024, 50.94285714285714], [-0.82901, 44.40265, 49.48888888888889], [-0.82886, 44.40279, 49.48888888888889], [-0.82865, 44.40287, 51.01428571428571], [-0.82841, 44.4029, 51.01428571428571], [-0.82815, 44.40285, 50.38600529100529], [-0.82789, 44.40273, 50.38600529100529]]]}}, {"type": "Feature", "properties": {"id_obligation": "402950000D0578", "priorite": "faible"}, "geometry": {"type": "Polygon", "coordinates": [[[-0.82441, 44.40701, 51.76666666666667], [-0.82413, 44.40692, 50.08571428571428], [-0.82397, 44.40679, 50.08571428571428], [-0.82382, 44.40656, 48.9], [-0.82382, 44.40634, 48.9], [-0.82393, 44.40618, 50.1], [-0.82417, 44.40604, 51.67760591399284], [-0.82423, 44.40612, 49.1], [-0.82435, 44.40608, 49.2], [-0.82429, 44.406, 51.920303409842695], [-0.82438, 44.40598, 48.39333333333334], [-0.82467, 44.40598, 48.39333333333334], [-0.82489, 44.40605, 50.19703007518797], [-0.82505, 44.40618, 50.19703007518797], [-0.82521, 44.40641, 50.82000000000001], [-0.82519, 44.40668, 52.3], [-0.82468, 44.40682, 52.0], [-0.8247, 44.40689, 52.0], [-0.82513, 44.40677, 52.3], [-0.82497, 44.40689, 52.29999999999999], [-0.82471, 44.40699, 51.76666666666667], [-0.82441, 44.40701, 51.76666666666667]]]}}, {"type": "Feature", "properties": {"id_obligation": "402950000D0579", "priorite": "faible"}, "geometry": {"type": "Polygon", "coordinates": [[[-0.82457, 44.40717, 50.114285714285714], [-0.82428, 44.40711, 50.74444444444444], [-0.8242, 44.40706, 50.8], [-0.82422, 44.40693, 50.8], [-0.82408, 44.40693, 51.9], [-0.82407, 44.40696, 51.9], [-0.82395, 44.40674, 48.89999999999999], [-0.82394, 44.40657, 48.89999999999999], [-0.82405, 44.40637, 49.275], [-0.82424, 44.40625, 49.275], [-0.8245, 44.40617, 48.455555555555556], [-0.8248, 44.40617, 48.455555555555556], [-0.82502, 44.40624, 48.6], [-0.82518, 44.40637, 48.6], [-0.82531, 44.40658, 52.286666666666655], [-0.82527, 44.40666, 52.3], [-0.82468, 44.40682, 52.0], [-0.8247, 44.40689, 52.0], [-0.82533, 44.40669, 52.3], [-0.82531, 44.40683, 48.8], [-0.82519, 44.40698, 48.8], [-0.8248, 44.40715, 50.114285714285714], [-0.82457, 44.40717, 50.114285714285714]]]}}, {"type": "Feature", "properties": {"id_obligation": "402950000D0586", "priorite": "faible"}, "geometry": {"type": "Polygon", "coordinates": [[[-0.82596, 44.41011, 49.9], [-0.82609, 44.41027, 49.63846153846154], [-0.82613, 44.41045, 49.63846153846154], [-0.82604, 44.41073, 49.85678321678322], [-0.8259, 44.41087, 49.85678321678322], [-0.82569, 44.41097, 50.3], [-0.82544, 44.411, 50.3], [-0.82519, 44.41096, 49.85678321678322], [-0.82498, 44.41087, 49.85678321678322], [-0.82481, 44.41069, 49.85678321678322], [-0.82477, 44.41052, 49.85678321678322], [-0.82484, 44.41026, 49.85678321678322], [-0.825, 44.41008, 49.85678321678322], [-0.8252, 44.40999, 49.9], [-0.82552, 44.40997, 49.9], [-0.82547, 44.41017, 49.9], [-0.82555, 44.41017, 49.9], [-0.82557, 44.41012, 49.9], [-0.82564, 44.41013, 49.9], [-0.82569, 44.40999, 49.9], [-0.82596, 44.41011, 49.9]]]}}, {"type": "Feature", "properties": {"id_obligation": "402950000D0595", "priorite": "moyenne"}, "geometry": {"type": "Polygon", "coordinates": [[[-0.82824, 44.4078, 49.949999999999996], [-0.82858, 44.40761, 49.949999999999996], [-0.82888, 44.40755, 50.2125], [-0.82913, 44.40758, 50.2125], [-0.82936, 44.4077, 49.3], [-0.82923, 44.4077, 49.3], [-0.82924, 44.40782, 49.3], [-0.82949, 44.40781, 49.3], [-0.82955, 44.40789, 49.3], [-0.82976, 44.40795, 49.3], [-0.82994, 44.40808, 49.8], [-0.8301, 44.40834, 49.8], [-0.83008, 44.4086, 49.952065826330525], [-0.82985, 44.40881, 49.952065826330525], [-0.8294, 44.40896, 49.8], [-0.82916, 44.409, 49.8], [-0.82892, 44.40897, 49.8], [-0.82841, 44.40876, 49.952065826330525], [-0.82815, 44.40855, 49.952065826330525], [-0.82806, 44.40834, 50.26666666666667], [-0.82812, 44.40804, 49.949999999999996], [-0.82824, 44.4078, 49.949999999999996]]]}}, {"type": "Feature", "properties": {"id_obligation": "402950000D0598", "priorite": "faible"}, "geometry": {"type": "Polygon", "coordinates": [[[-0.82688, 44.40868, 50.09739316239316], [-0.82663, 44.40882, 50.09739316239316], [-0.82632, 44.40886, 50.09739316239316], [-0.82603, 44.40881, 48.25], [-0.82589, 44.40873, 48.2], [-0.82595, 44.40865, 48.2], [-0.82588, 44.40864, 48.2], [-0.82585, 44.40871, 48.34089639442799], [-0.82563, 44.40845, 52.199999999999996], [-0.82562, 44.40828, 52.199999999999996], [-0.82574, 44.40803, 50.86666666666667], [-0.82604, 44.40782, 50.86666666666667], [-0.82639, 44.40778, 48.20769230769231], [-0.82624, 44.40835, 49.0], [-0.82637, 44.40842, 49.0], [-0.82642, 44.40832, 49.260000000000005], [-0.8264, 44.40778, 48.20769230769231], [-0.82668, 44.40785, 51.8], [-0.82666, 44.40788, 51.8], [-0.8267, 44.4079, 51.8], [-0.82673, 44.40787, 51.8], [-0.82684, 44.40792, 51.8], [-0.82701, 44.4081, 51.8], [-0.82705, 44.40827, 50.09739316239316], [-0.82688, 44.40868, 50.09739316239316]]]}}, {"type": "Feature", "properties": {"id_obligation": "402950000D0610", "priorite": "faible"}, "geometry": {"type": "Polygon", "coordinates": [[[-0.82583, 44.40946, 50.2], [-0.82575, 44.40925, 49.12727272727272], [-0.82582, 44.40904, 47.65], [-0.82601, 44.40885, 47.65], [-0.82622, 44.40877, 48.723076923076924], [-0.82646, 44.40875, 48.723076923076924], [-0.8268, 44.40883, 48.97206993006993], [-0.82699, 44.40894, 48.97206993006993], [-0.82712, 44.40909, 48.97206993006993], [-0.82715, 44.40926, 48.97206993006993], [-0.82705, 44.40948, 48.97206993006993], [-0.8269, 44.40963, 48.97206993006993], [-0.82668, 44.40972, 48.97206993006993], [-0.82643, 44.40974, 48.97206993006993], [-0.82598, 44.4096, 50.2], [-0.82583, 44.40946, 50.2]]]}}, {"type": "Feature", "properties": {"id_obligation": "402950000D0611", "priorite": "faible"}, "geometry": {"type": "Polygon", "coordinates": [[[-0.82687, 44.40876, 49.79138361638362], [-0.82692, 44.40901, 49.5], [-0.82676, 44.40929, 49.5], [-0.82639, 44.40945, 48.907692307692315], [-0.82608, 44.40944, 48.907692307692315], [-0.82574, 44.40933, 49.4], [-0.82575, 44.40922, 49.4], [-0.8256, 44.40921, 49.4], [-0.82555, 44.40916, 51.10979383892024], [-0.82562, 44.409, 48.6], [-0.82575, 44.40902, 48.6], [-0.82577, 44.40898, 48.6], [-0.82551, 44.40892, 50.9], [-0.82548, 44.40901, 51.11563269989413], [-0.82526, 44.40876, 49.76363636363637], [-0.82525, 44.40858, 52.2], [-0.82535, 44.4084, 52.2], [-0.82551, 44.40827, 52.2], [-0.82573, 44.4082, 52.2], [-0.82578, 44.4082, 52.2], [-0.82574, 44.40828, 52.2], [-0.8259, 44.40832, 52.2], [-0.8259, 44.40821, 52.2], [-0.82583, 44.40819, 52.2], [-0.82628, 44.40827, 50.74545454545454], [-0.82624, 44.40835, 49.0], [-0.82637, 44.40842, 49.0], [-0.82639, 44.40833, 49.0], [-0.82655, 44.40853, 49.0], [-0.82687, 44.40876, 49.79138361638362]]]}}, {"type": "Feature", "properties": {"id_obligation": "402950000D0625", "priorite": "moyenne"}, "geometry": {"type": "Polygon", "coordinates": [[[-0.83354, 44.39409, 53.510000000000005], [-0.8333, 44.39405, 53.510000000000005], [-0.8331, 44.39395, 53.510000000000005], [-0.83294, 44.39378, 54.2], [-0.83287, 44.39357, 54.2], [-0.83293, 44.39341, 53.510000000000005], [-0.83306, 44.39327, 53.510000000000005], [-0.8333, 44.39315, 53.510000000000005], [-0.83354, 44.39312, 53.510000000000005], [-0.83377, 44.39315, 53.510000000000005], [-0.83398, 44.39324, 53.510000000000005], [-0.83417, 44.39343, 53.510000000000005], [-0.83423, 44.39361, 53.510000000000005], [-0.83418, 44.39378, 53.510000000000005], [-0.83404, 44.39393, 53.510000000000005], [-0.83384, 44.39404, 53.510000000000005], [-0.83354, 44.39409, 53.510000000000005]]]}}, {"type": "Feature", "properties": {"id_obligation": "402950000D0626", "priorite": "moyenne"}, "geometry": {"type": "Polygon", "coordinates": [[[-0.83398, 44.39348, 52.580000000000005], [-0.83397, 44.3937, 52.580000000000005], [-0.83385, 44.39385, 55.287142857142854], [-0.83355, 44.39403, 55.287142857142854], [-0.83332, 44.39408, 54.2], [-0.83302, 44.39407, 54.1], [-0.83287, 44.39402, 54.6], [-0.83304, 44.39397, 54.2], [-0.83297, 44.39387, 55.3], [-0.83279, 44.39395, 55.3], [-0.83282, 44.39399, 54.9137079487631], [-0.8326, 44.3938, 54.1], [-0.83253, 44.39358, 52.9], [-0.83258, 44.39341, 59.8], [-0.83273, 44.39327, 59.8], [-0.83303, 44.39311, 59.8], [-0.83326, 44.39306, 59.8], [-0.8335, 44.39308, 55.287142857142854], [-0.83371, 44.39317, 55.287142857142854], [-0.83389, 44.39332, 55.287142857142854], [-0.83398, 44.39348, 52.580000000000005]]]}}, {"type": "Feature", "properties": {"id_obligation": "402950000D0629", "priorite": "faible"}, "geometry": {"type": "Polygon", "coordinates": [[[-0.82538, 44.40746, 51.538888888888884], [-0.82559, 44.40762, 51.538888888888884], [-0.82567, 44.40783, 52.944444444444436], [-0.82562, 44.40809, 52.944444444444436], [-0.82547, 44.40824, 49.9], [-0.82519, 44.40842, 50.8], [-0.82511, 44.4084, 50.8], [-0.8251, 44.40845, 50.8], [-0.82481, 44.40849, 50.13125000000001], [-0.82453, 44.40847, 48.17142857142858], [-0.82425, 44.40833, 48.0], [-0.82435, 44.40835, 48.0], [-0.82438, 44.40827, 48.0], [-0.82418, 44.40825, 48.0], [-0.82415, 44.4082, 48.17142857142858], [-0.82411, 44.40805, 50.8], [-0.82438, 44.40809, 50.8], [-0.82439, 44.40804, 50.8], [-0.82411, 44.408, 50.8], [-0.82415, 44.40769, 50.800000000000004], [-0.8243, 44.4075, 50.800000000000004], [-0.82451, 44.40741, 50.800000000000004], [-0.82509, 44.40739, 51.538888888888884], [-0.82538, 44.40746, 51.538888888888884]]]}}, {"type": "Feature", "properties": {"id_obligation": "402950000D0631", "priorite": "faible"}, "geometry": {"type": "Polygon", "coordinates": [[[-0.82457, 44.40733, 51.166666666666664], [-0.8243, 44.40723, 51.166666666666664], [-0.82412, 44.40706, 51.38751603541904], [-0.82421, 44.40706, 50.8], [-0.82422, 44.40693, 50.8], [-0.82408, 44.40694, 51.9], [-0.82406, 44.40686, 49.79090909090908], [-0.82411, 44.40664, 48.9], [-0.82426, 44.40649, 48.9], [-0.82447, 44.4064, 48.9], [-0.82482, 44.40632, 48.6], [-0.82488, 44.40639, 48.6], [-0.82496, 44.40636, 48.6], [-0.82494, 44.40632, 48.6], [-0.82518, 44.40638, 52.3], [-0.82544, 44.40658, 52.3], [-0.82468, 44.40682, 52.0], [-0.8247, 44.40689, 52.0], [-0.82547, 44.40665, 52.3], [-0.82551, 44.40682, 52.15999999999999], [-0.82551, 44.40686, 51.9], [-0.82535, 44.40691, 51.9], [-0.8254, 44.40709, 51.9], [-0.82535, 44.40713, 50.660000000000004], [-0.82517, 44.40724, 50.660000000000004], [-0.82487, 44.40732, 48.67142857142858], [-0.82457, 44.40733, 51.166666666666664]]]}}, {"type": "Feature", "properties": {"id_obligation": "402950000D0634", "priorite": "faible"}, "geometry": {"type": "MultiPolygon", "coordinates": [[[[-0.8249, 44.40729, 48.70000000000001], [-0.8246, 44.40724, 50.03092194264069], [-0.82437, 44.4071, 50.03092194264069], [-0.82426, 44.4069, 49.77142857142856], [-0.82425, 44.40682, 48.9], [-0.82436, 44.40687, 48.9], [-0.82427, 44.40664, 48.9], [-0.82437, 44.40648, 48.93333333333334], [-0.82455, 44.40636, 48.93333333333334], [-0.82482, 44.40628, 48.6], [-0.82488, 44.40639, 48.6], [-0.82496, 44.40636, 48.6], [-0.82489, 44.40626, 48.6], [-0.82495, 44.40625, 48.83636363636364], [-0.82537, 44.40631, 49.5], [-0.82556, 44.40643, 49.5], [-0.82566, 44.40659, 51.93124999999999], [-0.82569, 44.4068, 51.93124999999999], [-0.82562, 44.40697, 50.550000000000004], [-0.82553, 44.40685, 51.9], [-0.82539, 44.40687, 51.9], [-0.82535, 44.40691, 51.9], [-0.82543, 44.40713, 51.9], [-0.8252, 44.40723, 48.70000000000001], [-0.8249, 44.40729, 48.70000000000001]]]]}}, {"type": "Feature", "properties": {"id_obligation": "402950000D0646", "priorite": "faible"}, "geometry": {"type": "Polygon", "coordinates": [[[-0.82931, 44.40652, 50.4], [-0.82918, 44.40676, 49.087500000000006], [-0.8289, 44.40692, 49.087500000000006], [-0.82846, 44.40702, 49.32926470588235], [-0.82816, 44.40701, 49.32926470588235], [-0.82795, 44.40692, 49.32926470588235], [-0.8278, 44.40679, 49.32926470588235], [-0.82766, 44.40654, 48.9], [-0.82767, 44.40636, 48.9], [-0.82781, 44.40616, 48.85882352941175], [-0.828, 44.40605, 48.85882352941175], [-0.82828, 44.40598, 49.32926470588235], [-0.82893, 44.40605, 49.32926470588235], [-0.82912, 44.40615, 49.32926470588235], [-0.82925, 44.4063, 50.4], [-0.82931, 44.40652, 50.4]]]}}, {"type": "Feature", "properties": {"id_obligation": "402950000D0655", "priorite": "moyenne"}, "geometry": {"type": "Polygon", "coordinates": [[[-0.83293, 44.39436, -396.5910714285714], [-0.83266, 44.39449, -396.5910714285714], [-0.83243, 44.39453, -1000.0], [-0.83214, 44.3945, -539.2249999999999], [-0.83191, 44.39438, 53.2], [-0.83174, 44.39416, -1000.0], [-0.83169, 44.39399, -1000.0], [-0.83174, 44.39382, -396.5910714285714], [-0.83189, 44.39365, -396.5910714285714], [-0.83212, 44.39353, -396.5910714285714], [-0.83235, 44.39348, -396.5910714285714], [-0.83265, 44.39352, 52.9], [-0.83289, 44.39365, 52.9], [-0.83304, 44.39385, 53.900000000000006], [-0.83309, 44.39402, 53.900000000000006], [-0.83305, 44.3942, -396.5910714285714], [-0.83293, 44.39436, -396.5910714285714]]]}}, {"type": "Feature", "properties": {"id_obligation": "402950000D0660", "priorite": "faible"}, "geometry": {"type": "MultiPolygon", "coordinates": [[[[-0.8256, 44.40711, 47.6824755506325], [-0.82563, 44.40708, 49.2], [-0.82553, 44.40685, 51.9], [-0.82535, 44.40691, 51.9], [-0.82541, 44.40712, 51.9], [-0.82545, 44.40716, 47.5], [-0.82534, 44.40719, 50.181249999999984], [-0.82498, 44.40722, 49.125], [-0.82463, 44.40709, 49.125], [-0.82449, 44.40695, 49.125], [-0.82442, 44.40671, 50.61428571428572], [-0.82448, 44.40652, 48.9], [-0.82451, 44.40656, 48.9], [-0.8246, 44.40653, 48.9], [-0.82454, 44.40644, 48.9], [-0.8246, 44.40638, 48.77777777777778], [-0.8247, 44.40632, 48.77777777777778], [-0.82476, 44.4063, 48.77777777777778], [-0.82482, 44.40628, 48.6], [-0.82488, 44.40639, 48.6], [-0.82496, 44.40636, 48.6], [-0.82489, 44.40626, 48.6], [-0.82542, 44.40613, 49.5], [-0.82572, 44.40617, 50.10769230769232], [-0.82592, 44.40627, 50.10769230769232], [-0.82599, 44.40633, 50.4], [-0.826, 44.40633, 50.4], [-0.82599, 44.40639, 48.8], [-0.82605, 44.4064, 50.6], [-0.8261, 44.40674, 51.15000000000001], [-0.82596, 44.40694, 51.36666666666668], [-0.82593, 44.40687, 53.7], [-0.82585, 44.40685, 53.7], [-0.82582, 44.40695, 53.7], [-0.82586, 44.407, 46.7], [-0.8256, 44.40711, 47.6824755506325]], [[-0.82586, 44.4063, 50.4], [-0.82583, 44.40635, 50.4], [-0.82597, 44.40638, 50.4], [-0.82599, 44.40633, 50.4], [-0.82586, 44.4063, 50.4]]], [[[-0.82591, 44.40697, 46.7], [-0.82585, 44.40696, 53.7], [-0.82586, 44.40695, 53.7], [-0.82591, 44.40697, 46.7]]]]}}, {"type": "Feature", "properties": {"id_obligation": "402950000D0673", "priorite": "faible"}, "geometry": {"type": "MultiPolygon", "coordinates": [[[[-0.82751, 44.40783, 47.4], [-0.82733, 44.4078, 47.7], [-0.82749, 44.40784, 47.4], [-0.8272, 44.40789, 47.57142857142857], [-0.82697, 44.40785, 51.65714285714286], [-0.82664, 44.4077, 51.65714285714286], [-0.82647, 44.40748, 52.72500000000001], [-0.82676, 44.40696, 52.2], [-0.82703, 44.40686, 51.638888888888886], [-0.82727, 44.40685, 51.638888888888886], [-0.82769, 44.407, 49.8], [-0.82765, 44.40701, 49.8], [-0.82766, 44.40709, 49.8], [-0.82779, 44.40707, 49.8], [-0.82789, 44.4072, 50.596557539682536], [-0.82792, 44.40738, 50.596557539682536], [-0.82772, 44.40771, 48.559999999999995], [-0.82751, 44.40783, 47.4]]]]}}, {"type": "Feature", "properties": {"id_obligation": "402950000D0681", "priorite": "moyenne"}, "geometry": {"type": "Polygon", "coordinates": [[[-0.8246, 44.40955, -100.72982142857143], [-0.82434, 44.40966, -100.72982142857143], [-0.82409, 44.40967, -100.72982142857143], [-0.82371, 44.4096, 52.3], [-0.82374, 44.40955, 52.3], [-0.8237, 44.40949, 52.3], [-0.82356, 44.40955, 52.3], [-0.82333, 44.40933, 48.7], [-0.82329, 44.40916, 48.7], [-0.82339, 44.40889, 48.70000000000001], [-0.82353, 44.40875, 48.70000000000001], [-0.8238, 44.40865, 49.760000000000005], [-0.82394, 44.40863, 49.71439813116703], [-0.82392, 44.4087, 49.8], [-0.82402, 44.40871, 49.8], [-0.82402, 44.40864, 49.7], [-0.82447, 44.40872, 47.63124999999998], [-0.82467, 44.40883, 47.63124999999998], [-0.82479, 44.40897, 47.79999999999999], [-0.82483, 44.40915, 47.79999999999999], [-0.82477, 44.40937, -100.72982142857143], [-0.8246, 44.40955, -100.72982142857143]]]}}, {"type": "Feature", "properties": {"id_obligation": "402950000D0691", "priorite": "forte"}, "geometry": {"type": "Polygon", "coordinates": [[[-0.83889, 44.40065, 52.433333333333344], [-0.83915, 44.40081, 52.433333333333344], [-0.8392, 44.40086, 52.1], [-0.83913, 44.40091, 52.1], [-0.83921, 44.40098, 52.0], [-0.83926, 44.40095, 52.05322450731204], [-0.83929, 44.40101, 53.01818181818182], [-0.83928, 44.40122, 53.01818181818182], [-0.83918, 44.40138, 52.72537878787879], [-0.83891, 44.40155, 52.72537878787879], [-0.83845, 44.40164, 52.72537878787879], [-0.83821, 44.40163, 52.72537878787879], [-0.83799, 44.40155, 52.72537878787879], [-0.83775, 44.40136, 52.72537878787879], [-0.83767, 44.40119, 52.72537878787879], [-0.83769, 44.40101, 52.72537878787879], [-0.8378, 44.40085, 52.72537878787879], [-0.83807, 44.40069, 52.72537878787879], [-0.83829, 44.40062, 53.6], [-0.83859, 44.40061, 53.6], [-0.83889, 44.40065, 52.433333333333344]]]}}, {"type": "Feature", "properties": {"id_obligation": "402950000D0694", "priorite": "faible"}, "geometry": {"type": "Polygon", "coordinates": [[[-0.82874, 44.40658, 49.02499999999999], [-0.82858, 44.40671, 49.02499999999999], [-0.82828, 44.40682, 50.9], [-0.82797, 44.40682, 50.9], [-0.82774, 44.40675, 49.91972222222222], [-0.82757, 44.40662, 49.91972222222222], [-0.82741, 44.40635, 49.93333333333333], [-0.8274, 44.40613, 49.93333333333333], [-0.8275, 44.40597, 50.800000000000004], [-0.82767, 44.40585, 50.800000000000004], [-0.82804, 44.40575, 50.00000000000001], [-0.8282, 44.40581, 48.5], [-0.82824, 44.40576, 48.53554634241233], [-0.82845, 44.40582, 49.91972222222222], [-0.82869, 44.406, 49.91972222222222], [-0.82879, 44.40615, 49.91972222222222], [-0.82882, 44.40637, 49.91972222222222], [-0.82874, 44.40658, 49.02499999999999]]]}}, {"type": "Feature", "properties": {"id_obligation": "402950000D0711", "priorite": "faible"}, "geometry": {"type": "Polygon", "coordinates": [[[-0.82551, 44.40542, 49.7], [-0.82541, 44.4052, 48.88823529411767], [-0.82544, 44.40502, 49.44273618538325], [-0.82562, 44.4048, 49.44273618538325], [-0.82582, 44.40469, 49.44273618538325], [-0.82612, 44.40465, 49.44273618538325], [-0.82636, 44.40469, 49.44273618538325], [-0.82662, 44.40481, 49.44273618538325], [-0.82679, 44.40499, 50.500000000000014], [-0.82682, 44.40516, 50.500000000000014], [-0.82677, 44.40533, 50.500000000000014], [-0.82659, 44.40553, 49.18181818181817], [-0.82639, 44.40564, 49.650000000000006], [-0.82614, 44.40568, 49.650000000000006], [-0.82583, 44.40563, 49.7], [-0.82586, 44.40557, 49.7], [-0.82567, 44.40556, 49.7], [-0.82551, 44.40542, 49.7]]]}}, {"type": "Feature", "properties": {"id_obligation": "402950000D0714", "priorite": "faible"}, "geometry": {"type": "Polygon", "coordinates": [[[-0.82492, 44.41035, 48.734693877551024], [-0.82517, 44.41023, 49.75], [-0.82546, 44.41021, 49.75], [-0.82577, 44.41028, 49.59285714285715], [-0.8259, 44.41036, 49.772614332546866], [-0.82586, 44.41047, 49.1], [-0.82602, 44.4105, 49.1], [-0.82606, 44.41061, 49.0], [-0.82602, 44.41088, 49.0], [-0.82593, 44.41105, 48.734693877551024], [-0.82576, 44.41117, 48.734693877551024], [-0.82554, 44.41124, 47.7], [-0.82522, 44.41124, 47.7], [-0.82499, 44.41117, 47.4], [-0.82473, 44.41093, 47.4], [-0.82478, 44.41094, 47.4], [-0.82483, 44.41082, 47.4], [-0.8247, 44.41082, 47.4], [-0.82477, 44.41053, 48.734693877551024], [-0.82492, 44.41035, 48.734693877551024]]]}}, {"type": "Feature", "properties": {"id_obligation": "402950000D0720", "priorite": "moyenne"}, "geometry": {"type": "Polygon", "coordinates": [[[-0.82248, 44.40409, 49.9125], [-0.82257, 44.40388, 49.9125], [-0.82273, 44.40375, 49.9125], [-0.82305, 44.40364, 49.9125], [-0.82336, 44.40364, 49.9125], [-0.82358, 44.40371, 49.9], [-0.82374, 44.40384, 49.9], [-0.82388, 44.40406, 49.9], [-0.82388, 44.40428, 49.9], [-0.82383, 44.40437, 48.7], [-0.82376, 44.40437, 48.7], [-0.82377, 44.40444, 49.95000000000002], [-0.82369, 44.4045, 50.5], [-0.82367, 44.40436, 50.5], [-0.82355, 44.40437, 50.5], [-0.82359, 44.40456, 50.57399954631083], [-0.8233, 44.40465, 49.9125], [-0.82306, 44.40465, 49.9125], [-0.82283, 44.4046, 49.9125], [-0.82265, 44.40448, 49.9125], [-0.82254, 44.40433, 49.9125], [-0.82248, 44.40409, 49.9125]]]}}, {"type": "Feature", "properties": {"id_obligation": "402950000D0721", "priorite": "moyenne"}, "geometry": {"type": "Polygon", "coordinates": [[[-0.82369, 44.40451, 50.50020565997047], [-0.82367, 44.40436, 50.5], [-0.82355, 44.40437, 50.5], [-0.82359, 44.40456, 50.57542105330629], [-0.82332, 44.40462, 50.51818181818182], [-0.82307, 44.4046, 49.77045454545455], [-0.82281, 44.40448, 49.77045454545455], [-0.82262, 44.40423, 50.0], [-0.82259, 44.40401, 50.0], [-0.82267, 44.40385, 49.77045454545455], [-0.82305, 44.40359, 49.77045454545455], [-0.82327, 44.4035, 49.77045454545455], [-0.82364, 44.40346, 49.77045454545455], [-0.82387, 44.40349, 49.77045454545455], [-0.82412, 44.40361, 49.77045454545455], [-0.82424, 44.40376, 49.77045454545455], [-0.82429, 44.40403, 49.77045454545455], [-0.82423, 44.4042, 49.77045454545455], [-0.82407, 44.40434, 48.7], [-0.82369, 44.40451, 50.50020565997047]]]}}, {"type": "Feature", "properties": {"id_obligation": "402950000D0723", "priorite": "faible"}, "geometry": {"type": "Polygon", "coordinates": [[[-0.82551, 44.40714, 47.5], [-0.82563, 44.40708, 49.2], [-0.82553, 44.40685, 51.9], [-0.82535, 44.40691, 51.9], [-0.8254, 44.40708, 51.9], [-0.82522, 44.4069, 52.06499999999998], [-0.82519, 44.40675, 52.3], [-0.82549, 44.40664, 52.3], [-0.82547, 44.40658, 52.3], [-0.82519, 44.40668, 52.3], [-0.82527, 44.40646, 49.5], [-0.82541, 44.40632, 49.5], [-0.82547, 44.40634, 49.5], [-0.82546, 44.40637, 49.5], [-0.82559, 44.40639, 49.5], [-0.82563, 44.40627, 49.5], [-0.82555, 44.40625, 49.5], [-0.82569, 44.40621, 49.984615384615395], [-0.82593, 44.4062, 49.984615384615395], [-0.82622, 44.40626, 50.34285714285715], [-0.82642, 44.40636, 50.34285714285715], [-0.82656, 44.40656, 50.63346563159063], [-0.82658, 44.40673, 50.63346563159063], [-0.82649, 44.40696, 50.888888888888886], [-0.82634, 44.4071, 50.888888888888886], [-0.82613, 44.40719, 50.888888888888886], [-0.82589, 44.40722, 49.51666666666666], [-0.82575, 44.40716, 48.6], [-0.82573, 44.4072, 48.6], [-0.82551, 44.40714, 47.5]]]}}, {"type": "Feature", "properties": {"id_obligation": "402950000D0725", "priorite": "faible"}, "geometry": {"type": "Polygon", "coordinates": [[[-0.82622, 44.40619, 51.0], [-0.8262, 44.40624, 51.0], [-0.82632, 44.40627, 50.36000000000001], [-0.82644, 44.40647, 50.6], [-0.82643, 44.40665, 50.6], [-0.8263, 44.40687, 53.199999999999996], [-0.82607, 44.40701, 53.199999999999996], [-0.82584, 44.40705, 51.217391304347835], [-0.82561, 44.40704, 49.2], [-0.82553, 44.40685, 51.9], [-0.82539, 44.40687, 51.9], [-0.82537, 44.40697, 51.9], [-0.82528, 44.40693, 51.9], [-0.82511, 44.40677, 52.3], [-0.82549, 44.40664, 52.3], [-0.82547, 44.40658, 52.3], [-0.82507, 44.40669, 52.3], [-0.82506, 44.4065, 52.29999999999998], [-0.82522, 44.40623, 49.5], [-0.82541, 44.40612, 49.5], [-0.82565, 44.40607, 50.1], [-0.82622, 44.40619, 51.0]]]}}, {"type": "Feature", "properties": {"id_obligation": "402950000D0726", "priorite": "faible"}, "geometry": {"type": "Polygon", "coordinates": [[[-0.8267, 44.40608, 51.44285714285714], [-0.82683, 44.40621, 50.1], [-0.8268, 44.40624, 50.1], [-0.82686, 44.40627, 50.1], [-0.82688, 44.40639, 50.79230769230771], [-0.82682, 44.40661, 50.487626123876126], [-0.82669, 44.40676, 50.487626123876126], [-0.82648, 44.40686, 50.487626123876126], [-0.82624, 44.40689, 51.78333333333334], [-0.82581, 44.40682, 51.78333333333334], [-0.82559, 44.40674, 52.15999999999999], [-0.82547, 44.40665, 52.3], [-0.82547, 44.40658, 52.3], [-0.82543, 44.40659, 52.3], [-0.82536, 44.40638, 49.9], [-0.82544, 44.40616, 49.5], [-0.82562, 44.40599, 49.5], [-0.8259, 44.4059, 48.02727272727273], [-0.82625, 44.40592, 48.02727272727273], [-0.8267, 44.40608, 51.44285714285714]]]}}, {"type": "Feature", "properties": {"id_obligation": "402950000D0727", "priorite": "faible"}, "geometry": {"type": "Polygon", "coordinates": [[[-0.82539, 44.40667, 52.3], [-0.82549, 44.40664, 52.3], [-0.82547, 44.40658, 52.3], [-0.82532, 44.40662, 52.3], [-0.82521, 44.40643, 49.5], [-0.82521, 44.40626, 49.5], [-0.82534, 44.40604, 50.24178062678063], [-0.82557, 44.40589, 47.73999999999999], [-0.82581, 44.40585, 47.73999999999999], [-0.82606, 44.40587, 47.73999999999999], [-0.82636, 44.40596, 50.24178062678063], [-0.82656, 44.40613, 50.24178062678063], [-0.82662, 44.40629, 50.82222222222223], [-0.8266, 44.40646, 50.82222222222223], [-0.82648, 44.40664, 50.24178062678063], [-0.8263, 44.40676, 50.24178062678063], [-0.82607, 44.40683, 51.15000000000001], [-0.82582, 44.40682, 51.15000000000001], [-0.82539, 44.40667, 52.3]]]}}, {"type": "Feature", "properties": {"id_obligation": "402950000D0728", "priorite": "forte"}, "geometry": {"type": "Polygon", "coordinates": [[[-0.84148, 44.40166, 52.27083182148035], [-0.84118, 44.40162, 52.27083182148035], [-0.84093, 44.40149, 52.27083182148035], [-0.84078, 44.40131, 52.27083182148035], [-0.84077, 44.4011, 52.27083182148035], [-0.84085, 44.40094, 52.27083182148035], [-0.84102, 44.40081, 52.27083182148035], [-0.84128, 44.4007, 51.7], [-0.84152, 44.40068, 51.7], [-0.84176, 44.40072, 52.27083182148035], [-0.84196, 44.40083, 52.27083182148035], [-0.84211, 44.40103, 52.3], [-0.84214, 44.4012, 52.3], [-0.84207, 44.40137, 52.599999999999994], [-0.84171, 44.40161, 52.599999999999994], [-0.84148, 44.40166, 52.27083182148035]]]}}, {"type": "Feature", "properties": {"id_obligation": "402950000D0729", "priorite": "forte"}, "geometry": {"type": "Polygon", "coordinates": [[[-0.8414, 44.40063, 52.4], [-0.84164, 44.40066, 52.42770644351711], [-0.84185, 44.40075, 52.42770644351711], [-0.84205, 44.40093, 52.42770644351711], [-0.84211, 44.4011, 52.42770644351711], [-0.84205, 44.40132, 52.48], [-0.84195, 44.40142, 52.3], [-0.84187, 44.40131, 52.3], [-0.84183, 44.40133, 52.6], [-0.84192, 44.40145, 52.86985075748137], [-0.84165, 44.40158, 52.42770644351711], [-0.84141, 44.40163, 52.42770644351711], [-0.84117, 44.4016, 52.42770644351711], [-0.84096, 44.40151, 52.42770644351711], [-0.84077, 44.40132, 52.42770644351711], [-0.84071, 44.40115, 52.42770644351711], [-0.84075, 44.40098, 52.42770644351711], [-0.84087, 44.40083, 52.42770644351711], [-0.84111, 44.40069, 52.42770644351711], [-0.8414, 44.40063, 52.4]]]}}, {"type": "Feature", "properties": {"id_obligation": "402950000D0735", "priorite": "faible"}, "geometry": {"type": "Polygon", "coordinates": [[[-0.82434, 44.40682, 48.9], [-0.82426, 44.40662, 48.9], [-0.82422, 44.40663, 48.9], [-0.82424, 44.40681, 48.9], [-0.82408, 44.40676, 49.09904761904761], [-0.82387, 44.40661, 49.09904761904761], [-0.82373, 44.40638, 49.09904761904761], [-0.82372, 44.40617, 49.5], [-0.82382, 44.40601, 49.5], [-0.824, 44.40589, 49.5], [-0.82424, 44.40581, 49.480000000000004], [-0.82448, 44.40579, 49.480000000000004], [-0.82468, 44.40584, 48.7], [-0.82459, 44.40586, 48.7], [-0.82465, 44.40596, 48.7], [-0.82475, 44.40593, 48.7], [-0.8247, 44.40584, 48.7], [-0.82477, 44.40587, 48.575], [-0.82494, 44.406, 48.575], [-0.82509, 44.40623, 48.675000000000004], [-0.82511, 44.40641, 48.675000000000004], [-0.82503, 44.40658, 49.349999999999994], [-0.82486, 44.40671, 49.349999999999994], [-0.82462, 44.4068, 49.399999999999984], [-0.82434, 44.40682, 48.9]]]}}, {"type": "Feature", "properties": {"id_obligation": "402950000D0737", "priorite": "faible"}, "geometry": {"type": "Polygon", "coordinates": [[[-0.8265, 44.40488, 50.28333333333333], [-0.82678, 44.40494, 50.6], [-0.82701, 44.40511, 50.6], [-0.82714, 44.4053, 49.81598639455782], [-0.82715, 44.40547, 49.81598639455782], [-0.82703, 44.40567, 49.81598639455782], [-0.82675, 44.40584, 49.81598639455782], [-0.82652, 44.40592, 49.9], [-0.82628, 44.40592, 49.9], [-0.82605, 44.40586, 49.7], [-0.8258, 44.40567, 49.7], [-0.82586, 44.40557, 49.7], [-0.82574, 44.40554, 49.7], [-0.82572, 44.40557, 49.7], [-0.82569, 44.40551, 49.70000000000001], [-0.82571, 44.40525, 48.87142857142858], [-0.82573, 44.40522, 49.1], [-0.82579, 44.40524, 49.1], [-0.82585, 44.40518, 49.1], [-0.82578, 44.40515, 49.1], [-0.82586, 44.40508, 48.8], [-0.8259, 44.40513, 48.8], [-0.82595, 44.40506, 48.8], [-0.82592, 44.40505, 48.8], [-0.8262, 44.40491, 50.28333333333333], [-0.8265, 44.40488, 50.28333333333333]]]}}, {"type": "Feature", "properties": {"id_obligation": "402950000D0738", "priorite": "faible"}, "geometry": {"type": "Polygon", "coordinates": [[[-0.82706, 44.4054, 49.8165625], [-0.82716, 44.40556, 50.41250000000001], [-0.82715, 44.40577, 50.41250000000001], [-0.82704, 44.40597, 51.88571428571429], [-0.82694, 44.40604, 51.8], [-0.82683, 44.40601, 51.8], [-0.82678, 44.40611, 51.8], [-0.82658, 44.40615, 51.29999999999999], [-0.82605, 44.40604, 47.559999999999995], [-0.82588, 44.40592, 47.559999999999995], [-0.82577, 44.4057, 49.7], [-0.82586, 44.40557, 49.7], [-0.82578, 44.40555, 49.7], [-0.8258, 44.40551, 49.7], [-0.82591, 44.40536, 48.699999999999996], [-0.82609, 44.40524, 48.699999999999996], [-0.82632, 44.40519, 49.51428571428572], [-0.82683, 44.40526, 49.8165625], [-0.82706, 44.4054, 49.8165625]]]}}, {"type": "Feature", "properties": {"id_obligation": "402950000D0739", "priorite": "faible"}, "geometry": {"type": "Polygon", "coordinates": [[[-0.826, 44.40573, 49.4375], [-0.82573, 44.40581, 49.4375], [-0.82543, 44.40579, -354.3538461538462], [-0.82521, 44.40572, -1000.0], [-0.82516, 44.40564, -1000.0], [-0.8251, 44.40566, -1000.0], [-0.82496, 44.4055, -354.3538461538462], [-0.82492, 44.40533, -31.47498351648352], [-0.82501, 44.40503, -31.47498351648352], [-0.82518, 44.40481, -31.47498351648352], [-0.82537, 44.4047, -31.47498351648352], [-0.82585, 44.40459, -31.47498351648352], [-0.8261, 44.40461, -31.47498351648352], [-0.82637, 44.40473, -31.47498351648352], [-0.82654, 44.4049, -31.47498351648352], [-0.82658, 44.40507, 48.970000000000006], [-0.82646, 44.40533, 49.6], [-0.8263, 44.4054, 49.7], [-0.82635, 44.40545, 49.7], [-0.826, 44.40573, 49.4375]]]}}, {"type": "Feature", "properties": {"id_obligation": "402950000D0756", "priorite": "faible"}, "geometry": {"type": "Polygon", "coordinates": [[[-0.82612, 44.41039, 50.0], [-0.82591, 44.41035, 50.0], [-0.82586, 44.41047, 49.1], [-0.826, 44.4105, 49.1], [-0.82587, 44.41056, 49.361111111111114], [-0.82564, 44.41062, 49.361111111111114], [-0.82532, 44.4106, 50.5], [-0.825, 44.41046, 50.5], [-0.82485, 44.41022, 50.5], [-0.82493, 44.4098, 49.98537037037037], [-0.82504, 44.40965, 49.98537037037037], [-0.82523, 44.40953, 49.98537037037037], [-0.82542, 44.40948, 49.33999999999999], [-0.82556, 44.40937, 48.4], [-0.82572, 44.4094, 48.4], [-0.82574, 44.4093, 49.4], [-0.82587, 44.40928, 49.33999999999999], [-0.82618, 44.4093, 50.2], [-0.8264, 44.40937, 50.2], [-0.82656, 44.4095, 50.2], [-0.82664, 44.40967, 49.98537037037037], [-0.82653, 44.41018, 50.0], [-0.82638, 44.41032, 50.0], [-0.82607, 44.41046, 49.95021440121634], [-0.82612, 44.41039, 50.0]]]}}, {"type": "Feature", "properties": {"id_obligation": "402950000D0763", "priorite": "faible"}, "geometry": {"type": "Polygon", "coordinates": [[[-0.82857, 44.40873, 49.697142857142865], [-0.82874, 44.40892, 49.697142857142865], [-0.82877, 44.40909, 48.4], [-0.82868, 44.40935, 49.697142857142865], [-0.82853, 44.40949, 49.697142857142865], [-0.82829, 44.40958, 48.8], [-0.82786, 44.40957, 49.60000000000001], [-0.82785, 44.4095, 49.6], [-0.82772, 44.40953, 49.6], [-0.82752, 44.4094, 49.60000000000001], [-0.82741, 44.40925, 49.697142857142865], [-0.8274, 44.40907, 49.697142857142865], [-0.82749, 44.40884, 50.6], [-0.82764, 44.4087, 50.6], [-0.82786, 44.40862, 52.14], [-0.82811, 44.4086, 52.14], [-0.82836, 44.40864, 49.697142857142865], [-0.82857, 44.40873, 49.697142857142865]]]}}, {"type": "Feature", "properties": {"id_obligation": "402950000D0764", "priorite": "faible"}, "geometry": {"type": "Polygon", "coordinates": [[[-0.82866, 44.40933, 48.4], [-0.82836, 44.40949, 48.6], [-0.828, 44.4095, 48.6], [-0.82767, 44.40941, 49.487719298245615], [-0.82751, 44.40927, 49.487719298245615], [-0.82743, 44.40906, 50.6], [-0.82763, 44.40855, 50.6], [-0.82783, 44.40841, 50.6], [-0.82811, 44.40832, 49.487719298245615], [-0.82836, 44.40833, 49.487719298245615], [-0.82859, 44.4084, 49.487719298245615], [-0.82876, 44.40853, 49.487719298245615], [-0.82888, 44.40874, 48.4], [-0.82887, 44.40891, 48.4], [-0.82866, 44.40933, 48.4]]]}}, {"type": "Feature", "properties": {"id_obligation": "402950000D0766", "priorite": "faible"}, "geometry": {"type": "Polygon", "coordinates": [[[-0.82618, 44.41022, 49.93233333333333], [-0.82631, 44.41037, 49.900000000000006], [-0.82634, 44.41054, 49.900000000000006], [-0.82629, 44.41073, 49.93233333333333], [-0.82616, 44.41088, 49.93233333333333], [-0.82596, 44.41099, 49.93233333333333], [-0.82572, 44.41103, 49.93233333333333], [-0.82543, 44.41099, 50.29999999999999], [-0.82522, 44.4109, 50.29999999999999], [-0.82508, 44.41075, 50.29999999999999], [-0.82503, 44.41058, 50.42], [-0.82509, 44.41035, 50.42], [-0.82521, 44.4102, 49.93233333333333], [-0.82541, 44.4101, 49.93233333333333], [-0.8255, 44.41008, 49.9], [-0.82547, 44.41017, 49.9], [-0.82555, 44.41017, 49.9], [-0.82557, 44.41012, 49.9], [-0.82564, 44.41013, 49.9], [-0.82566, 44.41006, 49.9], [-0.82593, 44.41009, 49.93233333333333], [-0.82618, 44.41022, 49.93233333333333]]]}}, {"type": "Feature", "properties": {"id_obligation": "402950000D0774", "priorite": "faible"}, "geometry": {"type": "Polygon", "coordinates": [[[-0.82883, 44.40302, 49.9], [-0.82884, 44.40295, 49.9], [-0.82875, 44.40292, 49.9], [-0.82862, 44.403, 49.9], [-0.82864, 44.40304, 49.9], [-0.82859, 44.40303, 50.161462347176645], [-0.82836, 44.40297, 50.161462347176645], [-0.82818, 44.40286, 50.161462347176645], [-0.82807, 44.40265, 50.54615384615385], [-0.82807, 44.40244, 50.54615384615385], [-0.82815, 44.40227, 50.88571428571429], [-0.82837, 44.40212, 50.88571428571429], [-0.82848, 44.40216, 50.8], [-0.82854, 44.40207, 50.0], [-0.82901, 44.40206, 50.0], [-0.82923, 44.40213, 50.161462347176645], [-0.82944, 44.40228, 50.161462347176645], [-0.82952, 44.40259, 50.6], [-0.82936, 44.40263, 50.6], [-0.8294, 44.4027, 50.6], [-0.82952, 44.40267, 50.6], [-0.82943, 44.40284, 49.57272727272728], [-0.82927, 44.40296, 50.3], [-0.82915, 44.40293, 50.3], [-0.82914, 44.40301, 50.3], [-0.82875, 44.40304, 48.58379816257099], [-0.82883, 44.40302, 49.9]]]}}, {"type": "Feature", "properties": {"id_obligation": "402950000D0775", "priorite": "faible"}, "geometry": {"type": "Polygon", "coordinates": [[[-0.82992, 44.4028, 51.32307692307693], [-0.82984, 44.403, -1000.0], [-0.82964, 44.40316, -1000.0], [-0.82936, 44.40323, -140.77272727272728], [-0.82905, 44.40321, -140.77272727272728], [-0.82884, 44.40313, 49.783333333333324], [-0.82872, 44.40305, 48.938576648238914], [-0.82883, 44.40302, 49.9], [-0.82884, 44.40295, 49.9], [-0.82875, 44.40292, 49.9], [-0.82867, 44.40299, 49.9], [-0.82845, 44.40271, 50.157142857142865], [-0.82845, 44.4025, 50.157142857142865], [-0.82852, 44.40233, 49.93571428571429], [-0.82869, 44.4022, 49.93571428571429], [-0.82885, 44.40218, 50.0], [-0.82897, 44.40211, 50.0], [-0.82937, 44.40212, 50.0], [-0.82959, 44.4022, 50.29999999999999], [-0.82972, 44.40229, 50.3], [-0.82966, 44.40228, 50.3], [-0.82961, 44.40246, 50.3], [-0.8297, 44.40247, 50.3], [-0.82974, 44.40231, 50.3], [-0.82989, 44.40256, 51.32307692307693], [-0.82992, 44.4028, 51.32307692307693]]]}}, {"type": "Feature", "properties": {"id_obligation": "402950000D0776", "priorite": "faible"}, "geometry": {"type": "Polygon", "coordinates": [[[-0.8297, 44.40214, 50.771428571428565], [-0.82996, 44.40224, 50.771428571428565], [-0.83015, 44.40244, 51.4], [-0.83004, 44.40241, 51.4], [-0.82999, 44.40251, 51.4], [-0.83013, 44.40255, 51.4], [-0.83017, 44.40246, 51.4], [-0.83022, 44.40265, 51.81666666666667], [-0.83016, 44.40283, 50.9], [-0.83003, 44.40296, 50.9], [-0.8299, 44.40291, 50.9], [-0.82985, 44.40305, 50.9], [-0.8296, 44.40313, -387.42499999999995], [-0.82935, 44.40315, -387.42499999999995], [-0.82912, 44.40311, 50.3], [-0.82892, 44.40299, 50.3], [-0.82876, 44.40276, 50.14117647058826], [-0.82873, 44.40259, 51.1], [-0.82894, 44.4026, 51.1], [-0.82894, 44.40251, 51.1], [-0.82876, 44.4025, 51.1], [-0.82892, 44.40231, -4.131702878519819], [-0.8292, 44.40218, 50.300000000000004], [-0.82946, 44.40213, 50.300000000000004], [-0.8297, 44.40214, 50.771428571428565]]]}}, {"type": "Feature", "properties": {"id_obligation": "402950000D0777", "priorite": "faible"}, "geometry": {"type": "MultiPolygon", "coordinates": [[[[-0.83027, 44.40266, 51.4], [-0.83013, 44.4028, 51.4], [-0.82992, 44.40289, 51.60000000000001], [-0.82968, 44.40292, 51.60000000000001], [-0.82934, 44.40286, 49.54166666666668], [-0.82915, 44.40276, 49.54166666666668], [-0.82902, 44.40261, 49.54166666666668], [-0.82897, 44.40238, 50.2], [-0.82901, 44.40222, 50.2], [-0.8292, 44.40197, 50.7], [-0.82933, 44.40189, 50.7], [-0.82932, 44.40193, 50.7], [-0.82945, 44.40196, 50.8], [-0.82949, 44.40184, 50.7], [-0.82971, 44.40183, 50.945454545454545], [-0.83001, 44.40188, 51.650000000000006], [-0.83025, 44.40202, 51.650000000000006], [-0.83031, 44.40209, 51.8], [-0.8302, 44.40207, 51.8], [-0.83018, 44.40215, 51.8], [-0.83036, 44.40218, 51.8], [-0.83036, 44.40243, 51.53333333333333], [-0.83027, 44.40266, 51.4]]], [[[-0.82937, 44.40189, 50.7], [-0.82935, 44.40188, 50.7], [-0.82938, 44.40187, 50.7], [-0.82937, 44.40189, 50.7]]]]}}, {"type": "Feature", "properties": {"id_obligation": "402950000D0778", "priorite": "moyenne"}, "geometry": {"type": "Polygon", "coordinates": [[[-0.8293, 44.40231, 50.300000000000004], [-0.82915, 44.40212, 50.71111111111111], [-0.82914, 44.40194, 50.71111111111111], [-0.82925, 44.40172, 51.199999999999996], [-0.82945, 44.40155, 51.199999999999996], [-0.82972, 44.40146, 51.3], [-0.82997, 44.40145, 51.4], [-0.83, 44.40155, 51.4], [-0.83013, 44.40153, 51.4], [-0.83008, 44.40148, 51.4], [-0.83028, 44.40154, 51.37777777777777], [-0.83046, 44.40166, 51.37777777777777], [-0.83057, 44.40187, 51.8], [-0.83055, 44.40204, 51.8], [-0.83041, 44.40228, 51.599999999999994], [-0.83016, 44.40244, 51.4], [-0.83004, 44.40241, 51.4], [-0.83, 44.40248, 51.4], [-0.8297, 44.40247, 50.3], [-0.82975, 44.40229, 50.3], [-0.82966, 44.40228, 50.3], [-0.82961, 44.40245, 50.3], [-0.8293, 44.40231, 50.300000000000004]]]}}, {"type": "Feature", "properties": {"id_obligation": "402950000D0779", "priorite": "faible"}, "geometry": {"type": "Polygon", "coordinates": [[[-0.82973, 44.40235, 50.3], [-0.82975, 44.40229, 50.3], [-0.82966, 44.40228, 50.3], [-0.82958, 44.40239, 50.300000000000004], [-0.82933, 44.4024, 50.300000000000004], [-0.82898, 44.40231, 50.0], [-0.8288, 44.40219, 50.0], [-0.8289, 44.40216, 50.0], [-0.82889, 44.40209, 50.0], [-0.82879, 44.40207, 50.0], [-0.82875, 44.40213, 50.0], [-0.82871, 44.40203, 50.699999999999996], [-0.8287, 44.40186, 50.699999999999996], [-0.82881, 44.40164, 51.42], [-0.82904, 44.40146, 51.42], [-0.82926, 44.40139, 51.31666666666666], [-0.82951, 44.40138, 51.31666666666666], [-0.82983, 44.40147, 51.28000000000001], [-0.83001, 44.4016, 51.3], [-0.82996, 44.40158, 51.3], [-0.8299, 44.40171, 51.3], [-0.83003, 44.40174, 51.3], [-0.83006, 44.40166, 51.3], [-0.83011, 44.40175, 51.099999999999994], [-0.83011, 44.40193, 51.099999999999994], [-0.83, 44.40216, 50.3], [-0.82973, 44.40235, 50.3]]]}}, {"type": "Feature", "properties": {"id_obligation": "402950000D0783", "priorite": "forte"}, "geometry": {"type": "Polygon", "coordinates": [[[-0.83741, 44.39917, 53.4], [-0.83717, 44.39932, 51.6], [-0.83694, 44.39937, 51.6], [-0.8367, 44.39936, 51.6], [-0.83638, 44.39922, 53.01214596949891], [-0.83621, 44.39909, 53.01214596949891], [-0.83614, 44.39892, 53.01214596949891], [-0.83616, 44.39874, 53.01214596949891], [-0.83628, 44.39858, 53.01214596949891], [-0.83661, 44.39832, 52.511111111111106], [-0.83671, 44.39828, 52.5], [-0.83677, 44.39831, 52.5], [-0.83684, 44.39825, 52.511111111111106], [-0.83715, 44.39826, 53.2], [-0.83745, 44.3984, 53.2], [-0.83761, 44.39858, 53.2], [-0.83764, 44.39876, 55.24999999999999], [-0.83757, 44.39893, 55.24999999999999], [-0.83754, 44.39896, 55.180225678711835], [-0.83741, 44.39888, 55.2], [-0.83737, 44.39892, 55.2], [-0.83752, 44.39902, 53.4], [-0.83741, 44.39917, 53.4]]]}}, {"type": "Feature", "properties": {"id_obligation": "402950000D0799", "priorite": "faible"}, "geometry": {"type": "Polygon", "coordinates": [[[-0.82633, 44.40691, 53.2], [-0.82626, 44.4069, 53.2], [-0.82623, 44.40696, 53.2], [-0.8264, 44.407, 53.2], [-0.82646, 44.40714, 50.13333333333333], [-0.8264, 44.40738, 48.6], [-0.82629, 44.40731, 48.6], [-0.82622, 44.40736, 48.6], [-0.82633, 44.40745, 48.6], [-0.82639, 44.40741, 48.6], [-0.82631, 44.40752, 48.5], [-0.82612, 44.40763, 48.5], [-0.82588, 44.40768, 52.4], [-0.82564, 44.40766, 52.4], [-0.82541, 44.40759, 52.4], [-0.8253, 44.40743, 52.4], [-0.82518, 44.40741, 51.0], [-0.82511, 44.40724, 49.14444444444445], [-0.82514, 44.40705, 48.8], [-0.82526, 44.40688, 51.279999999999994], [-0.8255, 44.40675, 51.368750000000006], [-0.82574, 44.40671, 51.368750000000006], [-0.82603, 44.40676, 52.807692307692314], [-0.82633, 44.40691, 53.2]]]}}, {"type": "Feature", "properties": {"id_obligation": "402950000D0817", "priorite": "moyenne"}, "geometry": {"type": "Polygon", "coordinates": [[[-0.83618, 44.39752, 53.587500000000006], [-0.83608, 44.39772, 53.58218567251462], [-0.83588, 44.39792, 53.58218567251462], [-0.83568, 44.39801, 55.1], [-0.83551, 44.39805, 55.1], [-0.83542, 44.39801, 55.1], [-0.83539, 44.39805, 55.1], [-0.8352, 44.39801, 53.58218567251462], [-0.83492, 44.39788, 53.58218567251462], [-0.83478, 44.39773, 53.58218567251462], [-0.83473, 44.39757, 53.58218567251462], [-0.83475, 44.39711, 52.660000000000004], [-0.8349, 44.39691, 52.660000000000004], [-0.83516, 44.39679, 52.660000000000004], [-0.83553, 44.39675, 53.4], [-0.83588, 44.39684, 52.866666666666674], [-0.83608, 44.39701, 52.866666666666674], [-0.83618, 44.39752, 53.587500000000006]]]}}, {"type": "Feature", "properties": {"id_obligation": "402950000D0825", "priorite": "faible"}, "geometry": {"type": "MultiPolygon", "coordinates": [[[[-0.82681, 44.40834, 49.69172161172161], [-0.82642, 44.40831, 49.715384615384615], [-0.82639, 44.40789, 48.10000000000001], [-0.82653, 44.40735, 51.3], [-0.82676, 44.40731, 51.3], [-0.827, 44.40734, 50.65999999999999], [-0.82736, 44.40756, 50.65999999999999], [-0.82744, 44.40781, 47.7], [-0.82733, 44.40783, 47.7], [-0.82743, 44.40784, 47.7], [-0.82742, 44.40787, 47.7], [-0.82718, 44.40819, 49.69172161172161], [-0.82681, 44.40834, 49.69172161172161]]], [[[-0.82613, 44.40813, 51.6], [-0.82618, 44.40806, 51.6], [-0.82605, 44.408, 48.10000000000001], [-0.82604, 44.40779, 48.10000000000001], [-0.8262, 44.40756, 48.5], [-0.82615, 44.40765, 48.5], [-0.82629, 44.40772, 48.5], [-0.82637, 44.40761, 48.5], [-0.82621, 44.40755, 48.5], [-0.82639, 44.40741, 48.6], [-0.82639, 44.40783, 48.10000000000001], [-0.82629, 44.40825, 49.715384615384615], [-0.82613, 44.40813, 51.6]]]]}}, {"type": "Feature", "properties": {"id_obligation": "402950000D0833", "priorite": "forte"}, "geometry": {"type": "Polygon", "coordinates": [[[-0.84168, 44.40576, 52.3], [-0.84159, 44.40576, 52.3], [-0.84159, 44.40585, 52.3], [-0.84168, 44.40585, 52.3], [-0.84161, 44.40603, 52.3], [-0.84135, 44.40622, 51.05555555555555], [-0.84112, 44.40627, 51.05555555555555], [-0.84085, 44.40626, 50.8], [-0.84049, 44.40611, 50.8], [-0.84036, 44.40592, 50.8], [-0.84035, 44.40561, 51.866666666666674], [-0.84056, 44.40517, 51.0], [-0.8406, 44.40493, 51.0], [-0.84079, 44.40476, 51.0], [-0.84106, 44.40467, 51.4], [-0.84142, 44.40465, 51.26840277777778], [-0.84166, 44.4047, 51.26840277777778], [-0.84185, 44.40481, 51.26840277777778], [-0.84196, 44.40497, 51.26840277777778], [-0.842, 44.40525, 50.2], [-0.84168, 44.40576, 52.3]]]}}, {"type": "Feature", "properties": {"id_obligation": "402950000D0888", "priorite": "faible"}, "geometry": {"type": "Polygon", "coordinates": [[[-0.82902, 44.4019, 51.209090909090904], [-0.8289, 44.4017, 51.44999999999999], [-0.82891, 44.40152, 51.44999999999999], [-0.82905, 44.40125, 51.05000000000001], [-0.82912, 44.4012, 51.1], [-0.8291, 44.40124, 51.1], [-0.82926, 44.40127, 51.1], [-0.8293, 44.40118, 51.1], [-0.82918, 44.40116, 51.1], [-0.82953, 44.40106, 50.969230769230776], [-0.82978, 44.40108, 51.3], [-0.82992, 44.40112, 51.0516177911821], [-0.8299, 44.40116, 51.1], [-0.83006, 44.40117, 51.17142857142858], [-0.83023, 44.4013, 51.17142857142858], [-0.83032, 44.4015, 51.378947368421024], [-0.83029, 44.40168, 51.378947368421024], [-0.83016, 44.40191, 51.224999999999994], [-0.82998, 44.40203, 51.224999999999994], [-0.82975, 44.40209, 50.8], [-0.82926, 44.40203, 51.209090909090904], [-0.82902, 44.4019, 51.209090909090904]]]}}, {"type": "Feature", "properties": {"id_obligation": "402950000D0889", "priorite": "moyenne"}, "geometry": {"type": "Polygon", "coordinates": [[[-0.83074, 44.40164, 51.4], [-0.83054, 44.40199, 51.79999999999999], [-0.83038, 44.4021, 51.8], [-0.8302, 44.40207, 51.8], [-0.83018, 44.40215, 51.8], [-0.83023, 44.40216, 51.8], [-0.83001, 44.40219, 51.22727272727272], [-0.82964, 44.40212, 50.73333333333333], [-0.82941, 44.40198, 50.73333333333333], [-0.82937, 44.40194, 50.74104505980135], [-0.82945, 44.40196, 50.8], [-0.82949, 44.40185, 50.7], [-0.8294, 44.40183, 50.7], [-0.82933, 44.40189, 50.7], [-0.82928, 44.40173, 51.066666666666684], [-0.82919, 44.40166, 51.5], [-0.82925, 44.40154, 51.5], [-0.82916, 44.40152, 51.5], [-0.82913, 44.40159, 51.5], [-0.82907, 44.40135, 51.066666666666684], [-0.82911, 44.40124, 51.1], [-0.82926, 44.40127, 51.1], [-0.8293, 44.40118, 51.1], [-0.82915, 44.40115, 51.1], [-0.82928, 44.40099, 51.02727272727273], [-0.82954, 44.40088, 51.02727272727273], [-0.82978, 44.40086, 51.146666666666654], [-0.83049, 44.40105, 51.4], [-0.83065, 44.40119, 51.4], [-0.83074, 44.40143, 51.4], [-0.83074, 44.40164, 51.4]]]}}, {"type": "Feature", "properties": {"id_obligation": "402950000D0890", "priorite": "moyenne"}, "geometry": {"type": "MultiPolygon", "coordinates": [[[[-0.82922, 44.40065, 50.06250000000001], [-0.82961, 44.40079, 51.3], [-0.82992, 44.40095, 51.3], [-0.83007, 44.40108, 51.37826086956522], [-0.83014, 44.40125, 51.37826086956522], [-0.83011, 44.40143, 51.344999999999985], [-0.82997, 44.40143, 51.4], [-0.83, 44.40155, 51.4], [-0.83005, 44.40155, 51.344999999999985], [-0.83002, 44.4016, 51.3], [-0.82996, 44.40158, 51.3], [-0.8299, 44.40171, 51.3], [-0.82976, 44.40178, 51.344999999999985], [-0.8294, 44.40182, 51.36400000000001], [-0.82914, 44.40178, 51.4], [-0.82916, 44.40173, 51.4], [-0.82906, 44.40171, 51.4], [-0.82901, 44.40173, 51.4], [-0.82903, 44.40181, 51.4], [-0.82876, 44.40181, 51.69999999999998], [-0.82867, 44.4018, 51.8], [-0.82872, 44.40176, 51.8], [-0.82868, 44.40175, 51.8], [-0.82871, 44.40169, 51.8], [-0.82856, 44.40169, 51.8], [-0.82861, 44.40178, 51.8], [-0.82851, 44.40176, 51.69999999999998], [-0.8282, 44.40156, 51.69999999999998], [-0.82812, 44.40131, 51.22500000000001], [-0.8283, 44.40087, 51.19997010869565], [-0.82852, 44.40071, 51.19997010869565], [-0.82892, 44.40063, 50.06250000000001], [-0.82922, 44.40065, 50.06250000000001]]], [[[-0.83008, 44.40147, 51.4], [-0.8301, 44.40147, 51.4], [-0.83009, 44.40149, 51.4], [-0.83008, 44.40147, 51.4]]]]}}, {"type": "Feature", "properties": {"id_obligation": "402950000D0898", "priorite": "forte"}, "geometry": {"type": "Polygon", "coordinates": [[[-0.83356, 44.39702, 54.625], [-0.83377, 44.39692, 54.625], [-0.83401, 44.39689, 54.625], [-0.83435, 44.39694, 54.625], [-0.83455, 44.39704, 54.625], [-0.83471, 44.39723, 54.625], [-0.83473, 44.39741, 54.625], [-0.83466, 44.39762, 54.625], [-0.83451, 44.39776, 54.625], [-0.83424, 44.39787, 54.625], [-0.834, 44.39788, 54.625], [-0.83373, 44.39783, 54.625], [-0.83353, 44.39772, 54.625], [-0.8334, 44.39757, 55.4], [-0.83341, 44.39722, 54.625], [-0.83356, 44.39702, 54.625]]]}}, {"type": "Feature", "properties": {"id_obligation": "402950000D0900", "priorite": "forte"}, "geometry": {"type": "Polygon", "coordinates": [[[-0.83433, 44.39781, 53.64444444444444], [-0.83407, 44.39791, 53.64444444444444], [-0.83383, 44.39792, 53.64444444444444], [-0.83342, 44.39783, 53.64444444444444], [-0.83321, 44.39767, 53.64444444444444], [-0.83313, 44.3975, 53.64444444444444], [-0.83315, 44.39732, 53.64444444444444], [-0.83327, 44.39708, 53.64444444444444], [-0.8335, 44.39693, 53.64444444444444], [-0.83373, 44.39687, 53.64444444444444], [-0.83397, 44.39689, 53.64444444444444], [-0.83431, 44.39698, 53.64444444444444], [-0.83448, 44.3971, 53.64444444444444], [-0.83458, 44.39726, 53.0], [-0.83458, 44.39743, 53.0], [-0.83451, 44.39763, 53.64444444444444], [-0.83433, 44.39781, 53.64444444444444]]]}}, {"type": "Feature", "properties": {"id_obligation": "402950000D0913", "priorite": "faible"}, "geometry": {"type": "MultiPolygon", "coordinates": [[[[-0.82662, 44.40834, 50.3088474025974], [-0.82637, 44.40842, 49.0], [-0.82642, 44.40832, 49.472727272727276], [-0.82639, 44.40789, 48.292857142857144], [-0.82646, 44.40751, 51.8], [-0.82663, 44.40757, 51.8], [-0.8268, 44.4077, 51.8], [-0.82688, 44.40786, 51.79999999999999], [-0.82687, 44.40803, 51.79999999999999], [-0.82678, 44.40821, 50.3088474025974], [-0.82662, 44.40834, 50.3088474025974]]], [[[-0.82633, 44.40843, 49.472727272727276], [-0.82608, 44.40842, 49.472727272727276], [-0.82578, 44.40832, 51.9875], [-0.82562, 44.40819, 51.9875], [-0.82554, 44.40803, 50.3088474025974], [-0.82555, 44.40786, 50.3088474025974], [-0.82567, 44.40765, 50.3088474025974], [-0.82602, 44.40748, 48.5], [-0.8264, 44.40749, 48.5], [-0.82637, 44.40797, 48.292857142857144], [-0.82624, 44.40835, 49.0], [-0.82637, 44.40842, 49.0], [-0.82633, 44.40843, 49.472727272727276]]]]}}, {"type": "Feature", "properties": {"id_obligation": "402950000D0915", "priorite": "faible"}, "geometry": {"type": "MultiPolygon", "coordinates": [[[[-0.8264, 44.40738, 48.6], [-0.82629, 44.40731, 48.6], [-0.82622, 44.40736, 48.6], [-0.82633, 44.40745, 48.6], [-0.82639, 44.40741, 48.6], [-0.82639, 44.40783, 48.58666666666668], [-0.82631, 44.40817, 48.58666666666668], [-0.82611, 44.40815, 48.58666666666668], [-0.82618, 44.40806, 51.6], [-0.82606, 44.40801, 50.5], [-0.82598, 44.40812, 50.5], [-0.82565, 44.40794, 51.05], [-0.82553, 44.40775, 50.2897821969697], [-0.82554, 44.40753, 50.2897821969697], [-0.82568, 44.40731, 48.760000000000005], [-0.82591, 44.40716, 48.760000000000005], [-0.82621, 44.4071, 49.0625], [-0.82653, 44.40717, 53.2], [-0.8264, 44.40738, 48.6]]], [[[-0.82687, 44.40733, 53.2], [-0.82696, 44.40745, 51.35], [-0.82682, 44.40757, 51.3], [-0.82691, 44.40762, 51.3], [-0.82699, 44.40753, 51.3], [-0.82698, 44.40771, 51.35], [-0.82675, 44.40803, 51.8], [-0.82639, 44.40817, 48.58666666666668], [-0.82646, 44.40752, 48.50909090909091], [-0.82662, 44.40719, 53.2], [-0.82687, 44.40733, 53.2]]]]}}, {"type": "Feature", "properties": {"id_obligation": "402950000D0916", "priorite": "faible"}, "geometry": {"type": "MultiPolygon", "coordinates": [[[[-0.82561, 44.40746, 48.6], [-0.8256, 44.40728, 48.6], [-0.82569, 44.40712, 51.2809523809524], [-0.82583, 44.40699, 51.2809523809524], [-0.82593, 44.40702, 46.7], [-0.8259, 44.40695, 53.7], [-0.82621, 44.40686, 51.309090909090905], [-0.82646, 44.40687, 51.309090909090905], [-0.82664, 44.40693, 51.81875], [-0.8264, 44.40738, 48.6], [-0.82629, 44.40731, 48.6], [-0.82622, 44.40736, 48.6], [-0.82633, 44.40745, 48.6], [-0.82639, 44.40741, 48.6], [-0.82638, 44.4079, 49.325], [-0.826, 44.40784, 50.5689265422078], [-0.82571, 44.40762, 50.5689265422078], [-0.82561, 44.40746, 48.6]]], [[[-0.82685, 44.40714, 50.7], [-0.82695, 44.40716, 50.7], [-0.82701, 44.40725, 51.21428571428572], [-0.82704, 44.40743, 51.21428571428572], [-0.82703, 44.4075, 51.3], [-0.82693, 44.40744, 51.3], [-0.82682, 44.40757, 51.3], [-0.82691, 44.40762, 51.3], [-0.827, 44.40752, 51.3], [-0.827, 44.40756, 51.550000000000004], [-0.82673, 44.4078, 51.8], [-0.82638, 44.4079, 49.325], [-0.82646, 44.40752, 49.45333333333334], [-0.82663, 44.40716, 53.2], [-0.82675, 44.407, 51.81875], [-0.82689, 44.4071, 50.7], [-0.82685, 44.40714, 50.7]]]]}}, {"type": "Feature", "properties": {"id_obligation": "402950000D0927", "priorite": "faible"}, "geometry": {"type": "Polygon", "coordinates": [[[-0.82933, 44.40215, 50.132802353896096], [-0.82949, 44.40229, 50.132802353896096], [-0.82956, 44.4026, 50.6], [-0.82936, 44.40263, 50.6], [-0.8294, 44.4027, 50.6], [-0.82955, 44.40268, 50.18571428571429], [-0.82946, 44.40284, 49.550000000000004], [-0.82928, 44.40297, 49.550000000000004], [-0.82915, 44.40293, 50.3], [-0.82914, 44.40302, 50.3], [-0.82877, 44.40304, 48.940763876457936], [-0.82883, 44.40302, 49.9], [-0.82884, 44.40295, 49.9], [-0.82875, 44.40292, 49.9], [-0.82863, 44.403, 49.9], [-0.82833, 44.40279, 49.9], [-0.82828, 44.40268, 51.9], [-0.82834, 44.4027, 51.9], [-0.82839, 44.40257, 51.9], [-0.8283, 44.40255, 51.9], [-0.82827, 44.40264, 51.9], [-0.82829, 44.4024, 51.1], [-0.8284, 44.40224, 51.1], [-0.82859, 44.40212, 51.1], [-0.82882, 44.40206, 50.0], [-0.82905, 44.40207, 50.0], [-0.82933, 44.40215, 50.132802353896096]]]}}, {"type": "Feature", "properties": {"id_obligation": "402950000D0929", "priorite": "forte"}, "geometry": {"type": "Polygon", "coordinates": [[[-0.83696, 44.39587, 52.7], [-0.837, 44.39572, 52.5], [-0.83728, 44.39558, 53.175], [-0.83752, 44.39556, 53.175], [-0.83783, 44.39562, 54.332689393939404], [-0.83806, 44.39576, 54.332689393939404], [-0.83816, 44.39592, 54.332689393939404], [-0.83816, 44.39616, 54.332689393939404], [-0.83808, 44.39632, 54.332689393939404], [-0.83792, 44.39645, 54.332689393939404], [-0.83771, 44.39653, 54.88000000000001], [-0.83747, 44.39655, 54.88000000000001], [-0.83718, 44.3965, 54.332689393939404], [-0.837, 44.3964, 54.332689393939404], [-0.83687, 44.39624, 54.332689393939404], [-0.83684, 44.39606, 54.332689393939404], [-0.83689, 44.39586, 52.60909090909092], [-0.83696, 44.39587, 52.7]]]}}, {"type": "Feature", "properties": {"id_obligation": "402950000D0933", "priorite": "forte"}, "geometry": {"type": "Polygon", "coordinates": [[[-0.83656, 44.39856, 52.5], [-0.83632, 44.39854, 52.5], [-0.83606, 44.39845, 51.904469696969706], [-0.83587, 44.39828, 51.904469696969706], [-0.8358, 44.39811, 51.904469696969706], [-0.83584, 44.39794, 51.904469696969706], [-0.83598, 44.39775, 50.8], [-0.83622, 44.39763, 50.8], [-0.83646, 44.39758, 51.904469696969706], [-0.83671, 44.39761, 51.904469696969706], [-0.837, 44.39773, 51.904469696969706], [-0.83715, 44.39787, 51.904469696969706], [-0.83721, 44.39804, 51.666666666666664], [-0.83718, 44.39821, 51.666666666666664], [-0.83711, 44.39832, 53.2], [-0.83709, 44.39829, 53.2], [-0.83697, 44.39833, 53.2], [-0.83702, 44.39841, 53.2], [-0.8368, 44.39852, 52.93749999999999], [-0.83656, 44.39856, 52.5]]]}}, {"type": "Feature", "properties": {"id_obligation": "402950000D0934", "priorite": "forte"}, "geometry": {"type": "Polygon", "coordinates": [[[-0.83738, 44.3979, 52.75485714285715], [-0.83757, 44.39801, 52.75485714285715], [-0.83775, 44.39827, 52.75485714285715], [-0.83777, 44.39844, 52.75485714285715], [-0.8377, 44.39861, 55.3], [-0.83755, 44.39875, 55.3], [-0.83722, 44.39886, 52.35], [-0.83697, 44.39888, 52.35], [-0.83674, 44.39883, 52.35], [-0.83626, 44.3986, 52.75485714285715], [-0.83612, 44.39845, 52.75485714285715], [-0.83608, 44.39823, 52.75485714285715], [-0.83619, 44.39803, 51.55999999999999], [-0.83646, 44.39784, 51.55999999999999], [-0.83676, 44.39779, 51.714285714285715], [-0.83738, 44.3979, 52.75485714285715]]]}}, {"type": "Feature", "properties": {"id_obligation": "402950000D0936", "priorite": "faible"}, "geometry": {"type": "Polygon", "coordinates": [[[-0.82515, 44.40889, 51.3], [-0.8254, 44.40878, 51.3], [-0.82551, 44.40877, 52.1], [-0.82549, 44.40882, 52.1], [-0.82566, 44.40885, 52.1], [-0.82569, 44.40877, 50.8], [-0.82581, 44.40878, 49.15483870967743], [-0.8261, 44.40885, 48.478571428571435], [-0.82622, 44.40892, 49.4], [-0.8261, 44.40895, 49.5], [-0.82629, 44.40899, 46.3], [-0.82638, 44.40919, 49.32941176470589], [-0.82634, 44.4095, 49.32941176470589], [-0.82624, 44.40966, 50.2], [-0.826, 44.40981, 51.0], [-0.82602, 44.40973, 51.0], [-0.82595, 44.40972, 51.0], [-0.82593, 44.40983, 51.0], [-0.82579, 44.40985, 50.86666666666667], [-0.82544, 44.40984, 49.96896384898045], [-0.82521, 44.40977, 49.96896384898045], [-0.82504, 44.40965, 49.96896384898045], [-0.82494, 44.40949, 51.3], [-0.82499, 44.40907, 51.3], [-0.82515, 44.40889, 51.3]]]}}, {"type": "Feature", "properties": {"id_obligation": "402950000D0940", "priorite": "faible"}, "geometry": {"type": "Polygon", "coordinates": [[[-0.82654, 44.40988, 49.782738095238095], [-0.82634, 44.40999, 49.782738095238095], [-0.82605, 44.41003, 51.0], [-0.82573, 44.40998, 49.89999999999999], [-0.82553, 44.40988, 49.89999999999999], [-0.82538, 44.40968, 49.782738095238095], [-0.82537, 44.40951, 49.782738095238095], [-0.82545, 44.4093, 48.97142857142857], [-0.82559, 44.40916, 48.97142857142857], [-0.8258, 44.40907, 48.82500000000001], [-0.82604, 44.40904, 48.82500000000001], [-0.82636, 44.40909, 49.5], [-0.82656, 44.40919, 49.5], [-0.82668, 44.40935, 49.5], [-0.82668, 44.40969, 49.782738095238095], [-0.82654, 44.40988, 49.782738095238095]]]}}, {"type": "Feature", "properties": {"id_obligation": "402950000D0948", "priorite": "forte"}, "geometry": {"type": "Polygon", "coordinates": [[[-0.84085, 44.40643, 52.08666666666667], [-0.84069, 44.40662, 52.08666666666667], [-0.84029, 44.40678, 52.08666666666667], [-0.83999, 44.40681, 52.08666666666667], [-0.8397, 44.40674, 52.08666666666667], [-0.8395, 44.40656, 52.08666666666667], [-0.83924, 44.40652, 52.08666666666667], [-0.83905, 44.40642, 50.70000000000001], [-0.8389, 44.40623, 50.70000000000001], [-0.83888, 44.40601, 52.08666666666667], [-0.83902, 44.40576, 52.08666666666667], [-0.83928, 44.40564, 52.08666666666667], [-0.83952, 44.40561, 52.08666666666667], [-0.8399, 44.40567, 52.08666666666667], [-0.84018, 44.40565, 52.08666666666667], [-0.84056, 44.40579, 52.08666666666667], [-0.84086, 44.40617, 53.3], [-0.84085, 44.40643, 52.08666666666667]]]}}, {"type": "Feature", "properties": {"id_obligation": "402950000D0955", "priorite": "faible"}, "geometry": {"type": "Polygon", "coordinates": [[[-0.82782, 44.40705, 49.8], [-0.82781, 44.40699, 49.8], [-0.82765, 44.40701, 49.8], [-0.82766, 44.40709, 49.8], [-0.8278, 44.40707, 49.8], [-0.82754, 44.40721, 49.8], [-0.8273, 44.40725, 51.50476190476189], [-0.82671, 44.4072, 51.81333333333335], [-0.82662, 44.40718, 53.2], [-0.82677, 44.40697, 51.81333333333335], [-0.8267, 44.40691, 51.81333333333335], [-0.82662, 44.40694, 51.81333333333335], [-0.82654, 44.40715, 51.81333333333335], [-0.82629, 44.40698, 53.2], [-0.8264, 44.407, 53.2], [-0.82643, 44.40693, 53.2], [-0.82625, 44.40691, 53.2], [-0.82621, 44.40674, -124.17094246031746], [-0.82627, 44.40649, -124.17094246031746], [-0.82647, 44.40625, 51.10000000000001], [-0.82666, 44.40614, 51.10000000000001], [-0.82678, 44.40611, 51.8], [-0.82677, 44.40615, 51.8], [-0.82688, 44.40618, 51.8], [-0.82692, 44.40609, 51.8], [-0.82727, 44.40612, 50.75625000000001], [-0.82768, 44.4063, -124.17094246031746], [-0.82784, 44.40642, -124.17094246031746], [-0.82795, 44.40662, -124.17094246031746], [-0.82792, 44.40688, 49.8], [-0.82782, 44.40705, 49.8]]]}}, {"type": "Feature", "properties": {"id_obligation": "402950000D0968", "priorite": "moyenne"}, "geometry": {"type": "Polygon", "coordinates": [[[-0.8335, 44.39059, 54.0], [-0.83354, 44.39047, 53.8], [-0.83346, 44.39045, 53.8], [-0.83338, 44.39054, 54.0], [-0.83322, 44.39042, 54.083333333333336], [-0.83313, 44.39025, 54.2], [-0.83313, 44.39001, 54.2], [-0.83323, 44.38981, 54.60479797979797], [-0.8334, 44.38969, 54.60479797979797], [-0.83362, 44.38962, 55.300000000000004], [-0.83389, 44.38962, 55.300000000000004], [-0.83412, 44.38967, 55.3], [-0.83434, 44.38983, 55.3], [-0.83443, 44.39, 54.60479797979797], [-0.83442, 44.39024, 54.60479797979797], [-0.83434, 44.3904, 54.60479797979797], [-0.83418, 44.39053, 54.60479797979797], [-0.83397, 44.39061, 54.2], [-0.8335, 44.39059, 54.0]]]}}, {"type": "Feature", "properties": {"id_obligation": "402950000D1000", "priorite": "moyenne"}, "geometry": {"type": "Polygon", "coordinates": [[[-0.83659, 44.39631, 53.1], [-0.83655, 44.39654, 53.1], [-0.83641, 44.3967, 53.0], [-0.83644, 44.39662, 53.0], [-0.8364, 44.39661, 53.0], [-0.83639, 44.39672, 53.0], [-0.83633, 44.39676, 54.0], [-0.83621, 44.39672, 54.0], [-0.83619, 44.39677, 54.0], [-0.8363, 44.39678, 54.0], [-0.8362, 44.39685, 53.5], [-0.83587, 44.39693, 53.19616368286445], [-0.83563, 44.39693, 53.19616368286445], [-0.8354, 44.39687, 53.19616368286445], [-0.8352, 44.39672, 53.19616368286445], [-0.83509, 44.39649, 53.19616368286445], [-0.83511, 44.39631, 53.19616368286445], [-0.83535, 44.39601, 53.19616368286445], [-0.83553, 44.39588, 53.19616368286445], [-0.83593, 44.39582, 53.1], [-0.83588, 44.39595, 53.1], [-0.83601, 44.39598, 53.1], [-0.83607, 44.39584, 53.0], [-0.83598, 44.39582, 53.06588539263499], [-0.83613, 44.39584, 52.90434782608696], [-0.83624, 44.39588, 52.6], [-0.8362, 44.39592, 52.6], [-0.83638, 44.39596, 52.90434782608696], [-0.83654, 44.39614, 52.90434782608696], [-0.83659, 44.39631, 53.1]]]}}, {"type": "Feature", "properties": {"id_obligation": "402950000D1002", "priorite": "forte"}, "geometry": {"type": "MultiPolygon", "coordinates": [[[[-0.83645, 44.39723, 53.74999999999999], [-0.83607, 44.39721, 53.228571428571435], [-0.8358, 44.39712, 53.228571428571435], [-0.83562, 44.39694, 53.228571428571435], [-0.83557, 44.39673, 54.0], [-0.83565, 44.39652, 54.0], [-0.83572, 44.39644, 54.079573591920074], [-0.83574, 44.39649, 54.0], [-0.83586, 44.39647, 54.0], [-0.83595, 44.3964, 54.0], [-0.83593, 44.39631, 54.0], [-0.83613, 44.3962, 53.100000000000016], [-0.83627, 44.39617, 53.1], [-0.83635, 44.3962, 53.1], [-0.83639, 44.39616, 53.1], [-0.83665, 44.39619, 53.60540293040294], [-0.83686, 44.39628, 53.60540293040294], [-0.83701, 44.39643, 53.60540293040294], [-0.83707, 44.3966, 53.60540293040294], [-0.83702, 44.39683, 53.60540293040294], [-0.83691, 44.39699, 53.60540293040294], [-0.83673, 44.39713, 53.60540293040294], [-0.83645, 44.39723, 53.74999999999999]]], [[[-0.83583, 44.39636, 54.084743346470496], [-0.83586, 44.39636, 54.0], [-0.83578, 44.3964, 54.1], [-0.83583, 44.39636, 54.084743346470496]]]]}}, {"type": "Feature", "properties": {"id_obligation": "402950000D1003", "priorite": "forte"}, "geometry": {"type": "Polygon", "coordinates": [[[-0.83608, 44.39665, 54.0], [-0.83634, 44.39688, 53.44666666666665], [-0.83635, 44.39717, 53.44666666666665], [-0.83612, 44.39743, 53.5], [-0.83585, 44.39752, 53.5], [-0.83561, 44.39752, 53.87368421052631], [-0.83551, 44.3975, 54.295696664881945], [-0.83556, 44.39744, 54.2], [-0.8355, 44.39741, 54.3], [-0.83539, 44.39745, 54.3], [-0.83543, 44.39748, 54.3], [-0.83528, 44.39743, 53.87368421052631], [-0.83498, 44.39743, 53.40461666987983], [-0.83467, 44.39733, 53.40461666987983], [-0.83449, 44.39722, 52.62307692307694], [-0.83439, 44.39707, 52.62307692307694], [-0.83437, 44.3969, 52.62307692307694], [-0.83447, 44.39668, 53.3], [-0.83463, 44.39654, 53.3], [-0.83503, 44.39644, 53.40461666987983], [-0.83528, 44.39648, 53.40461666987983], [-0.83551, 44.39657, 53.40461666987983], [-0.83608, 44.39665, 54.0]]]}}, {"type": "Feature", "properties": {"id_obligation": "402950000D1005", "priorite": "faible"}, "geometry": {"type": "Polygon", "coordinates": [[[-0.82954, 44.40218, 50.73333333333333], [-0.82943, 44.40241, 50.2], [-0.82926, 44.40253, 50.2], [-0.82907, 44.40256, 50.2], [-0.82907, 44.40261, 50.2], [-0.82894, 44.40264, 50.41428571428572], [-0.82869, 44.40264, 50.41428571428572], [-0.82838, 44.40261, 51.9], [-0.82839, 44.40257, 51.9], [-0.8283, 44.40255, 51.9], [-0.82829, 44.40259, 51.9], [-0.82812, 44.40255, 51.739999999999995], [-0.82792, 44.40245, 51.739999999999995], [-0.82777, 44.40225, 50.9013462226996], [-0.82777, 44.40207, 50.9013462226996], [-0.82787, 44.40182, 50.9013462226996], [-0.82808, 44.40165, 50.9013462226996], [-0.8283, 44.40158, 50.9013462226996], [-0.82855, 44.40158, 51.79999999999998], [-0.82913, 44.40167, 51.178947368421056], [-0.8294, 44.40183, 50.7], [-0.82932, 44.40193, 50.7], [-0.82945, 44.40196, 50.8], [-0.82947, 44.40191, 50.7182917114961], [-0.82954, 44.40218, 50.73333333333333]]]}}, {"type": "Feature", "properties": {"id_obligation": "402950000D1006", "priorite": "faible"}, "geometry": {"type": "MultiPolygon", "coordinates": [[[[-0.82972, 44.40204, 50.73333333333333], [-0.82957, 44.40217, 50.73333333333333], [-0.82926, 44.40229, 50.35], [-0.82901, 44.4023, 50.35], [-0.82874, 44.40224, 50.22222222222222], [-0.82851, 44.4021, 50.22222222222222], [-0.82853, 44.40204, 50.8], [-0.82845, 44.40203, 50.8], [-0.82841, 44.40195, 50.22222222222222], [-0.82838, 44.4017, 51.711111111111094], [-0.82844, 44.40154, 51.711111111111094], [-0.82871, 44.40121, 51.250000000000014], [-0.82885, 44.40113, 52.1], [-0.82887, 44.40121, 52.1], [-0.82904, 44.40118, 52.1], [-0.82902, 44.40109, 52.1], [-0.82927, 44.40108, 51.46363636363637], [-0.82959, 44.40116, 51.162500000000016], [-0.82973, 44.40125, 51.162500000000016], [-0.82982, 44.40135, 51.6], [-0.82973, 44.40131, 51.6], [-0.8297, 44.40139, 51.6], [-0.82985, 44.40141, 51.6], [-0.82987, 44.40149, 51.074999999999996], [-0.82972, 44.40204, 50.73333333333333]]]]}}, {"type": "Feature", "properties": {"id_obligation": "402950000D1007", "priorite": "moyenne"}, "geometry": {"type": "Polygon", "coordinates": [[[-0.82944, 44.40159, 51.431249999999984], [-0.82931, 44.40192, 51.4], [-0.82907, 44.40216, 51.4], [-0.8288, 44.40225, 50.05], [-0.82855, 44.40226, 50.05], [-0.82827, 44.40218, 50.8], [-0.82809, 44.40206, 50.8], [-0.82794, 44.40184, 51.12942688072297], [-0.82792, 44.40166, 51.12942688072297], [-0.82808, 44.4013, 51.12942688072297], [-0.82828, 44.40113, 51.12942688072297], [-0.82861, 44.40102, 51.45714285714287], [-0.82892, 44.40103, 51.45714285714287], [-0.82923, 44.40116, 51.07727272727274], [-0.82923, 44.40119, 51.1], [-0.82914, 44.40115, 51.1], [-0.8291, 44.40124, 51.1], [-0.82926, 44.40127, 51.1], [-0.82929, 44.4012, 51.1], [-0.82935, 44.40127, 50.6], [-0.82932, 44.40134, 50.6], [-0.82941, 44.40137, 51.07727272727274], [-0.82944, 44.40159, 51.431249999999984]]]}}, {"type": "Feature", "properties": {"id_obligation": "402950000D1009", "priorite": "moyenne"}, "geometry": {"type": "Polygon", "coordinates": [[[-0.82875, 44.40408, 50.0052380952381], [-0.82841, 44.40423, 50.0052380952381], [-0.82816, 44.40426, 50.0052380952381], [-0.82784, 44.40421, 50.0052380952381], [-0.82764, 44.40411, 50.0052380952381], [-0.82751, 44.40396, 50.0052380952381], [-0.82746, 44.40379, 50.0052380952381], [-0.82762, 44.40337, 51.0], [-0.82775, 44.40322, 51.0], [-0.82792, 44.40313, 51.097125875621494], [-0.82787, 44.40324, 51.0], [-0.82798, 44.40327, 51.1], [-0.82804, 44.40315, 51.1], [-0.82792, 44.40312, 51.1], [-0.82832, 44.40305, 50.16428571428571], [-0.82873, 44.40313, 49.96666666666667], [-0.829, 44.40331, 49.96666666666667], [-0.82901, 44.40338, 49.9], [-0.82893, 44.4034, 49.7], [-0.82897, 44.40345, 49.7], [-0.82904, 44.40342, 50.0], [-0.82908, 44.40352, 49.4952380952381], [-0.82899, 44.40383, 50.0052380952381], [-0.82875, 44.40408, 50.0052380952381]]]}}, {"type": "Feature", "properties": {"id_obligation": "402950000D1013", "priorite": "moyenne"}, "geometry": {"type": "Polygon", "coordinates": [[[-0.82942, 44.40028, 50.64000000000001], [-0.82973, 44.40042, 50.64000000000001], [-0.82986, 44.40058, 51.1], [-0.82975, 44.40057, 51.1], [-0.82973, 44.40065, 51.0], [-0.8299, 44.40067, 51.096360419888526], [-0.82992, 44.40072, 51.07777777777778], [-0.82992, 44.40079, 51.1], [-0.82981, 44.40077, 51.1], [-0.8298, 44.40086, 51.0], [-0.82991, 44.40088, 51.06721189084764], [-0.82982, 44.40101, 51.3], [-0.82964, 44.40097, 51.3], [-0.8296, 44.40105, 51.3], [-0.82977, 44.40109, 51.3], [-0.82962, 44.40117, 51.0], [-0.82925, 44.40129, 51.33076923076922], [-0.8289, 44.40131, 51.1], [-0.82892, 44.40126, 51.1], [-0.8288, 44.40123, 51.1], [-0.8288, 44.4013, 51.1], [-0.82876, 44.40129, 51.10000000000001], [-0.8284, 44.40114, 51.10000000000001], [-0.82827, 44.40099, 50.887292429792446], [-0.82824, 44.40077, 50.887292429792446], [-0.82835, 44.40056, 50.887292429792446], [-0.82851, 44.40043, 50.887292429792446], [-0.82911, 44.40028, 51.0], [-0.82942, 44.40028, 50.64000000000001]]]}}, {"type": "Feature", "properties": {"id_obligation": "402950000D1014", "priorite": "moyenne"}, "geometry": {"type": "Polygon", "coordinates": [[[-0.82957, 44.39994, 50.65373076923077], [-0.82995, 44.40001, 50.65373076923077], [-0.83018, 44.40015, 50.65373076923077], [-0.83029, 44.4004, 51.059999999999995], [-0.83019, 44.40073, 51.15], [-0.83006, 44.40087, 51.15], [-0.8298, 44.40099, 51.15], [-0.82964, 44.40097, 51.3], [-0.82962, 44.40101, 51.3], [-0.82938, 44.40106, 50.4125], [-0.82908, 44.40101, 50.0], [-0.82877, 44.40088, 50.0], [-0.82863, 44.40074, 50.65373076923077], [-0.82857, 44.40056, 50.65373076923077], [-0.8286, 44.40039, 50.65373076923077], [-0.82878, 44.40018, 50.65373076923077], [-0.82898, 44.40007, 50.65373076923077], [-0.82957, 44.39994, 50.65373076923077]]]}}, {"type": "Feature", "properties": {"id_obligation": "402950000D1016", "priorite": "faible"}, "geometry": {"type": "Polygon", "coordinates": [[[-0.82574, 44.40762, 48.519999999999996], [-0.82597, 44.40756, 48.519999999999996], [-0.82619, 44.40757, 48.5], [-0.82615, 44.40765, 48.5], [-0.82629, 44.40772, 48.5], [-0.82636, 44.40762, 48.5], [-0.8264, 44.40763, 49.91000000000001], [-0.82637, 44.40797, 47.577777777777776], [-0.82624, 44.40835, 49.0], [-0.82637, 44.40842, 49.0], [-0.82642, 44.40832, 47.577777777777776], [-0.82638, 44.40803, 47.577777777777776], [-0.82643, 44.40764, 49.91000000000001], [-0.82668, 44.40779, 49.91000000000001], [-0.82671, 44.40782, 51.8], [-0.82666, 44.40788, 51.8], [-0.8267, 44.4079, 51.8], [-0.82674, 44.40786, 51.8], [-0.82677, 44.40791, 49.91000000000001], [-0.8268, 44.40813, 47.577777777777776], [-0.82666, 44.40837, 49.0], [-0.82635, 44.40863, 49.0], [-0.82614, 44.40873, 48.90909090909091], [-0.82583, 44.40876, 48.90909090909091], [-0.82549, 44.40869, 51.12727272727273], [-0.82525, 44.40856, 51.12727272727273], [-0.82521, 44.40843, 50.8], [-0.82513, 44.4084, 50.8], [-0.82513, 44.40817, 51.9], [-0.82518, 44.40824, 51.9], [-0.8253, 44.40816, 48.2], [-0.82519, 44.40804, 51.9], [-0.82521, 44.408, 50.31818181818182], [-0.82574, 44.40762, 48.519999999999996]]]}}, {"type": "Feature", "properties": {"id_obligation": "402950000D1019", "priorite": "faible"}, "geometry": {"type": "Polygon", "coordinates": [[[-0.82539, 44.40756, 52.4], [-0.8253, 44.40743, 52.4], [-0.82516, 44.40741, 51.0], [-0.82511, 44.40749, 51.0], [-0.8252, 44.40763, 51.0], [-0.82501, 44.40765, 51.285714285714285], [-0.82467, 44.40759, 50.95547619047619], [-0.82447, 44.4075, 50.95547619047619], [-0.82433, 44.40735, 50.95547619047619], [-0.82429, 44.40713, 50.95547619047619], [-0.82437, 44.40691, 51.214285714285715], [-0.82453, 44.40674, 51.214285714285715], [-0.82483, 44.40661, 52.21999999999999], [-0.82506, 44.40657, 52.21999999999999], [-0.82537, 44.40661, 52.3], [-0.82468, 44.40682, 52.0], [-0.8247, 44.40689, 52.0], [-0.82547, 44.40665, 52.3], [-0.82556, 44.4067, 51.709999999999994], [-0.82574, 44.40692, 51.709999999999994], [-0.82578, 44.40709, 48.67500000000001], [-0.8257, 44.4073, 48.67500000000001], [-0.82539, 44.40756, 52.4]]]}}, {"type": "Feature", "properties": {"id_obligation": "402950000D1021", "priorite": "faible"}, "geometry": {"type": "Polygon", "coordinates": [[[-0.82781, 44.40356, 50.144650587507726], [-0.8276, 44.4034, 50.144650587507726], [-0.82752, 44.4032, 50.942857142857136], [-0.82758, 44.40295, 50.144650587507726], [-0.82771, 44.4028, 50.144650587507726], [-0.82797, 44.40267, 50.144650587507726], [-0.82821, 44.40265, 51.9], [-0.82859, 44.40272, 49.9], [-0.82885, 44.40284, 49.9], [-0.82897, 44.40299, 49.77272727272726], [-0.829, 44.40316, 49.77272727272726], [-0.82894, 44.40336, 49.16363636363637], [-0.82879, 44.40352, 49.0], [-0.82863, 44.40351, 49.0], [-0.82861, 44.40359, 49.6], [-0.82867, 44.4036, 49.6], [-0.82861, 44.40362, 49.16363636363637], [-0.82841, 44.40366, 49.5], [-0.82833, 44.40363, 49.5], [-0.82836, 44.40359, 48.5], [-0.82842, 44.4036, 49.4], [-0.82845, 44.40353, 49.4], [-0.82827, 44.4035, 49.4], [-0.82819, 44.4036, 49.4], [-0.82825, 44.40361, 49.5], [-0.82823, 44.40365, 49.5], [-0.82781, 44.40356, 50.144650587507726]]]}}, {"type": "Feature", "properties": {"id_obligation": "402950000D1032", "priorite": "faible"}, "geometry": {"type": "Polygon", "coordinates": [[[-0.82949, 44.40302, -1000.0], [-0.82936, 44.40327, 49.85], [-0.82914, 44.40342, 50.0], [-0.82911, 44.40337, 50.0], [-0.82919, 44.40331, 49.6], [-0.82905, 44.40328, 50.0], [-0.82901, 44.40338, 49.9], [-0.82893, 44.4034, 49.7], [-0.82905, 44.40345, 50.0], [-0.82884, 44.4035, 49.48571428571429], [-0.82854, 44.40351, 49.48571428571429], [-0.82831, 44.40344, 51.1], [-0.82814, 44.40332, 51.1], [-0.82802, 44.40313, 50.33888888888889], [-0.82801, 44.40309, 50.8], [-0.8281, 44.40311, 50.8], [-0.82814, 44.40301, 50.8], [-0.828, 44.40298, 50.8], [-0.82807, 44.40279, 51.9], [-0.82827, 44.40263, 51.9], [-0.82825, 44.40268, 51.9], [-0.82834, 44.4027, 51.9], [-0.82837, 44.40257, 51.9], [-0.82851, 44.40251, 48.86775980058712], [-0.82848, 44.40258, 48.8], [-0.82856, 44.4026, 48.8], [-0.82862, 44.40248, 49.82380952380953], [-0.82886, 44.40248, 49.82380952380953], [-0.82907, 44.40253, 49.154545454545456], [-0.82915, 44.40256, 50.2], [-0.82907, 44.40256, 50.2], [-0.82907, 44.40263, 50.2], [-0.82922, 44.40264, 50.2], [-0.82922, 44.40259, 50.2], [-0.82944, 44.40281, 49.154545454545456], [-0.82949, 44.40302, -1000.0]]]}}, {"type": "Feature", "properties": {"id_obligation": "402950000D1035", "priorite": "faible"}, "geometry": {"type": "Polygon", "coordinates": [[[-0.8289, 44.4032, 49.82222222222222], [-0.82918, 44.40312, 49.82222222222223], [-0.82952, 44.40314, 49.82222222222223], [-0.82978, 44.40325, 49.67070707070707], [-0.82992, 44.40339, 49.67070707070707], [-0.82998, 44.40356, 49.67070707070707], [-0.82992, 44.40387, 50.8], [-0.82977, 44.40406, 50.8], [-0.82957, 44.40416, 49.67070707070707], [-0.82933, 44.4042, 49.67070707070707], [-0.82895, 44.40416, 49.67070707070707], [-0.82874, 44.40406, 49.67070707070707], [-0.8286, 44.40392, 49.67070707070707], [-0.82855, 44.40374, 49.16363636363636], [-0.8287, 44.40337, 49.82222222222222], [-0.8289, 44.4032, 49.82222222222222]]]}}, {"type": "Feature", "properties": {"id_obligation": "402950000D1036", "priorite": "faible"}, "geometry": {"type": "Polygon", "coordinates": [[[-0.82907, 44.4031, 50.0], [-0.82928, 44.40319, 50.0], [-0.82943, 44.40333, 49.459999999999994], [-0.82949, 44.4035, 49.459999999999994], [-0.82944, 44.40373, 48.8], [-0.82934, 44.40388, 48.8], [-0.82916, 44.404, 48.8], [-0.82886, 44.40406, 49.515763888888884], [-0.82846, 44.40403, 49.574999999999996], [-0.82824, 44.40395, 49.574999999999996], [-0.82804, 44.40378, 49.574999999999996], [-0.82798, 44.40361, 49.30666666666666], [-0.82803, 44.40338, 49.30666666666666], [-0.82819, 44.40318, 49.777777777777786], [-0.82835, 44.40321, 49.8], [-0.82838, 44.40314, 49.8], [-0.8283, 44.40312, 49.8], [-0.82847, 44.40307, 49.899999999999984], [-0.82907, 44.4031, 50.0]]]}}, {"type": "Feature", "properties": {"id_obligation": "402950000D1046", "priorite": "moyenne"}, "geometry": {"type": "Polygon", "coordinates": [[[-0.84087, 44.40478, 51.55833333333334], [-0.84108, 44.40495, 51.55833333333334], [-0.84115, 44.40521, 51.55833333333334], [-0.84111, 44.4054, 51.8], [-0.84096, 44.40556, 52.11666666666667], [-0.8407, 44.40567, 52.11666666666667], [-0.84027, 44.4057, 51.55833333333334], [-0.84003, 44.40567, 51.55833333333334], [-0.83983, 44.40557, 51.55833333333334], [-0.83969, 44.40542, 51.55833333333334], [-0.83964, 44.40516, 51.55833333333334], [-0.83969, 44.40499, 51.55833333333334], [-0.83983, 44.40485, 51.55833333333334], [-0.84003, 44.40475, 51.55833333333334], [-0.84058, 44.4047, 51.55833333333334], [-0.84087, 44.40478, 51.55833333333334]]]}}, {"type": "Feature", "properties": {"id_obligation": "402950000D1050", "priorite": "forte"}, "geometry": {"type": "Polygon", "coordinates": [[[-0.8414, 44.4051, 51.39999999999999], [-0.84157, 44.40497, 51.39999999999999], [-0.8418, 44.40489, 51.0111111111111], [-0.84216, 44.40488, 51.0111111111111], [-0.84239, 44.40495, 51.0111111111111], [-0.8426, 44.40511, 51.0111111111111], [-0.84267, 44.40528, 51.0111111111111], [-0.84267, 44.4055, 51.0111111111111], [-0.84257, 44.40566, 51.0111111111111], [-0.84239, 44.40579, 51.0111111111111], [-0.84216, 44.40585, 51.0111111111111], [-0.8418, 44.40585, 51.0111111111111], [-0.8417, 44.40582, 52.3], [-0.8417, 44.40576, 52.3], [-0.84158, 44.40578, 51.43333333333332], [-0.84141, 44.40565, 51.43333333333332], [-0.84131, 44.40531, 51.0111111111111], [-0.8414, 44.4051, 51.39999999999999]]]}}, {"type": "Feature", "properties": {"id_obligation": "402950000D1058", "priorite": "forte"}, "geometry": {"type": "Polygon", "coordinates": [[[-0.83801, 44.41061, 47.5], [-0.83814, 44.41081, 48.42083333333333], [-0.83814, 44.41106, 48.42083333333333], [-0.83801, 44.41126, 48.42083333333333], [-0.83763, 44.4115, 48.42083333333333], [-0.83741, 44.41159, 48.42083333333333], [-0.83704, 44.41159, 48.42083333333333], [-0.83674, 44.41151, 48.42083333333333], [-0.83654, 44.41134, 48.42083333333333], [-0.83648, 44.41112, 48.42083333333333], [-0.83652, 44.41086, 48.42083333333333], [-0.83676, 44.41057, 48.42083333333333], [-0.83695, 44.41045, 48.42083333333333], [-0.83719, 44.4104, 47.5], [-0.83748, 44.4104, 47.5], [-0.83781, 44.4105, 47.5], [-0.83801, 44.41061, 47.5]]]}}, {"type": "Feature", "properties": {"id_obligation": "402950000D1059", "priorite": "forte"}, "geometry": {"type": "Polygon", "coordinates": [[[-0.83793, 44.4101, 49.373333333333335], [-0.83815, 44.41025, 49.373333333333335], [-0.83824, 44.41046, 49.373333333333335], [-0.8382, 44.4107, 49.373333333333335], [-0.83808, 44.41085, 49.373333333333335], [-0.83782, 44.41097, 49.373333333333335], [-0.83764, 44.411, 50.82], [-0.8373, 44.41098, 51.9], [-0.83752, 44.41098, 51.9], [-0.83752, 44.4109, 51.9], [-0.83737, 44.4109, 50.099999999999994], [-0.83737, 44.41084, 48.3], [-0.83726, 44.41084, 48.3], [-0.83724, 44.41097, 49.800000000000004], [-0.83703, 44.41087, 49.800000000000004], [-0.83688, 44.41073, 49.800000000000004], [-0.83683, 44.41055, 49.373333333333335], [-0.83686, 44.41038, 49.373333333333335], [-0.83698, 44.41023, 49.373333333333335], [-0.83718, 44.4101, 49.373333333333335], [-0.83741, 44.41004, 49.373333333333335], [-0.8377, 44.41004, 49.373333333333335], [-0.83793, 44.4101, 49.373333333333335]]]}}, {"type": "Feature", "properties": {"id_obligation": "402950000D1062", "priorite": "forte"}, "geometry": {"type": "Polygon", "coordinates": [[[-0.83746, 44.39888, 53.40000000000001], [-0.83737, 44.39892, 55.2], [-0.83743, 44.39895, 55.2], [-0.83736, 44.39904, 53.40000000000001], [-0.83719, 44.39916, 53.40000000000001], [-0.83692, 44.39924, 51.6], [-0.83668, 44.39926, 51.6], [-0.83644, 44.39921, 52.99611111111113], [-0.83622, 44.39906, 52.99611111111113], [-0.83607, 44.39877, 52.99611111111113], [-0.83604, 44.39859, 52.99611111111113], [-0.83614, 44.39839, 52.99611111111113], [-0.83632, 44.39826, 52.99611111111113], [-0.83666, 44.39818, 52.61666666666667], [-0.83695, 44.3982, 52.61666666666667], [-0.83721, 44.39832, 53.2], [-0.83739, 44.39852, 55.3], [-0.83746, 44.39888, 53.40000000000001]]]}}, {"type": "Feature", "properties": {"id_obligation": "402950000D1064", "priorite": "moyenne"}, "geometry": {"type": "Polygon", "coordinates": [[[-0.82342, 44.408, 48.650000000000006], [-0.82342, 44.40821, 48.33818181818182], [-0.82322, 44.40849, 48.33818181818182], [-0.82297, 44.40861, 48.33818181818182], [-0.82268, 44.40864, 48.33818181818182], [-0.82235, 44.40857, 48.33818181818182], [-0.82195, 44.40838, 48.33818181818182], [-0.82177, 44.40821, 48.33818181818182], [-0.82172, 44.408, 48.33818181818182], [-0.82183, 44.40771, 48.33818181818182], [-0.82199, 44.40752, 48.33818181818182], [-0.82224, 44.40739, 48.33818181818182], [-0.82252, 44.40736, 50.0], [-0.82279, 44.40746, 47.2], [-0.82281, 44.40742, 47.2], [-0.82288, 44.40744, 47.2], [-0.82306, 44.40756, 47.2], [-0.82342, 44.408, 48.650000000000006]]]}}, {"type": "Feature", "properties": {"id_obligation": "402950000D1067", "priorite": "moyenne"}, "geometry": {"type": "Polygon", "coordinates": [[[-0.82377, 44.40854, 50.95], [-0.82378, 44.40875, 50.95], [-0.82372, 44.40888, 48.7], [-0.82363, 44.4089, 48.7], [-0.82365, 44.40896, 48.7], [-0.82345, 44.40911, 48.7], [-0.82323, 44.40918, 50.95], [-0.82293, 44.40918, 50.95], [-0.8225, 44.40897, 50.95], [-0.82237, 44.40877, 50.95], [-0.82239, 44.40859, 50.95], [-0.82249, 44.40843, 50.95], [-0.82269, 44.40826, 50.95], [-0.82291, 44.40819, 50.95], [-0.82315, 44.40817, 50.95], [-0.82338, 44.40823, 50.95], [-0.82362, 44.40835, 50.95], [-0.82377, 44.40854, 50.95]]]}}, {"type": "Feature", "properties": {"id_obligation": "402950000D1072", "priorite": "moyenne"}, "geometry": {"type": "Polygon", "coordinates": [[[-0.82429, 44.40952, -264.4409523809524], [-0.82407, 44.40961, 52.3], [-0.82369, 44.40961, 52.3], [-0.82374, 44.40955, 52.3], [-0.8237, 44.40949, 52.3], [-0.82352, 44.40957, 52.3], [-0.82333, 44.40946, 52.3], [-0.82321, 44.40931, -264.4409523809524], [-0.82318, 44.40914, -264.4409523809524], [-0.82325, 44.40894, -264.4409523809524], [-0.8234, 44.4088, -264.4409523809524], [-0.82362, 44.40871, 49.31428571428571], [-0.82386, 44.40868, 49.31428571428571], [-0.82416, 44.40874, 49.7], [-0.82436, 44.40885, 49.7], [-0.82448, 44.409, -1000.0], [-0.82451, 44.40917, -1000.0], [-0.82446, 44.40934, -264.4409523809524], [-0.82429, 44.40952, -264.4409523809524]]]}}, {"type": "Feature", "properties": {"id_obligation": "402950000D1073", "priorite": "moyenne"}, "geometry": {"type": "Polygon", "coordinates": [[[-0.82438, 44.40915, -1000.0], [-0.82422, 44.40934, -1000.0], [-0.82396, 44.40945, -1000.0], [-0.82361, 44.40948, -1000.0], [-0.82338, 44.40943, -474.72333333333336], [-0.82315, 44.40928, -474.72333333333336], [-0.82302, 44.40903, -474.72333333333336], [-0.823, 44.40885, -474.72333333333336], [-0.82305, 44.40872, 53.2], [-0.82308, 44.40874, 53.2], [-0.82317, 44.40867, 53.2], [-0.82312, 44.40864, 53.2], [-0.82323, 44.40855, 53.2], [-0.82355, 44.40845, -474.72333333333336], [-0.8238, 44.40843, -474.72333333333336], [-0.82403, 44.40849, 49.760000000000005], [-0.82422, 44.4086, 49.760000000000005], [-0.82441, 44.40898, -1000.0], [-0.82438, 44.40915, -1000.0]]]}}, {"type": "Feature", "properties": {"id_obligation": "402950000D1079", "priorite": "forte"}, "geometry": {"type": "Polygon", "coordinates": [[[-0.82538, 44.41243, 48.55], [-0.82519, 44.41269, 48.55], [-0.82493, 44.4128, 48.55], [-0.82462, 44.41281, 48.55], [-0.82433, 44.41273, 48.55], [-0.82413, 44.41257, 48.55], [-0.824, 44.41216, 47.9], [-0.82401, 44.41198, 47.9], [-0.82413, 44.41175, 48.55], [-0.82428, 44.41162, 48.55], [-0.82455, 44.41153, 48.55], [-0.82479, 44.41153, 48.55], [-0.82509, 44.4116, 48.55], [-0.82532, 44.41176, 48.55], [-0.82541, 44.41192, 48.55], [-0.82538, 44.41243, 48.55]]]}}, {"type": "Feature", "properties": {"id_obligation": "402950000D1083", "priorite": "moyenne"}, "geometry": {"type": "Polygon", "coordinates": [[[-0.83039, 44.39347, 55.79999999999999], [-0.8306, 44.39337, 54.18333333333334], [-0.83066, 44.39335, 54.1], [-0.83062, 44.3934, 54.1], [-0.83079, 44.39347, 54.1], [-0.83085, 44.3934, 54.1], [-0.8307, 44.39335, 54.1], [-0.83109, 44.39338, 54.1], [-0.83133, 44.39347, 54.1], [-0.83148, 44.39361, 54.1], [-0.83155, 44.39377, 53.120000000000005], [-0.83151, 44.39398, 52.53333333333334], [-0.83135, 44.39416, 52.53333333333334], [-0.83114, 44.39426, 52.53333333333334], [-0.8309, 44.39429, 54.25761904761906], [-0.83065, 44.39425, 54.25761904761906], [-0.83042, 44.39416, 54.25761904761906], [-0.83024, 44.39398, 55.8], [-0.83019, 44.39381, 55.8], [-0.83025, 44.39361, 55.79999999999999], [-0.83039, 44.39347, 55.79999999999999]]]}}, {"type": "Feature", "properties": {"id_obligation": "402950000D1091", "priorite": "moyenne"}, "geometry": {"type": "MultiPolygon", "coordinates": [[[[-0.8314, 44.39537, 52.6], [-0.83141, 44.39533, 52.5], [-0.83143, 44.39534, 52.6], [-0.8314, 44.39537, 52.6]]], [[[-0.8312, 44.3956, 52.528571428571425], [-0.83098, 44.39568, 52.5], [-0.83074, 44.3957, 53.05358048796438], [-0.8304, 44.39563, 53.05358048796438], [-0.83011, 44.39549, 53.05358048796438], [-0.82991, 44.39531, 54.4], [-0.82984, 44.39511, 54.4], [-0.82991, 44.3949, 52.2], [-0.83012, 44.39472, 52.2], [-0.8304, 44.39463, 54.18000000000002], [-0.83088, 44.39462, 53.26666666666666], [-0.83111, 44.39468, 53.26666666666666], [-0.83138, 44.39484, 53.26666666666666], [-0.83149, 44.39499, 52.473158653845914], [-0.83147, 44.39527, 52.6], [-0.83146, 44.39518, 52.0], [-0.83141, 44.39517, 52.0], [-0.83132, 44.39528, 52.5], [-0.83132, 44.39535, 52.6], [-0.8314, 44.39537, 52.6], [-0.8312, 44.3956, 52.528571428571425]]]]}}, {"type": "Feature", "properties": {"id_obligation": "402950000D1097", "priorite": "moyenne"}, "geometry": {"type": "Polygon", "coordinates": [[[-0.83233, 44.3949, -164.0941017316017], [-0.83211, 44.39512, -164.0941017316017], [-0.83189, 44.3952, 52.271428571428565], [-0.83158, 44.39522, 52.271428571428565], [-0.83126, 44.39511, 52.0], [-0.83109, 44.39499, 52.0], [-0.831, 44.3948, 53.08877774754805], [-0.83109, 44.39471, 53.9], [-0.831, 44.39468, 53.9], [-0.83102, 44.39453, 53.26666666666666], [-0.83115, 44.39433, 50.5], [-0.83133, 44.3942, 50.5], [-0.83156, 44.39413, -52.05999999999998], [-0.83181, 44.39414, -52.05999999999998], [-0.83224, 44.39432, -1000.0], [-0.83215, 44.39436, -1000.0], [-0.83223, 44.39447, -1000.0], [-0.83234, 44.39442, -1000.0], [-0.8324, 44.39456, -1000.0], [-0.83229, 44.3946, -1000.0], [-0.83241, 44.39473, -521.0909090909091], [-0.83233, 44.3949, -164.0941017316017]]]}}, {"type": "Feature", "properties": {"id_obligation": "402950000D1099", "priorite": "moyenne"}, "geometry": {"type": "Polygon", "coordinates": [[[-0.83199, 44.39462, 53.6], [-0.83211, 44.39467, 53.6], [-0.83218, 44.39458, 53.6], [-0.8324, 44.39478, 52.874361802693784], [-0.83244, 44.39495, 52.874361802693784], [-0.83239, 44.39512, 52.874361802693784], [-0.8322, 44.39531, 52.874361802693784], [-0.832, 44.39542, 52.874361802693784], [-0.83172, 44.39547, 53.2], [-0.83174, 44.39544, 53.2], [-0.83156, 44.39537, 53.2], [-0.83152, 44.39545, 53.2], [-0.83147, 44.39543, 52.584000000000024], [-0.83112, 44.39524, 52.51431039663426], [-0.83099, 44.39509, 52.95], [-0.83096, 44.39487, 52.95], [-0.83109, 44.39471, 53.9], [-0.83105, 44.39469, 53.9], [-0.83127, 44.39452, 53.52], [-0.83149, 44.39444, 52.6888888888889], [-0.83177, 44.39443, 53.2], [-0.83206, 44.39452, 53.6], [-0.83199, 44.39462, 53.6]]]}}, {"type": "Feature", "properties": {"id_obligation": "402950000D1100", "priorite": "moyenne"}, "geometry": {"type": "Polygon", "coordinates": [[[-0.83114, 44.39417, 52.40928010043853], [-0.83099, 44.39419, 53.57500000000001], [-0.83075, 44.39416, 53.57500000000001], [-0.83049, 44.39406, 55.79999999999999], [-0.83016, 44.39384, 55.8], [-0.83024, 44.3937, 55.8], [-0.83003, 44.39363, 55.8], [-0.83, 44.39367, 55.8], [-0.82998, 44.39361, 55.8], [-0.82998, 44.39339, 53.99439338235294], [-0.83019, 44.39312, 53.99439338235294], [-0.83044, 44.39301, 54.1], [-0.83075, 44.39299, 54.1], [-0.83118, 44.39313, 53.0], [-0.83147, 44.39329, 53.0], [-0.83161, 44.39343, 53.0], [-0.83168, 44.39364, 53.0], [-0.83163, 44.3938, 52.51764705882354], [-0.83149, 44.394, 52.51764705882354], [-0.83114, 44.39417, 52.40928010043853]], [[-0.83123, 44.39404, 52.7], [-0.83129, 44.39405, 52.7], [-0.83132, 44.39396, 52.0], [-0.83115, 44.39394, 52.7], [-0.83107, 44.39414, 52.4], [-0.83114, 44.39417, 52.4], [-0.83123, 44.39404, 52.7]]]}}, {"type": "Feature", "properties": {"id_obligation": "402950000D1101", "priorite": "moyenne"}, "geometry": {"type": "Polygon", "coordinates": [[[-0.8314, 44.39319, 54.26975], [-0.83147, 44.39341, 53.0], [-0.83142, 44.39358, 54.1], [-0.83122, 44.3938, 54.1], [-0.83101, 44.39389, 54.1], [-0.83077, 44.39392, 54.26875000000001], [-0.83053, 44.39388, 54.26875000000001], [-0.83021, 44.39374, 55.8], [-0.83024, 44.3937, 55.8], [-0.83006, 44.3936, 54.26975], [-0.83, 44.39339, 54.26975], [-0.83005, 44.39322, 54.26975], [-0.8302, 44.39304, 54.26975], [-0.8304, 44.39293, 54.26975], [-0.83065, 44.39289, 54.26975], [-0.8309, 44.39292, 54.26975], [-0.83119, 44.39302, 54.26975], [-0.8314, 44.39319, 54.26975]]]}}, {"type": "Feature", "properties": {"id_obligation": "402950000D1102", "priorite": "faible"}, "geometry": {"type": "Polygon", "coordinates": [[[-0.83163, 44.39381, 53.96022501308216], [-0.83133, 44.39388, 54.1], [-0.83108, 44.39385, 54.1], [-0.8307, 44.3937, 54.11538461538463], [-0.83056, 44.39356, 54.11538461538463], [-0.8305, 44.39334, 54.18000000000001], [-0.83056, 44.39318, 54.18000000000001], [-0.83071, 44.393, 53.96022501308216], [-0.83097, 44.39288, 53.6], [-0.83122, 44.39285, 53.6], [-0.83142, 44.39289, 54.38656969825296], [-0.83133, 44.39301, 53.6], [-0.83138, 44.39303, 53.6], [-0.83137, 44.39312, 51.0], [-0.8315, 44.39313, 53.6], [-0.83164, 44.39297, 55.9], [-0.83178, 44.39304, 55.24285714285713], [-0.83192, 44.39318, 53.6], [-0.83198, 44.39335, 53.6], [-0.83194, 44.39353, 53.96022501308216], [-0.83182, 44.39369, 53.96022501308216], [-0.83163, 44.39381, 53.96022501308216]]]}}, {"type": "Feature", "properties": {"id_obligation": "402950000D1103", "priorite": "moyenne"}, "geometry": {"type": "Polygon", "coordinates": [[[-0.83389, 44.39179, -187.23571428571427], [-0.83358, 44.3918, -187.23571428571427], [-0.83332, 44.39173, 54.5], [-0.8331, 44.39158, 54.5], [-0.83301, 44.39137, 52.699999999999996], [-0.83306, 44.39112, 52.699999999999996], [-0.83317, 44.39094, -1000.0], [-0.83328, 44.39086, -1000.0], [-0.83336, 44.39088, -1000.0], [-0.83335, 44.39082, -1000.0], [-0.83364, 44.39076, -97.07857142857142], [-0.83394, 44.39079, -97.07857142857142], [-0.83421, 44.39088, -187.23571428571427], [-0.83437, 44.39101, -187.23571428571427], [-0.83446, 44.39121, -187.23571428571427], [-0.83442, 44.39141, -187.23571428571427], [-0.83431, 44.39157, -187.23571428571427], [-0.8341, 44.39172, -187.23571428571427], [-0.83389, 44.39179, -187.23571428571427]]]}}, {"type": "Feature", "properties": {"id_obligation": "402950000D1105", "priorite": "moyenne"}, "geometry": {"type": "Polygon", "coordinates": [[[-0.8342, 44.39068, 51.5], [-0.83434, 44.39087, -190.25840548340548], [-0.83436, 44.39104, -190.25840548340548], [-0.83426, 44.39131, -190.25840548340548], [-0.83407, 44.39149, -190.25840548340548], [-0.83385, 44.39156, 54.0], [-0.8336, 44.39157, 54.0], [-0.83347, 44.39155, 54.5], [-0.83348, 44.39151, 54.5], [-0.83332, 44.39152, 53.027272727272724], [-0.83311, 44.3914, 52.7], [-0.8332, 44.39139, 52.7], [-0.83321, 44.39132, 52.7], [-0.83305, 44.3913, 52.7], [-0.83304, 44.39133, 52.7], [-0.83298, 44.39122, 55.8], [-0.83305, 44.39105, 55.8], [-0.83297, 44.39103, 55.8], [-0.83306, 44.39077, -1000.0], [-0.83321, 44.39063, -1000.0], [-0.83338, 44.39055, 54.0], [-0.83337, 44.39058, 54.0], [-0.83349, 44.39061, 54.0], [-0.83354, 44.39052, -336.4111111111111], [-0.83395, 44.39056, 51.5], [-0.8342, 44.39068, 51.5]]]}}, {"type": "Feature", "properties": {"id_obligation": "402950000D1115", "priorite": "moyenne"}, "geometry": {"type": "Polygon", "coordinates": [[[-0.8395, 44.3997, 52.400000000000006], [-0.83974, 44.39972, 52.400000000000006], [-0.83996, 44.39979, -1000.0], [-0.84027, 44.40003, -1000.0], [-0.84035, 44.40019, -1000.0], [-0.84034, 44.40036, -1000.0], [-0.84024, 44.40052, 53.0], [-0.84, 44.40069, 53.0], [-0.83992, 44.40072, 53.0], [-0.83984, 44.40066, 53.0], [-0.8397, 44.40075, 53.0], [-0.83948, 44.40073, 53.0], [-0.83927, 44.40065, 53.64999999999999], [-0.839, 44.40045, 52.73333333333334], [-0.83889, 44.40025, 52.73333333333334], [-0.83891, 44.40008, 52.7], [-0.83902, 44.39992, 52.7], [-0.83921, 44.39978, 52.7], [-0.8395, 44.3997, 52.400000000000006]]]}}, {"type": "Feature", "properties": {"id_obligation": "402950000D1116", "priorite": "moyenne"}, "geometry": {"type": "Polygon", "coordinates": [[[-0.83875, 44.4005, -684.03], [-0.83864, 44.40041, -1000.0], [-0.8387, 44.40035, -1000.0], [-0.83857, 44.40032, -1000.0], [-0.83852, 44.40016, -1000.0], [-0.83855, 44.39999, -1000.0], [-0.83869, 44.39989, -1000.0], [-0.83863, 44.39986, -1000.0], [-0.83871, 44.39975, -1000.0], [-0.83889, 44.39962, -1000.0], [-0.83918, 44.39955, 52.60000000000001], [-0.83926, 44.39955, 52.6], [-0.83942, 44.39964, 52.6], [-0.83948, 44.39959, 52.6], [-0.83974, 44.39968, 53.31], [-0.83991, 44.3998, 53.31], [-0.84001, 44.40001, -398.6642857142857], [-0.83999, 44.40018, -398.6642857142857], [-0.83983, 44.40043, 52.4], [-0.83962, 44.40058, 53.56], [-0.83939, 44.40063, 53.56], [-0.83916, 44.40063, 53.940886073764744], [-0.83922, 44.4006, 54.7], [-0.83908, 44.40048, 52.2], [-0.83901, 44.40052, 52.2], [-0.83901, 44.40059, -684.03], [-0.83875, 44.4005, -684.03]]]}}, {"type": "Feature", "properties": {"id_obligation": "402950000D1120", "priorite": "moyenne"}, "geometry": {"type": "Polygon", "coordinates": [[[-0.83367, 44.3969, -82.07852564102565], [-0.83357, 44.39715, -82.07852564102565], [-0.83338, 44.39732, -82.07852564102565], [-0.83315, 44.3974, -82.07852564102565], [-0.83284, 44.3974, -82.07852564102565], [-0.83231, 44.39725, -82.07852564102565], [-0.83212, 44.39714, -82.07852564102565], [-0.83198, 44.39695, -82.07852564102565], [-0.83197, 44.39678, -82.07852564102565], [-0.83208, 44.39656, -352.723076923077], [-0.8323, 44.39635, 51.3], [-0.83236, 44.39637, 51.3], [-0.8324, 44.39629, 51.3], [-0.83258, 44.39624, 52.54999999999999], [-0.83289, 44.39624, 52.54999999999999], [-0.83328, 44.39635, -82.07852564102565], [-0.83346, 44.39647, -82.07852564102565], [-0.83361, 44.39669, -82.07852564102565], [-0.83367, 44.3969, -82.07852564102565]]]}}, {"type": "Feature", "properties": {"id_obligation": "402950000D1125", "priorite": "moyenne"}, "geometry": {"type": "Polygon", "coordinates": [[[-0.83028, 44.40567, 49.77843137254902], [-0.83034, 44.40589, 49.77843137254902], [-0.83028, 44.40612, 49.9], [-0.83008, 44.40629, 49.9], [-0.83001, 44.40632, 49.9], [-0.83, 44.40627, 49.9], [-0.82984, 44.40628, 49.9], [-0.82985, 44.40636, 49.9], [-0.82952, 44.40636, 49.9], [-0.82912, 44.40629, 49.77843137254902], [-0.82885, 44.40612, 49.77843137254902], [-0.82876, 44.40596, 49.77843137254902], [-0.82878, 44.40571, 49.77843137254902], [-0.8289, 44.40549, 49.77843137254902], [-0.82908, 44.40537, 49.77843137254902], [-0.82932, 44.40531, 49.77843137254902], [-0.82968, 44.40532, 49.77843137254902], [-0.8299, 44.40539, 49.77843137254902], [-0.83028, 44.40567, 49.77843137254902]]]}}, {"type": "Feature", "properties": {"id_obligation": "402950000D1128", "priorite": "faible"}, "geometry": {"type": "Polygon", "coordinates": [[[-0.82537, 44.40602, -475.6500000000001], [-0.82526, 44.40631, 48.6], [-0.82507, 44.40653, 48.6], [-0.82488, 44.40664, 49.34000000000002], [-0.8247, 44.40669, 50.9], [-0.82465, 44.40661, 50.9], [-0.82456, 44.40664, 50.9], [-0.82458, 44.4067, 49.34000000000002], [-0.82428, 44.40666, 48.9], [-0.82426, 44.40662, 48.9], [-0.82422, 44.40665, 48.9], [-0.82406, 44.40658, 48.94999999999999], [-0.82391, 44.40645, 48.94999999999999], [-0.82383, 44.40629, 48.94999999999999], [-0.82384, 44.40611, 50.21666666666667], [-0.82397, 44.40591, 50.21666666666667], [-0.82401, 44.40568, 50.21666666666667], [-0.82417, 44.40553, 51.60483389457475], [-0.82442, 44.40559, 49.0], [-0.82451, 44.4054, 49.0], [-0.82489, 44.4054, 51.7], [-0.82518, 44.40555, 51.7], [-0.82537, 44.40584, -475.6500000000001], [-0.82537, 44.40602, -475.6500000000001]]]}}, {"type": "Feature", "properties": {"id_obligation": "402950000D1129", "priorite": "faible"}, "geometry": {"type": "Polygon", "coordinates": [[[-0.82524, 44.4069, 52.300000000000004], [-0.8249, 44.40703, 51.95789473684209], [-0.8246, 44.40704, 48.89999999999999], [-0.82428, 44.40691, 48.89999999999999], [-0.82407, 44.40665, 49.21666666666666], [-0.82403, 44.40647, 49.21666666666666], [-0.82422, 44.40611, 49.452174094729564], [-0.82435, 44.40608, 49.2], [-0.8243, 44.40601, 51.55385855913508], [-0.82436, 44.40596, 49.41818181818182], [-0.82466, 44.40583, 48.42727272727272], [-0.8249, 44.4058, 48.42727272727272], [-0.82507, 44.40582, 48.7], [-0.82514, 44.40594, 48.7], [-0.82524, 44.40588, 48.7], [-0.82534, 44.40594, 48.7], [-0.82557, 44.40624, 49.85], [-0.82543, 44.40623, 49.5], [-0.8254, 44.40632, 49.5], [-0.82547, 44.40634, 49.5], [-0.82546, 44.40637, 49.5], [-0.82559, 44.40639, 49.5], [-0.82554, 44.40654, 49.85], [-0.82548, 44.40662, 52.3], [-0.82547, 44.40658, 52.3], [-0.82468, 44.40682, 52.0], [-0.8247, 44.40689, 52.0], [-0.82544, 44.40666, 52.3], [-0.82524, 44.4069, 52.300000000000004]]]}}, {"type": "Feature", "properties": {"id_obligation": "402950000D1130", "priorite": "faible"}, "geometry": {"type": "Polygon", "coordinates": [[[-0.82479, 44.40642, 48.6], [-0.82478, 44.40625, 48.6], [-0.82489, 44.406, 48.7], [-0.82509, 44.40585, 48.7], [-0.82514, 44.40594, 48.7], [-0.82525, 44.40591, 48.7], [-0.8252, 44.40581, 48.7], [-0.82558, 44.4058, 50.0240625], [-0.82595, 44.40588, 47.730000000000004], [-0.82617, 44.40604, 47.730000000000004], [-0.82624, 44.40616, 51.0], [-0.8262, 44.40624, 51.0], [-0.82626, 44.40626, 51.0], [-0.82624, 44.40636, 50.6], [-0.82607, 44.40632, 50.6], [-0.82599, 44.40639, 48.8], [-0.82622, 44.40644, 50.6], [-0.82613, 44.40662, 52.1], [-0.82592, 44.40677, 52.1], [-0.82564, 44.40684, 50.962500000000006], [-0.82533, 44.40681, 50.962500000000006], [-0.82515, 44.40676, 52.3], [-0.82549, 44.40664, 52.3], [-0.82547, 44.40658, 52.3], [-0.82508, 44.40671, 52.3], [-0.82489, 44.40658, 52.220000000000006], [-0.82479, 44.40642, 48.6]]]}}, {"type": "Feature", "properties": {"id_obligation": "402950000D1132", "priorite": "faible"}, "geometry": {"type": "Polygon", "coordinates": [[[-0.82606, 44.40592, 47.730000000000004], [-0.82598, 44.406, 47.6], [-0.82593, 44.40595, 47.5], [-0.8259, 44.40599, 47.6], [-0.82597, 44.40601, 47.6], [-0.82585, 44.40608, 47.730000000000004], [-0.82556, 44.40615, 47.730000000000004], [-0.82522, 44.40612, -126.0833333333333], [-0.82501, 44.40604, -126.0833333333333], [-0.82485, 44.40591, -126.0833333333333], [-0.8247, 44.40558, -650.1], [-0.82472, 44.40536, -650.1], [-0.82476, 44.40529, 51.7], [-0.82488, 44.40525, 51.7], [-0.82485, 44.4052, 51.7], [-0.82503, 44.4051, 51.7], [-0.82536, 44.40501, 48.88947368421054], [-0.82566, 44.40502, 48.88947368421054], [-0.82587, 44.4051, 48.8], [-0.82602, 44.40523, 48.88947368421054], [-0.82613, 44.40543, 49.18125], [-0.82614, 44.40566, 49.18125], [-0.82606, 44.40592, 47.730000000000004]]]}}, {"type": "Feature", "properties": {"id_obligation": "402950000D1137", "priorite": "faible"}, "geometry": {"type": "Polygon", "coordinates": [[[-0.82365, 44.40597, -1000.0], [-0.8236, 44.4059, -1000.0], [-0.82349, 44.40592, -1000.0], [-0.82355, 44.40575, -1000.0], [-0.8237, 44.40561, -1000.0], [-0.82399, 44.40549, 51.7], [-0.82403, 44.40554, 51.7], [-0.82411, 44.40552, 49.9], [-0.82442, 44.40559, 49.0], [-0.82447, 44.40549, 51.7], [-0.82479, 44.40569, 49.199999999999996], [-0.82494, 44.40594, 49.199999999999996], [-0.82497, 44.40612, 48.574999999999996], [-0.82491, 44.40629, 48.6], [-0.82489, 44.40625, 48.6], [-0.8248, 44.40629, 48.6], [-0.82485, 44.40636, 48.6], [-0.82475, 44.40643, 48.574999999999996], [-0.82458, 44.4065, 48.9], [-0.82452, 44.40642, 48.9], [-0.82443, 44.40645, 48.9], [-0.82449, 44.40653, 48.9], [-0.82418, 44.40657, 48.91], [-0.82394, 44.40652, -99.965], [-0.82375, 44.40642, -99.965], [-0.82351, 44.40605, -1000.0], [-0.82365, 44.40597, -1000.0]]]}}, {"type": "Feature", "properties": {"id_obligation": "402950000D1138", "priorite": "forte"}, "geometry": {"type": "Polygon", "coordinates": [[[-0.8367, 44.39658, 52.91150362318841], [-0.83647, 44.39664, 53.0], [-0.8364, 44.39661, 53.0], [-0.83635, 44.39665, 53.0], [-0.83611, 44.39662, 53.853333333333346], [-0.83579, 44.39648, 54.0], [-0.83595, 44.3964, 54.0], [-0.83592, 44.39627, 51.2], [-0.83586, 44.39626, 51.2], [-0.83585, 44.39637, 54.0], [-0.8357, 44.39641, 54.1], [-0.83558, 44.39619, 52.150000000000006], [-0.83558, 44.39588, 53.1], [-0.83569, 44.39566, 53.1], [-0.83584, 44.39553, 53.1], [-0.83612, 44.39543, 53.0], [-0.83636, 44.39543, 53.0], [-0.83665, 44.39552, 52.58], [-0.83684, 44.39563, 52.58], [-0.8369, 44.3957, 52.5], [-0.83681, 44.39581, 52.5], [-0.83696, 44.39587, 52.7], [-0.83699, 44.39583, 52.7], [-0.83708, 44.39602, 52.7], [-0.83706, 44.3962, 52.7], [-0.83691, 44.39642, 52.91150362318841], [-0.8367, 44.39658, 52.91150362318841]]]}}, {"type": "Feature", "properties": {"id_obligation": "402950000D1139", "priorite": "moyenne"}, "geometry": {"type": "Polygon", "coordinates": [[[-0.83013, 44.39436, -1000.0], [-0.83025, 44.3944, -1000.0], [-0.83029, 44.39433, -1000.0], [-0.83052, 44.39434, -1000.0], [-0.83074, 44.39441, -1000.0], [-0.83093, 44.39457, -1000.0], [-0.831, 44.39468, 53.9], [-0.83091, 44.39477, 52.0], [-0.83099, 44.39481, 52.0], [-0.83104, 44.39476, 53.9], [-0.83104, 44.39494, 54.383333333333326], [-0.83095, 44.3951, 52.40999999999999], [-0.83081, 44.39521, 52.5], [-0.83088, 44.39512, 52.5], [-0.83078, 44.39505, 52.2], [-0.83074, 44.39509, 52.2], [-0.83073, 44.39525, 52.40999999999999], [-0.83037, 44.39535, 53.34285714285714], [-0.83013, 44.39536, 53.34285714285714], [-0.82989, 44.3953, 55.0], [-0.82981, 44.39518, 55.0], [-0.82976, 44.39522, 55.0], [-0.82968, 44.39515, 55.0], [-0.82956, 44.39491, -356.1968650793651], [-0.82958, 44.39469, -356.1968650793651], [-0.82975, 44.39451, -1000.0], [-0.83013, 44.39436, -1000.0]]]}}, {"type": "Feature", "properties": {"id_obligation": "402950000D1140", "priorite": "moyenne"}, "geometry": {"type": "Polygon", "coordinates": [[[-0.82484, 44.40591, -606.5375], [-0.82451, 44.40602, 49.42857142857144], [-0.82431, 44.40603, 50.93601900118759], [-0.82424, 44.40591, 49.5], [-0.82412, 44.40595, 49.5], [-0.82415, 44.406, 51.12065690128114], [-0.82371, 44.40593, 49.2], [-0.82349, 44.40578, 49.2], [-0.82338, 44.40556, 49.2], [-0.82334, 44.40557, 49.2], [-0.82328, 44.40547, 49.4], [-0.82333, 44.40545, 49.4], [-0.82327, 44.40535, 49.4], [-0.82322, 44.40537, 49.4], [-0.82319, 44.40517, 49.58888888888888], [-0.82327, 44.40501, 49.749999999999986], [-0.82346, 44.40486, 50.1], [-0.82358, 44.40487, 50.1], [-0.82358, 44.40481, 50.1], [-0.82445, 44.40451, 51.7], [-0.82475, 44.40449, -32.064826388888896], [-0.82498, 44.40454, -32.064826388888896], [-0.8252, 44.4047, -32.064826388888896], [-0.82551, 44.40522, 49.68], [-0.82543, 44.40546, 49.2056861474218], [-0.82532, 44.4055, 49.7], [-0.82535, 44.40555, 49.7], [-0.82526, 44.4056, -606.5375], [-0.82499, 44.4057, -1000.0], [-0.82501, 44.40575, -606.5375], [-0.82484, 44.40591, -606.5375]]]}}, {"type": "Feature", "properties": {"id_obligation": "402950000D1149", "priorite": "moyenne"}, "geometry": {"type": "Polygon", "coordinates": [[[-0.83381, 44.3946, -122.34444444444448], [-0.83363, 44.39477, -122.34444444444448], [-0.83328, 44.39488, -122.34444444444448], [-0.83303, 44.3949, -122.34444444444448], [-0.83279, 44.39484, -122.34444444444448], [-0.8326, 44.39472, -122.34444444444448], [-0.83249, 44.39456, -122.34444444444448], [-0.83243, 44.39428, -122.34444444444448], [-0.8325, 44.39412, 52.5], [-0.83265, 44.39398, 52.5], [-0.83292, 44.39388, 53.866666666666674], [-0.83316, 44.39386, 53.866666666666674], [-0.83346, 44.39392, -122.34444444444448], [-0.83366, 44.39403, -122.34444444444448], [-0.8338, 44.39418, -122.34444444444448], [-0.83386, 44.39439, -122.34444444444448], [-0.83381, 44.3946, -122.34444444444448]]]}}, {"type": "Feature", "properties": {"id_obligation": "402950000D1151", "priorite": "moyenne"}, "geometry": {"type": "Polygon", "coordinates": [[[-0.83351, 44.3944, 53.20000000000001], [-0.83325, 44.39455, 53.20000000000001], [-0.83296, 44.39461, -699.0857142857143], [-0.83267, 44.39458, -72.1418956043956], [-0.8324, 44.39441, -72.1418956043956], [-0.8322, 44.39412, 52.878571428571426], [-0.83216, 44.39394, 52.878571428571426], [-0.83221, 44.39377, -72.1418956043956], [-0.83239, 44.3936, -72.1418956043956], [-0.83274, 44.39346, 52.9], [-0.83298, 44.39342, 52.9], [-0.83322, 44.39346, 53.32500000000001], [-0.83346, 44.39359, 53.32500000000001], [-0.83363, 44.3938, -72.1418956043956], [-0.83367, 44.39397, -72.1418956043956], [-0.83363, 44.3942, 53.20000000000001], [-0.83351, 44.3944, 53.20000000000001]]]}}, {"type": "Feature", "properties": {"id_obligation": "402950000D1152", "priorite": "moyenne"}, "geometry": {"type": "Polygon", "coordinates": [[[-0.83273, 44.39429, 53.33571428571428], [-0.83249, 44.39425, 53.199999999999996], [-0.83226, 44.39411, 53.199999999999996], [-0.83209, 44.39389, 53.65], [-0.83208, 44.39372, 53.65], [-0.83219, 44.39347, 53.47186147186147], [-0.8324, 44.39331, 53.47186147186147], [-0.83262, 44.39324, 53.47186147186147], [-0.83287, 44.39323, 53.47186147186147], [-0.83315, 44.39331, 54.2], [-0.83339, 44.3935, 54.2], [-0.8335, 44.39366, 52.1], [-0.83351, 44.39384, 53.24545454545455], [-0.83343, 44.394, 53.47186147186147], [-0.83304, 44.39425, 53.33571428571428], [-0.83273, 44.39429, 53.33571428571428]]]}}, {"type": "Feature", "properties": {"id_obligation": "402950000D1159", "priorite": "forte"}, "geometry": {"type": "Polygon", "coordinates": [[[-0.84031, 44.40007, -1000.0], [-0.84011, 44.40025, -1000.0], [-0.83977, 44.40034, 52.4], [-0.83942, 44.40028, 52.724999999999994], [-0.83916, 44.40015, 52.7], [-0.83931, 44.40019, 52.7], [-0.83939, 44.40005, 52.7], [-0.83923, 44.4, 52.7], [-0.83915, 44.40014, 52.76624970943843], [-0.83903, 44.39997, 52.724999999999994], [-0.83908, 44.39939, 52.6], [-0.83921, 44.39924, 52.6], [-0.83942, 44.39913, 52.6], [-0.83966, 44.39909, 52.8], [-0.84, 44.39912, -79.01698369565217], [-0.84021, 44.39921, -79.01698369565217], [-0.84035, 44.39935, -79.01698369565217], [-0.84042, 44.39976, 51.9], [-0.84031, 44.40007, -1000.0]]]}}, {"type": "Feature", "properties": {"id_obligation": "402950000D1160", "priorite": "forte"}, "geometry": {"type": "Polygon", "coordinates": [[[-0.84028, 44.39938, 53.16666666666666], [-0.84027, 44.39959, 53.16666666666666], [-0.84011, 44.39979, 52.16666666666666], [-0.83973, 44.40003, 52.62222222222222], [-0.83938, 44.40009, 52.62222222222222], [-0.83939, 44.40005, 52.7], [-0.83923, 44.4, 52.7], [-0.83919, 44.40006, 52.80283960913983], [-0.8387, 44.39977, 52.70900584795322], [-0.83861, 44.39961, 52.70900584795322], [-0.83862, 44.39943, 52.70900584795322], [-0.83873, 44.39927, 52.70900584795322], [-0.83897, 44.39909, 52.70900584795322], [-0.83961, 44.39896, 52.70900584795322], [-0.83985, 44.399, 52.70900584795322], [-0.84013, 44.39915, 52.70900584795322], [-0.84028, 44.39938, 53.16666666666666]]]}}, {"type": "Feature", "properties": {"id_obligation": "402950000D1162", "priorite": "moyenne"}, "geometry": {"type": "Polygon", "coordinates": [[[-0.83199, 44.39516, 52.26666666666667], [-0.83204, 44.39533, 52.65714285714286], [-0.83202, 44.39544, 52.6], [-0.83193, 44.39549, 52.6], [-0.83198, 44.39553, 52.6], [-0.83185, 44.39568, 52.6], [-0.83166, 44.39578, 51.660000000000004], [-0.83142, 44.39582, 51.660000000000004], [-0.83131, 44.39576, 51.7], [-0.83128, 44.39581, 51.64353920381426], [-0.83105, 44.39576, 52.5], [-0.83101, 44.39574, 52.5], [-0.83105, 44.39567, 52.5], [-0.83099, 44.39566, 52.5], [-0.83096, 44.39572, 52.5], [-0.8309, 44.39568, 52.5], [-0.83075, 44.39554, 52.5], [-0.8307, 44.39536, 52.5], [-0.83072, 44.39524, 52.5], [-0.8308, 44.39525, 52.5], [-0.83088, 44.39512, 52.5], [-0.83081, 44.39507, 52.5], [-0.83089, 44.395, 52.5], [-0.8311, 44.3949, 52.5], [-0.83134, 44.39487, 52.285714285714285], [-0.83161, 44.39491, 52.243365484080485], [-0.83158, 44.39493, 52.2], [-0.83172, 44.39502, 52.2], [-0.83181, 44.39499, 52.26666666666667], [-0.83199, 44.39516, 52.26666666666667]]]}}, {"type": "Feature", "properties": {"id_obligation": "402950000D1163", "priorite": "moyenne"}, "geometry": {"type": "Polygon", "coordinates": [[[-0.83134, 44.39566, 52.95384615384616], [-0.8313, 44.39544, 52.95384615384616], [-0.83133, 44.39535, 52.6], [-0.8314, 44.39537, 52.6], [-0.83141, 44.39533, 52.5], [-0.83148, 44.39535, 52.6], [-0.83151, 44.39528, 52.6], [-0.83145, 44.39527, 52.6], [-0.83146, 44.39519, 52.0], [-0.83161, 44.39507, 52.38571428571429], [-0.83189, 44.39498, 52.76457875457876], [-0.83213, 44.39499, 52.76457875457876], [-0.83235, 44.39506, 52.76457875457876], [-0.83265, 44.39523, 52.76457875457876], [-0.83277, 44.39543, 52.76457875457876], [-0.83277, 44.3956, 52.76457875457876], [-0.83267, 44.39576, 52.9], [-0.83247, 44.39593, 52.9], [-0.83239, 44.39597, 52.9], [-0.83246, 44.39589, 52.9], [-0.83236, 44.39584, 52.9], [-0.83227, 44.39594, 52.9], [-0.83236, 44.39598, 52.9], [-0.83201, 44.39602, 52.98333333333333], [-0.83178, 44.39597, 52.76457875457876], [-0.83152, 44.39584, 52.76457875457876], [-0.83134, 44.39566, 52.95384615384616]]]}}, {"type": "Feature", "properties": {"id_obligation": "402950000D1165", "priorite": "moyenne"}, "geometry": {"type": "Polygon", "coordinates": [[[-0.83103, 44.39574, 52.080000000000005], [-0.83105, 44.39567, 52.5], [-0.83098, 44.39568, 52.5], [-0.83091, 44.39559, 52.53270947802115], [-0.83088, 44.39542, 52.53270947802115], [-0.83093, 44.39525, 52.5], [-0.83109, 44.39507, 52.5], [-0.83129, 44.39496, 52.5], [-0.8316, 44.39492, 52.22672861179927], [-0.83172, 44.39502, 52.2], [-0.83184, 44.39496, 52.52706392084794], [-0.83217, 44.39512, 52.52706392084794], [-0.83231, 44.39526, 52.6], [-0.83237, 44.39548, 52.6], [-0.8323, 44.39565, 53.0], [-0.83209, 44.39586, 53.0], [-0.83187, 44.39595, 52.52706392084794], [-0.83157, 44.39596, 52.52706392084794], [-0.83127, 44.39587, 52.080000000000005], [-0.83103, 44.39574, 52.080000000000005]]]}}, {"type": "Feature", "properties": {"id_obligation": "402950000D1167", "priorite": "moyenne"}, "geometry": {"type": "Polygon", "coordinates": [[[-0.83223, 44.39508, 52.61478873171573], [-0.83231, 44.39529, 52.6], [-0.83226, 44.39546, 52.6], [-0.83209, 44.39566, 52.6], [-0.83183, 44.39577, 53.20000000000001], [-0.83159, 44.39579, 53.20000000000001], [-0.83135, 44.39574, 52.61478873171573], [-0.83112, 44.39563, 52.61478873171573], [-0.83098, 44.39549, 52.61478873171573], [-0.83092, 44.39532, 52.53899694055892], [-0.83097, 44.39514, 52.61478873171573], [-0.83114, 44.39495, 52.61478873171573], [-0.83134, 44.39484, 52.61478873171573], [-0.83158, 44.39481, 52.25714285714286], [-0.83182, 44.39484, 52.61478873171573], [-0.83207, 44.39494, 52.61478873171573], [-0.83223, 44.39508, 52.61478873171573]]]}}, {"type": "Feature", "properties": {"id_obligation": "402950000D1180", "priorite": "moyenne"}, "geometry": {"type": "Polygon", "coordinates": [[[-0.8419, 44.40072, 52.611111111111114], [-0.84174, 44.40095, 51.93333333333334], [-0.84154, 44.40106, 51.77666120455173], [-0.8415, 44.40099, 51.7], [-0.8414, 44.40105, 53.0], [-0.84139, 44.40104, 53.0], [-0.84129, 44.40109, 53.0], [-0.84132, 44.40112, 53.0], [-0.84111, 44.40112, 53.0], [-0.84088, 44.40106, 52.45054811507936], [-0.84071, 44.40095, 52.45054811507936], [-0.84044, 44.4006, 51.94285714285714], [-0.8404, 44.40039, 52.353333333333325], [-0.84047, 44.40022, 52.353333333333325], [-0.84063, 44.40008, 52.353333333333325], [-0.8409, 44.39999, 52.870000000000005], [-0.84114, 44.39997, 52.870000000000005], [-0.8413, 44.4, 52.4], [-0.8413, 44.40008, 52.4], [-0.84143, 44.40006, 52.4], [-0.84147, 44.40018, 54.1], [-0.84159, 44.40017, 54.48464101096809], [-0.84188, 44.4005, 52.611111111111114], [-0.8419, 44.40072, 52.611111111111114]]]}}, {"type": "Feature", "properties": {"id_obligation": "402950000D1181", "priorite": "moyenne"}, "geometry": {"type": "Polygon", "coordinates": [[[-0.84209, 44.4006, 52.51540586864116], [-0.84199, 44.40084, 52.51540586864116], [-0.84183, 44.40097, 52.51540586864116], [-0.84154, 44.40107, 51.712682183179034], [-0.8415, 44.40099, 51.7], [-0.8414, 44.40105, 53.0], [-0.84139, 44.40104, 53.0], [-0.84131, 44.4011, 53.0], [-0.84099, 44.40104, 52.51540586864116], [-0.84081, 44.40093, 52.51540586864116], [-0.84066, 44.40073, 51.823076923076925], [-0.84065, 44.40032, 52.5], [-0.84069, 44.40039, 52.5], [-0.84077, 44.40037, 51.6], [-0.84069, 44.4002, 51.941176470588246], [-0.84088, 44.40002, 51.941176470588246], [-0.8411, 44.39994, 53.199999999999974], [-0.8415, 44.39991, 53.199999999999974], [-0.84178, 44.39998, 53.45], [-0.84199, 44.40015, 53.45], [-0.84209, 44.40042, 52.51540586864116], [-0.84209, 44.4006, 52.51540586864116]]]}}, {"type": "Feature", "properties": {"id_obligation": "402950000D1182", "priorite": "forte"}, "geometry": {"type": "Polygon", "coordinates": [[[-0.84259, 44.40151, 52.45718466527566], [-0.84247, 44.40171, 52.45718466527566], [-0.84225, 44.40185, 52.45718466527566], [-0.84195, 44.40191, 52.45718466527566], [-0.84165, 44.40186, 52.45718466527566], [-0.84145, 44.40175, 52.45718466527566], [-0.84125, 44.40151, 52.45718466527566], [-0.8412, 44.40134, 52.45718466527566], [-0.84124, 44.40116, 52.434369330551334], [-0.84137, 44.40102, 52.434369330551334], [-0.84157, 44.40091, 52.434369330551334], [-0.84185, 44.40086, 52.45718466527566], [-0.84209, 44.40089, 52.45718466527566], [-0.84229, 44.40098, 52.45718466527566], [-0.84257, 44.40133, 52.45718466527566], [-0.84259, 44.40151, 52.45718466527566]]]}}, {"type": "Feature", "properties": {"id_obligation": "402950000D1183", "priorite": "forte"}, "geometry": {"type": "Polygon", "coordinates": [[[-0.84211, 44.40135, 52.48], [-0.84196, 44.40148, 52.48], [-0.84169, 44.40159, 52.42770644351711], [-0.84146, 44.40161, 52.42770644351711], [-0.84113, 44.40156, 52.42770644351711], [-0.84092, 44.40147, 52.42770644351711], [-0.84073, 44.40129, 52.42770644351711], [-0.84067, 44.40107, 52.42770644351711], [-0.84073, 44.4009, 52.42770644351711], [-0.84087, 44.40076, 52.42770644351711], [-0.84127, 44.40057, 52.4], [-0.84157, 44.40054, 52.4], [-0.84186, 44.40062, 52.42770644351711], [-0.84204, 44.40075, 52.42770644351711], [-0.84215, 44.40091, 52.42770644351711], [-0.8422, 44.40115, 52.42770644351711], [-0.84211, 44.40135, 52.48]]]}}, {"type": "Feature", "properties": {"id_obligation": "402950000D1184", "priorite": "forte"}, "geometry": {"type": "Polygon", "coordinates": [[[-0.84083, 44.40118, 52.55368978000556], [-0.84053, 44.40115, 52.55368978000556], [-0.84029, 44.40104, 52.55368978000556], [-0.84008, 44.40084, 52.55368978000556], [-0.8402, 44.40075, 52.7], [-0.84011, 44.40068, 52.7], [-0.84003, 44.40074, 52.7], [-0.84007, 44.40045, 53.3], [-0.84022, 44.40031, 53.3], [-0.84048, 44.40017, 52.215789473684204], [-0.84073, 44.40013, 52.215789473684204], [-0.84103, 44.40018, 52.94444444444444], [-0.84113, 44.40022, 53.8], [-0.84113, 44.40029, 53.8], [-0.8412, 44.40027, 53.8], [-0.84132, 44.40037, 52.5], [-0.84128, 44.40037, 52.5], [-0.84132, 44.40053, 52.5], [-0.84145, 44.40052, 52.5], [-0.84149, 44.40067, 52.219047619047615], [-0.84144, 44.40085, 52.55368978000556], [-0.84112, 44.4011, 52.55368978000556], [-0.84083, 44.40118, 52.55368978000556]]]}}, {"type": "Feature", "properties": {"id_obligation": "402950000D1185", "priorite": "moyenne"}, "geometry": {"type": "Polygon", "coordinates": [[[-0.83786, 44.3956, 54.19291666666667], [-0.83791, 44.39577, 53.3], [-0.83786, 44.39594, 55.85714285714287], [-0.83766, 44.39617, 55.85714285714287], [-0.83746, 44.39627, 57.34285714285714], [-0.83722, 44.3963, 57.34285714285714], [-0.83698, 44.39627, 54.19291666666667], [-0.83671, 44.39615, 54.19291666666667], [-0.83655, 44.39596, 52.61999999999999], [-0.83652, 44.39578, 52.61999999999999], [-0.83659, 44.39561, 54.19291666666667], [-0.83676, 44.39543, 54.19291666666667], [-0.83697, 44.39533, 53.4], [-0.83721, 44.39529, 53.4], [-0.83745, 44.39533, 54.19291666666667], [-0.83768, 44.39542, 54.19291666666667], [-0.83786, 44.3956, 54.19291666666667]]]}}, {"type": "Feature", "properties": {"id_obligation": "402950000D1186", "priorite": "moyenne"}, "geometry": {"type": "Polygon", "coordinates": [[[-0.83754, 44.39605, 52.6], [-0.83748, 44.39601, 52.6], [-0.83746, 44.39609, 60.2], [-0.83751, 44.3961, 60.2], [-0.83745, 44.39616, 57.14285714285717], [-0.83735, 44.39614, 56.2], [-0.83734, 44.39623, 56.2], [-0.83702, 44.39632, 53.682207792207805], [-0.83671, 44.39628, 53.682207792207805], [-0.83641, 44.39615, 53.03750000000001], [-0.83646, 44.39607, 53.1], [-0.83633, 44.39602, 53.0], [-0.83632, 44.39609, 53.1], [-0.83621, 44.39592, 52.6], [-0.83619, 44.39585, 52.60000000000001], [-0.83624, 44.39563, 52.60000000000001], [-0.83644, 44.39539, 53.682207792207805], [-0.83663, 44.39528, 53.682207792207805], [-0.83692, 44.39523, 53.682207792207805], [-0.83715, 44.39526, 53.682207792207805], [-0.83745, 44.3954, 53.682207792207805], [-0.83759, 44.39555, 53.682207792207805], [-0.83765, 44.39579, 53.01818181818182], [-0.83754, 44.39605, 52.6]], [[-0.83632, 44.39597, 52.6], [-0.83635, 44.39592, 52.6], [-0.83624, 44.39587, 52.6], [-0.83621, 44.39592, 52.6], [-0.83632, 44.39597, 52.6]]]}}, {"type": "Feature", "properties": {"id_obligation": "402950000D1188", "priorite": "forte"}, "geometry": {"type": "Polygon", "coordinates": [[[-0.83816, 44.39583, 54.07689393939395], [-0.83801, 44.39604, 54.07689393939395], [-0.83782, 44.39615, 54.07689393939395], [-0.83758, 44.39621, 56.600000000000016], [-0.83743, 44.3962, 56.2], [-0.83745, 44.39616, 56.2], [-0.83735, 44.39614, 56.2], [-0.83732, 44.39619, 56.2], [-0.83728, 44.39617, 56.600000000000016], [-0.83694, 44.39603, 54.07689393939395], [-0.83678, 44.39589, 52.6125], [-0.83671, 44.39572, 52.6125], [-0.83675, 44.39554, 54.07689393939395], [-0.83693, 44.39531, 54.07689393939395], [-0.83713, 44.3952, 54.07689393939395], [-0.83738, 44.39516, 54.07689393939395], [-0.83762, 44.39519, 54.07689393939395], [-0.83794, 44.39532, 54.07689393939395], [-0.83809, 44.39545, 54.07689393939395], [-0.83818, 44.39565, 54.07689393939395], [-0.83816, 44.39583, 54.07689393939395]]]}}, {"type": "Feature", "properties": {"id_obligation": "402950000D1195", "priorite": "forte"}, "geometry": {"type": "Polygon", "coordinates": [[[-0.83454, 44.39866, 54.041666666666664], [-0.83447, 44.39844, 54.041666666666664], [-0.83452, 44.39827, 54.041666666666664], [-0.8347, 44.39808, 54.041666666666664], [-0.83491, 44.39799, 54.041666666666664], [-0.83522, 44.39797, 54.041666666666664], [-0.83542, 44.39801, 55.1], [-0.83536, 44.39808, 55.1], [-0.8355, 44.39814, 55.1], [-0.83556, 44.39807, 55.1], [-0.83569, 44.39815, 54.612500000000004], [-0.83581, 44.39831, 53.8], [-0.83584, 44.39849, 53.8], [-0.83577, 44.39866, 54.041666666666664], [-0.83562, 44.39881, 54.041666666666664], [-0.83542, 44.3989, 54.041666666666664], [-0.83518, 44.39894, 54.041666666666664], [-0.83494, 44.39891, 54.041666666666664], [-0.8347, 44.3988, 54.041666666666664], [-0.83454, 44.39866, 54.041666666666664]]]}}, {"type": "Feature", "properties": {"id_obligation": "402950000D1196", "priorite": "forte"}, "geometry": {"type": "Polygon", "coordinates": [[[-0.83596, 44.3986, 52.951666666666675], [-0.83575, 44.39878, 52.951666666666675], [-0.83547, 44.39887, 53.75], [-0.83511, 44.39883, 53.6], [-0.83485, 44.39869, 53.6], [-0.83471, 44.3985, 53.6], [-0.83474, 44.39804, 52.951666666666675], [-0.8348, 44.39787, 52.951666666666675], [-0.83497, 44.3977, 52.951666666666675], [-0.83517, 44.3976, 54.29999999999999], [-0.83536, 44.39756, 54.3], [-0.83544, 44.3976, 54.3], [-0.83548, 44.39756, 54.3], [-0.8357, 44.3976, 50.8], [-0.83599, 44.39774, 50.8], [-0.83613, 44.39788, 50.8], [-0.83619, 44.39806, 50.8], [-0.83613, 44.39833, 50.8], [-0.83596, 44.3986, 52.951666666666675]]]}}, {"type": "Feature", "properties": {"id_obligation": "402950000D1198", "priorite": "faible"}, "geometry": {"type": "Polygon", "coordinates": [[[-0.82834, 44.40955, 48.8], [-0.82842, 44.40972, 48.66363636363636], [-0.82838, 44.40996, 48.5], [-0.82821, 44.41015, 48.5], [-0.82794, 44.41026, 48.5], [-0.82762, 44.41028, 48.848441558441564], [-0.82729, 44.41023, 48.848441558441564], [-0.82704, 44.4101, 48.848441558441564], [-0.82692, 44.40995, 48.848441558441564], [-0.82688, 44.40978, 48.848441558441564], [-0.82696, 44.40953, 48.848441558441564], [-0.82713, 44.40935, 48.848441558441564], [-0.82734, 44.40926, 48.848441558441564], [-0.82758, 44.40923, 49.6], [-0.82783, 44.40927, 49.6], [-0.82812, 44.40939, 48.8], [-0.82834, 44.40955, 48.8]]]}}, {"type": "Feature", "properties": {"id_obligation": "402950000D1199", "priorite": "faible"}, "geometry": {"type": "Polygon", "coordinates": [[[-0.82849, 44.40969, 48.800000000000004], [-0.82838, 44.40985, 48.5], [-0.82818, 44.4098, 48.5], [-0.82814, 44.4099, 48.5], [-0.82829, 44.40991, 48.5], [-0.8278, 44.41006, 48.5], [-0.82756, 44.41005, 48.5], [-0.82729, 44.40993, 48.5], [-0.82716, 44.40978, 48.5], [-0.82707, 44.40958, 48.5], [-0.82712, 44.40937, 48.66944444444445], [-0.82725, 44.40922, 48.66944444444445], [-0.82745, 44.40913, 48.66944444444445], [-0.82779, 44.40905, 48.70000000000001], [-0.82804, 44.40907, 48.66780173554951], [-0.82799, 44.40911, 48.7], [-0.82802, 44.40914, 48.6], [-0.82812, 44.40915, 48.6], [-0.82813, 44.40909, 48.53800114772284], [-0.82825, 44.40915, 48.60000000000001], [-0.8284, 44.40928, 48.60000000000001], [-0.82851, 44.40947, 48.800000000000004], [-0.82849, 44.40969, 48.800000000000004]]]}}, {"type": "Feature", "properties": {"id_obligation": "402950000D1200", "priorite": "faible"}, "geometry": {"type": "Polygon", "coordinates": [[[-0.82804, 44.41014, 48.5], [-0.82774, 44.41005, 48.5], [-0.82757, 44.40991, 48.5], [-0.82749, 44.40975, 48.94615384615385], [-0.8275, 44.40957, 48.94615384615385], [-0.82762, 44.40932, 48.582609057609055], [-0.82779, 44.4092, 48.582609057609055], [-0.82803, 44.40912, 48.6], [-0.82812, 44.40915, 48.6], [-0.82813, 44.40911, 48.554100769749155], [-0.82825, 44.40911, 48.5909090909091], [-0.82863, 44.4092, 48.4], [-0.82885, 44.40936, 48.4], [-0.82893, 44.40952, 48.56666666666666], [-0.82892, 44.4097, 48.58788553156774], [-0.82873, 44.40966, 48.5], [-0.82869, 44.40975, 48.6], [-0.82888, 44.4098, 48.6], [-0.82885, 44.40986, 48.1], [-0.82879, 44.40985, 48.1], [-0.82877, 44.40996, 48.357142857142854], [-0.82854, 44.40993, 48.5], [-0.82851, 44.41001, 48.5], [-0.82866, 44.41004, 48.5], [-0.82829, 44.41015, 48.5], [-0.82804, 44.41014, 48.5]]]}}, {"type": "Feature", "properties": {"id_obligation": "402950000D1201", "priorite": "faible"}, "geometry": {"type": "Polygon", "coordinates": [[[-0.82785, 44.4103, 48.6138775510204], [-0.82766, 44.41019, 48.6138775510204], [-0.82754, 44.41004, 48.5], [-0.82751, 44.40986, 48.5], [-0.82752, 44.40981, 48.5], [-0.82778, 44.40982, 48.5], [-0.82779, 44.40977, 48.5], [-0.82761, 44.40974, 48.5], [-0.82762, 44.40969, 48.5], [-0.82757, 44.40968, 48.5], [-0.82773, 44.40948, 49.080000000000005], [-0.82799, 44.40937, 48.8], [-0.82823, 44.40935, 48.8], [-0.8286, 44.40942, 48.5], [-0.82881, 44.40951, 48.5], [-0.82897, 44.40969, 48.357142857142854], [-0.829, 44.40986, 48.357142857142854], [-0.82892, 44.41011, 48.5], [-0.82877, 44.41025, 48.5], [-0.8285, 44.41036, 48.6138775510204], [-0.82815, 44.41036, 48.6138775510204], [-0.82785, 44.4103, 48.6138775510204]]]}}, {"type": "Feature", "properties": {"id_obligation": "402950000D1202", "priorite": "faible"}, "geometry": {"type": "Polygon", "coordinates": [[[-0.82804, 44.41031, 48.5106746031746], [-0.8279, 44.41012, 48.5], [-0.8279, 44.40991, 48.5], [-0.82803, 44.40966, 48.7625], [-0.82815, 44.40957, 48.8], [-0.82811, 44.40969, 48.8], [-0.82827, 44.40969, 48.8], [-0.82831, 44.40959, 48.8], [-0.82818, 44.40956, 48.8], [-0.82851, 44.40948, 48.583333333333336], [-0.82892, 44.40954, 48.6], [-0.82914, 44.40961, 48.6], [-0.82936, 44.40984, 48.3], [-0.82922, 44.40981, 48.3], [-0.82919, 44.40988, 48.3], [-0.82939, 44.40992, 48.3], [-0.82934, 44.41017, 48.5], [-0.82924, 44.41033, 48.5], [-0.82905, 44.41044, 48.5], [-0.82882, 44.4105, 48.5106746031746], [-0.82829, 44.41044, 48.5106746031746], [-0.82804, 44.41031, 48.5106746031746]]]}}, {"type": "Feature", "properties": {"id_obligation": "402950000D1203", "priorite": "faible"}, "geometry": {"type": "Polygon", "coordinates": [[[-0.82943, 44.41016, 48.5], [-0.82921, 44.41032, 48.5], [-0.82892, 44.41038, 48.5], [-0.82856, 44.41033, 48.5], [-0.82831, 44.41021, 48.5], [-0.82818, 44.41006, 48.5], [-0.82807, 44.40976, 48.61538461538461], [-0.82814, 44.4095, 48.8], [-0.82827, 44.40935, 48.8], [-0.82853, 44.40923, 48.8], [-0.82891, 44.40923, 48.0], [-0.82882, 44.40927, 48.0], [-0.82898, 44.40938, 48.0], [-0.82907, 44.40934, 48.0], [-0.82896, 44.40924, 48.0], [-0.82917, 44.40928, 48.459999999999994], [-0.82937, 44.40937, 48.459999999999994], [-0.82951, 44.40952, 48.459999999999994], [-0.82957, 44.40969, 48.35], [-0.82943, 44.41016, 48.5]]]}}, {"type": "Feature", "properties": {"id_obligation": "402950000D1204", "priorite": "faible"}, "geometry": {"type": "Polygon", "coordinates": [[[-0.82885, 44.40944, 48.55], [-0.82914, 44.40936, 48.58], [-0.82938, 44.40937, 48.58], [-0.82977, 44.40947, 48.470555555555556], [-0.82995, 44.40959, 48.470555555555556], [-0.83006, 44.40979, 48.470555555555556], [-0.83005, 44.40996, 48.470555555555556], [-0.82995, 44.41016, 48.5], [-0.82978, 44.41029, 48.5], [-0.8295, 44.41037, 48.5], [-0.82925, 44.41036, 48.5], [-0.82886, 44.41026, 48.470555555555556], [-0.8286, 44.41003, 48.5], [-0.82874, 44.41006, 48.5], [-0.82877, 44.40997, 48.5], [-0.82857, 44.40994, 48.5], [-0.82865, 44.40961, 48.55], [-0.82885, 44.40944, 48.55]]]}}, {"type": "Feature", "properties": {"id_obligation": "402950000D1205", "priorite": "faible"}, "geometry": {"type": "Polygon", "coordinates": [[[-0.82872, 44.40968, 48.5246472657806], [-0.82869, 44.40975, 48.6], [-0.8289, 44.40981, 48.6], [-0.82894, 44.4097, 48.6], [-0.82875, 44.40966, 48.51017195006586], [-0.82905, 44.40958, 48.53333333333333], [-0.82929, 44.40959, 48.53333333333333], [-0.82971, 44.40969, 48.45416666666667], [-0.82989, 44.40981, 48.45416666666667], [-0.83, 44.41001, 48.5], [-0.82998, 44.41019, 48.5], [-0.82988, 44.41039, 48.5], [-0.82971, 44.41052, 48.5], [-0.82943, 44.4106, 48.45416666666667], [-0.82918, 44.41059, 48.45416666666667], [-0.82877, 44.41049, 48.45416666666667], [-0.82859, 44.41037, 48.45416666666667], [-0.82849, 44.41021, 48.25555555555556], [-0.82848, 44.41003, 48.25555555555556], [-0.82856, 44.40982, 48.525000000000006], [-0.82872, 44.40968, 48.5246472657806]]]}}, {"type": "Feature", "properties": {"id_obligation": "402950000D1206", "priorite": "moyenne"}, "geometry": {"type": "Polygon", "coordinates": [[[-0.8292, 44.40977, 48.29999999999999], [-0.82947, 44.40967, 48.3], [-0.82972, 44.40966, 48.3], [-0.83015, 44.40977, 48.4], [-0.83036, 44.40993, 48.4], [-0.83044, 44.41009, 48.4], [-0.83042, 44.41027, 48.4], [-0.83032, 44.41047, 48.4], [-0.8301, 44.41062, 48.4], [-0.82986, 44.41068, 48.4], [-0.82962, 44.41067, 48.4], [-0.82925, 44.41057, 48.4], [-0.82907, 44.41045, 48.4], [-0.82897, 44.4103, 48.5], [-0.82896, 44.41012, 48.5], [-0.82905, 44.40991, 48.29999999999999], [-0.8292, 44.40977, 48.29999999999999]]]}}, {"type": "Feature", "properties": {"id_obligation": "402950000D1207", "priorite": "faible"}, "geometry": {"type": "Polygon", "coordinates": [[[-0.82883, 44.40908, 48.0], [-0.82906, 44.40903, 48.0], [-0.8293, 44.40904, 48.0], [-0.82968, 44.40916, 48.29458333333333], [-0.82984, 44.40929, 48.29458333333333], [-0.82993, 44.4095, 48.29458333333333], [-0.82989, 44.40968, 48.29458333333333], [-0.82976, 44.40987, 48.29458333333333], [-0.82952, 44.41, 48.29458333333333], [-0.82928, 44.41004, 48.4], [-0.82904, 44.41002, 48.4], [-0.82871, 44.40991, 48.2125], [-0.82855, 44.40977, 48.574999999999996], [-0.82847, 44.4096, 48.574999999999996], [-0.82849, 44.40942, 48.0], [-0.82861, 44.40923, 48.0], [-0.82883, 44.40908, 48.0]]]}}, {"type": "Feature", "properties": {"id_obligation": "402950000D1208", "priorite": "faible"}, "geometry": {"type": "Polygon", "coordinates": [[[-0.82963, 44.40913, 48.429166666666674], [-0.8297, 44.4093, 48.429166666666674], [-0.82967, 44.40947, 48.6], [-0.82956, 44.40963, 48.6], [-0.82928, 44.40978, 48.6], [-0.82905, 44.40983, 48.575], [-0.82874, 44.40981, 48.575], [-0.82852, 44.40972, 48.6], [-0.8283, 44.40952, 48.6], [-0.82821, 44.40935, 48.4], [-0.82822, 44.40914, 48.4], [-0.82834, 44.40898, 48.4], [-0.82864, 44.40882, 48.4], [-0.82888, 44.40877, 48.429166666666674], [-0.82918, 44.4088, 48.429166666666674], [-0.82944, 44.40894, 48.429166666666674], [-0.82963, 44.40913, 48.429166666666674]]]}}, {"type": "Feature", "properties": {"id_obligation": "402950000D1209", "priorite": "faible"}, "geometry": {"type": "Polygon", "coordinates": [[[-0.82806, 44.40951, 48.800000000000004], [-0.82788, 44.40934, 48.542857142857144], [-0.82784, 44.40917, 48.542857142857144], [-0.82791, 44.40889, 52.3111111111111], [-0.82805, 44.40875, 52.3111111111111], [-0.82832, 44.40864, 49.00899470899471], [-0.82857, 44.40863, 49.00899470899471], [-0.8289, 44.40868, 49.00899470899471], [-0.82914, 44.40882, 49.00899470899471], [-0.82924, 44.40898, 48.0], [-0.82925, 44.40915, 48.0], [-0.82918, 44.40938, 48.0], [-0.82904, 44.40952, 48.0], [-0.82883, 44.40961, 48.0], [-0.82833, 44.40961, 48.800000000000004], [-0.82806, 44.40951, 48.800000000000004]]]}}, {"type": "Feature", "properties": {"id_obligation": "402950000D1221", "priorite": "faible"}, "geometry": {"type": "Polygon", "coordinates": [[[-0.83171, 44.39355, 53.0], [-0.83141, 44.39359, 53.0], [-0.83106, 44.39351, 53.0], [-0.83087, 44.3934, 53.0], [-0.83074, 44.39319, 54.008], [-0.83071, 44.39295, 54.008], [-0.83079, 44.39278, 54.008], [-0.83099, 44.3926, 54.008], [-0.8312, 44.39252, 54.56999999999999], [-0.83149, 44.39251, 54.0], [-0.83191, 44.39264, 55.9], [-0.8321, 44.39275, 55.9], [-0.8322, 44.39291, 54.008], [-0.83222, 44.39309, 54.008], [-0.83214, 44.39326, 54.008], [-0.83192, 44.39346, 54.008], [-0.83171, 44.39355, 53.0]]]}}, {"type": "Feature", "properties": {"id_obligation": "402950000D1223", "priorite": "moyenne"}, "geometry": {"type": "Polygon", "coordinates": [[[-0.83079, 44.39313, 53.0], [-0.83075, 44.39291, 53.67413564213564], [-0.83082, 44.39274, 53.67413564213564], [-0.8311, 44.3924, 53.67413564213564], [-0.83135, 44.39229, 53.12666666666667], [-0.83165, 44.39227, 53.12666666666667], [-0.83223, 44.3925, 54.50909090909091], [-0.83235, 44.39264, 53.67413564213564], [-0.83239, 44.39285, 53.67413564213564], [-0.83232, 44.39302, 53.67413564213564], [-0.83203, 44.39335, 53.67413564213564], [-0.83182, 44.39345, 53.05714285714286], [-0.83158, 44.39348, 53.05714285714286], [-0.83131, 44.39343, 53.0], [-0.83135, 44.39336, 53.0], [-0.83114, 44.39329, 53.0], [-0.83114, 44.39337, 53.0], [-0.83102, 44.39333, 53.0], [-0.83079, 44.39313, 53.0]]]}}, {"type": "Feature", "properties": {"id_obligation": "402950000D1226", "priorite": "faible"}, "geometry": {"type": "Polygon", "coordinates": [[[-0.82444, 44.4084, 48.37500000000001], [-0.8243, 44.4082, 49.25500000000001], [-0.82429, 44.40808, 50.8], [-0.82438, 44.40809, 50.8], [-0.82439, 44.40804, 50.8], [-0.82429, 44.40803, 50.8], [-0.82439, 44.40781, 50.800000000000004], [-0.82461, 44.40766, 50.800000000000004], [-0.82514, 44.40753, 51.28391662594626], [-0.82526, 44.40772, 53.7], [-0.82521, 44.40783, 53.7], [-0.82535, 44.4079, 53.7], [-0.82542, 44.40788, 52.5], [-0.82548, 44.40774, 52.4], [-0.82539, 44.40757, 52.4], [-0.82551, 44.40762, 52.088888888888874], [-0.82568, 44.40774, 52.088888888888874], [-0.8259, 44.40808, 52.14285714285713], [-0.82591, 44.40827, 52.2], [-0.8259, 44.40821, 52.2], [-0.82578, 44.40818, 52.2], [-0.82574, 44.40828, 52.2], [-0.8259, 44.40832, 52.2], [-0.8258, 44.40846, 52.2], [-0.82557, 44.4086, 52.2], [-0.82522, 44.40869, 50.406250000000014], [-0.82493, 44.40865, 50.406250000000014], [-0.82444, 44.4084, 48.37500000000001]]]}}, {"type": "Feature", "properties": {"id_obligation": "402950000D1228", "priorite": "moyenne"}, "geometry": {"type": "Polygon", "coordinates": [[[-0.83296, 44.39686, 54.95633370924691], [-0.8329, 44.39684, 56.5], [-0.83295, 44.39674, 53.1], [-0.83273, 44.39668, 53.0], [-0.83267, 44.3968, 55.3], [-0.83262, 44.39679, 52.4], [-0.83259, 44.39684, 52.4], [-0.83286, 44.39688, 54.6], [-0.83287, 44.39693, 52.7], [-0.83279, 44.39698, 53.800000000000004], [-0.83256, 44.39704, 53.400000000000006], [-0.83232, 44.39704, 53.400000000000006], [-0.83198, 44.39693, -39.447564935064925], [-0.83168, 44.39677, -39.447564935064925], [-0.83155, 44.39657, -210.775], [-0.83155, 44.3964, -210.775], [-0.83173, 44.39612, 52.8], [-0.83171, 44.3962, 52.8], [-0.83181, 44.39624, 52.8], [-0.83191, 44.39609, 52.8], [-0.83178, 44.39605, 52.8], [-0.83192, 44.39593, 52.800000000000004], [-0.83209, 44.39585, 53.0], [-0.83222, 44.39592, 53.0], [-0.83228, 44.39582, 53.0], [-0.83242, 44.39582, 52.58749999999999], [-0.83258, 44.39586, 51.51197873260942], [-0.83253, 44.39592, 51.6], [-0.8326, 44.39595, 51.6], [-0.83266, 44.39588, 51.6], [-0.83279, 44.39594, 52.5], [-0.83309, 44.39618, -39.447564935064925], [-0.8332, 44.39638, -39.447564935064925], [-0.83316, 44.3966, 53.800000000000004], [-0.83296, 44.39686, 54.95633370924691]]]}}, {"type": "Feature", "properties": {"id_obligation": "402950000D1229", "priorite": "moyenne"}, "geometry": {"type": "Polygon", "coordinates": [[[-0.83242, 44.39687, 52.7], [-0.83213, 44.39693, 52.7], [-0.83189, 44.3969, 52.7], [-0.83154, 44.39676, -48.58046703296704], [-0.8314, 44.39662, -48.58046703296704], [-0.83134, 44.3964, 52.37142857142857], [-0.8314, 44.39623, 52.37142857142857], [-0.83158, 44.39602, 52.8], [-0.83179, 44.39591, 52.8], [-0.83209, 44.39588, 52.957142857142856], [-0.83229, 44.39591, 52.9], [-0.83227, 44.39594, 52.9], [-0.83262, 44.39606, 52.85], [-0.83276, 44.39621, 52.36999999999999], [-0.8328, 44.39638, 52.36999999999999], [-0.83263, 44.39672, 52.7], [-0.83242, 44.39687, 52.7]]]}}, {"type": "Feature", "properties": {"id_obligation": "402950000D1230", "priorite": "moyenne"}, "geometry": {"type": "Polygon", "coordinates": [[[-0.83226, 44.39667, -398.5000000000001], [-0.83197, 44.39682, -1000.0], [-0.83166, 44.39684, -1000.0], [-0.83131, 44.39673, -205.3422077922078], [-0.83114, 44.3966, -205.3422077922078], [-0.83106, 44.39638, 52.6], [-0.83111, 44.39599, 52.054545454545455], [-0.83128, 44.39576, 52.054545454545455], [-0.83152, 44.39563, -205.3422077922078], [-0.83175, 44.39559, -205.3422077922078], [-0.83199, 44.39562, -205.3422077922078], [-0.83229, 44.39574, 52.94999999999999], [-0.83246, 44.39587, 52.94999999999999], [-0.83254, 44.39604, -98.68571428571428], [-0.83242, 44.39643, 52.7], [-0.83226, 44.39667, -398.5000000000001]]]}}, {"type": "Feature", "properties": {"id_obligation": "402950000D1234", "priorite": "moyenne"}, "geometry": {"type": "Polygon", "coordinates": [[[-0.83196, 44.39634, 52.5], [-0.83168, 44.39652, 52.5], [-0.83125, 44.39656, 52.6], [-0.83091, 44.39647, 52.64166481075602], [-0.83072, 44.3963, 52.64166481075602], [-0.83062, 44.39602, 52.6], [-0.83065, 44.39574, 52.6], [-0.8308, 44.3955, 52.5], [-0.83098, 44.39538, 52.5], [-0.83127, 44.39531, 52.65096554487161], [-0.8314, 44.39537, 52.6], [-0.83141, 44.39533, 52.5], [-0.83151, 44.39534, 52.65096554487161], [-0.83176, 44.39543, 53.2], [-0.832, 44.39568, 52.8], [-0.83205, 44.39613, 52.5], [-0.83196, 44.39634, 52.5]]]}}, {"type": "Feature", "properties": {"id_obligation": "402950000D1235", "priorite": "moyenne"}, "geometry": {"type": "Polygon", "coordinates": [[[-0.83179, 44.3958, 52.228571428571435], [-0.83178, 44.39597, 52.6], [-0.83161, 44.39622, 52.6], [-0.83142, 44.39634, 52.6], [-0.83119, 44.3964, 52.4], [-0.83094, 44.39639, 52.4], [-0.83059, 44.39626, 52.49141955514725], [-0.83043, 44.39612, 52.49141955514725], [-0.83036, 44.39595, 52.49141955514725], [-0.83034, 44.39564, 52.49141955514725], [-0.83047, 44.3954, 52.5], [-0.83069, 44.39526, 52.5], [-0.83099, 44.39521, 52.5], [-0.83133, 44.39527, 52.5], [-0.83132, 44.39535, 52.6], [-0.8314, 44.39537, 52.6], [-0.83141, 44.39533, 52.5], [-0.83149, 44.39535, 52.703032124125976], [-0.83154, 44.39539, 53.2], [-0.8315, 44.39544, 53.2], [-0.83163, 44.3955, 53.2], [-0.83179, 44.3958, 52.228571428571435]]]}}, {"type": "Feature", "properties": {"id_obligation": "402950000D1236", "priorite": "forte"}, "geometry": {"type": "Polygon", "coordinates": [[[-0.83117, 44.40798, 50.2], [-0.83094, 44.40793, 50.2], [-0.83074, 44.40782, 50.2], [-0.83062, 44.40767, 50.2], [-0.83055, 44.40737, 50.2], [-0.83062, 44.4072, 50.2], [-0.83077, 44.40706, 50.2], [-0.83099, 44.40698, 50.2], [-0.83174, 44.40685, 50.2], [-0.83198, 44.40688, 50.2], [-0.83224, 44.407, 50.2], [-0.83241, 44.40733, 50.2], [-0.83238, 44.40755, 50.2], [-0.83215, 44.40776, 50.2], [-0.83174, 44.40789, 50.2], [-0.83117, 44.40798, 50.2]]]}}, {"type": "Feature", "properties": {"id_obligation": "402950000D1238", "priorite": "moyenne"}, "geometry": {"type": "Polygon", "coordinates": [[[-0.83106, 44.40788, 50.63966666666667], [-0.83099, 44.40805, 50.63966666666667], [-0.83083, 44.40818, 50.63966666666667], [-0.83061, 44.40826, 50.63966666666667], [-0.8298, 44.40825, 50.63966666666667], [-0.82954, 44.40813, 50.63966666666667], [-0.82939, 44.40794, 50.63966666666667], [-0.82936, 44.40781, 49.3], [-0.8295, 44.40781, 49.3], [-0.82949, 44.40769, 49.3], [-0.82937, 44.4077, 49.3], [-0.82942, 44.40752, 49.65833333333334], [-0.82953, 44.4074, 50.7], [-0.82952, 44.40744, 50.7], [-0.82966, 44.40744, 50.7], [-0.82967, 44.40736, 50.7], [-0.8296, 44.40736, 50.7], [-0.8296, 44.4073, 50.70000000000001], [-0.82972, 44.4071, 50.70000000000001], [-0.83006, 44.40693, 51.0], [-0.83055, 44.40692, 50.63966666666667], [-0.83087, 44.40705, 50.63966666666667], [-0.83102, 44.40724, 50.63966666666667], [-0.83106, 44.40788, 50.63966666666667]]]}}, {"type": "Feature", "properties": {"id_obligation": "402950000D1240", "priorite": "faible"}, "geometry": {"type": "Polygon", "coordinates": [[[-0.82643, 44.41087, 50.03662337662338], [-0.82616, 44.41095, 50.03662337662338], [-0.82592, 44.41095, 50.03662337662338], [-0.82551, 44.41084, 49.92857142857144], [-0.82541, 44.41078, 50.3], [-0.82544, 44.41067, 50.3], [-0.82537, 44.41066, 50.3], [-0.82535, 44.41073, 50.3], [-0.82524, 44.41052, 49.599999999999994], [-0.82526, 44.41034, 49.599999999999994], [-0.82538, 44.4101, 49.9], [-0.82552, 44.41, 49.9], [-0.82547, 44.41017, 49.9], [-0.82555, 44.41017, 49.9], [-0.82557, 44.41012, 49.9], [-0.82564, 44.41013, 49.9], [-0.82569, 44.40995, 49.9], [-0.82564, 44.40994, 49.9], [-0.82583, 44.4099, 51.0], [-0.82591, 44.4099, 51.0], [-0.8259, 44.40998, 51.0], [-0.82596, 44.40999, 51.0], [-0.82598, 44.4099, 51.0], [-0.82645, 44.41001, 50.03662337662338], [-0.82666, 44.41016, 50.03662337662338], [-0.82674, 44.41033, 50.03662337662338], [-0.82673, 44.4105, 50.03662337662338], [-0.82662, 44.4107, 50.03662337662338], [-0.82643, 44.41087, 50.03662337662338]]]}}, {"type": "Feature", "properties": {"id_obligation": "402950000D1243", "priorite": "moyenne"}, "geometry": {"type": "Polygon", "coordinates": [[[-0.83895, 44.4003, -548.6142857142858], [-0.83923, 44.40039, 54.125], [-0.83947, 44.40059, 54.125], [-0.83955, 44.40076, 51.969230769230776], [-0.83954, 44.4009, 51.6], [-0.83951, 44.40087, 51.6], [-0.83944, 44.40091, 51.6], [-0.83951, 44.40097, 51.510864472824714], [-0.83942, 44.4011, 53.01818181818182], [-0.83908, 44.40129, 51.7], [-0.83884, 44.40134, 51.7], [-0.8386, 44.40133, 51.8875], [-0.83838, 44.40125, 51.8875], [-0.83815, 44.40103, 51.8875], [-0.83808, 44.40087, -154.03929664085916], [-0.8381, 44.4007, -154.03929664085916], [-0.83821, 44.40054, -1000.0], [-0.83844, 44.4004, -1000.0], [-0.83859, 44.40047, -1000.0], [-0.8387, 44.40035, -1000.0], [-0.83865, 44.40032, -548.6142857142858], [-0.83895, 44.4003, -548.6142857142858]]]}}, {"type": "Feature", "properties": {"id_obligation": "402950000D1244", "priorite": "moyenne"}, "geometry": {"type": "Polygon", "coordinates": [[[-0.83857, 44.4002, -1000.0], [-0.83885, 44.40006, -1000.0], [-0.83921, 44.40004, 52.75664754081681], [-0.83914, 44.40015, 52.7], [-0.83931, 44.40019, 52.7], [-0.83937, 44.40008, 52.7], [-0.83954, 44.40017, 52.4], [-0.83951, 44.4002, 52.4], [-0.83968, 44.40029, 52.4], [-0.8398, 44.40043, 53.0], [-0.83984, 44.40066, 53.0], [-0.83969, 44.40076, 53.0], [-0.83977, 44.40081, 53.0], [-0.83943, 44.40105, 53.30033941251399], [-0.83947, 44.40099, 51.5], [-0.8394, 44.40094, 51.5], [-0.83927, 44.40103, 54.0], [-0.83933, 44.40108, 52.676470588235304], [-0.83908, 44.40111, 52.676470588235304], [-0.83884, 44.40107, 53.6], [-0.83849, 44.40083, 53.6], [-0.83837, 44.40063, -648.8000000000001], [-0.83841, 44.40039, -1000.0], [-0.83859, 44.40047, -1000.0], [-0.8387, 44.40035, -1000.0], [-0.83848, 44.4003, -1000.0], [-0.83857, 44.4002, -1000.0]]]}}, {"type": "Feature", "properties": {"id_obligation": "402950000D1250", "priorite": "moyenne"}, "geometry": {"type": "Polygon", "coordinates": [[[-0.82335, 44.4049, 50.25020833333333], [-0.82363, 44.40498, 50.25020833333333], [-0.82383, 44.40515, 50.25020833333333], [-0.82387, 44.40521, 51.7], [-0.82381, 44.40523, 51.7], [-0.82396, 44.40545, 51.7], [-0.82393, 44.40559, 49.25], [-0.82381, 44.40575, 49.25], [-0.82339, 44.40592, 49.25], [-0.82308, 44.40592, 49.260000000000005], [-0.82286, 44.40585, 49.260000000000005], [-0.82269, 44.40572, 49.260000000000005], [-0.82255, 44.4055, 49.2], [-0.82254, 44.40533, 49.2], [-0.82262, 44.40516, 48.67500000000001], [-0.82278, 44.40503, 48.67500000000001], [-0.82305, 44.40493, 48.67500000000001], [-0.82335, 44.4049, 50.25020833333333]]]}}, {"type": "Feature", "properties": {"id_obligation": "402950000D1251", "priorite": "moyenne"}, "geometry": {"type": "Polygon", "coordinates": [[[-0.82289, 44.40575, 49.3], [-0.82262, 44.40566, 49.240909090909085], [-0.82245, 44.40553, 49.240909090909085], [-0.82232, 44.40529, 49.240909090909085], [-0.82233, 44.40512, 49.240909090909085], [-0.82247, 44.40492, 49.240909090909085], [-0.82295, 44.40474, 48.8], [-0.82323, 44.40475, 48.8], [-0.82347, 44.40481, 50.1], [-0.82329, 44.40481, 50.1], [-0.82329, 44.40486, 50.1], [-0.82357, 44.40486, 50.1], [-0.82379, 44.40518, 49.240909090909085], [-0.82378, 44.40536, 49.240909090909085], [-0.82367, 44.40552, 49.25], [-0.82345, 44.40565, 49.2], [-0.82338, 44.40556, 49.2], [-0.82327, 44.40559, 49.2], [-0.82334, 44.40568, 49.2], [-0.82289, 44.40575, 49.3]]]}}, {"type": "Feature", "properties": {"id_obligation": "402950000D1252", "priorite": "moyenne"}, "geometry": {"type": "Polygon", "coordinates": [[[-0.82277, 44.40555, 48.98749999999999], [-0.82249, 44.40547, 49.566435185185185], [-0.82229, 44.4053, 49.566435185185185], [-0.82218, 44.40505, 49.566435185185185], [-0.82221, 44.40488, 50.6], [-0.82238, 44.40469, 50.6], [-0.82246, 44.40465, 50.6], [-0.82256, 44.40478, 50.6], [-0.82265, 44.40474, 50.6], [-0.82256, 44.40461, 50.6], [-0.82296, 44.40451, 49.566435185185185], [-0.8232, 44.40453, 49.566435185185185], [-0.82341, 44.40462, 50.1], [-0.82361, 44.40483, 49.6], [-0.82368, 44.405, 49.6], [-0.82365, 44.40518, 49.4], [-0.82352, 44.40533, 49.4], [-0.82333, 44.40544, 49.4], [-0.82327, 44.40535, 49.4], [-0.82316, 44.40539, 49.4], [-0.82322, 44.40547, 49.4], [-0.82277, 44.40555, 48.98749999999999]]]}}, {"type": "Feature", "properties": {"id_obligation": "402950000D1253", "priorite": "forte"}, "geometry": {"type": "Polygon", "coordinates": [[[-0.82382, 44.41256, 49.2], [-0.82373, 44.41236, 49.2], [-0.82376, 44.41219, 49.2], [-0.82393, 44.41197, 49.2], [-0.82413, 44.41186, 49.2], [-0.82443, 44.41181, 50.5], [-0.82467, 44.41186, 50.5], [-0.82499, 44.41199, 50.5], [-0.82513, 44.41213, 50.5], [-0.82519, 44.41234, 47.9], [-0.82514, 44.41251, 49.2], [-0.82499, 44.41268, 49.2], [-0.8248, 44.41279, 49.2], [-0.82456, 44.41284, 49.2], [-0.82431, 44.41281, 49.2], [-0.82404, 44.41272, 49.2], [-0.82382, 44.41256, 49.2]]]}}, {"type": "Feature", "properties": {"id_obligation": "402950000D1256", "priorite": "moyenne"}, "geometry": {"type": "Polygon", "coordinates": [[[-0.83288, 44.39183, 56.0], [-0.83267, 44.39175, 56.0], [-0.83251, 44.39162, 56.0], [-0.83241, 44.39144, 56.0], [-0.83243, 44.3912, 54.81729166666666], [-0.83253, 44.39104, 54.81729166666666], [-0.83271, 44.39092, 54.81729166666666], [-0.83294, 44.39085, 55.8], [-0.83319, 44.39086, 55.8], [-0.83352, 44.39093, 53.7], [-0.83362, 44.39099, 53.7], [-0.83358, 44.39111, 53.7], [-0.83369, 44.39113, 53.7], [-0.83371, 44.39106, 53.7], [-0.83382, 44.39123, 53.7], [-0.83368, 44.39121, 53.7], [-0.83363, 44.39134, 53.7], [-0.83372, 44.39136, 53.7], [-0.83383, 44.39125, 53.7], [-0.83381, 44.39149, 53.779999999999994], [-0.83371, 44.39165, 54.5], [-0.83348, 44.39179, 54.5], [-0.8332, 44.39185, 55.25], [-0.83288, 44.39183, 56.0]]]}}, {"type": "Feature", "properties": {"id_obligation": "402950000D1257", "priorite": "moyenne"}, "geometry": {"type": "Polygon", "coordinates": [[[-0.83285, 44.39195, 54.05654761904762], [-0.83271, 44.39176, 54.625], [-0.8327, 44.39159, 54.625], [-0.8328, 44.39131, 54.91428571428571], [-0.83292, 44.39118, 55.8], [-0.83298, 44.39119, 55.8], [-0.83301, 44.39112, 55.8], [-0.83321, 44.39106, 53.2], [-0.83346, 44.39105, 53.2], [-0.8336, 44.39107, 53.7], [-0.83358, 44.39111, 53.7], [-0.83375, 44.39111, 53.70000000000001], [-0.83398, 44.39124, 53.70000000000001], [-0.83409, 44.3914, 53.7], [-0.83411, 44.39157, 53.7], [-0.834, 44.39186, 54.05654761904762], [-0.83386, 44.39201, 54.05654761904762], [-0.83364, 44.3921, 54.05654761904762], [-0.83339, 44.39212, 54.05654761904762], [-0.8331, 44.39207, 54.05654761904762], [-0.83285, 44.39195, 54.05654761904762]]]}}, {"type": "Feature", "properties": {"id_obligation": "402950000D1260", "priorite": "moyenne"}, "geometry": {"type": "Polygon", "coordinates": [[[-0.83354, 44.39077, 55.2], [-0.83366, 44.39096, 53.7], [-0.83358, 44.39111, 53.7], [-0.83366, 44.39114, 53.7], [-0.83353, 44.39141, 54.5], [-0.83343, 44.39151, 54.5], [-0.83337, 44.39149, 54.5], [-0.83333, 44.39157, 54.5], [-0.83311, 44.39163, 54.11428571428571], [-0.83286, 44.39164, 54.11428571428571], [-0.83259, 44.39157, 56.0], [-0.8324, 44.39146, 56.0], [-0.83226, 44.39127, -77.10039682539683], [-0.83226, 44.39109, -77.10039682539683], [-0.83237, 44.39082, -77.10039682539683], [-0.83252, 44.39068, -77.10039682539683], [-0.83274, 44.3906, -77.10039682539683], [-0.83298, 44.39058, -77.10039682539683], [-0.83327, 44.39063, -736.2], [-0.83354, 44.39077, 55.2]]]}}, {"type": "Feature", "properties": {"id_obligation": "402950000D1262", "priorite": "moyenne"}, "geometry": {"type": "Polygon", "coordinates": [[[-0.83226, 44.39182, 54.17333333333333], [-0.83214, 44.39161, 54.17333333333333], [-0.83217, 44.39137, 54.17333333333333], [-0.83232, 44.39117, 54.17333333333333], [-0.83257, 44.39105, 54.17333333333333], [-0.83282, 44.39103, 55.28333333333333], [-0.83293, 44.39104, 55.8], [-0.83288, 44.39117, 55.8], [-0.83298, 44.39119, 55.8], [-0.83304, 44.39106, 55.8], [-0.83342, 44.3912, 52.7], [-0.83356, 44.39134, 53.7], [-0.83361, 44.39151, 53.7], [-0.83353, 44.39176, 54.17333333333333], [-0.8334, 44.3919, 54.17333333333333], [-0.83301, 44.39203, 54.17333333333333], [-0.83245, 44.39194, 54.17333333333333], [-0.83226, 44.39182, 54.17333333333333]]]}}, {"type": "Feature", "properties": {"id_obligation": "402950000D1268", "priorite": "faible"}, "geometry": {"type": "Polygon", "coordinates": [[[-0.82418, 44.4112, 48.67], [-0.82406, 44.41104, 48.67], [-0.82405, 44.41082, 48.67], [-0.82416, 44.41058, 48.67], [-0.82432, 44.41045, 48.67], [-0.82459, 44.41036, 48.67], [-0.82483, 44.41036, 48.67], [-0.82512, 44.41043, 50.29999999999999], [-0.82541, 44.41065, 50.29999999999999], [-0.82533, 44.4108, 50.3], [-0.8254, 44.4108, 50.3], [-0.82543, 44.4107, 50.3], [-0.82544, 44.41074, 50.3], [-0.82538, 44.41107, 47.7], [-0.82529, 44.41106, 47.7], [-0.82526, 44.41115, 47.7], [-0.82533, 44.41116, 47.7], [-0.82518, 44.41129, 47.7], [-0.82496, 44.41137, 47.55], [-0.82472, 44.41139, 47.55], [-0.82442, 44.41133, 48.67], [-0.82418, 44.4112, 48.67]]]}}, {"type": "Feature", "properties": {"id_obligation": "402950000D1269", "priorite": "moyenne"}, "geometry": {"type": "Polygon", "coordinates": [[[-0.82487, 44.41057, 47.4], [-0.82514, 44.41065, 47.54333333333333], [-0.82531, 44.41078, 47.54333333333333], [-0.8254, 44.41094, 47.7], [-0.8254, 44.41111, 47.7], [-0.82527, 44.41137, 47.54333333333333], [-0.8251, 44.41149, 47.54333333333333], [-0.82487, 44.41156, 47.54333333333333], [-0.82463, 44.41156, 47.54333333333333], [-0.82423, 44.41146, 47.54333333333333], [-0.82406, 44.41133, 47.54333333333333], [-0.82397, 44.41117, 47.54333333333333], [-0.82398, 44.41095, 47.54333333333333], [-0.82413, 44.41073, 47.54333333333333], [-0.82431, 44.41062, 47.54333333333333], [-0.82462, 44.41056, 47.4], [-0.82487, 44.41057, 47.4]]]}}, {"type": "Feature", "properties": {"id_obligation": "402950000D1278", "priorite": "faible"}, "geometry": {"type": "Polygon", "coordinates": [[[-0.82767, 44.40657, -212.3128205128205], [-0.82789, 44.40671, -212.3128205128205], [-0.82799, 44.40687, 49.8], [-0.82802, 44.40717, 49.8], [-0.82794, 44.40733, 48.3], [-0.82774, 44.40749, 48.3], [-0.82752, 44.40756, 49.5], [-0.82722, 44.40758, 49.5], [-0.82699, 44.40753, 51.3], [-0.82703, 44.40749, 51.3], [-0.82693, 44.40744, 51.3], [-0.8269, 44.40749, 51.3], [-0.82675, 44.40738, 50.93076923076922], [-0.82665, 44.40713, 51.63333333333333], [-0.82677, 44.40697, 51.63333333333333], [-0.8267, 44.40691, 51.63333333333333], [-0.82663, 44.40692, 51.63333333333333], [-0.82674, 44.40671, -1000.0], [-0.82694, 44.40658, -1000.0], [-0.82693, 44.40664, -1000.0], [-0.82686, 44.40664, -1000.0], [-0.82684, 44.40676, -1000.0], [-0.82731, 44.4068, -1000.0], [-0.82732, 44.40667, -1000.0], [-0.82708, 44.40665, -1000.0], [-0.82709, 44.40655, -1000.0], [-0.82702, 44.40655, -1000.0], [-0.82738, 44.40651, -1000.0], [-0.82767, 44.40657, -212.3128205128205]]]}}, {"type": "Feature", "properties": {"id_obligation": "402950000D1279", "priorite": "faible"}, "geometry": {"type": "MultiPolygon", "coordinates": [[[[-0.82746, 44.40757, -211.73882758366506], [-0.82718, 44.40766, 50.735294117647044], [-0.82688, 44.40764, 50.735294117647044], [-0.8265, 44.40751, 48.60000000000001], [-0.82651, 44.40738, 48.60000000000001], [-0.82677, 44.40697, 51.557894736842094], [-0.8267, 44.40691, 53.2], [-0.82662, 44.40694, 51.853333333333346], [-0.8264, 44.40738, 48.6], [-0.82628, 44.40731, 48.6], [-0.82624, 44.40703, 51.853333333333346], [-0.82627, 44.40697, 53.2], [-0.82644, 44.40699, 48.0], [-0.82643, 44.40693, 53.2], [-0.82631, 44.40691, 53.2], [-0.82643, 44.40674, 53.2], [-0.82666, 44.40658, 53.2], [-0.82696, 44.40653, -1000.0], [-0.82721, 44.40656, -1000.0], [-0.82755, 44.4067, -1000.0], [-0.82771, 44.40683, -1000.0], [-0.82779, 44.40699, 50.14285714285715], [-0.82765, 44.40701, 49.8], [-0.82766, 44.40709, 49.8], [-0.8278, 44.40707, 49.8], [-0.82769, 44.40734, -211.73882758366506], [-0.82746, 44.40757, -211.73882758366506]]], [[[-0.82637, 44.40742, 48.6], [-0.82639, 44.40741, 48.6], [-0.82639, 44.40744, 48.60000000000001], [-0.82637, 44.40742, 48.6]]]]}}, {"type": "Feature", "properties": {"id_obligation": "402950000D1281", "priorite": "faible"}, "geometry": {"type": "MultiPolygon", "coordinates": [[[[-0.82809, 44.40659, -124.74916666666667], [-0.82832, 44.40673, -124.74916666666667], [-0.82843, 44.40693, 49.97500000000001], [-0.82843, 44.40719, 49.9], [-0.82832, 44.40735, 49.9], [-0.82808, 44.40748, 49.9], [-0.82774, 44.40753, -124.74916666666667], [-0.8275, 44.40752, -124.74916666666667], [-0.82724, 44.40742, 50.1], [-0.8273, 44.40735, 50.1], [-0.82712, 44.40731, 50.10000000000001], [-0.82705, 44.4072, 50.7], [-0.82717, 44.40706, 52.1], [-0.82702, 44.407, 50.760713566115164], [-0.82704, 44.40689, 51.529999999999994], [-0.8271, 44.40678, -1000.0], [-0.82731, 44.4068, -1000.0], [-0.82732, 44.40667, -1000.0], [-0.82724, 44.40666, -1000.0], [-0.82733, 44.40662, -1000.0], [-0.82785, 44.40654, -124.74916666666667], [-0.82809, 44.40659, -124.74916666666667]]], [[[-0.82702, 44.40706, 53.06397178059387], [-0.82704, 44.40706, 53.8], [-0.82704, 44.40707, 53.8], [-0.82702, 44.40706, 53.06397178059387]]]]}}, {"type": "Feature", "properties": {"id_obligation": "402950000D1287", "priorite": "moyenne"}, "geometry": {"type": "Polygon", "coordinates": [[[-0.82929, 44.40026, 51.0], [-0.82955, 44.40014, 50.480000000000004], [-0.82979, 44.40012, 50.480000000000004], [-0.83019, 44.40018, 50.80819780219781], [-0.83042, 44.40031, 50.80819780219781], [-0.83053, 44.40047, 50.80819780219781], [-0.83055, 44.40064, 50.80819780219781], [-0.83048, 44.40085, 50.80819780219781], [-0.83033, 44.401, 50.80819780219781], [-0.83012, 44.40109, 50.80819780219781], [-0.82994, 44.40108, 51.0], [-0.82987, 44.40112, 51.15384615384616], [-0.82951, 44.40107, 50.80819780219781], [-0.8293, 44.40098, 50.80819780219781], [-0.82916, 44.40083, 50.2], [-0.8293, 44.40079, 50.2], [-0.82926, 44.40072, 50.2], [-0.82912, 44.40075, 50.2], [-0.82915, 44.40045, 51.0], [-0.82929, 44.40026, 51.0]]]}}, {"type": "Feature", "properties": {"id_obligation": "402950000D1288", "priorite": "moyenne"}, "geometry": {"type": "Polygon", "coordinates": [[[-0.82925, 44.40057, 51.0], [-0.82934, 44.40061, 51.0], [-0.8294, 44.40054, 51.0], [-0.82931, 44.40051, 51.0], [-0.82953, 44.40037, 50.9], [-0.82984, 44.40032, 50.73636363636363], [-0.8302, 44.40037, 50.95050505050505], [-0.83041, 44.40046, 50.95050505050505], [-0.83058, 44.40064, 50.95050505050505], [-0.83062, 44.40082, 50.95050505050505], [-0.83056, 44.40104, 51.4], [-0.83038, 44.40122, 51.4], [-0.83017, 44.40131, 51.4], [-0.82992, 44.40133, 51.40000000000001], [-0.82957, 44.40128, 50.95050505050505], [-0.82936, 44.40118, 50.95050505050505], [-0.82922, 44.40104, 50.08888888888888], [-0.82917, 44.40082, 50.07457948282969], [-0.8293, 44.40079, 50.2], [-0.82926, 44.40072, 50.2], [-0.82919, 44.40074, 50.2], [-0.82925, 44.40057, 51.0]]]}}, {"type": "Feature", "properties": {"id_obligation": "402950000D1289", "priorite": "moyenne"}, "geometry": {"type": "Polygon", "coordinates": [[[-0.83031, 44.40073, 51.1], [-0.83044, 44.40093, 51.2111111111111], [-0.83041, 44.40115, 51.2111111111111], [-0.83025, 44.40139, 51.39999999999999], [-0.83009, 44.40148, 51.4], [-0.8301, 44.4014, 51.4], [-0.82997, 44.40143, 51.4], [-0.82999, 44.40151, 51.4], [-0.82976, 44.40154, 51.25454545454548], [-0.82941, 44.40147, 51.25454545454548], [-0.8292, 44.40139, 50.725], [-0.82905, 44.40125, 51.57222222222224], [-0.82898, 44.40108, 52.1], [-0.82907, 44.40078, 50.2], [-0.8291, 44.40085, 50.2], [-0.8293, 44.40079, 50.2], [-0.82926, 44.40072, 50.2], [-0.82908, 44.40077, 50.2], [-0.82916, 44.40068, 50.369230769230775], [-0.8293, 44.40059, 51.0], [-0.82934, 44.40061, 51.0], [-0.82939, 44.40055, 51.0], [-0.82954, 44.40052, 50.4], [-0.8296, 44.40056, 50.4], [-0.82962, 44.40052, 50.4], [-0.82977, 44.40052, 50.720000000000006], [-0.83012, 44.40061, 51.1], [-0.83031, 44.40073, 51.1]]]}}, {"type": "Feature", "properties": {"id_obligation": "402950000D1290", "priorite": "moyenne"}, "geometry": {"type": "Polygon", "coordinates": [[[-0.82965, 44.40068, 51.080000000000005], [-0.82991, 44.40067, 51.1], [-0.82992, 44.40063, 51.1], [-0.83026, 44.40068, 51.20491582491582], [-0.83048, 44.40077, 51.20491582491582], [-0.83063, 44.40091, 51.20491582491582], [-0.8307, 44.40108, 51.4], [-0.83067, 44.40126, 51.4], [-0.8305, 44.40149, 51.20491582491582], [-0.83031, 44.40159, 51.20491582491582], [-0.83007, 44.40164, 51.3], [-0.82996, 44.40158, 51.3], [-0.82994, 44.40163, 51.3], [-0.8297, 44.40159, 51.377272727272704], [-0.82969, 44.40154, 51.2], [-0.82949, 44.4015, 51.133333333333326], [-0.82932, 44.40134, 50.6], [-0.82948, 44.40138, 50.6], [-0.82952, 44.40129, 50.6], [-0.82935, 44.40125, 50.6], [-0.82932, 44.40133, 50.6], [-0.82927, 44.40118, 51.1], [-0.82942, 44.40083, 51.20491582491582], [-0.82965, 44.40068, 51.080000000000005]]]}}, {"type": "Feature", "properties": {"id_obligation": "402950000D1291", "priorite": "moyenne"}, "geometry": {"type": "Polygon", "coordinates": [[[-0.83087, 44.40092, 51.259670231729054], [-0.83097, 44.40113, 51.259670231729054], [-0.8309, 44.40139, 51.259670231729054], [-0.83077, 44.40154, 51.259670231729054], [-0.83058, 44.40165, 51.259670231729054], [-0.83028, 44.4017, 51.34999999999997], [-0.83003, 44.40166, 51.3], [-0.83008, 44.40161, 51.3], [-0.82996, 44.40158, 51.3], [-0.82993, 44.40163, 51.34999999999997], [-0.82971, 44.40154, 51.6], [-0.82956, 44.4014, 51.6], [-0.8295, 44.40122, 51.03529411764708], [-0.82954, 44.40105, 51.03529411764708], [-0.82971, 44.40082, 51.2], [-0.8299, 44.40071, 51.1], [-0.83014, 44.40067, 51.1], [-0.83066, 44.40077, 51.259670231729054], [-0.83087, 44.40092, 51.259670231729054]]]}}, {"type": "Feature", "properties": {"id_obligation": "402950000D1294", "priorite": "moyenne"}, "geometry": {"type": "Polygon", "coordinates": [[[-0.84186, 44.40002, 53.00666666666666], [-0.84193, 44.40025, 53.00666666666666], [-0.84186, 44.40046, 52.6], [-0.8417, 44.40059, 52.6], [-0.84123, 44.40074, 51.92105263157894], [-0.8409, 44.40077, 51.92105263157894], [-0.84066, 44.40072, 51.6], [-0.84039, 44.40056, 51.6], [-0.84024, 44.40036, -425.54545454545445], [-0.84022, 44.40018, -425.54545454545445], [-0.84034, 44.39988, -1000.0], [-0.84052, 44.39972, -1000.0], [-0.84079, 44.39963, 51.18571428571429], [-0.84103, 44.39963, 51.18571428571429], [-0.84168, 44.39984, 52.4], [-0.84186, 44.40002, 53.00666666666666]]]}}, {"type": "Feature", "properties": {"id_obligation": "402950000D1297", "priorite": "moyenne"}, "geometry": {"type": "Polygon", "coordinates": [[[-0.84159, 44.3997, 52.4], [-0.84161, 44.4, 52.4], [-0.8413, 44.39997, 52.4], [-0.8413, 44.40008, 52.4], [-0.84143, 44.40004, 52.4], [-0.84147, 44.40017, 54.1], [-0.84119, 44.40032, 53.22499999999999], [-0.84077, 44.40033, 52.342857142857156], [-0.84067, 44.40021, 52.0], [-0.8406, 44.40023, 52.5], [-0.84063, 44.40029, 52.5], [-0.84034, 44.40009, 52.333333333333336], [-0.84021, 44.39995, 52.305952380952384], [-0.84016, 44.39977, 52.305952380952384], [-0.84024, 44.39956, 52.305952380952384], [-0.84043, 44.39941, 52.305952380952384], [-0.84071, 44.39932, 52.305952380952384], [-0.84101, 44.39933, 52.305952380952384], [-0.84128, 44.39943, 52.305952380952384], [-0.84159, 44.3997, 52.4]]]}}, {"type": "Feature", "properties": {"id_obligation": "402950000D1300", "priorite": "faible"}, "geometry": {"type": "MultiPolygon", "coordinates": [[[[-0.82752, 44.40278, 50.6211038961039], [-0.82778, 44.40268, 50.8], [-0.82802, 44.40268, 50.8], [-0.82837, 44.40276, 49.9], [-0.82855, 44.40289, 49.9], [-0.82866, 44.4031, 49.87272727272727], [-0.82864, 44.40328, 49.87272727272727], [-0.8285, 44.40352, 49.1], [-0.82843, 44.40359, 49.4], [-0.82845, 44.40353, 49.4], [-0.82827, 44.4035, 49.4], [-0.82819, 44.4036, 49.4], [-0.82825, 44.40361, 49.5], [-0.82823, 44.40368, 49.41435050141967], [-0.82803, 44.40372, 49.425], [-0.82779, 44.4037, 49.425], [-0.82751, 44.40361, 50.6211038961039], [-0.82734, 44.40349, 50.6211038961039], [-0.82726, 44.40335, 54.8], [-0.82731, 44.40324, 54.8], [-0.82724, 44.4032, 54.800000000000004], [-0.82734, 44.40295, 50.6211038961039], [-0.82752, 44.40278, 50.6211038961039]]], [[[-0.82835, 44.40364, 49.5], [-0.82833, 44.40363, 49.5], [-0.82836, 44.40359, 48.5], [-0.82841, 44.4036, 49.21351879166279], [-0.82835, 44.40364, 49.5]]]]}}, {"type": "Feature", "properties": {"id_obligation": "402950000D1301", "priorite": "faible"}, "geometry": {"type": "Polygon", "coordinates": [[[-0.82865, 44.40274, 51.9], [-0.82876, 44.40293, 49.9], [-0.82862, 44.403, 49.9], [-0.82866, 44.40307, 49.9], [-0.82876, 44.40304, 48.91901956731835], [-0.82861, 44.40337, 49.4], [-0.82843, 44.40349, 49.4], [-0.82813, 44.40356, 49.48333333333333], [-0.82779, 44.40351, 50.46757478632478], [-0.82757, 44.40344, 50.46757478632478], [-0.82737, 44.40327, 50.46757478632478], [-0.82732, 44.4031, 50.46757478632478], [-0.82737, 44.40286, 50.46757478632478], [-0.82748, 44.4027, 50.46757478632478], [-0.82767, 44.40259, 50.46757478632478], [-0.8279, 44.40253, 51.9], [-0.8283, 44.40257, 51.9], [-0.82825, 44.40268, 51.9], [-0.82834, 44.4027, 51.9], [-0.82842, 44.4026, 51.9], [-0.82865, 44.40274, 51.9]]]}}, {"type": "Feature", "properties": {"id_obligation": "402950000D1307", "priorite": "moyenne"}, "geometry": {"type": "Polygon", "coordinates": [[[-0.82364, 44.40661, -1000.0], [-0.82353, 44.40661, -1000.0], [-0.82352, 44.4067, -1000.0], [-0.82371, 44.40672, -1000.0], [-0.82373, 44.40697, -1000.0], [-0.82359, 44.40697, -1000.0], [-0.82358, 44.40706, -1000.0], [-0.82371, 44.40706, -1000.0], [-0.82368, 44.40713, -644.2075000000001], [-0.82355, 44.40728, -644.2075000000001], [-0.82336, 44.40739, -644.2075000000001], [-0.82312, 44.40743, 47.2], [-0.82282, 44.4074, 47.2], [-0.82256, 44.4073, 49.44], [-0.82239, 44.40712, -1000.0], [-0.82236, 44.40692, -1000.0], [-0.82246, 44.40693, -1000.0], [-0.82249, 44.40683, -1000.0], [-0.82238, 44.40682, -1000.0], [-0.82242, 44.40668, -1000.0], [-0.82256, 44.40653, -1000.0], [-0.82276, 44.40643, -1000.0], [-0.82301, 44.40639, -1000.0], [-0.8233, 44.40643, -1000.0], [-0.82364, 44.40661, -1000.0]]]}}, {"type": "Feature", "properties": {"id_obligation": "402950000D1309", "priorite": "moyenne"}, "geometry": {"type": "Polygon", "coordinates": [[[-0.82318, 44.40724, -737.535], [-0.82298, 44.40734, -737.535], [-0.82277, 44.40737, 50.0], [-0.82255, 44.40731, 50.0], [-0.82252, 44.40736, 50.0], [-0.82234, 44.40732, -737.535], [-0.82209, 44.4072, -737.535], [-0.82197, 44.40704, -1000.0], [-0.82194, 44.40687, -1000.0], [-0.82201, 44.40665, -737.535], [-0.82214, 44.40651, -737.535], [-0.8224, 44.40639, -1000.0], [-0.82264, 44.40637, -1000.0], [-0.82298, 44.40642, -1000.0], [-0.82319, 44.40652, -1000.0], [-0.82333, 44.40667, -1000.0], [-0.82337, 44.40691, -1000.0], [-0.82327, 44.40689, -1000.0], [-0.82325, 44.40703, -1000.0], [-0.82333, 44.40705, -475.21000000000004], [-0.82318, 44.40724, -737.535]]]}}, {"type": "Feature", "properties": {"id_obligation": "402950000D1310", "priorite": "moyenne"}, "geometry": {"type": "MultiPolygon", "coordinates": [[[[-0.82292, 44.40724, 50.0], [-0.82269, 44.40735, 50.0], [-0.82255, 44.40731, 50.0], [-0.82252, 44.40738, 50.0], [-0.82243, 44.40738, 50.0], [-0.82203, 44.40733, -540.6687499999999], [-0.82178, 44.4072, -540.6687499999999], [-0.82165, 44.40704, -540.6687499999999], [-0.82163, 44.40687, -540.6687499999999], [-0.8217, 44.40664, -540.6687499999999], [-0.82183, 44.40649, -540.6687499999999], [-0.82209, 44.40638, -540.6687499999999], [-0.82233, 44.40636, -1000.0], [-0.82271, 44.40641, -1000.0], [-0.82286, 44.40647, -1000.0], [-0.8228, 44.4066, -1000.0], [-0.82291, 44.40663, -1000.0], [-0.82296, 44.40654, -1000.0], [-0.82307, 44.40667, -1000.0], [-0.82311, 44.40686, 49.59771605354597], [-0.82301, 44.40684, 49.5], [-0.82298, 44.40697, 49.6], [-0.82309, 44.40698, 49.6], [-0.82292, 44.40724, 50.0]]]]}}, {"type": "Feature", "properties": {"id_obligation": "402950000D1312", "priorite": "faible"}, "geometry": {"type": "Polygon", "coordinates": [[[-0.82518, 44.40804, 51.9], [-0.82515, 44.40798, 51.9], [-0.82503, 44.40802, 50.6], [-0.82515, 44.4082, 51.9], [-0.8251, 44.4083, 50.233333333333334], [-0.82495, 44.40844, 50.233333333333334], [-0.82467, 44.40854, 48.900000000000006], [-0.82431, 44.40854, 48.900000000000006], [-0.82378, 44.40845, 50.34285714285714], [-0.82354, 44.40832, 50.34285714285714], [-0.82341, 44.40811, 50.8], [-0.82346, 44.40784, 50.8], [-0.82365, 44.40764, 50.8], [-0.82372, 44.40739, 50.16261305437507], [-0.82392, 44.40722, 50.16261305437507], [-0.82414, 44.40715, 50.8], [-0.82462, 44.40714, 50.8], [-0.82495, 44.40726, 51.0], [-0.82511, 44.40745, 51.0], [-0.82518, 44.40804, 51.9]]]}}, {"type": "Feature", "properties": {"id_obligation": "402950000D1313", "priorite": "faible"}, "geometry": {"type": "MultiPolygon", "coordinates": [[[[-0.82509, 44.40843, 50.77], [-0.82481, 44.40853, 49.475000000000016], [-0.82456, 44.40854, 49.475000000000016], [-0.8243, 44.40847, 48.91818181818181], [-0.82411, 44.40837, 48.91818181818181], [-0.82397, 44.40818, 49.916666666666664], [-0.82396, 44.40801, 49.916666666666664], [-0.82405, 44.40782, 50.8], [-0.82428, 44.40766, 50.8], [-0.82435, 44.40776, 50.8], [-0.82452, 44.40772, 50.8], [-0.82451, 44.4076, 50.8], [-0.82499, 44.40768, 53.125], [-0.82518, 44.4078, 53.125], [-0.82529, 44.40796, 50.05555555555556], [-0.8253, 44.40816, 48.2], [-0.82515, 44.40798, 51.9], [-0.82503, 44.40802, 50.6], [-0.82518, 44.40824, 51.9], [-0.82529, 44.4082, 51.9], [-0.82509, 44.40843, 50.77]]], [[[-0.82528, 44.40817, 48.2], [-0.8253, 44.40817, 48.2], [-0.82529, 44.40819, 50.05555555555556], [-0.82528, 44.40817, 48.2]]]]}}, {"type": "Feature", "properties": {"id_obligation": "402950000D1318", "priorite": "faible"}, "geometry": {"type": "Polygon", "coordinates": [[[-0.8259, 44.40956, 48.6], [-0.82561, 44.40964, 48.6], [-0.82525, 44.4096, 49.12800925925925], [-0.82498, 44.40949, 49.12800925925925], [-0.82482, 44.40931, 49.12800925925925], [-0.82479, 44.40914, 49.12800925925925], [-0.82493, 44.40875, 49.12800925925925], [-0.82507, 44.4086, 49.12800925925925], [-0.82527, 44.40851, 51.644444444444446], [-0.82551, 44.40847, 51.644444444444446], [-0.82593, 44.40854, 48.199999999999996], [-0.82613, 44.40864, 48.199999999999996], [-0.82627, 44.40878, 48.199999999999996], [-0.82632, 44.40895, 48.31249999999999], [-0.82611, 44.40892, 49.5], [-0.82613, 44.40898, 49.4], [-0.82631, 44.409, 46.3], [-0.8262, 44.40923, 48.612619393227824], [-0.82623, 44.40915, 48.8], [-0.82616, 44.40913, 49.0], [-0.82612, 44.40921, 49.1], [-0.82619, 44.40924, 48.61425175375105], [-0.8259, 44.40956, 48.6]]]}}, {"type": "Feature", "properties": {"id_obligation": "402950000D1319", "priorite": "faible"}, "geometry": {"type": "Polygon", "coordinates": [[[-0.82528, 44.40938, 51.3], [-0.8251, 44.40926, 51.3], [-0.825, 44.4091, 51.3], [-0.825, 44.40892, 51.3], [-0.82511, 44.40872, 49.54529438405797], [-0.82529, 44.4086, 49.54529438405797], [-0.82557, 44.40852, 50.458333333333336], [-0.82581, 44.40852, 50.458333333333336], [-0.82606, 44.40858, 48.2], [-0.82625, 44.4087, 48.2], [-0.82638, 44.4089, 48.7375], [-0.82638, 44.40908, 48.7375], [-0.82626, 44.40928, 48.9], [-0.82608, 44.4094, 48.9], [-0.82585, 44.40946, 49.10999999999999], [-0.82555, 44.40946, 49.10999999999999], [-0.82528, 44.40938, 51.3]]]}}, {"type": "Feature", "properties": {"id_obligation": "402950000D1322", "priorite": "faible"}, "geometry": {"type": "Polygon", "coordinates": [[[-0.82555, 44.40941, 48.4], [-0.82549, 44.40925, 49.445454545454545], [-0.82562, 44.409, 48.6], [-0.82575, 44.40902, 48.6], [-0.82577, 44.40898, 48.6], [-0.8256, 44.40894, 50.9], [-0.82567, 44.40885, 48.10555555555556], [-0.82586, 44.40874, 48.10555555555556], [-0.82609, 44.40869, 48.411111111111104], [-0.82632, 44.4087, 48.411111111111104], [-0.82661, 44.40879, 49.00696969696969], [-0.82677, 44.40892, 49.00696969696969], [-0.82685, 44.40913, 49.5], [-0.82681, 44.40935, 49.00696969696969], [-0.8267, 44.40951, 49.00696969696969], [-0.82652, 44.40962, 49.00696969696969], [-0.82629, 44.40968, 50.2], [-0.82604, 44.40968, 50.2], [-0.82574, 44.40957, 48.4], [-0.82555, 44.40941, 48.4]]]}}, {"type": "Feature", "properties": {"id_obligation": "402950000D1323", "priorite": "faible"}, "geometry": {"type": "Polygon", "coordinates": [[[-0.82529, 44.40928, 49.7], [-0.82528, 44.4091, 49.7], [-0.82535, 44.4089, 51.458333333333336], [-0.82549, 44.40876, 51.458333333333336], [-0.82549, 44.40882, 52.1], [-0.82566, 44.40885, 52.1], [-0.8257, 44.40874, 50.8], [-0.82554, 44.40873, 51.458333333333336], [-0.82575, 44.40865, 48.029999999999994], [-0.82599, 44.40864, 48.029999999999994], [-0.82631, 44.40869, 49.4], [-0.82655, 44.40881, 49.4], [-0.82667, 44.40896, 48.459999999999994], [-0.8267, 44.40913, 48.459999999999994], [-0.82663, 44.40938, 49.30637061403508], [-0.82646, 44.40956, 49.30637061403508], [-0.82625, 44.40965, 50.2], [-0.82595, 44.40967, 50.2], [-0.82567, 44.40961, 48.65], [-0.82544, 44.40947, 48.65], [-0.82529, 44.40928, 49.7]]]}}, {"type": "Feature", "properties": {"id_obligation": "402950000D1327", "priorite": "faible"}, "geometry": {"type": "Polygon", "coordinates": [[[-0.82654, 44.40574, 48.89999999999999], [-0.82661, 44.40591, 51.3], [-0.82658, 44.40612, 50.82222222222223], [-0.82643, 44.40631, 50.82222222222223], [-0.82625, 44.40641, 50.6], [-0.82627, 44.40637, 50.6], [-0.82607, 44.40632, 50.6], [-0.82599, 44.40639, 48.8], [-0.82618, 44.40643, 50.6], [-0.82589, 44.40647, 49.974999999999994], [-0.82547, 44.40638, 49.5], [-0.82559, 44.40639, 49.5], [-0.82563, 44.40627, 49.5], [-0.82543, 44.40623, 49.5], [-0.8254, 44.40632, 49.5], [-0.82547, 44.40634, 49.5], [-0.82546, 44.40637, 49.5], [-0.82542, 44.40635, 49.5], [-0.82526, 44.40621, 49.5], [-0.82519, 44.40604, 48.7], [-0.82522, 44.40586, 48.7], [-0.82538, 44.40564, 48.91], [-0.82541, 44.40561, 49.0], [-0.82541, 44.40569, 49.0], [-0.8255, 44.4057, 49.0], [-0.82549, 44.40557, 49.0], [-0.82581, 44.40549, 49.7], [-0.82633, 44.40559, 48.89999999999999], [-0.82654, 44.40574, 48.89999999999999]]]}}, {"type": "Feature", "properties": {"id_obligation": "402950000D1332", "priorite": "faible"}, "geometry": {"type": "Polygon", "coordinates": [[[-0.8268, 44.40625, 50.875000000000014], [-0.82652, 44.40636, 50.85000000000001], [-0.82627, 44.40636, 50.85000000000001], [-0.82593, 44.40627, 50.6], [-0.82572, 44.40611, 50.6], [-0.82564, 44.40594, 47.730000000000004], [-0.82571, 44.40565, 49.7], [-0.82581, 44.40567, 49.7], [-0.82586, 44.40557, 49.7], [-0.82579, 44.40555, 49.7], [-0.82598, 44.40542, 49.7], [-0.82621, 44.40537, 49.31538461538461], [-0.82636, 44.40537, 49.68841043607676], [-0.8263, 44.4054, 49.7], [-0.82638, 44.40548, 49.7], [-0.82653, 44.4054, 49.69644268788715], [-0.82677, 44.40548, 50.244735576923084], [-0.82694, 44.40561, 50.244735576923084], [-0.82702, 44.40577, 51.987500000000004], [-0.82694, 44.40592, 52.1], [-0.82702, 44.40593, 52.1], [-0.82694, 44.4061, 50.875000000000014], [-0.8268, 44.40625, 50.875000000000014]]]}}, {"type": "Feature", "properties": {"id_obligation": "402950000D1340", "priorite": "moyenne"}, "geometry": {"type": "Polygon", "coordinates": [[[-0.83658, 44.39558, 53.22236694677872], [-0.83669, 44.39578, 52.82500000000001], [-0.83668, 44.39596, 52.82500000000001], [-0.83655, 44.39622, 53.01428571428573], [-0.83638, 44.39635, 53.01428571428573], [-0.83609, 44.39643, 53.20588235294119], [-0.83592, 44.39643, 54.0], [-0.83596, 44.39631, 54.0], [-0.83592, 44.39627, 51.2], [-0.83586, 44.39626, 51.2], [-0.83581, 44.3964, 54.0], [-0.83554, 44.39633, 54.06666666666666], [-0.83536, 44.39621, 54.06666666666666], [-0.83525, 44.39601, 53.22236694677872], [-0.83527, 44.39583, 53.22236694677872], [-0.8354, 44.39557, 53.22236694677872], [-0.83557, 44.39544, 53.22236694677872], [-0.8358, 44.39537, 53.22236694677872], [-0.83604, 44.39537, 53.22236694677872], [-0.83635, 44.39544, 53.22236694677872], [-0.83658, 44.39558, 53.22236694677872]]]}}, {"type": "Feature", "properties": {"id_obligation": "402950000D1342", "priorite": "moyenne"}, "geometry": {"type": "Polygon", "coordinates": [[[-0.834, 44.39125, 53.7], [-0.83378, 44.39134, 53.7], [-0.83373, 44.39135, 53.7], [-0.83383, 44.39124, 53.7], [-0.83368, 44.39121, 53.7], [-0.83363, 44.39134, 53.7], [-0.83371, 44.39136, 53.7], [-0.83348, 44.39136, 53.699999999999996], [-0.833, 44.39127, 55.79999999999999], [-0.83281, 44.39116, 55.79999999999999], [-0.83268, 44.39102, 55.8], [-0.83264, 44.39085, 55.8], [-0.83271, 44.39064, -82.52116228070176], [-0.83286, 44.39049, -82.52116228070176], [-0.83313, 44.39038, -82.52116228070176], [-0.83346, 44.39036, -112.22105263157898], [-0.83358, 44.39042, 54.2], [-0.8336, 44.39038, 54.2], [-0.83387, 44.39043, -82.52116228070176], [-0.83407, 44.39054, -82.52116228070176], [-0.83421, 44.39073, 51.86666666666667], [-0.83422, 44.3909, 51.86666666666667], [-0.83414, 44.39111, 53.7], [-0.834, 44.39125, 53.7]]]}}, {"type": "Feature", "properties": {"id_obligation": "402950000D1343", "priorite": "moyenne"}, "geometry": {"type": "Polygon", "coordinates": [[[-0.83389, 44.39025, -60.721135265700475], [-0.83409, 44.39035, -60.721135265700475], [-0.83423, 44.3905, -60.721135265700475], [-0.83427, 44.39067, 51.5], [-0.83421, 44.39091, 51.5], [-0.83409, 44.39107, 53.7], [-0.83389, 44.39118, 53.7], [-0.83358, 44.39122, 53.7], [-0.83327, 44.39118, 55.8], [-0.83305, 44.39109, 55.8], [-0.83281, 44.39089, -60.721135265700475], [-0.83274, 44.39067, -60.721135265700475], [-0.83281, 44.39044, -60.721135265700475], [-0.83301, 44.39027, -60.721135265700475], [-0.83329, 44.39019, 54.11666666666665], [-0.83389, 44.39025, -60.721135265700475]]]}}, {"type": "Feature", "properties": {"id_obligation": "402950000D1344", "priorite": "moyenne"}, "geometry": {"type": "Polygon", "coordinates": [[[-0.83397, 44.3909, 51.86666666666667], [-0.83372, 44.39102, 53.7], [-0.83374, 44.39098, 53.7], [-0.83363, 44.39096, 53.7], [-0.8336, 44.39105, 53.7], [-0.83355, 44.39106, -565.8588235294118], [-0.83319, 44.39101, -128.78701723113488], [-0.83297, 44.39093, -128.78701723113488], [-0.83281, 44.39079, -128.78701723113488], [-0.83274, 44.39062, -128.78701723113488], [-0.83277, 44.39044, -128.78701723113488], [-0.8329, 44.39021, -128.78701723113488], [-0.83312, 44.39007, -128.78701723113488], [-0.8334, 44.39, 54.20000000000001], [-0.83376, 44.39006, 54.8], [-0.83375, 44.39018, 54.8], [-0.8339, 44.39018, 53.4], [-0.8339, 44.3901, 53.4], [-0.83398, 44.39015, 54.41818181818181], [-0.83414, 44.39034, 54.41818181818181], [-0.83416, 44.39056, -128.78701723113488], [-0.83397, 44.3909, 51.86666666666667]]]}}, {"type": "Feature", "properties": {"id_obligation": "402950000D1345", "priorite": "moyenne"}, "geometry": {"type": "Polygon", "coordinates": [[[-0.83319, 44.3899, -235.99861111111113], [-0.83348, 44.38984, 54.8], [-0.83373, 44.38987, 54.8], [-0.83405, 44.38999, 54.333333333333336], [-0.83422, 44.39017, 54.333333333333336], [-0.83425, 44.39034, -235.99861111111113], [-0.83417, 44.39057, 51.5], [-0.83405, 44.39072, 51.5], [-0.83385, 44.39082, 51.5], [-0.83361, 44.39087, -630.8], [-0.83342, 44.39081, -1000.0], [-0.8334, 44.39085, -1000.0], [-0.83329, 44.39082, -1000.0], [-0.83304, 44.39072, -1000.0], [-0.8329, 44.39058, -1000.0], [-0.83284, 44.39041, -235.99861111111113], [-0.83297, 44.39006, -235.99861111111113], [-0.83319, 44.3899, -235.99861111111113]]]}}, {"type": "Feature", "properties": {"id_obligation": "402950000D1349", "priorite": "moyenne"}, "geometry": {"type": "Polygon", "coordinates": [[[-0.83431, 44.38973, 54.55261544011544], [-0.83446, 44.38987, 54.55261544011544], [-0.83452, 44.38999, 54.5], [-0.83449, 44.39011, 54.5], [-0.83453, 44.39012, 54.5], [-0.83453, 44.39019, 54.6], [-0.83447, 44.39019, 54.6], [-0.83445, 44.39033, 54.6], [-0.83449, 44.39033, 54.6], [-0.83434, 44.3905, 54.6], [-0.83413, 44.3906, 54.55261544011544], [-0.8339, 44.39063, 54.55261544011544], [-0.83363, 44.39061, 54.14166666666666], [-0.83351, 44.39057, 54.0], [-0.83354, 44.39047, 53.8], [-0.83346, 44.39045, 53.8], [-0.83339, 44.39052, 54.0], [-0.83323, 44.39036, 54.14166666666666], [-0.83317, 44.3902, 54.2], [-0.83322, 44.38992, 54.55261544011544], [-0.83334, 44.38977, 54.55261544011544], [-0.83353, 44.38966, 54.55261544011544], [-0.83376, 44.38961, 55.300000000000004], [-0.83403, 44.38963, 55.300000000000004], [-0.83431, 44.38973, 54.55261544011544]]]}}, {"type": "Feature", "properties": {"id_obligation": "402950000D1350", "priorite": "moyenne"}, "geometry": {"type": "Polygon", "coordinates": [[[-0.83505, 44.38966, -1000.0], [-0.83522, 44.38984, -1000.0], [-0.83526, 44.39001, -296.92857142857144], [-0.83519, 44.3903, -296.92857142857144], [-0.83505, 44.39044, -296.92857142857144], [-0.83479, 44.39055, 54.6], [-0.83455, 44.39057, 54.6], [-0.83424, 44.39053, -296.92857142857144], [-0.83404, 44.39042, -296.92857142857144], [-0.8339, 44.39027, -296.92857142857144], [-0.83387, 44.39007, 54.8], [-0.83393, 44.38983, 55.3], [-0.83405, 44.38968, 55.3], [-0.83425, 44.38958, 55.3], [-0.83449, 44.38954, -1000.0], [-0.83479, 44.38956, -1000.0], [-0.83505, 44.38966, -1000.0]]]}}, {"type": "Feature", "properties": {"id_obligation": "402950000D1351", "priorite": "moyenne"}, "geometry": {"type": "Polygon", "coordinates": [[[-0.83501, 44.38986, -219.0347222222222], [-0.83518, 44.39004, -219.0347222222222], [-0.83522, 44.39021, -219.0347222222222], [-0.83515, 44.39051, -219.0347222222222], [-0.83501, 44.39065, -219.0347222222222], [-0.83476, 44.39077, -219.0347222222222], [-0.83452, 44.39078, -219.0347222222222], [-0.83421, 44.39074, -219.0347222222222], [-0.83401, 44.39065, -219.0347222222222], [-0.83385, 44.39046, -219.0347222222222], [-0.83383, 44.39028, 54.0], [-0.83384, 44.39018, 54.00720531797763], [-0.8339, 44.39018, 53.4], [-0.8339, 44.39001, -219.0347222222222], [-0.83404, 44.38986, -219.0347222222222], [-0.83425, 44.38976, -765.6666666666666], [-0.83474, 44.38976, -219.0347222222222], [-0.83501, 44.38986, -219.0347222222222]]]}}, {"type": "Feature", "properties": {"id_obligation": "402950000D1353", "priorite": "moyenne"}, "geometry": {"type": "Polygon", "coordinates": [[[-0.83264, 44.40342, -1000.0], [-0.83235, 44.40351, -1000.0], [-0.83211, 44.40351, -1000.0], [-0.83176, 44.4034, -1000.0], [-0.83157, 44.40323, -1000.0], [-0.8315, 44.40306, -1000.0], [-0.83154, 44.40289, -1000.0], [-0.83168, 44.40265, -1000.0], [-0.83189, 44.40252, -1000.0], [-0.83215, 44.40247, -1000.0], [-0.83239, 44.40249, -1000.0], [-0.83268, 44.40258, -1000.0], [-0.83284, 44.40271, -1000.0], [-0.83293, 44.40287, -1000.0], [-0.83292, 44.40304, -1000.0], [-0.83283, 44.40325, -1000.0], [-0.83264, 44.40342, -1000.0]]]}}, {"type": "Feature", "properties": {"id_obligation": "402950000D1354", "priorite": "moyenne"}, "geometry": {"type": "Polygon", "coordinates": [[[-0.83277, 44.40329, -1000.0], [-0.83249, 44.40338, -1000.0], [-0.83225, 44.40337, -1000.0], [-0.83189, 44.40327, -1000.0], [-0.83169, 44.40311, -1000.0], [-0.83162, 44.40294, -1000.0], [-0.83177, 44.40253, -1000.0], [-0.83186, 44.40256, -1000.0], [-0.83196, 44.40243, -1000.0], [-0.83191, 44.40241, -1000.0], [-0.83222, 44.40231, -1000.0], [-0.83247, 44.40231, -1000.0], [-0.83283, 44.40243, -1000.0], [-0.83299, 44.40256, -1000.0], [-0.83308, 44.40272, -1000.0], [-0.83307, 44.40289, -1000.0], [-0.83296, 44.40312, -1000.0], [-0.83277, 44.40329, -1000.0]]]}}, {"type": "Feature", "properties": {"id_obligation": "402950000D1355", "priorite": "moyenne"}, "geometry": {"type": "Polygon", "coordinates": [[[-0.83328, 44.40291, -1000.0], [-0.83314, 44.40313, -1000.0], [-0.83292, 44.40327, -1000.0], [-0.83263, 44.40333, -1000.0], [-0.8324, 44.4033, -1000.0], [-0.83214, 44.40319, -1000.0], [-0.83181, 44.40292, -1000.0], [-0.83171, 44.40267, -1000.0], [-0.83177, 44.4025, -1000.0], [-0.83192, 44.40229, -1000.0], [-0.83212, 44.40219, -1000.0], [-0.83242, 44.40214, -1000.0], [-0.83276, 44.40221, -1000.0], [-0.83303, 44.40233, -1000.0], [-0.83318, 44.40246, -1000.0], [-0.83328, 44.40291, -1000.0]]]}}, {"type": "Feature", "properties": {"id_obligation": "402950000D1356", "priorite": "moyenne"}, "geometry": {"type": "Polygon", "coordinates": [[[-0.83202, 44.403, 51.4], [-0.83171, 44.403, 51.4], [-0.83139, 44.40289, 51.4], [-0.83119, 44.40272, -684.5200000000001], [-0.83113, 44.40256, -684.5200000000001], [-0.83116, 44.40238, -1000.0], [-0.83128, 44.40241, -1000.0], [-0.83132, 44.40232, -1000.0], [-0.83121, 44.4023, -1000.0], [-0.83138, 44.4021, -1000.0], [-0.83157, 44.40199, -624.4828571428573], [-0.83181, 44.40194, -624.4828571428573], [-0.83205, 44.40196, -624.4828571428573], [-0.83237, 44.40209, -624.4828571428573], [-0.83252, 44.40223, -624.4828571428573], [-0.83259, 44.4024, -1000.0], [-0.83256, 44.40257, -1000.0], [-0.83252, 44.40263, -1000.0], [-0.8324, 44.40259, -1000.0], [-0.83234, 44.40268, -1000.0], [-0.83246, 44.40272, -1000.0], [-0.83241, 44.40278, -1000.0], [-0.83231, 44.40275, -1000.0], [-0.83224, 44.40292, -1000.0], [-0.83202, 44.403, 51.4]]]}}, {"type": "Feature", "properties": {"id_obligation": "402950000D1357", "priorite": "moyenne"}, "geometry": {"type": "Polygon", "coordinates": [[[-0.83226, 44.40273, -513.0752777777777], [-0.83212, 44.40287, -513.0752777777777], [-0.83184, 44.40299, -513.0752777777777], [-0.83159, 44.403, 51.4], [-0.83128, 44.40292, 51.4], [-0.83108, 44.40282, -369.15999999999997], [-0.8309, 44.40262, -549.4], [-0.83085, 44.40241, -549.4], [-0.83088, 44.40232, 51.4], [-0.83096, 44.40234, 51.4], [-0.83099, 44.40228, 51.7], [-0.83091, 44.40224, 51.51880401911485], [-0.83106, 44.40205, -561.8583333333333], [-0.83127, 44.40195, -513.0752777777777], [-0.83158, 44.40192, -513.0752777777777], [-0.83194, 44.40199, -513.0752777777777], [-0.83214, 44.40209, -513.0752777777777], [-0.83229, 44.40228, -1000.0], [-0.83233, 44.40251, -1000.0], [-0.83226, 44.40273, -513.0752777777777]]]}}, {"type": "Feature", "properties": {"id_obligation": "402950000D1358", "priorite": "moyenne"}, "geometry": {"type": "Polygon", "coordinates": [[[-0.83168, 44.40276, -699.6000000000001], [-0.83141, 44.40285, -605.725], [-0.83116, 44.40285, -605.725], [-0.83078, 44.40276, 51.383333333333326], [-0.83056, 44.40261, 51.383333333333326], [-0.8305, 44.40253, 51.3], [-0.83053, 44.40245, 51.3], [-0.83046, 44.40244, 51.3], [-0.83049, 44.40222, 51.087562051648824], [-0.83062, 44.40225, 51.0], [-0.83066, 44.40217, 51.1], [-0.83053, 44.40213, 51.1], [-0.83057, 44.40206, 51.1], [-0.83078, 44.4019, 51.1], [-0.831, 44.40184, -1000.0], [-0.83125, 44.40184, -1000.0], [-0.83161, 44.40193, -411.595], [-0.8318, 44.40204, -411.595], [-0.83192, 44.40219, -561.7916666666666], [-0.83193, 44.40242, -1000.0], [-0.83186, 44.40239, -1000.0], [-0.83175, 44.40252, -1000.0], [-0.83186, 44.40256, -1000.0], [-0.83189, 44.40252, -1000.0], [-0.83186, 44.40258, -699.6000000000001], [-0.83168, 44.40276, -699.6000000000001]]]}}, {"type": "Feature", "properties": {"id_obligation": "402950000D1359", "priorite": "moyenne"}, "geometry": {"type": "Polygon", "coordinates": [[[-0.83127, 44.40273, 51.70000000000001], [-0.83104, 44.40279, -474.3], [-0.8308, 44.40278, -474.3], [-0.8304, 44.40265, 51.29999999999999], [-0.83024, 44.40252, 51.29999999999999], [-0.83016, 44.40231, 51.34285714285715], [-0.83019, 44.40215, 51.8], [-0.83036, 44.40218, 51.8], [-0.83039, 44.4021, 51.8], [-0.83023, 44.40208, 51.8], [-0.83032, 44.40195, 51.79999999999999], [-0.8305, 44.40183, 51.79999999999999], [-0.83079, 44.40177, -183.81768707482996], [-0.83102, 44.40179, -183.81768707482996], [-0.83133, 44.40188, -183.81768707482996], [-0.8315, 44.40201, -183.81768707482996], [-0.8316, 44.4022, -579.32], [-0.8316, 44.40237, -579.32], [-0.83151, 44.40236, 51.7], [-0.83148, 44.40245, 51.7], [-0.83156, 44.40247, 51.7], [-0.83148, 44.40258, 51.70000000000001], [-0.83127, 44.40273, 51.70000000000001]]]}}, {"type": "Feature", "properties": {"id_obligation": "402950000D1360", "priorite": "moyenne"}, "geometry": {"type": "Polygon", "coordinates": [[[-0.83002, 44.40252, 51.4], [-0.83013, 44.40255, 51.4], [-0.83018, 44.40244, 51.4], [-0.83004, 44.40241, 51.4], [-0.82999, 44.4025, 51.4], [-0.82985, 44.40226, 51.8], [-0.82987, 44.40208, 51.8], [-0.83004, 44.40184, -209.70873524623525], [-0.83022, 44.40173, -209.70873524623525], [-0.83051, 44.40168, -209.70873524623525], [-0.83075, 44.40171, -209.70873524623525], [-0.83105, 44.40182, -209.70873524623525], [-0.83121, 44.40195, -209.70873524623525], [-0.83129, 44.40216, -595.5615384615385], [-0.83126, 44.40231, -1000.0], [-0.83112, 44.40228, -1000.0], [-0.83108, 44.40237, -1000.0], [-0.83122, 44.4024, -1000.0], [-0.83112, 44.40252, -868.575], [-0.83084, 44.40267, 51.4], [-0.83089, 44.40258, 51.4], [-0.83078, 44.40256, 51.4], [-0.83072, 44.40268, 51.4], [-0.83076, 44.40269, 51.4], [-0.8307, 44.4027, 51.35714285714285], [-0.83046, 44.40269, 51.35714285714285], [-0.83002, 44.40252, 51.4]]]}}, {"type": "Feature", "properties": {"id_obligation": "402950000D1361", "priorite": "moyenne"}, "geometry": {"type": "Polygon", "coordinates": [[[-0.82971, 44.40245, 50.3], [-0.82975, 44.40229, 50.3], [-0.82966, 44.40228, 50.3], [-0.82963, 44.40237, 50.3], [-0.82957, 44.40228, 50.75000000000001], [-0.82955, 44.4021, 50.75000000000001], [-0.82965, 44.40185, 51.08571428571428], [-0.82992, 44.40167, 51.3], [-0.8299, 44.40171, 51.3], [-0.83003, 44.40174, 51.3], [-0.83003, 44.40165, 51.3], [-0.83009, 44.40163, 51.300000000000004], [-0.83034, 44.40163, 51.300000000000004], [-0.8307, 44.40171, 51.169800420168066], [-0.83088, 44.40183, 51.169800420168066], [-0.831, 44.40202, 51.300000000000004], [-0.83098, 44.40227, 51.65133707483477], [-0.83082, 44.40222, 51.4], [-0.83078, 44.40229, 51.4], [-0.83095, 44.40234, 51.4], [-0.83091, 44.4024, 51.5], [-0.83075, 44.40253, 51.5], [-0.83053, 44.40262, 51.32857142857143], [-0.83029, 44.40263, 51.32857142857143], [-0.82998, 44.40258, 50.494117647058815], [-0.82971, 44.40245, 50.3]]]}}, {"type": "Feature", "properties": {"id_obligation": "402950000D1362", "priorite": "faible"}, "geometry": {"type": "Polygon", "coordinates": [[[-0.8297, 44.40203, 50.660000000000004], [-0.82976, 44.40201, 51.2], [-0.82988, 44.40204, 51.2], [-0.82992, 44.40197, 51.2], [-0.82999, 44.40196, 51.33333333333333], [-0.83037, 44.40202, 51.35000000000001], [-0.83058, 44.4021, 51.35000000000001], [-0.83076, 44.40228, 51.33333333333332], [-0.8308, 44.40245, 51.33333333333332], [-0.83073, 44.40268, 51.4], [-0.83061, 44.40284, 51.4], [-0.83042, 44.40294, 51.4], [-0.83013, 44.403, 50.9], [-0.83002, 44.40299, 50.9], [-0.83004, 44.40294, 50.9], [-0.8299, 44.40291, 50.9], [-0.82988, 44.40296, 50.9], [-0.82958, 44.40286, 50.9], [-0.82942, 44.4027, 50.6], [-0.82959, 44.40264, 50.6], [-0.82955, 44.40258, 50.6], [-0.82938, 44.40262, 50.6], [-0.82936, 44.40255, 50.807142857142836], [-0.82949, 44.40219, 50.660000000000004], [-0.8297, 44.40203, 50.660000000000004]]]}}, {"type": "Feature", "properties": {"id_obligation": "402950000D1363", "priorite": "faible"}, "geometry": {"type": "Polygon", "coordinates": [[[-0.83096, 44.40213, -248.9], [-0.83111, 44.4023, -1000.0], [-0.83108, 44.40237, -1000.0], [-0.83114, 44.40238, -1000.0], [-0.83115, 44.40244, -737.15], [-0.83112, 44.40261, -1000.0], [-0.831, 44.40258, -1000.0], [-0.83096, 44.40267, -1000.0], [-0.83108, 44.40269, -1000.0], [-0.83104, 44.40276, -474.3], [-0.83084, 44.40292, -474.3], [-0.83061, 44.40299, 51.4], [-0.83037, 44.40299, 51.4], [-0.83005, 44.40292, -150.38541666666666], [-0.82982, 44.40277, -150.38541666666666], [-0.82973, 44.40261, 51.4], [-0.82973, 44.40243, 51.4], [-0.82983, 44.40221, 51.8], [-0.82998, 44.40208, 51.8], [-0.83019, 44.402, 51.8], [-0.83043, 44.40198, 51.35000000000001], [-0.83075, 44.40203, 51.35000000000001], [-0.83096, 44.40213, -248.9]]]}}, {"type": "Feature", "properties": {"id_obligation": "402950000D1364", "priorite": "faible"}, "geometry": {"type": "Polygon", "coordinates": [[[-0.83051, 44.40215, 51.1], [-0.83047, 44.40221, 51.1], [-0.83062, 44.40225, 51.0], [-0.83066, 44.40217, 51.1], [-0.83055, 44.40214, 51.1], [-0.83067, 44.40212, -272.12307692307695], [-0.83097, 44.40213, -272.12307692307695], [-0.83128, 44.40223, -579.32], [-0.83143, 44.40236, -579.32], [-0.83151, 44.40257, -299.0333333333333], [-0.83149, 44.4027, 51.4], [-0.83138, 44.40268, 51.4], [-0.83133, 44.4028, 51.4], [-0.83143, 44.40282, 51.4], [-0.83132, 44.40298, -149.33038461538462], [-0.83109, 44.40311, 51.2], [-0.83085, 44.40315, 51.2], [-0.83061, 44.40313, 51.2], [-0.83035, 44.40304, 51.0], [-0.83018, 44.40291, 51.0], [-0.8301, 44.40275, 51.333333333333336], [-0.83011, 44.40257, 51.333333333333336], [-0.83021, 44.40237, 51.3], [-0.83051, 44.40215, 51.1]]]}}, {"type": "Feature", "properties": {"id_obligation": "402950000D1365", "priorite": "moyenne"}, "geometry": {"type": "Polygon", "coordinates": [[[-0.83155, 44.40306, 51.4], [-0.83127, 44.40315, -299.53446712018143], [-0.83102, 44.40315, -299.53446712018143], [-0.83066, 44.40306, -299.53446712018143], [-0.83047, 44.40295, -299.53446712018143], [-0.83034, 44.40274, 51.35714285714285], [-0.83036, 44.40252, 51.3], [-0.83049, 44.40255, 51.3], [-0.83053, 44.40245, 51.3], [-0.83041, 44.40243, 51.3], [-0.83046, 44.40236, 51.18888888888889], [-0.83066, 44.4022, 51.18888888888889], [-0.83088, 44.40214, -699.5428571428571], [-0.83108, 44.40214, -1000.0], [-0.83107, 44.40217, -1000.0], [-0.83117, 44.40219, -1000.0], [-0.83119, 44.40215, -1000.0], [-0.83148, 44.40223, -298.8666666666667], [-0.83167, 44.40234, -298.8666666666667], [-0.83178, 44.40249, -1000.0], [-0.83181, 44.40267, -719.5666666666667], [-0.83173, 44.40288, 51.4], [-0.83155, 44.40306, 51.4]]]}}, {"type": "Feature", "properties": {"id_obligation": "402950000D1366", "priorite": "moyenne"}, "geometry": {"type": "Polygon", "coordinates": [[[-0.83202, 44.40243, -868.5375], [-0.83215, 44.40263, -368.07420995671], [-0.83215, 44.4028, -368.07420995671], [-0.83201, 44.40308, -368.07420995671], [-0.83184, 44.4032, -368.07420995671], [-0.83156, 44.40328, 51.1], [-0.83132, 44.40326, 51.1], [-0.83099, 44.40317, 51.074999999999996], [-0.83078, 44.40301, 51.074999999999996], [-0.8307, 44.40284, -369.15999999999997], [-0.83072, 44.40268, 51.4], [-0.83082, 44.40271, 51.4], [-0.83089, 44.40258, 51.4], [-0.83078, 44.40256, 51.4], [-0.8308, 44.4025, -699.6], [-0.83086, 44.40243, -699.6], [-0.83103, 44.40231, -699.6], [-0.83126, 44.40224, -617.5636363636363], [-0.8315, 44.40224, -617.5636363636363], [-0.83177, 44.4023, -868.5375], [-0.83202, 44.40243, -868.5375]]]}}, {"type": "Feature", "properties": {"id_obligation": "402950000D1367", "priorite": "faible"}, "geometry": {"type": "Polygon", "coordinates": [[[-0.83078, 44.40281, 51.0], [-0.83106, 44.40274, -474.4698660714286], [-0.83134, 44.40277, 51.4], [-0.83133, 44.4028, 51.4], [-0.8315, 44.4028, 51.4], [-0.83166, 44.40287, 51.4], [-0.83182, 44.40301, 51.4], [-0.83189, 44.40322, -1000.0], [-0.83179, 44.40352, -1000.0], [-0.83168, 44.40345, -1000.0], [-0.8316, 44.40351, -1000.0], [-0.83173, 44.40361, -1000.0], [-0.83169, 44.40364, -1000.0], [-0.83159, 44.40371, -1000.0], [-0.83151, 44.40362, -1000.0], [-0.83141, 44.40366, -1000.0], [-0.83149, 44.40375, -1000.0], [-0.8312, 44.4038, -1000.0], [-0.83087, 44.40375, -1000.0], [-0.83066, 44.40366, -249.58571428571435], [-0.83057, 44.40359, -1000.0], [-0.83059, 44.40353, -1000.0], [-0.83051, 44.40352, -699.6857142857143], [-0.83044, 44.40336, -699.6857142857143], [-0.83047, 44.40319, 51.0], [-0.83054, 44.4032, 51.0], [-0.83058, 44.4031, 51.0], [-0.83051, 44.40308, 51.0], [-0.83057, 44.40297, 51.0], [-0.83078, 44.40281, 51.0]]]}}, {"type": "Feature", "properties": {"id_obligation": "402950000D1368", "priorite": "faible"}, "geometry": {"type": "Polygon", "coordinates": [[[-0.83034, 44.40279, -139.27093137254903], [-0.83062, 44.4027, 51.4], [-0.83086, 44.4027, 51.4], [-0.83127, 44.40281, -139.27093137254903], [-0.83147, 44.40297, 51.08], [-0.83154, 44.40314, 51.08], [-0.83152, 44.40331, 51.08], [-0.8314, 44.40353, -139.27093137254903], [-0.83117, 44.40367, -139.27093137254903], [-0.83094, 44.40373, -474.70000000000005], [-0.83073, 44.40372, 50.6], [-0.83068, 44.40365, 50.6], [-0.8306, 44.40369, 50.6], [-0.83036, 44.40362, -567.2705882352941], [-0.83018, 44.4035, -567.2705882352941], [-0.83021, 44.40342, 51.2], [-0.83011, 44.4034, 51.2], [-0.83008, 44.40333, 52.739999999999995], [-0.83008, 44.40316, 52.739999999999995], [-0.83016, 44.40297, -139.27093137254903], [-0.83034, 44.40279, -139.27093137254903]]]}}, {"type": "Feature", "properties": {"id_obligation": "402950000D1369", "priorite": "faible"}, "geometry": {"type": "Polygon", "coordinates": [[[-0.82991, 44.40346, -124.0], [-0.82978, 44.40326, 52.54999999999999], [-0.82978, 44.40308, 52.54999999999999], [-0.82991, 44.40282, 50.9], [-0.83008, 44.4027, 50.9], [-0.83036, 44.40262, 51.4], [-0.8306, 44.40263, 51.4], [-0.83091, 44.40272, 51.4], [-0.83113, 44.40288, 51.4], [-0.83121, 44.40305, 51.14], [-0.83119, 44.40321, 51.04708541730904], [-0.83112, 44.40319, 51.0], [-0.83107, 44.40332, 51.1], [-0.83114, 44.40334, 51.1], [-0.83106, 44.40345, 51.1], [-0.83089, 44.40357, 51.1], [-0.83066, 44.40364, -1000.0], [-0.83016, 44.40359, -124.0], [-0.82991, 44.40346, -124.0]]]}}, {"type": "Feature", "properties": {"id_obligation": "402950000D1370", "priorite": "faible"}, "geometry": {"type": "Polygon", "coordinates": [[[-0.82966, 44.40342, -299.9617929292929], [-0.82952, 44.40323, -824.85], [-0.8295, 44.40311, -1000.0], [-0.82962, 44.40312, -1000.0], [-0.82964, 44.40304, -1000.0], [-0.82951, 44.40302, -1000.0], [-0.82963, 44.40278, 50.9], [-0.82984, 44.40262, 50.9], [-0.83007, 44.40256, -299.9617929292929], [-0.83032, 44.40257, -299.9617929292929], [-0.83067, 44.40266, -299.9617929292929], [-0.83088, 44.40282, -299.9617929292929], [-0.83097, 44.40298, 51.08], [-0.83096, 44.40315, 51.08], [-0.83084, 44.40338, -713.3090909090909], [-0.83068, 44.40351, -713.3090909090909], [-0.83058, 44.40356, -1000.0], [-0.83053, 44.40352, -1000.0], [-0.83047, 44.40359, -416.0], [-0.83023, 44.4036, -416.0], [-0.82992, 44.40354, -299.9617929292929], [-0.82966, 44.40342, -299.9617929292929]]]}}, {"type": "Feature", "properties": {"id_obligation": "402950000D1371", "priorite": "faible"}, "geometry": {"type": "Polygon", "coordinates": [[[-0.82938, 44.40266, 50.6], [-0.8294, 44.4027, 50.6], [-0.82959, 44.40264, 50.6], [-0.82955, 44.40258, 50.6], [-0.82945, 44.4026, 50.6], [-0.82951, 44.40256, 50.60000000000001], [-0.82979, 44.40246, 52.150000000000006], [-0.83001, 44.40246, 51.4], [-0.82999, 44.40251, 51.4], [-0.83013, 44.40255, 51.4], [-0.83015, 44.40249, 51.4], [-0.8304, 44.40257, 51.4], [-0.83057, 44.40269, 51.4], [-0.83066, 44.4029, 52.26666666666667], [-0.83058, 44.40322, -605.85], [-0.83046, 44.40337, -605.85], [-0.83017, 44.40352, 51.2], [-0.83021, 44.40342, 51.2], [-0.8301, 44.4034, 51.2], [-0.83004, 44.40354, 51.2], [-0.82979, 44.40352, 51.2], [-0.82945, 44.40341, -77.70684523809523], [-0.82929, 44.40327, -77.70684523809523], [-0.82922, 44.40311, -324.87142857142857], [-0.82929, 44.40303, 50.0], [-0.82924, 44.40294, 50.3], [-0.82938, 44.40266, 50.6]]]}}, {"type": "Feature", "properties": {"id_obligation": "402950000D1372", "priorite": "moyenne"}, "geometry": {"type": "Polygon", "coordinates": [[[-0.8297, 44.40305, -824.85], [-0.82988, 44.40298, 50.9], [-0.82984, 44.40306, 50.9], [-0.82998, 44.40309, 50.9], [-0.83004, 44.40295, 50.9], [-0.83029, 44.40297, 52.183333333333344], [-0.83061, 44.40308, 51.099999999999994], [-0.83073, 44.40317, 51.2], [-0.8307, 44.40324, 51.2], [-0.83079, 44.40326, 51.2], [-0.83083, 44.40342, -904.4363636363636], [-0.83073, 44.40372, 50.6], [-0.83068, 44.40365, 50.6], [-0.83049, 44.40374, 50.6], [-0.83055, 44.40381, 50.5], [-0.83073, 44.40373, 50.59675132747434], [-0.83064, 44.40383, 50.599999999999994], [-0.83045, 44.40395, -299.46666666666664], [-0.83022, 44.404, -299.46666666666664], [-0.83008, 44.404, 50.8], [-0.83001, 44.40386, 50.8], [-0.8299, 44.4039, 50.8], [-0.82997, 44.40398, 50.8], [-0.82965, 44.40388, 50.8], [-0.8295, 44.40374, 50.8], [-0.82942, 44.40358, -270.8837121212121], [-0.82954, 44.40319, -824.85], [-0.8297, 44.40305, -824.85]]]}}, {"type": "Feature", "properties": {"id_obligation": "402950000D1373", "priorite": "moyenne"}, "geometry": {"type": "Polygon", "coordinates": [[[-0.83058, 44.40407, 50.8], [-0.83041, 44.40413, 50.74545454545455], [-0.83016, 44.40415, 50.74545454545455], [-0.82981, 44.40407, 50.8], [-0.82963, 44.40396, 50.8], [-0.82952, 44.40381, 51.2], [-0.8295, 44.40359, 51.2], [-0.8296, 44.40338, 51.2], [-0.82991, 44.40307, 50.9], [-0.82998, 44.40309, 50.9], [-0.83, 44.40303, 50.9], [-0.83013, 44.40299, 52.216666666666676], [-0.83044, 44.40297, 52.216666666666676], [-0.83085, 44.40308, 51.1375], [-0.83106, 44.40324, 51.1375], [-0.83113, 44.4035, 50.93333333333334], [-0.83103, 44.40375, 50.93333333333334], [-0.83058, 44.40407, 50.8]]]}}, {"type": "Feature", "properties": {"id_obligation": "402950000D1374", "priorite": "faible"}, "geometry": {"type": "MultiPolygon", "coordinates": [[[[-0.83135, 44.40362, -1000.0], [-0.83136, 44.4038, -1000.0], [-0.83132, 44.40376, -1000.0], [-0.83121, 44.40381, -1000.0], [-0.83131, 44.40392, -1000.0], [-0.83111, 44.40409, -1000.0], [-0.83076, 44.40423, -399.54285714285703], [-0.83052, 44.40426, -399.54285714285703], [-0.83023, 44.40419, -579.6800000000001], [-0.83004, 44.40407, -579.6800000000001], [-0.83, 44.40403, 50.8], [-0.83011, 44.40399, 50.8], [-0.83001, 44.40386, 50.8], [-0.8299, 44.40389, -474.5333333333333], [-0.82987, 44.40355, -474.5333333333333], [-0.82995, 44.40334, -64.22222222222223], [-0.83015, 44.40317, -64.22222222222223], [-0.8303, 44.40316, 51.6], [-0.83032, 44.4031, 51.6], [-0.83043, 44.40308, 51.0], [-0.83039, 44.40317, 51.0], [-0.83054, 44.4032, 51.0], [-0.83058, 44.4031, 51.0], [-0.83047, 44.40308, 51.0], [-0.83079, 44.40311, 51.18181818181818], [-0.83105, 44.40323, 51.083333333333336], [-0.83107, 44.40332, 51.1], [-0.83115, 44.40334, 51.1], [-0.83135, 44.40362, -1000.0]]], [[[-0.82992, 44.40391, 50.8], [-0.83, 44.40402, 50.8], [-0.82995, 44.40397, -579.6800000000001], [-0.82992, 44.40391, 50.8]]]]}}, {"type": "Feature", "properties": {"id_obligation": "402950000D1375", "priorite": "faible"}, "geometry": {"type": "Polygon", "coordinates": [[[-0.82959, 44.40379, 50.79999999999999], [-0.82969, 44.40358, 51.2], [-0.82987, 44.40346, 51.2], [-0.83026, 44.40333, -824.8], [-0.8305, 44.40332, -824.8], [-0.83078, 44.40342, -474.7], [-0.83094, 44.40355, -474.7], [-0.83107, 44.40377, 50.6], [-0.83107, 44.40394, 50.6], [-0.83095, 44.40414, -824.8666666666667], [-0.83076, 44.40426, -824.8666666666667], [-0.83041, 44.40437, -676.676923076923], [-0.83022, 44.40438, -1000.0], [-0.8304, 44.4043, -1000.0], [-0.83032, 44.40419, -1000.0], [-0.83015, 44.4043, -1000.0], [-0.83021, 44.40437, -1000.0], [-0.82994, 44.4043, -336.65544871794873], [-0.82976, 44.40418, -336.65544871794873], [-0.82963, 44.404, 50.79999999999999], [-0.82959, 44.40379, 50.79999999999999]]]}}, {"type": "Feature", "properties": {"id_obligation": "402950000D1376", "priorite": "moyenne"}, "geometry": {"type": "Polygon", "coordinates": [[[-0.82928, 44.40386, -347.9742857142857], [-0.82938, 44.40365, 48.8], [-0.82955, 44.40352, 48.8], [-0.82989, 44.40342, -299.2], [-0.83009, 44.40341, 51.2], [-0.83005, 44.40353, 51.2], [-0.83015, 44.40355, 51.2], [-0.8302, 44.40343, 51.2], [-0.8303, 44.40346, -1000.0], [-0.83028, 44.4035, -1000.0], [-0.83045, 44.40354, -1000.0], [-0.8306, 44.40369, 50.6], [-0.83049, 44.40374, 50.6], [-0.83055, 44.40381, 50.5], [-0.83065, 44.40376, 50.55469925053536], [-0.83072, 44.4039, 50.75714285714286], [-0.83071, 44.40412, -549.6571428571428], [-0.83059, 44.40427, -549.6571428571428], [-0.8304, 44.40439, -549.6571428571428], [-0.83012, 44.40447, -1000.0], [-0.82988, 44.40447, -1000.0], [-0.82966, 44.4044, -347.9742857142857], [-0.82948, 44.40428, -347.9742857142857], [-0.82933, 44.40407, -347.9742857142857], [-0.82928, 44.40386, -347.9742857142857]]]}}, {"type": "Feature", "properties": {"id_obligation": "402950000D1377", "priorite": "moyenne"}, "geometry": {"type": "Polygon", "coordinates": [[[-0.83016, 44.40483, -482.13497354497355], [-0.82987, 44.40476, -482.13497354497355], [-0.82967, 44.4046, -482.13497354497355], [-0.82952, 44.40435, -482.13497354497355], [-0.82955, 44.40417, -482.13497354497355], [-0.82966, 44.40401, 50.79999999999999], [-0.82989, 44.40385, 50.79999999999999], [-0.83024, 44.40374, 50.74444444444445], [-0.83049, 44.40376, 50.74444444444445], [-0.83075, 44.40387, -369.64], [-0.8309, 44.40401, -1000.0], [-0.83076, 44.40407, -1000.0], [-0.83082, 44.40414, -1000.0], [-0.83095, 44.40408, -1000.0], [-0.83103, 44.40425, -1000.0], [-0.83101, 44.40443, -1000.0], [-0.8309, 44.40458, -1000.0], [-0.83046, 44.40479, -482.13497354497355], [-0.83016, 44.40483, -482.13497354497355]]]}}, {"type": "Feature", "properties": {"id_obligation": "402950000D1378", "priorite": "moyenne"}, "geometry": {"type": "Polygon", "coordinates": [[[-0.8307, 44.40363, -54.39000000000001], [-0.83097, 44.40372, -656.7186394557823], [-0.83119, 44.40393, -656.7186394557823], [-0.83127, 44.4041, -1000.0], [-0.83124, 44.40429, -1000.0], [-0.83114, 44.40418, -1000.0], [-0.83102, 44.40423, -1000.0], [-0.83113, 44.40435, -1000.0], [-0.83122, 44.40431, -1000.0], [-0.83109, 44.40446, -1000.0], [-0.83074, 44.40462, -656.7186394557823], [-0.8305, 44.40467, -656.7186394557823], [-0.83026, 44.40465, -1000.0], [-0.83005, 44.40457, -1000.0], [-0.82983, 44.40436, -1000.0], [-0.82976, 44.40419, -649.7333333333333], [-0.82979, 44.40401, -649.7333333333333], [-0.8299, 44.40386, -549.6571428571427], [-0.8304, 44.40364, -54.39000000000001], [-0.8307, 44.40363, -54.39000000000001]]]}}, {"type": "Feature", "properties": {"id_obligation": "402950000D1379", "priorite": "moyenne"}, "geometry": {"type": "Polygon", "coordinates": [[[-0.83079, 44.40459, -1000.0], [-0.8305, 44.40452, -1000.0], [-0.83027, 44.40436, -1000.0], [-0.8304, 44.4043, -1000.0], [-0.83032, 44.40419, -1000.0], [-0.8302, 44.40428, -1000.0], [-0.83015, 44.40418, -434.18461538461537], [-0.83014, 44.404, -434.18461538461537], [-0.83022, 44.40384, 50.8], [-0.83029, 44.40393, 50.8], [-0.83046, 44.40386, 50.8], [-0.83038, 44.40377, 50.8], [-0.83023, 44.40383, 50.8], [-0.83026, 44.4038, 50.7], [-0.83044, 44.40368, 50.7], [-0.83076, 44.40357, 50.6], [-0.83101, 44.40356, 50.6], [-0.83129, 44.40365, -1000.0], [-0.83145, 44.40379, -1000.0], [-0.83157, 44.40398, -649.6666666666666], [-0.83159, 44.40406, 51.0], [-0.83155, 44.40401, 51.0], [-0.83141, 44.40406, 51.0], [-0.83147, 44.40413, 51.0], [-0.83159, 44.40409, 51.0], [-0.83149, 44.40431, -1000.0], [-0.83135, 44.40443, -1000.0], [-0.8313, 44.40437, -1000.0], [-0.83115, 44.40443, -1000.0], [-0.83121, 44.40449, -1000.0], [-0.83079, 44.40459, -1000.0]]]}}, {"type": "Feature", "properties": {"id_obligation": "402950000D1380", "priorite": "moyenne"}, "geometry": {"type": "Polygon", "coordinates": [[[-0.83127, 44.40485, -1000.0], [-0.83103, 44.40488, -1000.0], [-0.83073, 44.40482, -559.1781832298138], [-0.83054, 44.40471, -559.1781832298138], [-0.83039, 44.40451, -737.3000000000001], [-0.83035, 44.40432, -1000.0], [-0.8304, 44.4043, -1000.0], [-0.8304, 44.40416, 50.8], [-0.83045, 44.40422, 50.8], [-0.83064, 44.40415, 50.8], [-0.83058, 44.40407, 50.8], [-0.8304, 44.40414, 50.8], [-0.83048, 44.404, 50.8], [-0.83064, 44.40387, 50.8], [-0.83093, 44.40375, -1000.0], [-0.83117, 44.40373, -1000.0], [-0.83155, 44.40384, -1000.0], [-0.83149, 44.40391, -1000.0], [-0.83153, 44.40396, -1000.0], [-0.83165, 44.40391, -588.7826086956524], [-0.83184, 44.40415, -249.24285714285716], [-0.83187, 44.40433, -249.24285714285716], [-0.83186, 44.40441, 51.0727585346815], [-0.83178, 44.40431, 51.0], [-0.83166, 44.40437, 51.1], [-0.83177, 44.40449, 51.1], [-0.83183, 44.40447, 51.1], [-0.83156, 44.40472, 51.1], [-0.83127, 44.40485, -1000.0]]]}}, {"type": "Feature", "properties": {"id_obligation": "402950000D1381", "priorite": "moyenne"}, "geometry": {"type": "Polygon", "coordinates": [[[-0.83121, 44.40497, -742.0857407407408], [-0.83092, 44.40491, -742.0857407407408], [-0.83073, 44.40479, -742.0857407407408], [-0.83055, 44.40454, -1000.0], [-0.83054, 44.40433, -1000.0], [-0.83065, 44.40417, -1000.0], [-0.83077, 44.40408, -1000.0], [-0.83082, 44.40414, -1000.0], [-0.83096, 44.40408, -1000.0], [-0.83091, 44.40401, -1000.0], [-0.83114, 44.40393, -766.4444444444445], [-0.83131, 44.40392, -1000.0], [-0.83127, 44.40402, -1000.0], [-0.83139, 44.40392, -1000.0], [-0.83167, 44.404, -737.25], [-0.83184, 44.40414, -737.25], [-0.83198, 44.40435, 51.18000000000001], [-0.832, 44.40452, 51.18000000000001], [-0.83191, 44.40469, -742.0857407407408], [-0.83175, 44.40482, -742.0857407407408], [-0.8315, 44.40493, -742.0857407407408], [-0.83121, 44.40497, -742.0857407407408]]]}}, {"type": "Feature", "properties": {"id_obligation": "402950000D1382", "priorite": "moyenne"}, "geometry": {"type": "Polygon", "coordinates": [[[-0.83199, 44.40389, -789.74], [-0.8322, 44.40398, -789.74], [-0.83233, 44.40409, -1000.0], [-0.83215, 44.40416, -1000.0], [-0.83221, 44.40424, -1000.0], [-0.83239, 44.40417, -1000.0], [-0.83251, 44.40442, -849.8142857142857], [-0.83248, 44.40459, -642.1264087301587], [-0.83235, 44.40474, -642.1264087301587], [-0.83204, 44.4049, -642.1264087301587], [-0.8318, 44.40494, -642.1264087301587], [-0.83155, 44.40492, -642.1264087301587], [-0.83134, 44.40483, -642.1264087301587], [-0.83112, 44.4046, -642.1264087301587], [-0.83104, 44.40443, -1000.0], [-0.83112, 44.4044, -1000.0], [-0.83103, 44.40433, -1000.0], [-0.83105, 44.40426, -1000.0], [-0.83113, 44.40435, -1000.0], [-0.83125, 44.4043, -1000.0], [-0.83114, 44.40418, -1000.0], [-0.83107, 44.40421, -1000.0], [-0.83119, 44.40407, -824.8333333333334], [-0.83145, 44.40393, -824.8333333333334], [-0.8315, 44.40391, -1000.0], [-0.83153, 44.40396, -1000.0], [-0.83168, 44.40387, -439.53333333333325], [-0.83199, 44.40389, -789.74]]]}}, {"type": "Feature", "properties": {"id_obligation": "402950000D1383", "priorite": "moyenne"}, "geometry": {"type": "Polygon", "coordinates": [[[-0.83217, 44.40371, -124.33333333333337], [-0.83246, 44.40379, -476.9094083694084], [-0.83265, 44.40396, -476.9094083694084], [-0.83278, 44.40422, -1000.0], [-0.83275, 44.40439, -476.9094083694084], [-0.83259, 44.40458, -476.9094083694084], [-0.83226, 44.40472, 51.1], [-0.83202, 44.40477, 51.1], [-0.83178, 44.40475, 51.1], [-0.83152, 44.40463, -1000.0], [-0.83133, 44.4044, -1000.0], [-0.83128, 44.40426, -369.38], [-0.83131, 44.40408, -713.3636363636364], [-0.83143, 44.40393, -713.3636363636364], [-0.83152, 44.40387, -1000.0], [-0.83153, 44.40396, -1000.0], [-0.83169, 44.40389, -1000.0], [-0.8316, 44.40383, -1000.0], [-0.83187, 44.40374, -124.33333333333337], [-0.83217, 44.40371, -124.33333333333337]]]}}, {"type": "Feature", "properties": {"id_obligation": "402950000D1384", "priorite": "moyenne"}, "geometry": {"type": "Polygon", "coordinates": [[[-0.83221, 44.4035, -794.1890297202798], [-0.83242, 44.40366, -794.1890297202798], [-0.83255, 44.40388, -1000.0], [-0.83253, 44.4041, -808.8545454545455], [-0.83238, 44.40428, -1000.0], [-0.83229, 44.40429, -1000.0], [-0.83232, 44.40432, -1000.0], [-0.83205, 44.40444, -808.8545454545455], [-0.83178, 44.40449, 51.1], [-0.83189, 44.40444, 51.1], [-0.83178, 44.40431, 51.0], [-0.83166, 44.40437, 51.1], [-0.83176, 44.40449, 51.1], [-0.83157, 44.40447, 51.15], [-0.83118, 44.40433, -1000.0], [-0.83125, 44.4043, -1000.0], [-0.83114, 44.40418, -1000.0], [-0.83101, 44.40421, -1000.0], [-0.83087, 44.40399, -1000.0], [-0.83089, 44.40377, -1000.0], [-0.83105, 44.40359, -1000.0], [-0.8314, 44.40342, -1000.0], [-0.83164, 44.40338, -1000.0], [-0.83221, 44.4035, -794.1890297202798]]]}}, {"type": "Feature", "properties": {"id_obligation": "402950000D1385", "priorite": "moyenne"}, "geometry": {"type": "Polygon", "coordinates": [[[-0.83162, 44.40356, -1000.0], [-0.8319, 44.40364, -698.8351461038961], [-0.83207, 44.40376, -698.8351461038961], [-0.83222, 44.404, -549.5857142857143], [-0.83223, 44.40413, -1000.0], [-0.83215, 44.40416, -1000.0], [-0.8322, 44.40423, -1000.0], [-0.83208, 44.40438, -123.95000000000003], [-0.83189, 44.40449, -299.3], [-0.83157, 44.40458, -299.3], [-0.83132, 44.40457, -1000.0], [-0.83109, 44.40449, -1000.0], [-0.83087, 44.40429, -1000.0], [-0.83079, 44.40411, -1000.0], [-0.83082, 44.40414, -1000.0], [-0.83096, 44.40408, -1000.0], [-0.8309, 44.40401, -1000.0], [-0.83078, 44.40406, -1000.0], [-0.83093, 44.40377, -1000.0], [-0.83137, 44.40358, -1000.0], [-0.83162, 44.40356, -1000.0]]]}}, {"type": "Feature", "properties": {"id_obligation": "402950000D1386", "priorite": "moyenne"}, "geometry": {"type": "Polygon", "coordinates": [[[-0.83161, 44.40439, 51.04999999999999], [-0.83137, 44.40446, -1000.0], [-0.8313, 44.40437, -1000.0], [-0.83115, 44.40443, -1000.0], [-0.83118, 44.40446, -1000.0], [-0.83082, 44.40433, -1000.0], [-0.83066, 44.40414, -1000.0], [-0.83058, 44.40385, -416.35555555555555], [-0.83058, 44.40379, 50.516637439717016], [-0.83074, 44.40373, 50.6], [-0.83068, 44.40365, 50.6], [-0.83061, 44.40369, 50.6], [-0.83077, 44.40348, -601.321261487051], [-0.83103, 44.40336, -124.11666666666666], [-0.83121, 44.40335, 51.1], [-0.83127, 44.40331, -124.11666666666666], [-0.83151, 44.40333, -124.11666666666666], [-0.83177, 44.40345, -1000.0], [-0.832, 44.40368, -562.1666666666666], [-0.83207, 44.40385, -562.1666666666666], [-0.83203, 44.40406, 51.04999999999999], [-0.83185, 44.40426, 51.04999999999999], [-0.83161, 44.40439, 51.04999999999999]]]}}, {"type": "Feature", "properties": {"id_obligation": "402950000D1387", "priorite": "moyenne"}, "geometry": {"type": "Polygon", "coordinates": [[[-0.83206, 44.40416, 51.21666666666667], [-0.83178, 44.4043, -211.775], [-0.83148, 44.40433, -211.775], [-0.83125, 44.40428, -1000.0], [-0.831, 44.40411, -1000.0], [-0.83081, 44.40379, -1000.0], [-0.83079, 44.40361, -1000.0], [-0.83086, 44.40345, 51.05], [-0.83108, 44.40328, 51.067966450451436], [-0.83107, 44.40332, 51.1], [-0.83121, 44.40335, 51.1], [-0.83127, 44.40322, 51.1], [-0.83123, 44.40321, 51.074142802963046], [-0.83133, 44.40318, -737.225], [-0.83158, 44.40317, -737.225], [-0.83181, 44.40322, -1000.0], [-0.832, 44.40333, -1000.0], [-0.83223, 44.40359, 50.8], [-0.83227, 44.40377, 50.8], [-0.83222, 44.40398, 51.21666666666667], [-0.83206, 44.40416, 51.21666666666667]]]}}, {"type": "Feature", "properties": {"id_obligation": "402950000D1388", "priorite": "moyenne"}, "geometry": {"type": "Polygon", "coordinates": [[[-0.83167, 44.40246, 51.7], [-0.83169, 44.4024, 51.7], [-0.83151, 44.40236, 51.7], [-0.83148, 44.40245, 51.7], [-0.83164, 44.40248, 51.7], [-0.83129, 44.40263, -1000.0], [-0.831, 44.40258, -1000.0], [-0.83098, 44.40262, -1000.0], [-0.83071, 44.40254, 51.4], [-0.83054, 44.40241, 51.4], [-0.83045, 44.40225, 51.171428571428564], [-0.83045, 44.40208, 51.171428571428564], [-0.83057, 44.40187, -421.7390476190476], [-0.83079, 44.40172, -421.7390476190476], [-0.83101, 44.40167, -421.7390476190476], [-0.83125, 44.40168, -421.7390476190476], [-0.83152, 44.40177, -421.7390476190476], [-0.8317, 44.40189, -421.7390476190476], [-0.8318, 44.40205, -421.7390476190476], [-0.83181, 44.40223, -421.7390476190476], [-0.83167, 44.40246, 51.7]]]}}, {"type": "Feature", "properties": {"id_obligation": "402950000D1392", "priorite": "forte"}, "geometry": {"type": "Polygon", "coordinates": [[[-0.83938, 44.40086, 52.112500000000004], [-0.83939, 44.40064, 52.112500000000004], [-0.83951, 44.40048, 52.65221428571429], [-0.83982, 44.40028, 52.65221428571429], [-0.84012, 44.40023, 52.65221428571429], [-0.84036, 44.40027, 53.3], [-0.84047, 44.40037, 53.3], [-0.84056, 44.40037, 53.3], [-0.84076, 44.40054, 53.3], [-0.84081, 44.40063, 52.5], [-0.84074, 44.40058, 52.5], [-0.84064, 44.40064, 51.6], [-0.84077, 44.40073, 51.9], [-0.84082, 44.4007, 52.27374655180291], [-0.84078, 44.40092, 52.65221428571429], [-0.84065, 44.40106, 52.65221428571429], [-0.84039, 44.40123, 52.65221428571429], [-0.84016, 44.40128, 52.65221428571429], [-0.83991, 44.40127, 52.65221428571429], [-0.8397, 44.40119, 53.120000000000005], [-0.83947, 44.40102, 53.120000000000005], [-0.83938, 44.40086, 52.112500000000004]]]}}, {"type": "Feature", "properties": {"id_obligation": "402950000D1393", "priorite": "forte"}, "geometry": {"type": "Polygon", "coordinates": [[[-0.83908, 44.40085, 52.6909090909091], [-0.83909, 44.40065, 53.0], [-0.83922, 44.4006, 54.7], [-0.83915, 44.40054, 54.820639442161294], [-0.83921, 44.40047, 53.45], [-0.83954, 44.40026, 52.4], [-0.83959, 44.40025, 52.4], [-0.83967, 44.4003, 52.4], [-0.83971, 44.40022, 52.4], [-0.84006, 44.40024, 52.647680890538034], [-0.84026, 44.40033, 52.647680890538034], [-0.84047, 44.40049, 52.647680890538034], [-0.84055, 44.40066, 52.7], [-0.84051, 44.40088, 52.647680890538034], [-0.84038, 44.40103, 52.647680890538034], [-0.84009, 44.40122, 52.647680890538034], [-0.83985, 44.40127, 51.6], [-0.8396, 44.40126, 51.6], [-0.83939, 44.40117, 52.74285714285715], [-0.83917, 44.40101, 52.74285714285715], [-0.83908, 44.40085, 52.6909090909091]]]}}, {"type": "Feature", "properties": {"id_obligation": "402950000D1395", "priorite": "moyenne"}, "geometry": {"type": "Polygon", "coordinates": [[[-0.83181, 44.3949, 52.31818181818183], [-0.83157, 44.39487, 52.2], [-0.83136, 44.39478, 52.2], [-0.83114, 44.39456, 50.5], [-0.83108, 44.39439, 50.5], [-0.83111, 44.39422, 52.70000000000002], [-0.83124, 44.39407, 52.70000000000002], [-0.8315, 44.39393, 52.70000000000002], [-0.8318, 44.39388, -1000.0], [-0.83204, 44.39389, -209.65], [-0.83226, 44.39398, -209.65], [-0.83248, 44.39417, -209.65], [-0.83254, 44.39435, -882.9333333333333], [-0.83251, 44.39452, -882.9333333333333], [-0.83246, 44.3946, -1000.0], [-0.83242, 44.39455, -1000.0], [-0.83229, 44.3946, -1000.0], [-0.83236, 44.39469, -1000.0], [-0.8321, 44.39483, -736.6], [-0.83181, 44.3949, 52.31818181818183]]]}}, {"type": "Feature", "properties": {"id_obligation": "402950000D1396", "priorite": "moyenne"}, "geometry": {"type": "Polygon", "coordinates": [[[-0.83275, 44.39436, -366.3669808201059], [-0.83282, 44.39457, -1000.0], [-0.83277, 44.39474, -366.3669808201059], [-0.83256, 44.39499, -366.3669808201059], [-0.83235, 44.39509, -366.3669808201059], [-0.83205, 44.39512, -366.3669808201059], [-0.83181, 44.39506, 52.25714285714286], [-0.83154, 44.39494, 52.25714285714286], [-0.83139, 44.39475, 52.41875000000001], [-0.83136, 44.39458, 52.41875000000001], [-0.83143, 44.39441, 53.300000000000004], [-0.83162, 44.3942, 53.300000000000004], [-0.83182, 44.3941, -882.9777777777776], [-0.83202, 44.39407, -1000.0], [-0.83194, 44.3941, -1000.0], [-0.83203, 44.39421, -1000.0], [-0.83216, 44.39416, -1000.0], [-0.83208, 44.39407, -1000.0], [-0.83255, 44.3942, -366.3669808201059], [-0.83275, 44.39436, -366.3669808201059]]]}}, {"type": "Feature", "properties": {"id_obligation": "402950000D1400", "priorite": "faible"}, "geometry": {"type": "Polygon", "coordinates": [[[-0.82937, 44.40809, 50.425], [-0.82927, 44.40829, 49.1], [-0.829, 44.40846, 49.1], [-0.82871, 44.40854, 51.24000000000001], [-0.82828, 44.4085, 51.24000000000001], [-0.82805, 44.40844, 50.01740530303031], [-0.8278, 44.40825, 50.01740530303031], [-0.82769, 44.40805, 49.55909090909092], [-0.82772, 44.40783, 49.55909090909092], [-0.82784, 44.40769, 49.6], [-0.82804, 44.40757, 49.6], [-0.82835, 44.40748, 51.4], [-0.82837, 44.40754, 51.4], [-0.82845, 44.40753, 51.4], [-0.82846, 44.4076, 51.4], [-0.82856, 44.40758, 51.4], [-0.82852, 44.40754, 49.1], [-0.82859, 44.40753, 49.1], [-0.82858, 44.40748, 49.1], [-0.82896, 44.40756, 49.29999999999999], [-0.82915, 44.40767, 49.29999999999999], [-0.82932, 44.40787, 50.425], [-0.82937, 44.40809, 50.425]]]}}, {"type": "Feature", "properties": {"id_obligation": "402950000D1401", "priorite": "moyenne"}, "geometry": {"type": "Polygon", "coordinates": [[[-0.82902, 44.40737, 50.455833333333324], [-0.82927, 44.40749, 50.455833333333324], [-0.8294, 44.4077, 49.3], [-0.82923, 44.4077, 49.3], [-0.82924, 44.40782, 49.3], [-0.82944, 44.40781, 49.3], [-0.82946, 44.40795, 49.3], [-0.8294, 44.40811, 50.455833333333324], [-0.82921, 44.40828, 50.455833333333324], [-0.8288, 44.40838, 51.2], [-0.82899, 44.40831, 49.1], [-0.82888, 44.40821, 49.1], [-0.82868, 44.40831, 51.2], [-0.82876, 44.40839, 51.2], [-0.82869, 44.40839, 50.553333333333335], [-0.82845, 44.40834, 50.9], [-0.82825, 44.40823, 50.9], [-0.82812, 44.40808, 50.9], [-0.82805, 44.40781, 50.9], [-0.8281, 44.40763, 51.3], [-0.82824, 44.40748, 51.3], [-0.82835, 44.40748, 51.4], [-0.82837, 44.40754, 51.4], [-0.82845, 44.40753, 51.4], [-0.82846, 44.4076, 51.4], [-0.82854, 44.40759, 51.4], [-0.82852, 44.40754, 49.1], [-0.82859, 44.40753, 49.1], [-0.82853, 44.40736, 49.1], [-0.82873, 44.40734, 50.537499999999994], [-0.82902, 44.40737, 50.455833333333324]]]}}, {"type": "Feature", "properties": {"id_obligation": "402950000D1404", "priorite": "moyenne"}, "geometry": {"type": "Polygon", "coordinates": [[[-0.82409, 44.40562, -72.83222222222221], [-0.82426, 44.40584, 50.775000000000006], [-0.82428, 44.40598, 51.7794395480852], [-0.82424, 44.40591, 49.5], [-0.82412, 44.40595, 49.5], [-0.82425, 44.40612, 49.11557539163624], [-0.8242, 44.40619, 49.166666666666664], [-0.824, 44.40635, 49.166666666666664], [-0.82364, 44.40647, -72.83222222222221], [-0.82339, 44.40648, -72.83222222222221], [-0.82316, 44.40643, -72.83222222222221], [-0.82282, 44.4062, -72.83222222222221], [-0.8227, 44.40605, -72.83222222222221], [-0.82268, 44.40576, -72.83222222222221], [-0.82277, 44.40556, 49.4], [-0.82298, 44.40541, 49.4], [-0.82326, 44.40534, 49.288888888888884], [-0.82356, 44.40537, 49.288888888888884], [-0.82409, 44.40562, -72.83222222222221]]]}}, {"type": "Feature", "properties": {"id_obligation": "402950000D1405", "priorite": "moyenne"}, "geometry": {"type": "Polygon", "coordinates": [[[-0.82352, 44.40512, 51.7], [-0.82375, 44.40519, 51.7], [-0.82407, 44.40559, 51.075], [-0.82405, 44.40581, -1000.0], [-0.82392, 44.40596, -1000.0], [-0.82371, 44.40607, -1000.0], [-0.82342, 44.40614, -125.58333333333333], [-0.82317, 44.40613, -125.58333333333333], [-0.82295, 44.40604, -125.58333333333333], [-0.82279, 44.4059, -125.58333333333333], [-0.82266, 44.40568, 49.3], [-0.82266, 44.4055, 49.3], [-0.82276, 44.40534, 48.67777777777778], [-0.82294, 44.40521, 48.67777777777778], [-0.82322, 44.40512, 48.67777777777778], [-0.82352, 44.40512, 51.7]]]}}, {"type": "Feature", "properties": {"id_obligation": "402950000D1406", "priorite": "moyenne"}, "geometry": {"type": "Polygon", "coordinates": [[[-0.82314, 44.40697, 49.58], [-0.82291, 44.40711, 49.58], [-0.82267, 44.40716, -1000.0], [-0.82241, 44.40714, -1000.0], [-0.82218, 44.40707, -1000.0], [-0.82201, 44.40694, -1000.0], [-0.82193, 44.40677, -1000.0], [-0.82194, 44.40656, -850.0600000000001], [-0.82205, 44.4064, -850.0600000000001], [-0.82224, 44.40628, -850.0600000000001], [-0.82248, 44.40622, -850.0600000000001], [-0.82281, 44.40625, -1000.0], [-0.82303, 44.40633, -1000.0], [-0.82319, 44.40647, -1000.0], [-0.82326, 44.40663, -1000.0], [-0.82324, 44.4068, -1000.0], [-0.82314, 44.40697, 49.58]]]}}, {"type": "Feature", "properties": {"id_obligation": "402950000D1407", "priorite": "faible"}, "geometry": {"type": "Polygon", "coordinates": [[[-0.82758, 44.40607, 50.28333333333333], [-0.82754, 44.40619, 50.4], [-0.82767, 44.4062, 49.7], [-0.82767, 44.40617, 49.7], [-0.82773, 44.40631, 49.93333333333334], [-0.82767, 44.40658, -1000.0], [-0.8275, 44.40676, -1000.0], [-0.82723, 44.40685, -1000.0], [-0.82674, 44.40688, -1000.0], [-0.82637, 44.4068, -211.93815476190477], [-0.82617, 44.4067, -211.93815476190477], [-0.82604, 44.40655, -211.93815476190477], [-0.82601, 44.40639, 49.5034375621571], [-0.82624, 44.40644, 50.6], [-0.82627, 44.40637, 50.6], [-0.82607, 44.40632, 50.6], [-0.82601, 44.40635, 48.8], [-0.82601, 44.40631, 50.37333333333334], [-0.8261, 44.40611, 51.3], [-0.82625, 44.40597, 51.3], [-0.82665, 44.40585, 51.86666666666667], [-0.82702, 44.40593, 52.1], [-0.82703, 44.4059, 52.1], [-0.82733, 44.40594, 50.28333333333333], [-0.82758, 44.40607, 50.28333333333333]]]}}, {"type": "Feature", "properties": {"id_obligation": "402950000D1414", "priorite": "moyenne"}, "geometry": {"type": "Polygon", "coordinates": [[[-0.83257, 44.40407, -737.2], [-0.83227, 44.40405, -737.2], [-0.83187, 44.40386, -737.2], [-0.83168, 44.40371, -1000.0], [-0.83158, 44.40355, -1000.0], [-0.83159, 44.40333, -1000.0], [-0.8317, 44.40317, -737.2], [-0.83191, 44.40304, -737.2], [-0.83216, 44.40297, -1000.0], [-0.83213, 44.40304, -1000.0], [-0.83226, 44.40307, -1000.0], [-0.8323, 44.40296, -1000.0], [-0.83265, 44.403, -1000.0], [-0.83292, 44.40311, -737.2], [-0.83316, 44.40331, -737.2], [-0.83325, 44.40352, -737.2], [-0.83321, 44.40369, 51.2], [-0.83308, 44.40384, 51.2], [-0.8328, 44.40401, 51.2], [-0.83257, 44.40407, -737.2]]]}}, {"type": "Feature", "properties": {"id_obligation": "402950000D1415", "priorite": "moyenne"}, "geometry": {"type": "Polygon", "coordinates": [[[-0.83285, 44.40325, -649.6], [-0.83315, 44.40327, -649.6], [-0.83336, 44.40336, -649.6], [-0.83362, 44.40357, -649.6], [-0.8337, 44.40373, -649.6], [-0.83368, 44.40395, -649.6], [-0.83355, 44.4041, -649.6], [-0.83331, 44.40425, -649.6], [-0.83308, 44.40431, -649.6], [-0.83277, 44.40429, -649.6], [-0.83256, 44.4042, -649.6], [-0.83231, 44.404, -649.6], [-0.83222, 44.40383, -1000.0], [-0.83223, 44.40366, -1000.0], [-0.83233, 44.4035, -1000.0], [-0.83257, 44.40333, -1000.0], [-0.83285, 44.40325, -649.6]]]}}, {"type": "Feature", "properties": {"id_obligation": "402950000D1418", "priorite": "moyenne"}, "geometry": {"type": "Polygon", "coordinates": [[[-0.83299, 44.40451, -278.11651785714287], [-0.8328, 44.40468, -278.11651785714287], [-0.83252, 44.40479, -278.11651785714287], [-0.83216, 44.40479, -278.11651785714287], [-0.83191, 44.40468, 51.1], [-0.83165, 44.40445, 51.1], [-0.83153, 44.40424, 51.06250000000001], [-0.83152, 44.40411, 51.0], [-0.8316, 44.40408, 51.0], [-0.83155, 44.40402, 51.0], [-0.83167, 44.40387, -1000.0], [-0.83186, 44.40376, -514.9999999999999], [-0.83219, 44.40365, -278.11651785714287], [-0.83249, 44.40364, -278.11651785714287], [-0.83272, 44.40372, -278.11651785714287], [-0.83289, 44.40384, -278.11651785714287], [-0.83302, 44.40404, -278.11651785714287], [-0.83304, 44.4043, -278.11651785714287], [-0.83299, 44.40451, -278.11651785714287]]]}}, {"type": "Feature", "properties": {"id_obligation": "402950000D1420", "priorite": "moyenne"}, "geometry": {"type": "Polygon", "coordinates": [[[-0.83187, 44.40405, -549.6428571428571], [-0.83157, 44.40404, 51.0], [-0.83136, 44.40397, -1000.0], [-0.83145, 44.40389, -1000.0], [-0.83132, 44.40376, -1000.0], [-0.83121, 44.40381, -1000.0], [-0.83132, 44.40395, -1000.0], [-0.83108, 44.40377, -1000.0], [-0.83098, 44.40361, -1000.0], [-0.83099, 44.40339, 51.059999999999995], [-0.8311, 44.40324, 51.036408516445164], [-0.83107, 44.40332, 51.1], [-0.83121, 44.40335, 51.1], [-0.83127, 44.40322, 51.1], [-0.83115, 44.4032, 51.02002961053334], [-0.83133, 44.40308, 51.059999999999995], [-0.83155, 44.40301, -708.5481232492998], [-0.83185, 44.40302, -708.5481232492998], [-0.83206, 44.40309, -708.5481232492998], [-0.83233, 44.40328, -708.5481232492998], [-0.83243, 44.40344, -1000.0], [-0.83236, 44.40353, -1000.0], [-0.83244, 44.40361, -1000.0], [-0.83235, 44.40378, -708.5481232492998], [-0.83214, 44.40395, -708.5481232492998], [-0.83187, 44.40405, -549.6428571428571]]]}}, {"type": "Feature", "properties": {"id_obligation": "402950000D1424", "priorite": "moyenne"}, "geometry": {"type": "Polygon", "coordinates": [[[-0.83343, 44.39593, -35.13428571428573], [-0.83344, 44.39615, -35.13428571428573], [-0.83329, 44.3964, -35.13428571428573], [-0.83311, 44.39652, -35.13428571428573], [-0.83288, 44.39658, 52.57142857142856], [-0.83264, 44.39658, 52.57142857142856], [-0.83248, 44.39654, 52.7], [-0.83257, 44.39643, 52.7], [-0.83245, 44.39638, 52.7], [-0.83237, 44.3965, 52.7], [-0.83209, 44.39633, -386.5083333333334], [-0.83192, 44.39603, 52.95714285714285], [-0.83191, 44.39586, 52.95714285714285], [-0.83204, 44.39563, 53.0], [-0.83225, 44.39547, 53.0], [-0.83255, 44.3954, -35.13428571428573], [-0.83285, 44.39544, -35.13428571428573], [-0.83312, 44.39557, -35.13428571428573], [-0.83343, 44.39593, -35.13428571428573]]]}}, {"type": "Feature", "properties": {"id_obligation": "402950000D1435", "priorite": "faible"}, "geometry": {"type": "Polygon", "coordinates": [[[-0.82513, 44.41019, 46.99166666666667], [-0.82487, 44.41029, 46.99166666666667], [-0.82457, 44.41029, 46.99166666666667], [-0.82426, 44.4102, 46.99166666666667], [-0.82409, 44.41007, 46.99166666666667], [-0.82399, 44.40987, 46.99166666666667], [-0.82408, 44.40955, 46.99166666666667], [-0.82419, 44.4094, 46.99166666666667], [-0.82438, 44.40929, 46.99166666666667], [-0.82461, 44.40923, 47.7], [-0.82494, 44.40926, 46.99166666666667], [-0.82516, 44.40934, 46.99166666666667], [-0.82532, 44.40948, 46.99166666666667], [-0.82539, 44.40964, 46.99166666666667], [-0.8253, 44.41001, 46.99166666666667], [-0.82513, 44.41019, 46.99166666666667]]]}}, {"type": "Feature", "properties": {"id_obligation": "402950000D1438", "priorite": "faible"}, "geometry": {"type": "Polygon", "coordinates": [[[-0.82425, 44.40987, 46.60714285714286], [-0.82412, 44.40967, 46.60714285714286], [-0.82411, 44.4095, 46.60714285714286], [-0.82424, 44.40923, 46.60714285714286], [-0.82446, 44.40908, 46.60714285714286], [-0.82469, 44.40903, 46.60714285714286], [-0.82493, 44.40904, 46.60714285714286], [-0.82521, 44.40912, 46.60714285714286], [-0.82539, 44.40923, 46.60714285714286], [-0.8255, 44.40943, 46.60714285714286], [-0.82549, 44.40961, 46.60714285714286], [-0.82538, 44.40984, 46.60714285714286], [-0.82521, 44.40997, 46.60714285714286], [-0.82498, 44.41004, 46.0], [-0.82473, 44.41004, 46.0], [-0.82444, 44.40997, 46.60714285714286], [-0.82425, 44.40987, 46.60714285714286]]]}}, {"type": "Feature", "properties": {"id_obligation": "402950000D1444", "priorite": "faible"}, "geometry": {"type": "Polygon", "coordinates": [[[-0.82562, 44.40809, 50.293066457352175], [-0.82534, 44.40816, 50.20384615384615], [-0.82527, 44.40815, 48.2], [-0.82515, 44.40798, 51.9], [-0.82503, 44.40802, 50.6], [-0.82512, 44.40816, 51.9], [-0.82494, 44.40811, 47.3], [-0.82498, 44.40806, 47.3], [-0.82492, 44.40806, 47.3], [-0.82492, 44.4081, 47.3], [-0.82483, 44.40805, 49.100000000000016], [-0.82483, 44.40795, 49.1], [-0.82504, 44.40791, 49.1], [-0.82504, 44.40784, 49.1], [-0.82474, 44.40783, 49.1], [-0.82474, 44.40797, 49.1], [-0.82449, 44.40755, 50.800000000000004], [-0.82451, 44.40732, 50.293066457352175], [-0.82468, 44.40711, 50.293066457352175], [-0.8249, 44.407, 49.050000000000004], [-0.82518, 44.40696, 49.050000000000004], [-0.82537, 44.40698, 51.9], [-0.82545, 44.40716, 47.5], [-0.82562, 44.40707, 49.2], [-0.82569, 44.40712, 49.10476190476191], [-0.82596, 44.40749, 52.4], [-0.82595, 44.40766, 52.4], [-0.82582, 44.40792, 50.293066457352175], [-0.82562, 44.40809, 50.293066457352175]]]}}, {"type": "Feature", "properties": {"id_obligation": "402950000D1448", "priorite": "forte"}, "geometry": {"type": "Polygon", "coordinates": [[[-0.84106, 44.40616, 51.69013755341881], [-0.84078, 44.40602, 51.69013755341881], [-0.84064, 44.40583, 51.39374999999998], [-0.84062, 44.40561, 51.39374999999998], [-0.84072, 44.4054, 52.3], [-0.84089, 44.40527, 52.3], [-0.84115, 44.40518, 51.48888888888889], [-0.84137, 44.4052, 51.4], [-0.84137, 44.40515, 51.4], [-0.84146, 44.40516, 51.48888888888889], [-0.84175, 44.40523, 50.2], [-0.84192, 44.40535, 50.2], [-0.84202, 44.40551, 52.3], [-0.84204, 44.40578, 52.3], [-0.84197, 44.40596, 52.3], [-0.84181, 44.4061, 52.3], [-0.84158, 44.40618, 52.3], [-0.84106, 44.40616, 51.69013755341881]]]}}, {"type": "Feature", "properties": {"id_obligation": "402950000D1449", "priorite": "forte"}, "geometry": {"type": "Polygon", "coordinates": [[[-0.84125, 44.40623, 51.02433333333333], [-0.84107, 44.40611, 51.02433333333333], [-0.84096, 44.40585, 51.129999999999995], [-0.84097, 44.4057, 50.99164447756051], [-0.84097, 44.40582, 50.9], [-0.84105, 44.40582, 50.9], [-0.84105, 44.40569, 51.1], [-0.84097, 44.40567, 51.129999999999995], [-0.84107, 44.4055, 51.525000000000006], [-0.84114, 44.40553, 51.9], [-0.84115, 44.40544, 51.82546145686748], [-0.84126, 44.40538, 51.525000000000006], [-0.84149, 44.40532, 50.3], [-0.84179, 44.40531, 50.3], [-0.84194, 44.40534, 50.2], [-0.84195, 44.40541, 50.2], [-0.84208, 44.4054, 50.2], [-0.84224, 44.40553, 50.2], [-0.84232, 44.4057, 51.02433333333333], [-0.84232, 44.40592, 51.02433333333333], [-0.84223, 44.40609, 51.02433333333333], [-0.84207, 44.40621, 51.02433333333333], [-0.84185, 44.40629, 51.02433333333333], [-0.84155, 44.4063, 51.02433333333333], [-0.84125, 44.40623, 51.02433333333333]]]}}, {"type": "Feature", "properties": {"id_obligation": "402950000D1455", "priorite": "forte"}, "geometry": {"type": "Polygon", "coordinates": [[[-0.83796, 44.41048, 50.90357142857143], [-0.83817, 44.41033, 50.90357142857143], [-0.83845, 44.41026, 52.3], [-0.83878, 44.41028, 50.61428571428571], [-0.83899, 44.41036, 50.61428571428571], [-0.83917, 44.41054, 50.61428571428571], [-0.83922, 44.41071, 50.9], [-0.83918, 44.41094, 50.90357142857143], [-0.83906, 44.4111, 50.90357142857143], [-0.83887, 44.4112, 50.90357142857143], [-0.83863, 44.41125, 50.90357142857143], [-0.8383, 44.41123, 50.90357142857143], [-0.83809, 44.41114, 50.90357142857143], [-0.83794, 44.411, 50.90357142857143], [-0.83788, 44.41065, 50.90357142857143], [-0.83796, 44.41048, 50.90357142857143]]]}}, {"type": "Feature", "properties": {"id_obligation": "402950000D1456", "priorite": "forte"}, "geometry": {"type": "Polygon", "coordinates": [[[-0.8383, 44.41096, 49.3], [-0.83813, 44.41078, 49.3], [-0.83809, 44.41048, 49.29999999999999], [-0.83815, 44.41031, 50.14], [-0.83833, 44.41014, 50.14], [-0.83855, 44.41006, 50.5], [-0.83895, 44.41005, 50.5], [-0.83919, 44.41008, 50.14], [-0.83939, 44.41018, 50.14], [-0.83954, 44.41038, 50.14], [-0.83956, 44.41065, 50.14], [-0.8395, 44.41082, 50.14], [-0.83936, 44.41096, 50.14], [-0.83914, 44.41106, 50.14], [-0.83856, 44.41106, 49.3], [-0.8383, 44.41096, 49.3]]]}}, {"type": "Feature", "properties": {"id_obligation": "402950000D1457", "priorite": "très forte"}, "geometry": {"type": "Polygon", "coordinates": [[[-0.83951, 44.41058, 51.23333333333333], [-0.83928, 44.41072, 51.23333333333333], [-0.83904, 44.41076, 50.9], [-0.83867, 44.41073, 52.29999999999999], [-0.83841, 44.41061, 52.29999999999999], [-0.83829, 44.41045, 51.23333333333333], [-0.83825, 44.41028, 51.23333333333333], [-0.8383, 44.41006, 51.23333333333333], [-0.83843, 44.40991, 51.23333333333333], [-0.83868, 44.40979, 51.23333333333333], [-0.83892, 44.40977, 51.23333333333333], [-0.83923, 44.4098, 51.23333333333333], [-0.83943, 44.40989, 51.23333333333333], [-0.83958, 44.41003, 51.23333333333333], [-0.83964, 44.4102, 51.23333333333333], [-0.83962, 44.41042, 51.23333333333333], [-0.83951, 44.41058, 51.23333333333333]]]}}, {"type": "Feature", "properties": {"id_obligation": "402950000D1459", "priorite": "moyenne"}, "geometry": {"type": "Polygon", "coordinates": [[[-0.82436, 44.4073, -450.99926303854875], [-0.82414, 44.40745, -450.99926303854875], [-0.8239, 44.40751, -450.99926303854875], [-0.82346, 44.4075, 49.89999999999999], [-0.82318, 44.40741, 49.89999999999999], [-0.82302, 44.40727, 49.89999999999999], [-0.82295, 44.40709, -700.1142857142858], [-0.82297, 44.40687, -606.425], [-0.82307, 44.40672, -606.425], [-0.82311, 44.40668, -1000.0], [-0.82319, 44.4067, -1000.0], [-0.82321, 44.40662, -1000.0], [-0.82329, 44.40658, -606.425], [-0.82352, 44.40653, -1000.0], [-0.82395, 44.40653, 48.89999999999999], [-0.82423, 44.40663, 48.9], [-0.82422, 44.40673, 48.9], [-0.82431, 44.40688, 48.9], [-0.82436, 44.40687, 48.9], [-0.82428, 44.40666, 48.9], [-0.82435, 44.40672, 48.89999999999999], [-0.82445, 44.40688, 50.74444444444444], [-0.82446, 44.4071, 50.74444444444444], [-0.82436, 44.4073, -450.99926303854875]]]}}, {"type": "Feature", "properties": {"id_obligation": "402950000D1460", "priorite": "moyenne"}, "geometry": {"type": "Polygon", "coordinates": [[[-0.82382, 44.40735, -717.210612244898], [-0.82356, 44.40747, 49.89999999999999], [-0.82337, 44.40749, 49.9], [-0.82328, 44.40744, 49.9], [-0.82321, 44.40748, 49.9], [-0.82295, 44.40742, -717.210612244898], [-0.82272, 44.40728, -717.210612244898], [-0.82263, 44.40711, -370.26000000000005], [-0.82263, 44.40691, -1000.0], [-0.82273, 44.40693, -1000.0], [-0.82275, 44.40684, -1000.0], [-0.82264, 44.40683, -1000.0], [-0.82271, 44.40668, -1000.0], [-0.8228, 44.40659, -1000.0], [-0.82291, 44.40663, -1000.0], [-0.82298, 44.40649, -1000.0], [-0.82314, 44.40645, -1000.0], [-0.82368, 44.40651, -1000.0], [-0.82387, 44.40662, -1000.0], [-0.82399, 44.40677, -1000.0], [-0.82402, 44.40694, -1000.0], [-0.82397, 44.40716, -1000.0], [-0.82382, 44.40735, -717.210612244898]]]}}, {"type": "Feature", "properties": {"id_obligation": "402950000D1461", "priorite": "moyenne"}, "geometry": {"type": "Polygon", "coordinates": [[[-0.82426, 44.40662, 48.9], [-0.82422, 44.40663, 48.9], [-0.8243, 44.40687, 48.9], [-0.82422, 44.40698, 50.8], [-0.82422, 44.40693, 50.8], [-0.82408, 44.40693, 51.9], [-0.82407, 44.40706, 51.9], [-0.82415, 44.40706, 51.12571295542193], [-0.824, 44.40716, 50.86666666666666], [-0.82371, 44.40724, -1000.0], [-0.82339, 44.40722, -1000.0], [-0.82318, 44.40714, -475.2], [-0.82299, 44.40697, -475.2], [-0.82309, 44.40698, 49.6], [-0.82312, 44.40686, 49.6], [-0.82301, 44.40684, 49.5], [-0.82298, 44.40696, 49.588855571647294], [-0.8229, 44.40673, -766.7666666666667], [-0.82299, 44.40648, -1000.0], [-0.82293, 44.40647, -1000.0], [-0.82309, 44.40629, -1000.0], [-0.82329, 44.40619, -591.7428571428571], [-0.82353, 44.40616, -591.7428571428571], [-0.82391, 44.40618, -591.7428571428571], [-0.82412, 44.40626, -591.7428571428571], [-0.82428, 44.4064, -591.7428571428571], [-0.82435, 44.40657, 48.89999999999999], [-0.82434, 44.40679, 48.89999999999999], [-0.82426, 44.40662, 48.9]]]}}, {"type": "Feature", "properties": {"id_obligation": "402950000D1462", "priorite": "moyenne"}, "geometry": {"type": "Polygon", "coordinates": [[[-0.82369, 44.40697, -1000.0], [-0.82359, 44.40697, -1000.0], [-0.82358, 44.40705, -1000.0], [-0.82334, 44.40714, -250.29999999999998], [-0.82309, 44.40715, -250.29999999999998], [-0.82271, 44.40705, -1000.0], [-0.8225, 44.4069, -1000.0], [-0.82242, 44.40673, -1000.0], [-0.82243, 44.40656, -1000.0], [-0.82254, 44.40635, -892.9], [-0.82271, 44.40622, -892.9], [-0.823, 44.40613, -1000.0], [-0.82325, 44.40615, -1000.0], [-0.82357, 44.40625, -892.9], [-0.82375, 44.40637, -892.9], [-0.82384, 44.40653, -1000.0], [-0.82385, 44.4067, -1000.0], [-0.82369, 44.40697, -1000.0]]]}}, {"type": "Feature", "properties": {"id_obligation": "402950000D1463", "priorite": "moyenne"}, "geometry": {"type": "Polygon", "coordinates": [[[-0.82339, 44.40693, -1000.0], [-0.82327, 44.40689, -1000.0], [-0.82325, 44.40701, -1000.0], [-0.823, 44.40708, -250.30000000000004], [-0.82269, 44.40705, -1000.0], [-0.82236, 44.40693, -1000.0], [-0.82246, 44.40693, -1000.0], [-0.82249, 44.40683, -1000.0], [-0.82228, 44.40681, -1000.0], [-0.82227, 44.40684, -1000.0], [-0.82217, 44.40657, -1000.0], [-0.82229, 44.40629, -875.0500000000001], [-0.82241, 44.40615, -875.0500000000001], [-0.82266, 44.40603, -875.0500000000001], [-0.8229, 44.406, -875.0500000000001], [-0.82319, 44.40605, -875.0500000000001], [-0.82341, 44.40614, -875.0500000000001], [-0.82355, 44.40628, -875.0500000000001], [-0.82362, 44.40645, -1000.0], [-0.82348, 44.40682, -1000.0], [-0.82339, 44.40693, -1000.0]]]}}, {"type": "Feature", "properties": {"id_obligation": "402950000D1464", "priorite": "faible"}, "geometry": {"type": "Polygon", "coordinates": [[[-0.82365, 44.40739, -299.8041666666667], [-0.8235, 44.40725, -299.8041666666667], [-0.82344, 44.40708, -1000.0], [-0.82349, 44.40677, -1000.0], [-0.82354, 44.4067, -1000.0], [-0.82372, 44.4067, -1000.0], [-0.82372, 44.40661, -1000.0], [-0.82363, 44.40661, -1000.0], [-0.82387, 44.4065, -1000.0], [-0.82411, 44.40648, 48.9], [-0.82444, 44.40651, 49.89999999999999], [-0.82465, 44.4066, 49.89999999999999], [-0.82482, 44.40678, 52.0], [-0.82468, 44.40682, 52.0], [-0.8247, 44.40689, 52.0], [-0.82484, 44.40685, 52.0], [-0.8248, 44.40722, -299.8041666666667], [-0.82468, 44.40737, -299.8041666666667], [-0.82448, 44.40747, -299.8041666666667], [-0.82424, 44.40751, -299.8041666666667], [-0.82392, 44.4075, -299.8041666666667], [-0.82365, 44.40739, -299.8041666666667]]]}}, {"type": "Feature", "properties": {"id_obligation": "402950000D1465", "priorite": "faible"}, "geometry": {"type": "Polygon", "coordinates": [[[-0.82414, 44.40731, 51.075], [-0.82388, 44.40721, -1000.0], [-0.82371, 44.40706, -1000.0], [-0.82383, 44.40706, -1000.0], [-0.82383, 44.40697, -1000.0], [-0.82366, 44.40697, -1000.0], [-0.82359, 44.4068, -1000.0], [-0.82365, 44.40676, -1000.0], [-0.82359, 44.40676, -1000.0], [-0.82359, 44.4067, -1000.0], [-0.82372, 44.4067, -1000.0], [-0.82372, 44.40661, -1000.0], [-0.82359, 44.40661, -1000.0], [-0.82368, 44.40639, -250.08291470434327], [-0.82391, 44.40624, -250.08291470434327], [-0.82419, 44.40617, 48.84166666666666], [-0.82446, 44.40619, 48.2], [-0.82445, 44.40623, 48.2], [-0.82459, 44.40623, 48.2], [-0.82475, 44.40634, 48.78571428571429], [-0.82495, 44.40672, 52.1], [-0.82468, 44.40682, 52.0], [-0.8247, 44.40689, 52.0], [-0.82498, 44.40679, 52.1], [-0.82498, 44.40683, 51.209523809523816], [-0.82496, 44.407, -250.08291470434327], [-0.82484, 44.40716, -250.08291470434327], [-0.82466, 44.40726, -250.08291470434327], [-0.82438, 44.40732, 51.075], [-0.82414, 44.40731, 51.075]]]}}, {"type": "Feature", "properties": {"id_obligation": "402950000D1467", "priorite": "moyenne"}, "geometry": {"type": "Polygon", "coordinates": [[[-0.84028, 44.40062, -97.81676870748299], [-0.83997, 44.40061, -97.81676870748299], [-0.83976, 44.40052, 52.4], [-0.83943, 44.40026, 52.61666666666665], [-0.83935, 44.40004, 52.7], [-0.8394, 44.39987, 52.91428571428571], [-0.83968, 44.39964, 52.91428571428571], [-0.83968, 44.39967, 53.8], [-0.83979, 44.39965, 53.8], [-0.83979, 44.39958, 53.8], [-0.84007, 44.39953, 52.66666666666668], [-0.84031, 44.39957, 52.66666666666668], [-0.84051, 44.39966, -97.81676870748299], [-0.8408, 44.3999, 52.225], [-0.84087, 44.40007, 52.225], [-0.84085, 44.40024, 52.45999999999999], [-0.84055, 44.40053, 52.45999999999999], [-0.84028, 44.40062, -97.81676870748299]]]}}, {"type": "Feature", "properties": {"id_obligation": "402950000D1468", "priorite": "moyenne"}, "geometry": {"type": "Polygon", "coordinates": [[[-0.84139, 44.40032, 52.868181818181824], [-0.84139, 44.40036, 52.5], [-0.84128, 44.40037, 52.5], [-0.84134, 44.40054, 52.21176470588233], [-0.84127, 44.40063, 51.8], [-0.84124, 44.40059, 51.8], [-0.84116, 44.40062, 51.8], [-0.84123, 44.40067, 51.8], [-0.84116, 44.40072, 52.21176470588233], [-0.84086, 44.40082, 51.94285714285714], [-0.84062, 44.40083, 51.94285714285714], [-0.84018, 44.40077, 52.7], [-0.84011, 44.40068, 52.7], [-0.84007, 44.40072, 52.7], [-0.83995, 44.40063, 52.7], [-0.83983, 44.40044, -1000.0], [-0.83981, 44.40022, -1000.0], [-0.83993, 44.40002, -1000.0], [-0.84011, 44.39991, -1000.0], [-0.84048, 44.39978, 51.25], [-0.8408, 44.39977, 51.30179989821079], [-0.84095, 44.3999, 52.3], [-0.84101, 44.39986, 50.8], [-0.84086, 44.39978, 51.1], [-0.84097, 44.39982, 51.31250000000001], [-0.84116, 44.39993, 51.31250000000001], [-0.84139, 44.40032, 52.868181818181824]]]}}, {"type": "Feature", "properties": {"id_obligation": "402950000D1469", "priorite": "moyenne"}, "geometry": {"type": "Polygon", "coordinates": [[[-0.83148, 44.39599, 52.8], [-0.83146, 44.39578, 52.8], [-0.83162, 44.39552, 53.199999999999996], [-0.83179, 44.3954, 53.199999999999996], [-0.83208, 44.39532, 52.6], [-0.83232, 44.39533, 52.6], [-0.83264, 44.39545, -27.763020833333336], [-0.83281, 44.39557, -27.763020833333336], [-0.83291, 44.39573, 52.14444444444444], [-0.8329, 44.39595, 52.14444444444444], [-0.83286, 44.39603, 52.14444444444444], [-0.83283, 44.39606, 52.8], [-0.83267, 44.39601, 52.8], [-0.83261, 44.39608, 52.8], [-0.83276, 44.39614, 52.8], [-0.83258, 44.39628, 52.79999999999999], [-0.83238, 44.39635, 51.3], [-0.83242, 44.3963, 51.3], [-0.83233, 44.39627, 51.3], [-0.83228, 44.39634, 51.3], [-0.83233, 44.39636, 51.3], [-0.83213, 44.39636, -1000.0], [-0.83164, 44.39618, -122.66666666666667], [-0.83148, 44.39599, 52.8]]]}}, {"type": "Feature", "properties": {"id_obligation": "402950000D1470", "priorite": "moyenne"}, "geometry": {"type": "Polygon", "coordinates": [[[-0.83179, 44.39623, 52.8], [-0.83191, 44.39609, 52.8], [-0.83177, 44.39604, 52.8], [-0.83173, 44.39617, 52.8], [-0.83164, 44.39595, 52.82857142857143], [-0.83171, 44.39574, 52.6], [-0.8319, 44.39553, 52.6], [-0.83194, 44.3955, 52.6], [-0.83209, 44.39557, 52.6], [-0.83215, 44.3955, 52.6], [-0.83204, 44.39545, 52.6], [-0.83241, 44.39539, 52.73333333333333], [-0.83265, 44.39544, -78.99600340136054], [-0.8329, 44.39556, -78.99600340136054], [-0.83306, 44.39575, -78.99600340136054], [-0.83309, 44.39592, 52.5], [-0.83302, 44.39609, 52.5], [-0.83284, 44.39629, -78.99600340136054], [-0.83264, 44.39639, -78.99600340136054], [-0.83255, 44.39642, 52.7], [-0.83245, 44.39638, 52.7], [-0.8324, 44.39643, -79.36249999999997], [-0.83216, 44.39641, -79.36249999999997], [-0.83218, 44.39638, -1000.0], [-0.83179, 44.39623, 52.8]]]}}, {"type": "Feature", "properties": {"id_obligation": "402950000D1473", "priorite": "moyenne"}, "geometry": {"type": "Polygon", "coordinates": [[[-0.83931, 44.39981, 52.7], [-0.83929, 44.40002, 52.7], [-0.83923, 44.4, 52.7], [-0.83914, 44.40015, 52.7], [-0.83919, 44.40016, 52.7], [-0.83904, 44.4003, 52.73333333333334], [-0.83878, 44.40041, -1000.0], [-0.83863, 44.40043, -1000.0], [-0.8387, 44.40035, -1000.0], [-0.83859, 44.4003, -1000.0], [-0.83856, 44.40033, -1000.0], [-0.83848, 44.4003, -1000.0], [-0.8384, 44.40039, -1000.0], [-0.83804, 44.40029, -1000.0], [-0.83779, 44.40015, -1000.0], [-0.83767, 44.4, -1000.0], [-0.83763, 44.39987, -1000.0], [-0.8378, 44.39977, -1000.0], [-0.83767, 44.3997, -1000.0], [-0.8377, 44.39965, -1000.0], [-0.83791, 44.39946, -1000.0], [-0.83812, 44.39938, -699.2238095238097], [-0.83846, 44.39934, -699.2238095238097], [-0.83874, 44.39937, -699.2238095238097], [-0.83902, 44.39948, -699.2238095238097], [-0.83919, 44.39962, -699.2238095238097], [-0.83931, 44.39981, 52.7]]]}}, {"type": "Feature", "properties": {"id_obligation": "402950000D1484", "priorite": "forte"}, "geometry": {"type": "Polygon", "coordinates": [[[-0.83773, 44.4006, -1000.0], [-0.83752, 44.40044, -1000.0], [-0.83743, 44.40024, -1000.0], [-0.83746, 44.39993, -1000.0], [-0.83754, 44.39982, -1000.0], [-0.83762, 44.39988, -1000.0], [-0.8378, 44.39977, -1000.0], [-0.83772, 44.3997, -1000.0], [-0.83784, 44.39966, -1000.0], [-0.83794, 44.39973, -1000.0], [-0.838, 44.39969, -1000.0], [-0.83794, 44.39964, -1000.0], [-0.83851, 44.39966, -1000.0], [-0.83871, 44.39975, -1000.0], [-0.83888, 44.39993, -1000.0], [-0.83893, 44.40019, -1000.0], [-0.83889, 44.40036, -1000.0], [-0.83876, 44.40052, -1000.0], [-0.83856, 44.40062, -1000.0], [-0.83801, 44.40066, -1000.0], [-0.83773, 44.4006, -1000.0]]]}}, {"type": "Feature", "properties": {"id_obligation": "402950000D1485", "priorite": "forte"}, "geometry": {"type": "Polygon", "coordinates": [[[-0.83887, 44.3999, 52.76666666666667], [-0.83917, 44.40006, 52.76666666666667], [-0.83914, 44.40015, 52.7], [-0.83927, 44.40018, 52.7], [-0.83932, 44.40038, 52.849999999999994], [-0.83926, 44.40055, 53.63333333333333], [-0.83904, 44.40078, 53.63333333333333], [-0.83878, 44.4009, 53.6], [-0.83854, 44.40092, 53.6], [-0.8383, 44.40087, 53.6], [-0.83787, 44.40067, -473.39375], [-0.83773, 44.40053, -1000.0], [-0.83767, 44.40031, -1000.0], [-0.83776, 44.40011, -1000.0], [-0.83798, 44.39992, -1000.0], [-0.83828, 44.39984, -1000.0], [-0.83831, 44.39989, -1000.0], [-0.8384, 44.39983, -1000.0], [-0.8384, 44.39988, -1000.0], [-0.8386, 44.39998, -1000.0], [-0.83869, 44.39989, -1000.0], [-0.83863, 44.39985, -1000.0], [-0.83887, 44.3999, 52.76666666666667]]]}}, {"type": "Feature", "properties": {"id_obligation": "402950000D1489", "priorite": "forte"}, "geometry": {"type": "Polygon", "coordinates": [[[-0.83805, 44.40009, -1000.0], [-0.83806, 44.40021, -1000.0], [-0.83776, 44.40032, -1000.0], [-0.83734, 44.40029, -789.92], [-0.83714, 44.40018, -789.92], [-0.83694, 44.39998, -789.92], [-0.83689, 44.39977, -789.92], [-0.83695, 44.3996, -789.92], [-0.8371, 44.39946, -789.92], [-0.83744, 44.39927, -789.92], [-0.83783, 44.39917, 50.4], [-0.83819, 44.39921, -789.92], [-0.83851, 44.39943, -789.92], [-0.83863, 44.39963, -1000.0], [-0.8386, 44.39982, -1000.0], [-0.83848, 44.39979, -1000.0], [-0.8384, 44.39988, -1000.0], [-0.83853, 44.39994, -1000.0], [-0.83829, 44.4001, -1000.0], [-0.83805, 44.40009, -1000.0]]]}}, {"type": "Feature", "properties": {"id_obligation": "402950000D1492", "priorite": "faible"}, "geometry": {"type": "Polygon", "coordinates": [[[-0.8253, 44.40534, -370.32], [-0.82558, 44.40544, 49.279999999999994], [-0.82573, 44.40556, 49.7], [-0.82569, 44.40564, 49.7], [-0.8258, 44.40567, 49.7], [-0.82588, 44.40586, 48.39999999999999], [-0.82583, 44.40608, 49.5], [-0.82569, 44.40623, 49.5], [-0.82562, 44.40627, 49.5], [-0.82543, 44.40623, 49.5], [-0.8254, 44.40632, 49.5], [-0.82545, 44.40633, 49.5], [-0.8252, 44.40639, 49.5], [-0.82495, 44.40637, 48.6], [-0.82489, 44.40625, 48.6], [-0.8248, 44.40629, 48.6], [-0.82483, 44.40633, 48.6], [-0.8247, 44.40626, 48.40000000000001], [-0.82457, 44.40612, 48.40000000000001], [-0.82444, 44.40587, 48.7], [-0.82447, 44.40569, -52.6378125], [-0.82458, 44.40554, -52.6378125], [-0.82477, 44.40542, -52.6378125], [-0.82506, 44.40534, -370.32], [-0.8253, 44.40534, -370.32]]]}}, {"type": "Feature", "properties": {"id_obligation": "402950000D1493", "priorite": "faible"}, "geometry": {"type": "Polygon", "coordinates": [[[-0.82493, 44.40622, 48.50769230769231], [-0.82466, 44.40614, 48.2], [-0.82449, 44.40599, -44.438731443994605], [-0.82437, 44.40575, 51.099999999999994], [-0.82439, 44.40559, 49.0], [-0.82442, 44.40559, 49.0], [-0.82453, 44.40539, -649.9333333333334], [-0.82507, 44.4052, 51.70000000000001], [-0.82532, 44.40521, 48.7], [-0.82556, 44.4053, 48.7], [-0.82554, 44.40534, 48.7], [-0.82564, 44.40535, 48.7], [-0.82579, 44.40555, 49.7], [-0.82574, 44.40554, 49.7], [-0.82569, 44.40564, 49.7], [-0.82583, 44.40566, -5.984210526315774], [-0.82582, 44.40584, 48.7], [-0.82571, 44.406, 48.7], [-0.82552, 44.40611, 48.7], [-0.82523, 44.4062, 48.7], [-0.82493, 44.40622, 48.50769230769231]]]}}, {"type": "Feature", "properties": {"id_obligation": "402950000D1495", "priorite": "faible"}, "geometry": {"type": "Polygon", "coordinates": [[[-0.82644, 44.40619, 51.177777777777784], [-0.82632, 44.406, 50.900000000000006], [-0.82631, 44.4059, 51.3], [-0.82637, 44.40592, 51.3], [-0.8264, 44.40584, 51.3], [-0.82632, 44.40582, 51.3], [-0.82643, 44.40555, 48.9], [-0.82659, 44.40541, 48.9], [-0.82681, 44.40533, 49.4], [-0.82706, 44.40532, 49.4], [-0.82737, 44.40539, 50.2061553030303], [-0.82756, 44.4055, 50.2061553030303], [-0.82768, 44.4057, 49.99090909090909], [-0.82768, 44.40587, 49.99090909090909], [-0.82754, 44.40618, 50.4], [-0.82735, 44.40631, 49.93333333333333], [-0.82712, 44.40638, 50.40833333333333], [-0.82687, 44.40637, 50.40833333333333], [-0.82662, 44.40631, 51.177777777777784], [-0.82644, 44.40619, 51.177777777777784]]]}}, {"type": "Feature", "properties": {"id_obligation": "402950000D1496", "priorite": "faible"}, "geometry": {"type": "Polygon", "coordinates": [[[-0.82748, 44.40642, -649.9], [-0.82729, 44.40661, -649.9], [-0.8272, 44.40666, -1000.0], [-0.82708, 44.40665, -1000.0], [-0.82709, 44.40655, -1000.0], [-0.82695, 44.40654, -1000.0], [-0.82684, 44.40672, -1000.0], [-0.82676, 44.40672, -838.3538461538462], [-0.82653, 44.40665, 50.6], [-0.82629, 44.4065, 50.6], [-0.82624, 44.40644, 50.6], [-0.82627, 44.40637, 50.6], [-0.82619, 44.40635, 50.6], [-0.82615, 44.40623, 50.781818181818196], [-0.82615, 44.40606, 50.781818181818196], [-0.82628, 44.4058, 50.10000000000001], [-0.82642, 44.40567, 48.9], [-0.82653, 44.4057, 48.9], [-0.82655, 44.40566, 48.9], [-0.82646, 44.40565, 48.9], [-0.82666, 44.40558, 51.03333333333333], [-0.82697, 44.40558, 51.03333333333333], [-0.82726, 44.40565, 50.07826086956523], [-0.82748, 44.40581, 50.07826086956523], [-0.82757, 44.40602, 50.38333333333333], [-0.82748, 44.40642, -649.9]]]}}, {"type": "Feature", "properties": {"id_obligation": "402950000D1497", "priorite": "faible"}, "geometry": {"type": "Polygon", "coordinates": [[[-0.82792, 44.40562, 51.20859492203588], [-0.82784, 44.40577, 51.0], [-0.82797, 44.40573, 51.0], [-0.82797, 44.40589, 51.48421052631578], [-0.82783, 44.40612, 50.557142857142864], [-0.82758, 44.40626, 50.557142857142864], [-0.82734, 44.40629, 51.699999999999996], [-0.82702, 44.40624, 51.699999999999996], [-0.82685, 44.40617, 51.8], [-0.82694, 44.40604, 51.8], [-0.82683, 44.40601, 51.8], [-0.82678, 44.40612, 51.8], [-0.8265, 44.40591, 49.3], [-0.82644, 44.4057, 49.3], [-0.82653, 44.4057, 48.9], [-0.82655, 44.40566, 48.9], [-0.82645, 44.40564, 48.9], [-0.82651, 44.40547, 50.828631361011226], [-0.82663, 44.40532, 50.828631361011226], [-0.82682, 44.40521, 50.828631361011226], [-0.82712, 44.40516, 50.828631361011226], [-0.82741, 44.40521, 50.828631361011226], [-0.82761, 44.40531, 50.828631361011226], [-0.82792, 44.40562, 51.20859492203588]]]}}, {"type": "Feature", "properties": {"id_obligation": "402950000D1503", "priorite": "moyenne"}, "geometry": {"type": "MultiPolygon", "coordinates": [[[[-0.83232, 44.39515, -610.9858660130719], [-0.83208, 44.39511, -610.9858660130719], [-0.83189, 44.395, -610.9858660130719], [-0.83171, 44.39477, 52.35623456258601], [-0.83181, 44.39464, 51.4], [-0.83167, 44.39458, 52.6], [-0.83171, 44.39444, 52.63888888888889], [-0.83174, 44.3944, 53.2], [-0.83178, 44.39445, 53.2], [-0.83192, 44.39438, 53.2], [-0.83186, 44.39432, 53.2], [-0.83178, 44.39434, 53.2], [-0.83193, 44.39424, -628.2823529411766], [-0.83228, 44.39411, -1000.0], [-0.83253, 44.39411, -1000.0], [-0.83281, 44.3942, -610.9858660130719], [-0.83297, 44.39434, -610.9858660130719], [-0.83311, 44.39456, -610.9858660130719], [-0.83312, 44.39474, -610.9858660130719], [-0.83303, 44.3949, -610.9858660130719], [-0.83262, 44.39512, -610.9858660130719], [-0.83232, 44.39515, -610.9858660130719]]], [[[-0.83169, 44.39465, 52.6], [-0.83167, 44.39467, 52.6], [-0.83167, 44.39466, 52.63888888888889], [-0.83169, 44.39465, 52.6]]]]}}, {"type": "Feature", "properties": {"id_obligation": "402950000D1504", "priorite": "moyenne"}, "geometry": {"type": "Polygon", "coordinates": [[[-0.83206, 44.39487, 53.6], [-0.83182, 44.39485, 52.44000000000002], [-0.83158, 44.39474, 52.44000000000002], [-0.83141, 44.39457, 53.285714285714285], [-0.83135, 44.39439, 53.285714285714285], [-0.83139, 44.39422, -432.84806776556775], [-0.83153, 44.39407, -432.84806776556775], [-0.8318, 44.39393, -1000.0], [-0.83203, 44.39389, -1000.0], [-0.83233, 44.39394, 53.76666666666667], [-0.83239, 44.39408, 53.8], [-0.83245, 44.39406, 53.8], [-0.83244, 44.39399, 53.8], [-0.83267, 44.3942, -1000.0], [-0.83272, 44.39437, -1000.0], [-0.83269, 44.39455, -1000.0], [-0.83256, 44.3947, -1000.0], [-0.83235, 44.39481, -1000.0], [-0.83206, 44.39487, 53.6]]]}}, {"type": "Feature", "properties": {"id_obligation": "402950000D1506", "priorite": "moyenne"}, "geometry": {"type": "Polygon", "coordinates": [[[-0.83213, 44.39465, 53.6], [-0.83219, 44.39457, 53.6], [-0.83206, 44.39452, 53.6], [-0.83199, 44.39462, 53.6], [-0.83208, 44.39466, 53.6], [-0.83167, 44.39458, 52.6], [-0.8315, 44.39446, 52.415384615384625], [-0.83134, 44.39422, 53.32000000000001], [-0.83132, 44.39405, 53.32000000000001], [-0.83142, 44.39384, -326.4791541791542], [-0.8316, 44.39372, -326.4791541791542], [-0.83189, 44.39362, -326.4791541791542], [-0.83218, 44.39361, -326.4791541791542], [-0.83241, 44.39367, 53.79999999999999], [-0.83258, 44.39379, 53.79999999999999], [-0.83277, 44.39406, 52.68181818181817], [-0.83277, 44.39424, 52.68181818181817], [-0.83268, 44.3944, -1000.0], [-0.83251, 44.39453, -1000.0], [-0.83213, 44.39465, 53.6]]]}}, {"type": "Feature", "properties": {"id_obligation": "402950000D1507", "priorite": "moyenne"}, "geometry": {"type": "MultiPolygon", "coordinates": [[[[-0.83218, 44.39492, -648.8000000000001], [-0.83189, 44.39484, 52.50666666666668], [-0.83173, 44.39474, 52.57172005083028], [-0.83181, 44.39464, 51.4], [-0.83167, 44.39458, 52.6], [-0.83164, 44.39462, 52.6], [-0.83153, 44.39445, -122.3333333333333], [-0.83153, 44.39427, -122.3333333333333], [-0.83166, 44.39408, -1000.0], [-0.83184, 44.39396, -1000.0], [-0.83213, 44.39387, -270.46923076923076], [-0.83244, 44.39387, -270.46923076923076], [-0.83266, 44.39395, 51.4], [-0.83282, 44.39409, 51.4], [-0.83297, 44.39432, -396.51479853479856], [-0.83297, 44.3945, -396.51479853479856], [-0.83288, 44.39466, -396.51479853479856], [-0.83271, 44.39479, -396.51479853479856], [-0.83248, 44.39488, -648.8000000000001], [-0.83218, 44.39492, -648.8000000000001]]], [[[-0.83169, 44.39465, 52.6], [-0.83167, 44.39467, 52.6], [-0.83164, 44.39463, 52.6], [-0.83169, 44.39465, 52.6]]]]}}, {"type": "Feature", "properties": {"id_obligation": "402950000D1508", "priorite": "moyenne"}, "geometry": {"type": "Polygon", "coordinates": [[[-0.83215, 44.39462, 53.6], [-0.83219, 44.39457, 53.6], [-0.83206, 44.39452, 53.6], [-0.83199, 44.39462, 53.6], [-0.83203, 44.39464, 53.6], [-0.83177, 44.39462, 52.6], [-0.83152, 44.39451, 52.6], [-0.83136, 44.39435, 52.7], [-0.83128, 44.39419, 52.7], [-0.83131, 44.394, 52.7], [-0.83142, 44.39386, 52.7], [-0.83163, 44.39373, -198.6171056149732], [-0.83193, 44.39367, -198.6171056149732], [-0.83218, 44.39371, 53.349999999999994], [-0.83239, 44.39381, 53.349999999999994], [-0.83255, 44.39397, 53.349999999999994], [-0.83262, 44.39414, -234.47272727272727], [-0.83258, 44.39432, -234.47272727272727], [-0.83246, 44.39447, -736.6], [-0.83215, 44.39462, 53.6]]]}}, {"type": "Feature", "properties": {"id_obligation": "402950000D1520", "priorite": "faible"}, "geometry": {"type": "Polygon", "coordinates": [[[-0.82612, 44.40551, 49.666666666666664], [-0.82596, 44.40532, 48.699999999999996], [-0.82594, 44.40514, 48.699999999999996], [-0.82603, 44.40492, 49.63333333333333], [-0.82624, 44.40475, 49.63333333333333], [-0.82646, 44.40466, 49.63333333333333], [-0.8267, 44.40464, 49.63333333333333], [-0.82702, 44.40471, 49.63333333333333], [-0.82724, 44.40486, 49.63333333333333], [-0.82734, 44.40502, 49.63333333333333], [-0.82734, 44.40519, 49.63333333333333], [-0.82724, 44.40542, 49.63333333333333], [-0.82708, 44.40556, 49.63333333333333], [-0.82687, 44.40564, 49.666666666666664], [-0.82663, 44.40566, 49.666666666666664], [-0.82633, 44.40561, 49.666666666666664], [-0.82612, 44.40551, 49.666666666666664]]]}}, {"type": "Feature", "properties": {"id_obligation": "402950000D1524", "priorite": "moyenne"}, "geometry": {"type": "Polygon", "coordinates": [[[-0.83981, 44.40118, 52.78637955182073], [-0.83959, 44.40134, 52.78637955182073], [-0.83936, 44.40142, 53.0], [-0.83911, 44.40142, 53.0], [-0.83883, 44.40134, 51.7], [-0.83862, 44.40117, 51.7], [-0.83867, 44.40111, 51.7], [-0.83861, 44.40106, 51.7], [-0.83856, 44.40109, 51.7], [-0.83851, 44.40084, 53.28333333333333], [-0.83862, 44.40064, 52.78637955182073], [-0.8389, 44.40045, 52.78637955182073], [-0.83918, 44.40036, 53.675], [-0.83942, 44.40037, 53.675], [-0.83969, 44.40046, 53.0], [-0.83988, 44.40063, 53.0], [-0.83995, 44.4008, 52.28750000000001], [-0.83992, 44.40102, 52.28750000000001], [-0.83981, 44.40118, 52.78637955182073]]]}}, {"type": "Feature", "properties": {"id_obligation": "402950000D1525", "priorite": "moyenne"}, "geometry": {"type": "Polygon", "coordinates": [[[-0.83975, 44.40147, 52.947601794340926], [-0.83953, 44.40154, 52.947601794340926], [-0.83929, 44.40155, 52.947601794340926], [-0.83906, 44.4015, 52.947601794340926], [-0.83868, 44.40119, 52.24285714285714], [-0.83864, 44.40101, 52.24285714285714], [-0.8387, 44.40084, 52.24285714285714], [-0.83877, 44.4009, 53.6], [-0.83892, 44.40082, 53.6], [-0.83885, 44.40075, 53.6], [-0.83873, 44.4008, 53.416666666666664], [-0.83901, 44.40058, 53.0], [-0.8391, 44.40066, 53.0], [-0.83922, 44.4006, 54.7], [-0.83913, 44.40051, 54.867437909736694], [-0.83929, 44.40045, 53.9], [-0.83959, 44.40042, 53.9], [-0.83981, 44.40048, 52.849999999999994], [-0.84012, 44.40069, 52.849999999999994], [-0.83999, 44.40077, 52.7], [-0.84009, 44.40083, 52.7], [-0.84018, 44.40077, 52.7], [-0.84022, 44.4009, 52.849999999999994], [-0.84017, 44.40112, 52.849999999999994], [-0.83975, 44.40147, 52.947601794340926]]]}}, {"type": "Feature", "properties": {"id_obligation": "402950000D1527", "priorite": "faible"}, "geometry": {"type": "Polygon", "coordinates": [[[-0.82873, 44.40341, 49.82222222222222], [-0.82855, 44.40323, 49.82222222222222], [-0.8285, 44.40306, 49.783333333333324], [-0.82857, 44.40276, 50.43076923076925], [-0.82874, 44.40259, 51.1], [-0.82894, 44.4026, 51.1], [-0.82897, 44.4025, 50.43076923076925], [-0.82922, 44.40249, 49.58333333333334], [-0.82952, 44.40253, 51.85000000000001], [-0.8297, 44.40262, 52.6], [-0.82967, 44.40266, 52.6], [-0.82973, 44.40264, 52.6], [-0.82987, 44.40282, -343.1875], [-0.82983, 44.40325, -22.833543366355862], [-0.82969, 44.40339, -22.833543366355862], [-0.82948, 44.40349, 49.82222222222223], [-0.82924, 44.40352, 49.82222222222223], [-0.82894, 44.40349, 49.82222222222222], [-0.82873, 44.40341, 49.82222222222222]]]}}, {"type": "Feature", "properties": {"id_obligation": "402950000D1528", "priorite": "faible"}, "geometry": {"type": "MultiPolygon", "coordinates": [[[[-0.83006, 44.40344, 51.2], [-0.8298, 44.40355, -12.147010925582359], [-0.82956, 44.40357, -12.147010925582359], [-0.82919, 44.40351, 49.82222222222222], [-0.82908, 44.40347, 50.0], [-0.82916, 44.40344, 50.0], [-0.82911, 44.40337, 50.0], [-0.82919, 44.40331, 49.6], [-0.82905, 44.40328, 50.0], [-0.82896, 44.4034, 49.7], [-0.82882, 44.40323, 49.94999999999999], [-0.8288, 44.40305, 49.94999999999999], [-0.82887, 44.40284, 48.771428571428565], [-0.82901, 44.40269, 48.2], [-0.82911, 44.40263, 50.2], [-0.82922, 44.40264, 50.2], [-0.82927, 44.40258, 50.47727272727274], [-0.82951, 44.40256, 50.47727272727274], [-0.82988, 44.40262, -12.147010925582359], [-0.83008, 44.40272, -12.147010925582359], [-0.83022, 44.40286, 52.175000000000004], [-0.83027, 44.40303, 54.2], [-0.83018, 44.40301, 54.2], [-0.83013, 44.40312, 54.2], [-0.83025, 44.40315, 53.40624525848344], [-0.83006, 44.40344, 51.2]]], [[[-0.82904, 44.40342, 50.0], [-0.82907, 44.40347, 50.0], [-0.82903, 44.40345, 49.82222222222222], [-0.82904, 44.40342, 50.0]]]]}}, {"type": "Feature", "properties": {"id_obligation": "402950000D1536", "priorite": "faible"}, "geometry": {"type": "Polygon", "coordinates": [[[-0.82581, 44.41148, 48.24642857142857], [-0.82555, 44.41159, 48.24642857142857], [-0.82524, 44.41161, 48.24642857142857], [-0.82492, 44.41153, 48.24642857142857], [-0.82471, 44.41137, 48.24642857142857], [-0.82464, 44.4112, 47.58571428571429], [-0.82464, 44.4111, 47.535133427672356], [-0.82475, 44.41112, 47.6], [-0.82479, 44.41103, 47.6], [-0.82466, 44.41102, 47.6], [-0.82469, 44.41092, 47.4], [-0.82478, 44.41094, 47.4], [-0.82483, 44.41082, 47.4], [-0.82476, 44.41081, 47.4], [-0.82498, 44.41066, 47.4], [-0.82521, 44.41061, 50.3], [-0.82549, 44.41063, 50.3], [-0.82573, 44.41069, 48.24642857142857], [-0.82591, 44.41081, 48.24642857142857], [-0.826, 44.41098, 48.24642857142857], [-0.82594, 44.41134, 48.24642857142857], [-0.82581, 44.41148, 48.24642857142857]]]}}, {"type": "Feature", "properties": {"id_obligation": "402950000D1541", "priorite": "faible"}, "geometry": {"type": "Polygon", "coordinates": [[[-0.8277, 44.40732, 48.557142857142864], [-0.82803, 44.40738, 49.78558750773037], [-0.82821, 44.4075, 49.78558750773037], [-0.82832, 44.40765, 50.699999999999996], [-0.82833, 44.40791, 50.699999999999996], [-0.82826, 44.40808, 49.419999999999995], [-0.8281, 44.40822, 49.419999999999995], [-0.82788, 44.4083, 48.38333333333333], [-0.82763, 44.40831, 48.38333333333333], [-0.82713, 44.40825, 49.78558750773037], [-0.82691, 44.40816, 49.78558750773037], [-0.82674, 44.40798, 51.8], [-0.82671, 44.40789, 51.8], [-0.82681, 44.40778, 51.8], [-0.82677, 44.40776, 51.8], [-0.8267, 44.40783, 51.8], [-0.82671, 44.40773, 51.8], [-0.82684, 44.40753, 50.77499999999999], [-0.8269, 44.40748, 51.3], [-0.82682, 44.40757, 51.3], [-0.82691, 44.40762, 51.3], [-0.82705, 44.40751, 51.3], [-0.82697, 44.40744, 50.77499999999999], [-0.8271, 44.40739, 50.1], [-0.82722, 44.40744, 50.1], [-0.82729, 44.40736, 50.1], [-0.8277, 44.40732, 48.557142857142864]]]}}, {"type": "Feature", "properties": {"id_obligation": "402950000D1549", "priorite": "faible"}, "geometry": {"type": "Polygon", "coordinates": [[[-0.82974, 44.40363, 48.79999999999999], [-0.8296, 44.40377, 48.79999999999999], [-0.8293, 44.40389, 48.79999999999999], [-0.82906, 44.40392, 48.81111111111111], [-0.82882, 44.40388, 48.81111111111111], [-0.82854, 44.40375, 49.28], [-0.8284, 44.4036, 49.12095867456813], [-0.82845, 44.40353, 49.4], [-0.82836, 44.40351, 49.4], [-0.82833, 44.40338, 49.31999999999999], [-0.82839, 44.40321, 49.9], [-0.82858, 44.40298, 49.9], [-0.82877, 44.40287, 49.849999999999994], [-0.82907, 44.40283, 49.849999999999994], [-0.82941, 44.40289, -387.425], [-0.8296, 44.40299, -387.425], [-0.82975, 44.40318, -5.233986111111125], [-0.82979, 44.40341, -5.233986111111125], [-0.82974, 44.40363, 48.79999999999999]]]}}, {"type": "Feature", "properties": {"id_obligation": "402950000D1551", "priorite": "faible"}, "geometry": {"type": "Polygon", "coordinates": [[[-0.82869, 44.40621, 49.5721978021978], [-0.82858, 44.40642, 50.9], [-0.82843, 44.40652, 50.9], [-0.82838, 44.40643, 50.9], [-0.82828, 44.40646, 50.9], [-0.82834, 44.40656, 50.9], [-0.82815, 44.40661, 48.9], [-0.82791, 44.40662, 48.9], [-0.82768, 44.40657, 49.5721978021978], [-0.8275, 44.40645, 49.5721978021978], [-0.82737, 44.40628, 49.91], [-0.82736, 44.40606, 49.91], [-0.82746, 44.4059, 49.7], [-0.82763, 44.40578, 49.7], [-0.82788, 44.40569, 51.0], [-0.82784, 44.40577, 51.0], [-0.82789, 44.40578, 51.0], [-0.828, 44.40573, 51.0], [-0.82799, 44.40567, 51.0], [-0.82819, 44.40568, 48.6], [-0.8281, 44.40577, 48.6], [-0.8282, 44.40581, 48.5], [-0.82827, 44.4057, 48.57392224664813], [-0.82837, 44.40573, 48.6], [-0.82855, 44.40585, 48.6], [-0.82867, 44.40603, 49.5721978021978], [-0.82869, 44.40621, 49.5721978021978]]]}}, {"type": "Feature", "properties": {"id_obligation": "402950000D1563", "priorite": "faible"}, "geometry": {"type": "Polygon", "coordinates": [[[-0.82412, 44.40996, -649.2333333333333], [-0.82386, 44.41009, -649.2333333333333], [-0.82362, 44.41013, -649.2333333333333], [-0.82338, 44.4101, -649.2333333333333], [-0.82312, 44.40998, -649.2333333333333], [-0.82293, 44.40976, -649.2333333333333], [-0.82288, 44.40959, -649.2333333333333], [-0.82291, 44.40942, -649.2333333333333], [-0.82309, 44.40924, -649.2333333333333], [-0.82343, 44.40908, -1000.0], [-0.82367, 44.40904, -1000.0], [-0.82391, 44.40907, -1000.0], [-0.82397, 44.40909, -1000.0], [-0.82392, 44.40918, -1000.0], [-0.82418, 44.40921, -1000.0], [-0.82433, 44.40939, -649.2333333333333], [-0.82437, 44.40956, -649.2333333333333], [-0.82429, 44.40978, -649.2333333333333], [-0.82412, 44.40996, -649.2333333333333]]]}}, {"type": "Feature", "properties": {"id_obligation": "402950000D1567", "priorite": "faible"}, "geometry": {"type": "Polygon", "coordinates": [[[-0.82852, 44.40628, 49.76643939393939], [-0.82826, 44.40638, 48.864999999999995], [-0.82778, 44.40641, 48.864999999999995], [-0.82738, 44.40629, 49.93333333333333], [-0.82723, 44.40615, 49.93333333333333], [-0.82716, 44.40593, 50.13333333333334], [-0.82721, 44.40594, 50.9], [-0.82725, 44.40585, 51.2], [-0.82718, 44.40584, 51.10365015020628], [-0.82725, 44.40579, 49.8], [-0.82722, 44.40572, 50.13333333333334], [-0.8273, 44.40552, 49.76643939393939], [-0.82749, 44.40528, 49.76643939393939], [-0.8277, 44.40518, 49.76643939393939], [-0.82795, 44.40515, 49.76643939393939], [-0.82842, 44.40521, 49.76643939393939], [-0.82872, 44.40533, 49.76643939393939], [-0.82886, 44.40547, 49.76643939393939], [-0.82892, 44.40569, 49.76643939393939], [-0.82869, 44.40611, 49.76643939393939], [-0.82852, 44.40628, 49.76643939393939]]]}}, {"type": "Feature", "properties": {"id_obligation": "402950000D1580", "priorite": "moyenne"}, "geometry": {"type": "Polygon", "coordinates": [[[-0.82819, 44.40512, 50.96413255360625], [-0.82791, 44.40521, 50.96413255360625], [-0.82755, 44.40519, 50.96413255360625], [-0.82732, 44.40512, 50.96413255360625], [-0.82715, 44.40499, 50.96413255360625], [-0.82704, 44.40477, 50.96413255360625], [-0.82708, 44.40455, 50.96413255360625], [-0.82719, 44.40439, 50.96413255360625], [-0.82737, 44.40427, 50.96413255360625], [-0.82761, 44.40421, 53.70000000000001], [-0.82791, 44.40422, 53.70000000000001], [-0.82815, 44.40431, 50.96413255360625], [-0.82836, 44.40446, 50.96413255360625], [-0.82844, 44.40462, 48.75555555555555], [-0.82844, 44.40479, 48.75555555555555], [-0.82835, 44.40498, 50.96413255360625], [-0.82819, 44.40512, 50.96413255360625]]]}}, {"type": "Feature", "properties": {"id_obligation": "402950000D1581", "priorite": "faible"}, "geometry": {"type": "Polygon", "coordinates": [[[-0.82836, 44.40476, 48.34285714285714], [-0.82815, 44.40492, 48.34285714285714], [-0.82786, 44.40499, 50.414285714285725], [-0.82754, 44.40496, 50.819047619047616], [-0.82728, 44.40484, 50.819047619047616], [-0.82708, 44.40464, 50.819047619047616], [-0.82705, 44.40446, 50.819047619047616], [-0.82711, 44.40422, 50.819047619047616], [-0.82723, 44.40407, 50.819047619047616], [-0.82749, 44.40395, 50.819047619047616], [-0.82774, 44.40393, 50.819047619047616], [-0.82804, 44.40397, 50.819047619047616], [-0.82824, 44.40406, 50.819047619047616], [-0.82839, 44.4042, 50.819047619047616], [-0.82846, 44.40438, 50.819047619047616], [-0.82836, 44.40476, 48.34285714285714]]]}}, {"type": "Feature", "properties": {"id_obligation": "402950000D1588", "priorite": "moyenne"}, "geometry": {"type": "Polygon", "coordinates": [[[-0.82856, 44.40508, 50.9915], [-0.82831, 44.40519, 50.9915], [-0.82807, 44.40522, 50.9915], [-0.82771, 44.40516, 50.9915], [-0.82748, 44.40502, 50.9915], [-0.82737, 44.40487, 50.38750000000001], [-0.82742, 44.4045, 53.7], [-0.8276, 44.40433, 53.7], [-0.82781, 44.40425, 53.699999999999996], [-0.82805, 44.40423, 53.699999999999996], [-0.82835, 44.40427, 50.9915], [-0.82855, 44.40437, 50.9915], [-0.82869, 44.40451, 50.9915], [-0.82875, 44.40468, 47.6], [-0.82871, 44.40489, 50.9915], [-0.82856, 44.40508, 50.9915]]]}}, {"type": "Feature", "properties": {"id_obligation": "402950000E0324", "priorite": "très forte"}, "geometry": {"type": "Polygon", "coordinates": [[[-0.82141, 44.4127, -1000.0], [-0.8211, 44.41268, -301.62569444444443], [-0.82088, 44.4126, -301.62569444444443], [-0.82072, 44.41248, -301.62569444444443], [-0.82055, 44.4126, -301.62569444444443], [-0.82021, 44.41272, -301.62569444444443], [-0.8198, 44.41271, 47.95], [-0.81957, 44.41265, 47.95], [-0.8194, 44.41252, 47.95], [-0.81917, 44.41219, 47.362500000000004], [-0.81917, 44.41172, 47.833333333333336], [-0.81927, 44.41151, 47.833333333333336], [-0.8196, 44.41132, 47.833333333333336], [-0.82003, 44.41131, 47.833333333333336], [-0.82026, 44.41137, -301.62569444444443], [-0.82043, 44.41149, -301.62569444444443], [-0.82054, 44.41164, -301.62569444444443], [-0.82055, 44.41182, 47.1], [-0.82067, 44.41194, 47.1], [-0.82085, 44.41179, 47.1], [-0.82113, 44.4117, -301.62569444444443], [-0.82145, 44.4117, -301.62569444444443], [-0.82183, 44.41179, -1000.0], [-0.82206, 44.41199, -1000.0], [-0.8221, 44.41229, -1000.0], [-0.82196, 44.41249, -1000.0], [-0.82165, 44.41265, -1000.0], [-0.82141, 44.4127, -1000.0]]]}}, {"type": "Feature", "properties": {"id_obligation": "402950000F0123", "priorite": "forte"}, "geometry": {"type": "Polygon", "coordinates": [[[-0.77807, 44.40714, 47.64678571428572], [-0.77825, 44.40725, 47.64678571428572], [-0.77836, 44.4074, 47.64678571428572], [-0.77841, 44.40766, 47.64678571428572], [-0.77834, 44.40783, 47.64678571428572], [-0.77813, 44.40799, 47.64678571428572], [-0.77761, 44.40808, 47.56], [-0.77754, 44.40803, 47.8], [-0.77748, 44.40806, 47.8], [-0.77737, 44.40803, 47.550000000000004], [-0.77714, 44.40788, 47.550000000000004], [-0.77705, 44.40771, 47.957142857142856], [-0.77702, 44.4075, 47.957142857142856], [-0.77709, 44.40733, 47.64678571428572], [-0.77725, 44.40719, 47.64678571428572], [-0.77747, 44.40711, 47.64678571428572], [-0.77778, 44.40708, 47.64678571428572], [-0.77807, 44.40714, 47.64678571428572]]]}}, {"type": "Feature", "properties": {"id_obligation": "402950000F0125", "priorite": "forte"}, "geometry": {"type": "Polygon", "coordinates": [[[-0.77814, 44.40839, 8.537808807733633], [-0.77792, 44.40855, 8.537808807733633], [-0.77769, 44.4086, 48.25], [-0.77734, 44.4086, 48.4], [-0.77713, 44.40853, 48.4], [-0.77693, 44.40836, 48.4], [-0.77685, 44.40807, 48.25], [-0.77688, 44.4079, 48.0], [-0.77699, 44.40775, 48.0], [-0.77718, 44.40764, 48.0], [-0.77765, 44.40758, 48.5], [-0.77767, 44.40763, 48.5], [-0.77778, 44.40761, 49.0], [-0.77789, 44.40765, 47.285714285714285], [-0.77812, 44.40781, 47.285714285714285], [-0.77821, 44.40798, 8.537808807733633], [-0.77823, 44.40818, 8.537808807733633], [-0.77814, 44.40839, 8.537808807733633]]]}}, {"type": "Feature", "properties": {"id_obligation": "402950000F0218", "priorite": "très forte"}, "geometry": {"type": "Polygon", "coordinates": [[[-0.76875, 44.40302, 47.22083333333333], [-0.76903, 44.40313, 47.22083333333333], [-0.76918, 44.40327, 47.22083333333333], [-0.76925, 44.40344, 47.22083333333333], [-0.7692, 44.40365, 47.22083333333333], [-0.76902, 44.40387, 47.22083333333333], [-0.76883, 44.40398, 47.22083333333333], [-0.76859, 44.40403, 47.22083333333333], [-0.76835, 44.40401, 47.22083333333333], [-0.76804, 44.40388, 47.22083333333333], [-0.76786, 44.40371, 47.22083333333333], [-0.76781, 44.40354, 47.22083333333333], [-0.76785, 44.40337, 47.22083333333333], [-0.76805, 44.40315, 47.22083333333333], [-0.76824, 44.40305, 47.22083333333333], [-0.76851, 44.403, 47.800000000000004], [-0.76875, 44.40302, 47.22083333333333]]]}}, {"type": "Feature", "properties": {"id_obligation": "402950000F0344", "priorite": "forte"}, "geometry": {"type": "Polygon", "coordinates": [[[-0.77105, 44.39368, 49.161620689655166], [-0.77101, 44.3939, 49.161620689655166], [-0.7708, 44.39413, 49.161620689655166], [-0.77048, 44.39425, 49.161620689655166], [-0.77017, 44.39424, 49.161620689655166], [-0.7699, 44.39413, 49.161620689655166], [-0.7695, 44.39385, 49.6], [-0.7694, 44.3937, 49.07097155209318], [-0.76949, 44.3937, 47.9], [-0.76954, 44.39366, 47.9], [-0.76937, 44.39357, 47.9], [-0.76946, 44.39334, 50.54], [-0.76973, 44.39312, 50.54], [-0.77001, 44.39303, 47.9], [-0.77026, 44.39303, 47.9], [-0.77044, 44.39308, 49.67499999999999], [-0.77072, 44.39326, 48.7], [-0.77066, 44.39334, 49.8], [-0.77076, 44.39336, 48.7], [-0.77077, 44.39331, 48.7], [-0.77105, 44.39368, 49.161620689655166]]]}}, {"type": "Feature", "properties": {"id_obligation": "402950000F0345", "priorite": "très forte"}, "geometry": {"type": "Polygon", "coordinates": [[[-0.77052, 44.39385, 47.7], [-0.77018, 44.39379, 48.13333333333333], [-0.77001, 44.3937, 48.6], [-0.77007, 44.39366, 48.6], [-0.76999, 44.3936, 48.6], [-0.76995, 44.39365, 48.6], [-0.76986, 44.39352, 47.87272727272727], [-0.76983, 44.39335, 47.87272727272727], [-0.76994, 44.39307, 47.9], [-0.77008, 44.39294, 47.9], [-0.77029, 44.39285, 47.9], [-0.7707, 44.3928, 47.7], [-0.77098, 44.39284, 48.14823232323232], [-0.77123, 44.39295, 48.14823232323232], [-0.77139, 44.39314, 48.14823232323232], [-0.77141, 44.39335, 48.14823232323232], [-0.77129, 44.3936, 48.14823232323232], [-0.77108, 44.39375, 48.14823232323232], [-0.77052, 44.39385, 47.7]]]}}, {"type": "Feature", "properties": {"id_obligation": "402950000F0449", "priorite": "très forte"}, "geometry": {"type": "Polygon", "coordinates": [[[-0.76493, 44.39207, -1000.0], [-0.76515, 44.39199, -1000.0], [-0.76552, 44.39196, -301.1921568627451], [-0.76581, 44.39203, -301.1921568627451], [-0.76598, 44.39216, -301.1921568627451], [-0.76608, 44.39232, -301.1921568627451], [-0.7661, 44.39261, -301.1921568627451], [-0.766, 44.39281, -301.1921568627451], [-0.76583, 44.39294, -301.1921568627451], [-0.76526, 44.39318, 46.29999999999999], [-0.76489, 44.39321, -301.1921568627451], [-0.76461, 44.39314, -301.1921568627451], [-0.76438, 44.39294, -301.1921568627451], [-0.76432, 44.39268, -301.1921568627451], [-0.76442, 44.39247, -301.1921568627451], [-0.76493, 44.39207, -1000.0]]]}}, {"type": "Feature", "properties": {"id_obligation": "402950000F0450", "priorite": "très forte"}, "geometry": {"type": "Polygon", "coordinates": [[[-0.76507, 44.39318, 49.66011904761905], [-0.76483, 44.39304, 49.66011904761905], [-0.76472, 44.39289, 49.94285714285714], [-0.7647, 44.39267, 49.94285714285714], [-0.76478, 44.3925, 49.66011904761905], [-0.76494, 44.39237, 49.66011904761905], [-0.76516, 44.39229, 50.3], [-0.76548, 44.39228, 50.3], [-0.76572, 44.39234, 49.66011904761905], [-0.7659, 44.39246, 49.66011904761905], [-0.76601, 44.39262, 49.66011904761905], [-0.76602, 44.39283, 49.66011904761905], [-0.76594, 44.39299, 49.66011904761905], [-0.76579, 44.39312, 49.66011904761905], [-0.76557, 44.3932, 49.66011904761905], [-0.76531, 44.39322, 49.66011904761905], [-0.76507, 44.39318, 49.66011904761905]]]}}, {"type": "Feature", "properties": {"id_obligation": "402950000F0453", "priorite": "très forte"}, "geometry": {"type": "Polygon", "coordinates": [[[-0.7679, 44.39274, 48.64399999999999], [-0.76786, 44.39301, 48.64399999999999], [-0.76764, 44.39322, 48.64399999999999], [-0.76736, 44.39331, 48.64399999999999], [-0.76701, 44.39328, 49.28], [-0.76646, 44.39313, 48.64399999999999], [-0.76618, 44.3929, 48.64399999999999], [-0.76607, 44.39265, 48.64399999999999], [-0.76611, 44.39243, 48.64399999999999], [-0.76629, 44.39225, 48.64399999999999], [-0.76651, 44.39217, 48.64399999999999], [-0.767, 44.3921, 48.64399999999999], [-0.76724, 44.39212, 48.64399999999999], [-0.76745, 44.3922, 48.64399999999999], [-0.7679, 44.39274, 48.64399999999999]]]}}, {"type": "Feature", "properties": {"id_obligation": "402950000F0454", "priorite": "très forte"}, "geometry": {"type": "Polygon", "coordinates": [[[-0.76695, 44.39242, 46.839999999999996], [-0.76725, 44.3924, 46.839999999999996], [-0.76753, 44.39246, 48.88916666666667], [-0.76777, 44.3926, 48.88916666666667], [-0.76787, 44.39275, 48.88916666666667], [-0.76788, 44.39293, 48.88916666666667], [-0.76778, 44.3932, 48.88916666666667], [-0.76757, 44.39337, 48.88916666666667], [-0.76735, 44.39343, 48.88916666666667], [-0.7671, 44.39343, 48.88916666666667], [-0.76678, 44.39337, 48.88916666666667], [-0.76655, 44.39324, 48.88916666666667], [-0.76643, 44.39304, 50.4], [-0.76644, 44.39286, 50.4], [-0.76652, 44.39269, 50.39999999999999], [-0.76673, 44.39252, 50.39999999999999], [-0.76695, 44.39242, 46.839999999999996]]]}}, {"type": "Feature", "properties": {"id_obligation": "402950000F0458", "priorite": "très forte"}, "geometry": {"type": "Polygon", "coordinates": [[[-0.76459, 44.39208, -299.8], [-0.76471, 44.39193, -299.8], [-0.7649, 44.39183, -299.8], [-0.76522, 44.39176, -299.8], [-0.76546, 44.39179, -299.8], [-0.76567, 44.39187, -299.8], [-0.76583, 44.39201, -299.8], [-0.7659, 44.39221, -299.8], [-0.76587, 44.39239, 50.3], [-0.76575, 44.39254, 50.3], [-0.76555, 44.39265, 50.3], [-0.76523, 44.39271, 50.3], [-0.76498, 44.39268, -299.8], [-0.76477, 44.39259, -299.8], [-0.76463, 44.39245, -299.8], [-0.76456, 44.3923, -299.8], [-0.76459, 44.39208, -299.8]]]}}, {"type": "Feature", "properties": {"id_obligation": "402950000F0461", "priorite": "très forte"}, "geometry": {"type": "Polygon", "coordinates": [[[-0.76364, 44.39044, 48.5], [-0.76384, 44.39027, 48.5], [-0.76406, 44.39019, 48.5], [-0.7644, 44.39017, 48.5], [-0.76469, 44.39026, 48.5], [-0.76486, 44.3904, 48.5], [-0.76495, 44.39063, 48.5], [-0.76495, 44.39081, 48.5], [-0.76485, 44.39098, 48.5], [-0.76467, 44.3911, 48.5], [-0.76444, 44.39117, 48.5], [-0.76411, 44.39117, 48.5], [-0.76389, 44.3911, 48.5], [-0.76372, 44.39098, 48.5], [-0.76359, 44.39062, 48.5], [-0.76364, 44.39044, 48.5]]]}}, {"type": "Feature", "properties": {"id_obligation": "402950000F0464", "priorite": "forte"}, "geometry": {"type": "Polygon", "coordinates": [[[-0.76382, 44.39056, 50.24375], [-0.76391, 44.39077, 50.24375], [-0.76381, 44.39108, 50.24375], [-0.76368, 44.39123, 50.24375], [-0.76348, 44.39133, 50.24375], [-0.76319, 44.39137, 50.24375], [-0.76282, 44.3913, 50.24375], [-0.7626, 44.39121, 50.24375], [-0.76243, 44.39102, 51.0], [-0.76245, 44.39089, 51.0], [-0.7624, 44.39089, 51.0], [-0.7624, 44.39085, 51.0], [-0.76249, 44.39059, 50.24375], [-0.76262, 44.39044, 50.24375], [-0.76282, 44.39033, 50.24375], [-0.76306, 44.39029, 50.24375], [-0.7636, 44.39041, 50.24375], [-0.76382, 44.39056, 50.24375]]]}}, {"type": "Feature", "properties": {"id_obligation": "402950000F0466", "priorite": "forte"}, "geometry": {"type": "Polygon", "coordinates": [[[-0.76196, 44.39138, 49.97727272727272], [-0.76191, 44.39135, 50.3], [-0.76194, 44.3913, 50.3], [-0.76186, 44.39132, 50.3], [-0.76176, 44.39121, 49.97727272727272], [-0.7617, 44.39104, 51.4], [-0.76173, 44.39076, 50.222121212121216], [-0.76184, 44.3906, 50.222121212121216], [-0.76209, 44.39047, 50.222121212121216], [-0.76233, 44.39044, 50.222121212121216], [-0.76264, 44.39046, 50.222121212121216], [-0.76285, 44.39055, 49.7], [-0.76303, 44.39072, 49.7], [-0.76302, 44.39087, 48.1], [-0.76308, 44.3909, 49.03333333333334], [-0.76305, 44.39115, 50.222121212121216], [-0.76293, 44.3913, 50.222121212121216], [-0.76273, 44.39141, 50.222121212121216], [-0.76224, 44.39145, 49.97727272727272], [-0.76196, 44.39138, 49.97727272727272]]]}}, {"type": "Feature", "properties": {"id_obligation": "402950000F0469", "priorite": "forte"}, "geometry": {"type": "Polygon", "coordinates": [[[-0.76225, 44.3917, 50.5195652173913], [-0.76195, 44.39174, 50.5195652173913], [-0.76172, 44.3917, 50.5195652173913], [-0.76148, 44.39158, 50.5195652173913], [-0.76133, 44.39144, 50.5195652173913], [-0.76125, 44.3912, 50.5195652173913], [-0.76129, 44.39102, 50.5195652173913], [-0.76142, 44.39087, 50.5195652173913], [-0.76163, 44.39076, 50.5195652173913], [-0.76205, 44.39068, 50.5195652173913], [-0.76234, 44.3907, 51.0], [-0.76255, 44.39079, 51.0], [-0.76272, 44.39097, 51.0], [-0.76278, 44.39121, 50.5195652173913], [-0.76272, 44.39138, 50.5195652173913], [-0.7625, 44.39159, 50.5195652173913], [-0.76225, 44.3917, 50.5195652173913]]]}}, {"type": "Feature", "properties": {"id_obligation": "402950000F0470", "priorite": "forte"}, "geometry": {"type": "Polygon", "coordinates": [[[-0.76123, 44.39122, 50.82760416666667], [-0.76136, 44.39103, 50.82760416666667], [-0.76156, 44.39092, 50.82760416666667], [-0.76184, 44.39086, 51.4], [-0.76208, 44.39086, 51.4], [-0.76231, 44.39093, 51.06666666666666], [-0.76232, 44.39101, 51.0], [-0.76242, 44.39101, 51.0], [-0.76248, 44.39106, 51.06666666666666], [-0.76258, 44.39127, 51.4], [-0.76257, 44.39144, 51.4], [-0.76243, 44.39164, 50.82760416666667], [-0.76223, 44.39174, 50.82760416666667], [-0.76196, 44.3918, 50.82760416666667], [-0.76171, 44.3918, 50.82760416666667], [-0.76149, 44.39173, 50.82760416666667], [-0.76133, 44.3916, 50.82760416666667], [-0.76122, 44.3914, 50.82760416666667], [-0.76123, 44.39122, 50.82760416666667]]]}}, {"type": "Feature", "properties": {"id_obligation": "402950000F0492", "priorite": "forte"}, "geometry": {"type": "Polygon", "coordinates": [[[-0.76965, 44.39408, 49.22231318561964], [-0.76941, 44.39405, 49.22231318561964], [-0.76915, 44.39392, 49.22231318561964], [-0.76901, 44.39377, 49.22231318561964], [-0.76897, 44.39359, 49.25555555555555], [-0.76899, 44.39348, 49.9], [-0.76907, 44.39348, 49.9], [-0.76903, 44.39341, 49.8], [-0.76919, 44.39323, 49.81666666666667], [-0.76944, 44.39311, 50.6], [-0.76967, 44.39308, 50.6], [-0.76991, 44.39311, 49.22231318561964], [-0.77015, 44.39321, 49.22231318561964], [-0.77033, 44.39339, 48.031818181818196], [-0.77037, 44.3936, 48.031818181818196], [-0.77035, 44.3937, 47.7], [-0.77025, 44.39376, 47.8], [-0.7703, 44.39378, 47.8], [-0.77017, 44.39391, 47.775000000000006], [-0.76995, 44.39403, 49.22231318561964], [-0.76965, 44.39408, 49.22231318561964]]]}}, {"type": "Feature", "properties": {"id_obligation": "402950000F0493", "priorite": "forte"}, "geometry": {"type": "Polygon", "coordinates": [[[-0.76962, 44.39415, 49.636472222222224], [-0.76938, 44.39419, 49.636472222222224], [-0.76913, 44.39416, 49.636472222222224], [-0.76881, 44.39401, 49.636472222222224], [-0.76866, 44.39383, 49.636472222222224], [-0.76863, 44.39366, 49.636472222222224], [-0.76869, 44.39349, 49.833333333333336], [-0.76889, 44.39328, 49.833333333333336], [-0.76917, 44.39318, 50.6], [-0.76941, 44.39317, 50.6], [-0.76964, 44.39323, 49.777777777777786], [-0.76989, 44.39336, 49.777777777777786], [-0.76998, 44.39345, 47.741221514211894], [-0.76992, 44.39354, 47.6], [-0.76999, 44.39355, 47.9], [-0.77001, 44.3935, 47.9], [-0.77005, 44.39364, 48.84000000000001], [-0.76999, 44.3936, 48.6], [-0.76993, 44.39366, 48.6], [-0.77, 44.39371, 48.6], [-0.77005, 44.39368, 48.84000000000001], [-0.77, 44.39385, 49.636472222222224], [-0.76986, 44.39401, 49.636472222222224], [-0.76962, 44.39415, 49.636472222222224]]]}}, {"type": "Feature", "properties": {"id_obligation": "402950000F0494", "priorite": "forte"}, "geometry": {"type": "Polygon", "coordinates": [[[-0.7699, 44.39405, 49.504889391654096], [-0.76969, 44.39413, 49.504889391654096], [-0.76939, 44.39415, 49.504889391654096], [-0.76917, 44.39409, 49.504889391654096], [-0.76851, 44.39378, 50.13333333333333], [-0.76837, 44.39359, 50.13333333333333], [-0.76835, 44.39336, 50.25384615384616], [-0.76847, 44.39316, 50.25384615384616], [-0.76872, 44.39302, 50.25384615384616], [-0.76906, 44.39297, 50.5], [-0.76933, 44.39302, 50.5], [-0.76956, 44.39295, 50.5], [-0.7698, 44.39294, 47.82], [-0.77008, 44.39302, 47.82], [-0.77027, 44.39316, 47.9], [-0.77026, 44.39323, 47.9], [-0.77033, 44.39323, 47.82336911687762], [-0.77037, 44.39336, 48.51333333333332], [-0.77032, 44.3936, 48.51333333333332], [-0.7699, 44.39405, 49.504889391654096]]]}}, {"type": "Feature", "properties": {"id_obligation": "402950000F0500", "priorite": "forte"}, "geometry": {"type": "Polygon", "coordinates": [[[-0.76981, 44.39317, 49.23076923076923], [-0.77011, 44.39316, 49.23076923076923], [-0.77035, 44.39324, 47.79715154523613], [-0.77048, 44.39332, 51.0], [-0.77045, 44.39338, 51.0], [-0.77059, 44.3934, 49.39], [-0.77069, 44.39357, 47.76666666666667], [-0.77067, 44.39379, 47.76666666666667], [-0.77056, 44.39394, 49.154892514892516], [-0.77035, 44.39409, 49.154892514892516], [-0.77006, 44.39416, 49.154892514892516], [-0.76982, 44.39414, 49.154892514892516], [-0.76961, 44.39407, 49.154892514892516], [-0.76941, 44.39392, 49.154892514892516], [-0.7693, 44.39371, 51.0], [-0.76936, 44.39374, 51.0], [-0.76942, 44.39367, 47.9], [-0.76949, 44.3937, 47.9], [-0.76954, 44.39366, 47.9], [-0.76936, 44.39356, 47.9], [-0.7693, 44.39363, 48.648475067241826], [-0.76931, 44.39357, 49.30555555555554], [-0.76956, 44.39328, 50.6], [-0.76981, 44.39317, 49.23076923076923]]]}}, {"type": "Feature", "properties": {"id_obligation": "402950000F0501", "priorite": "forte"}, "geometry": {"type": "Polygon", "coordinates": [[[-0.77014, 44.39399, 48.6], [-0.76968, 44.39401, 48.6], [-0.76922, 44.39385, 49.45], [-0.76906, 44.39367, 49.07058823529411], [-0.76904, 44.3935, 49.07058823529411], [-0.7691, 44.39333, 48.95216195569137], [-0.76927, 44.39314, 48.95216195569137], [-0.76953, 44.39302, 48.95216195569137], [-0.76995, 44.39296, 48.95216195569137], [-0.77019, 44.39298, 48.4375], [-0.77052, 44.39309, 48.4375], [-0.77069, 44.39326, 48.81212830266741], [-0.77066, 44.39334, 49.8], [-0.77073, 44.39336, 48.98918689714639], [-0.77074, 44.39349, 50.0125], [-0.77064, 44.39371, 47.739999999999995], [-0.7704, 44.39389, 47.739999999999995], [-0.77014, 44.39399, 48.6]]]}}, {"type": "Feature", "properties": {"id_obligation": "402950000F0505", "priorite": "très forte"}, "geometry": {"type": "Polygon", "coordinates": [[[-0.76922, 44.40324, 47.22083333333333], [-0.76916, 44.40341, 47.22083333333333], [-0.76901, 44.40355, 47.22083333333333], [-0.7688, 44.40363, 47.22083333333333], [-0.76856, 44.40366, 46.64166666666666], [-0.76823, 44.40362, 47.22083333333333], [-0.76803, 44.40352, 47.22083333333333], [-0.7679, 44.40337, 47.22083333333333], [-0.76786, 44.40311, 47.22083333333333], [-0.7679, 44.40294, 47.22083333333333], [-0.76804, 44.40279, 47.22083333333333], [-0.76824, 44.40269, 47.22083333333333], [-0.76855, 44.40265, 47.22083333333333], [-0.76885, 44.40271, 47.22083333333333], [-0.76904, 44.40282, 47.22083333333333], [-0.76919, 44.40302, 47.22083333333333], [-0.76922, 44.40324, 47.22083333333333]]]}}, {"type": "Feature", "properties": {"id_obligation": "402950000F0512", "priorite": "très forte"}, "geometry": {"type": "Polygon", "coordinates": [[[-0.76721, 44.40455, 48.099999999999994], [-0.76728, 44.40437, 48.099999999999994], [-0.76741, 44.40423, 48.099999999999994], [-0.76767, 44.40412, 48.099999999999994], [-0.76797, 44.4041, 48.099999999999994], [-0.76835, 44.4042, 48.099999999999994], [-0.76854, 44.40431, 48.099999999999994], [-0.76865, 44.40446, 48.099999999999994], [-0.76867, 44.40468, 48.099999999999994], [-0.76857, 44.40489, 48.099999999999994], [-0.76842, 44.40503, 48.099999999999994], [-0.76821, 44.40511, 48.099999999999994], [-0.76791, 44.40513, 48.099999999999994], [-0.7676, 44.40506, 48.099999999999994], [-0.7674, 44.40495, 48.099999999999994], [-0.76725, 44.40476, 48.099999999999994], [-0.76721, 44.40455, 48.099999999999994]]]}}, {"type": "Feature", "properties": {"id_obligation": "402950000F0517", "priorite": "forte"}, "geometry": {"type": "Polygon", "coordinates": [[[-0.76986, 44.40734, 47.0], [-0.76975, 44.4075, 47.329166666666666], [-0.76956, 44.40761, 47.329166666666666], [-0.76929, 44.40769, 47.329166666666666], [-0.76904, 44.40769, 47.329166666666666], [-0.76881, 44.40762, 47.329166666666666], [-0.76864, 44.40749, 47.329166666666666], [-0.76852, 44.40727, 47.329166666666666], [-0.76853, 44.40709, 47.329166666666666], [-0.76863, 44.40693, 47.329166666666666], [-0.76882, 44.40681, 47.329166666666666], [-0.76914, 44.40672, 47.60000000000001], [-0.76939, 44.40673, 47.60000000000001], [-0.76961, 44.40681, 46.8], [-0.76977, 44.40694, 46.8], [-0.76987, 44.40712, 47.0], [-0.76986, 44.40734, 47.0]]]}}, {"type": "Feature", "properties": {"id_obligation": "402950000F0522", "priorite": "forte"}, "geometry": {"type": "Polygon", "coordinates": [[[-0.77583, 44.40854, 47.00000000000001], [-0.77574, 44.40875, 47.55185185185186], [-0.77551, 44.40892, 47.55185185185186], [-0.77524, 44.40902, 47.55185185185186], [-0.77495, 44.40903, 47.55185185185186], [-0.77473, 44.40896, 47.55185185185186], [-0.77455, 44.40884, 47.55185185185186], [-0.77442, 44.40864, 46.35555555555556], [-0.77439, 44.40846, 46.35555555555556], [-0.77447, 44.40829, 47.55185185185186], [-0.77463, 44.40815, 47.55185185185186], [-0.77495, 44.40801, 47.55185185185186], [-0.7752, 44.40799, 47.55185185185186], [-0.77543, 44.40804, 47.55185185185186], [-0.77563, 44.40815, 47.55185185185186], [-0.77578, 44.40834, 47.00000000000001], [-0.77583, 44.40854, 47.00000000000001]]]}}, {"type": "Feature", "properties": {"id_obligation": "402950000F0525", "priorite": "forte"}, "geometry": {"type": "Polygon", "coordinates": [[[-0.76983, 44.39356, 49.24444444444444], [-0.76978, 44.39352, 50.121029268250794], [-0.76984, 44.39349, 50.0], [-0.76967, 44.39337, 50.31818181818182], [-0.76964, 44.39316, 50.31818181818182], [-0.76974, 44.3929, 49.195448329448325], [-0.76991, 44.39277, 49.195448329448325], [-0.77019, 44.39268, 49.195448329448325], [-0.77056, 44.39271, 49.195448329448325], [-0.77079, 44.39277, 49.195448329448325], [-0.771, 44.39292, 49.195448329448325], [-0.77108, 44.39309, 49.449999999999996], [-0.77106, 44.39332, 49.449999999999996], [-0.77098, 44.39348, 49.195448329448325], [-0.77081, 44.39361, 49.195448329448325], [-0.77059, 44.39369, 47.88461538461537], [-0.77006, 44.39365, 48.6], [-0.76983, 44.39356, 49.24444444444444]]]}}, {"type": "Feature", "properties": {"id_obligation": "402950000F0557", "priorite": "forte"}, "geometry": {"type": "Polygon", "coordinates": [[[-0.7768, 44.40401, 47.675], [-0.77659, 44.40384, 47.675], [-0.77652, 44.40368, 46.05], [-0.77653, 44.4034, 47.675], [-0.77666, 44.4032, 47.675], [-0.77686, 44.40309, 47.675], [-0.7771, 44.40304, 47.675], [-0.7774, 44.40305, 47.675], [-0.77767, 44.40315, 47.675], [-0.77783, 44.40329, 47.675], [-0.77789, 44.40345, 47.675], [-0.77788, 44.40372, 47.675], [-0.77779, 44.40388, 47.675], [-0.77761, 44.40401, 47.675], [-0.77739, 44.40407, 47.675], [-0.77708, 44.40408, 47.675], [-0.7768, 44.40401, 47.675]]]}}, {"type": "Feature", "properties": {"id_obligation": "402950000F0558", "priorite": "forte"}, "geometry": {"type": "Polygon", "coordinates": [[[-0.77725, 44.40384, 47.675], [-0.777, 44.40397, 47.675], [-0.77676, 44.404, 47.675], [-0.77638, 44.40397, 47.675], [-0.77616, 44.40388, 47.675], [-0.77601, 44.40375, 47.675], [-0.77594, 44.40358, 47.675], [-0.77597, 44.40335, 47.675], [-0.77609, 44.40319, 47.675], [-0.77634, 44.40306, 47.675], [-0.77659, 44.40303, 47.675], [-0.77698, 44.40307, 47.675], [-0.77719, 44.40316, 47.675], [-0.77733, 44.40329, 47.675], [-0.7774, 44.40346, 49.3], [-0.77738, 44.40364, 49.3], [-0.77725, 44.40384, 47.675]]]}}, {"type": "Feature", "properties": {"id_obligation": "402950000F0562", "priorite": "forte"}, "geometry": {"type": "Polygon", "coordinates": [[[-0.77726, 44.40318, 44.62142857142857], [-0.77702, 44.40332, 44.62142857142857], [-0.77678, 44.40337, 44.62142857142857], [-0.7764, 44.40334, 44.62142857142857], [-0.77619, 44.40325, 44.62142857142857], [-0.77605, 44.4031, 44.62142857142857], [-0.77594, 44.40285, 44.62142857142857], [-0.77596, 44.40258, 44.62142857142857], [-0.77614, 44.4024, 44.62142857142857], [-0.77635, 44.40231, 44.62142857142857], [-0.77675, 44.40228, 44.62142857142857], [-0.77699, 44.40231, 44.62142857142857], [-0.77719, 44.40241, 44.62142857142857], [-0.77733, 44.40256, 44.62142857142857], [-0.77738, 44.40297, 44.62142857142857], [-0.77726, 44.40318, 44.62142857142857]]]}}, {"type": "Feature", "properties": {"id_obligation": "402950000F0577", "priorite": "très forte"}, "geometry": {"type": "Polygon", "coordinates": [[[-0.77025, 44.40675, 47.598333333333336], [-0.77032, 44.40697, 47.598333333333336], [-0.77026, 44.40719, 47.598333333333336], [-0.77, 44.40744, 47.598333333333336], [-0.76968, 44.40755, 47.550000000000004], [-0.76944, 44.40759, 47.550000000000004], [-0.76914, 44.40754, 48.1], [-0.76872, 44.40725, 48.1], [-0.7686, 44.4071, 48.1], [-0.76855, 44.40685, 47.598333333333336], [-0.7686, 44.40664, 47.598333333333336], [-0.76874, 44.4065, 47.598333333333336], [-0.76896, 44.4064, 47.598333333333336], [-0.76912, 44.40618, 47.51666666666667], [-0.76936, 44.40606, 47.51666666666667], [-0.76974, 44.40603, 47.598333333333336], [-0.77007, 44.40613, 47.598333333333336], [-0.77026, 44.40635, 47.598333333333336], [-0.77025, 44.40675, 47.598333333333336]]]}}, {"type": "Feature", "properties": {"id_obligation": "402950000F0580", "priorite": "forte"}, "geometry": {"type": "Polygon", "coordinates": [[[-0.76968, 44.39303, 50.388888888888886], [-0.76963, 44.39324, 50.388888888888886], [-0.76904, 44.39385, 50.5], [-0.76882, 44.39395, 50.5], [-0.76858, 44.39397, 50.5], [-0.76833, 44.39392, 50.388888888888886], [-0.76803, 44.39378, 50.388888888888886], [-0.76789, 44.39359, 50.388888888888886], [-0.76791, 44.39333, 50.388888888888886], [-0.7682, 44.39296, 50.388888888888886], [-0.76851, 44.39267, 50.5], [-0.76877, 44.39257, 50.5], [-0.76908, 44.39257, 50.388888888888886], [-0.7694, 44.39267, 50.388888888888886], [-0.7696, 44.39283, 50.388888888888886], [-0.76968, 44.39303, 50.388888888888886]]]}}, {"type": "Feature", "properties": {"id_obligation": "402950000F0609", "priorite": "forte"}, "geometry": {"type": "Polygon", "coordinates": [[[-0.77563, 44.40846, 49.2], [-0.77563, 44.40839, 49.2], [-0.77542, 44.40839, 49.2], [-0.77542, 44.40842, 49.2], [-0.77523, 44.40832, 49.2], [-0.77511, 44.40816, 49.2], [-0.77506, 44.40791, 50.720000000000006], [-0.77513, 44.40774, 50.8], [-0.77533, 44.40758, 50.8], [-0.77555, 44.40751, 44.3], [-0.77593, 44.40747, 44.3], [-0.77617, 44.40751, -101.50071428571427], [-0.7764, 44.40766, -101.50071428571427], [-0.7765, 44.40782, -101.50071428571427], [-0.77653, 44.40803, -101.50071428571427], [-0.77647, 44.4082, -1000.0], [-0.77646, 44.40815, -1000.0], [-0.77641, 44.40815, -1000.0], [-0.77641, 44.40821, -1000.0], [-0.77646, 44.40821, -1000.0], [-0.77632, 44.40833, -1000.0], [-0.77611, 44.40842, -1000.0], [-0.77579, 44.40847, 49.074999999999996], [-0.77563, 44.40846, 49.2]]]}}, {"type": "Feature", "properties": {"id_obligation": "402950000F0619", "priorite": "forte"}, "geometry": {"type": "Polygon", "coordinates": [[[-0.77724, 44.40775, -351.4583333333333], [-0.77742, 44.40792, -351.4583333333333], [-0.77746, 44.40822, 48.199999999999996], [-0.77739, 44.40843, 48.325], [-0.77723, 44.40857, 48.325], [-0.77695, 44.40866, 48.325], [-0.77649, 44.40866, -1000.0], [-0.77626, 44.40861, 45.0], [-0.77607, 44.40849, 45.0], [-0.77596, 44.40834, 49.0], [-0.77594, 44.40804, 49.0], [-0.77602, 44.40788, -351.4583333333333], [-0.77617, 44.40774, -351.4583333333333], [-0.77639, 44.40766, -1000.0], [-0.77696, 44.40765, -351.4583333333333], [-0.77724, 44.40775, -351.4583333333333]]]}}, {"type": "Feature", "properties": {"id_obligation": "402950000F0652", "priorite": "très forte"}, "geometry": {"type": "Polygon", "coordinates": [[[-0.77717, 44.40661, 46.0], [-0.77697, 44.40677, 46.0], [-0.77674, 44.40685, 46.0], [-0.77638, 44.40687, 46.0], [-0.7761, 44.40678, 46.0], [-0.77576, 44.40655, 46.0], [-0.77567, 44.40639, 46.0], [-0.77567, 44.40618, 46.0], [-0.77576, 44.40601, 46.0], [-0.77599, 44.40586, 46.0], [-0.77623, 44.40581, 46.0], [-0.7765, 44.40583, 46.0], [-0.77707, 44.40606, 46.0], [-0.77719, 44.40621, 46.0], [-0.77724, 44.4064, 46.0], [-0.77717, 44.40661, 46.0]]]}}, {"type": "Feature", "properties": {"id_obligation": "402950000F0656", "priorite": "forte"}, "geometry": {"type": "Polygon", "coordinates": [[[-0.77816, 44.40823, -161.7361388888889], [-0.77795, 44.40837, -161.7361388888889], [-0.77782, 44.40859, 48.25], [-0.77751, 44.40874, 48.25], [-0.7772, 44.40876, -1000.0], [-0.77696, 44.40873, -1000.0], [-0.77676, 44.40863, -1000.0], [-0.7766, 44.40844, -1000.0], [-0.77668, 44.40843, -1000.0], [-0.77668, 44.40831, -1000.0], [-0.77657, 44.40831, -1000.0], [-0.77657, 44.40821, 47.8], [-0.77684, 44.40821, 47.8], [-0.77684, 44.40809, 47.8], [-0.77661, 44.40809, 47.8], [-0.77679, 44.40792, 47.8], [-0.77679, 44.40758, -161.7361388888889], [-0.77696, 44.4074, -161.7361388888889], [-0.77722, 44.4073, 47.62916666666667], [-0.77782, 44.40725, 47.8], [-0.7782, 44.40737, 47.8], [-0.77834, 44.40752, 47.8], [-0.77841, 44.40772, 47.8], [-0.77816, 44.40823, -161.7361388888889]]]}}, {"type": "Feature", "properties": {"id_obligation": "402950000F0659", "priorite": "forte"}, "geometry": {"type": "Polygon", "coordinates": [[[-0.77683, 44.4072, -48.60987012987013], [-0.77718, 44.40737, -48.60987012987013], [-0.77729, 44.40753, -428.3636363636364], [-0.7773, 44.40758, 48.0], [-0.77725, 44.40759, 48.0], [-0.77731, 44.40769, -428.3636363636364], [-0.77724, 44.40786, -428.3636363636364], [-0.7771, 44.408, 47.8], [-0.77684, 44.4081, 47.8], [-0.77657, 44.40809, 47.8], [-0.77652, 44.40813, 47.8], [-0.77627, 44.40808, 45.4], [-0.77607, 44.40813, 45.4], [-0.77581, 44.40814, 45.4], [-0.77559, 44.40832, 45.4], [-0.77531, 44.40839, -48.60987012987013], [-0.7749, 44.40834, -48.60987012987013], [-0.77465, 44.40821, -48.60987012987013], [-0.77438, 44.40784, 47.5], [-0.77432, 44.40767, 47.5], [-0.77438, 44.40742, -48.60987012987013], [-0.77456, 44.40725, -48.60987012987013], [-0.77495, 44.40715, -48.60987012987013], [-0.77525, 44.40718, -48.60987012987013], [-0.77549, 44.40728, -48.60987012987013], [-0.77579, 44.4072, -48.60987012987013], [-0.77624, 44.40726, -48.60987012987013], [-0.77683, 44.4072, -48.60987012987013]]]}}, {"type": "Feature", "properties": {"id_obligation": "402950000F0662", "priorite": "moyenne"}, "geometry": {"type": "Polygon", "coordinates": [[[-0.77698, 44.40847, -1000.0], [-0.7768, 44.40859, -1000.0], [-0.77657, 44.40865, -129.8333333333333], [-0.77627, 44.40865, -129.8333333333333], [-0.77604, 44.40858, 46.083333333333336], [-0.77587, 44.40845, 46.083333333333336], [-0.77582, 44.40836, 49.0], [-0.77595, 44.40837, 49.0], [-0.77597, 44.4083, 49.0], [-0.77582, 44.40828, 49.0], [-0.7758, 44.40833, 49.0], [-0.7758, 44.40804, 49.0], [-0.77591, 44.40799, 45.4], [-0.7759, 44.40789, 45.4], [-0.77608, 44.40777, 45.4], [-0.77631, 44.40771, -289.83809523809526], [-0.7766, 44.40771, -289.83809523809526], [-0.77682, 44.40778, -289.83809523809526], [-0.77699, 44.40791, -289.83809523809526], [-0.77708, 44.40807, -301.46666666666664], [-0.77709, 44.40826, -301.46666666666664], [-0.77698, 44.40847, -1000.0]]]}}, {"type": "Feature", "properties": {"id_obligation": "402950000F0663", "priorite": "moyenne"}, "geometry": {"type": "Polygon", "coordinates": [[[-0.77721, 44.40868, -177.20476190476188], [-0.77698, 44.40883, -177.20476190476188], [-0.77674, 44.40888, 47.4], [-0.77637, 44.40886, 47.4], [-0.77616, 44.40878, 45.74999999999999], [-0.77598, 44.40861, 45.74999999999999], [-0.77593, 44.40844, 46.416666666666664], [-0.77595, 44.40817, -177.20476190476188], [-0.77607, 44.40802, -177.20476190476188], [-0.77632, 44.40789, -580.88], [-0.77657, 44.40785, -580.88], [-0.77687, 44.40788, 47.8], [-0.77708, 44.40796, 47.8], [-0.77723, 44.40809, 47.8], [-0.7773, 44.40825, 48.4], [-0.7772, 44.40826, 48.4], [-0.7772, 44.40831, 48.4], [-0.77731, 44.40831, 48.4], [-0.77731, 44.40847, 48.300000000000004], [-0.77721, 44.40868, -177.20476190476188]]]}}, {"type": "Feature", "properties": {"id_obligation": "402950000F0664", "priorite": "forte"}, "geometry": {"type": "Polygon", "coordinates": [[[-0.77719, 44.40841, -215.625], [-0.77737, 44.40858, -215.625], [-0.77741, 44.40887, -215.625], [-0.77736, 44.40904, -215.625], [-0.77717, 44.40921, -215.625], [-0.77695, 44.40929, -215.625], [-0.77657, 44.40931, -215.625], [-0.77634, 44.40927, -215.625], [-0.77614, 44.40917, -215.625], [-0.77599, 44.40899, 45.9], [-0.77596, 44.40875, 45.9], [-0.77601, 44.40858, 44.2], [-0.77615, 44.40843, 44.2], [-0.77635, 44.40833, 44.2], [-0.77691, 44.40831, -215.625], [-0.77719, 44.40841, -215.625]]]}}, {"type": "Feature", "properties": {"id_obligation": "402950000F0717", "priorite": "forte"}, "geometry": {"type": "Polygon", "coordinates": [[[-0.77507, 44.40883, 46.894372294372296], [-0.77487, 44.40867, 46.894372294372296], [-0.77479, 44.40846, 49.3], [-0.77484, 44.40822, 46.894372294372296], [-0.77502, 44.40804, 46.894372294372296], [-0.77524, 44.40796, 46.894372294372296], [-0.7757, 44.40794, 45.4], [-0.77571, 44.40802, 45.4], [-0.77591, 44.40799, 45.4], [-0.77612, 44.40811, 45.4], [-0.77623, 44.40826, 48.32727272727272], [-0.77626, 44.40846, 48.32727272727272], [-0.77621, 44.40863, 45.833333333333336], [-0.77607, 44.40878, 45.833333333333336], [-0.77586, 44.40888, 45.833333333333336], [-0.77536, 44.40891, 44.8], [-0.77507, 44.40883, 46.894372294372296]]]}}, {"type": "Feature", "properties": {"id_obligation": "402950000F0718", "priorite": "forte"}, "geometry": {"type": "Polygon", "coordinates": [[[-0.77676, 44.40902, 47.4], [-0.77651, 44.40916, 47.4], [-0.77612, 44.40919, 45.9], [-0.77583, 44.40912, 45.9], [-0.77543, 44.4089, -149.6782894736842], [-0.77526, 44.40872, 47.00000000000001], [-0.77517, 44.40833, 47.00000000000001], [-0.77531, 44.40801, 45.4], [-0.7755, 44.40789, 45.4], [-0.77573, 44.40783, 46.3], [-0.77613, 44.40786, 46.3], [-0.77635, 44.40794, -476.1], [-0.77651, 44.40808, -476.1], [-0.77659, 44.40828, -1000.0], [-0.77665, 44.40831, -1000.0], [-0.77655, 44.4083, -1000.0], [-0.77656, 44.40843, -1000.0], [-0.77668, 44.40843, -1000.0], [-0.77668, 44.40832, -1000.0], [-0.77685, 44.40849, -1000.0], [-0.77689, 44.40882, 47.4], [-0.77676, 44.40902, 47.4]]]}}, {"type": "Feature", "properties": {"id_obligation": "402950000G0048", "priorite": "faible"}, "geometry": {"type": "MultiPolygon", "coordinates": [[[[-0.78339, 44.40194, 48.8], [-0.78328, 44.40194, 48.8], [-0.78327, 44.40199, 48.8], [-0.78336, 44.40199, 48.8], [-0.78332, 44.40203, 47.46923076923076], [-0.78313, 44.40214, 47.46923076923076], [-0.78302, 44.40217, 48.9], [-0.78303, 44.40209, 48.9], [-0.78258, 44.40203, 47.0], [-0.78257, 44.40215, 47.0], [-0.78237, 44.40207, 47.15], [-0.78223, 44.40193, 47.15], [-0.78216, 44.40175, 47.9], [-0.7822, 44.40154, 47.16530035153019], [-0.78233, 44.40139, 47.16530035153019], [-0.78253, 44.40129, 47.16530035153019], [-0.78277, 44.40124, 47.4], [-0.78307, 44.40127, 47.4], [-0.78328, 44.40136, 47.4], [-0.78342, 44.40151, 47.4], [-0.78348, 44.40168, 46.78333333333333], [-0.78339, 44.40194, 48.8]]], [[[-0.78263, 44.40217, 47.0], [-0.78263, 44.40208, 47.0], [-0.78289, 44.40209, 48.9], [-0.78289, 44.40218, 48.9], [-0.78263, 44.40217, 47.0]]]]}}, {"type": "Feature", "properties": {"id_obligation": "402950000G0049", "priorite": "moyenne"}, "geometry": {"type": "MultiPolygon", "coordinates": [[[[-0.7832, 44.40123, 44.0], [-0.78348, 44.40124, 44.0], [-0.78374, 44.40133, 44.0], [-0.78352, 44.40134, 44.0], [-0.78352, 44.40142, 44.0], [-0.78376, 44.40141, 44.0], [-0.78376, 44.40135, 44.0], [-0.78387, 44.40145, 45.42857142857143], [-0.78395, 44.40161, 46.5], [-0.78393, 44.40188, 46.5], [-0.78382, 44.40204, 45.800000000000004], [-0.78363, 44.40216, 46.95714285714285], [-0.78339, 44.40222, 46.95714285714285], [-0.78308, 44.40221, 47.40540540540541], [-0.78302, 44.4022, 48.9], [-0.78303, 44.40209, 48.9], [-0.78271, 44.40205, 47.0], [-0.78265, 44.40199, 47.40540540540541], [-0.78257, 44.40183, 45.87000000000001], [-0.7826, 44.40158, 47.4], [-0.78275, 44.40138, 47.4], [-0.78296, 44.40127, 47.4], [-0.7832, 44.40123, 44.0]]], [[[-0.78278, 44.4021, 47.95746196002187], [-0.78278, 44.40209, 48.9], [-0.78289, 44.40209, 48.9], [-0.78289, 44.40216, 48.9], [-0.78278, 44.4021, 47.95746196002187]]]]}}, {"type": "Feature", "properties": {"id_obligation": "402950000G0062", "priorite": "moyenne"}, "geometry": {"type": "Polygon", "coordinates": [[[-0.7827, 44.3995, 42.38125], [-0.78284, 44.39936, 42.38125], [-0.78306, 44.39927, 42.38125], [-0.78337, 44.39924, 42.38125], [-0.7836, 44.39928, 42.38125], [-0.78379, 44.39938, 42.38125], [-0.78392, 44.39952, 42.38125], [-0.78398, 44.39973, 42.38125], [-0.78392, 44.39991, 42.38125], [-0.78377, 44.40005, 42.38125], [-0.78355, 44.40015, 43.7625], [-0.78324, 44.40018, 43.7625], [-0.783, 44.40014, 42.38125], [-0.78281, 44.40003, 42.38125], [-0.78268, 44.39989, 42.38125], [-0.78264, 44.39972, 42.38125], [-0.7827, 44.3995, 42.38125]]]}}, {"type": "Feature", "properties": {"id_obligation": "402950000G0063", "priorite": "moyenne"}, "geometry": {"type": "Polygon", "coordinates": [[[-0.78309, 44.39962, 48.661458333333336], [-0.78334, 44.39958, 41.0], [-0.78358, 44.39961, 48.661458333333336], [-0.78388, 44.39973, 48.661458333333336], [-0.78402, 44.39988, 48.661458333333336], [-0.78407, 44.40006, 48.661458333333336], [-0.78398, 44.40031, 52.849999999999994], [-0.78384, 44.40046, 52.849999999999994], [-0.78372, 44.40052, 48.873414892184655], [-0.78372, 44.40044, 49.4], [-0.78365, 44.40039, 65.4], [-0.78357, 44.40041, 65.4], [-0.78361, 44.40055, 47.2], [-0.7834, 44.40058, 57.03333333333334], [-0.78316, 44.40054, 48.661458333333336], [-0.78285, 44.40042, 48.661458333333336], [-0.78272, 44.40027, 48.661458333333336], [-0.78267, 44.40006, 48.661458333333336], [-0.78276, 44.39986, 48.661458333333336], [-0.78289, 44.39972, 48.661458333333336], [-0.78309, 44.39962, 48.661458333333336]]]}}, {"type": "Feature", "properties": {"id_obligation": "402950000G0065", "priorite": "moyenne"}, "geometry": {"type": "Polygon", "coordinates": [[[-0.78428, 44.4006, 42.2], [-0.78415, 44.40076, 42.2], [-0.78395, 44.40086, 42.2], [-0.78362, 44.40092, 47.37894736842104], [-0.78338, 44.40089, 46.56078947368421], [-0.78313, 44.40077, 46.56078947368421], [-0.78301, 44.40062, 46.56078947368421], [-0.78294, 44.40041, 46.56078947368421], [-0.78299, 44.40024, 43.75], [-0.78312, 44.40009, 43.75], [-0.78332, 44.39999, 43.75], [-0.78364, 44.39994, 43.775000000000006], [-0.78387, 44.39997, 46.56078947368421], [-0.78408, 44.40005, 46.56078947368421], [-0.78422, 44.40019, 46.56078947368421], [-0.78431, 44.40038, 46.56078947368421], [-0.78428, 44.4006, 42.2]]]}}, {"type": "Feature", "properties": {"id_obligation": "402950000G0066", "priorite": "moyenne"}, "geometry": {"type": "Polygon", "coordinates": [[[-0.78431, 44.40081, 43.528571428571425], [-0.78411, 44.40098, 43.528571428571425], [-0.78407, 44.40091, 44.4], [-0.78392, 44.40094, 47.1], [-0.78395, 44.40103, 47.1], [-0.7838, 44.40107, 45.50153176377301], [-0.78368, 44.40093, 48.7], [-0.78354, 44.40098, 48.7], [-0.78356, 44.40108, 48.7], [-0.78348, 44.40106, 47.46153846153848], [-0.78327, 44.40099, 45.941052281052286], [-0.78308, 44.40082, 45.941052281052286], [-0.78297, 44.40058, 45.941052281052286], [-0.78299, 44.40036, 43.73333333333334], [-0.7831, 44.4002, 43.73333333333334], [-0.78329, 44.40008, 43.73333333333334], [-0.7834, 44.40013, 43.7], [-0.78344, 44.40006, 43.8], [-0.78341, 44.40004, 43.8], [-0.78385, 44.4, 43.8], [-0.78408, 44.40007, 45.941052281052286], [-0.78425, 44.4002, 45.941052281052286], [-0.78436, 44.40038, 45.941052281052286], [-0.78438, 44.4006, 45.941052281052286], [-0.78431, 44.40081, 43.528571428571425]]]}}, {"type": "Feature", "properties": {"id_obligation": "402950000G0072", "priorite": "moyenne"}, "geometry": {"type": "Polygon", "coordinates": [[[-0.7832, 44.40181, 46.97777777777779], [-0.78298, 44.40165, 46.97777777777779], [-0.78289, 44.40144, 47.4], [-0.78292, 44.40119, 46.19710341687896], [-0.78305, 44.40104, 46.19710341687896], [-0.7833, 44.40092, 46.19710341687896], [-0.78372, 44.40088, 47.494117647058836], [-0.78397, 44.40091, 47.11052631578948], [-0.78401, 44.40092, 44.579043959771525], [-0.78392, 44.40094, 47.1], [-0.78395, 44.40105, 47.1], [-0.78411, 44.40102, 44.4], [-0.78408, 44.40095, 44.4], [-0.78432, 44.40114, 47.11052631578948], [-0.78421, 44.40118, 47.6], [-0.78423, 44.40125, 47.6], [-0.78436, 44.40122, 44.66363636363637], [-0.78435, 44.40156, 45.43076923076922], [-0.78427, 44.40157, 45.5], [-0.78423, 44.40171, 45.43076923076922], [-0.78403, 44.40181, 45.43076923076922], [-0.7835, 44.40187, 46.5], [-0.7832, 44.40181, 46.97777777777779]]]}}, {"type": "Feature", "properties": {"id_obligation": "402950000G0079", "priorite": "faible"}, "geometry": {"type": "Polygon", "coordinates": [[[-0.7832, 44.40177, 47.4], [-0.78332, 44.40177, 47.4], [-0.78333, 44.4017, 47.23904425122844], [-0.78361, 44.40193, 46.925000000000004], [-0.78365, 44.4021, 46.792857142857144], [-0.78362, 44.40235, 46.7], [-0.7835, 44.40251, 46.86363636363637], [-0.78331, 44.40262, 46.86363636363637], [-0.7831, 44.40262, 46.0], [-0.78309, 44.40267, 46.257692307692324], [-0.78272, 44.40265, 48.4], [-0.78271, 44.40261, 48.4], [-0.78259, 44.40262, 48.4], [-0.78245, 44.40254, 48.22307692307691], [-0.78222, 44.40229, 46.125], [-0.78216, 44.40212, 46.125], [-0.78219, 44.40192, 47.9], [-0.78235, 44.40174, 47.9], [-0.78255, 44.40165, 47.9], [-0.78279, 44.40161, 46.27692307692309], [-0.7832, 44.40166, 44.50295186280196], [-0.7832, 44.40177, 47.4]]]}}, {"type": "Feature", "properties": {"id_obligation": "402950000G0080", "priorite": "faible"}, "geometry": {"type": "Polygon", "coordinates": [[[-0.78318, 44.40159, 47.3], [-0.78344, 44.40171, 47.3], [-0.78359, 44.40189, 47.3], [-0.7836, 44.40216, 47.17857142857142], [-0.7835, 44.40232, 47.07272727272727], [-0.78333, 44.40244, 47.07272727272727], [-0.78336, 44.40234, 48.0], [-0.78322, 44.40234, 48.0], [-0.78321, 44.40244, 44.6], [-0.78328, 44.40246, 47.07272727272727], [-0.78279, 44.40261, 46.96153846153847], [-0.78244, 44.40262, 46.411111111111104], [-0.78216, 44.40252, 46.411111111111104], [-0.78201, 44.40238, 46.411111111111104], [-0.78195, 44.40221, 45.58], [-0.78197, 44.40193, 46.6906251131909], [-0.78207, 44.40177, 46.6906251131909], [-0.78225, 44.40165, 46.6906251131909], [-0.78248, 44.40158, 45.7], [-0.78318, 44.40159, 47.3]]]}}, {"type": "Feature", "properties": {"id_obligation": "402950000G0081", "priorite": "faible"}, "geometry": {"type": "Polygon", "coordinates": [[[-0.78315, 44.40213, 46.3], [-0.78321, 44.40214, 46.3], [-0.78315, 44.40222, 46.628571428571426], [-0.78298, 44.40234, 46.628571428571426], [-0.78288, 44.40239, 47.7], [-0.7829, 44.40233, 47.7], [-0.78277, 44.4023, 47.7], [-0.78273, 44.40238, 47.7], [-0.78281, 44.4024, 47.7], [-0.7824, 44.40241, 45.250000000000014], [-0.78218, 44.40232, 45.250000000000014], [-0.78202, 44.40218, 45.250000000000014], [-0.78195, 44.40201, 46.44347238895558], [-0.78196, 44.4018, 46.44347238895558], [-0.78206, 44.40164, 46.44347238895558], [-0.78224, 44.40152, 46.44347238895558], [-0.78247, 44.40145, 44.7], [-0.78277, 44.40146, 44.7], [-0.78299, 44.40153, 46.474999999999994], [-0.78316, 44.40165, 46.474999999999994], [-0.78325, 44.40182, 46.849999999999994], [-0.78325, 44.40203, 46.849999999999994], [-0.78315, 44.40213, 46.3]]]}}, {"type": "Feature", "properties": {"id_obligation": "402950000G0084", "priorite": "moyenne"}, "geometry": {"type": "MultiPolygon", "coordinates": [[[[-0.78181, 44.40202, 46.67362950774715], [-0.78199, 44.4019, 46.67362950774715], [-0.78222, 44.40184, 46.67362950774715], [-0.78253, 44.40184, 46.67362950774715], [-0.78275, 44.40192, 47.393939393939384], [-0.78293, 44.40207, 48.85295229760645], [-0.78258, 44.40203, 47.0], [-0.78257, 44.40218, 47.0], [-0.78263, 44.40218, 47.0], [-0.78263, 44.40208, 47.0], [-0.78289, 44.40209, 48.9], [-0.78289, 44.40222, 48.9], [-0.783, 44.40222, 48.9], [-0.78299, 44.40246, 47.199999999999996], [-0.78288, 44.40261, 47.199999999999996], [-0.78271, 44.40273, 47.199999999999996], [-0.78248, 44.40279, 45.92307692307692], [-0.78219, 44.40279, 45.92307692307692], [-0.78197, 44.40272, 46.67362950774715], [-0.7818, 44.4026, 46.67362950774715], [-0.78171, 44.40243, 46.67362950774715], [-0.7817, 44.40223, 46.67362950774715], [-0.78181, 44.40202, 46.67362950774715]]]]}}, {"type": "Feature", "properties": {"id_obligation": "402950000G0087", "priorite": "faible"}, "geometry": {"type": "Polygon", "coordinates": [[[-0.78224, 44.40266, 45.06666666666666], [-0.78211, 44.40247, 45.876923076923084], [-0.78211, 44.4023, 45.876923076923084], [-0.78224, 44.40206, 46.92494359045426], [-0.78241, 44.40193, 46.92494359045426], [-0.78271, 44.40185, 47.47073170731708], [-0.78295, 44.40187, 49.0], [-0.78325, 44.40195, 47.39999999999999], [-0.78343, 44.40208, 47.39999999999999], [-0.78353, 44.40229, 47.07272727272727], [-0.7835, 44.40246, 47.07272727272727], [-0.78338, 44.40267, 47.0], [-0.7832, 44.40279, 47.0], [-0.78293, 44.40286, 47.0], [-0.78248, 44.40279, 45.06666666666666], [-0.78224, 44.40266, 45.06666666666666]]]}}, {"type": "Feature", "properties": {"id_obligation": "402950000G0088", "priorite": "faible"}, "geometry": {"type": "MultiPolygon", "coordinates": [[[[-0.78319, 44.40208, 46.3], [-0.78317, 44.40215, 46.2], [-0.78326, 44.40211, 46.55999999999999], [-0.78343, 44.40229, 46.55999999999999], [-0.78346, 44.40247, 46.9076923076923], [-0.78338, 44.40272, 47.95], [-0.78314, 44.40291, 47.0], [-0.78314, 44.40284, 47.0], [-0.78293, 44.40284, 47.0], [-0.78293, 44.40293, 47.0], [-0.78309, 44.40293, 47.0], [-0.78295, 44.40296, 47.733333333333334], [-0.78266, 44.40296, 47.5], [-0.78265, 44.4029, 47.5], [-0.78239, 44.40291, 46.5], [-0.78216, 44.40277, 46.5], [-0.78206, 44.40261, 45.28888888888889], [-0.78205, 44.40244, 45.28888888888889], [-0.78212, 44.40223, 45.25], [-0.78227, 44.40209, 45.25], [-0.78248, 44.402, 45.25], [-0.78289, 44.40199, 46.08028742422005], [-0.78288, 44.40206, 46.0], [-0.78298, 44.40206, 46.0], [-0.78299, 44.402, 46.1], [-0.78319, 44.40208, 46.3]]]]}}, {"type": "Feature", "properties": {"id_obligation": "402950000G0089", "priorite": "moyenne"}, "geometry": {"type": "MultiPolygon", "coordinates": [[[[-0.78197, 44.40271, 46.82833618012422], [-0.78188, 44.40254, 44.542857142857144], [-0.78192, 44.40228, 46.9], [-0.78203, 44.40212, 46.9], [-0.78223, 44.40201, 46.9], [-0.78247, 44.40195, 47.2], [-0.78284, 44.40199, 47.152], [-0.78289, 44.402, 46.05299230894772], [-0.78288, 44.40206, 46.0], [-0.78298, 44.40206, 46.0], [-0.78299, 44.40203, 46.08063692865898], [-0.78307, 44.40206, 47.152], [-0.78323, 44.40219, 47.152], [-0.7833, 44.40233, 48.0], [-0.78321, 44.40237, 48.0], [-0.78321, 44.40244, 44.6], [-0.78332, 44.40245, 46.27826086956521], [-0.78318, 44.40277, 47.96666666666667], [-0.7831, 44.40284, 47.0], [-0.78293, 44.40284, 47.0], [-0.78293, 44.40292, 47.0], [-0.78276, 44.40295, 47.19166666666666], [-0.78266, 44.40295, 47.5], [-0.78265, 44.4029, 47.5], [-0.78247, 44.40294, 47.5], [-0.78219, 44.40286, 46.82833618012422], [-0.78197, 44.40271, 46.82833618012422]]], [[[-0.78255, 44.40294, 47.5], [-0.78256, 44.40295, 47.5], [-0.78251, 44.40294, 47.5], [-0.78255, 44.40294, 47.5]]]]}}, {"type": "Feature", "properties": {"id_obligation": "402950000G0094", "priorite": "moyenne"}, "geometry": {"type": "Polygon", "coordinates": [[[-0.78284, 44.40217, 47.347368421052636], [-0.78289, 44.40222, 48.9], [-0.78306, 44.40224, 48.41666666666666], [-0.78322, 44.40235, 48.0], [-0.78321, 44.40244, 44.6], [-0.7833, 44.40246, 44.6], [-0.78332, 44.40252, 45.88499999999999], [-0.78334, 44.40275, 45.88499999999999], [-0.78324, 44.40292, 48.55833333333334], [-0.78302, 44.40306, 48.55833333333334], [-0.78292, 44.4031, 50.1], [-0.78291, 44.40303, 50.1], [-0.7827, 44.40306, 50.1], [-0.7827, 44.40312, 50.1], [-0.78248, 44.40314, 45.59259702417698], [-0.78252, 44.40312, 45.7], [-0.78249, 44.40307, 45.8], [-0.78237, 44.40313, 19.3695208855472], [-0.78209, 44.40304, 19.3695208855472], [-0.78193, 44.40291, 19.3695208855472], [-0.78185, 44.40271, 19.3695208855472], [-0.78189, 44.40249, 19.3695208855472], [-0.78207, 44.40231, 44.837500000000006], [-0.78235, 44.4022, 47.347368421052636], [-0.78284, 44.40217, 47.347368421052636]]]}}, {"type": "Feature", "properties": {"id_obligation": "402950000G0095", "priorite": "moyenne"}, "geometry": {"type": "Polygon", "coordinates": [[[-0.78308, 44.40231, 46.518181818181816], [-0.78329, 44.40247, 46.518181818181816], [-0.78336, 44.40272, 47.74285714285714], [-0.78327, 44.40294, 48.03333333333333], [-0.7831, 44.40307, 48.03333333333333], [-0.78281, 44.40316, -146.42222222222222], [-0.78246, 44.40317, -146.42222222222222], [-0.78209, 44.40309, 19.024968807299633], [-0.78191, 44.40297, 19.024968807299633], [-0.7818, 44.40281, 19.024968807299633], [-0.78177, 44.40261, 19.024968807299633], [-0.78185, 44.40244, 43.6], [-0.782, 44.40231, 43.6], [-0.78221, 44.40223, 43.6], [-0.78246, 44.4022, 47.55], [-0.78308, 44.40231, 46.518181818181816]]]}}, {"type": "Feature", "properties": {"id_obligation": "402950000G0102", "priorite": "moyenne"}, "geometry": {"type": "Polygon", "coordinates": [[[-0.78248, 44.4039, 5.361666666666661], [-0.78221, 44.40372, 5.361666666666661], [-0.78209, 44.40343, 44.55], [-0.78216, 44.40317, -202.31904761904767], [-0.78231, 44.40303, -202.31904761904767], [-0.78247, 44.40295, 47.5], [-0.78255, 44.40294, 47.5], [-0.78254, 44.40301, 47.5], [-0.78265, 44.40303, 47.5], [-0.78265, 44.40291, 47.5], [-0.78293, 44.40288, 47.0], [-0.78293, 44.40293, 47.0], [-0.78314, 44.40292, 47.0], [-0.78314, 44.40286, 47.0], [-0.78319, 44.40285, 48.335714285714296], [-0.78349, 44.4029, 45.183333333333344], [-0.78354, 44.40308, 46.3], [-0.78368, 44.40308, 43.2], [-0.78369, 44.403, 45.5975481284117], [-0.78381, 44.40316, 45.183333333333344], [-0.78387, 44.40343, 46.9], [-0.78381, 44.40364, 5.361666666666661], [-0.78351, 44.40385, 5.361666666666661], [-0.78279, 44.40394, 5.361666666666661], [-0.78248, 44.4039, 5.361666666666661]]]}}, {"type": "Feature", "properties": {"id_obligation": "402950000G0103", "priorite": "moyenne"}, "geometry": {"type": "Polygon", "coordinates": [[[-0.78197, 44.40321, 0.15333333333334132], [-0.78215, 44.40303, 0.15333333333334132], [-0.78247, 44.40294, 47.5], [-0.78255, 44.40294, 47.5], [-0.78254, 44.40301, 47.5], [-0.78265, 44.40303, 47.5], [-0.78267, 44.40293, -146.43333333333328], [-0.78305, 44.40306, 50.1], [-0.78322, 44.4033, 49.9], [-0.78273, 44.40336, 49.9], [-0.78276, 44.40349, 49.9], [-0.78324, 44.40344, 49.9], [-0.78323, 44.4035, 49.9], [-0.78316, 44.40367, 0.15333333333334132], [-0.78299, 44.40381, 0.15333333333334132], [-0.78276, 44.40389, 0.15333333333334132], [-0.78246, 44.4039, 0.15333333333334132], [-0.78223, 44.40384, 0.15333333333334132], [-0.78205, 44.40372, 0.15333333333334132], [-0.78195, 44.40356, 0.15333333333334132], [-0.78192, 44.40338, 0.15333333333334132], [-0.78197, 44.40321, 0.15333333333334132]]]}}, {"type": "Feature", "properties": {"id_obligation": "402950000G0106", "priorite": "faible"}, "geometry": {"type": "MultiPolygon", "coordinates": [[[[-0.78313, 44.40261, 47.475], [-0.78317, 44.40263, 46.0], [-0.7831, 44.40262, 46.0], [-0.78309, 44.40269, 46.0], [-0.78322, 44.4027, 46.0], [-0.78323, 44.40265, 46.0], [-0.78337, 44.40273, 47.475], [-0.78351, 44.40292, 46.50526315789475], [-0.78355, 44.40316, 47.1], [-0.78341, 44.40317, 47.1], [-0.78341, 44.40327, 47.1], [-0.78352, 44.40328, 47.699999999999996], [-0.78326, 44.40351, 47.699999999999996], [-0.78303, 44.40358, 49.89999999999999], [-0.78263, 44.4036, 44.56250000000001], [-0.7824, 44.40355, 44.56250000000001], [-0.78218, 44.4034, 44.56250000000001], [-0.78209, 44.40324, -243.9555555555556], [-0.78207, 44.40303, -243.9555555555556], [-0.78214, 44.40286, 45.70000000000001], [-0.78231, 44.40271, 45.70000000000001], [-0.7824, 44.40267, 44.1], [-0.78272, 44.40267, 48.4], [-0.78271, 44.40261, 48.4], [-0.78263, 44.40262, 48.4], [-0.78283, 44.40259, 48.264705882352935], [-0.78313, 44.40261, 47.475]]], [[[-0.78251, 44.40263, 45.70000000000001], [-0.78258, 44.40262, 48.4], [-0.78258, 44.40264, 48.4], [-0.78246, 44.40265, 45.70000000000001], [-0.78251, 44.40263, 45.70000000000001]]]]}}, {"type": "Feature", "properties": {"id_obligation": "402950000G0112", "priorite": "faible"}, "geometry": {"type": "Polygon", "coordinates": [[[-0.78439, 44.40231, 43.55], [-0.78429, 44.40251, 41.4], [-0.78424, 44.40257, 41.4], [-0.78412, 44.40258, 41.4], [-0.78412, 44.40265, 41.4], [-0.78389, 44.40272, 46.738888888888866], [-0.78365, 44.40273, 46.8], [-0.78366, 44.40268, 46.8], [-0.78352, 44.40268, 46.8], [-0.78351, 44.40271, 46.8], [-0.78334, 44.40267, 45.449999999999996], [-0.78311, 44.40252, 45.449999999999996], [-0.78301, 44.40236, 47.780769230769224], [-0.78302, 44.40214, 48.9], [-0.78315, 44.40187, 47.86666666666667], [-0.78333, 44.40173, 47.4], [-0.78355, 44.40166, 48.1], [-0.78386, 44.40167, 43.59000000000001], [-0.78414, 44.40177, 43.59000000000001], [-0.78433, 44.40193, 43.59000000000001], [-0.78439, 44.40231, 43.55]]]}}, {"type": "Feature", "properties": {"id_obligation": "402950000G0126", "priorite": "moyenne"}, "geometry": {"type": "Polygon", "coordinates": [[[-0.78454, 44.40332, 44.51798941798942], [-0.78432, 44.40347, 44.51798941798942], [-0.78409, 44.40353, 44.51798941798942], [-0.78379, 44.40353, 44.51798941798942], [-0.78355, 44.40346, 46.76666666666667], [-0.78338, 44.40334, 46.76666666666667], [-0.78327, 44.40312, 46.1], [-0.78327, 44.40295, 45.800000000000004], [-0.78336, 44.4028, 46.32222222222222], [-0.78358, 44.40265, 46.32222222222222], [-0.7838, 44.40259, 41.93333333333333], [-0.78411, 44.40259, 41.93333333333333], [-0.78413, 44.40265, 41.4], [-0.78429, 44.40263, 41.4], [-0.78451, 44.40277, 41.4], [-0.78462, 44.40293, 44.51798941798942], [-0.78463, 44.40315, 44.51798941798942], [-0.78454, 44.40332, 44.51798941798942]]]}}, {"type": "Feature", "properties": {"id_obligation": "402950000G0159", "priorite": "très forte"}, "geometry": {"type": "Polygon", "coordinates": [[[-0.80684, 44.40272, 41.34285714285714], [-0.80657, 44.40266, 41.34285714285714], [-0.80638, 44.40256, 41.34285714285714], [-0.80626, 44.40241, 41.34285714285714], [-0.80623, 44.40219, 41.34285714285714], [-0.80633, 44.40199, 41.34285714285714], [-0.80647, 44.40185, 41.34285714285714], [-0.80668, 44.40176, 41.34285714285714], [-0.80698, 44.40174, 41.34285714285714], [-0.80722, 44.40179, 41.34285714285714], [-0.80742, 44.4019, 41.34285714285714], [-0.80755, 44.40205, 41.34285714285714], [-0.80759, 44.40223, 41.34285714285714], [-0.80752, 44.40241, 41.34285714285714], [-0.80738, 44.40257, 41.34285714285714], [-0.80713, 44.40269, 41.34285714285714], [-0.80684, 44.40272, 41.34285714285714]]]}}, {"type": "Feature", "properties": {"id_obligation": "402950000G0201", "priorite": "moyenne"}, "geometry": {"type": "Polygon", "coordinates": [[[-0.81725, 44.39595, 50.390174790174775], [-0.81705, 44.39612, 50.390174790174775], [-0.8167, 44.39623, 50.390174790174775], [-0.81641, 44.39623, 50.1], [-0.81613, 44.39641, 50.1], [-0.81584, 44.39647, 50.1], [-0.8156, 44.39645, 50.1], [-0.81527, 44.39634, 50.1], [-0.81508, 44.39614, 50.1], [-0.81499, 44.39591, 50.10000000000001], [-0.81499, 44.3957, 50.10000000000001], [-0.81509, 44.39548, 50.10000000000001], [-0.81538, 44.39527, 50.390174790174775], [-0.81552, 44.3951, 50.390174790174775], [-0.81575, 44.39499, 49.6], [-0.81577, 44.39503, 49.6], [-0.81587, 44.39501, 49.6], [-0.81584, 44.39495, 49.6], [-0.81591, 44.39494, 50.11111111111111], [-0.81643, 44.39488, 50.11111111111111], [-0.81673, 44.39491, 50.390174790174775], [-0.81698, 44.39504, 50.390174790174775], [-0.81728, 44.39546, 51.64615384615384], [-0.81731, 44.39573, 51.64615384615384], [-0.81725, 44.39595, 50.390174790174775]]]}}, {"type": "Feature", "properties": {"id_obligation": "402950000G0222", "priorite": "moyenne"}, "geometry": {"type": "Polygon", "coordinates": [[[-0.81557, 44.39513, 51.333333333333336], [-0.81537, 44.39524, 51.333333333333336], [-0.81506, 44.3953, 51.333333333333336], [-0.81482, 44.39528, 51.333333333333336], [-0.81461, 44.3952, 51.333333333333336], [-0.81446, 44.39507, 51.333333333333336], [-0.81438, 44.3949, 51.333333333333336], [-0.81441, 44.39468, 51.333333333333336], [-0.81452, 44.39452, 51.333333333333336], [-0.81471, 44.3944, 51.333333333333336], [-0.81494, 44.39435, 51.333333333333336], [-0.81526, 44.39436, 52.4], [-0.81548, 44.39445, 52.4], [-0.81563, 44.39458, 52.4], [-0.81571, 44.39475, 52.4], [-0.8157, 44.39493, 52.4], [-0.81557, 44.39513, 51.333333333333336]]]}}, {"type": "Feature", "properties": {"id_obligation": "402950000G0224", "priorite": "moyenne"}, "geometry": {"type": "Polygon", "coordinates": [[[-0.81444, 44.39528, -298.51190476190476], [-0.81422, 44.39534, 54.214285714285715], [-0.81388, 44.39536, 54.214285714285715], [-0.8136, 44.39529, -1000.0], [-0.81343, 44.39517, -1000.0], [-0.81333, 44.39501, -298.51190476190476], [-0.81331, 44.39474, -298.51190476190476], [-0.81339, 44.39458, -298.51190476190476], [-0.81355, 44.39445, -298.51190476190476], [-0.81376, 44.39437, -298.51190476190476], [-0.81411, 44.39434, -298.51190476190476], [-0.8144, 44.3944, -298.51190476190476], [-0.81459, 44.39452, -298.51190476190476], [-0.8147, 44.39467, -298.51190476190476], [-0.81473, 44.39493, -298.51190476190476], [-0.81465, 44.39511, -298.51190476190476], [-0.81444, 44.39528, -298.51190476190476]]]}}, {"type": "Feature", "properties": {"id_obligation": "402950000G0225", "priorite": "moyenne"}, "geometry": {"type": "Polygon", "coordinates": [[[-0.8142, 44.3946, -376.6018518518519], [-0.81443, 44.39468, -376.6018518518519], [-0.81463, 44.39485, -376.6018518518519], [-0.81471, 44.39506, -376.6018518518519], [-0.81468, 44.39523, -376.6018518518519], [-0.81451, 44.39541, -376.6018518518519], [-0.81415, 44.39557, -376.6018518518519], [-0.81392, 44.39561, -376.6018518518519], [-0.81368, 44.39558, -376.6018518518519], [-0.81347, 44.39549, -376.6018518518519], [-0.8133, 44.39532, -376.6018518518519], [-0.81324, 44.39514, -1000.0], [-0.81327, 44.39497, -1000.0], [-0.8134, 44.39481, -376.6018518518519], [-0.81389, 44.39461, 50.25], [-0.8142, 44.3946, -376.6018518518519]]]}}, {"type": "Feature", "properties": {"id_obligation": "402950000G0230", "priorite": "moyenne"}, "geometry": {"type": "Polygon", "coordinates": [[[-0.81228, 44.39462, -82.52307692307691], [-0.81253, 44.3945, -82.52307692307691], [-0.81277, 44.39448, -82.52307692307691], [-0.8131, 44.39453, -82.52307692307691], [-0.8133, 44.39464, -82.52307692307691], [-0.81344, 44.39484, -82.52307692307691], [-0.81344, 44.39502, -82.52307692307691], [-0.81335, 44.39527, -82.52307692307691], [-0.8132, 44.3954, -82.52307692307691], [-0.81298, 44.39549, 53.2], [-0.81273, 44.39551, 53.2], [-0.81242, 44.39545, -353.5692307692307], [-0.81223, 44.39534, -353.5692307692307], [-0.81211, 44.39519, -353.5692307692307], [-0.81208, 44.39502, -82.52307692307691], [-0.81213, 44.39481, -82.52307692307691], [-0.81228, 44.39462, -82.52307692307691]]]}}, {"type": "Feature", "properties": {"id_obligation": "402950000G0231", "priorite": "forte"}, "geometry": {"type": "Polygon", "coordinates": [[[-0.81228, 44.39574, -123.26666666666665], [-0.81205, 44.39569, -123.26666666666665], [-0.81186, 44.39557, -123.26666666666665], [-0.81174, 44.39542, -123.26666666666665], [-0.81172, 44.39519, -123.26666666666665], [-0.81179, 44.39502, -123.26666666666665], [-0.81194, 44.39488, -123.26666666666665], [-0.81216, 44.3948, -123.26666666666665], [-0.81263, 44.39478, -123.26666666666665], [-0.81286, 44.39482, 52.8], [-0.81306, 44.39493, 52.8], [-0.81321, 44.39512, -123.26666666666665], [-0.81322, 44.39535, -123.26666666666665], [-0.8131, 44.39555, -123.26666666666665], [-0.81286, 44.39569, -123.26666666666665], [-0.81228, 44.39574, -123.26666666666665]]]}}, {"type": "Feature", "properties": {"id_obligation": "402950000G0491", "priorite": "moyenne"}, "geometry": {"type": "Polygon", "coordinates": [[[-0.79785, 44.38219, 51.040000000000006], [-0.79811, 44.38207, 51.040000000000006], [-0.79835, 44.38205, 51.040000000000006], [-0.79875, 44.38209, 51.040000000000006], [-0.79896, 44.38218, 51.040000000000006], [-0.79912, 44.38237, 50.5], [-0.79915, 44.38255, 50.5], [-0.79909, 44.38277, 51.040000000000006], [-0.79891, 44.38294, 51.040000000000006], [-0.7987, 44.38303, 51.040000000000006], [-0.79846, 44.38305, 51.040000000000006], [-0.79807, 44.38301, 51.040000000000006], [-0.79787, 44.38291, 51.040000000000006], [-0.79772, 44.38277, 51.040000000000006], [-0.79767, 44.3826, 51.040000000000006], [-0.7977, 44.38238, 51.040000000000006], [-0.79785, 44.38219, 51.040000000000006]]]}}, {"type": "Feature", "properties": {"id_obligation": "402950000G0500", "priorite": "forte"}, "geometry": {"type": "Polygon", "coordinates": [[[-0.80033, 44.38084, 52.31416666666667], [-0.80051, 44.38101, 52.31416666666667], [-0.80057, 44.38128, 52.31416666666667], [-0.80053, 44.38145, 52.31416666666667], [-0.80035, 44.38163, 52.31416666666667], [-0.80014, 44.38172, 52.31416666666667], [-0.79981, 44.38174, 52.31416666666667], [-0.79957, 44.38171, 52.31416666666667], [-0.79936, 44.38162, 52.31416666666667], [-0.7992, 44.38143, 52.31416666666667], [-0.79917, 44.3812, 52.31416666666667], [-0.79921, 44.38102, 52.220000000000006], [-0.79925, 44.38096, 52.2], [-0.79932, 44.38097, 52.2], [-0.79935, 44.38087, 52.2], [-0.79955, 44.38078, 52.220000000000006], [-0.80005, 44.38075, 52.31416666666667], [-0.80033, 44.38084, 52.31416666666667]]]}}, {"type": "Feature", "properties": {"id_obligation": "402950000G0503", "priorite": "très forte"}, "geometry": {"type": "Polygon", "coordinates": [[[-0.80342, 44.38222, 53.944444444444436], [-0.80315, 44.38215, 53.944444444444436], [-0.80292, 44.38195, 53.944444444444436], [-0.80287, 44.38169, 53.944444444444436], [-0.80298, 44.38148, 53.944444444444436], [-0.80315, 44.38135, 53.944444444444436], [-0.80351, 44.38128, 56.1], [-0.80373, 44.38118, 56.1], [-0.80397, 44.38115, 56.1], [-0.80429, 44.38122, 51.7], [-0.80419, 44.38122, 51.7], [-0.80419, 44.3813, 51.7], [-0.80434, 44.38129, 51.7], [-0.80433, 44.38124, 51.7], [-0.80447, 44.38131, 51.7], [-0.8046, 44.38146, 51.7], [-0.80464, 44.38163, 53.944444444444436], [-0.80459, 44.3818, 53.944444444444436], [-0.8044, 44.38204, 53.944444444444436], [-0.80419, 44.38214, 53.944444444444436], [-0.80389, 44.3822, 53.944444444444436], [-0.80342, 44.38222, 53.944444444444436]]]}}, {"type": "Feature", "properties": {"id_obligation": "402950000G0504", "priorite": "très forte"}, "geometry": {"type": "Polygon", "coordinates": [[[-0.80324, 44.38108, 54.46730769230769], [-0.80346, 44.38093, 54.46730769230769], [-0.80376, 44.38088, 54.46730769230769], [-0.8041, 44.38091, 54.46730769230769], [-0.80435, 44.38105, 54.46730769230769], [-0.80446, 44.38121, 54.46730769230769], [-0.80448, 44.38151, 51.7], [-0.80443, 44.38168, 54.46730769230769], [-0.80429, 44.38182, 54.46730769230769], [-0.80409, 44.38192, 54.46730769230769], [-0.80377, 44.38195, 53.66923076923076], [-0.80353, 44.38192, 56.4], [-0.80332, 44.38182, 56.4], [-0.80318, 44.38168, 56.4], [-0.80314, 44.38129, 54.46730769230769], [-0.80324, 44.38108, 54.46730769230769]]]}}, {"type": "Feature", "properties": {"id_obligation": "402950000G0583", "priorite": "très forte"}, "geometry": {"type": "Polygon", "coordinates": [[[-0.79707, 44.38913, 49.2], [-0.79735, 44.38902, 49.2], [-0.79759, 44.38902, 49.2], [-0.79801, 44.38912, 49.2], [-0.79822, 44.38927, 49.2], [-0.7983, 44.38944, 49.2], [-0.79828, 44.38962, 49.2], [-0.79818, 44.38982, 49.2], [-0.79796, 44.38997, 49.2], [-0.79773, 44.39003, 49.2], [-0.79748, 44.39001, 49.2], [-0.79713, 44.38993, 49.2], [-0.79695, 44.38981, 49.2], [-0.79685, 44.38965, 49.2], [-0.79684, 44.38948, 49.2], [-0.79692, 44.38927, 49.2], [-0.79707, 44.38913, 49.2]]]}}, {"type": "Feature", "properties": {"id_obligation": "402950000G0607", "priorite": "très forte"}, "geometry": {"type": "Polygon", "coordinates": [[[-0.7992, 44.38669, 53.0], [-0.7994, 44.38652, 53.0], [-0.79962, 44.38645, 53.0], [-0.79992, 44.38644, 53.0], [-0.80015, 44.3865, 53.0], [-0.80032, 44.38662, 53.0], [-0.80043, 44.38678, 53.0], [-0.80044, 44.38701, 53.0], [-0.80036, 44.38717, 53.0], [-0.8002, 44.3873, 53.0], [-0.79998, 44.38737, 53.0], [-0.79968, 44.38738, 53.0], [-0.79945, 44.38733, 53.0], [-0.79927, 44.38721, 53.0], [-0.79916, 44.38705, 53.0], [-0.79913, 44.38686, 53.0], [-0.7992, 44.38669, 53.0]]]}}, {"type": "Feature", "properties": {"id_obligation": "402950000G0631", "priorite": "forte"}, "geometry": {"type": "Polygon", "coordinates": [[[-0.81067, 44.38747, 54.93333333333334], [-0.81045, 44.38738, 54.93333333333334], [-0.81026, 44.38722, 54.93333333333334], [-0.81019, 44.38701, 54.93333333333334], [-0.81024, 44.38684, 56.6], [-0.81041, 44.38667, 56.6], [-0.81075, 44.38654, 56.6], [-0.81099, 44.38651, 56.6], [-0.81123, 44.38654, 54.93333333333334], [-0.81143, 44.38663, 54.93333333333334], [-0.8116, 44.3868, 54.93333333333334], [-0.81166, 44.38697, 54.93333333333334], [-0.81161, 44.38715, 54.93333333333334], [-0.81148, 44.3873, 54.93333333333334], [-0.81098, 44.38748, 54.93333333333334], [-0.81067, 44.38747, 54.93333333333334]]]}}, {"type": "Feature", "properties": {"id_obligation": "402950000G0636", "priorite": "moyenne"}, "geometry": {"type": "Polygon", "coordinates": [[[-0.81233, 44.3876, 52.796875], [-0.81249, 44.38774, 52.796875], [-0.81259, 44.38796, 52.6], [-0.81255, 44.38817, 52.796875], [-0.81243, 44.38832, 52.796875], [-0.81223, 44.38842, 52.796875], [-0.81183, 44.38849, 52.796875], [-0.81158, 44.38846, 52.796875], [-0.81137, 44.38837, 52.796875], [-0.81117, 44.38818, 52.796875], [-0.81111, 44.38796, 52.796875], [-0.81115, 44.38778, 52.796875], [-0.81128, 44.38764, 52.796875], [-0.81148, 44.38754, 52.796875], [-0.81175, 44.38749, 52.796875], [-0.81204, 44.38751, 52.796875], [-0.81233, 44.3876, 52.796875]]]}}, {"type": "Feature", "properties": {"id_obligation": "402950000G0637", "priorite": "moyenne"}, "geometry": {"type": "Polygon", "coordinates": [[[-0.81272, 44.38781, 53.00833333333334], [-0.81275, 44.38805, 53.00833333333334], [-0.81266, 44.38821, 53.00833333333334], [-0.8125, 44.38834, 53.00833333333334], [-0.81229, 44.38841, 53.00833333333334], [-0.81192, 44.38844, 53.00833333333334], [-0.81169, 44.38838, 53.00833333333334], [-0.81151, 44.38826, 53.00833333333334], [-0.8114, 44.38811, 53.18333333333333], [-0.81136, 44.38787, 53.18333333333333], [-0.81144, 44.3877, 53.00833333333334], [-0.81163, 44.38753, 53.00833333333334], [-0.8119, 44.38744, 53.00833333333334], [-0.81221, 44.38744, 53.00833333333334], [-0.81244, 44.38751, 53.00833333333334], [-0.81263, 44.38765, 53.00833333333334], [-0.81272, 44.38781, 53.00833333333334]]]}}, {"type": "Feature", "properties": {"id_obligation": "402950000G0674", "priorite": "forte"}, "geometry": {"type": "Polygon", "coordinates": [[[-0.81309, 44.39004, -1000.0], [-0.81289, 44.39022, -366.8725], [-0.81286, 44.39037, -366.8725], [-0.81273, 44.39053, -366.8725], [-0.81248, 44.39065, 55.0], [-0.81208, 44.39069, 55.0], [-0.8118, 44.39064, -366.8725], [-0.81158, 44.39049, -366.8725], [-0.81136, 44.39015, -366.8725], [-0.81127, 44.38987, -366.8725], [-0.81135, 44.38966, -366.8725], [-0.81156, 44.3895, -366.8725], [-0.81247, 44.38932, -1000.0], [-0.81268, 44.38934, 55.5], [-0.81278, 44.38946, 55.5], [-0.81284, 44.38945, 55.5], [-0.81282, 44.38939, 55.5], [-0.81295, 44.38946, 55.5], [-0.8131, 44.38965, 55.5], [-0.81314, 44.38986, -1000.0], [-0.81309, 44.39004, -1000.0]]]}}, {"type": "Feature", "properties": {"id_obligation": "402950000G0675", "priorite": "moyenne"}, "geometry": {"type": "Polygon", "coordinates": [[[-0.81251, 44.38987, -180.1444444444445], [-0.8125, 44.38977, 54.1], [-0.81241, 44.38979, 54.1], [-0.81243, 44.38983, 54.1], [-0.81236, 44.3898, -180.1444444444445], [-0.81214, 44.3896, -180.1444444444445], [-0.81205, 44.38936, -1000.0], [-0.8121, 44.38914, -531.1611111111112], [-0.81224, 44.389, -531.1611111111112], [-0.81244, 44.38891, -531.1611111111112], [-0.81273, 44.38885, -531.1611111111112], [-0.81303, 44.38889, -531.1611111111112], [-0.81324, 44.38899, -531.1611111111112], [-0.81337, 44.38914, -531.1611111111112], [-0.81347, 44.38942, -531.1611111111112], [-0.81344, 44.3896, -531.1611111111112], [-0.81331, 44.38975, -531.1611111111112], [-0.81311, 44.38986, -531.1611111111112], [-0.81287, 44.38991, -1000.0], [-0.81251, 44.38987, -180.1444444444445]]]}}, {"type": "Feature", "properties": {"id_obligation": "402950000G0679", "priorite": "forte"}, "geometry": {"type": "Polygon", "coordinates": [[[-0.81296, 44.39141, 51.2], [-0.81268, 44.39131, 51.2], [-0.81253, 44.39116, 51.2], [-0.81245, 44.39095, 51.2], [-0.81248, 44.39078, 51.2], [-0.81259, 44.39064, 51.2], [-0.81278, 44.39053, 51.2], [-0.81307, 44.39046, 51.2], [-0.81331, 44.39048, 51.2], [-0.81353, 44.39056, 51.2], [-0.81369, 44.3907, 51.2], [-0.81378, 44.39091, 51.2], [-0.81376, 44.39108, 51.2], [-0.81364, 44.39123, 51.2], [-0.81345, 44.39134, 51.2], [-0.81321, 44.39141, 51.2], [-0.81296, 44.39141, 51.2]]]}}, {"type": "Feature", "properties": {"id_obligation": "402950000G0743", "priorite": "moyenne"}, "geometry": {"type": "Polygon", "coordinates": [[[-0.816, 44.39447, 49.6], [-0.81621, 44.39455, 50.507899159663864], [-0.8164, 44.39472, 50.507899159663864], [-0.81649, 44.39496, 50.32000000000001], [-0.81645, 44.39518, 50.32000000000001], [-0.81631, 44.39533, 50.32000000000001], [-0.81614, 44.39541, 51.2], [-0.81611, 44.39536, 51.2], [-0.81598, 44.3954, 51.2], [-0.81601, 44.39545, 51.2], [-0.81583, 44.39548, 50.4], [-0.81553, 44.39545, 50.507899159663864], [-0.81533, 44.39535, 50.507899159663864], [-0.81519, 44.3952, 50.507899159663864], [-0.8151, 44.39496, 52.39999999999999], [-0.81512, 44.39479, 52.39999999999999], [-0.81523, 44.39463, 52.39999999999999], [-0.81542, 44.39452, 52.39999999999999], [-0.81569, 44.39446, 49.6], [-0.816, 44.39447, 49.6]]]}}, {"type": "Feature", "properties": {"id_obligation": "402950000G0745", "priorite": "moyenne"}, "geometry": {"type": "Polygon", "coordinates": [[[-0.81596, 44.39495, 49.6], [-0.81578, 44.39513, 49.6], [-0.8155, 44.39522, 50.4], [-0.8152, 44.39523, 50.4], [-0.81498, 44.39516, 50.4], [-0.81477, 44.39499, 50.4], [-0.81465, 44.39469, 49.2], [-0.81466, 44.39452, 50.4], [-0.81475, 44.39437, 50.4], [-0.81497, 44.39422, 50.4], [-0.81525, 44.39416, 50.4], [-0.81549, 44.39417, 50.4], [-0.81571, 44.39424, 50.4], [-0.81587, 44.39437, 50.4], [-0.81601, 44.39474, 50.4], [-0.81596, 44.39495, 49.6]]]}}, {"type": "Feature", "properties": {"id_obligation": "402950000G0776", "priorite": "moyenne"}, "geometry": {"type": "Polygon", "coordinates": [[[-0.78241, 44.4012, 45.870000000000005], [-0.78263, 44.40105, 45.870000000000005], [-0.78286, 44.401, 45.870000000000005], [-0.78321, 44.40102, 45.870000000000005], [-0.78342, 44.4011, 45.870000000000005], [-0.78358, 44.40123, 45.870000000000005], [-0.78364, 44.40134, 44.0], [-0.78352, 44.40134, 44.0], [-0.78352, 44.40142, 44.0], [-0.78366, 44.40141, 44.0], [-0.78363, 44.40162, 47.25], [-0.78348, 44.40181, 47.25], [-0.78328, 44.40191, 46.000000000000014], [-0.78304, 44.40195, 46.000000000000014], [-0.78275, 44.40193, 44.7], [-0.78253, 44.40185, 44.7], [-0.78238, 44.40171, 44.7], [-0.78231, 44.40154, 45.870000000000005], [-0.78232, 44.40136, 45.870000000000005], [-0.78241, 44.4012, 45.870000000000005]]]}}, {"type": "Feature", "properties": {"id_obligation": "402950000G0777", "priorite": "moyenne"}, "geometry": {"type": "Polygon", "coordinates": [[[-0.78311, 44.4006, 46.72835497835499], [-0.78285, 44.40077, 46.72835497835499], [-0.78239, 44.40083, 46.7], [-0.7821, 44.40077, 46.72835497835499], [-0.78185, 44.40059, 46.72835497835499], [-0.78167, 44.40024, 46.72835497835499], [-0.78162, 44.39997, 46.72835497835499], [-0.78168, 44.39977, 46.72835497835499], [-0.78193, 44.39958, 46.72835497835499], [-0.78236, 44.39946, 47.52142857142859], [-0.7826, 44.39946, 47.52142857142859], [-0.78294, 44.39955, 46.72835497835499], [-0.78313, 44.39966, 46.72835497835499], [-0.78325, 44.39985, 46.72835497835499], [-0.78318, 44.40019, 46.72835497835499], [-0.78321, 44.40035, 46.72835497835499], [-0.78311, 44.4006, 46.72835497835499]]]}}, {"type": "Feature", "properties": {"id_obligation": "402950000G0794", "priorite": "très forte"}, "geometry": {"type": "Polygon", "coordinates": [[[-0.81753, 44.40072, 55.2], [-0.81789, 44.40068, 55.2], [-0.81865, 44.40089, 55.2], [-0.81889, 44.40109, 55.2], [-0.81892, 44.40139, 55.2], [-0.81855, 44.4021, 55.2], [-0.81842, 44.40225, 55.2], [-0.81822, 44.40235, 55.2], [-0.81798, 44.40239, 55.2], [-0.81773, 44.40236, 55.2], [-0.81734, 44.40223, 55.2], [-0.81716, 44.40206, 55.2], [-0.8171, 44.40189, 55.2], [-0.81714, 44.40171, 55.2], [-0.81703, 44.40157, 55.2], [-0.817, 44.40139, 55.2], [-0.81725, 44.40089, 55.2], [-0.81753, 44.40072, 55.2]]]}}, {"type": "Feature", "properties": {"id_obligation": "402950000G0802", "priorite": "forte"}, "geometry": {"type": "Polygon", "coordinates": [[[-0.81748, 44.39828, 51.81964285714287], [-0.81742, 44.39811, 51.81964285714287], [-0.81745, 44.39794, 51.81964285714287], [-0.81758, 44.39779, 51.81964285714287], [-0.81785, 44.39766, 51.81964285714287], [-0.81809, 44.39761, 51.7], [-0.81834, 44.39764, 52.7], [-0.81855, 44.39773, 52.7], [-0.81867, 44.39782, 52.7], [-0.81869, 44.39801, 52.7], [-0.81878, 44.398, 52.7], [-0.81883, 44.39811, 52.7], [-0.81881, 44.39833, 51.81964285714287], [-0.81868, 44.39848, 51.81964285714287], [-0.81842, 44.39861, 51.81964285714287], [-0.81812, 44.39865, 51.81964285714287], [-0.81784, 44.39859, 51.81964285714287], [-0.81763, 44.39846, 51.81964285714287], [-0.81748, 44.39828, 51.81964285714287]]]}}, {"type": "Feature", "properties": {"id_obligation": "402950000G0804", "priorite": "forte"}, "geometry": {"type": "MultiPolygon", "coordinates": [[[[-0.81738, 44.39783, 51.38888888888889], [-0.81748, 44.39763, 51.38888888888889], [-0.81765, 44.39751, 51.38888888888889], [-0.81798, 44.39742, 51.38888888888889], [-0.81822, 44.39742, 51.38888888888889], [-0.81849, 44.39751, 51.38888888888889], [-0.81865, 44.39764, 51.38888888888889], [-0.81876, 44.39784, 52.699999999999996], [-0.81875, 44.39791, 52.7], [-0.81872, 44.39782, 52.7], [-0.81865, 44.39783, 52.7], [-0.81869, 44.39801, 52.7], [-0.81877, 44.398, 52.7], [-0.81865, 44.39821, 51.38888888888889], [-0.81848, 44.39833, 51.38888888888889], [-0.81815, 44.39842, 50.08333333333334], [-0.8179, 44.39841, 50.08333333333334], [-0.81768, 44.39834, 51.38888888888889], [-0.81741, 44.39804, 51.38888888888889], [-0.81738, 44.39783, 51.38888888888889]]], [[[-0.81878, 44.39799, 52.7], [-0.81876, 44.39794, 52.7], [-0.81878, 44.39794, 52.7], [-0.81878, 44.39799, 52.7]]]]}}, {"type": "Feature", "properties": {"id_obligation": "402950000G0817", "priorite": "moyenne"}, "geometry": {"type": "Polygon", "coordinates": [[[-0.78234, 44.40012, 46.03125000000001], [-0.78195, 44.40008, 46.78870192307693], [-0.78175, 44.39998, 46.78870192307693], [-0.7816, 44.39979, 46.78870192307693], [-0.78159, 44.39955, 46.78870192307693], [-0.7817, 44.39935, 46.78870192307693], [-0.78202, 44.39914, 46.78870192307693], [-0.78224, 44.39907, 46.78870192307693], [-0.78259, 44.39907, 46.78870192307693], [-0.78282, 44.39912, 46.78870192307693], [-0.783, 44.39923, 46.78870192307693], [-0.78312, 44.39943, 46.78870192307693], [-0.78313, 44.39968, 46.78870192307693], [-0.78305, 44.39985, 46.78870192307693], [-0.78288, 44.39999, 46.78870192307693], [-0.78258, 44.40009, 46.03125000000001], [-0.78234, 44.40012, 46.03125000000001]]]}}, {"type": "Feature", "properties": {"id_obligation": "402950000G0819", "priorite": "très forte"}, "geometry": {"type": "Polygon", "coordinates": [[[-0.80604, 44.38172, 53.0], [-0.8058, 44.38174, 53.0], [-0.80556, 44.38169, 53.0], [-0.80519, 44.3815, 53.0], [-0.80506, 44.3813, 53.0], [-0.80505, 44.38113, 53.0], [-0.80515, 44.38096, 53.0], [-0.80534, 44.38079, 53.0], [-0.80555, 44.3807, 53.0], [-0.80584, 44.38069, 53.0], [-0.80607, 44.38075, 53.0], [-0.80638, 44.3809, 53.0], [-0.80651, 44.38106, 53.0], [-0.80654, 44.38123, 53.0], [-0.80648, 44.3814, 53.0], [-0.8063, 44.3816, 53.0], [-0.80604, 44.38172, 53.0]]]}}, {"type": "Feature", "properties": {"id_obligation": "402950000G0831", "priorite": "très forte"}, "geometry": {"type": "Polygon", "coordinates": [[[-0.79777, 44.38356, 50.4923076923077], [-0.7975, 44.38366, 50.4923076923077], [-0.79708, 44.38363, 50.4923076923077], [-0.79682, 44.38351, 50.4923076923077], [-0.7967, 44.38335, 50.4923076923077], [-0.79668, 44.38312, 50.4923076923077], [-0.79686, 44.38271, 50.4923076923077], [-0.79701, 44.38257, 50.4923076923077], [-0.79723, 44.38248, 49.3], [-0.79748, 44.38245, 49.3], [-0.79782, 44.38252, 50.4923076923077], [-0.79802, 44.38263, 50.4923076923077], [-0.79816, 44.38292, 50.4923076923077], [-0.79798, 44.38333, 50.4923076923077], [-0.79777, 44.38356, 50.4923076923077]]]}}, {"type": "Feature", "properties": {"id_obligation": "402950000G0836", "priorite": "moyenne"}, "geometry": {"type": "Polygon", "coordinates": [[[-0.82183, 44.4046, 49.4], [-0.82192, 44.4044, 49.4], [-0.82214, 44.40425, 49.4], [-0.82248, 44.40416, 49.4], [-0.82278, 44.40418, 49.4], [-0.82299, 44.40427, 49.4], [-0.82313, 44.40441, 49.4], [-0.82327, 44.40467, 49.4], [-0.82326, 44.40484, 49.4], [-0.82316, 44.405, 48.8], [-0.82298, 44.40512, 48.8], [-0.82267, 44.40522, 48.8], [-0.82243, 44.40522, 48.8], [-0.82221, 44.40515, 49.4], [-0.82204, 44.40503, 49.4], [-0.82188, 44.40482, 49.4], [-0.82183, 44.4046, 49.4]]]}}, {"type": "Feature", "properties": {"id_obligation": "402950000G0844", "priorite": "moyenne"}, "geometry": {"type": "Polygon", "coordinates": [[[-0.78408, 44.40354, 47.60934907106782], [-0.78384, 44.40367, 47.60934907106782], [-0.78361, 44.40371, 49.9], [-0.78306, 44.4037, 49.9], [-0.7828, 44.40359, 49.9], [-0.78266, 44.40345, 49.9], [-0.78262, 44.40303, 47.5], [-0.78273, 44.40285, 47.90625], [-0.78291, 44.40274, 49.5], [-0.7829, 44.40278, 49.5], [-0.78314, 44.4028, 49.5], [-0.78315, 44.40271, 49.5], [-0.78302, 44.4027, 47.90625], [-0.78339, 44.40268, 47.08571428571429], [-0.78352, 44.4027, 46.8], [-0.78351, 44.40276, 46.8], [-0.78374, 44.40273, 46.083333333333336], [-0.78397, 44.40281, 46.083333333333336], [-0.78413, 44.40294, 46.083333333333336], [-0.7842, 44.40311, 44.29090909090908], [-0.7842, 44.40334, 47.60934907106782], [-0.78408, 44.40354, 47.60934907106782]]]}}, {"type": "Feature", "properties": {"id_obligation": "402950000G0849", "priorite": "moyenne"}, "geometry": {"type": "Polygon", "coordinates": [[[-0.78797, 44.40036, 48.300000000000004], [-0.78805, 44.40053, -356.0153846153846], [-0.78805, 44.40072, -356.0153846153846], [-0.78787, 44.40095, -356.0153846153846], [-0.78765, 44.40104, -382.2045454545454], [-0.78744, 44.40108, -382.2045454545454], [-0.78703, 44.401, 48.01818181818182], [-0.78676, 44.40072, 48.01818181818182], [-0.78672, 44.40054, 45.5], [-0.78677, 44.4004, 45.5], [-0.78665, 44.40028, 45.5], [-0.78658, 44.40011, 45.5], [-0.78663, 44.39981, 47.5], [-0.78678, 44.39962, 47.5], [-0.78696, 44.39951, 47.5], [-0.78725, 44.39945, 45.89746626337185], [-0.78749, 44.39948, 45.89746626337185], [-0.7879, 44.39962, 44.559999999999995], [-0.78807, 44.39976, 44.559999999999995], [-0.78814, 44.39994, 44.559999999999995], [-0.78813, 44.40011, 48.300000000000004], [-0.78797, 44.40036, 48.300000000000004]]]}}, {"type": "Feature", "properties": {"id_obligation": "402950000G0850", "priorite": "moyenne"}, "geometry": {"type": "Polygon", "coordinates": [[[-0.78784, 44.39939, 46.1], [-0.78805, 44.39947, 46.27478969000765], [-0.78822, 44.3996, 46.27478969000765], [-0.78833, 44.3998, 46.4], [-0.78833, 44.39986, 46.4], [-0.78818, 44.3999, 46.4], [-0.78828, 44.40004, 46.4], [-0.78821, 44.40014, 46.4], [-0.78802, 44.40025, 46.4], [-0.78773, 44.40033, 46.27478969000765], [-0.78748, 44.40032, 47.699999999999996], [-0.78726, 44.40024, 47.699999999999996], [-0.7871, 44.4001, 47.699999999999996], [-0.787, 44.3999, 46.154545454545456], [-0.78702, 44.39972, 46.154545454545456], [-0.78713, 44.39957, 46.031482375508105], [-0.78731, 44.39946, 46.031482375508105], [-0.78753, 44.39939, 46.1], [-0.78784, 44.39939, 46.1]]]}}, {"type": "Feature", "properties": {"id_obligation": "402950000G0853", "priorite": "moyenne"}, "geometry": {"type": "Polygon", "coordinates": [[[-0.78476, 44.40189, 43.8], [-0.78474, 44.40207, 43.8], [-0.78462, 44.40232, 45.367087542087546], [-0.7844, 44.40247, 45.367087542087546], [-0.78417, 44.40253, 45.367087542087546], [-0.78393, 44.40251, 45.367087542087546], [-0.78363, 44.40244, 46.60000000000001], [-0.78342, 44.40228, 46.60000000000001], [-0.78332, 44.40203, 47.16363636363637], [-0.78339, 44.40194, 48.8], [-0.78331, 44.40194, 48.8], [-0.78333, 44.40185, 47.16363636363637], [-0.78343, 44.40163, 45.367087542087546], [-0.78365, 44.40148, 45.367087542087546], [-0.78394, 44.40142, 45.98888888888889], [-0.78427, 44.40146, 45.03], [-0.78448, 44.40154, 45.03], [-0.78467, 44.40173, 45.03], [-0.78476, 44.40189, 43.8]]]}}, {"type": "Feature", "properties": {"id_obligation": "402950000G0854", "priorite": "moyenne"}, "geometry": {"type": "Polygon", "coordinates": [[[-0.78469, 44.40221, 45.67991169458561], [-0.78435, 44.40228, 43.58181818181819], [-0.78397, 44.40221, 43.58181818181819], [-0.78357, 44.40203, 45.67991169458561], [-0.78337, 44.40187, 47.3111111111111], [-0.7833, 44.40164, 47.2], [-0.78347, 44.40128, 44.4625], [-0.7837, 44.40113, 44.4625], [-0.78405, 44.40105, 46.21304347826087], [-0.78413, 44.40106, 48.5], [-0.78408, 44.40107, 48.5], [-0.78411, 44.40114, 48.5], [-0.78419, 44.40112, 48.5], [-0.78417, 44.40106, 48.5], [-0.78445, 44.40113, 47.6], [-0.78421, 44.40118, 47.6], [-0.78423, 44.40125, 47.6], [-0.78449, 44.4012, 47.6], [-0.78447, 44.40114, 47.6], [-0.78483, 44.40124, 47.6], [-0.78503, 44.4014, 47.6], [-0.78509, 44.40158, 45.5], [-0.78492, 44.40201, 45.67991169458561], [-0.78469, 44.40221, 45.67991169458561]]]}}, {"type": "Feature", "properties": {"id_obligation": "402950000G0860", "priorite": "très forte"}, "geometry": {"type": "Polygon", "coordinates": [[[-0.80894, 44.39619, 50.2], [-0.80875, 44.39607, 50.2], [-0.80864, 44.39592, 50.2], [-0.80862, 44.39566, 50.2], [-0.8087, 44.39549, 50.2], [-0.80892, 44.39533, 50.2], [-0.80916, 44.39527, 50.2], [-0.80945, 44.39526, 50.2], [-0.80968, 44.39533, 50.2], [-0.80986, 44.39546, 50.2], [-0.80996, 44.39562, 50.2], [-0.80998, 44.39583, 50.2], [-0.80991, 44.396, 50.2], [-0.80975, 44.39614, 50.2], [-0.80953, 44.39622, 50.2], [-0.80924, 44.39625, 50.2], [-0.80894, 44.39619, 50.2]]]}}, {"type": "Feature", "properties": {"id_obligation": "402950000G0862", "priorite": "moyenne"}, "geometry": {"type": "Polygon", "coordinates": [[[-0.78628, 44.39945, 46.39814888241813], [-0.78652, 44.39931, 46.39814888241813], [-0.78676, 44.39927, 45.65384615384615], [-0.7871, 44.39931, 46.0279696868159], [-0.78739, 44.39946, 46.0], [-0.78734, 44.39946, 46.0], [-0.78731, 44.39972, 46.1], [-0.78747, 44.39973, 46.1], [-0.78742, 44.3995, 46.02079895893872], [-0.78745, 44.39954, 46.0279696868159], [-0.78751, 44.39972, 45.837500000000006], [-0.78748, 44.39996, 45.7], [-0.78736, 44.40004, 49.6], [-0.78727, 44.4, 46.1], [-0.7872, 44.40007, 46.1], [-0.78736, 44.40014, 46.02987006444121], [-0.78712, 44.40027, 46.971428571428575], [-0.78689, 44.40031, 46.39814888241813], [-0.78654, 44.40028, 46.39814888241813], [-0.78633, 44.40019, 46.39814888241813], [-0.78619, 44.40004, 46.39814888241813], [-0.78614, 44.39987, 46.39814888241813], [-0.78616, 44.39965, 46.39814888241813], [-0.78628, 44.39945, 46.39814888241813]]]}}, {"type": "Feature", "properties": {"id_obligation": "402950000G0863", "priorite": "moyenne"}, "geometry": {"type": "Polygon", "coordinates": [[[-0.78747, 44.39962, 46.1], [-0.78742, 44.39962, 46.1], [-0.78742, 44.39947, 46.0], [-0.78734, 44.39946, 46.0], [-0.78731, 44.39972, 46.1], [-0.78741, 44.39972, 46.1], [-0.78726, 44.39985, 46.1], [-0.78699, 44.39995, 47.5], [-0.78665, 44.39995, 47.5], [-0.78637, 44.39986, 46.256969306777], [-0.78621, 44.39973, 46.256969306777], [-0.78613, 44.39956, 46.256969306777], [-0.78612, 44.39924, 46.1], [-0.78621, 44.39908, 46.1], [-0.78638, 44.39895, 46.1], [-0.78661, 44.39888, 46.256969306777], [-0.78693, 44.39888, 46.256969306777], [-0.78715, 44.39894, 46.160000000000004], [-0.78737, 44.39909, 46.160000000000004], [-0.78732, 44.39911, 46.2], [-0.78732, 44.39919, 46.2], [-0.78745, 44.3992, 46.0700930019901], [-0.78747, 44.39962, 46.1]]]}}, {"type": "Feature", "properties": {"id_obligation": "402950000G0874", "priorite": "moyenne"}, "geometry": {"type": "Polygon", "coordinates": [[[-0.78409, 44.40338, 45.445454545454545], [-0.78383, 44.40351, 45.445454545454545], [-0.78344, 44.40353, 48.36], [-0.78318, 44.40345, 49.9], [-0.78325, 44.40344, 49.9], [-0.78322, 44.4033, 49.9], [-0.78302, 44.40333, 49.9], [-0.7829, 44.40303, 50.1], [-0.7829, 44.4026, 46.094999999999985], [-0.78303, 44.4024, 46.094999999999985], [-0.78322, 44.40228, 46.094999999999985], [-0.7834, 44.40223, 46.34000000000002], [-0.78364, 44.40223, 45.8], [-0.78363, 44.40227, 45.8], [-0.78375, 44.40228, 45.8], [-0.78378, 44.4022, 45.8], [-0.78405, 44.40213, 46.34000000000002], [-0.78439, 44.40212, 45.87116697588126], [-0.78467, 44.40221, 45.87116697588126], [-0.78488, 44.40242, 45.87116697588126], [-0.7849, 44.40275, 41.4], [-0.78471, 44.40297, 41.4], [-0.78434, 44.40308, 45.87116697588126], [-0.78409, 44.40338, 45.445454545454545]]]}}, {"type": "Feature", "properties": {"id_obligation": "402950000G0875", "priorite": "faible"}, "geometry": {"type": "MultiPolygon", "coordinates": [[[[-0.78372, 44.40197, 48.24285714285715], [-0.78364, 44.40214, 47.43333333333334], [-0.78334, 44.40239, 48.0], [-0.78336, 44.40234, 48.0], [-0.78322, 44.40234, 48.0], [-0.78321, 44.40244, 44.6], [-0.78297, 44.40247, 44.9], [-0.78299, 44.40244, 44.9], [-0.78287, 44.40242, 44.9], [-0.78282, 44.40249, 48.2], [-0.78283, 44.40244, 48.2], [-0.78252, 44.4024, 47.9], [-0.78251, 44.40246, 47.9], [-0.78225, 44.40235, 46.3421052631579], [-0.78212, 44.40219, 46.3421052631579], [-0.78208, 44.40202, 47.45], [-0.78214, 44.4018, 47.45], [-0.78248, 44.40143, 46.78142260571643], [-0.78277, 44.40129, 46.375], [-0.78318, 44.40127, 45.03999999999999], [-0.78346, 44.40135, 45.03999999999999], [-0.78366, 44.40152, 45.03999999999999], [-0.78374, 44.40175, 48.24285714285715], [-0.78372, 44.40197, 48.24285714285715]]], [[[-0.78292, 44.40247, 44.9], [-0.78296, 44.40247, 44.9], [-0.78292, 44.40248, 46.60000000000003], [-0.78292, 44.40247, 44.9]]]]}}, {"type": "Feature", "properties": {"id_obligation": "402950000G0891", "priorite": "moyenne"}, "geometry": {"type": "Polygon", "coordinates": [[[-0.7881, 44.39974, 46.204292245821286], [-0.78804, 44.39992, 44.55], [-0.78789, 44.40006, 44.55], [-0.78768, 44.40015, 44.55], [-0.78743, 44.40017, 46.73684210526317], [-0.78709, 44.40014, 47.5], [-0.78684, 44.40002, 47.5], [-0.78672, 44.39987, 47.5], [-0.78668, 44.3997, 46.5], [-0.78674, 44.39934, 46.0], [-0.78676, 44.39951, 46.0], [-0.78686, 44.39951, 46.0], [-0.78687, 44.39943, 44.5], [-0.78686, 44.39935, 46.0], [-0.78675, 44.39932, 46.0], [-0.78691, 44.39914, 45.833333333333336], [-0.78712, 44.39904, 46.160000000000004], [-0.7875, 44.39902, 46.160000000000004], [-0.78779, 44.3991, 46.300000000000004], [-0.78782, 44.39913, 46.3], [-0.78768, 44.39926, 46.3], [-0.78776, 44.3993, 46.3], [-0.78789, 44.39917, 46.3], [-0.78808, 44.3995, 46.204292245821286], [-0.7881, 44.39974, 46.204292245821286]]]}}, {"type": "Feature", "properties": {"id_obligation": "402950000G0892", "priorite": "moyenne"}, "geometry": {"type": "Polygon", "coordinates": [[[-0.78801, 44.39947, 45.97736042132896], [-0.78777, 44.39961, 45.97736042132896], [-0.78747, 44.39965, 46.1], [-0.78742, 44.39962, 46.1], [-0.78742, 44.39947, 46.0], [-0.78734, 44.39946, 46.0], [-0.78731, 44.39964, 46.05992874996576], [-0.78711, 44.39961, 45.25], [-0.78686, 44.39949, 45.6656202814422], [-0.78686, 44.39935, 46.0], [-0.78674, 44.39932, 46.0], [-0.78674, 44.39935, 46.0], [-0.78673, 44.39897, 45.97736042132896], [-0.78689, 44.39878, 45.97736042132896], [-0.7871, 44.39869, 45.97736042132896], [-0.78734, 44.39866, 46.1], [-0.7877, 44.39868, 45.97736042132896], [-0.78791, 44.39876, 45.97736042132896], [-0.78806, 44.3989, 45.97736042132896], [-0.78813, 44.39906, 46.300000000000004], [-0.78813, 44.39928, 46.300000000000004], [-0.78801, 44.39947, 45.97736042132896]]]}}, {"type": "Feature", "properties": {"id_obligation": "402950000G0893", "priorite": "moyenne"}, "geometry": {"type": "Polygon", "coordinates": [[[-0.7874, 44.39879, 46.1], [-0.78751, 44.39883, 46.1], [-0.78759, 44.39871, 46.6], [-0.78789, 44.39868, 46.6], [-0.78818, 44.39876, 47.06250000000001], [-0.78842, 44.39892, 47.06250000000001], [-0.78851, 44.39909, -345.8125], [-0.78849, 44.39931, -345.8125], [-0.78835, 44.39935, -1000.0], [-0.78842, 44.39942, -1000.0], [-0.7881, 44.39968, -1000.0], [-0.78787, 44.39975, -133.44634251131743], [-0.78763, 44.39974, -133.44634251131743], [-0.78747, 44.3997, 46.1], [-0.78742, 44.39947, 46.0], [-0.78734, 44.39946, 46.0], [-0.78732, 44.39963, 46.052805547442], [-0.78715, 44.3995, 46.05925990946044], [-0.78706, 44.39934, 46.120000000000005], [-0.78706, 44.39916, 46.120000000000005], [-0.7874, 44.39879, 46.1]]]}}, {"type": "Feature", "properties": {"id_obligation": "402950000G0894", "priorite": "moyenne"}, "geometry": {"type": "Polygon", "coordinates": [[[-0.78742, 44.39894, 46.1], [-0.78738, 44.39873, 46.1], [-0.78749, 44.39852, 46.300000000000004], [-0.78773, 44.39834, 46.300000000000004], [-0.78795, 44.39827, 46.51444444444445], [-0.78826, 44.39829, 46.51444444444445], [-0.78859, 44.39843, 46.51444444444445], [-0.78876, 44.39856, 46.51444444444445], [-0.78885, 44.39872, 46.51444444444445], [-0.78884, 44.3989, 46.51444444444445], [-0.78874, 44.39906, 46.7], [-0.7885, 44.39925, 46.7], [-0.7884, 44.39928, 46.7], [-0.78836, 44.39921, 46.7], [-0.78813, 44.39928, 46.7], [-0.78815, 44.39931, 46.7], [-0.78803, 44.3993, 46.61999999999999], [-0.78782, 44.39924, 46.3], [-0.7879, 44.39917, 46.3], [-0.78782, 44.39913, 46.3], [-0.78774, 44.3992, 46.3], [-0.78742, 44.39894, 46.1]]]}}, {"type": "Feature", "properties": {"id_obligation": "402950000G0895", "priorite": "moyenne"}, "geometry": {"type": "Polygon", "coordinates": [[[-0.78792, 44.39917, 46.29999999999999], [-0.78786, 44.3992, 46.3], [-0.7879, 44.39917, 46.3], [-0.78782, 44.39913, 46.3], [-0.78765, 44.39926, 46.24615384615385], [-0.78741, 44.39927, 46.24615384615385], [-0.78707, 44.39919, 46.22158119658119], [-0.78685, 44.39903, 46.22158119658119], [-0.78678, 44.39886, 46.22158119658119], [-0.78679, 44.39868, 46.22158119658119], [-0.78692, 44.39843, 46.22158119658119], [-0.78708, 44.39831, 46.22158119658119], [-0.78736, 44.39823, 45.34999999999998], [-0.78753, 44.39833, 45.3], [-0.78756, 44.3984, 45.3], [-0.78766, 44.39829, 45.3], [-0.78759, 44.39824, 45.3], [-0.78789, 44.39831, 46.3], [-0.78807, 44.39843, 46.3], [-0.78818, 44.39859, 47.000000000000014], [-0.78818, 44.39877, 47.1], [-0.78807, 44.39872, 47.1], [-0.788, 44.39878, 47.1], [-0.78815, 44.39886, 47.1], [-0.7881, 44.39899, 46.29999999999999], [-0.78792, 44.39917, 46.29999999999999]]]}}, {"type": "Feature", "properties": {"id_obligation": "402950000G0896", "priorite": "moyenne"}, "geometry": {"type": "Polygon", "coordinates": [[[-0.78788, 44.39802, 45.71117724867725], [-0.78825, 44.39822, 45.71117724867725], [-0.78836, 44.39838, 45.71117724867725], [-0.7884, 44.39862, 45.71117724867725], [-0.78829, 44.39882, 47.07777777777778], [-0.78811, 44.39895, 47.07777777777778], [-0.78788, 44.39901, 47.07777777777778], [-0.7875, 44.39904, 46.1], [-0.78721, 44.39897, 45.71117724867725], [-0.78696, 44.39878, 45.71117724867725], [-0.7868, 44.39857, 45.91428571428571], [-0.78677, 44.3984, 45.91428571428571], [-0.78685, 44.39822, 44.60000000000001], [-0.78706, 44.39806, 44.60000000000001], [-0.78733, 44.39797, 45.025000000000006], [-0.78764, 44.39796, 45.025000000000006], [-0.78788, 44.39802, 45.71117724867725]]]}}, {"type": "Feature", "properties": {"id_obligation": "402950000G0897", "priorite": "moyenne"}, "geometry": {"type": "Polygon", "coordinates": [[[-0.78809, 44.39866, 45.24473684210526], [-0.7878, 44.39882, 45.960000000000015], [-0.78749, 44.39885, 45.960000000000015], [-0.7872, 44.39877, 45.24473684210526], [-0.78697, 44.39859, 45.24473684210526], [-0.78679, 44.3983, 44.59000000000001], [-0.78679, 44.39812, 44.59000000000001], [-0.78692, 44.39786, 45.24473684210526], [-0.78713, 44.3977, 45.24473684210526], [-0.78734, 44.39761, 45.24473684210526], [-0.78765, 44.3976, 45.24473684210526], [-0.78788, 44.39766, 45.24473684210526], [-0.78818, 44.39794, 45.24473684210526], [-0.78828, 44.39826, 45.24473684210526], [-0.78825, 44.39847, 45.24473684210526], [-0.78809, 44.39866, 45.24473684210526]]]}}, {"type": "Feature", "properties": {"id_obligation": "402950000G0898", "priorite": "moyenne"}, "geometry": {"type": "Polygon", "coordinates": [[[-0.78738, 44.39867, 45.099999999999994], [-0.78707, 44.39867, 45.099999999999994], [-0.78678, 44.39857, 45.81141378360069], [-0.78678, 44.39848, 46.0], [-0.78663, 44.39848, 46.0], [-0.78654, 44.39841, 45.91428571428572], [-0.78643, 44.39825, 45.3131746031746], [-0.78643, 44.39802, 45.3131746031746], [-0.78653, 44.39786, 45.3131746031746], [-0.78673, 44.3977, 45.3131746031746], [-0.78695, 44.39763, 45.3131746031746], [-0.78726, 44.39763, 45.3131746031746], [-0.78758, 44.39774, 45.3131746031746], [-0.78782, 44.39789, 45.3131746031746], [-0.78792, 44.39805, 45.357142857142854], [-0.78792, 44.39826, 45.357142857142854], [-0.78772, 44.39851, 46.3], [-0.78754, 44.39849, 46.3], [-0.7876, 44.39859, 45.54444444444443], [-0.78738, 44.39867, 45.099999999999994]]]}}, {"type": "Feature", "properties": {"id_obligation": "402950000G0899", "priorite": "moyenne"}, "geometry": {"type": "Polygon", "coordinates": [[[-0.78729, 44.39883, 45.33173881673881], [-0.78711, 44.39895, 45.33173881673881], [-0.78683, 44.39902, 45.33173881673881], [-0.78648, 44.39901, 45.9], [-0.7862, 44.39891, 45.9], [-0.78605, 44.39877, 45.9], [-0.78603, 44.39874, 45.9], [-0.78617, 44.39867, 45.9], [-0.78609, 44.39861, 45.9], [-0.78601, 44.39868, 45.9], [-0.78601, 44.39839, 44.574999999999996], [-0.78611, 44.39823, 44.574999999999996], [-0.78634, 44.39808, 44.574999999999996], [-0.78657, 44.39804, 45.33173881673881], [-0.78692, 44.39805, 45.33173881673881], [-0.78708, 44.39809, 44.6], [-0.78704, 44.39813, 44.6], [-0.78732, 44.39825, 44.5909090909091], [-0.7874, 44.39842, 44.84285714285715], [-0.7874, 44.39863, 44.84285714285715], [-0.78729, 44.39883, 45.33173881673881]]]}}, {"type": "Feature", "properties": {"id_obligation": "402950000G0900", "priorite": "moyenne"}, "geometry": {"type": "Polygon", "coordinates": [[[-0.78684, 44.39902, 45.95896240601503], [-0.78657, 44.39911, 46.07000000000001], [-0.78644, 44.39913, 46.1], [-0.78629, 44.39903, 46.1], [-0.78622, 44.39909, 46.1], [-0.78627, 44.39913, 46.07000000000001], [-0.78599, 44.39904, 46.1], [-0.78576, 44.3988, 46.1], [-0.78555, 44.39867, 45.9], [-0.78543, 44.39848, 45.9], [-0.7854, 44.3983, 45.95896240601503], [-0.7855, 44.3981, 45.95896240601503], [-0.78567, 44.39797, 45.95896240601503], [-0.78601, 44.39786, 45.95896240601503], [-0.78626, 44.39786, 45.95896240601503], [-0.78649, 44.39793, 45.95896240601503], [-0.78705, 44.39835, 45.91428571428572], [-0.78713, 44.39863, 45.91428571428572], [-0.78704, 44.39885, 45.95896240601503], [-0.78684, 44.39902, 45.95896240601503]]]}}, {"type": "Feature", "properties": {"id_obligation": "402950000G0901", "priorite": "moyenne"}, "geometry": {"type": "Polygon", "coordinates": [[[-0.78643, 44.39911, 46.1], [-0.78629, 44.39903, 46.1], [-0.78622, 44.39909, 46.1], [-0.78633, 44.39916, 46.1], [-0.78614, 44.3992, 46.083333333333336], [-0.7859, 44.39919, 46.083333333333336], [-0.78568, 44.39911, 45.818888888888885], [-0.78544, 44.39893, 45.818888888888885], [-0.78536, 44.39876, 45.818888888888885], [-0.78539, 44.39854, 45.818888888888885], [-0.78552, 44.39839, 45.818888888888885], [-0.78578, 44.39822, 45.818888888888885], [-0.78601, 44.39817, 44.58], [-0.78631, 44.39819, 45.95], [-0.78651, 44.39828, 45.95], [-0.78671, 44.39844, 45.95], [-0.78674, 44.39848, 46.0], [-0.78662, 44.39848, 46.0], [-0.78661, 44.39857, 45.8], [-0.78678, 44.39856, 45.82500251020405], [-0.78678, 44.39878, 46.24285714285713], [-0.78666, 44.39894, 46.1], [-0.78643, 44.39911, 46.1]]]}}, {"type": "Feature", "properties": {"id_obligation": "402950000G0902", "priorite": "moyenne"}, "geometry": {"type": "Polygon", "coordinates": [[[-0.78607, 44.39946, 46.1], [-0.78576, 44.39941, 45.98785714285714], [-0.78553, 44.39925, 45.98785714285714], [-0.78538, 44.39901, 45.98785714285714], [-0.78537, 44.3988, 45.98785714285714], [-0.78546, 44.39864, 45.98785714285714], [-0.78563, 44.39852, 45.98785714285714], [-0.78591, 44.39842, 44.95714285714285], [-0.78622, 44.39841, 44.95714285714285], [-0.78645, 44.39848, 46.339999999999996], [-0.78662, 44.39861, 46.339999999999996], [-0.78678, 44.39884, 46.4], [-0.7868, 44.39901, 46.4], [-0.78673, 44.39918, 46.1], [-0.78658, 44.39931, 46.1], [-0.78631, 44.39942, 46.1], [-0.78607, 44.39946, 46.1]]]}}, {"type": "Feature", "properties": {"id_obligation": "402950000G0903", "priorite": "moyenne"}, "geometry": {"type": "Polygon", "coordinates": [[[-0.78648, 44.39962, 46.00701923076923], [-0.78624, 44.39962, 46.00701923076923], [-0.78602, 44.39955, 46.00701923076923], [-0.7857, 44.39933, 46.00701923076923], [-0.78561, 44.39917, 46.1], [-0.78561, 44.39899, 46.1], [-0.78571, 44.39883, 45.96666666666667], [-0.78596, 44.39865, 45.96666666666667], [-0.78633, 44.39858, 46.4], [-0.78637, 44.39868, 46.4], [-0.78648, 44.39866, 46.1], [-0.78649, 44.39861, 46.4], [-0.7867, 44.39869, 46.00701923076923], [-0.78697, 44.39888, 46.00701923076923], [-0.78706, 44.39905, 46.00701923076923], [-0.78706, 44.39922, 46.00701923076923], [-0.78686, 44.39947, 45.160370530897325], [-0.78686, 44.39935, 46.0], [-0.78674, 44.39932, 46.0], [-0.78676, 44.39951, 46.0], [-0.7868, 44.39951, 46.0], [-0.78648, 44.39962, 46.00701923076923]]]}}, {"type": "Feature", "properties": {"id_obligation": "402950000G0930", "priorite": "forte"}, "geometry": {"type": "Polygon", "coordinates": [[[-0.81136, 44.3868, 53.85000000000001], [-0.81123, 44.38704, 51.6], [-0.81091, 44.38723, 51.6], [-0.81055, 44.38726, 53.85000000000001], [-0.81022, 44.38714, 53.85000000000001], [-0.80975, 44.38672, 53.85000000000001], [-0.80966, 44.38656, 53.85000000000001], [-0.80965, 44.38639, 53.85000000000001], [-0.80973, 44.38623, 53.85000000000001], [-0.80988, 44.3861, 53.85000000000001], [-0.81017, 44.386, 53.85000000000001], [-0.81041, 44.38599, 53.85000000000001], [-0.81074, 44.38609, 53.85000000000001], [-0.81128, 44.38655, 53.85000000000001], [-0.81136, 44.3868, 53.85000000000001]]]}}, {"type": "Feature", "properties": {"id_obligation": "402950000G0944", "priorite": "moyenne"}, "geometry": {"type": "Polygon", "coordinates": [[[-0.81743, 44.39855, 50.88333333333333], [-0.81766, 44.39874, 50.88333333333333], [-0.81782, 44.39954, 50.88333333333333], [-0.81774, 44.3997, 50.88333333333333], [-0.81752, 44.39986, 50.88333333333333], [-0.81729, 44.39991, 51.29999999999999], [-0.81685, 44.39994, 51.29999999999999], [-0.81657, 44.39986, 49.43333333333334], [-0.81637, 44.39968, 49.43333333333334], [-0.81649, 44.39965, 48.7], [-0.81648, 44.3996, 49.7], [-0.81664, 44.39958, 49.7], [-0.81661, 44.39939, 49.7], [-0.81629, 44.39942, 50.028673336479784], [-0.81627, 44.39927, 51.6], [-0.81657, 44.39925, 51.6], [-0.81655, 44.39912, 51.5], [-0.81648, 44.39912, 51.6], [-0.81649, 44.39917, 52.8], [-0.81641, 44.39917, 52.8], [-0.8164, 44.39913, 51.6], [-0.81624, 44.39915, 51.6], [-0.81622, 44.39888, 50.88333333333333], [-0.8163, 44.39872, 50.88333333333333], [-0.81653, 44.39856, 50.88333333333333], [-0.81714, 44.39848, 51.3], [-0.81743, 44.39855, 50.88333333333333]]]}}, {"type": "Feature", "properties": {"id_obligation": "402950000G0950", "priorite": "très forte"}, "geometry": {"type": "Polygon", "coordinates": [[[-0.81474, 44.39813, 51.08], [-0.81503, 44.39806, 51.08], [-0.81574, 44.39819, 51.08], [-0.81597, 44.39834, 51.08], [-0.81606, 44.3985, 51.08], [-0.81606, 44.39868, 51.08], [-0.81596, 44.39889, 51.08], [-0.81575, 44.39905, 51.08], [-0.81547, 44.39912, 51.08], [-0.81475, 44.39899, 51.08], [-0.81456, 44.39888, 51.08], [-0.81443, 44.39868, 51.08], [-0.81443, 44.3985, 51.08], [-0.81454, 44.39829, 51.08], [-0.81474, 44.39813, 51.08]]]}}, {"type": "Feature", "properties": {"id_obligation": "402950000G0960", "priorite": "forte"}, "geometry": {"type": "Polygon", "coordinates": [[[-0.82137, 44.40291, 54.5], [-0.82099, 44.40329, 54.5], [-0.82047, 44.40349, 54.5], [-0.82011, 44.40346, 54.5], [-0.8196, 44.40321, 54.5], [-0.81943, 44.40308, 54.5], [-0.81935, 44.40291, 54.5], [-0.81935, 44.40274, 54.5], [-0.81946, 44.40258, 54.5], [-0.81998, 44.40207, 54.5], [-0.82031, 44.40196, 54.5], [-0.82067, 44.40199, 54.5], [-0.82122, 44.40227, 54.5], [-0.8214, 44.40245, 54.5], [-0.82145, 44.40265, 54.5], [-0.82137, 44.40291, 54.5]]]}}, {"type": "Feature", "properties": {"id_obligation": "402950000G0962", "priorite": "moyenne"}, "geometry": {"type": "Polygon", "coordinates": [[[-0.81628, 44.40012, -147.30624999999995], [-0.81627, 44.40005, -1000.0], [-0.81614, 44.40003, -1000.0], [-0.81611, 44.4001, -1000.0], [-0.81593, 44.40005, -1000.0], [-0.81575, 44.39993, -1000.0], [-0.81565, 44.39976, -127.43944160997731], [-0.8156, 44.39939, 51.6], [-0.8157, 44.39918, 51.6], [-0.81587, 44.39905, 51.6], [-0.8161, 44.39898, 51.6], [-0.81654, 44.39895, 51.64444444444445], [-0.81684, 44.39898, 51.3], [-0.81694, 44.3995, 51.3], [-0.8172, 44.39947, 51.3], [-0.81714, 44.39916, 51.3], [-0.81723, 44.39934, 51.29999999999999], [-0.81724, 44.3997, 51.3], [-0.81709, 44.39989, -127.43944160997731], [-0.8168, 44.40004, -127.43944160997731], [-0.81628, 44.40012, -147.30624999999995]]]}}, {"type": "Feature", "properties": {"id_obligation": "402950000G0970", "priorite": "faible"}, "geometry": {"type": "Polygon", "coordinates": [[[-0.78399, 44.40198, 43.6], [-0.78396, 44.40205, 43.6], [-0.78409, 44.40208, 43.5], [-0.7841, 44.40204, 43.53330079551732], [-0.78428, 44.40223, 45.89061683006536], [-0.78431, 44.4024, 45.89061683006536], [-0.78426, 44.40257, 41.4], [-0.78412, 44.40258, 41.4], [-0.78413, 44.40265, 41.4], [-0.78421, 44.40264, 41.4], [-0.78402, 44.40279, 41.4], [-0.78379, 44.40286, 46.77000000000001], [-0.78354, 44.40286, 46.77000000000001], [-0.78329, 44.40281, 48.041666666666664], [-0.78309, 44.40269, 46.0], [-0.78298, 44.40253, 45.95882352941175], [-0.78297, 44.40235, 45.95882352941175], [-0.78304, 44.40216, 47.76666666666666], [-0.78319, 44.40202, 47.76666666666666], [-0.78327, 44.40198, 48.8], [-0.78338, 44.402, 48.8], [-0.78341, 44.40193, 47.00000000000001], [-0.78365, 44.40191, 47.00000000000001], [-0.78399, 44.40198, 43.6]], [[-0.78322, 44.4027, 46.0], [-0.78323, 44.40263, 46.0], [-0.7831, 44.40262, 46.0], [-0.78309, 44.40269, 46.0], [-0.78322, 44.4027, 46.0]]]}}, {"type": "Feature", "properties": {"id_obligation": "402950000G0971", "priorite": "faible"}, "geometry": {"type": "Polygon", "coordinates": [[[-0.78309, 44.40216, 46.59090909090909], [-0.78318, 44.40209, 46.3], [-0.78317, 44.40215, 46.2], [-0.78322, 44.40215, 46.3], [-0.78326, 44.4021, 46.3], [-0.7832, 44.40208, 46.3], [-0.78333, 44.40203, 45.800000000000004], [-0.78364, 44.40199, 45.800000000000004], [-0.78395, 44.40205, 43.559999999999995], [-0.78414, 44.40216, 43.559999999999995], [-0.78428, 44.40236, 41.4], [-0.78427, 44.40257, 41.4], [-0.78412, 44.40258, 41.4], [-0.78413, 44.40265, 41.4], [-0.78425, 44.40264, 41.4], [-0.78416, 44.40284, 45.419739789196306], [-0.78399, 44.40298, 45.419739789196306], [-0.78377, 44.40306, 44.913333333333334], [-0.78368, 44.40307, 43.23436167126309], [-0.78372, 44.4029, 43.0], [-0.78353, 44.4029, 46.3], [-0.78354, 44.40307, 46.3], [-0.78323, 44.40301, 48.25], [-0.78308, 44.40293, 47.0], [-0.78314, 44.40292, 47.0], [-0.78314, 44.40284, 47.0], [-0.78298, 44.40284, 47.0], [-0.78295, 44.40279, 49.5], [-0.78314, 44.4028, 49.5], [-0.78315, 44.40271, 49.5], [-0.78291, 44.4027, 49.5], [-0.78296, 44.40235, 46.59090909090909], [-0.78309, 44.40216, 46.59090909090909]]]}}, {"type": "Feature", "properties": {"id_obligation": "402950000G0973", "priorite": "moyenne"}, "geometry": {"type": "Polygon", "coordinates": [[[-0.78477, 44.40074, 45.646133496133494], [-0.785, 44.40089, 45.646133496133494], [-0.78511, 44.40112, 45.646133496133494], [-0.78509, 44.40134, 45.646133496133494], [-0.78497, 44.40149, 45.646133496133494], [-0.78478, 44.4016, 45.646133496133494], [-0.78444, 44.40167, 45.5], [-0.78446, 44.4016, 45.5], [-0.78427, 44.40157, 45.5], [-0.78424, 44.40168, 44.2], [-0.7844, 44.40168, 45.5], [-0.78423, 44.4017, 45.43076923076922], [-0.78405, 44.40168, 45.42857142857143], [-0.78412, 44.40152, 46.5], [-0.78399, 44.40153, 46.5], [-0.78393, 44.40164, 46.5], [-0.78378, 44.40156, 45.42857142857143], [-0.78365, 44.40141, 44.0], [-0.78376, 44.40141, 44.0], [-0.78376, 44.40133, 44.0], [-0.78362, 44.40134, 44.0], [-0.78359, 44.40109, 48.50662313963226], [-0.78381, 44.4011, 44.7], [-0.78377, 44.40098, 48.7], [-0.7837, 44.40099, 48.7], [-0.78368, 44.40094, 48.7], [-0.78386, 44.40081, 47.328571428571436], [-0.7842, 44.4007, 43.19999999999999], [-0.78447, 44.40068, 43.19999999999999], [-0.78477, 44.40074, 45.646133496133494]]]}}, {"type": "Feature", "properties": {"id_obligation": "402950000G0974", "priorite": "moyenne"}, "geometry": {"type": "Polygon", "coordinates": [[[-0.78435, 44.40051, 46.2167239010989], [-0.78458, 44.40065, 46.2167239010989], [-0.78468, 44.40081, 47.6], [-0.78472, 44.40109, 47.6], [-0.78461, 44.40129, 47.60000000000001], [-0.78443, 44.4014, 47.60000000000001], [-0.7841, 44.40148, 43.45714285714286], [-0.78385, 44.40149, 43.45714285714286], [-0.78359, 44.40142, 44.0], [-0.78376, 44.40141, 44.0], [-0.78376, 44.40133, 44.0], [-0.78352, 44.40134, 44.0], [-0.78352, 44.40137, 44.0], [-0.78341, 44.40127, 44.0], [-0.78331, 44.40104, 48.02307692307693], [-0.7833, 44.40087, 48.02307692307693], [-0.78338, 44.40071, 47.328571428571415], [-0.78355, 44.40058, 47.328571428571415], [-0.78361, 44.40055, 47.2], [-0.78365, 44.40063, 47.2], [-0.78375, 44.40061, 47.2], [-0.78371, 44.40052, 47.2], [-0.78405, 44.40046, 45.07499999999999], [-0.78435, 44.40051, 46.2167239010989]]]}}, {"type": "Feature", "properties": {"id_obligation": "402950000G0977", "priorite": "moyenne"}, "geometry": {"type": "Polygon", "coordinates": [[[-0.78448, 44.40066, 46.29938949938951], [-0.78473, 44.40085, 47.73846153846155], [-0.78482, 44.40114, 47.73846153846155], [-0.78466, 44.40142, 45.5], [-0.78442, 44.40154, 45.5], [-0.7841, 44.40159, 44.83846153846154], [-0.78412, 44.40152, 46.5], [-0.78407, 44.4015, 46.5], [-0.78397, 44.40158, 46.5], [-0.78358, 44.40156, 44.0], [-0.78313, 44.40142, 44.0], [-0.78297, 44.40123, 48.7], [-0.78291, 44.40098, 48.7], [-0.78295, 44.40081, 46.29938949938951], [-0.78309, 44.40067, 46.29938949938951], [-0.78331, 44.40054, 46.29938949938951], [-0.78361, 44.40048, 49.4], [-0.78365, 44.40063, 47.2], [-0.78375, 44.40061, 47.2], [-0.7837, 44.40049, 49.4], [-0.78374, 44.40048, 49.4], [-0.78448, 44.40066, 46.29938949938951]]]}}, {"type": "Feature", "properties": {"id_obligation": "402950000G0978", "priorite": "moyenne"}, "geometry": {"type": "Polygon", "coordinates": [[[-0.78305, 44.40079, 47.96978947368421], [-0.78304, 44.40061, 47.96978947368421], [-0.78313, 44.40044, 47.96978947368421], [-0.78331, 44.40031, 47.96978947368421], [-0.78361, 44.40023, 55.883333333333326], [-0.78386, 44.40022, 55.883333333333326], [-0.7841, 44.40028, 47.96978947368421], [-0.78429, 44.4004, 47.96978947368421], [-0.78442, 44.4006, 42.2], [-0.78443, 44.40078, 42.2], [-0.78426, 44.40106, 46.720000000000006], [-0.78419, 44.40112, 48.5], [-0.78416, 44.40105, 48.5], [-0.78408, 44.40107, 48.5], [-0.78411, 44.40114, 48.5], [-0.78417, 44.40113, 48.5], [-0.78413, 44.40115, 46.720000000000006], [-0.78388, 44.40123, 47.666666666666686], [-0.78359, 44.40122, 47.666666666666686], [-0.78335, 44.40114, 47.96978947368421], [-0.78316, 44.40099, 47.96978947368421], [-0.78305, 44.40079, 47.96978947368421]]]}}, {"type": "Feature", "properties": {"id_obligation": "402950000G0983", "priorite": "moyenne"}, "geometry": {"type": "Polygon", "coordinates": [[[-0.78807, 44.40071, -162.36], [-0.78809, 44.40089, -41.533299689440994], [-0.78801, 44.40106, -41.533299689440994], [-0.78784, 44.40119, -41.533299689440994], [-0.7875, 44.4013, 45.4], [-0.78726, 44.40133, 45.4], [-0.78702, 44.40128, 48.5], [-0.78678, 44.40114, 48.5], [-0.78663, 44.40089, 48.45], [-0.78656, 44.40059, 48.45], [-0.78666, 44.40036, 46.1], [-0.78686, 44.40019, 46.1], [-0.78714, 44.40011, 46.88125], [-0.78727, 44.4001, 46.088964340612065], [-0.7874, 44.40016, 46.0], [-0.78745, 44.40013, 46.88125], [-0.7878, 44.40032, -41.533299689440994], [-0.78791, 44.40046, 48.3], [-0.78779, 44.40046, 48.3], [-0.78781, 44.40051, 48.3], [-0.78788, 44.40056, 48.3], [-0.78798, 44.40054, -162.36], [-0.78807, 44.40071, -162.36]]]}}, {"type": "Feature", "properties": {"id_obligation": "402950000G0989", "priorite": "moyenne"}, "geometry": {"type": "Polygon", "coordinates": [[[-0.8166, 44.40078, -291.46208333333334], [-0.81627, 44.40091, -1000.0], [-0.81581, 44.40088, -291.46208333333334], [-0.81551, 44.40073, -291.46208333333334], [-0.81538, 44.40054, -291.46208333333334], [-0.81537, 44.40036, -291.46208333333334], [-0.81556, 44.39985, -291.46208333333334], [-0.81574, 44.39968, -291.46208333333334], [-0.81596, 44.3996, 49.63333333333333], [-0.8162, 44.39958, 49.63333333333333], [-0.81625, 44.39959, 50.1], [-0.81627, 44.39967, 48.7], [-0.81649, 44.39963, 49.13637397027793], [-0.81676, 44.39976, 49.5], [-0.8169, 44.40004, 50.225], [-0.81676, 44.40055, -291.46208333333334], [-0.8166, 44.40078, -291.46208333333334]]]}}, {"type": "Feature", "properties": {"id_obligation": "402950000G0997", "priorite": "faible"}, "geometry": {"type": "Polygon", "coordinates": [[[-0.78321, 44.40244, 44.6], [-0.78331, 44.40246, 44.6], [-0.78333, 44.40241, 48.0], [-0.78356, 44.4025, 46.7], [-0.78353, 44.40261, 46.7], [-0.78361, 44.40262, 46.7], [-0.78363, 44.40256, 46.7], [-0.78369, 44.40262, 46.99333333333335], [-0.78377, 44.40283, 45.67999999999999], [-0.78372, 44.40309, 45.99285714285715], [-0.78358, 44.40324, 47.1], [-0.78358, 44.40316, 47.1], [-0.78341, 44.40317, 47.1], [-0.78341, 44.40327, 47.1], [-0.78355, 44.40326, 47.1], [-0.78333, 44.40335, 45.99285714285715], [-0.78323, 44.40337, 49.9], [-0.78322, 44.4033, 49.9], [-0.7827, 44.40335, 49.05999999999999], [-0.78249, 44.40325, 49.05999999999999], [-0.78235, 44.4031, -139.54642857142855], [-0.7823, 44.40293, -139.54642857142855], [-0.78235, 44.40267, 46.800000000000004], [-0.78254, 44.40248, 47.996452127018124], [-0.78281, 44.40252, 48.2], [-0.78283, 44.40244, 48.2], [-0.78269, 44.40242, 48.0884857075987], [-0.78319, 44.40239, 46.26800000000001], [-0.78321, 44.40244, 44.6]]]}}, {"type": "Feature", "properties": {"id_obligation": "402950000G0999", "priorite": "faible"}, "geometry": {"type": "MultiPolygon", "coordinates": [[[[-0.78252, 44.40314, -180.14782608695646], [-0.78233, 44.40297, -180.14782608695646], [-0.78228, 44.40276, 46.495], [-0.78235, 44.4025, 47.9375], [-0.7825, 44.40236, 47.9375], [-0.78278, 44.40226, 46.46521739130435], [-0.7832, 44.40226, 46.46521739130435], [-0.78344, 44.40231, 46.828571428571436], [-0.78363, 44.40242, 46.828571428571436], [-0.78375, 44.40257, 46.19285714285714], [-0.78378, 44.40275, 46.19285714285714], [-0.78372, 44.40297, 43.0], [-0.78372, 44.4029, 43.0], [-0.78353, 44.4029, 46.3], [-0.78354, 44.40308, 46.3], [-0.78363, 44.40308, 43.2], [-0.78339, 44.40321, 45.681250000000006], [-0.7833, 44.40323, 46.1], [-0.7833, 44.40312, 46.1], [-0.78323, 44.40313, 46.1], [-0.78323, 44.40324, 46.1], [-0.78281, 44.40323, -180.14782608695646], [-0.78252, 44.40314, -180.14782608695646]]], [[[-0.78368, 44.40303, 43.3689398836712], [-0.78368, 44.403, 46.3], [-0.7837, 44.403, 45.681250000000006], [-0.78368, 44.40303, 43.3689398836712]]]]}}, {"type": "Feature", "properties": {"id_obligation": "402950000G1000", "priorite": "forte"}, "geometry": {"type": "Polygon", "coordinates": [[[-0.81777, 44.40034, -245.49166666666665], [-0.81742, 44.4006, -245.49166666666665], [-0.81708, 44.4007, -245.49166666666665], [-0.81673, 44.40067, -245.49166666666665], [-0.81651, 44.4006, -245.49166666666665], [-0.81633, 44.40048, -245.49166666666665], [-0.81623, 44.40027, -400.3666666666668], [-0.81628, 44.39998, -400.3666666666668], [-0.81638, 44.39982, -245.49166666666665], [-0.81669, 44.39958, -245.49166666666665], [-0.81697, 44.3995, -245.49166666666665], [-0.81746, 44.39955, -245.49166666666665], [-0.81772, 44.39966, -245.49166666666665], [-0.8179, 44.39989, 51.0], [-0.81788, 44.40019, 51.0], [-0.81777, 44.40034, -245.49166666666665]]]}}, {"type": "Feature", "properties": {"id_obligation": "402950000G1001", "priorite": "forte"}, "geometry": {"type": "Polygon", "coordinates": [[[-0.81685, 44.40053, -220.53131868131865], [-0.81669, 44.40034, -220.53131868131865], [-0.81668, 44.4001, 50.8], [-0.8168, 44.39978, -220.53131868131865], [-0.81695, 44.39965, -220.53131868131865], [-0.81722, 44.39955, -220.53131868131865], [-0.81747, 44.39955, -220.53131868131865], [-0.81789, 44.39963, -220.53131868131865], [-0.81808, 44.39974, -220.53131868131865], [-0.81821, 44.39993, -220.53131868131865], [-0.81822, 44.40011, -220.53131868131865], [-0.8181, 44.40045, -220.53131868131865], [-0.81795, 44.40059, -220.53131868131865], [-0.81773, 44.40067, -220.53131868131865], [-0.81748, 44.40069, -220.53131868131865], [-0.81711, 44.40064, -220.53131868131865], [-0.81685, 44.40053, -220.53131868131865]]]}}, {"type": "Feature", "properties": {"id_obligation": "402950000G1004", "priorite": "forte"}, "geometry": {"type": "Polygon", "coordinates": [[[-0.81443, 44.39989, -368.76], [-0.8147, 44.39979, 52.1], [-0.81494, 44.39978, 52.1], [-0.81534, 44.39984, -316.27], [-0.81554, 44.39995, -316.27], [-0.81568, 44.40014, -316.27], [-0.81569, 44.40032, -316.27], [-0.81562, 44.40056, -316.27], [-0.81547, 44.4007, -316.27], [-0.81521, 44.4008, -316.27], [-0.81496, 44.40081, -316.27], [-0.81456, 44.40075, -316.27], [-0.81437, 44.40064, -316.27], [-0.81424, 44.40049, -1000.0], [-0.8142, 44.40032, -1000.0], [-0.81427, 44.40007, -368.76], [-0.81443, 44.39989, -368.76]]]}}, {"type": "Feature", "properties": {"id_obligation": "402950000G1008", "priorite": "moyenne"}, "geometry": {"type": "Polygon", "coordinates": [[[-0.78743, 44.40122, 48.5], [-0.78712, 44.40135, 48.5], [-0.78676, 44.40133, -55.14829629629632], [-0.78646, 44.40119, -55.14829629629632], [-0.78628, 44.40095, -55.14829629629632], [-0.78628, 44.40069, -55.14829629629632], [-0.78638, 44.40051, -55.14829629629632], [-0.7867, 44.40016, -55.14829629629632], [-0.78691, 44.40008, 46.800000000000004], [-0.78716, 44.40005, 46.800000000000004], [-0.7874, 44.40016, 46.0], [-0.78744, 44.40012, 47.97769171291656], [-0.78769, 44.40025, 46.9], [-0.78782, 44.4004, 46.9], [-0.78785, 44.40058, -232.0266666666667], [-0.78785, 44.40062, -1000.0], [-0.78777, 44.40063, -1000.0], [-0.78782, 44.40069, -1000.0], [-0.78743, 44.40122, 48.5]]]}}, {"type": "Feature", "properties": {"id_obligation": "402950000G1009", "priorite": "moyenne"}, "geometry": {"type": "Polygon", "coordinates": [[[-0.78787, 44.40021, 47.89411764705882], [-0.78794, 44.40043, 47.89411764705882], [-0.78779, 44.40046, 48.3], [-0.78791, 44.40056, 47.89411764705882], [-0.78786, 44.40063, -1000.0], [-0.78777, 44.40063, -1000.0], [-0.78781, 44.40069, -1000.0], [-0.78763, 44.40085, -608.25], [-0.78735, 44.40093, -384.59411764705897], [-0.7871, 44.40093, -384.59411764705897], [-0.78698, 44.4009, 48.5], [-0.78707, 44.40078, 48.5], [-0.78694, 44.40072, 48.5], [-0.78685, 44.40083, 48.1], [-0.78651, 44.40066, 48.43333333333334], [-0.78641, 44.4005, -129.48775510204084], [-0.78639, 44.40033, -129.48775510204084], [-0.78648, 44.40016, -129.48775510204084], [-0.7867, 44.39996, -129.48775510204084], [-0.78692, 44.39988, 46.76666666666667], [-0.78716, 44.39987, 46.76666666666667], [-0.78768, 44.40005, 47.050000000000004], [-0.78787, 44.40021, 47.89411764705882]]]}}, {"type": "Feature", "properties": {"id_obligation": "402950000G1010", "priorite": "forte"}, "geometry": {"type": "Polygon", "coordinates": [[[-0.81694, 44.39877, 51.3], [-0.81713, 44.39894, 51.3], [-0.81718, 44.39935, 51.3], [-0.81709, 44.39893, 51.3], [-0.81684, 44.39895, 51.3], [-0.81694, 44.3995, 51.3], [-0.8171, 44.39948, 51.3], [-0.81692, 44.39962, 51.29999999999999], [-0.8167, 44.39969, 51.29999999999999], [-0.81617, 44.39973, 49.55], [-0.81587, 44.39968, 51.00138888888888], [-0.81568, 44.39958, 51.00138888888888], [-0.81556, 44.39942, 51.00138888888888], [-0.81551, 44.39917, 51.00138888888888], [-0.81557, 44.39895, 51.00138888888888], [-0.81588, 44.39874, 51.00138888888888], [-0.81659, 44.39867, 51.00138888888888], [-0.81694, 44.39877, 51.3]]]}}, {"type": "Feature", "properties": {"id_obligation": "402950000G1018", "priorite": "forte"}, "geometry": {"type": "Polygon", "coordinates": [[[-0.81417, 44.39951, -368.925], [-0.81444, 44.3994, -368.925], [-0.81468, 44.39939, -368.925], [-0.81504, 44.39947, -368.925], [-0.81522, 44.39959, -368.925], [-0.81534, 44.39979, -368.925], [-0.81533, 44.39996, -368.925], [-0.81522, 44.4002, 51.6], [-0.81506, 44.40034, 51.6], [-0.81507, 44.40025, 51.6], [-0.81486, 44.40023, 51.5], [-0.81483, 44.40034, 51.6], [-0.81501, 44.40036, 51.6], [-0.81477, 44.40042, -579.38], [-0.81452, 44.40041, -579.38], [-0.81424, 44.40034, -1000.0], [-0.81406, 44.40023, -1000.0], [-0.81395, 44.40007, -368.925], [-0.81394, 44.3999, -368.925], [-0.814, 44.3997, -368.925], [-0.81417, 44.39951, -368.925]]]}}, {"type": "Feature", "properties": {"id_obligation": "402950000G1022", "priorite": "moyenne"}, "geometry": {"type": "Polygon", "coordinates": [[[-0.7889, 44.40038, 50.1], [-0.78865, 44.40052, 50.1], [-0.7884, 44.40057, -1000.0], [-0.78837, 44.40051, -1000.0], [-0.78816, 44.40056, -1000.0], [-0.78802, 44.40053, -17.218750000000007], [-0.78796, 44.40045, 48.3], [-0.78789, 44.40046, 48.3], [-0.78779, 44.40038, -17.218750000000007], [-0.78759, 44.40005, 44.58], [-0.78756, 44.39988, 44.58], [-0.78762, 44.39971, -141.97503605769228], [-0.78781, 44.39954, -141.97503605769228], [-0.78813, 44.39944, -356.1615384615383], [-0.78837, 44.39941, -356.1615384615383], [-0.78861, 44.39945, 46.400000000000006], [-0.7888, 44.39955, 46.400000000000006], [-0.78893, 44.3997, 46.400000000000006], [-0.78904, 44.39993, 50.1], [-0.78902, 44.40017, 50.1], [-0.7889, 44.40038, 50.1]]]}}, {"type": "Feature", "properties": {"id_obligation": "402950000G1023", "priorite": "moyenne"}, "geometry": {"type": "Polygon", "coordinates": [[[-0.78909, 44.39993, 50.1], [-0.78889, 44.4001, 50.1], [-0.78854, 44.4002, 47.14], [-0.78823, 44.40019, 46.4], [-0.78797, 44.40008, 46.4], [-0.78783, 44.39993, 46.4], [-0.78773, 44.39955, -77.38880952380953], [-0.78776, 44.39938, 46.70000000000001], [-0.78787, 44.39923, 46.70000000000001], [-0.78806, 44.39912, 46.70000000000001], [-0.78834, 44.39904, -700.9428571428572], [-0.78864, 44.39905, -700.9428571428572], [-0.78886, 44.39914, -77.38880952380953], [-0.78902, 44.39927, -77.38880952380953], [-0.78915, 44.39952, -77.38880952380953], [-0.78917, 44.39972, -77.38880952380953], [-0.78909, 44.39993, 50.1]]]}}, {"type": "Feature", "properties": {"id_obligation": "402950000G1024", "priorite": "moyenne"}, "geometry": {"type": "Polygon", "coordinates": [[[-0.78913, 44.39935, -40.63884615384613], [-0.78908, 44.39957, -40.63884615384613], [-0.7889, 44.39974, -40.63884615384613], [-0.78858, 44.39985, 46.23076923076922], [-0.78828, 44.39986, 46.23076923076922], [-0.78789, 44.39977, -40.63884615384613], [-0.78767, 44.39962, -40.63884615384613], [-0.78753, 44.39942, 46.300000000000004], [-0.78752, 44.3992, 46.300000000000004], [-0.78765, 44.399, 46.56666666666666], [-0.78807, 44.39881, 47.1], [-0.78817, 44.39886, 47.1], [-0.78823, 44.3988, 47.1], [-0.78819, 44.39878, 47.1], [-0.78842, 44.39877, 47.07500000000001], [-0.78866, 44.39882, -40.63884615384613], [-0.78899, 44.39907, -40.63884615384613], [-0.78913, 44.39935, -40.63884615384613]]]}}, {"type": "Feature", "properties": {"id_obligation": "402950000G1036", "priorite": "forte"}, "geometry": {"type": "Polygon", "coordinates": [[[-0.81511, 44.40054, 51.6], [-0.81485, 44.40065, 51.6], [-0.81461, 44.40067, -211.1925], [-0.81418, 44.40062, -211.1925], [-0.81392, 44.40049, -211.1925], [-0.8138, 44.40033, -211.1925], [-0.81377, 44.40016, -211.1925], [-0.81384, 44.39994, -211.1925], [-0.81397, 44.39979, -211.1925], [-0.81422, 44.39968, -211.1925], [-0.81446, 44.39965, 52.080000000000005], [-0.81489, 44.39971, -211.1925], [-0.8151, 44.3998, -211.1925], [-0.81525, 44.39995, -211.1925], [-0.8153, 44.40012, 51.55], [-0.81526, 44.40035, 51.6], [-0.81511, 44.40054, 51.6]]]}}, {"type": "Feature", "properties": {"id_obligation": "402950000G1039", "priorite": "forte"}, "geometry": {"type": "Polygon", "coordinates": [[[-0.81725, 44.39988, -353.3307692307692], [-0.81733, 44.40006, 51.0], [-0.81726, 44.40042, -335.65866355866353], [-0.81715, 44.40057, -335.65866355866353], [-0.81696, 44.40068, -335.65866355866353], [-0.81666, 44.40074, -335.65866355866353], [-0.81626, 44.40068, -1000.0], [-0.81604, 44.40059, -1000.0], [-0.81589, 44.40045, -1000.0], [-0.81571, 44.40011, -809.2545454545453], [-0.81576, 44.3998, 49.63333333333333], [-0.81591, 44.39961, 49.63333333333333], [-0.81624, 44.39949, 50.1], [-0.81627, 44.39967, 48.7], [-0.81649, 44.39965, 48.7], [-0.81648, 44.3996, 49.7], [-0.81664, 44.39958, 49.7], [-0.81662, 44.3995, 49.7], [-0.81685, 44.39959, 49.3], [-0.81725, 44.39988, -353.3307692307692]]]}}, {"type": "Feature", "properties": {"id_obligation": "402950000G1043", "priorite": "forte"}, "geometry": {"type": "Polygon", "coordinates": [[[-0.80042, 44.38262, 53.295396825396814], [-0.80026, 44.3828, 53.295396825396814], [-0.80001, 44.38291, 53.295396825396814], [-0.79963, 44.38294, 53.295396825396814], [-0.79936, 44.38285, 53.295396825396814], [-0.7992, 44.38272, 53.295396825396814], [-0.79908, 44.38244, 50.98333333333333], [-0.79907, 44.38226, 50.98333333333333], [-0.79915, 44.38209, 56.15999999999999], [-0.79932, 44.38196, 56.15999999999999], [-0.79955, 44.38189, 53.295396825396814], [-0.79988, 44.38187, 53.295396825396814], [-0.80011, 44.38194, 53.295396825396814], [-0.80028, 44.38206, 53.295396825396814], [-0.80044, 44.38241, 53.295396825396814], [-0.80042, 44.38262, 53.295396825396814]]]}}, {"type": "Feature", "properties": {"id_obligation": "402950000G1044", "priorite": "moyenne"}, "geometry": {"type": "Polygon", "coordinates": [[[-0.79977, 44.38231, 53.9], [-0.79969, 44.38233, 53.9], [-0.79974, 44.3825, 51.2], [-0.79982, 44.38248, 51.2], [-0.7998, 44.38251, 52.279999999999994], [-0.79964, 44.38265, 52.279999999999994], [-0.79937, 44.38275, 50.2], [-0.79912, 44.38275, 50.2], [-0.79877, 44.38266, 52.80777777777777], [-0.79857, 44.38249, 52.80777777777777], [-0.7985, 44.38232, 52.80777777777777], [-0.79853, 44.38214, 52.80777777777777], [-0.79867, 44.3819, 50.8], [-0.79884, 44.38178, 50.8], [-0.79906, 44.38171, 54.3], [-0.79911, 44.38175, 54.3], [-0.79913, 44.38171, 54.3], [-0.7993, 44.38171, 53.71666666666667], [-0.79963, 44.3818, 52.80777777777777], [-0.7998, 44.38192, 52.80777777777777], [-0.7999, 44.38208, 53.9], [-0.79991, 44.38225, 53.9], [-0.79982, 44.38247, 52.279999999999994], [-0.79977, 44.38231, 53.9]]]}}, {"type": "Feature", "properties": {"id_obligation": "402950000G1047", "priorite": "moyenne"}, "geometry": {"type": "Polygon", "coordinates": [[[-0.7997, 44.38284, 52.9642857142857], [-0.79943, 44.38295, 52.9642857142857], [-0.79919, 44.38297, 52.9642857142857], [-0.7989, 44.3829, 52.9642857142857], [-0.79871, 44.38279, 52.9642857142857], [-0.7986, 44.38263, 52.9642857142857], [-0.79858, 44.38245, 52.9642857142857], [-0.79869, 44.38223, 52.9642857142857], [-0.79885, 44.38209, 52.9642857142857], [-0.79908, 44.38202, 55.94999999999999], [-0.79932, 44.38201, 55.94999999999999], [-0.79961, 44.38208, 52.9642857142857], [-0.79975, 44.38217, 52.9642857142857], [-0.79987, 44.38233, 52.74285714285713], [-0.7999, 44.38251, 52.74285714285713], [-0.79984, 44.38269, 52.9642857142857], [-0.7997, 44.38284, 52.9642857142857]]]}}, {"type": "Feature", "properties": {"id_obligation": "402950000G1057", "priorite": "très forte"}, "geometry": {"type": "Polygon", "coordinates": [[[-0.81553, 44.40092, -1000.0], [-0.81583, 44.40097, -1000.0], [-0.81603, 44.40108, -1000.0], [-0.81616, 44.40128, -1000.0], [-0.81617, 44.40146, -1000.0], [-0.81606, 44.40178, -1000.0], [-0.81587, 44.40195, -1000.0], [-0.81564, 44.40202, -1000.0], [-0.8154, 44.40203, -1000.0], [-0.81504, 44.40196, -1000.0], [-0.8148, 44.40182, -1000.0], [-0.8147, 44.40166, -1000.0], [-0.81472, 44.40135, -1000.0], [-0.81481, 44.40118, -1000.0], [-0.81499, 44.40105, -1000.0], [-0.81529, 44.40094, -1000.0], [-0.81553, 44.40092, -1000.0]]]}}, {"type": "Feature", "properties": {"id_obligation": "402950000G1074", "priorite": "très forte"}, "geometry": {"type": "Polygon", "coordinates": [[[-0.81415, 44.40114, -1000.0], [-0.81389, 44.40126, -1000.0], [-0.81365, 44.40129, -1000.0], [-0.81317, 44.40122, -1000.0], [-0.81292, 44.4011, -1000.0], [-0.8128, 44.40095, -1000.0], [-0.81277, 44.40078, -1000.0], [-0.81283, 44.40055, -1000.0], [-0.81301, 44.40036, -1000.0], [-0.81323, 44.40027, -1000.0], [-0.81348, 44.40026, -1000.0], [-0.81394, 44.40032, -1000.0], [-0.81414, 44.40041, -1000.0], [-0.81428, 44.40055, -1000.0], [-0.81434, 44.40072, -1000.0], [-0.8143, 44.40095, -1000.0], [-0.81415, 44.40114, -1000.0]]]}}, {"type": "Feature", "properties": {"id_obligation": "402950000G1085", "priorite": "moyenne"}, "geometry": {"type": "Polygon", "coordinates": [[[-0.78796, 44.4011, -224.978125], [-0.78769, 44.401, -224.978125], [-0.78752, 44.40081, -224.978125], [-0.78746, 44.40051, -171.1291666666667], [-0.78758, 44.40031, -224.978125], [-0.78776, 44.4002, -224.978125], [-0.78822, 44.40007, 46.4], [-0.78828, 44.40007, 46.4], [-0.7883, 44.40013, 46.4], [-0.7884, 44.4001, 46.4], [-0.78838, 44.40006, 46.4], [-0.78847, 44.40007, 46.4], [-0.78874, 44.40014, 50.1], [-0.78865, 44.40017, 50.1], [-0.78869, 44.40025, 50.1], [-0.78884, 44.40021, 50.1], [-0.78888, 44.40025, 50.1], [-0.78903, 44.40049, -224.978125], [-0.78903, 44.40067, -224.978125], [-0.78895, 44.40083, -224.978125], [-0.78878, 44.40096, -224.978125], [-0.78826, 44.40111, -224.978125], [-0.78796, 44.4011, -224.978125]]]}}, {"type": "Feature", "properties": {"id_obligation": "402950000G1086", "priorite": "moyenne"}, "geometry": {"type": "Polygon", "coordinates": [[[-0.7882, 44.40105, -239.6799922299922], [-0.7879, 44.40114, -239.6799922299922], [-0.78765, 44.40113, -239.6799922299922], [-0.78739, 44.40103, 45.4], [-0.78724, 44.40089, 45.4], [-0.78714, 44.40066, -382.23636363636365], [-0.78714, 44.4006, 46.331903531400826], [-0.78723, 44.40064, 44.7], [-0.78728, 44.40057, 44.7], [-0.78716, 44.40052, 44.4], [-0.78716, 44.40045, 46.1], [-0.78725, 44.40049, 46.1], [-0.78731, 44.40041, 46.1], [-0.78718, 44.40036, 46.043583767724726], [-0.78733, 44.40015, 46.93333333333333], [-0.7874, 44.40016, 46.0], [-0.78753, 44.40005, -239.6799922299922], [-0.78781, 44.4, -239.6799922299922], [-0.78813, 44.40001, 46.4], [-0.7883, 44.40007, 46.4], [-0.7883, 44.40013, 46.4], [-0.78839, 44.40012, 46.4], [-0.78853, 44.40027, 46.4], [-0.78862, 44.40053, -1000.0], [-0.78858, 44.4007, -1000.0], [-0.78842, 44.4009, -239.6799922299922], [-0.7882, 44.40105, -239.6799922299922]]]}}, {"type": "Feature", "properties": {"id_obligation": "402950000G1091", "priorite": "moyenne"}, "geometry": {"type": "Polygon", "coordinates": [[[-0.78804, 44.40006, 46.39999999999999], [-0.78818, 44.39987, 45.916666666666664], [-0.78837, 44.39977, 45.916666666666664], [-0.78875, 44.39968, 45.5], [-0.78899, 44.3997, -162.41666666666669], [-0.78924, 44.39981, -162.41666666666669], [-0.78938, 44.39995, -162.41666666666669], [-0.78946, 44.40015, -162.41666666666669], [-0.78942, 44.40038, -162.41666666666669], [-0.78928, 44.40053, -162.41666666666669], [-0.78907, 44.40062, -162.41666666666669], [-0.78874, 44.4007, -162.41666666666669], [-0.78833, 44.40062, -1000.0], [-0.78841, 44.40059, -1000.0], [-0.78837, 44.40051, -1000.0], [-0.78823, 44.40055, -1000.0], [-0.78804, 44.40028, 46.39999999999999], [-0.78804, 44.40006, 46.39999999999999]]]}}, {"type": "Feature", "properties": {"id_obligation": "402950000G1098", "priorite": "forte"}, "geometry": {"type": "Polygon", "coordinates": [[[-0.81835, 44.39887, 50.4], [-0.81856, 44.39903, 50.4], [-0.81863, 44.39919, 50.4], [-0.81867, 44.39955, 50.4], [-0.81855, 44.39975, 50.4], [-0.81837, 44.39986, 50.4], [-0.81814, 44.39992, 50.4], [-0.81779, 44.39994, 50.4], [-0.81751, 44.39985, 50.4], [-0.81734, 44.39972, 50.4], [-0.81726, 44.39955, 50.4], [-0.81723, 44.39919, 50.4], [-0.81731, 44.39903, 50.4], [-0.81748, 44.3989, 50.4], [-0.81771, 44.39883, 50.4], [-0.81806, 44.3988, 50.4], [-0.81835, 44.39887, 50.4]]]}}, {"type": "Feature", "properties": {"id_obligation": "402950000H0116", "priorite": "très forte"}, "geometry": {"type": "Polygon", "coordinates": [[[-0.78512, 44.37508, 52.05416666666665], [-0.78521, 44.37491, 52.47519841269841], [-0.78542, 44.37476, 52.47519841269841], [-0.78574, 44.37467, 52.47519841269841], [-0.78599, 44.37468, 52.47519841269841], [-0.78626, 44.37479, 52.47519841269841], [-0.78653, 44.37515, 52.47519841269841], [-0.78652, 44.37533, 52.47519841269841], [-0.78641, 44.37549, 52.47519841269841], [-0.78613, 44.37565, 52.47519841269841], [-0.78591, 44.37571, 52.47519841269841], [-0.78567, 44.37569, 52.47519841269841], [-0.78545, 44.37562, 52.4], [-0.78514, 44.37529, 52.05416666666665], [-0.78512, 44.37508, 52.05416666666665]]]}}, {"type": "Feature", "properties": {"id_obligation": "402950000H0117", "priorite": "très forte"}, "geometry": {"type": "Polygon", "coordinates": [[[-0.78604, 44.37565, 52.537499999999994], [-0.78584, 44.37575, 52.537499999999994], [-0.78555, 44.37582, 52.537499999999994], [-0.78525, 44.3758, 52.537499999999994], [-0.78504, 44.37571, 52.537499999999994], [-0.78483, 44.37551, 52.537499999999994], [-0.78474, 44.37529, 52.537499999999994], [-0.78476, 44.37511, 52.537499999999994], [-0.78488, 44.37495, 52.537499999999994], [-0.78507, 44.37484, 52.537499999999994], [-0.78547, 44.37474, 52.537499999999994], [-0.78577, 44.37477, 52.537499999999994], [-0.78598, 44.37486, 52.537499999999994], [-0.78612, 44.375, 52.537499999999994], [-0.78621, 44.3752, 52.97142857142858], [-0.78618, 44.37545, 52.537499999999994], [-0.78604, 44.37565, 52.537499999999994]]]}}, {"type": "Feature", "properties": {"id_obligation": "402950000J0003", "priorite": "forte"}, "geometry": {"type": "MultiPolygon", "coordinates": [[[[-0.80057, 44.3814, 52.40833333333334], [-0.80035, 44.38155, 53.4468253968254], [-0.80012, 44.38161, 53.4468253968254], [-0.79982, 44.3816, 53.4468253968254], [-0.7996, 44.38152, 53.4468253968254], [-0.79944, 44.38139, 52.40833333333334], [-0.79936, 44.38123, 52.40833333333334], [-0.79937, 44.381, 53.4468253968254], [-0.79947, 44.38083, 53.4468253968254], [-0.79965, 44.38071, 53.4468253968254], [-0.79988, 44.38064, 53.4468253968254], [-0.80018, 44.38065, 53.4468253968254], [-0.80044, 44.38075, 53.4468253968254], [-0.80059, 44.38088, 53.4468253968254], [-0.80066, 44.38104, 52.40833333333334], [-0.80066, 44.38124, 52.40833333333334], [-0.80057, 44.3814, 52.40833333333334]]], [[[-0.80369, 44.38095, 52.95714285714286], [-0.80388, 44.38083, 53.4468253968254], [-0.80411, 44.38078, 53.4468253968254], [-0.80449, 44.38079, 53.4468253968254], [-0.80475, 44.38089, 53.4468253968254], [-0.80489, 44.38102, 52.95714285714286], [-0.80495, 44.38139, 54.97500000000001], [-0.80481, 44.38159, 54.97500000000001], [-0.80462, 44.38169, 54.97500000000001], [-0.80438, 44.38174, 54.97500000000001], [-0.80405, 44.38173, 54.97500000000001], [-0.80396, 44.38171, 54.3], [-0.80402, 44.38163, 54.3], [-0.80395, 44.3816, 54.3], [-0.8039, 44.38169, 54.3], [-0.80365, 44.38153, 54.97500000000001], [-0.80357, 44.38136, 54.97500000000001], [-0.80357, 44.38115, 52.95714285714286], [-0.80369, 44.38095, 52.95714285714286]]]]}}, {"type": "Feature", "properties": {"id_obligation": "402950000J0034", "priorite": "moyenne"}, "geometry": {"type": "Polygon", "coordinates": [[[-0.80432, 44.37722, 54.528571428571446], [-0.80417, 44.3774, 55.2], [-0.80387, 44.37753, 55.2], [-0.80355, 44.37755, 55.2], [-0.80327, 44.37746, 55.280571428571434], [-0.803, 44.37725, 52.6], [-0.80286, 44.37703, 52.6], [-0.80285, 44.37685, 58.0], [-0.80294, 44.37669, 58.0], [-0.8031, 44.37656, 58.0], [-0.80323, 44.37651, 58.0], [-0.80324, 44.37658, 58.0], [-0.80338, 44.37654, 58.0], [-0.80336, 44.37647, 58.0], [-0.80373, 44.37643, 58.0], [-0.80388, 44.37646, 55.4], [-0.80395, 44.37659, 55.4], [-0.80403, 44.37657, 55.4], [-0.804, 44.37651, 55.4], [-0.80415, 44.37661, 55.4], [-0.80433, 44.377, 54.528571428571446], [-0.80432, 44.37722, 54.528571428571446]]]}}, {"type": "Feature", "properties": {"id_obligation": "402950000J0036", "priorite": "moyenne"}, "geometry": {"type": "Polygon", "coordinates": [[[-0.80303, 44.3759, 57.2], [-0.80315, 44.37587, 57.2], [-0.80312, 44.37582, 57.2], [-0.80335, 44.37597, -244.85714285714286], [-0.80348, 44.37621, 55.30714285714286], [-0.80347, 44.37639, 58.0], [-0.80337, 44.37656, 58.0], [-0.80318, 44.37668, 58.0], [-0.80286, 44.37678, 56.4], [-0.80256, 44.37678, 56.4], [-0.80235, 44.37671, 56.4], [-0.80215, 44.37654, 56.4], [-0.80207, 44.3764, 53.46822642602811], [-0.80229, 44.37635, 53.5], [-0.80226, 44.37629, 53.5], [-0.80206, 44.37634, 53.43201791020412], [-0.80209, 44.37611, 53.824999999999996], [-0.80219, 44.37596, 54.576912497767346], [-0.80221, 44.37601, 54.5], [-0.80234, 44.37598, 54.5], [-0.80229, 44.37588, 54.6], [-0.80237, 44.37584, 54.557142857142864], [-0.80264, 44.37577, -807.7818181818183], [-0.80294, 44.37578, -807.7818181818183], [-0.80303, 44.3759, 57.2]]]}}, {"type": "Feature", "properties": {"id_obligation": "402950000J0041", "priorite": "moyenne"}, "geometry": {"type": "Polygon", "coordinates": [[[-0.79999, 44.37869, 54.95484848484848], [-0.7998, 44.37858, 54.95484848484848], [-0.79968, 44.37842, 54.89090909090908], [-0.79965, 44.37816, 55.2], [-0.79973, 44.37799, 56.1], [-0.79989, 44.37786, 56.1], [-0.79995, 44.37783, 56.1], [-0.79996, 44.37791, 56.1], [-0.80008, 44.3779, 56.1], [-0.80003, 44.3778, 56.1], [-0.80037, 44.37776, 56.33333333333332], [-0.80066, 44.37783, 54.95484848484848], [-0.80084, 44.37794, 54.95484848484848], [-0.80095, 44.37809, 54.95484848484848], [-0.80098, 44.37829, 54.95484848484848], [-0.8009, 44.3785, 54.95484848484848], [-0.80075, 44.37863, 54.95484848484848], [-0.80054, 44.37871, 54.95484848484848], [-0.8003, 44.37874, 53.7], [-0.79999, 44.37869, 54.95484848484848]]]}}, {"type": "Feature", "properties": {"id_obligation": "402950000J0046", "priorite": "forte"}, "geometry": {"type": "Polygon", "coordinates": [[[-0.80062, 44.37819, 54.20000000000001], [-0.80081, 44.37836, 54.20000000000001], [-0.80087, 44.37853, 54.20000000000001], [-0.80083, 44.3788, 54.20000000000001], [-0.80071, 44.37895, 54.20000000000001], [-0.80046, 44.37907, 54.20000000000001], [-0.80023, 44.3791, 54.20000000000001], [-0.79993, 44.37908, 54.20000000000001], [-0.79966, 44.37896, 54.20000000000001], [-0.79953, 44.37881, 54.20000000000001], [-0.7995, 44.37863, 54.20000000000001], [-0.79954, 44.37839, 55.199999999999996], [-0.79962, 44.37829, 55.2], [-0.79968, 44.37828, 55.2], [-0.79968, 44.37823, 55.2], [-0.79987, 44.37813, 55.199999999999996], [-0.80034, 44.3781, 53.7], [-0.80062, 44.37819, 54.20000000000001]]]}}, {"type": "Feature", "properties": {"id_obligation": "402950000J0047", "priorite": "moyenne"}, "geometry": {"type": "Polygon", "coordinates": [[[-0.7997, 44.37875, 54.344897959183676], [-0.79948, 44.37859, 54.344897959183676], [-0.7994, 44.37843, 55.199999999999996], [-0.79938, 44.37817, 55.199999999999996], [-0.79949, 44.37797, 51.5], [-0.79967, 44.37785, 51.5], [-0.7999, 44.37779, 56.1], [-0.8002, 44.37778, 56.1], [-0.80043, 44.37783, 56.39999999999999], [-0.80065, 44.37799, 56.39999999999999], [-0.80074, 44.37815, 53.9], [-0.80075, 44.37842, 53.9], [-0.80067, 44.37859, 54.344897959183676], [-0.8005, 44.37872, 54.344897959183676], [-0.80028, 44.37879, 53.7], [-0.79998, 44.37881, 53.7], [-0.7997, 44.37875, 54.344897959183676]]]}}, {"type": "Feature", "properties": {"id_obligation": "402950000J0048", "priorite": "moyenne"}, "geometry": {"type": "Polygon", "coordinates": [[[-0.80063, 44.37811, 55.14999999999999], [-0.80043, 44.37827, 55.14999999999999], [-0.80013, 44.37835, 53.5], [-0.80012, 44.37822, 53.5], [-0.80001, 44.37823, 53.5], [-0.80002, 44.37835, 53.5], [-0.79984, 44.37835, 53.5], [-0.79963, 44.37829, 55.2], [-0.79968, 44.37828, 55.2], [-0.79968, 44.37816, 55.2], [-0.79956, 44.37816, 55.2], [-0.79956, 44.37825, 55.2], [-0.79941, 44.37812, 53.87857142857144], [-0.79934, 44.37795, 55.304761904761904], [-0.79933, 44.37772, 55.304761904761904], [-0.79947, 44.37752, 56.800000000000004], [-0.79966, 44.37741, 56.800000000000004], [-0.7999, 44.37736, 55.304761904761904], [-0.8002, 44.37736, 55.304761904761904], [-0.80042, 44.37743, 55.304761904761904], [-0.80059, 44.37755, 55.304761904761904], [-0.80071, 44.3779, 56.4], [-0.80063, 44.37811, 55.14999999999999]]]}}, {"type": "Feature", "properties": {"id_obligation": "402950000J0053", "priorite": "moyenne"}, "geometry": {"type": "Polygon", "coordinates": [[[-0.79942, 44.37974, 55.1], [-0.79922, 44.37981, 52.2], [-0.79897, 44.37983, 52.2], [-0.7987, 44.37979, 53.46388888888889], [-0.79849, 44.37968, 53.46388888888889], [-0.79836, 44.37953, 53.46388888888889], [-0.79832, 44.37936, 53.46388888888889], [-0.79838, 44.37915, 53.46388888888889], [-0.79852, 44.37901, 53.46388888888889], [-0.79873, 44.37892, 53.46388888888889], [-0.79897, 44.37889, 53.46388888888889], [-0.7993, 44.37893, 53.46388888888889], [-0.7995, 44.37904, 53.46388888888889], [-0.79963, 44.37919, 54.099999999999994], [-0.79966, 44.37943, 55.0], [-0.79949, 44.37944, 55.0], [-0.7995, 44.37954, 55.0], [-0.79961, 44.37956, 54.85555555555557], [-0.79942, 44.37974, 55.1]]]}}, {"type": "Feature", "properties": {"id_obligation": "402950000J0054", "priorite": "moyenne"}, "geometry": {"type": "Polygon", "coordinates": [[[-0.80028, 44.3798, 53.0], [-0.80005, 44.37994, 53.0], [-0.79981, 44.37998, 53.314285714285695], [-0.7993, 44.37998, 53.314285714285695], [-0.79918, 44.37997, 54.6], [-0.79923, 44.37986, 54.6], [-0.79913, 44.37983, 54.6], [-0.79905, 44.37994, 54.6], [-0.79879, 44.37983, 54.60000000000001], [-0.79864, 44.37965, 52.35555555555555], [-0.79861, 44.37947, 52.35555555555555], [-0.79873, 44.37922, 53.8], [-0.79895, 44.37907, 53.8], [-0.79938, 44.379, 53.53814935064935], [-0.79985, 44.37898, 53.6], [-0.80014, 44.37906, 53.6], [-0.8003, 44.37919, 53.6], [-0.80039, 44.3794, 53.44444444444444], [-0.8004, 44.37947, 53.8], [-0.80033, 44.37947, 53.8], [-0.80033, 44.37952, 53.8], [-0.8004, 44.37952, 53.8], [-0.80028, 44.3798, 53.0]]]}}, {"type": "Feature", "properties": {"id_obligation": "402950000J0055", "priorite": "moyenne"}, "geometry": {"type": "Polygon", "coordinates": [[[-0.79884, 44.37993, 54.6], [-0.79878, 44.37971, 54.6], [-0.79885, 44.37954, 52.5], [-0.79907, 44.37931, 52.5], [-0.79928, 44.37922, 53.87499999999999], [-0.79952, 44.3792, 53.87499999999999], [-0.79976, 44.37924, 55.0], [-0.80002, 44.37937, 55.0], [-0.80015, 44.37953, 55.0], [-0.80018, 44.37975, 53.0], [-0.80009, 44.37991, 53.532291666666666], [-0.79989, 44.38011, 53.532291666666666], [-0.79959, 44.38021, 53.2], [-0.79959, 44.38017, 53.2], [-0.79945, 44.38017, 53.2], [-0.79944, 44.38022, 53.04999999999999], [-0.79927, 44.3802, 51.9], [-0.79929, 44.38013, 51.9], [-0.79922, 44.38012, 51.9], [-0.79921, 44.38018, 51.9], [-0.79899, 44.38007, 52.79999999999999], [-0.79884, 44.37993, 54.6]]]}}, {"type": "Feature", "properties": {"id_obligation": "402950000J0056", "priorite": "moyenne"}, "geometry": {"type": "Polygon", "coordinates": [[[-0.7995, 44.37954, 55.0], [-0.79967, 44.37954, 55.0], [-0.79972, 44.37958, 54.53636363636363], [-0.79985, 44.37978, 53.171428571428564], [-0.79984, 44.37996, 53.171428571428564], [-0.79971, 44.38022, 53.21428571428571], [-0.7995, 44.38038, 53.21428571428571], [-0.79927, 44.38044, -802.76875], [-0.79912, 44.38045, -1000.0], [-0.79905, 44.38038, -1000.0], [-0.79896, 44.38043, -1000.0], [-0.79873, 44.38036, -426.29090909090917], [-0.79856, 44.38026, 51.8], [-0.79857, 44.38021, 51.8], [-0.79851, 44.38021, -426.29090909090917], [-0.79842, 44.38004, -1000.0], [-0.79843, 44.37987, -1000.0], [-0.79854, 44.37965, -245.34934050324676], [-0.79873, 44.37949, -245.34934050324676], [-0.79895, 44.3794, 51.771428571428565], [-0.7992, 44.37939, 51.771428571428565], [-0.79948, 44.37944, 54.53636363636363], [-0.7995, 44.37954, 55.0]]]}}, {"type": "Feature", "properties": {"id_obligation": "402950000J0057", "priorite": "moyenne"}, "geometry": {"type": "Polygon", "coordinates": [[[-0.7999, 44.37978, -306.2119360902256], [-0.80012, 44.37993, -306.2119360902256], [-0.80021, 44.38014, -306.2119360902256], [-0.80019, 44.38039, 51.6], [-0.80005, 44.38059, 51.6], [-0.79986, 44.38069, 51.6], [-0.79963, 44.38074, -158.55], [-0.79931, 44.38073, -158.55], [-0.79886, 44.38056, -1000.0], [-0.79869, 44.38044, -1000.0], [-0.79858, 44.38024, -1000.0], [-0.79862, 44.37999, 54.6], [-0.79877, 44.3798, 54.6], [-0.79903, 44.37969, 54.6], [-0.79945, 44.37969, 55.1], [-0.79941, 44.37974, 55.1], [-0.79947, 44.37977, 55.1], [-0.79953, 44.37971, 55.1], [-0.7999, 44.37978, -306.2119360902256]]]}}, {"type": "Feature", "properties": {"id_obligation": "402950000J0058", "priorite": "moyenne"}, "geometry": {"type": "Polygon", "coordinates": [[[-0.79914, 44.38085, -1000.0], [-0.79884, 44.38081, -1000.0], [-0.79864, 44.38071, -416.64924613784905], [-0.79842, 44.38049, -144.15625], [-0.79837, 44.38032, -144.15625], [-0.79837, 44.38028, 55.4], [-0.79843, 44.38028, 55.4], [-0.79841, 44.38015, -1000.0], [-0.79864, 44.37992, -1000.0], [-0.79883, 44.37982, -62.87777777777777], [-0.79907, 44.37978, -62.87777777777777], [-0.79937, 44.37983, 52.536363636363625], [-0.7996, 44.37996, 52.536363636363625], [-0.79977, 44.38013, 52.32352941176471], [-0.79983, 44.38029, 52.32352941176471], [-0.79981, 44.38047, 52.32352941176471], [-0.79969, 44.38062, -416.64924613784905], [-0.79943, 44.38078, -416.64924613784905], [-0.79914, 44.38085, -1000.0]]]}}, {"type": "Feature", "properties": {"id_obligation": "402950000J0075", "priorite": "moyenne"}, "geometry": {"type": "Polygon", "coordinates": [[[-0.79786, 44.38065, -648.8846153846154], [-0.79766, 44.38048, -648.8846153846154], [-0.79759, 44.38031, -648.8846153846154], [-0.79763, 44.38004, -648.8846153846154], [-0.79779, 44.37986, -648.8846153846154], [-0.798, 44.37977, -648.8846153846154], [-0.79824, 44.37974, -648.8846153846154], [-0.79863, 44.37976, -648.8846153846154], [-0.79885, 44.37985, -648.8846153846154], [-0.799, 44.37999, -648.8846153846154], [-0.79906, 44.38016, -1000.0], [-0.799, 44.38032, -1000.0], [-0.79904, 44.38038, -1000.0], [-0.79893, 44.38044, -1000.0], [-0.79899, 44.38049, -1000.0], [-0.79894, 44.38055, -1000.0], [-0.79871, 44.38069, -1000.0], [-0.79848, 44.38073, -648.8846153846154], [-0.79815, 44.38073, -648.8846153846154], [-0.79786, 44.38065, -648.8846153846154]]]}}, {"type": "Feature", "properties": {"id_obligation": "402950000J0084", "priorite": "forte"}, "geometry": {"type": "Polygon", "coordinates": [[[-0.79904, 44.38218, 53.3764619883041], [-0.79885, 44.38235, 53.3764619883041], [-0.79845, 44.38245, 53.3764619883041], [-0.79814, 44.38242, 53.3764619883041], [-0.79793, 44.38233, 53.3764619883041], [-0.79774, 44.38213, 53.3764619883041], [-0.79757, 44.38177, 53.3764619883041], [-0.79759, 44.38156, 53.3764619883041], [-0.79774, 44.38138, 53.3764619883041], [-0.79802, 44.38122, 53.3764619883041], [-0.79836, 44.38113, 53.3764619883041], [-0.79866, 44.38116, 55.0], [-0.79887, 44.38125, 55.0], [-0.79902, 44.38141, 55.0], [-0.79898, 44.38141, 55.0], [-0.79896, 44.3815, 55.0], [-0.79908, 44.38153, 55.0], [-0.7991, 44.38192, 51.80833333333333], [-0.79904, 44.38218, 53.3764619883041]]]}}, {"type": "Feature", "properties": {"id_obligation": "402950000J0150", "priorite": "forte"}, "geometry": {"type": "Polygon", "coordinates": [[[-0.79442, 44.3757, 53.842777777777776], [-0.79421, 44.37586, 53.842777777777776], [-0.79338, 44.37606, 51.67777777777777], [-0.79311, 44.37602, 53.842777777777776], [-0.79277, 44.37589, 53.842777777777776], [-0.79258, 44.37572, 54.86], [-0.79253, 44.37554, 54.86], [-0.7926, 44.37532, 53.842777777777776], [-0.79287, 44.37512, 53.842777777777776], [-0.79311, 44.37505, 53.842777777777776], [-0.79343, 44.37506, 53.842777777777776], [-0.79386, 44.37499, 53.842777777777776], [-0.79409, 44.37502, 53.842777777777776], [-0.7943, 44.37512, 53.842777777777776], [-0.79443, 44.37526, 53.842777777777776], [-0.7945, 44.37549, 54.1], [-0.79442, 44.3757, 53.842777777777776]]]}}, {"type": "Feature", "properties": {"id_obligation": "402950000J0153", "priorite": "très forte"}, "geometry": {"type": "Polygon", "coordinates": [[[-0.79239, 44.3762, 53.49473684210527], [-0.79218, 44.37636, 53.49473684210527], [-0.79184, 44.37647, 53.49473684210527], [-0.79153, 44.37645, 53.49473684210527], [-0.79126, 44.37634, 53.49473684210527], [-0.79101, 44.37605, 53.49473684210527], [-0.79091, 44.37582, 53.49473684210527], [-0.79093, 44.37564, 53.49473684210527], [-0.79105, 44.37549, 53.49473684210527], [-0.79124, 44.37537, 53.49473684210527], [-0.79182, 44.37525, 53.49473684210527], [-0.79206, 44.37525, 53.49473684210527], [-0.79229, 44.37532, 53.49473684210527], [-0.79249, 44.37549, 53.49473684210527], [-0.79257, 44.37572, 53.49473684210527], [-0.79253, 44.37595, 53.49473684210527], [-0.79239, 44.3762, 53.49473684210527]]]}}, {"type": "Feature", "properties": {"id_obligation": "402950000J0158", "priorite": "très forte"}, "geometry": {"type": "Polygon", "coordinates": [[[-0.78883, 44.37562, 53.06923076923078], [-0.78859, 44.37576, 53.06923076923078], [-0.78824, 44.37581, 53.06923076923078], [-0.78776, 44.3758, 53.06923076923078], [-0.78754, 44.37574, 53.06923076923078], [-0.78734, 44.37558, 53.06923076923078], [-0.78726, 44.37542, 53.06923076923078], [-0.78727, 44.37521, 53.06923076923078], [-0.78738, 44.37501, 53.06923076923078], [-0.78761, 44.37487, 53.06923076923078], [-0.78806, 44.37478, 53.06923076923078], [-0.78843, 44.37477, 53.06923076923078], [-0.78866, 44.37483, 53.06923076923078], [-0.78886, 44.37499, 53.06923076923078], [-0.78894, 44.37516, 53.06923076923078], [-0.78894, 44.37541, 53.06923076923078], [-0.78883, 44.37562, 53.06923076923078]]]}}, {"type": "Feature", "properties": {"id_obligation": "402950000J0162", "priorite": "très forte"}, "geometry": {"type": "Polygon", "coordinates": [[[-0.78642, 44.37554, 55.3], [-0.78624, 44.37543, 55.3], [-0.78613, 44.37527, 55.3], [-0.7861, 44.37502, 55.3], [-0.78617, 44.37485, 55.3], [-0.78633, 44.37471, 55.3], [-0.78656, 44.37463, 55.3], [-0.78687, 44.37462, 55.3], [-0.78716, 44.3747, 55.3], [-0.78732, 44.37482, 55.3], [-0.78741, 44.37499, 55.3], [-0.78742, 44.3752, 55.3], [-0.78734, 44.37537, 55.3], [-0.78718, 44.3755, 55.3], [-0.78696, 44.37558, 55.3], [-0.78671, 44.3756, 55.3], [-0.78642, 44.37554, 55.3]]]}}, {"type": "Feature", "properties": {"id_obligation": "402950000J0211", "priorite": "forte"}, "geometry": {"type": "Polygon", "coordinates": [[[-0.79897, 44.37331, -360.4575757575758], [-0.79922, 44.37343, -360.4575757575758], [-0.79939, 44.37371, 54.6], [-0.79919, 44.37368, 54.6], [-0.79917, 44.37376, 54.6], [-0.79939, 44.37379, 54.6], [-0.7994, 44.37374, 54.6], [-0.79941, 44.37387, 54.6], [-0.7993, 44.37408, -360.4575757575758], [-0.79912, 44.3742, -360.4575757575758], [-0.79889, 44.37426, -1000.0], [-0.7985, 44.37429, -1000.0], [-0.79821, 44.37421, -360.4575757575758], [-0.79804, 44.37408, -360.4575757575758], [-0.79796, 44.37392, -360.4575757575758], [-0.79793, 44.3737, -360.4575757575758], [-0.79801, 44.37354, -360.4575757575758], [-0.79817, 44.3734, -360.4575757575758], [-0.79839, 44.37333, -360.4575757575758], [-0.79867, 44.37329, -360.4575757575758], [-0.79897, 44.37331, -360.4575757575758]]]}}, {"type": "Feature", "properties": {"id_obligation": "402950000J0217", "priorite": "moyenne"}, "geometry": {"type": "Polygon", "coordinates": [[[-0.80066, 44.37393, 57.9], [-0.80041, 44.37405, 57.9], [-0.80016, 44.37407, 57.96], [-0.79974, 44.374, -119.615], [-0.79955, 44.37389, -119.615], [-0.79941, 44.3737, -119.615], [-0.79941, 44.37352, -119.615], [-0.7995, 44.37327, 55.0], [-0.79969, 44.37311, 55.0], [-0.79992, 44.37304, -119.615], [-0.80016, 44.37304, -119.615], [-0.80044, 44.37308, 55.4], [-0.80045, 44.37313, 55.4], [-0.80057, 44.37312, 55.4], [-0.80083, 44.37336, 56.050000000000004], [-0.80086, 44.37354, 56.050000000000004], [-0.80081, 44.37374, 57.9], [-0.80066, 44.37393, 57.9]]]}}, {"type": "Feature", "properties": {"id_obligation": "402950000J0230", "priorite": "faible"}, "geometry": {"type": "Polygon", "coordinates": [[[-0.80145, 44.37505, 55.1], [-0.80114, 44.37493, 55.1], [-0.801, 44.37479, 55.1], [-0.80094, 44.37463, 55.0578947368421], [-0.80094, 44.37456, 55.6], [-0.80112, 44.37454, 55.6], [-0.80095, 44.37453, 55.6], [-0.80097, 44.37441, 55.0578947368421], [-0.80106, 44.37432, 56.4], [-0.80132, 44.37434, 56.4], [-0.80132, 44.37425, 56.4], [-0.80107, 44.37426, 56.4], [-0.80137, 44.3741, 56.39999999999999], [-0.80191, 44.37404, 56.4], [-0.80194, 44.3741, 56.4], [-0.80204, 44.37407, 56.4], [-0.80202, 44.37403, 56.4], [-0.80229, 44.37404, 55.29999999999999], [-0.8025, 44.37412, 55.29999999999999], [-0.80266, 44.37426, 55.29999999999999], [-0.80275, 44.3745, 55.3], [-0.80273, 44.37468, 57.39285714285713], [-0.80262, 44.37483, 57.39285714285713], [-0.80243, 44.37495, 57.39285714285713], [-0.80185, 44.37504, 54.61875], [-0.80145, 44.37505, 55.1]]]}}, {"type": "Feature", "properties": {"id_obligation": "402950000J0238", "priorite": "moyenne"}, "geometry": {"type": "Polygon", "coordinates": [[[-0.79897, 44.37482, 54.76666666666667], [-0.79915, 44.3747, 54.76666666666667], [-0.79938, 44.37463, 54.76666666666667], [-0.79969, 44.37463, 54.76666666666667], [-0.79996, 44.37473, 54.76666666666667], [-0.80011, 44.37486, 54.76666666666667], [-0.80018, 44.37503, 55.5], [-0.80017, 44.37522, 55.5], [-0.80008, 44.37538, 54.76666666666667], [-0.79991, 44.37551, 54.76666666666667], [-0.7996, 44.37558, 53.196375322392925], [-0.7996, 44.37547, 52.1], [-0.79949, 44.37548, 52.1], [-0.79953, 44.37559, 53.5], [-0.79938, 44.37558, 53.15], [-0.79915, 44.37551, 54.76666666666667], [-0.79897, 44.37539, 54.76666666666667], [-0.79888, 44.37523, 54.76666666666667], [-0.79887, 44.37503, 54.76666666666667], [-0.79897, 44.37482, 54.76666666666667]]]}}, {"type": "Feature", "properties": {"id_obligation": "402950000J0271", "priorite": "moyenne"}, "geometry": {"type": "Polygon", "coordinates": [[[-0.79973, 44.37692, 54.8], [-0.79995, 44.377, 54.8], [-0.80011, 44.37714, 54.8], [-0.80018, 44.3773, 56.8], [-0.80017, 44.37758, 56.1], [-0.80006, 44.37774, 56.1], [-0.79987, 44.37785, 56.1], [-0.79928, 44.37793, 55.734117647058824], [-0.79871, 44.3779, 55.734117647058824], [-0.79848, 44.37784, 55.734117647058824], [-0.79827, 44.37769, 55.734117647058824], [-0.79819, 44.37753, 55.5], [-0.79819, 44.37734, 55.5], [-0.79834, 44.3771, 55.734117647058824], [-0.79865, 44.37696, 55.734117647058824], [-0.79973, 44.37692, 54.8]]]}}, {"type": "Feature", "properties": {"id_obligation": "402950000J0272", "priorite": "moyenne"}, "geometry": {"type": "Polygon", "coordinates": [[[-0.80054, 44.37699, -207.775], [-0.80057, 44.37716, -207.775], [-0.8005, 44.37733, -1000.0], [-0.80031, 44.37752, -1000.0], [-0.80003, 44.37762, -208.01728571428572], [-0.79978, 44.37762, -208.01728571428572], [-0.79938, 44.37746, 56.8], [-0.79956, 44.37746, 56.8], [-0.79956, 44.37736, 56.8], [-0.79935, 44.37736, 56.8], [-0.79931, 44.3774, 56.095834586627], [-0.7992, 44.37722, -208.01728571428572], [-0.79921, 44.37705, -208.01728571428572], [-0.79947, 44.37674, -208.01728571428572], [-0.79968, 44.37666, 56.3], [-0.79992, 44.37664, 56.3], [-0.80015, 44.37669, -208.01728571428572], [-0.80037, 44.37681, -208.01728571428572], [-0.80054, 44.37699, -207.775]]]}}, {"type": "Feature", "properties": {"id_obligation": "402950000J0275", "priorite": "moyenne"}, "geometry": {"type": "Polygon", "coordinates": [[[-0.79985, 44.37603, 54.26136363636364], [-0.80004, 44.37593, 54.26136363636364], [-0.80034, 44.37589, 53.945454545454545], [-0.80066, 44.37594, 53.8], [-0.80086, 44.37604, 53.8], [-0.80101, 44.37624, 55.9], [-0.80102, 44.37642, 55.9], [-0.80094, 44.37666, 54.26136363636364], [-0.80079, 44.3768, 54.26136363636364], [-0.80057, 44.37688, 54.26136363636364], [-0.80033, 44.37691, 54.26136363636364], [-0.80001, 44.37685, 54.26136363636364], [-0.79982, 44.37675, 54.26136363636364], [-0.7997, 44.3766, 54.26136363636364], [-0.79966, 44.37642, 54.26136363636364], [-0.7997, 44.37623, 54.26136363636364], [-0.79985, 44.37603, 54.26136363636364]]]}}, {"type": "Feature", "properties": {"id_obligation": "402950000J0285", "priorite": "moyenne"}, "geometry": {"type": "Polygon", "coordinates": [[[-0.8003, 44.37529, 55.8], [-0.80007, 44.37525, 55.5], [-0.79985, 44.37513, 55.5], [-0.79974, 44.375, 55.5], [-0.79969, 44.37479, 55.544285714285714], [-0.79974, 44.37461, 55.544285714285714], [-0.79988, 44.37447, 55.544285714285714], [-0.80009, 44.37437, 55.544285714285714], [-0.80042, 44.37431, 55.5], [-0.80075, 44.37433, 56.3], [-0.80097, 44.37441, 56.100000000000016], [-0.80111, 44.37454, 55.6], [-0.80093, 44.37456, 55.6], [-0.80112, 44.37455, 55.6], [-0.80114, 44.37459, 57.199999999999996], [-0.80119, 44.37481, 57.199999999999996], [-0.80112, 44.37502, 52.5], [-0.80091, 44.37518, 52.5], [-0.80061, 44.37527, 55.8], [-0.8003, 44.37529, 55.8]]]}}, {"type": "Feature", "properties": {"id_obligation": "402950000J0286", "priorite": "moyenne"}, "geometry": {"type": "Polygon", "coordinates": [[[-0.80143, 44.37455, 54.8], [-0.80138, 44.37457, 54.8], [-0.80144, 44.3746, 54.71818181818182], [-0.80141, 44.37481, 55.1], [-0.80136, 44.37481, 55.1], [-0.80136, 44.37488, 55.1], [-0.80126, 44.37499, 55.1], [-0.80108, 44.37511, 55.1], [-0.80084, 44.37516, 53.58571428571429], [-0.80053, 44.37515, 56.01666666666666], [-0.80032, 44.37507, 56.01666666666666], [-0.80016, 44.37494, 56.01666666666666], [-0.80008, 44.37478, 56.23333333333333], [-0.80007, 44.3745, 56.23333333333333], [-0.80018, 44.3743, 55.61945854390707], [-0.80036, 44.37418, 55.61945854390707], [-0.80065, 44.37412, 56.45882352941177], [-0.80069, 44.37417, 57.6], [-0.80083, 44.37416, 57.6], [-0.80082, 44.37412, 57.6], [-0.80097, 44.37414, 55.98461538461538], [-0.80121, 44.37425, 56.4], [-0.80095, 44.37426, 56.4], [-0.80094, 44.37437, 56.4], [-0.80114, 44.37432, 56.4], [-0.80131, 44.37434, 56.4], [-0.80143, 44.37455, 54.8]]]}}, {"type": "Feature", "properties": {"id_obligation": "402950000J0287", "priorite": "faible"}, "geometry": {"type": "Polygon", "coordinates": [[[-0.80243, 44.37535, 55.5], [-0.80175, 44.37538, -807.8363636363637], [-0.80158, 44.37531, -1000.0], [-0.80147, 44.37534, -1000.0], [-0.80127, 44.37523, -807.8363636363637], [-0.80115, 44.37507, 55.419999999999995], [-0.80111, 44.37485, 55.419999999999995], [-0.80117, 44.37469, 55.419999999999995], [-0.80142, 44.3745, 53.9], [-0.80196, 44.37439, 54.709999999999994], [-0.80218, 44.37429, 55.3], [-0.8022, 44.37434, 55.3], [-0.80234, 44.37426, 54.709999999999994], [-0.8027, 44.37429, 56.20000000000001], [-0.80297, 44.37446, 56.20000000000001], [-0.80307, 44.37473, 55.4], [-0.80295, 44.37476, 55.5], [-0.80301, 44.37487, 55.5], [-0.80309, 44.37485, 55.5], [-0.80304, 44.37501, 56.309090909090905], [-0.80281, 44.37522, 56.199999999999996], [-0.80243, 44.37535, 55.5]]]}}, {"type": "Feature", "properties": {"id_obligation": "402950000J0303", "priorite": "forte"}, "geometry": {"type": "Polygon", "coordinates": [[[-0.79776, 44.36964, 59.026785714285715], [-0.79801, 44.36978, 59.026785714285715], [-0.79812, 44.36995, 59.026785714285715], [-0.79814, 44.3702, 59.026785714285715], [-0.79803, 44.3704, 59.026785714285715], [-0.79785, 44.37051, 59.026785714285715], [-0.79763, 44.37057, 59.026785714285715], [-0.79736, 44.37058, 59.026785714285715], [-0.79712, 44.37053, 59.026785714285715], [-0.79694, 44.37041, 59.026785714285715], [-0.79683, 44.37025, 59.5], [-0.7968, 44.37002, 59.7], [-0.79691, 44.37002, 59.7], [-0.79691, 44.3699, 59.7], [-0.79683, 44.3699, 59.7], [-0.79704, 44.3697, 59.550000000000004], [-0.79725, 44.36962, 59.1], [-0.79752, 44.3696, 59.1], [-0.79776, 44.36964, 59.026785714285715]]]}}, {"type": "Feature", "properties": {"id_obligation": "402950000J0312", "priorite": "très forte"}, "geometry": {"type": "Polygon", "coordinates": [[[-0.79548, 44.36745, 55.75], [-0.79578, 44.36749, 55.75], [-0.79598, 44.36759, 55.75], [-0.79615, 44.36778, 55.75], [-0.79619, 44.36796, 55.75], [-0.79613, 44.36813, 55.75], [-0.79598, 44.36827, 55.75], [-0.7957, 44.3684, 55.75], [-0.79545, 44.36842, 55.75], [-0.79521, 44.36838, 55.75], [-0.79501, 44.36827, 55.75], [-0.79484, 44.36806, 54.0], [-0.79482, 44.36788, 54.0], [-0.7949, 44.36771, 55.75], [-0.79524, 44.36749, 55.75], [-0.79548, 44.36745, 55.75]]]}}, {"type": "Feature", "properties": {"id_obligation": "402950000J0330", "priorite": "très forte"}, "geometry": {"type": "Polygon", "coordinates": [[[-0.79662, 44.37081, 54.2], [-0.79639, 44.37094, 54.2], [-0.79616, 44.37099, 54.2], [-0.7958, 44.37096, 54.2], [-0.79559, 44.37088, 54.2], [-0.79544, 44.37074, 54.2], [-0.79537, 44.37058, 54.2], [-0.7954, 44.37038, 54.2], [-0.79552, 44.37022, 54.2], [-0.79577, 44.37009, 54.2], [-0.79601, 44.37006, 54.2], [-0.79631, 44.37009, 54.2], [-0.79653, 44.37018, 54.2], [-0.79668, 44.37032, 54.2], [-0.79674, 44.3705, 54.2], [-0.79672, 44.37065, 54.2], [-0.79662, 44.37081, 54.2]]]}}, {"type": "Feature", "properties": {"id_obligation": "402950000J0384", "priorite": "forte"}, "geometry": {"type": "Polygon", "coordinates": [[[-0.7867, 44.37195, 55.34659090909091], [-0.7864, 44.372, 55.34659090909091], [-0.78603, 44.37192, 55.34659090909091], [-0.78581, 44.37176, 55.34659090909091], [-0.78572, 44.37159, 55.34659090909091], [-0.78574, 44.37141, 55.34659090909091], [-0.78591, 44.37105, 55.34659090909091], [-0.78611, 44.37088, 55.34659090909091], [-0.78634, 44.37082, 57.1], [-0.78664, 44.37083, 57.1], [-0.78675, 44.37085, 57.1], [-0.78672, 44.37103, 57.1], [-0.78703, 44.37105, 57.1], [-0.78705, 44.37096, 54.4], [-0.78719, 44.37108, 55.75], [-0.78727, 44.37124, 54.0], [-0.78726, 44.37141, 54.0], [-0.78716, 44.37159, 55.34659090909091], [-0.7867, 44.37195, 55.34659090909091]]]}}, {"type": "Feature", "properties": {"id_obligation": "402950000J0387", "priorite": "moyenne"}, "geometry": {"type": "Polygon", "coordinates": [[[-0.78802, 44.37138, 54.94391233766233], [-0.78784, 44.37149, 54.94391233766233], [-0.78762, 44.37155, 54.94391233766233], [-0.78716, 44.37149, 54.0], [-0.78696, 44.37137, 54.0], [-0.78684, 44.37117, 55.800000000000004], [-0.78684, 44.37104, 57.1], [-0.78703, 44.37105, 57.1], [-0.78707, 44.37087, 54.6], [-0.78715, 44.37088, 54.6], [-0.78717, 44.3708, 54.6], [-0.7869, 44.37077, 57.1], [-0.787, 44.37063, 55.8], [-0.78717, 44.37051, 55.8], [-0.78745, 44.37043, 57.3], [-0.78782, 44.37046, 55.463636363636375], [-0.78806, 44.37059, 55.463636363636375], [-0.78811, 44.37064, 55.04701149689204], [-0.78794, 44.37062, 55.0], [-0.78793, 44.37067, 55.0], [-0.78816, 44.3707, 55.1], [-0.78821, 44.37101, 52.0], [-0.78802, 44.37138, 54.94391233766233]]]}}, {"type": "Feature", "properties": {"id_obligation": "402950000J0390", "priorite": "forte"}, "geometry": {"type": "Polygon", "coordinates": [[[-0.78961, 44.37025, 57.60000000000001], [-0.78937, 44.37039, 57.60000000000001], [-0.78952, 44.37066, -87.60950680272107], [-0.78944, 44.37091, -87.60950680272107], [-0.78924, 44.37107, -87.60950680272107], [-0.7889, 44.37117, 55.75], [-0.78859, 44.37118, 55.75], [-0.78831, 44.37108, 55.14000000000001], [-0.78812, 44.37091, 55.14000000000001], [-0.78804, 44.37072, 55.14000000000001], [-0.78794, 44.37067, 55.017938303770116], [-0.78816, 44.3707, 55.1], [-0.78822, 44.37065, 55.1], [-0.78794, 44.37062, 55.0], [-0.78793, 44.37066, 55.0], [-0.78772, 44.37043, 54.400000000000006], [-0.78772, 44.37015, 54.400000000000006], [-0.78786, 44.36996, -87.60950680272107], [-0.78811, 44.36983, -87.60950680272107], [-0.78837, 44.36981, 55.5625], [-0.78854, 44.36963, 55.5625], [-0.7888, 44.36952, 55.5625], [-0.78919, 44.3695, -193.7761904761903], [-0.78947, 44.36959, -193.7761904761903], [-0.7897, 44.3698, -193.7761904761903], [-0.78973, 44.37005, 57.60000000000001], [-0.78961, 44.37025, 57.60000000000001]]]}}, {"type": "Feature", "properties": {"id_obligation": "402950000J0392", "priorite": "forte"}, "geometry": {"type": "Polygon", "coordinates": [[[-0.78968, 44.3695, 1.9072916666666977], [-0.78988, 44.36967, 1.9072916666666977], [-0.78995, 44.36996, 1.9072916666666977], [-0.78987, 44.37017, 57.6], [-0.78965, 44.37032, 57.6], [-0.78943, 44.37038, 57.6], [-0.78895, 44.37041, 57.6], [-0.78866, 44.37035, 1.9072916666666977], [-0.78848, 44.37024, 1.9072916666666977], [-0.78836, 44.37009, 54.9], [-0.78834, 44.36985, 54.9], [-0.78841, 44.36968, 1.9072916666666977], [-0.78873, 44.36947, 1.9072916666666977], [-0.7894, 44.36942, 1.9072916666666977], [-0.78968, 44.3695, 1.9072916666666977]]]}}, {"type": "Feature", "properties": {"id_obligation": "402950000J0393", "priorite": "forte"}, "geometry": {"type": "Polygon", "coordinates": [[[-0.78846, 44.37031, 57.2], [-0.78846, 44.37026, 57.2], [-0.78833, 44.37026, 57.2], [-0.78821, 44.37018, 57.2], [-0.78808, 44.36998, -27.00456349206343], [-0.78809, 44.36978, -27.00456349206343], [-0.78819, 44.36962, -27.00456349206343], [-0.78843, 44.36947, -27.00456349206343], [-0.78867, 44.36943, -27.00456349206343], [-0.78898, 44.36944, -27.00456349206343], [-0.7892, 44.36951, -27.00456349206343], [-0.78936, 44.36964, -27.00456349206343], [-0.78944, 44.36981, -193.7761904761903], [-0.78943, 44.37, -193.7761904761903], [-0.78933, 44.37016, -27.00456349206343], [-0.78915, 44.37028, -27.00456349206343], [-0.78868, 44.37035, -27.00456349206343], [-0.78846, 44.37031, 57.2]]]}}, {"type": "Feature", "properties": {"id_obligation": "402950000J0395", "priorite": "forte"}, "geometry": {"type": "Polygon", "coordinates": [[[-0.78737, 44.36941, 53.5], [-0.78763, 44.3693, 53.5], [-0.78792, 44.36929, 53.5], [-0.78822, 44.36936, 53.5], [-0.78843, 44.36952, 53.5], [-0.78851, 44.36968, 53.5], [-0.78849, 44.36985, 53.5], [-0.78838, 44.37009, 53.5], [-0.78821, 44.37022, 53.5], [-0.78799, 44.3703, 53.5], [-0.78774, 44.3703, 53.5], [-0.78743, 44.37022, 53.5], [-0.78729, 44.37013, 53.5], [-0.78717, 44.36997, 53.5], [-0.78715, 44.36979, 53.5], [-0.78721, 44.36959, 53.5], [-0.78737, 44.36941, 53.5]]]}}, {"type": "Feature", "properties": {"id_obligation": "402950000J0410", "priorite": "très forte"}, "geometry": {"type": "Polygon", "coordinates": [[[-0.79055, 44.36743, 56.67857142857143], [-0.79059, 44.36721, 56.67857142857143], [-0.79073, 44.36706, 56.67857142857143], [-0.79106, 44.36689, 57.0], [-0.7913, 44.36684, 57.0], [-0.79155, 44.36686, 56.67857142857143], [-0.79177, 44.36694, 56.67857142857143], [-0.79196, 44.36713, 56.67857142857143], [-0.79203, 44.36733, 56.67857142857143], [-0.79196, 44.36754, 56.67857142857143], [-0.79181, 44.36767, 56.67857142857143], [-0.79147, 44.36784, 56.67857142857143], [-0.79123, 44.36787, 56.67857142857143], [-0.79099, 44.36784, 56.67857142857143], [-0.79078, 44.36775, 56.67857142857143], [-0.79063, 44.36759, 56.67857142857143], [-0.79055, 44.36743, 56.67857142857143]]]}}, {"type": "Feature", "properties": {"id_obligation": "402950000J0460", "priorite": "moyenne"}, "geometry": {"type": "Polygon", "coordinates": [[[-0.80392, 44.37643, 56.55555555555554], [-0.80379, 44.37663, 56.55555555555554], [-0.80355, 44.37676, 56.55555555555554], [-0.8032, 44.37683, 58.0], [-0.80295, 44.3768, 58.0], [-0.80274, 44.37669, 58.0], [-0.80238, 44.3766, 56.4], [-0.80216, 44.37638, 53.5], [-0.80229, 44.37635, 53.5], [-0.80226, 44.37629, 53.5], [-0.80213, 44.37632, 53.45689670903939], [-0.80211, 44.37624, 54.683333333333316], [-0.80217, 44.37602, -179.7888888888889], [-0.8022, 44.37599, 54.5], [-0.80234, 44.37598, 54.5], [-0.8023, 44.3759, 54.6], [-0.80237, 44.37585, -179.7888888888889], [-0.80289, 44.37567, 57.2], [-0.80303, 44.3759, 57.2], [-0.80315, 44.37587, 57.2], [-0.80301, 44.37564, 57.2], [-0.80321, 44.37562, -564.6823529411765], [-0.80351, 44.37568, 56.8], [-0.8037, 44.3758, 56.8], [-0.8039, 44.37621, 57.074999999999996], [-0.80392, 44.37643, 56.55555555555554]]]}}, {"type": "Feature", "properties": {"id_obligation": "402950000J0474", "priorite": "moyenne"}, "geometry": {"type": "Polygon", "coordinates": [[[-0.80397, 44.37644, 55.4], [-0.80388, 44.37646, 55.4], [-0.80395, 44.37659, 55.4], [-0.804, 44.37658, 55.4], [-0.80399, 44.37663, 55.4], [-0.80378, 44.37689, 55.5], [-0.80367, 44.37694, 55.5], [-0.80364, 44.37688, 55.5], [-0.80347, 44.37692, 55.5], [-0.8035, 44.37699, 55.5], [-0.80336, 44.37702, 54.291666666666664], [-0.80317, 44.37703, 54.291666666666664], [-0.80294, 44.37698, 55.62113782051282], [-0.80271, 44.37682, 55.62113782051282], [-0.80261, 44.37665, 55.2], [-0.80258, 44.37642, 55.2], [-0.80266, 44.37625, 55.2], [-0.80271, 44.37634, 55.2], [-0.80286, 44.37629, 55.2], [-0.80281, 44.37619, 55.2], [-0.80266, 44.37624, 55.2], [-0.80281, 44.37611, 55.199999999999996], [-0.80316, 44.37599, 55.23], [-0.80341, 44.37598, 55.23], [-0.80355, 44.376, 56.8], [-0.80357, 44.37607, 56.8], [-0.80368, 44.37605, 56.8], [-0.80383, 44.37615, 56.916666666666664], [-0.80396, 44.37633, 55.4], [-0.80401, 44.37651, 55.4], [-0.80397, 44.37644, 55.4]]]}}, {"type": "Feature", "properties": {"id_obligation": "402950000J0482", "priorite": "forte"}, "geometry": {"type": "Polygon", "coordinates": [[[-0.80203, 44.37877, 52.97857142857142], [-0.80174, 44.37894, 52.97857142857142], [-0.80127, 44.37899, 52.97857142857142], [-0.80098, 44.37892, 52.97857142857142], [-0.80078, 44.37875, 52.97857142857142], [-0.8007, 44.37859, 52.97857142857142], [-0.80071, 44.37816, 52.97857142857142], [-0.80078, 44.37799, 52.97857142857142], [-0.80095, 44.37785, 52.97857142857142], [-0.80117, 44.37777, 52.97857142857142], [-0.8015, 44.37775, 52.97857142857142], [-0.80174, 44.37781, 52.97857142857142], [-0.80192, 44.37794, 52.97857142857142], [-0.80201, 44.37806, 52.97857142857142], [-0.80212, 44.37855, 52.97857142857142], [-0.80203, 44.37877, 52.97857142857142]]]}}, {"type": "Feature", "properties": {"id_obligation": "402950000J0510", "priorite": "moyenne"}, "geometry": {"type": "Polygon", "coordinates": [[[-0.79994, 44.3784, 53.5], [-0.79978, 44.37827, 53.5], [-0.7997, 44.3781, 56.1], [-0.79973, 44.37784, 56.1], [-0.79983, 44.37769, 56.1], [-0.80001, 44.37757, 56.1], [-0.80023, 44.37751, 55.2], [-0.80054, 44.37752, 55.2], [-0.80081, 44.37762, 55.2], [-0.80096, 44.37777, 55.2], [-0.80102, 44.37794, 55.2], [-0.80099, 44.37816, 55.2], [-0.80089, 44.37832, 55.2], [-0.8007, 44.37844, 55.2], [-0.80047, 44.3785, 53.9], [-0.80022, 44.37849, 53.9], [-0.79994, 44.3784, 53.5]]]}}, {"type": "Feature", "properties": {"id_obligation": "402950000J0516", "priorite": "forte"}, "geometry": {"type": "Polygon", "coordinates": [[[-0.80367, 44.37811, 52.93333333333334], [-0.8034, 44.37801, 52.93333333333334], [-0.80326, 44.37787, 52.93333333333334], [-0.80313, 44.37761, 52.93333333333334], [-0.80316, 44.37739, 51.699999999999996], [-0.80329, 44.37723, 51.699999999999996], [-0.80347, 44.37714, 51.7], [-0.80379, 44.37707, 51.9], [-0.80403, 44.37708, 51.9], [-0.80429, 44.37719, 52.93333333333334], [-0.80444, 44.37733, 52.93333333333334], [-0.80455, 44.37759, 52.93333333333334], [-0.80454, 44.37776, 52.93333333333334], [-0.80443, 44.37792, 52.93333333333334], [-0.80425, 44.37804, 52.93333333333334], [-0.80397, 44.37811, 52.93333333333334], [-0.80367, 44.37811, 52.93333333333334]]]}}, {"type": "Feature", "properties": {"id_obligation": "402950000J0525", "priorite": "très forte"}, "geometry": {"type": "Polygon", "coordinates": [[[-0.79377, 44.36973, 57.29777777777778], [-0.79358, 44.36995, 57.29777777777778], [-0.79332, 44.37008, 57.29777777777778], [-0.79298, 44.37015, 57.29777777777778], [-0.79274, 44.37014, 57.29777777777778], [-0.79247, 44.37004, 57.29777777777778], [-0.79233, 44.3699, 57.29777777777778], [-0.79224, 44.36971, 57.9], [-0.79224, 44.36954, 57.9], [-0.79237, 44.36935, 57.9], [-0.79265, 44.36919, 57.9], [-0.793, 44.3691, 57.29777777777778], [-0.79327, 44.36911, 57.29777777777778], [-0.7935, 44.36918, 57.29777777777778], [-0.79368, 44.3693, 57.29777777777778], [-0.79379, 44.36952, 57.29777777777778], [-0.79377, 44.36973, 57.29777777777778]]]}}, {"type": "Feature", "properties": {"id_obligation": "402950000J0532", "priorite": "très forte"}, "geometry": {"type": "Polygon", "coordinates": [[[-0.79551, 44.3663, 57.8], [-0.79524, 44.36642, 57.8], [-0.79499, 44.36644, 57.8], [-0.79464, 44.36636, 57.8], [-0.79445, 44.36625, 57.8], [-0.79432, 44.36604, 57.8], [-0.79433, 44.36586, 57.8], [-0.79443, 44.36564, 57.8], [-0.79459, 44.36551, 57.8], [-0.79487, 44.36542, 57.8], [-0.79511, 44.36543, 57.8], [-0.7954, 44.36549, 57.8], [-0.79559, 44.36561, 57.8], [-0.79569, 44.36577, 57.8], [-0.79571, 44.36595, 57.8], [-0.79564, 44.36614, 57.8], [-0.79551, 44.3663, 57.8]]]}}, {"type": "Feature", "properties": {"id_obligation": "402950000J0535", "priorite": "faible"}, "geometry": {"type": "Polygon", "coordinates": [[[-0.80236, 44.37407, 55.712500000000006], [-0.8021, 44.37432, 55.712500000000006], [-0.80181, 44.37439, 55.0375], [-0.80156, 44.37441, 55.0375], [-0.80131, 44.37434, 56.4], [-0.80132, 44.37425, 56.4], [-0.80116, 44.37425, 56.4], [-0.80111, 44.3742, 55.999999999999986], [-0.80105, 44.37411, 54.7], [-0.80115, 44.37408, 54.7], [-0.80115, 44.37396, 54.7], [-0.80103, 44.37396, 54.7], [-0.80103, 44.37406, 54.7], [-0.80099, 44.37387, 57.4], [-0.8011, 44.37372, 57.0], [-0.80105, 44.3737, 57.0], [-0.80113, 44.37346, 52.5], [-0.80136, 44.37326, 52.5], [-0.8017, 44.37318, 58.372727272727275], [-0.802, 44.37321, 56.54285714285715], [-0.80223, 44.37333, 56.6], [-0.80225, 44.37343, 56.6], [-0.80231, 44.37341, 56.6], [-0.8024, 44.37361, 56.67999999999999], [-0.80236, 44.37407, 55.712500000000006]]]}}, {"type": "Feature", "properties": {"id_obligation": "402950000J0540", "priorite": "faible"}, "geometry": {"type": "Polygon", "coordinates": [[[-0.80106, 44.37533, 55.9], [-0.80087, 44.37522, 55.9], [-0.80075, 44.37501, 53.75714285714285], [-0.80074, 44.37475, 56.62857142857144], [-0.80085, 44.37455, 56.62857142857144], [-0.80103, 44.37443, 56.62857142857144], [-0.80125, 44.37437, 53.83333333333335], [-0.80155, 44.37436, 53.83333333333335], [-0.80193, 44.3745, 54.160000000000004], [-0.80184, 44.37451, 54.2], [-0.80186, 44.37459, 54.2], [-0.802, 44.37457, 54.160000000000004], [-0.8021, 44.37487, 56.4], [-0.80196, 44.37487, 56.4], [-0.80194, 44.37493, 56.4], [-0.8021, 44.37492, 56.4], [-0.8021, 44.375, 55.19999999999999], [-0.80202, 44.37516, -76.88761904761905], [-0.80186, 44.37529, -76.88761904761905], [-0.80171, 44.37535, -1000.0], [-0.80146, 44.37532, -1000.0], [-0.80147, 44.37539, -1000.0], [-0.80106, 44.37533, 55.9]]]}}, {"type": "Feature", "properties": {"id_obligation": "402950000J0541", "priorite": "moyenne"}, "geometry": {"type": "Polygon", "coordinates": [[[-0.80102, 44.37516, 55.41428571428571], [-0.80091, 44.37526, 55.9], [-0.80081, 44.37526, 55.9], [-0.80081, 44.37532, 55.9], [-0.80059, 44.37539, 54.4], [-0.80048, 44.3754, 54.4], [-0.80047, 44.37534, 54.4], [-0.80033, 44.37535, 54.4], [-0.80033, 44.3754, 54.4], [-0.80022, 44.3754, 54.4], [-0.79999, 44.37533, 55.5], [-0.79982, 44.37521, 55.5], [-0.7999, 44.37521, 55.5], [-0.7999, 44.37513, 55.5], [-0.79976, 44.37513, 55.5], [-0.79974, 44.37508, 55.09742063492064], [-0.79971, 44.37474, 55.09742063492064], [-0.79985, 44.37454, 55.09742063492064], [-0.80005, 44.37443, 55.09742063492064], [-0.80029, 44.37439, 55.09742063492064], [-0.8006, 44.37439, 55.09742063492064], [-0.80081, 44.37446, 56.62857142857144], [-0.80098, 44.37459, 56.62857142857144], [-0.8011, 44.37495, 52.5], [-0.80102, 44.37516, 55.41428571428571]]]}}, {"type": "Feature", "properties": {"id_obligation": "402950000J0542", "priorite": "moyenne"}, "geometry": {"type": "Polygon", "coordinates": [[[-0.80062, 44.37396, 57.96], [-0.80035, 44.37395, 58.0], [-0.80035, 44.37391, 58.0], [-0.80052, 44.37387, 57.9], [-0.8005, 44.37381, 57.9], [-0.8002, 44.37388, 57.9], [-0.80022, 44.37393, 57.9], [-0.80004, 44.37387, 57.93333333333334], [-0.79987, 44.37373, 57.93333333333334], [-0.79979, 44.37352, -1000.0], [-0.79983, 44.37326, -75.52930555555557], [-0.79994, 44.3731, -75.52930555555557], [-0.80012, 44.37299, -75.52930555555557], [-0.80041, 44.37292, 55.4], [-0.80071, 44.37295, 55.4], [-0.80094, 44.37302, 55.6], [-0.80111, 44.37315, 55.6], [-0.80115, 44.37321, 55.6], [-0.80086, 44.37328, 55.6], [-0.80091, 44.37338, 55.6], [-0.80119, 44.37331, 55.6], [-0.8012, 44.37336, 55.6], [-0.80112, 44.37368, 57.22222222222222], [-0.80096, 44.37375, 57.4], [-0.80089, 44.37387, 57.22222222222222], [-0.80062, 44.37396, 57.96]]]}}, {"type": "Feature", "properties": {"id_obligation": "402950000J0545", "priorite": "moyenne"}, "geometry": {"type": "Polygon", "coordinates": [[[-0.80027, 44.37313, 55.87142857142858], [-0.80044, 44.37295, 55.52499999999999], [-0.8006, 44.37288, 55.6], [-0.80071, 44.37288, 55.6], [-0.80071, 44.37285, 55.6], [-0.80118, 44.37275, 57.9], [-0.80146, 44.37279, 55.720124716553286], [-0.80166, 44.3729, 55.720124716553286], [-0.80178, 44.37305, 55.720124716553286], [-0.80186, 44.37328, 55.720124716553286], [-0.80183, 44.37345, 56.16111111111111], [-0.80173, 44.37358, 55.2], [-0.80165, 44.37359, 58.3], [-0.80168, 44.37362, 58.3], [-0.80161, 44.37366, 56.16111111111111], [-0.80103, 44.37382, 57.4], [-0.8011, 44.37372, 57.0], [-0.80104, 44.3737, 57.0], [-0.80091, 44.37383, 57.4], [-0.80064, 44.37379, 56.0], [-0.80044, 44.37368, 56.0], [-0.80024, 44.37335, 55.87142857142858], [-0.80027, 44.37313, 55.87142857142858]], [[-0.80171, 44.37354, 58.3], [-0.80167, 44.37349, 58.3], [-0.80158, 44.37351, 58.3], [-0.80165, 44.37359, 58.3], [-0.80171, 44.37354, 58.3]]]}}, {"type": "Feature", "properties": {"id_obligation": "402950000J0558", "priorite": "très forte"}, "geometry": {"type": "Polygon", "coordinates": [[[-0.79141, 44.36766, 56.1], [-0.79111, 44.36762, 56.1], [-0.79092, 44.36751, 56.1], [-0.79074, 44.36729, 56.35], [-0.7907, 44.36712, 56.35], [-0.79079, 44.36692, 56.35], [-0.79095, 44.36679, 56.35], [-0.79123, 44.36667, 56.35], [-0.79147, 44.36664, 56.35], [-0.79177, 44.36671, 56.35], [-0.79195, 44.36683, 56.35], [-0.7921, 44.36702, 56.35], [-0.79213, 44.36719, 56.35], [-0.79207, 44.36736, 56.35], [-0.79171, 44.3676, 56.35], [-0.79141, 44.36766, 56.1]]]}}, {"type": "Feature", "properties": {"id_obligation": "402950000J0565", "priorite": "forte"}, "geometry": {"type": "Polygon", "coordinates": [[[-0.79255, 44.37567, 54.9], [-0.79255, 44.37542, 54.25833333333333], [-0.79274, 44.3752, 54.25833333333333], [-0.79302, 44.3751, 54.25833333333333], [-0.79341, 44.37509, 54.25833333333333], [-0.79376, 44.37522, 54.25833333333333], [-0.79405, 44.37526, 54.1], [-0.79424, 44.37536, 54.1], [-0.79439, 44.37555, 54.1], [-0.79443, 44.37577, 54.1], [-0.79438, 44.37594, 54.25833333333333], [-0.79424, 44.37608, 54.25833333333333], [-0.79398, 44.37619, 54.25833333333333], [-0.7935, 44.3762, 54.25833333333333], [-0.79295, 44.37602, 54.25833333333333], [-0.79269, 44.37587, 54.9], [-0.79255, 44.37567, 54.9]]]}}, {"type": "Feature", "properties": {"id_obligation": "402950000J0577", "priorite": "forte"}, "geometry": {"type": "Polygon", "coordinates": [[[-0.78742, 44.37105, 54.9], [-0.78763, 44.37115, 54.82727272727273], [-0.78778, 44.37135, 54.82727272727273], [-0.78778, 44.37158, 54.82727272727273], [-0.78767, 44.37178, 54.82727272727273], [-0.78745, 44.37194, 54.82727272727273], [-0.78722, 44.37199, 54.82727272727273], [-0.78675, 44.37199, 54.82727272727273], [-0.78646, 44.37189, 54.82727272727273], [-0.78629, 44.37176, 54.82727272727273], [-0.78621, 44.3716, 54.53636363636363], [-0.78621, 44.37142, 54.53636363636363], [-0.78635, 44.3712, 54.53636363636363], [-0.78651, 44.37107, 54.82727272727273], [-0.78672, 44.37099, 57.1], [-0.78672, 44.37103, 57.1], [-0.78703, 44.37105, 57.1], [-0.78705, 44.37098, 55.872727272727275], [-0.78742, 44.37105, 54.9]]]}}, {"type": "Feature", "properties": {"id_obligation": "402950000J0579", "priorite": "forte"}, "geometry": {"type": "Polygon", "coordinates": [[[-0.78745, 44.37139, 54.12], [-0.78718, 44.37149, 54.12], [-0.78705, 44.37143, 54.0], [-0.78701, 44.3715, 54.0], [-0.78701, 44.37146, 54.0], [-0.78689, 44.37142, 54.0], [-0.78685, 44.37149, 54.0], [-0.78663, 44.37147, 54.42142857142857], [-0.78635, 44.37139, 54.42142857142857], [-0.78615, 44.37122, 54.42142857142857], [-0.78609, 44.37105, 57.1], [-0.78616, 44.37065, 57.1], [-0.78626, 44.37049, 55.383414423740504], [-0.78661, 44.37032, 55.383414423740504], [-0.78705, 44.37033, 57.3], [-0.78724, 44.37018, 57.3], [-0.78747, 44.37011, 57.3], [-0.78773, 44.37011, 55.383414423740504], [-0.78809, 44.3702, 55.383414423740504], [-0.78826, 44.37033, 55.383414423740504], [-0.78835, 44.37048, 55.383414423740504], [-0.78837, 44.37061, 52.8], [-0.78832, 44.37061, 52.8], [-0.78836, 44.37066, 54.041666666666664], [-0.78828, 44.37086, 54.041666666666664], [-0.78806, 44.37106, 55.383414423740504], [-0.78766, 44.37115, 55.383414423740504], [-0.78745, 44.37139, 54.12]]]}}, {"type": "Feature", "properties": {"id_obligation": "402950000J0580", "priorite": "moyenne"}, "geometry": {"type": "Polygon", "coordinates": [[[-0.80041, 44.37441, 55.5], [-0.80016, 44.37442, 55.5], [-0.79993, 44.37436, -1000.0], [-0.79974, 44.37425, -1000.0], [-0.79965, 44.37414, -1000.0], [-0.7998, 44.37414, -1000.0], [-0.7998, 44.37405, -1000.0], [-0.79962, 44.37406, -1000.0], [-0.79958, 44.37383, -1000.0], [-0.79965, 44.37367, -1000.0], [-0.7998, 44.37353, -1000.0], [-0.80002, 44.37345, -1000.0], [-0.80051, 44.37336, -231.96363636363637], [-0.80081, 44.37342, -375.6968968531468], [-0.801, 44.37354, -375.6968968531468], [-0.80113, 44.37375, 56.73076923076924], [-0.80114, 44.37396, 54.7], [-0.80103, 44.37396, 54.7], [-0.80104, 44.37412, 56.207692307692305], [-0.80087, 44.37425, 56.207692307692305], [-0.80074, 44.37426, 56.3], [-0.8007, 44.37433, 56.207692307692305], [-0.80041, 44.37441, 55.5]]]}}, {"type": "Feature", "properties": {"id_obligation": "402950000J0581", "priorite": "moyenne"}, "geometry": {"type": "MultiPolygon", "coordinates": [[[[-0.8, 44.37407, 57.96], [-0.80018, 44.3739, 57.96], [-0.80024, 44.37397, 58.0], [-0.80052, 44.37387, 57.9], [-0.8005, 44.37381, 57.9], [-0.80075, 44.37381, 57.75], [-0.80111, 44.37396, 54.7], [-0.80103, 44.37396, 54.7], [-0.80103, 44.37411, 54.7], [-0.80115, 44.37408, 54.7], [-0.80115, 44.37399, 54.7], [-0.80125, 44.37415, 56.399999999999984], [-0.80127, 44.37425, 56.4], [-0.80095, 44.37426, 56.4], [-0.80094, 44.37437, 56.4], [-0.80106, 44.37432, 56.4], [-0.80127, 44.37434, 56.4], [-0.80126, 44.37438, 56.399999999999984], [-0.80118, 44.37455, 55.6], [-0.801, 44.37468, 55.6], [-0.80077, 44.37475, 56.87857142857141], [-0.80045, 44.37476, 56.87857142857141], [-0.80022, 44.37469, 56.49598639455782], [-0.80005, 44.37456, 56.49598639455782], [-0.79994, 44.37424, 56.49598639455782], [-0.8, 44.37407, 57.96]]], [[[-0.80025, 44.37387, 57.9], [-0.80033, 44.37384, 57.96], [-0.8005, 44.37381, 57.75], [-0.80025, 44.37387, 57.9]]]]}}, {"type": "Feature", "properties": {"id_obligation": "402950000J0582", "priorite": "moyenne"}, "geometry": {"type": "Polygon", "coordinates": [[[-0.80031, 44.3744, -207.38125], [-0.80008, 44.37454, -207.38125], [-0.79985, 44.37459, -207.38125], [-0.79948, 44.37458, -207.38125], [-0.79925, 44.3745, -207.38125], [-0.79906, 44.37434, -207.38125], [-0.79899, 44.37417, -207.38125], [-0.79901, 44.37395, 54.6], [-0.79918, 44.37372, 54.6], [-0.79917, 44.37376, 54.6], [-0.79939, 44.37379, 54.6], [-0.79941, 44.37371, 54.6], [-0.79923, 44.37369, 54.6], [-0.79934, 44.37364, 54.6], [-0.79958, 44.37359, -207.38125], [-0.79995, 44.37361, -207.38125], [-0.80017, 44.37368, 57.9], [-0.80034, 44.37381, 57.9], [-0.80036, 44.37384, 57.9], [-0.8002, 44.37388, 57.9], [-0.80024, 44.37397, 58.0], [-0.80037, 44.37395, 58.0], [-0.8004, 44.3739, 57.9], [-0.80042, 44.3742, 57.975], [-0.80031, 44.3744, -207.38125]]]}}, {"type": "Feature", "properties": {"id_obligation": "402950000J0584", "priorite": "moyenne"}, "geometry": {"type": "Polygon", "coordinates": [[[-0.7996, 44.37468, 54.67373015873016], [-0.7999, 44.37468, 54.67373015873016], [-0.80014, 44.37471, 56.08571428571428], [-0.80032, 44.3748, 56.2], [-0.80034, 44.37495, 55.8], [-0.80047, 44.37494, 55.82549818834271], [-0.80053, 44.37513, 54.67373015873016], [-0.80048, 44.37538, 54.4], [-0.80047, 44.37534, 54.4], [-0.80033, 44.37535, 54.4], [-0.80034, 44.37543, 54.4], [-0.80045, 44.37542, 54.4], [-0.80034, 44.37552, 54.500000000000014], [-0.80022, 44.37554, 54.6], [-0.80023, 44.37559, 54.6], [-0.80008, 44.37564, 54.500000000000014], [-0.79966, 44.37566, 52.449999999999996], [-0.79942, 44.37562, 53.616666666666674], [-0.79922, 44.37552, 53.616666666666674], [-0.79906, 44.37533, 55.8], [-0.79904, 44.37511, 55.8], [-0.79911, 44.37495, 54.67373015873016], [-0.79932, 44.37478, 54.67373015873016], [-0.7996, 44.37468, 54.67373015873016]]]}}, {"type": "Feature", "properties": {"id_obligation": "402950000J0603", "priorite": "moyenne"}, "geometry": {"type": "Polygon", "coordinates": [[[-0.79914, 44.37588, 54.42], [-0.79893, 44.37571, 54.42], [-0.79887, 44.37554, 54.42], [-0.7989, 44.37534, 54.42], [-0.79901, 44.37519, 54.42], [-0.7992, 44.37508, 54.42], [-0.79954, 44.37502, 55.65], [-0.79978, 44.37504, 55.65], [-0.8, 44.37513, 55.5], [-0.80015, 44.37526, 55.5], [-0.80022, 44.37543, 54.6], [-0.8002, 44.37564, 54.42], [-0.80008, 44.3758, 54.42], [-0.79989, 44.37591, 53.2], [-0.79965, 44.37596, 53.2], [-0.79936, 44.37595, 54.42], [-0.79914, 44.37588, 54.42]]]}}, {"type": "Feature", "properties": {"id_obligation": "402950000J0608", "priorite": "moyenne"}, "geometry": {"type": "Polygon", "coordinates": [[[-0.79956, 44.38001, 52.4], [-0.79938, 44.37984, 52.4], [-0.79934, 44.37967, 54.22727272727274], [-0.79939, 44.3794, 55.0], [-0.79953, 44.37925, 55.0], [-0.79974, 44.37915, 53.833333333333336], [-0.79991, 44.37916, 53.6], [-0.79992, 44.37912, 53.6], [-0.79998, 44.37912, 53.833333333333336], [-0.80025, 44.37915, 53.75176767676768], [-0.80046, 44.37924, 53.75176767676768], [-0.80063, 44.37943, 53.8], [-0.80066, 44.37961, 53.8], [-0.80061, 44.37983, 53.75176767676768], [-0.80048, 44.37998, 53.75176767676768], [-0.80028, 44.38008, 53.75176767676768], [-0.80005, 44.38012, 53.75176767676768], [-0.79977, 44.38009, 53.75176767676768], [-0.79956, 44.38001, 52.4]]]}}, {"type": "Feature", "properties": {"id_obligation": "402950000J0612", "priorite": "forte"}, "geometry": {"type": "Polygon", "coordinates": [[[-0.80001, 44.37991, 53.72525252525253], [-0.79979, 44.37975, 53.72525252525253], [-0.7997, 44.37954, 53.90909090909091], [-0.79977, 44.37953, 55.0], [-0.79977, 44.37943, 55.0], [-0.7997, 44.37943, 55.0], [-0.79974, 44.37932, 53.6], [-0.79988, 44.37916, 53.6], [-0.8001, 44.37905, 53.72525252525253], [-0.80063, 44.37904, 53.72525252525253], [-0.80084, 44.37912, 53.72525252525253], [-0.80099, 44.37925, 53.72525252525253], [-0.80107, 44.37942, 53.72525252525253], [-0.80104, 44.37964, 53.72525252525253], [-0.80094, 44.37979, 53.72525252525253], [-0.80076, 44.37991, 53.72525252525253], [-0.80053, 44.37997, 53.72525252525253], [-0.80024, 44.37996, 53.72525252525253], [-0.80001, 44.37991, 53.72525252525253]]]}}, {"type": "Feature", "properties": {"id_obligation": "402950000J0614", "priorite": "faible"}, "geometry": {"type": "Polygon", "coordinates": [[[-0.80224, 44.37385, 56.14285714285713], [-0.80203, 44.374, 56.14285714285713], [-0.80196, 44.37394, 56.4], [-0.80187, 44.37397, 56.4], [-0.80191, 44.37404, 56.4], [-0.80182, 44.37406, -350.6923076923076], [-0.80166, 44.37407, 54.78434289395474], [-0.80162, 44.37398, 54.6], [-0.80152, 44.37401, 54.2], [-0.80155, 44.37407, 54.579286596932725], [-0.80146, 44.37405, -350.6923076923076], [-0.80125, 44.37397, 56.349999999999994], [-0.80109, 44.37384, 56.349999999999994], [-0.80106, 44.37378, 57.128357720142375], [-0.8011, 44.37372, 57.0], [-0.80102, 44.37372, 57.4], [-0.80096, 44.3736, 54.476470588235294], [-0.80097, 44.37339, 55.6], [-0.80124, 44.3733, 55.6], [-0.80119, 44.3732, 55.6], [-0.80109, 44.37322, 55.6], [-0.80126, 44.37312, 55.6], [-0.80158, 44.37304, 5.355393633880357], [-0.80183, 44.37305, 5.355393633880357], [-0.80205, 44.37313, 56.5], [-0.80222, 44.37326, 56.5], [-0.80225, 44.37343, 56.6], [-0.80232, 44.37344, 57.35], [-0.80233, 44.37364, 57.35], [-0.80224, 44.37385, 56.14285714285713]]]}}, {"type": "Feature", "properties": {"id_obligation": "402950000J0616", "priorite": "moyenne"}, "geometry": {"type": "Polygon", "coordinates": [[[-0.80011, 44.37586, 54.72916666666667], [-0.7999, 44.37605, 54.72916666666667], [-0.79968, 44.37613, 54.72916666666667], [-0.79943, 44.37616, 54.72916666666667], [-0.79919, 44.37612, 54.72916666666667], [-0.79899, 44.37602, 54.72916666666667], [-0.79886, 44.37587, 54.72916666666667], [-0.79881, 44.37566, 54.72916666666667], [-0.7989, 44.37536, 54.72916666666667], [-0.79902, 44.37521, 54.72916666666667], [-0.79926, 44.37509, 54.72916666666667], [-0.79961, 44.37506, 55.65], [-0.7999, 44.37511, 55.5], [-0.80012, 44.37526, 55.5], [-0.80022, 44.37543, 54.6], [-0.80021, 44.3757, 54.6], [-0.80011, 44.37586, 54.72916666666667]]]}}, {"type": "Feature", "properties": {"id_obligation": "402950000J0624", "priorite": "faible"}, "geometry": {"type": "Polygon", "coordinates": [[[-0.80256, 44.37588, -604.5375], [-0.80239, 44.37606, -604.5375], [-0.80211, 44.37616, 53.89999999999999], [-0.80187, 44.37619, 53.89999999999999], [-0.80183, 44.37619, 53.4], [-0.80199, 44.37614, 53.4], [-0.80194, 44.37606, 53.4], [-0.80176, 44.37612, 53.4], [-0.8018, 44.37618, 53.4], [-0.80143, 44.37604, 58.457142857142856], [-0.80146, 44.37592, 59.3], [-0.80134, 44.37593, 59.3], [-0.80124, 44.37562, -1000.0], [-0.80129, 44.37548, -1000.0], [-0.8013, 44.37555, -1000.0], [-0.80141, 44.37554, -1000.0], [-0.80139, 44.37545, -1000.0], [-0.8013, 44.37545, -1000.0], [-0.80145, 44.37531, -1000.0], [-0.80166, 44.37523, -1000.0], [-0.80198, 44.37519, 53.35], [-0.80222, 44.37523, -291.3662946428571], [-0.80241, 44.37534, -291.3662946428571], [-0.80253, 44.37549, -291.3662946428571], [-0.80259, 44.3757, 54.6], [-0.80256, 44.37588, -604.5375]]]}}, {"type": "Feature", "properties": {"id_obligation": "402950000J0630", "priorite": "très forte"}, "geometry": {"type": "Polygon", "coordinates": [[[-0.79125, 44.37848, 52.68484848484849], [-0.79114, 44.37873, 52.68484848484849], [-0.79086, 44.37889, 52.68484848484849], [-0.79038, 44.37894, 52.8], [-0.7901, 44.37884, 52.68484848484849], [-0.78995, 44.3787, 52.68484848484849], [-0.78971, 44.37819, 52.68484848484849], [-0.7897, 44.37797, 52.68484848484849], [-0.7898, 44.37781, 52.68484848484849], [-0.78998, 44.37768, 52.68484848484849], [-0.79034, 44.3776, 52.6], [-0.79058, 44.3776, 52.6], [-0.7908, 44.37767, 52.68484848484849], [-0.79097, 44.37779, 52.68484848484849], [-0.79125, 44.37848, 52.68484848484849]]]}}, {"type": "Feature", "properties": {"id_obligation": "402950000J0633", "priorite": "très forte"}, "geometry": {"type": "Polygon", "coordinates": [[[-0.79779, 44.37031, 57.5], [-0.7975, 44.37046, 57.5], [-0.79625, 44.37049, 59.010714285714286], [-0.79591, 44.3704, 59.010714285714286], [-0.79573, 44.37029, 59.010714285714286], [-0.79562, 44.37013, 60.0], [-0.7956, 44.36991, 60.0], [-0.79578, 44.36965, 59.010714285714286], [-0.79618, 44.36949, 59.010714285714286], [-0.7974, 44.36945, 59.010714285714286], [-0.79768, 44.36954, 59.010714285714286], [-0.79784, 44.36968, 59.010714285714286], [-0.79791, 44.36984, 58.642857142857146], [-0.79791, 44.37011, 57.5], [-0.79779, 44.37031, 57.5]]]}}, {"type": "Feature", "properties": {"id_obligation": "402950000J0634", "priorite": "moyenne"}, "geometry": {"type": "Polygon", "coordinates": [[[-0.78914, 44.37089, -321.4642857142857], [-0.78905, 44.3711, -7.131655844155845], [-0.78882, 44.37126, -7.131655844155845], [-0.78842, 44.37134, -7.131655844155845], [-0.78813, 44.37129, -7.131655844155845], [-0.78788, 44.37112, 53.658333333333324], [-0.78755, 44.37103, 53.658333333333324], [-0.78759, 44.37088, 54.6], [-0.78753, 44.37088, 54.6], [-0.78748, 44.37098, 54.88316657694198], [-0.78736, 44.37086, 55.863636363636374], [-0.78731, 44.37069, 55.863636363636374], [-0.78735, 44.37047, 57.3], [-0.78748, 44.37031, 57.3], [-0.78768, 44.37021, 57.3], [-0.78793, 44.37017, 57.2], [-0.78845, 44.37016, 57.2], [-0.78871, 44.37022, -7.131655844155845], [-0.78893, 44.37038, -7.131655844155845], [-0.78914, 44.37089, -321.4642857142857]]]}}, {"type": "Feature", "properties": {"id_obligation": "402950000J0641", "priorite": "forte"}, "geometry": {"type": "Polygon", "coordinates": [[[-0.79007, 44.37049, -283.85592592592593], [-0.78984, 44.37068, -283.85592592592593], [-0.78955, 44.37075, -283.85592592592593], [-0.78911, 44.37072, -1000.0], [-0.78887, 44.37059, -1000.0], [-0.78876, 44.37044, -1000.0], [-0.78861, 44.37006, 56.5], [-0.78865, 44.36979, 55.25], [-0.78879, 44.36964, 55.25], [-0.789, 44.36954, 55.25], [-0.78937, 44.36951, -471.5], [-0.78961, 44.36955, -283.85592592592593], [-0.78992, 44.36973, -283.85592592592593], [-0.79009, 44.37002, -283.85592592592593], [-0.79013, 44.37022, -283.85592592592593], [-0.79007, 44.37049, -283.85592592592593]]]}}, {"type": "Feature", "properties": {"id_obligation": "402950000J0642", "priorite": "faible"}, "geometry": {"type": "Polygon", "coordinates": [[[-0.80274, 44.37591, -1000.0], [-0.80271, 44.37587, -1000.0], [-0.80246, 44.37594, -1000.0], [-0.80246, 44.37598, -350.2307692307692], [-0.80212, 44.37603, 53.91428571428572], [-0.80173, 44.37593, 53.91428571428572], [-0.80154, 44.37575, 53.91428571428572], [-0.80149, 44.37556, -297.79999999999995], [-0.80149, 44.37552, -1000.0], [-0.80161, 44.37552, -1000.0], [-0.8016, 44.37545, -1000.0], [-0.80172, 44.37544, -1000.0], [-0.80171, 44.37533, -1000.0], [-0.80155, 44.37532, -1000.0], [-0.80162, 44.37523, -1000.0], [-0.80181, 44.37512, -1000.0], [-0.80224, 44.37501, 55.5], [-0.80223, 44.37508, 55.5], [-0.80231, 44.37508, 55.5], [-0.80229, 44.37499, 55.94761904761905], [-0.8025, 44.37495, 56.0], [-0.8025, 44.37499, 56.0], [-0.80268, 44.37499, 56.0], [-0.80268, 44.37492, 55.94761904761905], [-0.80307, 44.37491, 55.21428571428572], [-0.80323, 44.37496, 55.3], [-0.80325, 44.37505, 55.1], [-0.80336, 44.37502, 55.3], [-0.80349, 44.37515, 55.21428571428572], [-0.80358, 44.37536, 54.264705882352956], [-0.80353, 44.37562, 57.2], [-0.80339, 44.37576, 57.2], [-0.80315, 44.37586, 57.2], [-0.803, 44.37561, 57.2], [-0.80288, 44.37565, 57.2], [-0.80303, 44.37589, 57.2], [-0.80274, 44.37591, -1000.0]]]}}, {"type": "Feature", "properties": {"id_obligation": "402950000J0643", "priorite": "faible"}, "geometry": {"type": "Polygon", "coordinates": [[[-0.80307, 44.37473, 55.4], [-0.80295, 44.37476, 55.5], [-0.80301, 44.37487, 55.5], [-0.80316, 44.37482, 55.4], [-0.80311, 44.37474, 55.4], [-0.80326, 44.37484, 55.457142857142856], [-0.80334, 44.37494, 55.3], [-0.80337, 44.375, 55.1857142857143], [-0.80339, 44.37529, 55.44285714285714], [-0.80321, 44.37552, 55.44285714285714], [-0.80294, 44.37562, 55.44285714285714], [-0.80248, 44.37566, 54.95384615384616], [-0.8022, 44.37558, 53.23333333333333], [-0.8022, 44.37551, 52.5], [-0.80203, 44.3755, 53.40643810415781], [-0.80203, 44.37539, 53.6], [-0.80193, 44.3754, 53.5], [-0.80188, 44.37545, 53.27955453365107], [-0.80179, 44.37539, 53.23333333333333], [-0.80165, 44.37525, 55.27778731684982], [-0.80161, 44.37507, 55.27778731684982], [-0.80165, 44.37486, 54.5875], [-0.8018, 44.37468, 54.5875], [-0.802, 44.37458, 54.5875], [-0.80224, 44.37455, 57.414285714285704], [-0.80232, 44.37455, 57.414285714285704], [-0.80237, 44.37464, 57.414285714285704], [-0.80241, 44.37456, 57.414285714285704], [-0.80307, 44.37473, 55.4]], [[-0.80323, 44.37495, 55.3], [-0.80325, 44.37505, 55.1], [-0.80336, 44.37504, 55.3], [-0.80334, 44.37494, 55.3], [-0.80323, 44.37495, 55.3]]]}}, {"type": "Feature", "properties": {"id_obligation": "402950000J0652", "priorite": "moyenne"}, "geometry": {"type": "Polygon", "coordinates": [[[-0.80136, 44.37569, -1000.0], [-0.8011, 44.3758, -208.77083333333334], [-0.80074, 44.37581, -208.77083333333334], [-0.80045, 44.37574, 54.6], [-0.80029, 44.37562, 54.6], [-0.80038, 44.37561, 54.6], [-0.80037, 44.37553, 54.6], [-0.80023, 44.37554, 54.6], [-0.80019, 44.37546, 54.4], [-0.8002, 44.37518, 54.4], [-0.80029, 44.37501, 55.8], [-0.80035, 44.37495, 55.8], [-0.80047, 44.37495, 55.8], [-0.80047, 44.37488, 55.8], [-0.8007, 44.37481, 53.23333333333333], [-0.80107, 44.37483, 53.23333333333333], [-0.80129, 44.37489, 55.89999999999999], [-0.80146, 44.37501, 55.89999999999999], [-0.80155, 44.37517, -1000.0], [-0.80156, 44.37531, -1000.0], [-0.80146, 44.37532, -1000.0], [-0.8015, 44.37555, -1000.0], [-0.80136, 44.37569, -1000.0]]]}}, {"type": "Feature", "properties": {"id_obligation": "402950000J0654", "priorite": "très forte"}, "geometry": {"type": "Polygon", "coordinates": [[[-0.79237, 44.3703, 56.266666666666666], [-0.79213, 44.37036, 56.266666666666666], [-0.79181, 44.37034, 56.266666666666666], [-0.79159, 44.37026, 56.266666666666666], [-0.79143, 44.37013, 56.266666666666666], [-0.79129, 44.3699, 56.266666666666666], [-0.7913, 44.36972, 56.266666666666666], [-0.79141, 44.36956, 56.266666666666666], [-0.79159, 44.36945, 56.266666666666666], [-0.792, 44.3693, 56.266666666666666], [-0.79224, 44.36929, 56.266666666666666], [-0.79252, 44.36937, 57.9], [-0.79274, 44.36957, 57.9], [-0.79283, 44.36978, 56.266666666666666], [-0.79277, 44.37, 56.266666666666666], [-0.79237, 44.3703, 56.266666666666666]]]}}, {"type": "Feature", "properties": {"id_obligation": "402950000J0678", "priorite": "faible"}, "geometry": {"type": "Polygon", "coordinates": [[[-0.80236, 44.37501, 55.5], [-0.80255, 44.37514, 56.2], [-0.80265, 44.37539, 54.1], [-0.80251, 44.37541, 54.1], [-0.80253, 44.37547, 54.1], [-0.80266, 44.37544, 54.1], [-0.80264, 44.37561, 54.100000000000016], [-0.80254, 44.37577, -246.68248299319725], [-0.8023, 44.37591, 54.590194115807435], [-0.80227, 44.37583, 54.6], [-0.80214, 44.37586, 54.6], [-0.80218, 44.37594, 54.10833333333334], [-0.80172, 44.37594, -246.68248299319725], [-0.80151, 44.37586, -246.68248299319725], [-0.80134, 44.37573, -246.68248299319725], [-0.80127, 44.37556, -1000.0], [-0.80128, 44.37532, -1000.0], [-0.80139, 44.37516, -1000.0], [-0.80157, 44.37503, -1000.0], [-0.8018, 44.37496, 55.5], [-0.80207, 44.37494, 55.5], [-0.80236, 44.37501, 55.5]]]}}, {"type": "Feature", "properties": {"id_obligation": "402950000J0682", "priorite": "forte"}, "geometry": {"type": "Polygon", "coordinates": [[[-0.798, 44.37489, -297.33666666666664], [-0.79776, 44.37475, -297.33666666666664], [-0.79765, 44.37454, -297.33666666666664], [-0.79769, 44.37422, -297.33666666666664], [-0.79786, 44.37404, -297.33666666666664], [-0.79807, 44.37395, -297.33666666666664], [-0.79859, 44.37386, -1000.0], [-0.7989, 44.37388, -297.33666666666664], [-0.79911, 44.37397, -297.33666666666664], [-0.79925, 44.37411, -297.33666666666664], [-0.79935, 44.37437, -297.33666666666664], [-0.79933, 44.37458, -297.33666666666664], [-0.79921, 44.37473, -297.33666666666664], [-0.79902, 44.37484, -297.33666666666664], [-0.79837, 44.37493, 53.839999999999996], [-0.798, 44.37489, -297.33666666666664]]]}}, {"type": "Feature", "properties": {"id_obligation": "402950000J0683", "priorite": "forte"}, "geometry": {"type": "Polygon", "coordinates": [[[-0.79813, 44.3752, 54.134166666666665], [-0.79788, 44.37507, 54.134166666666665], [-0.79775, 44.37492, 54.134166666666665], [-0.79766, 44.37461, 54.134166666666665], [-0.79775, 44.3744, 54.134166666666665], [-0.79792, 44.37427, 54.134166666666665], [-0.79815, 44.3742, 54.06250000000001], [-0.79853, 44.37415, 54.06250000000001], [-0.79876, 44.3742, 54.5], [-0.799, 44.37434, 54.5], [-0.7991, 44.3745, 54.134166666666665], [-0.79916, 44.37476, 54.134166666666665], [-0.7991, 44.37493, 54.134166666666665], [-0.79896, 44.37507, 54.134166666666665], [-0.79875, 44.37516, 54.134166666666665], [-0.79843, 44.37522, 54.134166666666665], [-0.79813, 44.3752, 54.134166666666665]]]}}, {"type": "Feature", "properties": {"id_obligation": "402950000J0687", "priorite": "très forte"}, "geometry": {"type": "Polygon", "coordinates": [[[-0.79266, 44.37706, 54.39166666666666], [-0.79301, 44.37717, 54.39166666666666], [-0.79324, 44.37742, 54.39166666666666], [-0.79327, 44.37768, 54.39166666666666], [-0.79318, 44.37784, 54.39166666666666], [-0.79295, 44.37798, 54.39166666666666], [-0.79235, 44.37814, 54.39166666666666], [-0.79205, 44.37815, 54.39166666666666], [-0.79178, 44.37807, 54.39166666666666], [-0.79162, 44.37794, 54.39166666666666], [-0.79151, 44.37776, 54.39166666666666], [-0.79151, 44.37754, 54.39166666666666], [-0.79174, 44.3773, 54.39166666666666], [-0.79236, 44.3771, 54.39166666666666], [-0.79266, 44.37706, 54.39166666666666]]]}}, {"type": "Feature", "properties": {"id_obligation": "402950000J0695", "priorite": "faible"}, "geometry": {"type": "Polygon", "coordinates": [[[-0.80042, 44.37474, 56.3], [-0.80025, 44.37462, 56.3], [-0.80014, 44.37447, 56.45953914141415], [-0.80012, 44.3742, 56.45953914141415], [-0.8002, 44.37403, 57.949999999999996], [-0.80037, 44.37395, 58.0], [-0.80037, 44.37391, 57.99123589792839], [-0.80059, 44.37383, 57.52], [-0.80092, 44.37382, 57.4], [-0.80099, 44.37387, 57.4], [-0.80102, 44.37383, 57.4], [-0.80116, 44.37388, 56.387499999999996], [-0.80137, 44.37404, 56.387499999999996], [-0.80145, 44.3742, 55.272222222222226], [-0.80145, 44.37443, 55.10000000000001], [-0.80136, 44.37459, 55.10000000000001], [-0.80119, 44.37472, 55.10000000000001], [-0.80097, 44.37479, 56.90909090909091], [-0.8007, 44.3748, 56.90909090909091], [-0.80042, 44.37474, 56.3]]]}}, {"type": "Feature", "properties": {"id_obligation": "402950000J0702", "priorite": "forte"}, "geometry": {"type": "Polygon", "coordinates": [[[-0.78622, 44.37345, -248.07063492063494], [-0.78599, 44.37352, -1000.0], [-0.78569, 44.37354, -1000.0], [-0.78539, 44.37348, -1000.0], [-0.78521, 44.37337, -1000.0], [-0.7851, 44.37321, 52.65555555555555], [-0.78506, 44.373, 52.65555555555555], [-0.78515, 44.37279, 54.1], [-0.7853, 44.37266, 54.1], [-0.78552, 44.37258, 52.300000000000004], [-0.78588, 44.37254, 52.300000000000004], [-0.78618, 44.3726, 51.52], [-0.78628, 44.37265, 51.6], [-0.78608, 44.37262, 51.6], [-0.78607, 44.37266, 51.4], [-0.78628, 44.3727, 51.4], [-0.7863, 44.37266, 51.56865741621354], [-0.7865, 44.37289, -248.07063492063494], [-0.78652, 44.37311, -248.07063492063494], [-0.7864, 44.37333, -248.07063492063494], [-0.78622, 44.37345, -248.07063492063494]]]}}, {"type": "Feature", "properties": {"id_obligation": "402950000J0703", "priorite": "forte"}, "geometry": {"type": "Polygon", "coordinates": [[[-0.78649, 44.3724, 52.7], [-0.7866, 44.3726, 51.5], [-0.78659, 44.37277, 51.5], [-0.78646, 44.37307, 52.86428571428572], [-0.7863, 44.3732, 52.86428571428572], [-0.78602, 44.37329, 52.879999999999995], [-0.78577, 44.37328, 52.879999999999995], [-0.78549, 44.37321, 54.1], [-0.78531, 44.3731, 54.1], [-0.78519, 44.37289, 54.1], [-0.78531, 44.37242, 52.86428571428572], [-0.78548, 44.37229, 52.86428571428572], [-0.7857, 44.37221, 52.7], [-0.78595, 44.3722, 52.7], [-0.78625, 44.37226, 52.7], [-0.78649, 44.3724, 52.7]]]}}, {"type": "Feature", "properties": {"id_obligation": "402950000J0704", "priorite": "très forte"}, "geometry": {"type": "Polygon", "coordinates": [[[-0.78692, 44.37259, 52.47090909090908], [-0.78687, 44.37286, 52.47090909090908], [-0.7867, 44.37304, 52.47090909090908], [-0.78637, 44.37315, 52.3], [-0.78584, 44.37308, 52.9], [-0.7859, 44.37305, 52.7], [-0.78587, 44.37299, 52.9], [-0.78569, 44.37302, 52.9], [-0.7855, 44.37286, 52.82727272727272], [-0.78535, 44.37256, 52.3], [-0.78536, 44.37239, 52.3], [-0.78546, 44.37213, 52.47090909090908], [-0.78562, 44.372, 52.47090909090908], [-0.7859, 44.37191, 52.8], [-0.78615, 44.37191, 52.8], [-0.78648, 44.372, 52.47090909090908], [-0.78665, 44.37213, 52.47090909090908], [-0.78692, 44.37259, 52.47090909090908]]]}}, {"type": "Feature", "properties": {"id_obligation": "402950000J0705", "priorite": "forte"}, "geometry": {"type": "Polygon", "coordinates": [[[-0.78569, 44.37172, 52.73333333333333], [-0.78595, 44.3716, 52.73333333333333], [-0.7862, 44.37158, 52.73333333333333], [-0.78655, 44.37163, 52.73333333333333], [-0.78674, 44.37174, 52.73333333333333], [-0.78688, 44.37193, 52.73333333333333], [-0.78688, 44.3722, 52.73333333333333], [-0.78682, 44.37237, 52.73333333333333], [-0.78667, 44.37251, 52.73333333333333], [-0.78645, 44.37259, 52.7], [-0.78621, 44.37262, 52.7], [-0.78586, 44.37257, 52.7], [-0.78566, 44.37246, 52.7], [-0.78554, 44.37231, 52.7], [-0.78554, 44.37191, 52.73333333333333], [-0.78569, 44.37172, 52.73333333333333]]]}}, {"type": "Feature", "properties": {"id_obligation": "402950000J0712", "priorite": "faible"}, "geometry": {"type": "Polygon", "coordinates": [[[-0.80149, 44.37493, 54.987500000000004], [-0.8012, 44.37501, 54.987500000000004], [-0.80077, 44.37499, 56.531578947368416], [-0.8005, 44.37488, 56.531578947368416], [-0.80035, 44.37474, 56.531578947368416], [-0.8003, 44.37456, 56.32857142857143], [-0.80034, 44.37414, 57.6], [-0.80049, 44.37395, 57.6], [-0.80075, 44.37383, 57.6], [-0.80093, 44.37381, 57.4], [-0.8009, 44.37384, 57.4], [-0.80099, 44.37387, 57.4], [-0.80104, 44.3738, 57.4], [-0.80112, 44.3738, 56.04999999999999], [-0.80148, 44.37382, -472.73999999999995], [-0.80168, 44.37388, -1000.0], [-0.80162, 44.37389, -1000.0], [-0.80164, 44.37396, -1000.0], [-0.80176, 44.37393, -1000.0], [-0.80192, 44.37412, -472.73999999999995], [-0.80195, 44.37438, 54.544444444444444], [-0.80191, 44.3745, 54.2], [-0.80184, 44.37451, 54.2], [-0.80185, 44.37458, 54.2], [-0.80149, 44.37493, 54.987500000000004]]]}}, {"type": "Feature", "properties": {"id_obligation": "402950000J0717", "priorite": "moyenne"}, "geometry": {"type": "Polygon", "coordinates": [[[-0.80205, 44.37624, 53.333333333333336], [-0.80224, 44.37629, 53.492577502152535], [-0.80196, 44.37636, 53.4], [-0.80199, 44.37642, 53.4], [-0.80229, 44.37635, 53.5], [-0.80227, 44.37631, 53.5], [-0.80237, 44.37637, 55.191666666666656], [-0.80255, 44.3766, 53.3], [-0.80259, 44.37677, 53.3], [-0.80254, 44.37695, 53.98241792929293], [-0.80235, 44.37712, 53.98241792929293], [-0.80199, 44.37724, 53.1], [-0.80175, 44.37726, 53.1], [-0.80152, 44.37722, 53.84545454545455], [-0.80132, 44.37712, 53.84545454545455], [-0.80147, 44.37707, 54.2], [-0.80144, 44.37701, 54.0], [-0.80139, 44.37695, 54.4], [-0.8012, 44.377, 54.4], [-0.8011, 44.37672, 54.4], [-0.80116, 44.37655, 55.0], [-0.8013, 44.37641, 55.0], [-0.80181, 44.37624, 53.333333333333336], [-0.80205, 44.37624, 53.333333333333336]]]}}, {"type": "Feature", "properties": {"id_obligation": "402950000J0720", "priorite": "moyenne"}, "geometry": {"type": "Polygon", "coordinates": [[[-0.80188, 44.37683, 54.0], [-0.80215, 44.37699, 54.0], [-0.80228, 44.37726, -367.848961038961], [-0.80226, 44.37748, -367.848961038961], [-0.8021, 44.37767, -367.848961038961], [-0.80189, 44.37776, -367.848961038961], [-0.80141, 44.37785, -367.848961038961], [-0.8011, 44.37783, -367.848961038961], [-0.80089, 44.37774, -367.848961038961], [-0.80066, 44.37754, -367.848961038961], [-0.80055, 44.37728, -1000.0], [-0.80057, 44.3771, -1000.0], [-0.8006, 44.37704, -1000.0], [-0.80059, 44.37712, -1000.0], [-0.80076, 44.37713, -1000.0], [-0.80074, 44.37705, -1000.0], [-0.80061, 44.37704, -1000.0], [-0.80073, 44.37691, -1000.0], [-0.80094, 44.37681, -1000.0], [-0.80119, 44.37677, 54.31428571428571], [-0.80188, 44.37683, 54.0]]]}}, {"type": "Feature", "properties": {"id_obligation": "402950000J0721", "priorite": "moyenne"}, "geometry": {"type": "MultiPolygon", "coordinates": [[[[-0.80209, 44.377, -391.8546130952381], [-0.80208, 44.37718, -391.8546130952381], [-0.80196, 44.37735, 53.05], [-0.80177, 44.37746, 53.05], [-0.80143, 44.37756, -210.90625], [-0.80119, 44.37758, -210.90625], [-0.80091, 44.3775, -1000.0], [-0.80074, 44.37738, -1000.0], [-0.8008, 44.37737, -1000.0], [-0.80082, 44.37727, -1000.0], [-0.80067, 44.37725, -1000.0], [-0.80067, 44.37728, -1000.0], [-0.80056, 44.37696, -1000.0], [-0.80067, 44.37675, -391.8546130952381], [-0.80085, 44.37663, -391.8546130952381], [-0.80122, 44.37652, -391.8546130952381], [-0.80152, 44.37651, -391.8546130952381], [-0.80175, 44.37658, 54.0], [-0.80189, 44.37669, 54.0], [-0.80173, 44.37673, 54.0], [-0.80177, 44.37681, 54.0], [-0.80196, 44.37676, 54.0], [-0.80209, 44.377, -391.8546130952381]]]]}}, {"type": "Feature", "properties": {"id_obligation": "402950000J0726", "priorite": "faible"}, "geometry": {"type": "MultiPolygon", "coordinates": [[[[-0.80169, 44.37663, 55.0], [-0.80141, 44.37654, 55.0], [-0.80125, 44.3764, 55.0], [-0.80114, 44.37616, 56.6125], [-0.80118, 44.37594, 59.29999999999999], [-0.80132, 44.3758, 59.29999999999999], [-0.80152, 44.3757, 59.29999999999999], [-0.80188, 44.37561, 53.655555555555566], [-0.80218, 44.37565, 53.655555555555566], [-0.80239, 44.37574, -367.24], [-0.80254, 44.37592, -1000.0], [-0.80246, 44.37594, -1000.0], [-0.8025, 44.37602, -1000.0], [-0.80258, 44.376, -1000.0], [-0.80261, 44.37609, -736.375], [-0.80255, 44.37634, 56.4], [-0.80254, 44.37631, 56.4], [-0.80241, 44.37632, 56.4], [-0.80245, 44.37644, 56.4], [-0.80199, 44.37662, 53.34666666666666], [-0.80169, 44.37663, 55.0]]], [[[-0.80251, 44.37638, 56.4], [-0.8025, 44.37635, 56.4], [-0.80254, 44.37635, 55.755555555555546], [-0.80251, 44.37638, 56.4]]]]}}, {"type": "Feature", "properties": {"id_obligation": "402950000J0728", "priorite": "faible"}, "geometry": {"type": "MultiPolygon", "coordinates": [[[[-0.80038, 44.37409, 57.166666666666664], [-0.8003, 44.37396, 58.0], [-0.80052, 44.37387, 57.9], [-0.8005, 44.37381, 57.9], [-0.80028, 44.37386, 57.9], [-0.8003, 44.37372, 57.949999999999996], [-0.80044, 44.3735, 56.0], [-0.80052, 44.37351, 56.0], [-0.80057, 44.3734, 56.1], [-0.80072, 44.37332, 55.6], [-0.80077, 44.3733, 55.6], [-0.80088, 44.37328, 55.6], [-0.80091, 44.37338, 55.6], [-0.80123, 44.37329, 55.6], [-0.80148, 44.37339, 55.41818181818182], [-0.80162, 44.3735, 58.3], [-0.80158, 44.37351, 58.3], [-0.80164, 44.37362, 58.3], [-0.80169, 44.37361, 58.3], [-0.80171, 44.37373, -196.18571428571425], [-0.80168, 44.37388, -1000.0], [-0.80162, 44.37389, -1000.0], [-0.80162, 44.37398, 54.60117108051275], [-0.80152, 44.37401, 54.2], [-0.80155, 44.37408, 54.63870128805987], [-0.80148, 44.37415, 55.11428571428571], [-0.80132, 44.37426, 56.4], [-0.80095, 44.37426, 56.4], [-0.80095, 44.37432, 56.4], [-0.80056, 44.37421, 57.166666666666664], [-0.80038, 44.37409, 57.166666666666664]]], [[[-0.80168, 44.37359, 58.3], [-0.80165, 44.37359, 58.3], [-0.80164, 44.37356, 58.3], [-0.80168, 44.37359, 58.3]]]]}}, {"type": "Feature", "properties": {"id_obligation": "402950000J0730", "priorite": "faible"}, "geometry": {"type": "Polygon", "coordinates": [[[-0.80123, 44.37455, 55.66249999999999], [-0.80093, 44.37455, 55.6], [-0.80068, 44.37448, 55.800000000000004], [-0.80051, 44.37436, 55.800000000000004], [-0.80042, 44.3742, 57.75], [-0.80041, 44.3739, 57.9], [-0.80052, 44.37387, 57.9], [-0.8005, 44.37381, 57.9], [-0.80043, 44.37383, 57.9], [-0.80044, 44.37379, 57.9], [-0.80067, 44.37359, 57.9], [-0.8009, 44.37352, 55.57499999999999], [-0.80126, 44.37352, 55.57499999999999], [-0.80149, 44.37358, 53.166666666666664], [-0.80166, 44.3737, 53.166666666666664], [-0.80177, 44.37391, -350.8846153846153], [-0.80177, 44.37416, -350.8846153846153], [-0.80168, 44.37432, 55.666666666666664], [-0.80151, 44.37446, 55.666666666666664], [-0.80123, 44.37455, 55.66249999999999]]]}}, {"type": "Feature", "properties": {"id_obligation": "402950000J0733", "priorite": "très forte"}, "geometry": {"type": "Polygon", "coordinates": [[[-0.79253, 44.36998, 56.17187500000001], [-0.79223, 44.36995, 54.6], [-0.79209, 44.36989, 54.8], [-0.7922, 44.3698, 54.0], [-0.79215, 44.36974, 54.0], [-0.79197, 44.36981, 54.0], [-0.79181, 44.36962, 56.17187500000001], [-0.79179, 44.3694, 56.17187500000001], [-0.79189, 44.36923, 56.17187500000001], [-0.79216, 44.36905, 56.17187500000001], [-0.79238, 44.36897, 56.17187500000001], [-0.79262, 44.36895, 56.17187500000001], [-0.79285, 44.369, 56.17187500000001], [-0.7931, 44.36917, 56.17187500000001], [-0.79322, 44.36932, 56.087500000000006], [-0.79324, 44.3695, 56.087500000000006], [-0.79317, 44.36967, 56.10000000000001], [-0.79281, 44.36991, 56.10000000000001], [-0.79253, 44.36998, 56.17187500000001]]]}}, {"type": "Feature", "properties": {"id_obligation": "402950000J0737", "priorite": "moyenne"}, "geometry": {"type": "Polygon", "coordinates": [[[-0.79874, 44.37409, -155.87333333333333], [-0.79857, 44.37391, -155.87333333333333], [-0.79855, 44.37369, 56.03333333333334], [-0.79865, 44.37345, -155.87333333333333], [-0.79882, 44.37332, -155.87333333333333], [-0.79909, 44.37324, 55.0], [-0.79933, 44.37324, 55.0], [-0.79931, 44.37335, 55.0], [-0.79948, 44.37336, 55.0], [-0.7995, 44.37326, 55.0], [-0.79973, 44.37332, 55.0], [-0.79992, 44.37344, 55.0], [-0.80002, 44.3736, -155.87333333333333], [-0.80003, 44.37378, -155.87333333333333], [-0.79993, 44.37402, -1000.0], [-0.7998, 44.37413, -1000.0], [-0.7998, 44.37405, -1000.0], [-0.79962, 44.37404, -1000.0], [-0.79962, 44.37414, -1000.0], [-0.79978, 44.37414, -1000.0], [-0.79955, 44.37422, -155.87333333333333], [-0.79902, 44.3742, -155.87333333333333], [-0.79874, 44.37409, -155.87333333333333]]]}}, {"type": "Feature", "properties": {"id_obligation": "402950000J0738", "priorite": "moyenne"}, "geometry": {"type": "Polygon", "coordinates": [[[-0.79891, 44.37369, 54.6], [-0.79873, 44.37351, 54.6], [-0.79869, 44.37334, -208.95], [-0.79876, 44.37299, -208.95], [-0.79892, 44.37281, -208.95], [-0.79912, 44.37271, -208.95], [-0.79936, 44.37268, -208.95], [-0.79971, 44.37272, -208.95], [-0.79997, 44.37283, -208.95], [-0.80011, 44.37298, -208.95], [-0.80015, 44.37316, -208.95], [-0.80008, 44.37349, -1000.0], [-0.79996, 44.37366, -1000.0], [-0.79977, 44.37376, -1000.0], [-0.79954, 44.37381, 54.6], [-0.79919, 44.37379, 54.6], [-0.79891, 44.37369, 54.6]]]}}, {"type": "Feature", "properties": {"id_obligation": "402950000J0743", "priorite": "moyenne"}, "geometry": {"type": "Polygon", "coordinates": [[[-0.80087, 44.37263, 54.2], [-0.80109, 44.37278, 54.2], [-0.80117, 44.37294, 55.6], [-0.80118, 44.3732, 55.6], [-0.80086, 44.37328, 55.6], [-0.80091, 44.37338, 55.6], [-0.80113, 44.37333, 55.6], [-0.8009, 44.3735, 55.6], [-0.80067, 44.37357, 56.050000000000004], [-0.8003, 44.37357, -1000.0], [-0.80023, 44.37355, -1000.0], [-0.80024, 44.3735, -1000.0], [-0.80003, 44.37347, -1000.0], [-0.79988, 44.37332, -1000.0], [-0.79982, 44.37315, -95.36428571428571], [-0.79983, 44.37292, -95.36428571428571], [-0.79993, 44.37276, -95.36428571428571], [-0.80011, 44.37264, -95.36428571428571], [-0.80034, 44.37258, 55.6], [-0.80064, 44.37257, 55.6], [-0.80087, 44.37263, 54.2]]]}}, {"type": "Feature", "properties": {"id_obligation": "402950000J0744", "priorite": "moyenne"}, "geometry": {"type": "Polygon", "coordinates": [[[-0.80011, 44.37241, 55.67559523809524], [-0.80037, 44.37229, 55.67559523809524], [-0.80061, 44.37226, 55.67559523809524], [-0.80098, 44.3723, 55.67559523809524], [-0.80122, 44.37244, 55.67559523809524], [-0.80133, 44.3726, 55.67559523809524], [-0.80134, 44.37289, 56.05], [-0.80128, 44.37306, 55.6], [-0.80114, 44.37321, 55.6], [-0.80086, 44.37328, 55.6], [-0.80087, 44.37331, 55.48571428571429], [-0.80055, 44.37332, 55.48571428571429], [-0.80031, 44.37328, 55.67559523809524], [-0.80012, 44.37318, 55.67559523809524], [-0.79999, 44.37303, 55.67559523809524], [-0.79997, 44.37261, 55.67559523809524], [-0.80011, 44.37241, 55.67559523809524]]]}}, {"type": "Feature", "properties": {"id_obligation": "402950000J0745", "priorite": "moyenne"}, "geometry": {"type": "Polygon", "coordinates": [[[-0.79931, 44.38071, 52.6], [-0.79905, 44.38081, -1000.0], [-0.79881, 44.38083, -1000.0], [-0.79842, 44.38075, -319.3401753008896], [-0.79823, 44.38064, -319.3401753008896], [-0.7981, 44.38043, 53.34615384615384], [-0.79811, 44.38026, 53.34615384615384], [-0.79821, 44.38003, -319.3401753008896], [-0.79841, 44.37987, -319.3401753008896], [-0.79864, 44.37981, -397.37142857142857], [-0.79912, 44.37985, 54.6], [-0.79904, 44.37997, 54.6], [-0.79916, 44.38, 54.6], [-0.79923, 44.37988, 53.925000000000004], [-0.79942, 44.38, 53.925000000000004], [-0.79953, 44.38016, 2.119047619047622], [-0.79945, 44.38017, 53.2], [-0.79945, 44.38029, 53.2], [-0.79955, 44.38029, 53.2], [-0.79948, 44.38053, 52.6], [-0.79931, 44.38071, 52.6]]]}}, {"type": "Feature", "properties": {"id_obligation": "402950000J0746", "priorite": "moyenne"}, "geometry": {"type": "Polygon", "coordinates": [[[-0.79933, 44.38095, 52.2], [-0.79936, 44.38087, 52.2], [-0.79921, 44.38084, 52.3], [-0.79917, 44.38095, 52.2], [-0.79926, 44.38097, 52.23333333333333], [-0.79902, 44.381, 52.23333333333333], [-0.79878, 44.38096, -168.72955357142854], [-0.79859, 44.38085, -168.72955357142854], [-0.79837, 44.38063, -52.089999999999996], [-0.79831, 44.38046, -52.089999999999996], [-0.79835, 44.38028, 55.4], [-0.79843, 44.38028, 55.4], [-0.79843, 44.38017, -297.59999999999997], [-0.79877, 44.37997, -209.725], [-0.79906, 44.37993, 54.6], [-0.79904, 44.37997, 54.6], [-0.79916, 44.38, 54.6], [-0.79919, 44.37994, 54.6], [-0.79931, 44.37997, 53.01666666666666], [-0.79951, 44.38007, 53.01666666666666], [-0.79973, 44.38029, 52.12857142857143], [-0.79979, 44.38046, 52.12857142857143], [-0.79976, 44.38063, 52.2], [-0.79963, 44.38079, 52.2], [-0.79933, 44.38095, 52.2]]]}}, {"type": "Feature", "properties": {"id_obligation": "402950000J0747", "priorite": "moyenne"}, "geometry": {"type": "Polygon", "coordinates": [[[-0.79927, 44.38049, -1000.0], [-0.79903, 44.38062, -1000.0], [-0.79873, 44.38066, -1000.0], [-0.79842, 44.38061, -468.0995238095238], [-0.79818, 44.38046, -468.0995238095238], [-0.79808, 44.3803, 54.57142857142857], [-0.79808, 44.38012, 54.57142857142857], [-0.79816, 44.37991, -468.0995238095238], [-0.79831, 44.37978, -468.0995238095238], [-0.79852, 44.37969, -468.0995238095238], [-0.79876, 44.37967, -468.0995238095238], [-0.79907, 44.37972, 54.6], [-0.79927, 44.37983, 54.6], [-0.79939, 44.37999, -368.59000000000003], [-0.79938, 44.38034, -1000.0], [-0.79927, 44.38049, -1000.0]]]}}, {"type": "Feature", "properties": {"id_obligation": "402950000J0755", "priorite": "très forte"}, "geometry": {"type": "Polygon", "coordinates": [[[-0.79686, 44.36853, -154.32], [-0.79669, 44.36835, -154.32], [-0.79666, 44.36817, -154.32], [-0.79674, 44.36791, -1000.0], [-0.79689, 44.36777, -1000.0], [-0.79716, 44.36767, 56.9], [-0.79741, 44.36767, 56.9], [-0.79773, 44.36773, 56.9], [-0.79792, 44.36783, 56.9], [-0.79806, 44.36802, 56.9], [-0.79801, 44.3684, -154.32], [-0.79786, 44.36854, -154.32], [-0.79765, 44.36864, -154.32], [-0.79741, 44.36866, -154.32], [-0.79713, 44.36863, -154.32], [-0.79686, 44.36853, -154.32]]]}}, {"type": "Feature", "properties": {"id_obligation": "402950000J0756", "priorite": "très forte"}, "geometry": {"type": "Polygon", "coordinates": [[[-0.79767, 44.36738, -131.375], [-0.79795, 44.36745, -131.375], [-0.79815, 44.36761, -131.375], [-0.79831, 44.3679, -131.375], [-0.79834, 44.36807, -131.375], [-0.79826, 44.36824, -131.375], [-0.7981, 44.36838, -131.375], [-0.79783, 44.36848, 57.7], [-0.79752, 44.36848, 57.7], [-0.79725, 44.36839, 57.7], [-0.7971, 44.36825, 57.7], [-0.79694, 44.36796, -697.8000000000001], [-0.79692, 44.36779, -697.8000000000001], [-0.797, 44.36762, -131.375], [-0.79716, 44.36748, -131.375], [-0.79738, 44.3674, -131.375], [-0.79767, 44.36738, -131.375]]]}}, {"type": "Feature", "properties": {"id_obligation": "402950000J0761", "priorite": "très forte"}, "geometry": {"type": "Polygon", "coordinates": [[[-0.79692, 44.36839, 57.70000000000001], [-0.7967, 44.36831, -206.92499999999998], [-0.79653, 44.36818, -206.92499999999998], [-0.79643, 44.36801, -206.92499999999998], [-0.79642, 44.36783, -206.92499999999998], [-0.7965, 44.36766, -206.92499999999998], [-0.79668, 44.36753, -206.92499999999998], [-0.79694, 44.36745, -206.92499999999998], [-0.79719, 44.36744, -206.92499999999998], [-0.79742, 44.36751, -206.92499999999998], [-0.79759, 44.36764, -206.92499999999998], [-0.79772, 44.36785, 56.9], [-0.79772, 44.36803, 56.9], [-0.79762, 44.36819, 57.7], [-0.79744, 44.36832, 57.7], [-0.79724, 44.36838, 57.70000000000001], [-0.79692, 44.36839, 57.70000000000001]]]}}, {"type": "Feature", "properties": {"id_obligation": "402950000J0763", "priorite": "très forte"}, "geometry": {"type": "Polygon", "coordinates": [[[-0.78501, 44.37247, 52.62820512820512], [-0.78531, 44.37243, 52.62820512820512], [-0.78565, 44.3725, 52.3], [-0.78586, 44.3726, 52.3], [-0.78593, 44.37266, 52.3], [-0.78586, 44.37264, 52.3], [-0.78581, 44.37282, 52.3], [-0.78592, 44.37284, 52.3], [-0.78597, 44.3727, 52.3], [-0.78605, 44.37291, 52.78461538461538], [-0.78601, 44.37309, 52.78461538461538], [-0.78584, 44.3733, 52.62820512820512], [-0.78533, 44.37351, 52.62820512820512], [-0.78509, 44.37356, 52.62820512820512], [-0.78476, 44.37352, 52.62820512820512], [-0.78451, 44.3734, 52.62820512820512], [-0.78435, 44.37317, 52.62820512820512], [-0.78437, 44.37294, 52.62820512820512], [-0.78451, 44.37275, 52.62820512820512], [-0.78501, 44.37247, 52.62820512820512]]]}}, {"type": "Feature", "properties": {"id_obligation": "402950000J0765", "priorite": "très forte"}, "geometry": {"type": "Polygon", "coordinates": [[[-0.78477, 44.37399, -824.1666666666667], [-0.78462, 44.3738, -1000.0], [-0.7846, 44.37363, -1000.0], [-0.78471, 44.37338, -824.1666666666667], [-0.78486, 44.37325, -824.1666666666667], [-0.78514, 44.37315, -1000.0], [-0.78539, 44.37315, -1000.0], [-0.78566, 44.37322, -1000.0], [-0.78588, 44.37337, -1000.0], [-0.78597, 44.37352, -1000.0], [-0.78598, 44.37369, -1000.0], [-0.78586, 44.37394, -824.1666666666667], [-0.7857, 44.37406, -824.1666666666667], [-0.78549, 44.37414, -824.1666666666667], [-0.78525, 44.37415, -824.1666666666667], [-0.78497, 44.37409, -824.1666666666667], [-0.78477, 44.37399, -824.1666666666667]]]}}, {"type": "Feature", "properties": {"id_obligation": "402950000J0768", "priorite": "faible"}, "geometry": {"type": "Polygon", "coordinates": [[[-0.80126, 44.37389, 54.699999999999996], [-0.8015, 44.37376, -384.51666666666665], [-0.80184, 44.37372, -384.51666666666665], [-0.80209, 44.37376, 56.04], [-0.80234, 44.37389, 56.04], [-0.80246, 44.37405, 56.04], [-0.80248, 44.37433, 55.3], [-0.80243, 44.3745, 54.06666666666666], [-0.8024, 44.37455, 54.06666666666666], [-0.80222, 44.37442, 55.3], [-0.80235, 44.3746, 54.06666666666666], [-0.80209, 44.37474, 54.06666666666666], [-0.80174, 44.37477, 53.116666666666674], [-0.8015, 44.37473, 53.116666666666674], [-0.8013, 44.37463, 54.8], [-0.80116, 44.37449, 54.8], [-0.80112, 44.37432, 56.4], [-0.80132, 44.37434, 56.4], [-0.80132, 44.37425, 56.4], [-0.80112, 44.37426, 56.4], [-0.80113, 44.37409, 54.699999999999996], [-0.80126, 44.37389, 54.699999999999996]]]}}, {"type": "Feature", "properties": {"id_obligation": "402950000J0769", "priorite": "moyenne"}, "geometry": {"type": "Polygon", "coordinates": [[[-0.79893, 44.38044, -1000.0], [-0.79905, 44.38055, -1000.0], [-0.79916, 44.38049, -1000.0], [-0.79907, 44.3804, -1000.0], [-0.7993, 44.3804, -1000.0], [-0.79967, 44.38048, -473.52], [-0.79989, 44.38063, -473.52], [-0.79997, 44.38079, -473.52], [-0.79997, 44.38097, -473.52], [-0.79987, 44.38119, 53.7], [-0.79979, 44.38119, 53.7], [-0.79979, 44.38127, 53.7], [-0.7997, 44.38133, 53.7], [-0.79942, 44.38142, -473.52], [-0.79917, 44.38141, -473.52], [-0.79885, 44.38133, -473.52], [-0.79867, 44.38122, -473.52], [-0.79857, 44.38106, -473.52], [-0.79855, 44.38088, -473.52], [-0.79864, 44.38065, -1000.0], [-0.79893, 44.38044, -1000.0]]]}}, {"type": "Feature", "properties": {"id_obligation": "402950000J0778", "priorite": "très forte"}, "geometry": {"type": "Polygon", "coordinates": [[[-0.78855, 44.3719, 54.44], [-0.78855, 44.37212, 54.44], [-0.78845, 44.37227, 54.44], [-0.78807, 44.37258, 54.44], [-0.78779, 44.37267, 54.44], [-0.78754, 44.37266, 54.44], [-0.78732, 44.37259, 54.44], [-0.78705, 44.37241, 54.44], [-0.78693, 44.37221, 54.44], [-0.78696, 44.37199, 54.44], [-0.78742, 44.37157, 54.44], [-0.7877, 44.37148, 54.44], [-0.78795, 44.37149, 54.44], [-0.78818, 44.37156, 54.44], [-0.78841, 44.37171, 54.44], [-0.78855, 44.3719, 54.44]]]}}, {"type": "Feature", "properties": {"id_obligation": "402950000J0784", "priorite": "moyenne"}, "geometry": {"type": "Polygon", "coordinates": [[[-0.80066, 44.37514, 55.9], [-0.80087, 44.37526, 55.9], [-0.80081, 44.37526, 55.9], [-0.8008, 44.37536, 55.9], [-0.80095, 44.37536, 55.9], [-0.80099, 44.3757, 54.547575757575764], [-0.80086, 44.3759, 54.547575757575764], [-0.80067, 44.37601, 54.547575757575764], [-0.80039, 44.37606, 53.864099330467056], [-0.80042, 44.37598, 53.8], [-0.80029, 44.37597, 54.0], [-0.80027, 44.37607, 54.08826461615973], [-0.80011, 44.37606, 53.945454545454545], [-0.79989, 44.376, 54.547575757575764], [-0.79968, 44.37583, 54.547575757575764], [-0.79961, 44.37567, 52.94000000000001], [-0.79961, 44.37546, 55.5], [-0.7997, 44.37529, 55.5], [-0.7998, 44.37521, 55.5], [-0.7999, 44.37521, 55.5], [-0.7999, 44.37516, 55.5], [-0.80037, 44.37508, 54.4], [-0.80066, 44.37514, 55.9]]]}}, {"type": "Feature", "properties": {"id_obligation": "402950000J0785", "priorite": "moyenne"}, "geometry": {"type": "Polygon", "coordinates": [[[-0.80077, 44.37494, 52.5], [-0.80099, 44.37509, 52.5], [-0.80109, 44.37525, 55.9], [-0.8011, 44.3755, 55.9], [-0.80097, 44.3757, 54.88571428571429], [-0.80078, 44.37581, 54.88571428571429], [-0.80055, 44.37587, 54.6], [-0.80022, 44.37587, 54.6], [-0.79994, 44.37578, 54.88571428571429], [-0.79978, 44.37564, 54.88571428571429], [-0.79971, 44.37547, 55.5], [-0.79971, 44.37525, 55.5], [-0.79973, 44.37521, 55.5], [-0.7999, 44.37521, 55.5], [-0.7999, 44.37513, 55.5], [-0.79978, 44.37513, 55.5], [-0.79998, 44.37497, 55.5], [-0.80033, 44.37489, 55.8], [-0.80034, 44.37495, 55.8], [-0.80047, 44.37495, 55.8], [-0.80047, 44.37489, 55.8], [-0.80077, 44.37494, 52.5]]]}}, {"type": "Feature", "properties": {"id_obligation": "402950000J0801", "priorite": "moyenne"}, "geometry": {"type": "Polygon", "coordinates": [[[-0.80134, 44.37729, 52.04686257066053], [-0.80127, 44.3773, 51.8], [-0.80124, 44.37722, 51.8], [-0.80118, 44.37723, 51.8], [-0.80121, 44.37732, 51.8], [-0.80127, 44.37731, 52.45], [-0.80129, 44.37736, 52.8118143247892], [-0.80103, 44.37754, -1000.0], [-0.80074, 44.37758, -1000.0], [-0.80039, 44.37754, -1000.0], [-0.80014, 44.37743, -1000.0], [-0.80001, 44.37728, -1000.0], [-0.79996, 44.3771, -94.60000000000001], [-0.80001, 44.37689, -549.1191666666667], [-0.80013, 44.37674, -549.1191666666667], [-0.80038, 44.37661, -549.1191666666667], [-0.80062, 44.37658, -549.1191666666667], [-0.80094, 44.37662, -549.1191666666667], [-0.80115, 44.37671, -549.1191666666667], [-0.8013, 44.37685, -549.1191666666667], [-0.80136, 44.37696, 54.4], [-0.80119, 44.37701, 54.4], [-0.80126, 44.37713, 54.4], [-0.80139, 44.37709, 54.4], [-0.80134, 44.37729, 52.04686257066053]]]}}, {"type": "Feature", "properties": {"id_obligation": "402950000J0802", "priorite": "moyenne"}, "geometry": {"type": "Polygon", "coordinates": [[[-0.80146, 44.37666, -529.8223059116809], [-0.80165, 44.37683, -529.8223059116809], [-0.80173, 44.3771, 54.02222222222222], [-0.80167, 44.37732, 52.35625], [-0.80163, 44.37724, 53.0], [-0.80127, 44.3773, 51.8], [-0.80124, 44.37722, 51.8], [-0.80118, 44.37723, 51.8], [-0.80131, 44.37741, 53.1], [-0.80165, 44.37734, 53.1], [-0.80147, 44.37749, 52.35625], [-0.80125, 44.37756, 52.35625], [-0.80084, 44.3776, -919.0923076923077], [-0.80061, 44.37755, -1000.0], [-0.8004, 44.37741, -1000.0], [-0.8005, 44.37732, -1000.0], [-0.80036, 44.37724, -1000.0], [-0.80029, 44.3773, -1000.0], [-0.80021, 44.37715, -366.21999999999997], [-0.80017, 44.37693, -366.21999999999997], [-0.80023, 44.37677, -529.8223059116809], [-0.80043, 44.3766, -529.8223059116809], [-0.80065, 44.37653, -529.8223059116809], [-0.80093, 44.37652, -529.8223059116809], [-0.80146, 44.37666, -529.8223059116809]]]}}, {"type": "Feature", "properties": {"id_obligation": "402950000J0803", "priorite": "moyenne"}, "geometry": {"type": "Polygon", "coordinates": [[[-0.80152, 44.37772, -472.8591666666667], [-0.80125, 44.37782, -472.8591666666667], [-0.80049, 44.37779, -472.8591666666667], [-0.80024, 44.37767, -472.8591666666667], [-0.80009, 44.37751, -1000.0], [-0.80003, 44.37734, -1000.0], [-0.80008, 44.3771, 56.300000000000004], [-0.80018, 44.37708, 56.3], [-0.80019, 44.37697, 56.3], [-0.80026, 44.37692, 56.300000000000004], [-0.80053, 44.37682, 56.300000000000004], [-0.80131, 44.37687, 54.3], [-0.80157, 44.37699, 54.3], [-0.8017, 44.37714, 52.245000000000005], [-0.80174, 44.37731, 52.245000000000005], [-0.80169, 44.37753, -472.8591666666667], [-0.80152, 44.37772, -472.8591666666667]]]}}, {"type": "Feature", "properties": {"id_obligation": "402950000J0805", "priorite": "moyenne"}, "geometry": {"type": "Polygon", "coordinates": [[[-0.80059, 44.37784, -577.855], [-0.80029, 44.37785, -577.855], [-0.80006, 44.37779, -577.855], [-0.79974, 44.37758, -577.855], [-0.79964, 44.37742, 54.8], [-0.79965, 44.3772, 54.8], [-0.79977, 44.37705, 55.550000000000004], [-0.8, 44.37687, 55.550000000000004], [-0.80023, 44.3768, -577.48], [-0.80047, 44.3768, -577.48], [-0.8007, 44.37686, -1000.0], [-0.80097, 44.37702, -1000.0], [-0.80086, 44.37703, -1000.0], [-0.80088, 44.37715, -1000.0], [-0.80107, 44.37713, -1000.0], [-0.80113, 44.37736, -1000.0], [-0.80106, 44.37753, -577.855], [-0.80085, 44.37773, -577.855], [-0.80059, 44.37784, -577.855]]]}}, {"type": "Feature", "properties": {"id_obligation": "402950000J0815", "priorite": "forte"}, "geometry": {"type": "Polygon", "coordinates": [[[-0.79956, 44.38207, 56.7], [-0.79936, 44.38217, 56.7], [-0.79918, 44.38216, 54.9], [-0.79916, 44.3822, 54.9], [-0.79906, 44.3822, 55.79999999999999], [-0.79876, 44.38214, 53.518055555555556], [-0.79853, 44.382, 53.518055555555556], [-0.79844, 44.38183, 50.9], [-0.79844, 44.38166, 50.9], [-0.79853, 44.38143, 50.9], [-0.79868, 44.3813, 50.9], [-0.79889, 44.38121, 55.0], [-0.79912, 44.38119, 55.0], [-0.79942, 44.38125, 53.518055555555556], [-0.79962, 44.38135, 53.518055555555556], [-0.79974, 44.38151, 53.518055555555556], [-0.79977, 44.38169, 53.518055555555556], [-0.79972, 44.38188, 53.518055555555556], [-0.79956, 44.38207, 56.7]]]}}, {"type": "Feature", "properties": {"id_obligation": "402950000J0816", "priorite": "forte"}, "geometry": {"type": "Polygon", "coordinates": [[[-0.79962, 44.38183, 52.102272727272734], [-0.79937, 44.38195, 52.102272727272734], [-0.79887, 44.38194, 50.8], [-0.79886, 44.38194, 50.8], [-0.79869, 44.3819, 50.8], [-0.79843, 44.38173, 50.8], [-0.79837, 44.38165, 50.9], [-0.79847, 44.38162, 50.9], [-0.79844, 44.38158, 50.9], [-0.79835, 44.3816, 50.9], [-0.79834, 44.38143, 50.9], [-0.79841, 44.38122, 52.102272727272734], [-0.79861, 44.38104, 52.102272727272734], [-0.79884, 44.38097, 52.102272727272734], [-0.79941, 44.38101, 52.102272727272734], [-0.79962, 44.38111, 52.102272727272734], [-0.79976, 44.38125, 52.102272727272734], [-0.79981, 44.38142, 52.102272727272734], [-0.79977, 44.38164, 52.102272727272734], [-0.79962, 44.38183, 52.102272727272734]]]}}, {"type": "Feature", "properties": {"id_obligation": "402950000J0823", "priorite": "faible"}, "geometry": {"type": "Polygon", "coordinates": [[[-0.80178, 44.37595, 57.29999999999999], [-0.80147, 44.37597, 57.29999999999999], [-0.80146, 44.37592, 59.3], [-0.80134, 44.37592, 59.3], [-0.80134, 44.37596, 59.3], [-0.80119, 44.37592, 59.3], [-0.801, 44.3758, 59.3], [-0.80089, 44.37565, 59.3], [-0.80084, 44.37537, -208.075], [-0.80093, 44.37537, 55.9], [-0.80094, 44.37527, 55.9], [-0.80084, 44.37526, 55.9], [-0.80091, 44.37511, 56.9], [-0.80107, 44.37497, 56.9], [-0.80128, 44.37489, 56.9], [-0.80136, 44.37488, 55.1], [-0.80137, 44.37494, 55.1], [-0.80148, 44.37493, 55.1], [-0.80147, 44.37487, 55.1], [-0.80164, 44.37486, 55.290909090909096], [-0.80177, 44.37488, 54.02504243039322], [-0.80175, 44.37493, 54.0], [-0.80188, 44.3749, 54.151061075091555], [-0.80198, 44.37493, 56.4], [-0.80219, 44.37505, 55.99090909090909], [-0.80231, 44.3752, 53.31666666666666], [-0.80234, 44.37548, 53.31666666666666], [-0.80227, 44.37565, 53.45000000000001], [-0.80205, 44.37584, 53.45000000000001], [-0.80178, 44.37595, 57.29999999999999]]]}}, {"type": "Feature", "properties": {"id_obligation": "402950000J0824", "priorite": "faible"}, "geometry": {"type": "Polygon", "coordinates": [[[-0.801, 44.37594, -277.18553571428566], [-0.80081, 44.37583, -277.18553571428566], [-0.80069, 44.37567, 55.9], [-0.80066, 44.3754, 55.9], [-0.80077, 44.3752, 55.9], [-0.80094, 44.37508, 55.9], [-0.80116, 44.37501, -119.25], [-0.80146, 44.375, -119.25], [-0.80169, 44.37505, -1000.0], [-0.80191, 44.37519, -1000.0], [-0.80201, 44.37539, 53.58860122880505], [-0.80188, 44.37544, 53.2], [-0.80189, 44.3755, 53.6], [-0.80203, 44.3755, 53.40469713773412], [-0.80203, 44.37558, -322.8142857142857], [-0.80196, 44.37575, 53.48], [-0.8018, 44.37589, 53.48], [-0.80146, 44.37599, 59.300000000000004], [-0.80146, 44.37592, 59.3], [-0.80134, 44.37592, 59.3], [-0.80129, 44.376, 59.300000000000004], [-0.801, 44.37594, -277.18553571428566]]]}}, {"type": "Feature", "properties": {"id_obligation": "402950000J0825", "priorite": "moyenne"}, "geometry": {"type": "Polygon", "coordinates": [[[-0.80098, 44.37555, 55.9], [-0.80073, 44.37543, 55.9], [-0.80059, 44.37525, 53.47142857142857], [-0.80056, 44.37498, 53.47142857142857], [-0.80069, 44.37479, -95.4153911564626], [-0.80087, 44.37468, -95.4153911564626], [-0.80125, 44.3746, 54.660000000000004], [-0.8015, 44.3746, 54.660000000000004], [-0.80173, 44.37466, 54.660000000000004], [-0.8019, 44.37478, 55.94], [-0.80197, 44.37487, 56.4], [-0.80194, 44.37493, 56.4], [-0.802, 44.37495, 56.03333333333333], [-0.80202, 44.37517, 56.03333333333333], [-0.8019, 44.37537, -95.4153911564626], [-0.80161, 44.37551, -1000.0], [-0.8016, 44.37545, -1000.0], [-0.80172, 44.37544, -1000.0], [-0.80171, 44.37533, -1000.0], [-0.80146, 44.37532, -1000.0], [-0.80149, 44.37552, -1000.0], [-0.8016, 44.37552, -1000.0], [-0.80128, 44.37557, -1000.0], [-0.80098, 44.37555, 55.9]]]}}, {"type": "Feature", "properties": {"id_obligation": "402950000J0832", "priorite": "faible"}, "geometry": {"type": "Polygon", "coordinates": [[[-0.80156, 44.3757, 53.39166666666667], [-0.80173, 44.37552, 53.39166666666667], [-0.80188, 44.37545, 53.30373486857351], [-0.80189, 44.3755, 53.6], [-0.80203, 44.3755, 53.4], [-0.80203, 44.37542, 53.55183885959659], [-0.80232, 44.37538, 53.214285714285715], [-0.80251, 44.37542, 54.1], [-0.80253, 44.37547, 54.1], [-0.80261, 44.37546, 54.1], [-0.80278, 44.37558, 54.100000000000016], [-0.80295, 44.37588, -1000.0], [-0.80296, 44.37592, -1000.0], [-0.80288, 44.37593, -1000.0], [-0.8029, 44.37596, -1000.0], [-0.80296, 44.37594, -1000.0], [-0.80296, 44.37601, -1000.0], [-0.80284, 44.37625, 55.2], [-0.80281, 44.37619, 55.2], [-0.80266, 44.37624, 55.2], [-0.8027, 44.37635, 55.56923076923076], [-0.80252, 44.37641, 56.4], [-0.80254, 44.37631, 56.4], [-0.80241, 44.37632, 56.4], [-0.80245, 44.37643, 56.4], [-0.80216, 44.37646, 54.74285714285714], [-0.80193, 44.37641, 53.4], [-0.80173, 44.3763, 53.4], [-0.80152, 44.37592, 53.4], [-0.80156, 44.3757, 53.39166666666667]]]}}, {"type": "Feature", "properties": {"id_obligation": "402950000J0834", "priorite": "faible"}, "geometry": {"type": "Polygon", "coordinates": [[[-0.80254, 44.37647, 56.4], [-0.8025, 44.37635, 56.4], [-0.80254, 44.37631, 56.4], [-0.80241, 44.37632, 56.4], [-0.80246, 44.37647, 56.4], [-0.80214, 44.37639, 53.5], [-0.80229, 44.37635, 53.5], [-0.80226, 44.37629, 53.5], [-0.80206, 44.37634, 53.43180386980585], [-0.80191, 44.37616, 53.4], [-0.80199, 44.37614, 53.4], [-0.80194, 44.37606, 53.4], [-0.80186, 44.37608, 53.4], [-0.80183, 44.3759, 54.22857142857142], [-0.8019, 44.37573, 53.3], [-0.80211, 44.37557, 53.26666666666667], [-0.80221, 44.37557, 52.5], [-0.80221, 44.37553, 52.5], [-0.80252, 44.37544, 54.1], [-0.80253, 44.37547, 54.1], [-0.80278, 44.37542, 54.800000000000004], [-0.80281, 44.37546, 54.1], [-0.80301, 44.37547, 56.02222222222222], [-0.8032, 44.37558, 56.02222222222222], [-0.80336, 44.37582, -512.2153846153847], [-0.80338, 44.376, -512.2153846153847], [-0.8032, 44.37627, 55.199999999999996], [-0.80254, 44.37647, 56.4]]]}}, {"type": "Feature", "properties": {"id_obligation": "402950000J0838", "priorite": "faible"}, "geometry": {"type": "Polygon", "coordinates": [[[-0.80353, 44.37571, -164.76074404761903], [-0.80336, 44.3759, -164.76074404761903], [-0.80315, 44.376, -647.6], [-0.8028, 44.37605, -647.6], [-0.80256, 44.37601, -1000.0], [-0.80276, 44.37595, -1000.0], [-0.80271, 44.37587, -1000.0], [-0.80246, 44.37594, -1000.0], [-0.80248, 44.37598, -1000.0], [-0.80235, 44.3759, -1000.0], [-0.80222, 44.37574, -1000.0], [-0.80216, 44.37557, 53.05863189997109], [-0.80221, 44.37557, 52.5], [-0.8022, 44.37551, 52.5], [-0.80216, 44.3755, 53.385714285714286], [-0.80224, 44.37529, 56.20000000000001], [-0.80241, 44.37516, 56.20000000000001], [-0.80263, 44.37508, 55.30000000000001], [-0.80292, 44.37504, 55.30000000000001], [-0.80316, 44.37508, 55.275000000000006], [-0.80335, 44.37518, 55.275000000000006], [-0.80355, 44.37549, 53.620000000000005], [-0.80353, 44.37571, -164.76074404761903]]]}}, {"type": "Feature", "properties": {"id_obligation": "402950000J0840", "priorite": "moyenne"}, "geometry": {"type": "Polygon", "coordinates": [[[-0.80328, 44.3763, 55.5], [-0.80301, 44.3764, 55.24000000000001], [-0.8027, 44.37639, 55.899999999999984], [-0.80244, 44.37627, 55.899999999999984], [-0.80229, 44.37608, 55.899999999999984], [-0.80226, 44.376, 54.5], [-0.80234, 44.37598, 54.5], [-0.80227, 44.37583, 54.6], [-0.8023, 44.37548, 54.1], [-0.80248, 44.3753, 54.1], [-0.80282, 44.37518, 55.50769230769232], [-0.80312, 44.37517, 55.50769230769232], [-0.8034, 44.37527, 54.09285714285715], [-0.80355, 44.3754, 54.09285714285715], [-0.80355, 44.37549, 53.1], [-0.8036, 44.37548, 53.1], [-0.80375, 44.37573, 56.79999999999999], [-0.80374, 44.37601, 56.8], [-0.80371, 44.37595, 56.8], [-0.80354, 44.37599, 56.8], [-0.80357, 44.37607, 56.8], [-0.80373, 44.37604, 56.8], [-0.8037, 44.37608, 56.02], [-0.80354, 44.37622, 56.02], [-0.80331, 44.37632, 56.02], [-0.80328, 44.3763, 55.5]]]}}, {"type": "Feature", "properties": {"id_obligation": "402950000J0842", "priorite": "faible"}, "geometry": {"type": "Polygon", "coordinates": [[[-0.80121, 44.37421, 54.54999999999999], [-0.80092, 44.37413, 56.311111111111124], [-0.80075, 44.374, 56.311111111111124], [-0.80063, 44.3738, 57.285714285714285], [-0.80063, 44.37362, 57.285714285714285], [-0.80073, 44.37346, 55.6], [-0.80089, 44.37335, 55.6], [-0.80091, 44.37338, 55.6], [-0.80124, 44.3733, 55.6], [-0.80121, 44.37325, 55.6], [-0.80144, 44.37326, 53.739999999999995], [-0.80166, 44.37334, 58.29999999999999], [-0.80188, 44.37354, 59.6], [-0.80165, 44.37359, 58.3], [-0.80171, 44.37354, 58.3], [-0.80167, 44.37349, 58.3], [-0.80158, 44.37351, 58.3], [-0.80164, 44.37362, 58.3], [-0.80174, 44.3736, 58.3], [-0.8017, 44.37362, 57.8], [-0.80174, 44.37369, 57.2], [-0.80183, 44.37364, 53.7], [-0.80193, 44.37363, 59.6], [-0.80194, 44.37367, 57.11785714285715], [-0.80193, 44.37384, 57.11785714285715], [-0.80183, 44.374, -424.30909090909086], [-0.80166, 44.37412, -424.30909090909086], [-0.80145, 44.37419, 54.54999999999999], [-0.80121, 44.37421, 54.54999999999999]]]}}, {"type": "Feature", "properties": {"id_obligation": "402950000J0843", "priorite": "faible"}, "geometry": {"type": "Polygon", "coordinates": [[[-0.80138, 44.37454, 55.556250000000006], [-0.80108, 44.37439, 55.556250000000006], [-0.80102, 44.37433, 56.4], [-0.80106, 44.37432, 56.4], [-0.80132, 44.37434, 56.4], [-0.80132, 44.37425, 56.4], [-0.80097, 44.37426, 56.4], [-0.8009, 44.37405, 55.07777777777777], [-0.80092, 44.37388, 55.54375000000001], [-0.80093, 44.37385, 57.4], [-0.80099, 44.37387, 57.4], [-0.8011, 44.37372, 57.0], [-0.80106, 44.3737, 57.0], [-0.80126, 44.3736, 55.54375000000001], [-0.80159, 44.37353, 58.3], [-0.80164, 44.37362, 58.3], [-0.80174, 44.3736, 58.3], [-0.8017, 44.37362, 57.8], [-0.80174, 44.37369, 57.2], [-0.80194, 44.37363, 59.6], [-0.80189, 44.37353, 59.6], [-0.80165, 44.37359, 58.3], [-0.8017, 44.37353, 58.3], [-0.80189, 44.37349, 57.15151515151515], [-0.80213, 44.3735, 25.60866841491842], [-0.80235, 44.37358, 25.60866841491842], [-0.80251, 44.37372, 25.60866841491842], [-0.80266, 44.37399, 57.0], [-0.80246, 44.37399, 57.0], [-0.8025, 44.37409, 57.0], [-0.80267, 44.37406, 57.0], [-0.80265, 44.37419, 56.62222222222223], [-0.80253, 44.37435, 55.3], [-0.80234, 44.37447, 55.3], [-0.80222, 44.37442, 55.3], [-0.80227, 44.37449, 55.3], [-0.80212, 44.37453, 54.05796253464801], [-0.80211, 44.37447, 54.2], [-0.80169, 44.37455, 53.97692307692307], [-0.80138, 44.37454, 55.556250000000006]]]}}, {"type": "Feature", "properties": {"id_obligation": "402950000J0844", "priorite": "moyenne"}, "geometry": {"type": "Polygon", "coordinates": [[[-0.79877, 44.37871, 53.301785714285714], [-0.79864, 44.37856, 53.301785714285714], [-0.7986, 44.37839, 53.301785714285714], [-0.79864, 44.37815, 53.301785714285714], [-0.79876, 44.37799, 53.301785714285714], [-0.79896, 44.37788, 53.301785714285714], [-0.79921, 44.37783, 53.301785714285714], [-0.79951, 44.37787, 52.55714285714286], [-0.79973, 44.37796, 52.55714285714286], [-0.79989, 44.37815, 55.199999999999996], [-0.79992, 44.37833, 55.199999999999996], [-0.79986, 44.37857, 53.301785714285714], [-0.79972, 44.37872, 53.301785714285714], [-0.79951, 44.37882, 53.301785714285714], [-0.79927, 44.37885, 53.60000000000001], [-0.79903, 44.37882, 53.301785714285714], [-0.79877, 44.37871, 53.301785714285714]]]}}, {"type": "Feature", "properties": {"id_obligation": "402950000J0845", "priorite": "forte"}, "geometry": {"type": "Polygon", "coordinates": [[[-0.79891, 44.37911, 53.550000000000004], [-0.79871, 44.37895, 53.550000000000004], [-0.7986, 44.37872, 53.550000000000004], [-0.79863, 44.37849, 53.550000000000004], [-0.79878, 44.3783, 53.550000000000004], [-0.79899, 44.37821, 53.550000000000004], [-0.79923, 44.37817, 51.85], [-0.79953, 44.3782, 55.199999999999996], [-0.79958, 44.37831, 55.2], [-0.79968, 44.37825, 55.2], [-0.79993, 44.37846, 55.199999999999996], [-0.79998, 44.37863, 53.550000000000004], [-0.79994, 44.37887, 53.550000000000004], [-0.79982, 44.37903, 53.550000000000004], [-0.79963, 44.37915, 53.550000000000004], [-0.79939, 44.3792, 53.550000000000004], [-0.79913, 44.37918, 53.550000000000004], [-0.79891, 44.37911, 53.550000000000004]]]}}, {"type": "Feature", "properties": {"id_obligation": "402950000J0850", "priorite": "moyenne"}, "geometry": {"type": "Polygon", "coordinates": [[[-0.80206, 44.37634, 53.43425889531204], [-0.80196, 44.37636, 53.4], [-0.80199, 44.37642, 53.4], [-0.80205, 44.3764, 53.453752833696996], [-0.80203, 44.37649, 53.574999999999996], [-0.80183, 44.3767, 53.574999999999996], [-0.80127, 44.37687, 55.85555555555554], [-0.80084, 44.37692, 55.85555555555554], [-0.80055, 44.37686, 53.4], [-0.80037, 44.37674, 53.4], [-0.80025, 44.37652, 53.4], [-0.80002, 44.37632, 53.84444444444443], [-0.79997, 44.3761, 53.84444444444443], [-0.80004, 44.37589, -151.51901041666665], [-0.80029, 44.3757, -151.51901041666665], [-0.80052, 44.37565, -151.51901041666665], [-0.80083, 44.37566, -1000.0], [-0.8011, 44.3755, -1000.0], [-0.80129, 44.37547, -1000.0], [-0.8013, 44.37555, -1000.0], [-0.80141, 44.37554, -1000.0], [-0.8014, 44.37547, -1000.0], [-0.80148, 44.37547, -1000.0], [-0.80149, 44.37552, -1000.0], [-0.80161, 44.37552, -1000.0], [-0.80161, 44.37548, -1000.0], [-0.80181, 44.37555, -539.1437500000002], [-0.80201, 44.37571, -539.1437500000002], [-0.80208, 44.37587, 53.416666666666664], [-0.80206, 44.37634, 53.43425889531204]]]}}, {"type": "Feature", "properties": {"id_obligation": "402950000J0857", "priorite": "moyenne"}, "geometry": {"type": "Polygon", "coordinates": [[[-0.80285, 44.37655, 55.79999999999999], [-0.80262, 44.37684, -39.69959033613445], [-0.80238, 44.37699, 54.0], [-0.80212, 44.37705, 54.0], [-0.80188, 44.37704, 54.0], [-0.80161, 44.37694, 54.0], [-0.80146, 44.37681, 54.0], [-0.80133, 44.37635, 55.0], [-0.80143, 44.37635, 55.0], [-0.80143, 44.37612, 54.542857142857144], [-0.80171, 44.37595, 54.542857142857144], [-0.80214, 44.37586, 54.6], [-0.80221, 44.37601, 54.5], [-0.80234, 44.37598, 54.5], [-0.80227, 44.37584, 54.6], [-0.80248, 44.37587, -698.5142857142857], [-0.80259, 44.37591, -1000.0], [-0.80246, 44.37594, -1000.0], [-0.8025, 44.37602, -1000.0], [-0.8027, 44.37597, -1000.0], [-0.80283, 44.3761, -698.5142857142857], [-0.80291, 44.37629, 55.79999999999999], [-0.80285, 44.37655, 55.79999999999999]]]}}, {"type": "Feature", "properties": {"id_obligation": "402950000J0858", "priorite": "moyenne"}, "geometry": {"type": "Polygon", "coordinates": [[[-0.8031, 44.37669, -171.54426347462064], [-0.8029, 44.37684, -171.54426347462064], [-0.8026, 44.37693, -171.54426347462064], [-0.80229, 44.37692, -171.54426347462064], [-0.80208, 44.37684, 53.800000000000004], [-0.80189, 44.37667, 53.800000000000004], [-0.80179, 44.37638, 53.35384615384615], [-0.80181, 44.3762, 53.82499999999999], [-0.80199, 44.37614, 53.4], [-0.80194, 44.37606, 53.4], [-0.80189, 44.37608, 53.4], [-0.80213, 44.37592, 53.82499999999999], [-0.80217, 44.37591, 54.54183492453137], [-0.80221, 44.37601, 54.5], [-0.80234, 44.37598, 54.5], [-0.80229, 44.37588, 54.6], [-0.8027, 44.37587, -1000.0], [-0.80246, 44.37594, -1000.0], [-0.8025, 44.37602, -1000.0], [-0.80276, 44.37595, -1000.0], [-0.80274, 44.37588, -472.71250000000003], [-0.80295, 44.37597, -1000.0], [-0.8031, 44.37611, -1000.0], [-0.80317, 44.37648, 55.36666666666667], [-0.8031, 44.37669, -171.54426347462064]]]}}, {"type": "Feature", "properties": {"id_obligation": "402950000J0862", "priorite": "moyenne"}, "geometry": {"type": "Polygon", "coordinates": [[[-0.801, 44.37621, 55.9], [-0.80091, 44.37638, 55.9], [-0.80075, 44.37651, 55.9], [-0.80052, 44.37658, 53.4], [-0.80022, 44.37658, 53.4], [-0.79998, 44.37654, 54.32909090909091], [-0.79975, 44.37639, 54.32909090909091], [-0.79965, 44.37623, 54.32909090909091], [-0.79965, 44.37598, 54.32909090909091], [-0.79973, 44.37578, 54.32909090909091], [-0.79993, 44.37561, 54.32909090909091], [-0.80015, 44.37554, 54.6], [-0.80049, 44.37554, 54.6], [-0.80077, 44.37562, 54.32909090909091], [-0.80096, 44.3758, 54.32909090909091], [-0.80102, 44.37601, 53.8], [-0.801, 44.37621, 55.9]]]}}, {"type": "Feature", "properties": {"id_obligation": "402950000K0041", "priorite": "très forte"}, "geometry": {"type": "Polygon", "coordinates": [[[-0.80556, 44.3713, 57.6], [-0.80531, 44.37119, 57.6], [-0.80517, 44.37105, 57.6], [-0.80508, 44.3708, 57.6], [-0.8051, 44.37063, 57.6], [-0.80522, 44.37047, 57.6], [-0.80541, 44.37036, 57.6], [-0.80574, 44.37029, 57.6], [-0.80598, 44.37031, 57.6], [-0.80624, 44.37043, 57.6], [-0.80637, 44.37057, 57.6], [-0.80646, 44.37082, 57.0], [-0.80643, 44.371, 57.0], [-0.80639, 44.37094, 57.0], [-0.80627, 44.37099, 57.0], [-0.80632, 44.37108, 57.0], [-0.8064, 44.37105, 57.0], [-0.80631, 44.37115, 57.0], [-0.80612, 44.37126, 57.0], [-0.80586, 44.37132, 57.6], [-0.80556, 44.3713, 57.6]]]}}, {"type": "Feature", "properties": {"id_obligation": "402950000K0042", "priorite": "très forte"}, "geometry": {"type": "Polygon", "coordinates": [[[-0.80781, 44.36966, 57.76363636363636], [-0.80767, 44.36985, 57.76363636363636], [-0.80731, 44.37003, 57.76363636363636], [-0.80701, 44.37008, 57.76363636363636], [-0.80672, 44.37002, 57.76363636363636], [-0.80653, 44.3699, 57.76363636363636], [-0.8063, 44.36959, 57.76363636363636], [-0.80626, 44.36942, 57.76363636363636], [-0.80632, 44.36925, 58.39999999999999], [-0.80646, 44.36911, 58.39999999999999], [-0.80675, 44.36898, 57.76363636363636], [-0.80699, 44.36895, 57.76363636363636], [-0.80723, 44.36899, 57.76363636363636], [-0.80756, 44.36915, 57.76363636363636], [-0.8078, 44.36944, 57.76363636363636], [-0.80781, 44.36966, 57.76363636363636]]]}}, {"type": "Feature", "properties": {"id_obligation": "402950000K0064", "priorite": "forte"}, "geometry": {"type": "Polygon", "coordinates": [[[-0.8016, 44.37095, 56.10625000000001], [-0.80168, 44.37075, 56.10625000000001], [-0.80184, 44.37062, 56.10625000000001], [-0.80217, 44.3705, 56.10625000000001], [-0.80242, 44.37048, 56.10625000000001], [-0.80265, 44.37054, 56.10625000000001], [-0.80284, 44.37066, 56.10625000000001], [-0.80297, 44.37085, 56.10625000000001], [-0.80298, 44.37103, 56.10625000000001], [-0.8029, 44.3712, 56.10625000000001], [-0.80273, 44.37133, 56.10625000000001], [-0.80244, 44.37143, 56.10625000000001], [-0.80221, 44.37145, 56.10625000000001], [-0.80197, 44.37141, 56.70000000000002], [-0.80178, 44.37131, 56.10625000000001], [-0.80163, 44.37113, 56.10625000000001], [-0.8016, 44.37095, 56.10625000000001]]]}}, {"type": "Feature", "properties": {"id_obligation": "402950000K0067", "priorite": "moyenne"}, "geometry": {"type": "Polygon", "coordinates": [[[-0.80136, 44.37148, 56.30833333333334], [-0.80124, 44.3717, 55.9], [-0.80114, 44.37171, 55.9], [-0.80116, 44.37179, 55.9], [-0.80088, 44.37193, 56.1], [-0.80064, 44.37196, 56.1], [-0.8004, 44.37192, 56.38472222222222], [-0.8002, 44.37182, 56.38472222222222], [-0.80007, 44.37167, 56.38472222222222], [-0.79999, 44.37143, 56.38472222222222], [-0.80002, 44.37125, 56.699999999999996], [-0.80019, 44.37107, 56.699999999999996], [-0.80039, 44.37097, 56.699999999999996], [-0.8007, 44.37092, 56.70000000000001], [-0.801, 44.37096, 56.38472222222222], [-0.80123, 44.37109, 56.38472222222222], [-0.80137, 44.37131, 56.30833333333334], [-0.80136, 44.37148, 56.30833333333334]]]}}, {"type": "Feature", "properties": {"id_obligation": "402950000K0068", "priorite": "forte"}, "geometry": {"type": "Polygon", "coordinates": [[[-0.8002, 44.37159, 56.52222222222222], [-0.79995, 44.37148, 56.52222222222222], [-0.79982, 44.37133, 56.52222222222222], [-0.79973, 44.37107, 56.52222222222222], [-0.79979, 44.37086, 56.52222222222222], [-0.79993, 44.37072, 56.52222222222222], [-0.80014, 44.37063, 56.52222222222222], [-0.80042, 44.37058, 56.52222222222222], [-0.80072, 44.37061, 56.52222222222222], [-0.80092, 44.37072, 56.52222222222222], [-0.80105, 44.37086, 56.52222222222222], [-0.80114, 44.37111, 56.52222222222222], [-0.80111, 44.37129, 56.26666666666668], [-0.80102, 44.37134, 56.0], [-0.80104, 44.37138, 56.0], [-0.80098, 44.37144, 56.26666666666668], [-0.80079, 44.37155, 56.26666666666668], [-0.8005, 44.37161, 56.6], [-0.8002, 44.37159, 56.52222222222222]]]}}, {"type": "Feature", "properties": {"id_obligation": "402950000K0072", "priorite": "forte"}, "geometry": {"type": "Polygon", "coordinates": [[[-0.80059, 44.36996, 58.31666666666667], [-0.80034, 44.36984, 58.31666666666667], [-0.80022, 44.36968, 58.31666666666667], [-0.80017, 44.36944, 59.1], [-0.80026, 44.36924, 59.1], [-0.80043, 44.3691, 59.1], [-0.80067, 44.36902, 57.3], [-0.80104, 44.36899, 57.3], [-0.80132, 44.36906, 58.31666666666667], [-0.8015, 44.36918, 58.31666666666667], [-0.8016, 44.36933, 58.31666666666667], [-0.80164, 44.36954, 58.31666666666667], [-0.80157, 44.36971, 58.31666666666667], [-0.80142, 44.36985, 58.31666666666667], [-0.80121, 44.36994, 58.31666666666667], [-0.8009, 44.36999, 58.31666666666667], [-0.80059, 44.36996, 58.31666666666667]]]}}, {"type": "Feature", "properties": {"id_obligation": "402950000K0081", "priorite": "forte"}, "geometry": {"type": "Polygon", "coordinates": [[[-0.80529, 44.36878, 57.405681818181826], [-0.80555, 44.36888, 57.405681818181826], [-0.80573, 44.36906, 57.405681818181826], [-0.8058, 44.36927, 57.405681818181826], [-0.80572, 44.36948, 57.405681818181826], [-0.80557, 44.36961, 57.405681818181826], [-0.80517, 44.36975, 57.405681818181826], [-0.80492, 44.36978, 57.405681818181826], [-0.80468, 44.36974, 57.405681818181826], [-0.80448, 44.36963, 57.405681818181826], [-0.80432, 44.36943, 57.405681818181826], [-0.80429, 44.36926, 57.405681818181826], [-0.80446, 44.36898, 56.4], [-0.80499, 44.36878, 56.654545454545456], [-0.80529, 44.36878, 57.405681818181826]]]}}, {"type": "Feature", "properties": {"id_obligation": "402950000K0082", "priorite": "forte"}, "geometry": {"type": "Polygon", "coordinates": [[[-0.80569, 44.36898, 54.4], [-0.80571, 44.36916, 54.4], [-0.80564, 44.36932, 57.166666666666664], [-0.80548, 44.36946, 57.166666666666664], [-0.80517, 44.36958, 59.10000000000001], [-0.80493, 44.36959, 59.10000000000001], [-0.8047, 44.36954, 59.10000000000001], [-0.80451, 44.36943, 57.166666666666664], [-0.80413, 44.36905, 57.166666666666664], [-0.80407, 44.36884, 57.166666666666664], [-0.80415, 44.36863, 57.166666666666664], [-0.80443, 44.36845, 57.166666666666664], [-0.80477, 44.36838, 57.166666666666664], [-0.80511, 44.36845, 57.166666666666664], [-0.8054, 44.36865, 57.166666666666664], [-0.80569, 44.36898, 54.4]]]}}, {"type": "Feature", "properties": {"id_obligation": "402950000K0084", "priorite": "très forte"}, "geometry": {"type": "Polygon", "coordinates": [[[-0.80715, 44.36904, 58.88787878787878], [-0.80709, 44.36921, 58.88787878787878], [-0.80693, 44.36936, 58.88787878787878], [-0.80667, 44.36948, 58.4], [-0.80642, 44.36951, 58.4], [-0.80618, 44.36947, 58.88787878787878], [-0.80598, 44.36936, 58.88787878787878], [-0.80583, 44.36917, 58.4], [-0.8058, 44.36896, 58.4], [-0.80588, 44.36879, 58.88787878787878], [-0.80604, 44.36866, 58.88787878787878], [-0.80628, 44.36856, 58.88787878787878], [-0.80653, 44.36853, 58.88787878787878], [-0.80677, 44.36858, 58.88787878787878], [-0.80697, 44.36868, 58.88787878787878], [-0.80712, 44.36886, 58.88787878787878], [-0.80715, 44.36904, 58.88787878787878]]]}}, {"type": "Feature", "properties": {"id_obligation": "402950000K0085", "priorite": "forte"}, "geometry": {"type": "Polygon", "coordinates": [[[-0.80696, 44.36899, 59.13566433566433], [-0.80702, 44.36916, 59.13566433566433], [-0.80699, 44.36933, 57.24545454545454], [-0.80687, 44.36949, 57.24545454545454], [-0.80661, 44.36962, 59.13566433566433], [-0.80638, 44.36968, 59.13566433566433], [-0.80614, 44.36968, 59.13566433566433], [-0.80588, 44.36958, 59.13566433566433], [-0.80569, 44.36942, 59.13566433566433], [-0.8056, 44.36925, 59.13566433566433], [-0.8056, 44.36907, 59.13566433566433], [-0.80574, 44.36887, 59.13566433566433], [-0.80604, 44.36872, 59.13566433566433], [-0.80628, 44.36867, 60.7], [-0.80653, 44.3687, 60.7], [-0.80679, 44.36882, 59.13566433566433], [-0.80696, 44.36899, 59.13566433566433]]]}}, {"type": "Feature", "properties": {"id_obligation": "402950000K0102", "priorite": "très forte"}, "geometry": {"type": "Polygon", "coordinates": [[[-0.81268, 44.36556, 60.07857142857143], [-0.81297, 44.36559, 60.07857142857143], [-0.81317, 44.36569, 60.07857142857143], [-0.81337, 44.36589, 60.07857142857143], [-0.81341, 44.36611, 60.07857142857143], [-0.81333, 44.36628, 60.07857142857143], [-0.81311, 44.36646, 60.07857142857143], [-0.8129, 44.36655, 60.07857142857143], [-0.81265, 44.36658, 60.07857142857143], [-0.81241, 44.36654, 58.199999999999996], [-0.81218, 44.36642, 58.2], [-0.8123, 44.36636, 58.2], [-0.81229, 44.36629, 58.2], [-0.81212, 44.36637, 58.2], [-0.81201, 44.36624, 61.6], [-0.81197, 44.36607, 61.6], [-0.81203, 44.3659, 61.60000000000001], [-0.8124, 44.36562, 61.60000000000001], [-0.81268, 44.36556, 60.07857142857143]]]}}, {"type": "Feature", "properties": {"id_obligation": "402950000K0109", "priorite": "forte"}, "geometry": {"type": "Polygon", "coordinates": [[[-0.80427, 44.36836, 58.5], [-0.80428, 44.36813, 58.5], [-0.80439, 44.36797, 58.8], [-0.80463, 44.36783, 58.8], [-0.80486, 44.36777, 58.8], [-0.80509, 44.36778, 58.8], [-0.80531, 44.36786, 58.5], [-0.80553, 44.36803, 58.5], [-0.80561, 44.3682, 58.5], [-0.80559, 44.36837, 58.5], [-0.80548, 44.36853, 58.5], [-0.80524, 44.36869, 58.5], [-0.80501, 44.36874, 58.5], [-0.80477, 44.36873, 58.5], [-0.80456, 44.36865, 58.5], [-0.80438, 44.36852, 58.5], [-0.80427, 44.36836, 58.5]]]}}, {"type": "Feature", "properties": {"id_obligation": "402950000K0111", "priorite": "forte"}, "geometry": {"type": "Polygon", "coordinates": [[[-0.80526, 44.36757, 58.349999999999994], [-0.8054, 44.36771, 58.349999999999994], [-0.80545, 44.36789, 58.349999999999994], [-0.80538, 44.36817, 58.349999999999994], [-0.8052, 44.36835, 58.349999999999994], [-0.80498, 44.36843, 57.9], [-0.80474, 44.36845, 57.9], [-0.80443, 44.3684, 58.349999999999994], [-0.80419, 44.36827, 58.349999999999994], [-0.80407, 44.36812, 58.349999999999994], [-0.80405, 44.36795, 58.349999999999994], [-0.80412, 44.36771, 58.349999999999994], [-0.80425, 44.36757, 58.349999999999994], [-0.80445, 44.36747, 58.349999999999994], [-0.80468, 44.36743, 58.349999999999994], [-0.80499, 44.36746, 58.349999999999994], [-0.80526, 44.36757, 58.349999999999994]]]}}, {"type": "Feature", "properties": {"id_obligation": "402950000K0123", "priorite": "forte"}, "geometry": {"type": "Polygon", "coordinates": [[[-0.79999, 44.3678, 56.45476190476191], [-0.80024, 44.36779, 56.45476190476191], [-0.80048, 44.36785, 56.45476190476191], [-0.80071, 44.36799, 56.45476190476191], [-0.80083, 44.36815, 56.45476190476191], [-0.80087, 44.36833, 56.45476190476191], [-0.8008, 44.3685, 56.45476190476191], [-0.80061, 44.36866, 56.45476190476191], [-0.8004, 44.36874, 57.1], [-0.8001, 44.36876, 57.1], [-0.79988, 44.3687, 56.45476190476191], [-0.79966, 44.36856, 56.45476190476191], [-0.79954, 44.36841, 57.1], [-0.7995, 44.36824, 57.1], [-0.79956, 44.36808, 56.45476190476191], [-0.79972, 44.36791, 56.45476190476191], [-0.79999, 44.3678, 56.45476190476191]]]}}, {"type": "Feature", "properties": {"id_obligation": "402950000K0125", "priorite": "moyenne"}, "geometry": {"type": "Polygon", "coordinates": [[[-0.80017, 44.36789, 55.03750000000001], [-0.80039, 44.36796, 55.03750000000001], [-0.80056, 44.36808, 55.03750000000001], [-0.80072, 44.36833, 53.9], [-0.80072, 44.36851, 53.9], [-0.80062, 44.36867, 55.03750000000001], [-0.80044, 44.3688, 55.03750000000001], [-0.80014, 44.3689, 55.03750000000001], [-0.79989, 44.36891, 55.03750000000001], [-0.79961, 44.36881, 55.03750000000001], [-0.79945, 44.36868, 55.03750000000001], [-0.79932, 44.36846, 55.03750000000001], [-0.79932, 44.36828, 55.03750000000001], [-0.79942, 44.36812, 55.03750000000001], [-0.79961, 44.36799, 55.03750000000001], [-0.79986, 44.3679, 55.03750000000001], [-0.80017, 44.36789, 55.03750000000001]]]}}, {"type": "Feature", "properties": {"id_obligation": "402950000K0127", "priorite": "moyenne"}, "geometry": {"type": "Polygon", "coordinates": [[[-0.79933, 44.36841, 57.432307692307695], [-0.7996, 44.36853, 57.432307692307695], [-0.79973, 44.36868, 57.432307692307695], [-0.7998, 44.36893, 57.432307692307695], [-0.79974, 44.3691, 57.432307692307695], [-0.79954, 44.36927, 57.432307692307695], [-0.79925, 44.36937, 57.432307692307695], [-0.79901, 44.36939, 57.432307692307695], [-0.79878, 44.36934, 57.432307692307695], [-0.79859, 44.36923, 57.432307692307695], [-0.79847, 44.36908, 57.432307692307695], [-0.7984, 44.36884, 57.432307692307695], [-0.79846, 44.36867, 57.432307692307695], [-0.7986, 44.36853, 57.432307692307695], [-0.7988, 44.36844, 57.432307692307695], [-0.79909, 44.36839, 57.78], [-0.79933, 44.36841, 57.432307692307695]]]}}, {"type": "Feature", "properties": {"id_obligation": "402950000K0172", "priorite": "forte"}, "geometry": {"type": "Polygon", "coordinates": [[[-0.79971, 44.36897, 57.737037037037034], [-0.79954, 44.3691, 57.737037037037034], [-0.79922, 44.36919, 57.5], [-0.79897, 44.36918, 57.5], [-0.79874, 44.36911, 57.737037037037034], [-0.79857, 44.36898, 57.737037037037034], [-0.79845, 44.36873, 57.737037037037034], [-0.79846, 44.36855, 57.737037037037034], [-0.79856, 44.36839, 57.737037037037034], [-0.79877, 44.36824, 57.737037037037034], [-0.79908, 44.36814, 58.5], [-0.79933, 44.36814, 58.5], [-0.79956, 44.36822, 57.737037037037034], [-0.79976, 44.36839, 57.737037037037034], [-0.79984, 44.36859, 57.737037037037034], [-0.79971, 44.36897, 57.737037037037034]]]}}, {"type": "Feature", "properties": {"id_obligation": "402950000K0173", "priorite": "forte"}, "geometry": {"type": "Polygon", "coordinates": [[[-0.79906, 44.36906, 57.08461538461539], [-0.79882, 44.369, 57.432307692307695], [-0.79863, 44.36889, 57.432307692307695], [-0.79842, 44.36862, 57.432307692307695], [-0.7984, 44.36845, 57.432307692307695], [-0.79847, 44.36828, 57.432307692307695], [-0.79863, 44.36815, 57.432307692307695], [-0.7989, 44.36803, 57.432307692307695], [-0.79915, 44.36801, 57.432307692307695], [-0.79943, 44.36808, 57.432307692307695], [-0.79961, 44.3682, 57.432307692307695], [-0.79979, 44.36843, 57.432307692307695], [-0.79982, 44.36863, 57.432307692307695], [-0.79975, 44.3688, 57.432307692307695], [-0.79959, 44.36893, 57.432307692307695], [-0.79936, 44.36903, 57.08461538461539], [-0.79906, 44.36906, 57.08461538461539]]]}}, {"type": "Feature", "properties": {"id_obligation": "402950000K0186", "priorite": "très forte"}, "geometry": {"type": "Polygon", "coordinates": [[[-0.80616, 44.37151, 58.199999999999996], [-0.80589, 44.37141, 58.199999999999996], [-0.80575, 44.37126, 58.199999999999996], [-0.80565, 44.37101, 58.79999999999999], [-0.80571, 44.37079, 58.8], [-0.80575, 44.37087, 58.8], [-0.80583, 44.37086, 58.8], [-0.80579, 44.37074, 58.8], [-0.80575, 44.37075, 58.8], [-0.80582, 44.37068, 58.8], [-0.80607, 44.37054, 58.8], [-0.80635, 44.37049, 58.199999999999996], [-0.8066, 44.37051, 58.199999999999996], [-0.80686, 44.37063, 58.199999999999996], [-0.80699, 44.37079, 58.199999999999996], [-0.80707, 44.37102, 58.199999999999996], [-0.80704, 44.37119, 58.199999999999996], [-0.80691, 44.37134, 58.199999999999996], [-0.80647, 44.37151, 58.199999999999996], [-0.80616, 44.37151, 58.199999999999996]]]}}, {"type": "Feature", "properties": {"id_obligation": "402950000K0256", "priorite": "très forte"}, "geometry": {"type": "Polygon", "coordinates": [[[-0.81301, 44.36653, 59.483111111111114], [-0.81232, 44.36688, 58.2], [-0.81201, 44.36691, 58.2], [-0.81172, 44.36684, 58.2], [-0.81147, 44.36662, 58.2], [-0.8114, 44.36641, 59.483111111111114], [-0.81147, 44.3662, 59.483111111111114], [-0.81167, 44.36605, 59.483111111111114], [-0.8116, 44.36582, 59.483111111111114], [-0.81173, 44.36558, 59.483111111111114], [-0.81196, 44.36544, 59.483111111111114], [-0.81219, 44.36538, 61.60000000000001], [-0.81244, 44.36539, 61.60000000000001], [-0.81276, 44.36549, 59.483111111111114], [-0.81323, 44.36596, 60.56], [-0.81327, 44.36613, 60.56], [-0.8132, 44.36635, 60.56], [-0.81301, 44.36653, 59.483111111111114]]]}}, {"type": "Feature", "properties": {"id_obligation": "402950000K0258", "priorite": "moyenne"}, "geometry": {"type": "Polygon", "coordinates": [[[-0.80145, 44.37323, 55.69246031746032], [-0.8013, 44.37329, 55.6], [-0.80124, 44.3733, 55.6], [-0.80119, 44.3732, 55.6], [-0.80087, 44.3733, 55.6], [-0.80061, 44.37319, 55.47500000000001], [-0.80054, 44.37312, 55.4], [-0.80056, 44.37302, 55.4], [-0.80046, 44.37302, 55.4], [-0.80043, 44.37299, 55.6], [-0.80039, 44.37282, 55.6], [-0.8005, 44.37251, 55.69246031746032], [-0.80063, 44.37236, 55.69246031746032], [-0.80093, 44.37224, 56.9], [-0.80117, 44.37221, 56.9], [-0.80136, 44.37223, 56.9], [-0.80125, 44.37241, 56.9], [-0.8013, 44.37243, 56.9], [-0.80149, 44.37227, 54.6], [-0.80162, 44.37234, 55.622222222222234], [-0.80175, 44.37249, 55.622222222222234], [-0.80184, 44.37271, 54.6], [-0.80173, 44.37275, 54.6], [-0.80177, 44.3728, 54.6], [-0.80184, 44.37277, 54.6], [-0.80183, 44.37283, 54.6], [-0.80162, 44.3731, 55.69246031746032], [-0.80145, 44.37323, 55.69246031746032]]]}}, {"type": "Feature", "properties": {"id_obligation": "402950000K0259", "priorite": "moyenne"}, "geometry": {"type": "Polygon", "coordinates": [[[-0.80192, 44.37261, 54.6], [-0.80171, 44.37277, 54.6], [-0.80132, 44.37288, 57.9], [-0.80109, 44.37285, 54.2], [-0.80105, 44.37281, 54.2], [-0.80103, 44.37283, 54.2], [-0.80082, 44.37274, 55.25714285714285], [-0.80068, 44.3726, 55.25714285714285], [-0.80062, 44.37244, -7.241782622139736], [-0.80065, 44.37227, -7.241782622139736], [-0.80088, 44.37191, -7.241782622139736], [-0.80115, 44.37176, 55.9], [-0.80116, 44.3718, 55.9], [-0.80136, 44.37177, 55.9], [-0.80134, 44.37172, 55.9], [-0.80175, 44.37179, -383.94166666666644], [-0.80199, 44.37192, -1000.0], [-0.80212, 44.37215, 53.73749999999999], [-0.80206, 44.37239, 53.73749999999999], [-0.80192, 44.37261, 54.6]]]}}, {"type": "Feature", "properties": {"id_obligation": "402950000K0261", "priorite": "moyenne"}, "geometry": {"type": "Polygon", "coordinates": [[[-0.80169, 44.37233, 56.06363636363637], [-0.80145, 44.37219, 56.9], [-0.80135, 44.37203, 55.9], [-0.80132, 44.37178, 55.9], [-0.80141, 44.3716, 55.1], [-0.80163, 44.37145, 54.3], [-0.80177, 44.37145, 56.7], [-0.80188, 44.37174, 56.7], [-0.80201, 44.37172, 56.7], [-0.80198, 44.37165, 56.7], [-0.80208, 44.37163, 56.7], [-0.80204, 44.37151, 56.7], [-0.80195, 44.37152, 56.7], [-0.80191, 44.37138, 56.7], [-0.80221, 44.37137, 56.83157894736844], [-0.80244, 44.37143, 1.777122595449695], [-0.80266, 44.37159, 1.777122595449695], [-0.80276, 44.37187, 55.8], [-0.80268, 44.3719, 55.8], [-0.8027, 44.37194, 55.8], [-0.80276, 44.37192, 55.8], [-0.80276, 44.37198, 55.8], [-0.80267, 44.37214, 1.777122595449695], [-0.80251, 44.37227, 1.777122595449695], [-0.80228, 44.37234, 53.73749999999999], [-0.80199, 44.37237, 53.73749999999999], [-0.80169, 44.37233, 56.06363636363637]]]}}, {"type": "Feature", "properties": {"id_obligation": "402950000K0262", "priorite": "moyenne"}, "geometry": {"type": "Polygon", "coordinates": [[[-0.80246, 44.37224, -102.5499025974026], [-0.80228, 44.37241, -102.5499025974026], [-0.802, 44.3725, 53.39999999999999], [-0.80163, 44.37252, 53.39999999999999], [-0.80132, 44.3724, 56.9], [-0.80147, 44.37229, 54.6], [-0.8015, 44.3722, 56.9], [-0.80139, 44.37217, 56.9], [-0.80127, 44.37237, 56.9], [-0.8012, 44.37228, 56.06363636363637], [-0.8011, 44.37198, 55.9], [-0.8011, 44.37181, 55.9], [-0.80114, 44.37172, 55.9], [-0.80116, 44.3718, 55.9], [-0.80136, 44.37177, 55.9], [-0.80133, 44.37169, 55.9], [-0.80115, 44.37171, 55.9], [-0.80116, 44.37169, 55.9], [-0.80137, 44.37153, 55.9], [-0.80163, 44.37146, 54.3], [-0.80177, 44.37145, 56.7], [-0.80188, 44.37174, 56.7], [-0.80201, 44.37172, 56.7], [-0.80198, 44.37165, 56.7], [-0.80208, 44.37163, 56.7], [-0.80204, 44.37151, 56.7], [-0.80195, 44.37152, 56.7], [-0.80193, 44.37144, 56.7], [-0.80197, 44.37144, 56.400000000000006], [-0.8022, 44.3715, 57.05714285714286], [-0.80238, 44.37163, 57.05714285714286], [-0.80248, 44.37179, -1000.0], [-0.80246, 44.37224, -102.5499025974026]]]}}, {"type": "Feature", "properties": {"id_obligation": "402950000K0263", "priorite": "très forte"}, "geometry": {"type": "Polygon", "coordinates": [[[-0.79927, 44.36645, 56.83076923076924], [-0.79949, 44.36667, 56.83076923076924], [-0.79951, 44.36688, 56.83076923076924], [-0.79939, 44.36708, 56.83076923076924], [-0.79909, 44.36729, 56.83076923076924], [-0.79862, 44.36742, 56.83076923076924], [-0.79831, 44.36742, 56.83076923076924], [-0.79797, 44.36731, 56.83076923076924], [-0.79778, 44.36713, 56.83076923076924], [-0.79773, 44.36696, 56.83076923076924], [-0.79778, 44.36678, 56.83076923076924], [-0.79797, 44.3665, 56.83076923076924], [-0.79834, 44.36634, 56.83076923076924], [-0.79872, 44.36631, 56.83076923076924], [-0.799, 44.36634, 56.83076923076924], [-0.79927, 44.36645, 56.83076923076924]]]}}, {"type": "Feature", "properties": {"id_obligation": "402950000K0317", "priorite": "moyenne"}, "geometry": {"type": "Polygon", "coordinates": [[[-0.80135, 44.37174, 55.9], [-0.80133, 44.37169, 55.9], [-0.80114, 44.37171, 55.9], [-0.80116, 44.3718, 55.9], [-0.80132, 44.37178, 55.9], [-0.80123, 44.37185, 55.9], [-0.80101, 44.37195, 55.9], [-0.80064, 44.372, 56.1], [-0.80039, 44.37195, 56.38472222222222], [-0.80016, 44.37181, 56.38472222222222], [-0.80005, 44.37165, 56.38472222222222], [-0.80002, 44.37137, 56.38472222222222], [-0.80009, 44.3712, 56.699999999999996], [-0.80024, 44.37107, 56.699999999999996], [-0.80056, 44.37096, 56.70000000000001], [-0.80081, 44.37094, 56.70000000000001], [-0.80105, 44.371, 56.38472222222222], [-0.80124, 44.37111, 56.38472222222222], [-0.80142, 44.37145, 56.30833333333334], [-0.80135, 44.37174, 55.9]]]}}, {"type": "Feature", "properties": {"id_obligation": "402950000K0322", "priorite": "moyenne"}, "geometry": {"type": "Polygon", "coordinates": [[[-0.801, 44.37123, 56.522222222222226], [-0.80127, 44.37134, 56.275000000000006], [-0.80141, 44.37147, 56.275000000000006], [-0.80154, 44.37177, 56.07142857142856], [-0.8015, 44.37194, 56.2421626984127], [-0.80134, 44.37213, 56.2421626984127], [-0.80113, 44.37222, 56.2421626984127], [-0.80083, 44.37227, 56.2421626984127], [-0.80053, 44.37223, 56.2421626984127], [-0.80033, 44.37213, 56.2421626984127], [-0.80021, 44.37198, 56.2421626984127], [-0.8001, 44.37172, 56.2421626984127], [-0.80014, 44.37155, 56.2421626984127], [-0.80027, 44.37139, 56.2421626984127], [-0.80047, 44.37129, 56.2421626984127], [-0.80076, 44.37122, 56.522222222222226], [-0.801, 44.37123, 56.522222222222226]]]}}, {"type": "Feature", "properties": {"id_obligation": "402950000K0323", "priorite": "moyenne"}, "geometry": {"type": "Polygon", "coordinates": [[[-0.80054, 44.37158, 56.60000000000001], [-0.80063, 44.37145, 56.6], [-0.80067, 44.37155, 56.6], [-0.8008, 44.37152, 56.6], [-0.80074, 44.37137, 56.60000000000001], [-0.80095, 44.37128, 56.60000000000001], [-0.80133, 44.37124, 56.31666666666667], [-0.80157, 44.37127, 56.220000000000006], [-0.80181, 44.37139, 56.7], [-0.80162, 44.37142, 54.3], [-0.80164, 44.37147, 54.3], [-0.80177, 44.37145, 56.7], [-0.80187, 44.37164, 56.7], [-0.80184, 44.37169, 56.7], [-0.80188, 44.37174, 56.7], [-0.80198, 44.37173, 56.7], [-0.80199, 44.37177, -221.56842105263144], [-0.80187, 44.37203, 56.1], [-0.80186, 44.37188, 56.1], [-0.80171, 44.3719, 56.1], [-0.80176, 44.37208, 56.1], [-0.80183, 44.37207, 56.1], [-0.80176, 44.37212, 56.1], [-0.80155, 44.3722, 56.89999999999999], [-0.80139, 44.37217, 56.9], [-0.80136, 44.37223, 56.9], [-0.80116, 44.37225, 56.89999999999999], [-0.80092, 44.37222, 21.571030701754403], [-0.80072, 44.37212, 21.571030701754403], [-0.80058, 44.37197, 56.1], [-0.80051, 44.37176, 56.1], [-0.80054, 44.37158, 56.60000000000001]]]}}, {"type": "Feature", "properties": {"id_obligation": "402950000K0332", "priorite": "moyenne"}, "geometry": {"type": "Polygon", "coordinates": [[[-0.80176, 44.37177, 56.699999999999996], [-0.80154, 44.37192, 56.699999999999996], [-0.80118, 44.37201, 55.9], [-0.80088, 44.37199, 56.1], [-0.80062, 44.37187, 56.1], [-0.8005, 44.37171, 56.1], [-0.80041, 44.37146, 56.60000000000001], [-0.80044, 44.37118, 56.699999999999996], [-0.80051, 44.37114, 56.7], [-0.80049, 44.3711, 56.7], [-0.80057, 44.37102, 56.699999999999996], [-0.80077, 44.37092, 56.699999999999996], [-0.80106, 44.37086, 56.29261904761905], [-0.80137, 44.37089, 56.29261904761905], [-0.80169, 44.3711, 56.29261904761905], [-0.80182, 44.37139, 54.97811419631952], [-0.80162, 44.37142, 54.3], [-0.80164, 44.37147, 54.3], [-0.80177, 44.37145, 56.7], [-0.80185, 44.37161, 55.739999999999995], [-0.80176, 44.37177, 56.699999999999996]]]}}, {"type": "Feature", "properties": {"id_obligation": "402950000K0335", "priorite": "moyenne"}, "geometry": {"type": "Polygon", "coordinates": [[[-0.803, 44.37149, 55.528571428571425], [-0.80286, 44.37162, 55.8], [-0.80281, 44.37185, 55.8], [-0.80268, 44.3719, 55.8], [-0.8027, 44.37194, 55.8], [-0.80275, 44.37193, 55.8], [-0.80271, 44.37197, 55.8], [-0.80245, 44.37209, -126.37931034482754], [-0.80194, 44.37219, -126.37931034482754], [-0.80164, 44.37216, 55.93333333333334], [-0.80144, 44.37206, 55.93333333333334], [-0.8012, 44.3718, 55.9], [-0.80136, 44.37177, 55.9], [-0.80133, 44.37169, 55.9], [-0.80114, 44.37171, 55.9], [-0.80115, 44.37175, 55.9], [-0.80099, 44.37145, 56.02857142857143], [-0.80103, 44.37127, 56.02857142857143], [-0.80116, 44.37112, 56.02857142857143], [-0.80136, 44.37101, 29.81683321604504], [-0.80162, 44.37096, 29.81683321604504], [-0.80171, 44.37077, 55.52], [-0.80188, 44.37064, 55.52], [-0.80228, 44.37052, 55.52], [-0.80263, 44.37056, 29.81683321604504], [-0.80287, 44.3707, 29.81683321604504], [-0.80307, 44.371, 29.81683321604504], [-0.80307, 44.37133, 55.528571428571425], [-0.803, 44.37149, 55.528571428571425]]]}}, {"type": "Feature", "properties": {"id_obligation": "402950000K0346", "priorite": "moyenne"}, "geometry": {"type": "Polygon", "coordinates": [[[-0.80272, 44.37239, 58.0], [-0.80266, 44.37228, 58.0], [-0.80264, 44.37239, 58.0], [-0.80238, 44.37233, -207.25], [-0.80217, 44.37217, -1000.0], [-0.80206, 44.37197, -1000.0], [-0.80205, 44.37192, -1000.0], [-0.80214, 44.37191, -1000.0], [-0.80212, 44.37182, -1000.0], [-0.80206, 44.37182, -1000.0], [-0.80209, 44.37175, 57.2], [-0.80217, 44.37163, 57.2], [-0.80224, 44.37167, 57.2], [-0.80221, 44.3716, 57.2], [-0.80241, 44.37149, 57.2], [-0.8027, 44.37142, -207.25], [-0.80295, 44.37142, -207.25], [-0.80317, 44.3715, -207.25], [-0.80333, 44.37163, -207.25], [-0.80344, 44.37184, -207.25], [-0.80343, 44.37202, -207.25], [-0.80332, 44.37218, -207.25], [-0.80291, 44.37237, 58.0], [-0.80272, 44.37239, 58.0]]]}}, {"type": "Feature", "properties": {"id_obligation": "402950000K0349", "priorite": "moyenne"}, "geometry": {"type": "Polygon", "coordinates": [[[-0.80338, 44.37263, 57.300000000000004], [-0.80336, 44.37281, 57.300000000000004], [-0.8032, 44.37301, 57.29999999999999], [-0.80301, 44.37312, 57.29999999999999], [-0.80278, 44.37318, 55.6], [-0.80246, 44.37318, 55.6], [-0.80224, 44.37312, 55.6], [-0.80203, 44.37296, 55.6], [-0.80196, 44.37279, 57.018961038961045], [-0.80194, 44.37252, 57.018961038961045], [-0.80203, 44.37236, 57.018961038961045], [-0.80226, 44.3722, 57.018961038961045], [-0.8025, 44.37215, 58.0], [-0.80287, 44.37216, 58.0], [-0.80309, 44.37224, 55.86], [-0.80329, 44.37243, 55.86], [-0.80338, 44.37263, 57.300000000000004]]]}}, {"type": "Feature", "properties": {"id_obligation": "402950000K0350", "priorite": "moyenne"}, "geometry": {"type": "Polygon", "coordinates": [[[-0.80181, 44.37309, 57.589999999999996], [-0.80182, 44.37287, 57.589999999999996], [-0.80194, 44.37271, 57.589999999999996], [-0.80217, 44.37257, 57.589999999999996], [-0.80242, 44.37252, 59.8], [-0.80273, 44.37256, 59.8], [-0.80293, 44.37267, 59.8], [-0.80313, 44.37286, 57.589999999999996], [-0.80319, 44.37303, 57.589999999999996], [-0.80315, 44.37321, 57.589999999999996], [-0.80301, 44.37336, 57.589999999999996], [-0.80278, 44.37349, 57.589999999999996], [-0.80253, 44.37351, 55.8], [-0.80251, 44.37346, 55.8], [-0.80238, 44.37347, 55.9], [-0.8024, 44.37351, 55.8207274036866], [-0.8023, 44.3735, 56.15], [-0.80192, 44.37326, 56.6], [-0.80181, 44.37309, 57.589999999999996]]]}}, {"type": "Feature", "properties": {"id_obligation": "402950000K0355", "priorite": "moyenne"}, "geometry": {"type": "Polygon", "coordinates": [[[-0.8025, 44.37282, 56.46666666666667], [-0.80242, 44.37298, 56.46666666666667], [-0.80226, 44.37311, 56.46666666666667], [-0.80193, 44.37324, 56.46666666666667], [-0.80164, 44.37324, 56.46666666666667], [-0.80142, 44.37318, 56.46666666666667], [-0.80125, 44.37306, 56.46666666666667], [-0.80113, 44.37288, 57.9], [-0.8011, 44.37273, 57.9], [-0.80112, 44.37277, 57.9], [-0.80122, 44.37274, 57.9], [-0.80117, 44.37266, 57.9], [-0.80111, 44.37267, 57.9], [-0.80122, 44.37249, 56.89999999999999], [-0.8014, 44.37237, 56.89999999999999], [-0.80168, 44.37227, 56.46666666666667], [-0.80193, 44.37226, 56.46666666666667], [-0.80216, 44.37232, 56.46666666666667], [-0.80235, 44.37244, 56.46666666666667], [-0.80247, 44.37261, 56.46666666666667], [-0.8025, 44.37282, 56.46666666666667]]]}}, {"type": "Feature", "properties": {"id_obligation": "402950000K0356", "priorite": "moyenne"}, "geometry": {"type": "Polygon", "coordinates": [[[-0.8034, 44.37263, 57.3], [-0.80322, 44.37286, 57.3], [-0.80289, 44.37298, 59.800000000000004], [-0.80258, 44.37299, 59.800000000000004], [-0.80231, 44.37289, 57.401230769230764], [-0.80216, 44.37274, 57.401230769230764], [-0.802, 44.37241, 57.401230769230764], [-0.802, 44.3722, 57.401230769230764], [-0.8021, 44.37204, 57.401230769230764], [-0.80227, 44.37192, 57.401230769230764], [-0.80253, 44.37184, 55.8], [-0.80278, 44.37184, 55.8], [-0.80315, 44.372, 57.401230769230764], [-0.8034, 44.37241, 55.74615384615383], [-0.8034, 44.37263, 57.3]]]}}, {"type": "Feature", "properties": {"id_obligation": "402950000K0362", "priorite": "forte"}, "geometry": {"type": "Polygon", "coordinates": [[[-0.79937, 44.36945, 56.55], [-0.7995, 44.3693, 56.55], [-0.7997, 44.36921, 56.55], [-0.80008, 44.36914, 56.55], [-0.80032, 44.36917, 59.1], [-0.80057, 44.3693, 59.1], [-0.80069, 44.36945, 56.55], [-0.80074, 44.36964, 56.55], [-0.8007, 44.36982, 56.55], [-0.80052, 44.37, 56.55], [-0.80031, 44.37008, 56.55], [-0.79998, 44.37013, 56.55], [-0.79973, 44.3701, 56.55], [-0.79953, 44.37, 56.55], [-0.79939, 44.36985, 56.55], [-0.79933, 44.36966, 56.55], [-0.79937, 44.36945, 56.55]]]}}, {"type": "Feature", "properties": {"id_obligation": "402950000K0363", "priorite": "forte"}, "geometry": {"type": "Polygon", "coordinates": [[[-0.80067, 44.3698, 58.237037037037034], [-0.80044, 44.36965, 58.237037037037034], [-0.80034, 44.36942, 59.1], [-0.80044, 44.36941, 59.1], [-0.80042, 44.36929, 59.1], [-0.80032, 44.3693, 59.1], [-0.80032, 44.36921, 59.1], [-0.80043, 44.369, 58.237037037037034], [-0.80061, 44.36888, 58.237037037037034], [-0.80084, 44.36882, 58.237037037037034], [-0.80117, 44.36881, 58.237037037037034], [-0.80145, 44.36889, 58.237037037037034], [-0.80162, 44.36901, 58.237037037037034], [-0.8017, 44.36918, 58.237037037037034], [-0.80172, 44.36945, 58.237037037037034], [-0.80165, 44.36962, 58.237037037037034], [-0.80149, 44.36975, 58.237037037037034], [-0.80128, 44.36983, 58.0], [-0.80096, 44.36986, 58.0], [-0.80067, 44.3698, 58.237037037037034]]]}}, {"type": "Feature", "properties": {"id_obligation": "402950000K0364", "priorite": "forte"}, "geometry": {"type": "Polygon", "coordinates": [[[-0.79972, 44.36912, 57.17777777777778], [-0.79991, 44.36895, 57.17777777777778], [-0.80012, 44.36887, 57.17777777777778], [-0.80049, 44.36884, 57.17777777777778], [-0.80078, 44.36892, 57.17777777777778], [-0.80095, 44.36905, 57.17777777777778], [-0.80104, 44.36926, 57.3], [-0.80095, 44.36926, 57.3], [-0.80097, 44.36941, 57.3], [-0.80107, 44.3694, 57.3], [-0.80106, 44.36947, 57.611111111111114], [-0.80098, 44.36964, 58.0], [-0.80078, 44.36979, 58.0], [-0.80055, 44.36985, 57.17777777777778], [-0.80024, 44.36987, 57.17777777777778], [-0.8, 44.36982, 54.0], [-0.79982, 44.3697, 54.0], [-0.79971, 44.36954, 57.17777777777778], [-0.79966, 44.36933, 57.17777777777778], [-0.79972, 44.36912, 57.17777777777778]]]}}, {"type": "Feature", "properties": {"id_obligation": "402950000K0368", "priorite": "moyenne"}, "geometry": {"type": "Polygon", "coordinates": [[[-0.80273, 44.3727, 59.8], [-0.8028, 44.37253, 59.487500000000004], [-0.80296, 44.3724, 59.487500000000004], [-0.80318, 44.37231, 55.74615384615383], [-0.80349, 44.37229, 55.74615384615383], [-0.80372, 44.37235, 56.74595314225249], [-0.80391, 44.37246, 56.74595314225249], [-0.80402, 44.37261, 56.74595314225249], [-0.80407, 44.37291, 54.6], [-0.80403, 44.37307, 54.6], [-0.80399, 44.37303, 54.6], [-0.80385, 44.3731, 54.6], [-0.80392, 44.37316, 54.6], [-0.80401, 44.37311, 54.6], [-0.80385, 44.37326, 54.6], [-0.80363, 44.37334, 54.6], [-0.80332, 44.37337, 56.81578947368421], [-0.80318, 44.37328, 56.4], [-0.80311, 44.37332, 56.48283936841154], [-0.80304, 44.3733, 56.5], [-0.80283, 44.37314, 56.5], [-0.80273, 44.3727, 59.8]]]}}, {"type": "Feature", "properties": {"id_obligation": "402950000K0370", "priorite": "moyenne"}, "geometry": {"type": "Polygon", "coordinates": [[[-0.80371, 44.37294, 57.492518853695316], [-0.80352, 44.37306, 57.492518853695316], [-0.80321, 44.37308, 57.4], [-0.8032, 44.37313, 56.770588235294106], [-0.80289, 44.37312, 57.492518853695316], [-0.80268, 44.37304, 57.492518853695316], [-0.80252, 44.37291, 57.492518853695316], [-0.8024, 44.37264, 59.24615384615383], [-0.80242, 44.37247, 59.24615384615383], [-0.80286, 44.37201, 58.0], [-0.80322, 44.37191, 57.492518853695316], [-0.80352, 44.37191, 57.492518853695316], [-0.80383, 44.37205, 57.492518853695316], [-0.80399, 44.37228, 57.492518853695316], [-0.80399, 44.37251, 57.492518853695316], [-0.80371, 44.37294, 57.492518853695316]]]}}, {"type": "Feature", "properties": {"id_obligation": "402950000M0425", "priorite": "forte"}, "geometry": {"type": "Polygon", "coordinates": [[[-0.85247, 44.36313, 65.0], [-0.85277, 44.36313, 65.0], [-0.85299, 44.36321, 65.0], [-0.85322, 44.36339, 65.0], [-0.85331, 44.36355, 65.0], [-0.85328, 44.36377, 65.0], [-0.85315, 44.36392, 65.0], [-0.85292, 44.36406, 65.0], [-0.85263, 44.36413, 65.0], [-0.85238, 44.3641, 65.0], [-0.85218, 44.36401, 65.0], [-0.852, 44.36385, 65.0], [-0.85191, 44.36369, 65.0], [-0.85193, 44.36351, 65.0], [-0.85203, 44.36336, 65.0], [-0.85225, 44.36321, 65.0], [-0.85247, 44.36313, 65.0]]]}}, {"type": "Feature", "properties": {"id_obligation": "402950000M0434", "priorite": "moyenne"}, "geometry": {"type": "Polygon", "coordinates": [[[-0.85181, 44.36279, 66.0], [-0.85209, 44.36287, 66.0], [-0.85226, 44.36299, 66.0], [-0.85244, 44.36326, 66.0], [-0.85244, 44.36344, 66.0], [-0.85234, 44.3636, 66.0], [-0.85216, 44.36373, 66.0], [-0.85185, 44.36382, 66.0], [-0.85161, 44.36382, 66.0], [-0.85134, 44.36372, 66.0], [-0.85119, 44.36359, 66.0], [-0.85105, 44.36335, 66.0], [-0.85105, 44.36318, 66.0], [-0.85115, 44.36301, 66.0], [-0.85132, 44.36289, 66.0], [-0.85157, 44.36281, 66.0], [-0.85181, 44.36279, 66.0]]]}}, {"type": "Feature", "properties": {"id_obligation": "402950000P0150", "priorite": "très forte"}, "geometry": {"type": "Polygon", "coordinates": [[[-0.87162, 44.38137, 59.6], [-0.87183, 44.38153, 59.6], [-0.8719, 44.3817, 59.6], [-0.87188, 44.38196, 59.6], [-0.87172, 44.38214, 59.6], [-0.87152, 44.38224, 59.6], [-0.87128, 44.38228, 59.6], [-0.87094, 44.38226, 59.6], [-0.87067, 44.38215, 59.6], [-0.87054, 44.382, 59.6], [-0.87049, 44.38183, 59.6], [-0.87052, 44.38161, 59.6], [-0.87063, 44.38146, 59.6], [-0.87082, 44.38135, 59.6], [-0.87105, 44.3813, 59.6], [-0.87133, 44.3813, 59.6], [-0.87162, 44.38137, 59.6]]]}}, {"type": "Feature", "properties": {"id_obligation": "402950000Q0044", "priorite": "moyenne"}, "geometry": {"type": "Polygon", "coordinates": [[[-0.83442, 44.3897, -1000.0], [-0.83442, 44.38966, -1000.0], [-0.83436, 44.38969, -1000.0], [-0.83426, 44.38965, -431.94615384615383], [-0.83405, 44.3895, 55.1], [-0.83411, 44.3895, 55.1], [-0.83412, 44.38941, 55.1], [-0.83399, 44.3894, 55.05], [-0.83398, 44.38913, 55.46666666666667], [-0.83413, 44.38893, 55.46666666666667], [-0.83434, 44.38883, 55.46666666666667], [-0.83458, 44.38879, 55.25], [-0.83488, 44.38882, -291.52521367521365], [-0.8351, 44.3889, -291.52521367521365], [-0.83526, 44.38904, -291.52521367521365], [-0.83533, 44.38921, -472.6], [-0.8353, 44.38941, -1000.0], [-0.83519, 44.38957, -1000.0], [-0.835, 44.38968, -1000.0], [-0.83476, 44.38973, -648.3555555555555], [-0.83442, 44.3897, -1000.0]]]}}, {"type": "Feature", "properties": {"id_obligation": "402950000Q0164", "priorite": "moyenne"}, "geometry": {"type": "Polygon", "coordinates": [[[-0.83773, 44.38865, -808.0272727272727], [-0.83745, 44.38874, -808.0272727272727], [-0.83707, 44.38874, -1000.0], [-0.83676, 44.3886, -1000.0], [-0.83667, 44.38851, -1000.0], [-0.83681, 44.38849, -1000.0], [-0.83678, 44.38841, -1000.0], [-0.83663, 44.38843, -1000.0], [-0.8366, 44.38836, -1000.0], [-0.83673, 44.38834, -1000.0], [-0.8367, 44.38825, -1000.0], [-0.83659, 44.38826, -1000.0], [-0.83658, 44.38807, -1000.0], [-0.83667, 44.38791, -1000.0], [-0.83693, 44.38765, -1000.0], [-0.83713, 44.38756, -1000.0], [-0.83746, 44.38752, -1000.0], [-0.83771, 44.38756, -808.0272727272727], [-0.83791, 44.38767, -808.0272727272727], [-0.83803, 44.38782, -808.0272727272727], [-0.83809, 44.38809, -808.0272727272727], [-0.83794, 44.38845, -808.0272727272727], [-0.83773, 44.38865, -808.0272727272727]]]}}, {"type": "Feature", "properties": {"id_obligation": "402950000Q0218", "priorite": "moyenne"}, "geometry": {"type": "Polygon", "coordinates": [[[-0.83518, 44.38899, -320.4768074980575], [-0.8353, 44.38914, -594.3076923076923], [-0.83532, 44.38938, -594.3076923076923], [-0.83522, 44.38959, -1000.0], [-0.83505, 44.38972, -1000.0], [-0.83482, 44.38979, -765.5555555555555], [-0.83442, 44.38978, -765.5555555555555], [-0.8342, 44.38971, -424.55454545454546], [-0.83395, 44.38949, 55.1], [-0.83411, 44.3895, 55.1], [-0.83412, 44.38941, 55.1], [-0.83392, 44.38943, 54.96666666666666], [-0.83393, 44.38918, 54.96666666666666], [-0.83402, 44.38901, 55.46666666666667], [-0.8342, 44.38888, 55.46666666666667], [-0.83443, 44.38881, 55.25], [-0.83467, 44.38881, 55.25], [-0.83494, 44.38886, -320.4768074980575], [-0.83518, 44.38899, -320.4768074980575]]]}}, {"type": "Feature", "properties": {"id_obligation": "402950000Q0219", "priorite": "moyenne"}, "geometry": {"type": "Polygon", "coordinates": [[[-0.83554, 44.38965, -355.7558181818182], [-0.83531, 44.38978, -355.7558181818182], [-0.83507, 44.38982, -1000.0], [-0.83452, 44.38978, -560.4499999999999], [-0.8344, 44.38974, -1000.0], [-0.83442, 44.38966, -1000.0], [-0.83436, 44.38965, -1000.0], [-0.83438, 44.38973, -1000.0], [-0.83412, 44.38953, -560.4499999999999], [-0.83407, 44.38935, 55.0], [-0.83411, 44.38912, 55.38000000000001], [-0.83422, 44.38896, 55.38000000000001], [-0.83448, 44.38883, 55.38000000000001], [-0.83494, 44.38879, -355.7558181818182], [-0.83526, 44.38881, -355.7558181818182], [-0.83547, 44.3889, -355.7558181818182], [-0.83565, 44.38907, -355.7558181818182], [-0.83567, 44.38945, -355.7558181818182], [-0.83554, 44.38965, -355.7558181818182]]]}}, {"type": "Feature", "properties": {"id_obligation": "402950000Q0223", "priorite": "faible"}, "geometry": {"type": "Polygon", "coordinates": [[[-0.83371, 44.38875, 55.0], [-0.83392, 44.38859, 55.0], [-0.83414, 44.38852, 55.0], [-0.8345, 44.38852, 55.0], [-0.83478, 44.38862, 55.0], [-0.83494, 44.38876, 55.0], [-0.835, 44.38894, 55.0], [-0.83499, 44.38919, 54.50000000000001], [-0.83485, 44.38938, 54.50000000000001], [-0.83465, 44.38949, 54.50000000000001], [-0.83444, 44.38953, 54.97895280067768], [-0.83445, 44.38944, 54.8], [-0.83426, 44.38943, 54.8], [-0.83425, 44.38952, 54.8], [-0.83412, 44.38952, 55.08], [-0.83402, 44.38949, 55.1], [-0.83411, 44.3895, 55.1], [-0.83412, 44.38941, 55.1], [-0.83393, 44.3894, 55.0], [-0.83393, 44.38946, 55.062313234995166], [-0.83374, 44.38932, 55.08], [-0.83365, 44.38916, 55.0], [-0.83363, 44.38895, 55.0], [-0.83371, 44.38875, 55.0]]]}}, {"type": "Feature", "properties": {"id_obligation": "402950000Q0351", "priorite": "forte"}, "geometry": {"type": "Polygon", "coordinates": [[[-0.8356, 44.38673, 54.44615384615384], [-0.83537, 44.38658, 54.44615384615384], [-0.83527, 44.38642, 53.9], [-0.83527, 44.38616, 53.9], [-0.83537, 44.38599, 54.44615384615384], [-0.8356, 44.38585, 54.44615384615384], [-0.83584, 44.3858, 54.44615384615384], [-0.83615, 44.38581, 54.44615384615384], [-0.83638, 44.38588, 54.44615384615384], [-0.83654, 44.38601, 54.44615384615384], [-0.83663, 44.38618, 54.44615384615384], [-0.83663, 44.38641, 54.44615384615384], [-0.83654, 44.38657, 54.44615384615384], [-0.83637, 44.3867, 54.44615384615384], [-0.83615, 44.38677, 54.44615384615384], [-0.83584, 44.38678, 54.44615384615384], [-0.8356, 44.38673, 54.44615384615384]]]}}, {"type": "Feature", "properties": {"id_obligation": "402950000Q0357", "priorite": "moyenne"}, "geometry": {"type": "Polygon", "coordinates": [[[-0.83639, 44.38737, 55.6], [-0.83619, 44.38754, 55.6], [-0.83593, 44.38761, 55.6], [-0.83594, 44.38751, 55.6], [-0.83582, 44.38747, 55.6], [-0.83583, 44.38762, 55.6], [-0.8359, 44.38762, 55.6], [-0.83546, 44.38771, 55.6], [-0.83518, 44.3877, 55.269444444444446], [-0.83496, 44.38764, 55.269444444444446], [-0.83478, 44.38751, 55.269444444444446], [-0.83468, 44.38731, 55.269444444444446], [-0.83473, 44.38705, 55.269444444444446], [-0.83492, 44.38685, 55.269444444444446], [-0.83544, 44.38667, 55.269444444444446], [-0.83574, 44.38662, 55.269444444444446], [-0.83604, 44.38665, 55.269444444444446], [-0.83624, 44.38674, 55.269444444444446], [-0.83638, 44.38689, 55.269444444444446], [-0.83646, 44.38716, 55.269444444444446], [-0.83639, 44.38737, 55.6]]]}}, {"type": "Feature", "properties": {"id_obligation": "402950000Q0360", "priorite": "moyenne"}, "geometry": {"type": "Polygon", "coordinates": [[[-0.8356, 44.38999, 56.230000000000004], [-0.83542, 44.38981, 56.230000000000004], [-0.8354, 44.38929, 56.230000000000004], [-0.83546, 44.38912, 56.230000000000004], [-0.83565, 44.38895, 56.230000000000004], [-0.83588, 44.38887, 56.230000000000004], [-0.83614, 44.38886, 56.2], [-0.83608, 44.38887, 56.2], [-0.83614, 44.38904, 56.0], [-0.83632, 44.38901, 56.2], [-0.83627, 44.38887, 56.2], [-0.83668, 44.38892, 56.230000000000004], [-0.83692, 44.38905, 56.230000000000004], [-0.83702, 44.38921, 56.230000000000004], [-0.83702, 44.38969, 56.230000000000004], [-0.83696, 44.38986, 56.230000000000004], [-0.83682, 44.39, 56.230000000000004], [-0.83661, 44.39009, 56.230000000000004], [-0.83593, 44.3901, 56.230000000000004], [-0.8356, 44.38999, 56.230000000000004]]]}}, {"type": "Feature", "properties": {"id_obligation": "402950000Q0361", "priorite": "moyenne"}, "geometry": {"type": "Polygon", "coordinates": [[[-0.83662, 44.38852, -1000.0], [-0.83673, 44.38854, -1000.0], [-0.83686, 44.38869, -1000.0], [-0.83695, 44.38899, -522.1666666666666], [-0.83688, 44.38921, 56.3], [-0.83673, 44.38935, 56.3], [-0.83651, 44.38944, 56.3], [-0.8364, 44.38946, 56.3], [-0.83641, 44.38932, 56.3], [-0.83603, 44.38931, 56.3], [-0.83602, 44.38948, 56.3], [-0.8359, 44.38945, 56.29999999999999], [-0.83565, 44.38931, -522.1666666666666], [-0.83536, 44.38894, -522.1666666666666], [-0.83531, 44.38874, -1000.0], [-0.83541, 44.38873, -1000.0], [-0.83539, 44.38862, -1000.0], [-0.83533, 44.38863, -1000.0], [-0.83537, 44.38853, -1000.0], [-0.83556, 44.38837, -1000.0], [-0.83584, 44.38828, -1000.0], [-0.83623, 44.38831, -1000.0], [-0.83654, 44.38844, -1000.0], [-0.83662, 44.38852, -1000.0]]]}}, {"type": "Feature", "properties": {"id_obligation": "402950000Q0363", "priorite": "très forte"}, "geometry": {"type": "Polygon", "coordinates": [[[-0.84015, 44.38962, 54.714393939393936], [-0.8399, 44.38973, 54.55], [-0.83938, 44.38978, 54.55], [-0.839, 44.38965, 54.714393939393936], [-0.83884, 44.38942, 54.714393939393936], [-0.83882, 44.38925, 54.714393939393936], [-0.83889, 44.38905, 54.714393939393936], [-0.83877, 44.38879, 54.714393939393936], [-0.8388, 44.38861, 54.714393939393936], [-0.83893, 44.38846, 54.714393939393936], [-0.83918, 44.38834, 54.714393939393936], [-0.83958, 44.38829, 53.975], [-0.83982, 44.38831, 54.714393939393936], [-0.84003, 44.3884, 54.714393939393936], [-0.84021, 44.38858, 54.714393939393936], [-0.84024, 44.38885, 54.714393939393936], [-0.84037, 44.38904, 54.714393939393936], [-0.84032, 44.3894, 54.714393939393936], [-0.84015, 44.38962, 54.714393939393936]]]}}, {"type": "Feature", "properties": {"id_obligation": "402950000Q0368", "priorite": "moyenne"}, "geometry": {"type": "Polygon", "coordinates": [[[-0.83354, 44.39015, 54.8], [-0.83332, 44.39, 54.8], [-0.83322, 44.38983, -76.96768518518518], [-0.83323, 44.38955, -76.96768518518518], [-0.83336, 44.38935, -76.96768518518518], [-0.83355, 44.38924, -76.96768518518518], [-0.83378, 44.38919, 55.08], [-0.83409, 44.3892, 55.08], [-0.83436, 44.38929, 54.79999999999999], [-0.83452, 44.38943, 54.79999999999999], [-0.83459, 44.38959, -736.275], [-0.83457, 44.38983, -736.275], [-0.83448, 44.38999, -76.96768518518518], [-0.83431, 44.39012, -76.96768518518518], [-0.83408, 44.39019, 54.488888888888894], [-0.83378, 44.3902, 54.488888888888894], [-0.83354, 44.39015, 54.8]]]}}, {"type": "Feature", "properties": {"id_obligation": "402950000Q0372", "priorite": "moyenne"}, "geometry": {"type": "Polygon", "coordinates": [[[-0.83527, 44.38998, -323.61641739213167], [-0.83503, 44.39012, -323.61641739213167], [-0.8348, 44.39016, 54.5], [-0.83442, 44.39015, 54.5], [-0.83416, 44.39005, -323.61641739213167], [-0.83401, 44.38992, -323.61641739213167], [-0.83394, 44.38975, -136.61818181818182], [-0.83402, 44.38975, 55.3], [-0.83403, 44.38969, 55.3], [-0.83395, 44.38964, 55.3], [-0.83398, 44.38949, 55.1], [-0.83411, 44.3895, 55.1], [-0.83412, 44.38941, 55.1], [-0.83403, 44.38941, 55.05054995084082], [-0.8343, 44.38921, 55.01666666666666], [-0.83454, 44.38917, 54.67999999999999], [-0.83492, 44.38919, -594.3076923076923], [-0.83514, 44.38926, -594.3076923076923], [-0.83531, 44.38939, -594.3076923076923], [-0.83539, 44.38956, -1000.0], [-0.83538, 44.38978, -1000.0], [-0.83527, 44.38998, -323.61641739213167]]]}}, {"type": "Feature", "properties": {"id_obligation": "402950000Q0373", "priorite": "moyenne"}, "geometry": {"type": "Polygon", "coordinates": [[[-0.83497, 44.38995, -230.7582142857143], [-0.83477, 44.39011, -230.7582142857143], [-0.83447, 44.39019, 54.6], [-0.83414, 44.39016, -230.7582142857143], [-0.83386, 44.38999, -230.7582142857143], [-0.83367, 44.3897, 55.260000000000005], [-0.83362, 44.38952, 55.260000000000005], [-0.83368, 44.38927, 55.0], [-0.83385, 44.38909, 55.0], [-0.83406, 44.38901, 55.0], [-0.83426, 44.38898, 55.26765996346631], [-0.83427, 44.38908, 55.6], [-0.83438, 44.38908, 55.4], [-0.83438, 44.38899, 55.162353604437705], [-0.83472, 44.38904, -297.14000000000004], [-0.83492, 44.38914, -297.14000000000004], [-0.83504, 44.3893, -297.14000000000004], [-0.83497, 44.3893, -1000.0], [-0.83497, 44.38937, -1000.0], [-0.83505, 44.38937, -1000.0], [-0.83506, 44.38933, -1000.0], [-0.83507, 44.38943, -1000.0], [-0.83491, 44.38942, -1000.0], [-0.8349, 44.38952, -1000.0], [-0.83507, 44.38953, -1000.0], [-0.83497, 44.38995, -230.7582142857143]]]}}, {"type": "Feature", "properties": {"id_obligation": "402950000Q0374", "priorite": "moyenne"}, "geometry": {"type": "Polygon", "coordinates": [[[-0.83342, 44.38914, -155.9555844155844], [-0.83365, 44.389, -155.9555844155844], [-0.83389, 44.38895, -155.9555844155844], [-0.83426, 44.38897, 55.21872799188583], [-0.83427, 44.38908, 55.6], [-0.83438, 44.38908, 55.4], [-0.83438, 44.389, 55.33636363636364], [-0.83468, 44.38921, 55.33636363636364], [-0.83471, 44.38925, 55.592622574517065], [-0.83455, 44.38926, 55.8], [-0.83454, 44.38934, 55.8], [-0.83474, 44.38933, 53.3], [-0.83472, 44.38962, -1000.0], [-0.83458, 44.38962, -1000.0], [-0.83457, 44.38971, -1000.0], [-0.83465, 44.38973, -1000.0], [-0.83433, 44.38992, -1000.0], [-0.83409, 44.38995, 55.300000000000004], [-0.83372, 44.38992, -155.9555844155844], [-0.83351, 44.38983, -155.9555844155844], [-0.83337, 44.38969, -155.9555844155844], [-0.8333, 44.38952, -155.9555844155844], [-0.83332, 44.38931, -155.9555844155844], [-0.83342, 44.38914, -155.9555844155844]]]}}, {"type": "Feature", "properties": {"id_obligation": "402950000Q0375", "priorite": "moyenne"}, "geometry": {"type": "Polygon", "coordinates": [[[-0.83344, 44.38944, -95.91714285714286], [-0.83366, 44.3893, -95.91714285714286], [-0.83389, 44.38924, 55.0], [-0.83419, 44.38926, 55.0], [-0.83445, 44.38936, 54.88000000000001], [-0.83459, 44.3895, 54.88000000000001], [-0.83465, 44.38962, -1000.0], [-0.83458, 44.38962, -1000.0], [-0.83457, 44.38971, -1000.0], [-0.83465, 44.38971, -1000.0], [-0.83462, 44.38989, 54.5], [-0.8345, 44.39004, 54.5], [-0.83431, 44.39015, 54.099999999999994], [-0.83408, 44.3902, 54.099999999999994], [-0.83377, 44.39018, 54.800000000000004], [-0.8339, 44.39018, 53.4], [-0.8339, 44.39007, 53.4], [-0.83376, 44.39006, 54.8], [-0.83375, 44.39017, 54.8], [-0.83347, 44.39004, 54.800000000000004], [-0.83334, 44.38984, -95.91714285714286], [-0.83335, 44.38961, -95.91714285714286], [-0.83344, 44.38944, -95.91714285714286]]]}}, {"type": "Feature", "properties": {"id_obligation": "402950000Q0389", "priorite": "moyenne"}, "geometry": {"type": "Polygon", "coordinates": [[[-0.83544, 44.38734, -296.1714285714286], [-0.83562, 44.38746, -296.1714285714286], [-0.83573, 44.38761, 55.7], [-0.83575, 44.38778, 55.7], [-0.83571, 44.38784, 55.7], [-0.8357, 44.38779, 55.7], [-0.83549, 44.3878, 55.7], [-0.83551, 44.3879, 55.7], [-0.83573, 44.38787, 55.7], [-0.8355, 44.38821, -1000.0], [-0.83529, 44.3883, -296.1714285714286], [-0.83498, 44.38833, -296.1714285714286], [-0.83466, 44.38825, -296.1714285714286], [-0.83446, 44.38815, -296.1714285714286], [-0.83433, 44.38801, -296.1714285714286], [-0.83429, 44.3878, -296.1714285714286], [-0.83439, 44.38754, -296.1714285714286], [-0.83458, 44.38737, -296.1714285714286], [-0.83486, 44.38727, -296.1714285714286], [-0.83516, 44.38728, -296.1714285714286], [-0.83544, 44.38734, -296.1714285714286]]]}}, {"type": "Feature", "properties": {"id_obligation": "402950000Q0397", "priorite": "moyenne"}, "geometry": {"type": "Polygon", "coordinates": [[[-0.83621, 44.38817, -1000.0], [-0.83597, 44.3883, -1000.0], [-0.83558, 44.38835, -1000.0], [-0.83534, 44.38834, -397.09977324263036], [-0.83512, 44.38826, -397.09977324263036], [-0.83493, 44.38808, -397.09977324263036], [-0.83487, 44.38786, 55.71111111111111], [-0.83489, 44.38768, 55.71111111111111], [-0.835, 44.38752, 55.71111111111111], [-0.8352, 44.38741, 54.32857142857143], [-0.83524, 44.3873, 54.32857142857143], [-0.83532, 44.3872, 54.3], [-0.83531, 44.38726, 54.4], [-0.8354, 44.38726, 54.4], [-0.8354, 44.3872, 54.3], [-0.83533, 44.3872, 54.3], [-0.83543, 44.38712, 54.32857142857143], [-0.83571, 44.38703, 55.0], [-0.83606, 44.38704, 55.0], [-0.83639, 44.3872, -397.09977324263036], [-0.83655, 44.38742, -397.09977324263036], [-0.83655, 44.38771, -1000.0], [-0.83648, 44.38784, -1000.0], [-0.83639, 44.38785, -1000.0], [-0.83636, 44.38799, -1000.0], [-0.83621, 44.38817, -1000.0]]]}}, {"type": "Feature", "properties": {"id_obligation": "402950000Q0399", "priorite": "moyenne"}, "geometry": {"type": "MultiPolygon", "coordinates": [[[[-0.8357, 44.38903, -779.9666666666667], [-0.83548, 44.38888, -779.9666666666667], [-0.83539, 44.38873, -1000.0], [-0.83538, 44.38845, -1000.0], [-0.83555, 44.38822, -1000.0], [-0.83575, 44.38822, -1000.0], [-0.83572, 44.38813, -1000.0], [-0.83632, 44.38809, -1000.0], [-0.83667, 44.38825, -1000.0], [-0.83654, 44.38827, -1000.0], [-0.83656, 44.38836, -1000.0], [-0.83673, 44.38834, -1000.0], [-0.83672, 44.3883, -1000.0], [-0.83674, 44.38833, -1000.0], [-0.83678, 44.38841, -1000.0], [-0.83659, 44.38844, -1000.0], [-0.83662, 44.38852, -1000.0], [-0.83681, 44.38849, -1000.0], [-0.8368, 44.38872, -1000.0], [-0.83671, 44.38888, 56.2], [-0.83653, 44.389, 56.2], [-0.83631, 44.38907, -295.93333333333334], [-0.836, 44.38909, -295.93333333333334], [-0.8357, 44.38903, -779.9666666666667]]], [[[-0.83679, 44.38841, -1000.0], [-0.8368, 44.38847, -1000.0], [-0.83678, 44.38841, -1000.0], [-0.83679, 44.38841, -1000.0]]]]}}, {"type": "Feature", "properties": {"id_obligation": "402950000Q0400", "priorite": "moyenne"}, "geometry": {"type": "Polygon", "coordinates": [[[-0.83541, 44.38904, -1000.0], [-0.83518, 44.3889, -1000.0], [-0.83509, 44.38874, -1000.0], [-0.83507, 44.38848, -1000.0], [-0.83516, 44.38831, -867.985], [-0.83539, 44.38817, -867.985], [-0.8356, 44.38811, -1000.0], [-0.836, 44.3881, -1000.0], [-0.83585, 44.38812, -1000.0], [-0.83586, 44.3882, -1000.0], [-0.83607, 44.38818, -1000.0], [-0.83606, 44.38811, -1000.0], [-0.83628, 44.38819, -1000.0], [-0.83644, 44.38833, -1000.0], [-0.83651, 44.38849, -1000.0], [-0.83652, 44.38871, 56.120000000000005], [-0.83631, 44.38897, 56.2], [-0.83626, 44.38884, 56.2], [-0.83608, 44.38887, 56.2], [-0.83617, 44.38903, 56.03177273323691], [-0.83571, 44.38909, -1000.0], [-0.83541, 44.38904, -1000.0]]]}}, {"type": "Feature", "properties": {"id_obligation": "402950000Q0401", "priorite": "moyenne"}, "geometry": {"type": "Polygon", "coordinates": [[[-0.83504, 44.38917, -788.768], [-0.83478, 44.38906, -788.768], [-0.83462, 44.38888, -788.768], [-0.8346, 44.3886, -788.768], [-0.83473, 44.38838, -788.768], [-0.83496, 44.38823, -788.768], [-0.83554, 44.38816, -1000.0], [-0.83555, 44.38823, -1000.0], [-0.83575, 44.38822, -1000.0], [-0.83574, 44.38818, -1000.0], [-0.83598, 44.38826, -1000.0], [-0.83613, 44.3884, -1000.0], [-0.8362, 44.38856, -1000.0], [-0.83621, 44.38881, -1000.0], [-0.83619, 44.38885, 56.2], [-0.83608, 44.38887, 56.2], [-0.83612, 44.38897, 56.08288490262878], [-0.83594, 44.3891, 56.160000000000004], [-0.83571, 44.38916, -788.768], [-0.83504, 44.38917, -788.768]]]}}, {"type": "Feature", "properties": {"id_obligation": "402950000Q0402", "priorite": "moyenne"}, "geometry": {"type": "Polygon", "coordinates": [[[-0.83618, 44.38854, -1000.0], [-0.83599, 44.38854, -1000.0], [-0.836, 44.38863, -1000.0], [-0.83559, 44.38868, -1000.0], [-0.83558, 44.38861, -1000.0], [-0.83542, 44.38862, -1000.0], [-0.8354, 44.38867, -1000.0], [-0.83539, 44.38862, -1000.0], [-0.83525, 44.38863, -1000.0], [-0.83516, 44.38859, -1000.0], [-0.835, 44.38845, -1000.0], [-0.83491, 44.3882, -595.4188690476191], [-0.83493, 44.38802, -595.4188690476191], [-0.83502, 44.38787, 55.63892945585518], [-0.83507, 44.38788, 55.5], [-0.83511, 44.38773, 55.5], [-0.83527, 44.38761, 55.785714285714285], [-0.83574, 44.38752, 55.68333333333334], [-0.83582, 44.38753, 55.6], [-0.83583, 44.38762, 55.6], [-0.83593, 44.38762, 55.6], [-0.83594, 44.38754, 55.6], [-0.83619, 44.38765, 54.8], [-0.83632, 44.3878, 54.8], [-0.8364, 44.3881, -1000.0], [-0.83637, 44.3883, -1000.0], [-0.83618, 44.38854, -1000.0]]]}}, {"type": "Feature", "properties": {"id_obligation": "402950000Q0403", "priorite": "moyenne"}, "geometry": {"type": "Polygon", "coordinates": [[[-0.83573, 44.38864, -1000.0], [-0.8359, 44.38863, -1000.0], [-0.83589, 44.38855, -1000.0], [-0.83569, 44.38856, -1000.0], [-0.83569, 44.38863, -1000.0], [-0.83535, 44.38845, -1000.0], [-0.83524, 44.38825, -1000.0], [-0.83525, 44.38799, -296.2], [-0.8354, 44.3878, -296.2], [-0.8356, 44.3877, -296.2], [-0.83598, 44.38765, -26.161538461538456], [-0.83622, 44.38767, -1000.0], [-0.83655, 44.38782, -1000.0], [-0.83639, 44.38785, -1000.0], [-0.83642, 44.38796, -1000.0], [-0.8366, 44.38792, -1000.0], [-0.8366, 44.38788, -1000.0], [-0.83669, 44.38825, -1000.0], [-0.83654, 44.38827, -1000.0], [-0.83656, 44.38836, -1000.0], [-0.83665, 44.38835, -1000.0], [-0.83643, 44.38855, -1000.0], [-0.83619, 44.38863, -1000.0], [-0.83618, 44.38853, -1000.0], [-0.83599, 44.38854, -1000.0], [-0.836, 44.38864, -1000.0], [-0.83588, 44.38865, -1000.0], [-0.83573, 44.38864, -1000.0]]]}}, {"type": "Feature", "properties": {"id_obligation": "402950000Q0412", "priorite": "moyenne"}, "geometry": {"type": "Polygon", "coordinates": [[[-0.83641, 44.38895, 56.160000000000004], [-0.83628, 44.3889, 56.2], [-0.83626, 44.38884, 56.2], [-0.83616, 44.38882, 56.160000000000004], [-0.83602, 44.38864, -1000.0], [-0.83619, 44.38863, -1000.0], [-0.83618, 44.38853, -1000.0], [-0.83599, 44.38854, -1000.0], [-0.83597, 44.38841, -1000.0], [-0.83603, 44.38824, -471.8066666666667], [-0.83623, 44.38807, -471.8066666666667], [-0.83646, 44.388, -1000.0], [-0.83682, 44.38796, -1000.0], [-0.83706, 44.388, 56.5], [-0.83728, 44.38814, 56.5], [-0.8372, 44.38815, 56.5], [-0.83723, 44.3883, 56.5], [-0.83736, 44.38829, 56.5], [-0.83734, 44.3882, 56.5], [-0.83744, 44.38851, 56.5], [-0.83738, 44.38868, -471.8066666666667], [-0.83723, 44.38882, -471.8066666666667], [-0.83702, 44.38892, -471.8066666666667], [-0.83671, 44.38897, -471.8066666666667], [-0.83641, 44.38895, 56.160000000000004]]]}}, {"type": "Feature", "properties": {"id_obligation": "402950000Q0413", "priorite": "moyenne"}, "geometry": {"type": "MultiPolygon", "coordinates": [[[[-0.83632, 44.38878, -1000.0], [-0.83607, 44.38864, -1000.0], [-0.83619, 44.38863, -1000.0], [-0.83618, 44.38853, -1000.0], [-0.83599, 44.38855, -1000.0], [-0.83592, 44.38822, -1000.0], [-0.83607, 44.38818, -1000.0], [-0.83605, 44.3881, -1000.0], [-0.83595, 44.38811, -1000.0], [-0.83619, 44.3879, -1000.0], [-0.83641, 44.38783, -1000.0], [-0.83675, 44.3878, -1000.0], [-0.83698, 44.38784, -1000.0], [-0.83721, 44.38799, -1000.0], [-0.83731, 44.38814, 56.5], [-0.8372, 44.38815, 56.5], [-0.83723, 44.3883, 56.5], [-0.83735, 44.38829, 56.5], [-0.83736, 44.38837, 56.5], [-0.83729, 44.38854, -867.9375], [-0.83714, 44.38868, -867.9375], [-0.83692, 44.38877, -867.9375], [-0.83663, 44.38881, -1000.0], [-0.83632, 44.38878, -1000.0]]]]}}, {"type": "Feature", "properties": {"id_obligation": "402950000Q0414", "priorite": "moyenne"}, "geometry": {"type": "Polygon", "coordinates": [[[-0.83679, 44.3874, -1000.0], [-0.83704, 44.38752, -1000.0], [-0.83717, 44.38768, -1000.0], [-0.83722, 44.38798, -1000.0], [-0.83711, 44.38819, -736.3], [-0.83692, 44.38831, -736.3], [-0.83657, 44.38839, -1000.0], [-0.83633, 44.3884, -1000.0], [-0.83609, 44.38834, -1000.0], [-0.8359, 44.3882, -1000.0], [-0.83607, 44.38818, -1000.0], [-0.83605, 44.3881, -1000.0], [-0.83585, 44.38812, -1000.0], [-0.83577, 44.38778, 54.0], [-0.83585, 44.38762, 55.60000000000001], [-0.83593, 44.38762, 55.6], [-0.83594, 44.38754, 55.6], [-0.83602, 44.38749, 55.60000000000001], [-0.83654, 44.38737, -1000.0], [-0.83679, 44.3874, -1000.0]]]}}, {"type": "Feature", "properties": {"id_obligation": "402950000Q0415", "priorite": "moyenne"}, "geometry": {"type": "Polygon", "coordinates": [[[-0.83724, 44.38801, -1000.0], [-0.837, 44.38814, -1000.0], [-0.8362, 44.38817, -1000.0], [-0.83592, 44.38807, -698.3714285714286], [-0.83576, 44.38794, -698.3714285714286], [-0.83569, 44.38777, 55.182352941176475], [-0.8357, 44.38755, 55.182352941176475], [-0.83583, 44.38735, 55.6], [-0.83608, 44.38722, 55.6], [-0.83688, 44.38719, -655.3698679471789], [-0.83715, 44.38729, -655.3698679471789], [-0.83731, 44.38742, -655.3698679471789], [-0.83738, 44.38759, -1000.0], [-0.83737, 44.38781, -1000.0], [-0.83724, 44.38801, -1000.0]]]}}, {"type": "Feature", "properties": {"id_obligation": "402950000Q0416", "priorite": "moyenne"}, "geometry": {"type": "Polygon", "coordinates": [[[-0.83767, 44.38807, 55.85], [-0.83751, 44.38826, 55.85], [-0.83724, 44.38838, 55.85], [-0.83684, 44.38839, 56.5], [-0.83668, 44.38835, -1000.0], [-0.83673, 44.38834, -1000.0], [-0.8367, 44.38825, -1000.0], [-0.83654, 44.38828, -1000.0], [-0.83631, 44.38805, -1000.0], [-0.83624, 44.38788, -1000.0], [-0.83624, 44.38764, -1000.0], [-0.83633, 44.38748, -1000.0], [-0.83656, 44.38734, -1000.0], [-0.83679, 44.38729, -1000.0], [-0.83715, 44.38728, -1000.0], [-0.83738, 44.38735, -604.0562500000001], [-0.83755, 44.38748, -604.0562500000001], [-0.83768, 44.38784, 55.20000000000001], [-0.83767, 44.38807, 55.85]]]}}, {"type": "Feature", "properties": {"id_obligation": "402950000Q0429", "priorite": "moyenne"}, "geometry": {"type": "Polygon", "coordinates": [[[-0.83559, 44.38981, -571.6608547008547], [-0.83535, 44.38994, -571.6608547008547], [-0.83503, 44.38998, -1000.0], [-0.83471, 44.38995, -1000.0], [-0.8345, 44.38986, -1000.0], [-0.83432, 44.38969, -1000.0], [-0.83427, 44.38952, 54.8], [-0.83444, 44.38954, 55.0], [-0.83445, 44.38944, 54.8], [-0.83428, 44.38943, 54.8], [-0.83431, 44.3893, 55.739999999999995], [-0.83446, 44.38911, 55.739999999999995], [-0.83466, 44.38901, 55.739999999999995], [-0.8349, 44.38897, -296.96666666666664], [-0.83528, 44.389, -571.6608547008547], [-0.8355, 44.38908, -571.6608547008547], [-0.83566, 44.38922, -571.6608547008547], [-0.83573, 44.38939, -571.6608547008547], [-0.83572, 44.38961, -571.6608547008547], [-0.83559, 44.38981, -571.6608547008547]]]}}, {"type": "Feature", "properties": {"id_obligation": "402950000R0015", "priorite": "forte"}, "geometry": {"type": "Polygon", "coordinates": [[[-0.82913, 44.38516, 55.83757246376811], [-0.82892, 44.38532, 55.83757246376811], [-0.82857, 44.38539, 55.6869565217391], [-0.82815, 44.38533, 55.83757246376811], [-0.8279, 44.38515, 55.83757246376811], [-0.82783, 44.38485, 56.20000000000001], [-0.82765, 44.38464, 56.20000000000001], [-0.82763, 44.3843, 55.83757246376811], [-0.82771, 44.38413, 55.83757246376811], [-0.82787, 44.384, 55.83757246376811], [-0.82809, 44.38392, 55.83757246376811], [-0.82848, 44.38391, 55.95], [-0.82872, 44.38396, 55.83757246376811], [-0.82891, 44.38408, 55.83757246376811], [-0.82902, 44.38425, 55.83757246376811], [-0.82925, 44.38442, 55.83757246376811], [-0.82932, 44.38459, 55.83757246376811], [-0.82931, 44.38478, 55.83757246376811], [-0.82913, 44.38516, 55.83757246376811]]]}}, {"type": "Feature", "properties": {"id_obligation": "402950000R0171", "priorite": "très forte"}, "geometry": {"type": "Polygon", "coordinates": [[[-0.82441, 44.38424, 53.8], [-0.82436, 44.38426, 53.8], [-0.82415, 44.3842, 54.0], [-0.82397, 44.38408, 54.0], [-0.82387, 44.38392, 54.0], [-0.82386, 44.38366, 54.0], [-0.82395, 44.38349, 53.99166666666667], [-0.82418, 44.38334, 53.99166666666667], [-0.82441, 44.38329, 53.99166666666667], [-0.82473, 44.38328, 53.99166666666667], [-0.82496, 44.38335, 53.99166666666667], [-0.82513, 44.38348, 53.99166666666667], [-0.82522, 44.38364, 53.99166666666667], [-0.82524, 44.38391, 53.99166666666667], [-0.82515, 44.38407, 53.99166666666667], [-0.82497, 44.3842, 53.99166666666667], [-0.82475, 44.38426, 54.166666666666664], [-0.82443, 44.38427, 54.166666666666664], [-0.82441, 44.38424, 53.8]]]}}, {"type": "Feature", "properties": {"id_obligation": "402950000R0172", "priorite": "très forte"}, "geometry": {"type": "Polygon", "coordinates": [[[-0.82529, 44.38431, 53.96249999999999], [-0.8252, 44.38452, 53.96249999999999], [-0.82492, 44.3847, 53.96249999999999], [-0.82456, 44.38474, 53.96249999999999], [-0.82426, 44.38467, 53.96249999999999], [-0.82393, 44.3844, 53.96249999999999], [-0.82372, 44.38431, 53.96249999999999], [-0.82356, 44.38412, 53.96249999999999], [-0.82353, 44.38395, 53.96249999999999], [-0.82359, 44.38373, 53.96249999999999], [-0.82372, 44.38358, 53.96249999999999], [-0.82392, 44.38348, 53.96249999999999], [-0.82421, 44.38344, 53.800000000000004], [-0.82456, 44.3835, 53.800000000000004], [-0.82491, 44.38366, 53.96249999999999], [-0.82507, 44.38379, 53.96249999999999], [-0.82529, 44.38431, 53.96249999999999]]]}}, {"type": "Feature", "properties": {"id_obligation": "402950000R0203", "priorite": "forte"}, "geometry": {"type": "Polygon", "coordinates": [[[-0.81273, 44.38732, 52.85], [-0.8126, 44.38753, 52.85], [-0.81236, 44.38767, 52.85], [-0.81204, 44.38773, 52.85], [-0.81173, 44.38767, 52.85], [-0.81154, 44.38756, 52.85], [-0.81129, 44.38724, 52.85], [-0.81125, 44.38706, 52.85], [-0.81132, 44.38688, 53.70000000000001], [-0.81147, 44.38674, 53.70000000000001], [-0.81172, 44.38663, 53.9], [-0.81197, 44.3866, 53.9], [-0.81221, 44.38663, 52.85], [-0.81241, 44.38673, 52.85], [-0.8127, 44.3871, 52.85], [-0.81273, 44.38732, 52.85]]]}}, {"type": "Feature", "properties": {"id_obligation": "402950000R0204", "priorite": "forte"}, "geometry": {"type": "Polygon", "coordinates": [[[-0.81177, 44.38754, 49.7], [-0.81148, 44.38747, 51.325], [-0.81131, 44.38734, 51.325], [-0.81117, 44.38713, 51.325], [-0.81116, 44.38695, 51.325], [-0.81124, 44.38679, 51.325], [-0.8114, 44.38665, 51.325], [-0.81165, 44.38656, 53.7], [-0.81189, 44.38655, 53.7], [-0.81217, 44.38662, 51.325], [-0.81234, 44.38675, 51.325], [-0.81248, 44.38695, 51.325], [-0.8125, 44.38713, 51.325], [-0.81243, 44.38729, 49.7], [-0.81228, 44.38743, 49.7], [-0.81202, 44.38753, 49.7], [-0.81177, 44.38754, 49.7]]]}}, {"type": "Feature", "properties": {"id_obligation": "402950000R0205", "priorite": "forte"}, "geometry": {"type": "Polygon", "coordinates": [[[-0.81165, 44.38736, 51.5], [-0.81142, 44.38732, 51.81142857142857], [-0.81123, 44.38721, 51.81142857142857], [-0.81109, 44.38703, 51.81142857142857], [-0.81106, 44.38686, 51.81142857142857], [-0.81112, 44.38668, 51.81142857142857], [-0.81128, 44.38654, 51.81142857142857], [-0.81157, 44.38643, 51.81142857142857], [-0.81181, 44.38641, 51.81142857142857], [-0.81206, 44.38646, 51.81142857142857], [-0.81225, 44.38658, 51.81142857142857], [-0.81238, 44.38676, 51.81142857142857], [-0.8124, 44.38693, 51.81142857142857], [-0.81233, 44.3871, 50.61428571428571], [-0.81217, 44.38724, 50.61428571428571], [-0.81194, 44.38733, 51.5], [-0.81165, 44.38736, 51.5]]]}}, {"type": "Feature", "properties": {"id_obligation": "402950000R0211", "priorite": "très forte"}, "geometry": {"type": "Polygon", "coordinates": [[[-0.81175, 44.3813, 54.0171875], [-0.81154, 44.38139, 54.0171875], [-0.81121, 44.38142, 54.0171875], [-0.81091, 44.38135, 54.0171875], [-0.81073, 44.38122, 54.0171875], [-0.81063, 44.38106, 54.0171875], [-0.81061, 44.38077, 54.0171875], [-0.8107, 44.3806, 54.0171875], [-0.81102, 44.38037, 54.0171875], [-0.81123, 44.38029, 53.4], [-0.81157, 44.38024, 53.4], [-0.81186, 44.38031, 54.0171875], [-0.81207, 44.38047, 54.0171875], [-0.81214, 44.38068, 54.0171875], [-0.81209, 44.38089, 54.0171875], [-0.81175, 44.3813, 54.0171875]]]}}, {"type": "Feature", "properties": {"id_obligation": "402950000R0212", "priorite": "forte"}, "geometry": {"type": "Polygon", "coordinates": [[[-0.81143, 44.38126, 55.26651515151514], [-0.8112, 44.38119, 56.7], [-0.81103, 44.38107, 56.7], [-0.81093, 44.38088, 54.854545454545445], [-0.81091, 44.38071, 54.854545454545445], [-0.81099, 44.38054, 55.26651515151514], [-0.81115, 44.3804, 55.26651515151514], [-0.81141, 44.38032, 55.26651515151514], [-0.81171, 44.38031, 55.26651515151514], [-0.81193, 44.38038, 55.26651515151514], [-0.8121, 44.38051, 55.26651515151514], [-0.81221, 44.38069, 55.26651515151514], [-0.81223, 44.38086, 55.26651515151514], [-0.81215, 44.38103, 55.26651515151514], [-0.81199, 44.38117, 55.26651515151514], [-0.81173, 44.38126, 55.26651515151514], [-0.81143, 44.38126, 55.26651515151514]]]}}, {"type": "Feature", "properties": {"id_obligation": "402950000R0215", "priorite": "forte"}, "geometry": {"type": "Polygon", "coordinates": [[[-0.81155, 44.38116, 55.42222222222222], [-0.8112, 44.38118, 55.42222222222222], [-0.8108, 44.38109, 54.854861111111106], [-0.81063, 44.38096, 54.854861111111106], [-0.81054, 44.38077, 54.854861111111106], [-0.81055, 44.38059, 54.854861111111106], [-0.81066, 44.38043, 54.854861111111106], [-0.8109, 44.38029, 54.854861111111106], [-0.81141, 44.38019, 54.854861111111106], [-0.81166, 44.3802, 54.854861111111106], [-0.81189, 44.38028, 54.854861111111106], [-0.81208, 44.38046, 54.854861111111106], [-0.81215, 44.38068, 54.854861111111106], [-0.81209, 44.38088, 54.854861111111106], [-0.81188, 44.38106, 54.854861111111106], [-0.81155, 44.38116, 55.42222222222222]]]}}, {"type": "Feature", "properties": {"id_obligation": "402950000R0223", "priorite": "forte"}, "geometry": {"type": "MultiPolygon", "coordinates": [[[[-0.80741, 44.38153, 54.8], [-0.80729, 44.38154, 54.8], [-0.80731, 44.38164, 54.8], [-0.80698, 44.38149, 54.8], [-0.80687, 44.38134, 52.0], [-0.80685, 44.38113, 52.0], [-0.80693, 44.38095, 53.30565699964196], [-0.80709, 44.38082, 53.30565699964196], [-0.80732, 44.38074, 51.1], [-0.80765, 44.38072, 51.1], [-0.80789, 44.38078, 52.46666666666667], [-0.80807, 44.3809, 52.46666666666667], [-0.80811, 44.38098, 52.3], [-0.80799, 44.38099, 53.0], [-0.80801, 44.38119, 53.0], [-0.80819, 44.38117, 52.33613581524418], [-0.80818, 44.38128, 52.81578947368422], [-0.80809, 44.38145, 53.30565699964196], [-0.80791, 44.38158, 53.30565699964196], [-0.80746, 44.38166, 54.79999999999999], [-0.80741, 44.38153, 54.8]]], [[[-0.80818, 44.38112, 52.3], [-0.80813, 44.38112, 52.3], [-0.80811, 44.38098, 52.3], [-0.80818, 44.38112, 52.3]]]]}}, {"type": "Feature", "properties": {"id_obligation": "402950000R0229", "priorite": "forte"}, "geometry": {"type": "Polygon", "coordinates": [[[-0.80771, 44.38069, 52.93333333333334], [-0.80752, 44.38096, 52.93333333333334], [-0.8072, 44.38108, 52.93333333333334], [-0.80639, 44.38109, 52.93333333333334], [-0.80614, 44.38097, 52.93333333333334], [-0.80599, 44.38078, 52.93333333333334], [-0.80595, 44.38035, 52.93333333333334], [-0.80587, 44.38014, 52.93333333333334], [-0.8059, 44.37985, 52.93333333333334], [-0.80607, 44.37967, 52.93333333333334], [-0.80633, 44.37957, 52.93333333333334], [-0.807, 44.37953, 52.7], [-0.80724, 44.37956, 52.93333333333334], [-0.80745, 44.37965, 52.93333333333334], [-0.8076, 44.37979, 52.93333333333334], [-0.80771, 44.38069, 52.93333333333334]]]}}, {"type": "Feature", "properties": {"id_obligation": "402950000R0231", "priorite": "très forte"}, "geometry": {"type": "Polygon", "coordinates": [[[-0.80873, 44.38045, 53.800000000000004], [-0.8085, 44.3804, 53.800000000000004], [-0.80823, 44.38024, 53.800000000000004], [-0.80811, 44.38008, 53.800000000000004], [-0.80809, 44.3799, 53.800000000000004], [-0.80817, 44.37973, 53.800000000000004], [-0.80844, 44.37952, 53.800000000000004], [-0.80865, 44.37945, 53.800000000000004], [-0.80899, 44.37943, 53.800000000000004], [-0.80923, 44.37947, 53.800000000000004], [-0.80943, 44.37957, 53.800000000000004], [-0.80958, 44.37975, 53.800000000000004], [-0.80961, 44.38, 53.800000000000004], [-0.80954, 44.38017, 53.800000000000004], [-0.80933, 44.38033, 53.800000000000004], [-0.80903, 44.38042, 53.800000000000004], [-0.80873, 44.38045, 53.800000000000004]]]}}, {"type": "Feature", "properties": {"id_obligation": "402950000R0241", "priorite": "moyenne"}, "geometry": {"type": "Polygon", "coordinates": [[[-0.80392, 44.37739, 54.3244328211834], [-0.8037, 44.37731, 54.3244328211834], [-0.80353, 44.37718, 54.3244328211834], [-0.80346, 44.37702, 53.37826086956522], [-0.80351, 44.37673, 55.4], [-0.80361, 44.37657, 55.4], [-0.8038, 44.37645, 55.4], [-0.80404, 44.37639, 55.239999999999995], [-0.8044, 44.37642, 54.6], [-0.80463, 44.3765, 54.6], [-0.8048, 44.37663, 54.6], [-0.80488, 44.37679, 53.968421052631584], [-0.80487, 44.37697, 53.968421052631584], [-0.80474, 44.37722, 53.20434782608696], [-0.80451, 44.37736, 53.20434782608696], [-0.80423, 44.37742, 54.3244328211834], [-0.80392, 44.37739, 54.3244328211834]]]}}, {"type": "Feature", "properties": {"id_obligation": "402950000R0258", "priorite": "forte"}, "geometry": {"type": "Polygon", "coordinates": [[[-0.80526, 44.37641, 55.095933014354074], [-0.80532, 44.37662, 55.095933014354074], [-0.80521, 44.37687, 55.0], [-0.80501, 44.37704, 55.0], [-0.8046, 44.37712, 53.6], [-0.80468, 44.37709, 53.6], [-0.8046, 44.37697, 53.5], [-0.80453, 44.37695, 53.5], [-0.8044, 44.37702, 53.8], [-0.80445, 44.37708, 53.8], [-0.80455, 44.37706, 53.6], [-0.80459, 44.37712, 53.6], [-0.80448, 44.37711, 53.521052631578954], [-0.80406, 44.37697, 55.05454545454547], [-0.80388, 44.37685, 55.05454545454547], [-0.80378, 44.37669, 55.4], [-0.80377, 44.37652, 55.4], [-0.8039, 44.37628, 57.0], [-0.80401, 44.37627, 57.0], [-0.80399, 44.37619, 57.0], [-0.80406, 44.37615, 57.0], [-0.80429, 44.37607, 55.095933014354074], [-0.80453, 44.37606, 55.095933014354074], [-0.80507, 44.37624, 55.095933014354074], [-0.80526, 44.37641, 55.095933014354074]]]}}, {"type": "Feature", "properties": {"id_obligation": "402950000R0260", "priorite": "forte"}, "geometry": {"type": "Polygon", "coordinates": [[[-0.80464, 44.37631, 54.6], [-0.80454, 44.37652, 54.6], [-0.80444, 44.37651, 54.6], [-0.80439, 44.37659, 54.6], [-0.80443, 44.3766, 54.6], [-0.80432, 44.37667, 54.6], [-0.80394, 44.37673, 55.4], [-0.80359, 44.37667, 55.4], [-0.80342, 44.37655, 57.375], [-0.80334, 44.37642, 58.0], [-0.80324, 44.37645, 58.0], [-0.80313, 44.37638, 57.375], [-0.80299, 44.37624, -107.09230769230766], [-0.80291, 44.37598, -107.09230769230766], [-0.80297, 44.37594, -1000.0], [-0.80292, 44.37593, -1000.0], [-0.80298, 44.37579, 57.2], [-0.80303, 44.3759, 57.2], [-0.80315, 44.37587, 57.2], [-0.80305, 44.37571, 57.2], [-0.80315, 44.37564, -383.3], [-0.80336, 44.37556, -383.3], [-0.80371, 44.3755, 54.49999999999998], [-0.80395, 44.37554, 54.49999999999998], [-0.80431, 44.37568, 55.9], [-0.80448, 44.37581, 55.9], [-0.80464, 44.37631, 54.6]]]}}, {"type": "Feature", "properties": {"id_obligation": "402950000R0261", "priorite": "moyenne"}, "geometry": {"type": "Polygon", "coordinates": [[[-0.80408, 44.37637, 56.95], [-0.80367, 44.3763, 56.8], [-0.80333, 44.37612, 56.8], [-0.80321, 44.3759, 56.79999999999999], [-0.80322, 44.37572, 56.79999999999999], [-0.80331, 44.37556, 53.95], [-0.80349, 44.37544, 53.95], [-0.80387, 44.37535, 54.57142857142857], [-0.80438, 44.37538, 55.9], [-0.80461, 44.37544, 55.9], [-0.80463, 44.3755, 55.9], [-0.80472, 44.37549, 55.9], [-0.80483, 44.37559, 55.9], [-0.80496, 44.37583, 55.699999999999996], [-0.8049, 44.37609, 55.660491071428574], [-0.8047, 44.37626, 55.660491071428574], [-0.80433, 44.37637, 56.95], [-0.80408, 44.37637, 56.95]]]}}, {"type": "Feature", "properties": {"id_obligation": "402950000R0268", "priorite": "forte"}, "geometry": {"type": "Polygon", "coordinates": [[[-0.80894, 44.37624, 56.346666666666664], [-0.8087, 44.3761, 56.346666666666664], [-0.80859, 44.37594, 57.49999999999997], [-0.80856, 44.37574, 57.49999999999997], [-0.80862, 44.37557, 56.346666666666664], [-0.80877, 44.37543, 56.346666666666664], [-0.80898, 44.37535, 56.346666666666664], [-0.80928, 44.37532, 56.346666666666664], [-0.80951, 44.37536, 56.346666666666664], [-0.80975, 44.3755, 56.346666666666664], [-0.80986, 44.37567, 56.1], [-0.8097, 44.37568, 56.1], [-0.80971, 44.37576, 56.1], [-0.80987, 44.37575, 56.1], [-0.80987, 44.37586, 56.1], [-0.80981, 44.37603, 56.346666666666664], [-0.80966, 44.37617, 56.346666666666664], [-0.80945, 44.37625, 56.346666666666664], [-0.80917, 44.37628, 56.346666666666664], [-0.80894, 44.37624, 56.346666666666664]]]}}, {"type": "Feature", "properties": {"id_obligation": "402950000R0269", "priorite": "forte"}, "geometry": {"type": "Polygon", "coordinates": [[[-0.81024, 44.37528, -207.45357142857142], [-0.81046, 44.37544, -207.45357142857142], [-0.81055, 44.37565, -1000.0], [-0.81051, 44.3759, -207.45357142857142], [-0.81035, 44.37608, -207.45357142857142], [-0.81014, 44.37617, -207.45357142857142], [-0.80975, 44.37621, -207.45357142857142], [-0.8095, 44.37618, -207.45357142857142], [-0.80929, 44.37609, -207.45357142857142], [-0.80914, 44.37595, -207.45357142857142], [-0.80908, 44.37577, 55.58571428571429], [-0.80911, 44.37553, -207.45357142857142], [-0.80924, 44.37538, -207.45357142857142], [-0.80943, 44.37527, -207.45357142857142], [-0.81001, 44.37522, 58.5], [-0.81024, 44.37528, -207.45357142857142]]]}}, {"type": "Feature", "properties": {"id_obligation": "402950000R0270", "priorite": "moyenne"}, "geometry": {"type": "Polygon", "coordinates": [[[-0.80952, 44.3758, 56.1], [-0.80937, 44.37561, -365.86], [-0.80935, 44.37544, -365.86], [-0.80943, 44.37518, -365.86], [-0.80962, 44.375, -365.86], [-0.80983, 44.37492, -365.86], [-0.81008, 44.3749, -365.86], [-0.81036, 44.37495, -365.86], [-0.81056, 44.37505, -365.86], [-0.81072, 44.37524, -1000.0], [-0.81074, 44.37541, -1000.0], [-0.81068, 44.37562, -1000.0], [-0.81066, 44.37555, -1000.0], [-0.81053, 44.37556, -1000.0], [-0.81059, 44.37576, -1000.0], [-0.81031, 44.37592, 56.1], [-0.81007, 44.37595, 56.1], [-0.80978, 44.37591, 56.1], [-0.80952, 44.3758, 56.1]]]}}, {"type": "Feature", "properties": {"id_obligation": "402950000R0282", "priorite": "moyenne"}, "geometry": {"type": "Polygon", "coordinates": [[[-0.80401, 44.37518, -208.49166666666665], [-0.8042, 44.37501, -208.49166666666665], [-0.80442, 44.37492, -208.49166666666665], [-0.80476, 44.3749, -1000.0], [-0.80488, 44.37492, -1000.0], [-0.80487, 44.37501, -1000.0], [-0.80506, 44.37499, -1000.0], [-0.80522, 44.37511, -472.25], [-0.80529, 44.37524, 55.5], [-0.80534, 44.37555, 55.5], [-0.80526, 44.37572, -208.49166666666665], [-0.8051, 44.37585, -208.49166666666665], [-0.80488, 44.37593, 55.699999999999996], [-0.80455, 44.37595, 55.699999999999996], [-0.80433, 44.3759, 55.89999999999999], [-0.80429, 44.37582, 55.9], [-0.80423, 44.37585, 55.9], [-0.80414, 44.37579, 55.89999999999999], [-0.80403, 44.37563, 55.89999999999999], [-0.80397, 44.3754, -208.49166666666665], [-0.80401, 44.37518, -208.49166666666665]]]}}, {"type": "Feature", "properties": {"id_obligation": "402950000R0283", "priorite": "moyenne"}, "geometry": {"type": "Polygon", "coordinates": [[[-0.80439, 44.37573, 55.89999999999999], [-0.8041, 44.37589, 55.89999999999999], [-0.8037, 44.37595, 54.080000000000005], [-0.80336, 44.37584, 54.8206746031746], [-0.80317, 44.37562, 54.8206746031746], [-0.8031, 44.37506, 54.37857142857143], [-0.80314, 44.37489, 55.34166666666667], [-0.80326, 44.37474, 55.34166666666667], [-0.80351, 44.37462, 55.34166666666667], [-0.8038, 44.37458, 54.7], [-0.80404, 44.3746, 54.8206746031746], [-0.80426, 44.3747, 54.8206746031746], [-0.80444, 44.37493, 54.8206746031746], [-0.8045, 44.37552, 55.89999999999999], [-0.80439, 44.37573, 55.89999999999999]]]}}, {"type": "Feature", "properties": {"id_obligation": "402950000R0287", "priorite": "faible"}, "geometry": {"type": "Polygon", "coordinates": [[[-0.80254, 44.37443, 56.2], [-0.80264, 44.37423, -120.51574074074072], [-0.80281, 44.37411, -120.51574074074072], [-0.80309, 44.37402, -1000.0], [-0.80342, 44.37405, 55.1], [-0.80343, 44.37413, 55.1], [-0.80361, 44.37411, 55.1], [-0.80386, 44.37439, -120.51574074074072], [-0.80386, 44.37457, -120.51574074074072], [-0.80377, 44.37473, -120.51574074074072], [-0.8036, 44.37486, -120.51574074074072], [-0.80334, 44.37495, 55.3], [-0.80312, 44.37496, 55.40555555555554], [-0.80288, 44.37491, 55.5], [-0.80269, 44.37479, 55.5], [-0.80256, 44.3746, 56.2], [-0.80254, 44.37443, 56.2]]]}}, {"type": "Feature", "properties": {"id_obligation": "402950000R0302", "priorite": "moyenne"}, "geometry": {"type": "Polygon", "coordinates": [[[-0.80454, 44.37405, -132.94682539682537], [-0.80487, 44.374, -132.94682539682537], [-0.80511, 44.37402, -132.94682539682537], [-0.80532, 44.37411, -132.94682539682537], [-0.80549, 44.37429, -132.94682539682537], [-0.80555, 44.37455, 54.3], [-0.80552, 44.37472, 55.79999999999999], [-0.80539, 44.37487, 55.79999999999999], [-0.80513, 44.375, 55.79999999999999], [-0.80482, 44.37504, -698.342857142857], [-0.80458, 44.37501, -132.94682539682537], [-0.80437, 44.37492, -132.94682539682537], [-0.8042, 44.37474, -132.94682539682537], [-0.80415, 44.37452, -132.94682539682537], [-0.80418, 44.37435, -132.94682539682537], [-0.80434, 44.37416, -132.94682539682537], [-0.80454, 44.37405, -132.94682539682537]]]}}, {"type": "Feature", "properties": {"id_obligation": "402950000R0304", "priorite": "moyenne"}, "geometry": {"type": "Polygon", "coordinates": [[[-0.80384, 44.37336, 54.1], [-0.80398, 44.37316, 54.9], [-0.80418, 44.37306, 54.9], [-0.80453, 44.373, 54.94], [-0.80483, 44.37304, 55.32749999999999], [-0.80502, 44.37315, 55.32749999999999], [-0.80515, 44.3733, 55.32749999999999], [-0.80521, 44.3735, 55.32749999999999], [-0.80517, 44.37368, 55.32749999999999], [-0.805, 44.37386, 55.32749999999999], [-0.80479, 44.37395, 55.32749999999999], [-0.8045, 44.37399, 56.2], [-0.80426, 44.37396, 56.2], [-0.80405, 44.37387, 56.2], [-0.80391, 44.37373, 56.2], [-0.80383, 44.37353, 54.1], [-0.80384, 44.37336, 54.1]]]}}, {"type": "Feature", "properties": {"id_obligation": "402950000R0305", "priorite": "moyenne"}, "geometry": {"type": "Polygon", "coordinates": [[[-0.80503, 44.37393, 55.01611111111111], [-0.80488, 44.37417, 55.01611111111111], [-0.80458, 44.37431, 55.01611111111111], [-0.8041, 44.37431, 56.2], [-0.80389, 44.37423, 55.01611111111111], [-0.80371, 44.37406, 55.01611111111111], [-0.80351, 44.37348, 53.0], [-0.80354, 44.37326, 54.6], [-0.80366, 44.37311, 54.6], [-0.80385, 44.373, 54.6], [-0.80419, 44.37294, 54.913333333333334], [-0.80444, 44.37297, 54.913333333333334], [-0.80465, 44.37305, 55.01611111111111], [-0.8048, 44.37319, 55.01611111111111], [-0.80488, 44.37352, 56.0], [-0.80496, 44.37362, 56.0], [-0.80503, 44.37393, 55.01611111111111]]]}}, {"type": "Feature", "properties": {"id_obligation": "402950000R0306", "priorite": "moyenne"}, "geometry": {"type": "Polygon", "coordinates": [[[-0.80507, 44.37352, 54.951868131868125], [-0.8049, 44.3737, 54.951868131868125], [-0.8047, 44.37379, 54.951868131868125], [-0.8044, 44.37383, 56.199999999999996], [-0.80435, 44.37382, 56.2], [-0.80433, 44.37374, 56.2], [-0.80427, 44.37375, 56.2], [-0.80428, 44.37382, 56.2], [-0.80397, 44.37369, 54.951868131868125], [-0.80384, 44.37354, 53.628571428571426], [-0.80378, 44.37333, 53.628571428571426], [-0.80386, 44.37311, 54.6], [-0.80392, 44.37316, 54.6], [-0.80405, 44.37309, 54.6], [-0.80399, 44.37303, 54.6], [-0.8039, 44.37308, 54.6], [-0.80396, 44.37302, 54.6], [-0.80416, 44.37292, 54.6], [-0.80445, 44.37288, 54.9], [-0.80468, 44.37291, 54.951868131868125], [-0.80488, 44.373, 54.951868131868125], [-0.80503, 44.37314, 54.951868131868125], [-0.8051, 44.37335, 54.951868131868125], [-0.80507, 44.37352, 54.951868131868125]]]}}, {"type": "Feature", "properties": {"id_obligation": "402950000R0327", "priorite": "forte"}, "geometry": {"type": "Polygon", "coordinates": [[[-0.80494, 44.37606, 55.7], [-0.80482, 44.37628, 55.50187675070027], [-0.80458, 44.37643, 55.50187675070027], [-0.80428, 44.37649, 55.50187675070027], [-0.80398, 44.37645, 55.85714285714285], [-0.80374, 44.37632, 55.85714285714285], [-0.80361, 44.37618, 56.2470588235294], [-0.80357, 44.37607, 56.8], [-0.80375, 44.37603, 56.8], [-0.80371, 44.37595, 56.8], [-0.80354, 44.37599, 56.8], [-0.80354, 44.37596, 56.2470588235294], [-0.80357, 44.37579, 54.86], [-0.80374, 44.3756, 54.86], [-0.80377, 44.37566, 54.8], [-0.80389, 44.37563, 54.8], [-0.80385, 44.37554, 54.8], [-0.80424, 44.37544, 55.50187675070027], [-0.80448, 44.37546, 55.70000000000001], [-0.80469, 44.37555, 55.70000000000001], [-0.8049, 44.37579, 55.7], [-0.80484, 44.37577, 55.7], [-0.80469, 44.37584, 55.7], [-0.80471, 44.3759, 55.7], [-0.80484, 44.37588, 55.7], [-0.80491, 44.37581, 55.7], [-0.80494, 44.37606, 55.7]]]}}, {"type": "Feature", "properties": {"id_obligation": "402950000R0329", "priorite": "forte"}, "geometry": {"type": "Polygon", "coordinates": [[[-0.80711, 44.37536, 54.7], [-0.80732, 44.3752, 54.7], [-0.80754, 44.37514, 54.800000000000004], [-0.80795, 44.37513, 54.800000000000004], [-0.80817, 44.37519, 54.7], [-0.80838, 44.37536, 54.7], [-0.80845, 44.37552, 54.7], [-0.80845, 44.37577, 54.7], [-0.80836, 44.37593, 54.7], [-0.80813, 44.37608, 54.7], [-0.8079, 44.37613, 54.7], [-0.80756, 44.37613, 54.7], [-0.80733, 44.37607, 54.7], [-0.80716, 44.37594, 54.7], [-0.80706, 44.37578, 54.7], [-0.80704, 44.37558, 54.7], [-0.80711, 44.37536, 54.7]]]}}, {"type": "Feature", "properties": {"id_obligation": "402950000R0333", "priorite": "moyenne"}, "geometry": {"type": "Polygon", "coordinates": [[[-0.83006, 44.38443, 54.8], [-0.83038, 44.38442, 54.8], [-0.83067, 44.38449, -155.92314285714286], [-0.83085, 44.38462, -155.92314285714286], [-0.83094, 44.38478, -155.92314285714286], [-0.83093, 44.38508, -1000.0], [-0.83085, 44.38524, 54.82000000000001], [-0.83069, 44.38537, 54.82000000000001], [-0.83048, 44.38545, 54.9], [-0.83013, 44.38546, 55.49999999999999], [-0.8299, 44.38541, -155.92314285714286], [-0.82965, 44.38525, -155.92314285714286], [-0.82953, 44.38505, -155.92314285714286], [-0.82953, 44.38485, -155.92314285714286], [-0.82961, 44.38468, -155.92314285714286], [-0.82983, 44.38451, -155.92314285714286], [-0.83006, 44.38443, 54.8]]]}}, {"type": "Feature", "properties": {"id_obligation": "402950000R0335", "priorite": "moyenne"}, "geometry": {"type": "Polygon", "coordinates": [[[-0.8042, 44.37523, 54.6], [-0.80428, 44.37543, 54.6], [-0.80423, 44.37564, 54.92727272727273], [-0.80409, 44.37578, 54.92727272727273], [-0.80367, 44.37593, 57.2], [-0.80324, 44.37591, 57.2], [-0.80311, 44.37588, 57.2], [-0.80315, 44.37587, 57.2], [-0.803, 44.37561, 57.2], [-0.80288, 44.37565, 57.2], [-0.80299, 44.37582, 57.2], [-0.80292, 44.37578, 57.199999999999996], [-0.80279, 44.37563, 57.199999999999996], [-0.80271, 44.37543, 54.1], [-0.8028, 44.37541, 54.1], [-0.80281, 44.37546, 54.1], [-0.80296, 44.37543, 54.1], [-0.80293, 44.37535, 54.1], [-0.8027, 44.37537, 55.116666666666674], [-0.80275, 44.37519, 56.2], [-0.8028, 44.37518, 56.2], [-0.80279, 44.37512, 56.2], [-0.80291, 44.37502, 56.199999999999996], [-0.80322, 44.3749, 55.2], [-0.80345, 44.37487, 55.2], [-0.80369, 44.37491, 54.60000000000001], [-0.804, 44.37506, 54.60000000000001], [-0.8042, 44.37523, 54.6]]]}}, {"type": "Feature", "properties": {"id_obligation": "402950000R0336", "priorite": "moyenne"}, "geometry": {"type": "Polygon", "coordinates": [[[-0.80304, 44.37489, 55.533333333333324], [-0.80326, 44.37473, 55.533333333333324], [-0.80358, 44.37466, 55.0], [-0.80389, 44.37468, 54.96583333333333], [-0.8041, 44.37477, 54.96583333333333], [-0.80424, 44.37491, 54.96583333333333], [-0.80434, 44.37515, 54.96583333333333], [-0.80431, 44.37537, 54.96583333333333], [-0.80418, 44.37552, 54.96583333333333], [-0.80398, 44.37562, 54.96583333333333], [-0.80362, 44.37569, 53.999999999999986], [-0.80338, 44.37567, 55.26666666666667], [-0.80317, 44.37558, 55.26666666666667], [-0.80303, 44.37544, 55.26666666666667], [-0.80294, 44.37523, 55.20000000000001], [-0.80304, 44.37489, 55.533333333333324]]]}}, {"type": "Feature", "properties": {"id_obligation": "402950000R0337", "priorite": "faible"}, "geometry": {"type": "Polygon", "coordinates": [[[-0.80296, 44.37543, 54.1], [-0.80293, 44.37535, 54.1], [-0.80282, 44.37536, 54.66000000000001], [-0.80267, 44.37522, 54.66000000000001], [-0.8028, 44.37518, 56.2], [-0.80279, 44.37511, 56.2], [-0.80263, 44.37513, 56.2], [-0.80261, 44.37499, 56.0], [-0.8027, 44.37497, 56.0], [-0.80268, 44.37492, 56.0], [-0.8026, 44.37492, 56.0], [-0.80264, 44.37479, 56.025000000000006], [-0.80286, 44.37458, 56.2], [-0.80289, 44.37463, 56.2], [-0.80302, 44.37458, 56.2], [-0.80299, 44.37453, 56.2], [-0.80332, 44.37449, 54.82727272727273], [-0.80356, 44.37452, 55.0669392705248], [-0.80377, 44.37461, 55.0669392705248], [-0.80391, 44.37475, 55.0669392705248], [-0.80399, 44.37502, 54.71], [-0.80395, 44.37519, 54.247368421052634], [-0.80383, 44.37534, 54.247368421052634], [-0.80364, 44.37544, 53.1], [-0.80338, 44.37549, 54.644444444444446], [-0.80296, 44.37543, 54.1]]]}}, {"type": "Feature", "properties": {"id_obligation": "402950000R0343", "priorite": "moyenne"}, "geometry": {"type": "Polygon", "coordinates": [[[-0.80517, 44.37508, 54.913333333333334], [-0.80528, 44.37489, 55.8], [-0.80549, 44.37476, 56.55454545454545], [-0.80583, 44.37466, 55.33749999999999], [-0.80612, 44.37467, -355.4611111111111], [-0.80628, 44.37476, 54.7], [-0.80634, 44.37474, -355.4611111111111], [-0.80648, 44.37485, -1000.0], [-0.80634, 44.37487, -1000.0], [-0.80635, 44.37494, -1000.0], [-0.8065, 44.37492, -1000.0], [-0.80649, 44.37486, -1000.0], [-0.80662, 44.37507, -172.32857142857137], [-0.80663, 44.37511, 53.4], [-0.80642, 44.37508, 53.4], [-0.80637, 44.37513, 53.4], [-0.80652, 44.37519, 53.4], [-0.80663, 44.37518, 53.4], [-0.80651, 44.37544, -51.131643217893206], [-0.80633, 44.37556, -51.131643217893206], [-0.80599, 44.37567, -51.131643217893206], [-0.80575, 44.37568, -51.131643217893206], [-0.80552, 44.37562, -51.131643217893206], [-0.80533, 44.3755, -51.131643217893206], [-0.8052, 44.3753, 54.913333333333334], [-0.80517, 44.37508, 54.913333333333334]]]}}, {"type": "Feature", "properties": {"id_obligation": "402950000R0346", "priorite": "moyenne"}, "geometry": {"type": "Polygon", "coordinates": [[[-0.80541, 44.37554, -152.06706349206345], [-0.80525, 44.37567, -152.06706349206345], [-0.80502, 44.37575, 54.8], [-0.80473, 44.37576, 54.8], [-0.80446, 44.37568, 55.9], [-0.8043, 44.37555, 55.9], [-0.80419, 44.3752, 55.9], [-0.80427, 44.37503, -152.06706349206345], [-0.80443, 44.3749, -152.06706349206345], [-0.80465, 44.37482, -1000.0], [-0.80494, 44.3748, -1000.0], [-0.80522, 44.37488, 55.8], [-0.80509, 44.3749, 55.8], [-0.8051, 44.37494, 55.8], [-0.80527, 44.37491, 55.8], [-0.80535, 44.37497, -340.125], [-0.80546, 44.37513, 55.5], [-0.8055, 44.37532, 55.5], [-0.80541, 44.37554, -152.06706349206345]]]}}, {"type": "Feature", "properties": {"id_obligation": "402950000R0348", "priorite": "moyenne"}, "geometry": {"type": "Polygon", "coordinates": [[[-0.80471, 44.37495, -1000.0], [-0.80487, 44.3748, -1000.0], [-0.80515, 44.3747, -106.0076923076923], [-0.80549, 44.37469, -106.0076923076923], [-0.8058, 44.37481, 55.3], [-0.80562, 44.37484, 55.3], [-0.80564, 44.37493, 55.3], [-0.80588, 44.3749, 55.3], [-0.80586, 44.37485, 55.3], [-0.80593, 44.37492, 55.4], [-0.80588, 44.37493, 55.4], [-0.80592, 44.37502, 54.4], [-0.80598, 44.37501, 54.4], [-0.80599, 44.37505, 54.20000000000002], [-0.80603, 44.3754, -118.9121958398744], [-0.80593, 44.37556, -118.9121958398744], [-0.80575, 44.37568, -118.9121958398744], [-0.80541, 44.37576, -118.9121958398744], [-0.80517, 44.37575, -118.9121958398744], [-0.80494, 44.37568, 54.52499999999999], [-0.80477, 44.37555, 54.52499999999999], [-0.80465, 44.37517, 53.82857142857142], [-0.80471, 44.37495, -1000.0]]]}}, {"type": "Feature", "properties": {"id_obligation": "402950000R0352", "priorite": "faible"}, "geometry": {"type": "Polygon", "coordinates": [[[-0.80381, 44.37445, -1000.0], [-0.80399, 44.37463, 55.0], [-0.80403, 44.3749, 55.0], [-0.80392, 44.37511, 54.795], [-0.80369, 44.37525, 54.795], [-0.8034, 44.3753, 54.795], [-0.80295, 44.37532, 55.71111111111111], [-0.80266, 44.37524, 56.150000000000006], [-0.8026, 44.37521, 56.2], [-0.8028, 44.37518, 56.2], [-0.80279, 44.37511, 56.2], [-0.80255, 44.37514, 56.2], [-0.80256, 44.37518, 56.2], [-0.80233, 44.37485, 57.13499999999999], [-0.80234, 44.37467, 57.13499999999999], [-0.80243, 44.37451, -102.71597953216376], [-0.80265, 44.37437, -156.24], [-0.80298, 44.37428, -156.24], [-0.80323, 44.37428, -156.24], [-0.80381, 44.37445, -1000.0]]]}}, {"type": "Feature", "properties": {"id_obligation": "402950000R0353", "priorite": "faible"}, "geometry": {"type": "Polygon", "coordinates": [[[-0.80224, 44.37445, 57.55], [-0.80237, 44.37464, 57.55], [-0.80243, 44.37457, 57.55], [-0.80225, 44.37443, 57.55], [-0.80232, 44.37433, -94.75476190476192], [-0.80248, 44.3742, -94.75476190476192], [-0.80284, 44.37408, -94.75476190476192], [-0.80324, 44.37411, -1000.0], [-0.80312, 44.37412, -1000.0], [-0.80313, 44.3742, -1000.0], [-0.80329, 44.37419, -1000.0], [-0.80329, 44.37413, -1000.0], [-0.80337, 44.37416, -1000.0], [-0.80353, 44.3743, -1000.0], [-0.80364, 44.37448, 54.06666666666666], [-0.80363, 44.3747, 54.06666666666666], [-0.80352, 44.37486, 55.39333333333332], [-0.80335, 44.37497, 55.3], [-0.80334, 44.37494, 55.3], [-0.80323, 44.37495, 55.3], [-0.80324, 44.37501, 55.3], [-0.80303, 44.37507, 56.379999999999995], [-0.80278, 44.37507, 56.379999999999995], [-0.80255, 44.37501, 56.379999999999995], [-0.80251, 44.37499, 56.0], [-0.80268, 44.37499, 56.0], [-0.8027, 44.37493, 56.0], [-0.8025, 44.37492, 56.0], [-0.8025, 44.37498, 56.62666666666666], [-0.80225, 44.3747, 57.55], [-0.80224, 44.37445, 57.55]]]}}, {"type": "Feature", "properties": {"id_obligation": "402950000R0381", "priorite": "forte"}, "geometry": {"type": "Polygon", "coordinates": [[[-0.80913, 44.3753, 55.942857142857136], [-0.80944, 44.37543, 55.942857142857136], [-0.80962, 44.37567, 55.58571428571429], [-0.80959, 44.37597, 55.942857142857136], [-0.80941, 44.37615, 55.942857142857136], [-0.80914, 44.37625, 55.942857142857136], [-0.80846, 44.37628, 55.942857142857136], [-0.80822, 44.37625, 55.942857142857136], [-0.80802, 44.37614, 55.942857142857136], [-0.80788, 44.37599, 55.942857142857136], [-0.80783, 44.37574, 55.942857142857136], [-0.80789, 44.37557, 55.942857142857136], [-0.80802, 44.37543, 55.942857142857136], [-0.80823, 44.37533, 55.942857142857136], [-0.80913, 44.3753, 55.942857142857136]]]}}, {"type": "Feature", "properties": {"id_obligation": "402950000R0383", "priorite": "forte"}, "geometry": {"type": "Polygon", "coordinates": [[[-0.81182, 44.38753, 49.70000000000001], [-0.81159, 44.38748, 51.11176470588236], [-0.8114, 44.38737, 51.11176470588236], [-0.81122, 44.38713, 51.11176470588236], [-0.81119, 44.38695, 51.11176470588236], [-0.81129, 44.38675, 51.11176470588236], [-0.81147, 44.38662, 51.11176470588236], [-0.81172, 44.38653, 51.11176470588236], [-0.81203, 44.38652, 51.11176470588236], [-0.81226, 44.38659, 51.11176470588236], [-0.81243, 44.38671, 51.11176470588236], [-0.81257, 44.38692, 51.11176470588236], [-0.8126, 44.38709, 51.11176470588236], [-0.81253, 44.38726, 51.11176470588236], [-0.81237, 44.38739, 51.11176470588236], [-0.81213, 44.3875, 49.70000000000001], [-0.81182, 44.38753, 49.70000000000001]]]}}, {"type": "Feature", "properties": {"id_obligation": "402950000R0387", "priorite": "forte"}, "geometry": {"type": "Polygon", "coordinates": [[[-0.80709, 44.38211, 53.82777777777778], [-0.80685, 44.38198, 53.82777777777778], [-0.80671, 44.38179, 53.82777777777778], [-0.80667, 44.38152, 53.82777777777778], [-0.80672, 44.38135, 53.82777777777778], [-0.80692, 44.38118, 53.82777777777778], [-0.80713, 44.38111, 53.58333333333334], [-0.80743, 44.38108, 53.58333333333334], [-0.80767, 44.38112, 53.1], [-0.80791, 44.38126, 53.1], [-0.8079, 44.38134, 53.1], [-0.80797, 44.38133, 53.1], [-0.80802, 44.38142, 53.82777777777778], [-0.80806, 44.3817, 53.82777777777778], [-0.808, 44.38187, 53.82777777777778], [-0.80784, 44.38201, 53.82777777777778], [-0.80738, 44.38214, 53.82777777777778], [-0.80709, 44.38211, 53.82777777777778]]]}}, {"type": "Feature", "properties": {"id_obligation": "402950000R0392", "priorite": "forte"}, "geometry": {"type": "Polygon", "coordinates": [[[-0.81043, 44.37497, -366.01], [-0.81035, 44.37514, -366.01], [-0.8102, 44.37527, -366.01], [-0.80998, 44.37535, -366.01], [-0.8096, 44.37538, -366.01], [-0.80936, 44.37534, 56.7], [-0.80911, 44.37521, 56.7], [-0.809, 44.37505, 56.7], [-0.80898, 44.37478, 56.700000000000024], [-0.80912, 44.3745, -366.01], [-0.80931, 44.37432, -366.01], [-0.80954, 44.37424, -366.01], [-0.80992, 44.37423, -366.01], [-0.81018, 44.37433, -1000.0], [-0.81036, 44.37453, -1000.0], [-0.81025, 44.37454, -1000.0], [-0.81028, 44.37465, -1000.0], [-0.81039, 44.37464, -1000.0], [-0.81043, 44.37497, -366.01]]]}}, {"type": "Feature", "properties": {"id_obligation": "402950000R0410", "priorite": "forte"}, "geometry": {"type": "Polygon", "coordinates": [[[-0.82755, 44.38478, 54.7], [-0.82755, 44.38488, 54.7], [-0.8274, 44.38495, 54.96999999999999], [-0.82737, 44.38492, 56.2], [-0.82723, 44.38491, 56.2], [-0.82723, 44.38497, 56.2], [-0.82734, 44.38497, 56.2], [-0.82722, 44.38499, 55.0875], [-0.82685, 44.38496, 55.3], [-0.82689, 44.38484, 55.3], [-0.82679, 44.38484, 55.3], [-0.82678, 44.38493, 55.3], [-0.82665, 44.38488, 55.3], [-0.82648, 44.38475, 55.3], [-0.82639, 44.38454, 55.09620588235295], [-0.82642, 44.38436, 55.09620588235295], [-0.82655, 44.38419, 55.09620588235295], [-0.82678, 44.38405, 55.09620588235295], [-0.82701, 44.384, 55.09620588235295], [-0.82725, 44.38402, 55.09620588235295], [-0.82752, 44.38412, 55.09620588235295], [-0.82769, 44.38425, 55.09620588235295], [-0.82778, 44.38441, 53.79999999999999], [-0.82777, 44.38459, 53.79999999999999], [-0.82766, 44.38478, 54.7], [-0.82755, 44.38478, 54.7]]]}}, {"type": "Feature", "properties": {"id_obligation": "402950000R0414", "priorite": "moyenne"}, "geometry": {"type": "Polygon", "coordinates": [[[-0.80526, 44.37491, 55.8], [-0.80531, 44.37474, -27.745163690476218], [-0.80546, 44.37459, -27.745163690476218], [-0.80568, 44.3745, 55.3], [-0.80594, 44.37447, 55.3], [-0.80618, 44.37449, 54.68888888888889], [-0.80644, 44.37463, 54.7], [-0.80621, 44.3747, 54.7], [-0.80628, 44.37476, 54.7], [-0.80646, 44.3747, 54.7], [-0.80645, 44.37463, 54.7], [-0.80655, 44.37476, 54.68888888888889], [-0.8066, 44.37511, 53.4], [-0.80642, 44.37508, 53.4], [-0.80637, 44.37513, 53.4], [-0.80657, 44.37518, 53.4], [-0.80643, 44.37533, 53.4], [-0.80623, 44.37543, 53.4], [-0.80591, 44.37547, 54.74285714285715], [-0.80567, 44.37543, 54.74285714285715], [-0.80543, 44.3753, 54.237500000000004], [-0.80537, 44.37513, 55.5], [-0.80529, 44.37511, 56.21666666666665], [-0.80526, 44.37491, 55.8]]]}}, {"type": "Feature", "properties": {"id_obligation": "402950000R0416", "priorite": "moyenne"}, "geometry": {"type": "MultiPolygon", "coordinates": [[[[-0.80712, 44.37502, 56.70000000000003], [-0.8071, 44.37507, 56.7], [-0.80698, 44.37505, 56.7], [-0.80694, 44.37508, 56.7], [-0.80702, 44.37518, 56.7], [-0.80693, 44.37525, 56.70000000000003], [-0.80666, 44.37536, -108.66153846153838], [-0.80625, 44.37538, -108.66153846153838], [-0.80602, 44.37532, 54.13076923076923], [-0.80587, 44.37522, 55.6], [-0.80601, 44.37517, 55.6], [-0.80596, 44.3751, 55.6], [-0.8058, 44.37515, 55.6], [-0.80568, 44.37493, 55.3], [-0.80588, 44.3749, 55.3], [-0.80585, 44.3748, 55.3], [-0.80562, 44.37484, 55.3], [-0.80559, 44.37464, 55.36999999999999], [-0.8057, 44.37444, -76.81921266968322], [-0.80598, 44.37426, -76.81921266968322], [-0.80623, 44.37419, -76.81921266968322], [-0.80654, 44.37418, -76.81921266968322], [-0.80677, 44.37424, -76.81921266968322], [-0.80695, 44.37436, -76.81921266968322], [-0.80706, 44.37452, -76.81921266968322], [-0.80712, 44.37502, 56.70000000000003]]]]}}, {"type": "Feature", "properties": {"id_obligation": "402950000R0431", "priorite": "forte"}, "geometry": {"type": "Polygon", "coordinates": [[[-0.80476, 44.37532, 54.8], [-0.805, 44.37533, 54.8], [-0.8053, 44.37544, 55.288636363636364], [-0.80548, 44.37561, 55.288636363636364], [-0.80554, 44.37581, 55.288636363636364], [-0.80549, 44.37598, 55.288636363636364], [-0.80532, 44.37617, 55.288636363636364], [-0.80511, 44.37628, 55.288636363636364], [-0.80481, 44.37635, 55.288636363636364], [-0.80456, 44.37634, 55.0], [-0.8043, 44.37624, 55.0], [-0.80415, 44.3761, 55.0], [-0.80406, 44.37587, 55.65454545454545], [-0.80409, 44.3757, 55.65454545454545], [-0.80421, 44.37555, 55.288636363636364], [-0.80448, 44.3754, 55.288636363636364], [-0.80476, 44.37532, 54.8]]]}}, {"type": "Feature", "properties": {"id_obligation": "402950000R0474", "priorite": "moyenne"}, "geometry": {"type": "Polygon", "coordinates": [[[-0.80338, 44.37654, 58.0], [-0.80334, 44.37642, 58.0], [-0.80325, 44.37645, 58.0], [-0.80338, 44.37619, 56.36666666666667], [-0.80357, 44.37607, 56.8], [-0.80394, 44.37599, 57.08181818181817], [-0.80418, 44.37601, 55.4090909090909], [-0.80443, 44.37614, 55.4090909090909], [-0.80456, 44.37629, 54.6], [-0.80466, 44.37655, 54.6], [-0.80466, 44.37659, 54.6], [-0.80444, 44.37651, 54.6], [-0.80439, 44.37659, 54.6], [-0.80465, 44.37667, 54.6], [-0.8045, 44.37687, 55.35], [-0.80431, 44.37698, 55.35], [-0.80398, 44.37704, 55.6], [-0.80364, 44.37698, 53.5], [-0.80364, 44.37688, 55.5], [-0.80351, 44.37691, 55.5], [-0.80327, 44.37657, 58.0], [-0.80338, 44.37654, 58.0]]]}}, {"type": "Feature", "properties": {"id_obligation": "402950000R0486", "priorite": "moyenne"}, "geometry": {"type": "Polygon", "coordinates": [[[-0.80795, 44.37511, 54.649999999999984], [-0.80791, 44.37532, -208.82025862068966], [-0.80778, 44.37547, -208.82025862068966], [-0.80752, 44.37559, -208.82025862068966], [-0.80724, 44.37563, -208.82025862068966], [-0.80678, 44.3756, -208.82025862068966], [-0.80651, 44.37547, -208.82025862068966], [-0.80637, 44.37532, -208.82025862068966], [-0.80631, 44.37509, 53.399999999999984], [-0.80635, 44.37494, -1000.0], [-0.8065, 44.37492, -1000.0], [-0.80649, 44.37485, -1000.0], [-0.80639, 44.37487, -1000.0], [-0.80642, 44.37484, -1000.0], [-0.80675, 44.37463, -1000.0], [-0.80705, 44.37459, -208.82025862068966], [-0.80745, 44.37463, -208.82025862068966], [-0.80766, 44.37472, -208.82025862068966], [-0.80787, 44.3749, -208.82025862068966], [-0.80795, 44.37511, 54.649999999999984]]]}}, {"type": "Feature", "properties": {"id_obligation": "402950000R0487", "priorite": "moyenne"}, "geometry": {"type": "Polygon", "coordinates": [[[-0.8083, 44.37484, 55.70474137931035], [-0.80837, 44.375, 56.9], [-0.80837, 44.37521, 56.9], [-0.80823, 44.37541, 55.70474137931035], [-0.80799, 44.37554, 55.70474137931035], [-0.80767, 44.37558, 54.6], [-0.80737, 44.37556, 54.6], [-0.80716, 44.37548, 55.70474137931035], [-0.80682, 44.37507, 56.66896551724141], [-0.80681, 44.37484, 55.70474137931035], [-0.80694, 44.37465, 55.70474137931035], [-0.80718, 44.37452, 55.70474137931035], [-0.80753, 44.37447, 55.70474137931035], [-0.80783, 44.37453, 55.70474137931035], [-0.8083, 44.37484, 55.70474137931035]]]}}, {"type": "Feature", "properties": {"id_obligation": "402950000R0490", "priorite": "forte"}, "geometry": {"type": "Polygon", "coordinates": [[[-0.80968, 44.37538, 56.14469286977413], [-0.80941, 44.3755, 56.14469286977413], [-0.80912, 44.37552, 56.14469286977413], [-0.80893, 44.37549, 56.14469286977413], [-0.80862, 44.37555, 56.14469286977413], [-0.80834, 44.37553, 56.14469286977413], [-0.80812, 44.37557, 56.14469286977413], [-0.80769, 44.37557, 54.6], [-0.8074, 44.3755, 54.6], [-0.80723, 44.37537, 54.6], [-0.80715, 44.37525, 56.011627906976756], [-0.80712, 44.37514, 56.7], [-0.80728, 44.37519, 56.4], [-0.80732, 44.37512, 56.7], [-0.80727, 44.37512, 56.7], [-0.80726, 44.37506, 56.7], [-0.80713, 44.3751, 56.7], [-0.80712, 44.375, 56.011627906976756], [-0.80722, 44.37479, 56.14469286977413], [-0.80751, 44.37463, 56.14469286977413], [-0.80785, 44.37455, 56.14469286977413], [-0.80822, 44.37452, 56.14469286977413], [-0.80856, 44.37439, 56.14469286977413], [-0.80917, 44.37436, 56.800000000000004], [-0.80951, 44.37447, 56.800000000000004], [-0.80976, 44.37467, 56.8], [-0.80969, 44.37468, 56.8], [-0.8097, 44.37472, 56.8], [-0.80982, 44.37472, 56.800000000000004], [-0.80992, 44.37494, 56.62647058823533], [-0.80987, 44.37517, 56.62647058823533], [-0.80968, 44.37538, 56.14469286977413]]]}}, {"type": "Feature", "properties": {"id_obligation": "402950000R0494", "priorite": "forte"}, "geometry": {"type": "Polygon", "coordinates": [[[-0.80531, 44.37714, 55.0], [-0.8052, 44.37734, 53.4], [-0.80498, 44.37749, 53.4], [-0.80466, 44.37758, 53.25882352941175], [-0.80441, 44.37756, 53.25882352941175], [-0.80406, 44.37743, 54.33629451780712], [-0.8039, 44.37729, 54.33629451780712], [-0.80378, 44.37706, 55.17142857142858], [-0.80388, 44.37677, 55.6], [-0.80418, 44.37658, 55.6], [-0.80444, 44.37651, 54.6], [-0.80439, 44.37659, 54.6], [-0.80464, 44.37668, 54.6], [-0.80469, 44.3766, 54.6], [-0.80446, 44.37651, 54.6], [-0.80471, 44.37652, 54.6], [-0.80495, 44.37659, 54.33629451780712], [-0.80513, 44.37672, 54.33629451780712], [-0.80526, 44.37692, 55.0], [-0.80531, 44.37714, 55.0]]]}}, {"type": "Feature", "properties": {"id_obligation": "402950000R0497", "priorite": "moyenne"}, "geometry": {"type": "Polygon", "coordinates": [[[-0.80493, 44.375, -1000.0], [-0.80507, 44.37499, -1000.0], [-0.80504, 44.37489, -1000.0], [-0.80485, 44.37492, -1000.0], [-0.80486, 44.37498, -1000.0], [-0.8047, 44.3749, -1000.0], [-0.80457, 44.37475, -1000.0], [-0.80448, 44.37449, 56.41111111111112], [-0.80452, 44.37432, -225.75623931623932], [-0.80466, 44.37417, -225.75623931623932], [-0.80486, 44.37408, -225.75623931623932], [-0.80518, 44.37402, -225.75623931623932], [-0.80548, 44.37408, -225.75623931623932], [-0.80567, 44.37419, -225.75623931623932], [-0.80578, 44.37434, -225.75623931623932], [-0.80585, 44.37456, -225.75623931623932], [-0.8058, 44.37474, 56.50769230769232], [-0.80574, 44.37482, 55.3], [-0.80562, 44.37484, 55.3], [-0.80563, 44.3749, 55.3], [-0.80554, 44.37495, 57.36233812235324], [-0.80552, 44.37487, 57.2], [-0.80546, 44.37487, 57.2], [-0.80544, 44.37499, 57.0], [-0.8052, 44.37503, -296.0], [-0.80493, 44.375, -1000.0]]]}}, {"type": "Feature", "properties": {"id_obligation": "402950000R0500", "priorite": "moyenne"}, "geometry": {"type": "Polygon", "coordinates": [[[-0.82645, 44.38534, 55.1462380952381], [-0.82624, 44.38518, 55.1462380952381], [-0.82615, 44.38497, 55.1462380952381], [-0.82618, 44.38472, 55.1462380952381], [-0.82629, 44.38456, 55.1462380952381], [-0.82649, 44.38444, 55.1462380952381], [-0.82673, 44.38439, 54.025], [-0.82708, 44.38441, 55.98], [-0.8273, 44.3845, 55.98], [-0.82747, 44.38467, 53.8], [-0.82749, 44.38506, 55.1462380952381], [-0.82739, 44.38522, 55.1462380952381], [-0.82721, 44.38534, 55.1462380952381], [-0.82698, 44.3854, 54.800000000000004], [-0.82669, 44.3854, 54.800000000000004], [-0.82645, 44.38534, 55.1462380952381]]]}}, {"type": "Feature", "properties": {"id_obligation": "402950000R0505", "priorite": "moyenne"}, "geometry": {"type": "Polygon", "coordinates": [[[-0.80566, 44.37517, 54.57499999999999], [-0.80561, 44.37491, 54.57499999999999], [-0.80562, 44.37487, 55.3], [-0.80564, 44.37493, 55.3], [-0.80588, 44.3749, 55.3], [-0.80585, 44.3748, 55.3], [-0.80564, 44.37483, 55.3], [-0.80575, 44.37467, 55.29999999999999], [-0.80599, 44.37455, 55.29999999999999], [-0.80627, 44.3745, -208.98333333333335], [-0.80651, 44.37453, -208.98333333333335], [-0.80704, 44.37475, -79.73898467432949], [-0.80722, 44.37492, 56.66896551724141], [-0.80726, 44.37506, 56.7], [-0.80713, 44.3751, 56.7], [-0.80698, 44.37505, 56.7], [-0.80694, 44.37508, 56.7], [-0.807, 44.37518, 56.7], [-0.80705, 44.37514, 56.7], [-0.80724, 44.3752, 56.4], [-0.80729, 44.37516, 56.7], [-0.80725, 44.37534, -79.73898467432949], [-0.80711, 44.37549, -79.73898467432949], [-0.80691, 44.37559, -79.73898467432949], [-0.80659, 44.37564, -79.73898467432949], [-0.80634, 44.37562, -79.73898467432949], [-0.80608, 44.37553, -79.73898467432949], [-0.80581, 44.37536, -79.73898467432949], [-0.80566, 44.37517, 54.57499999999999]]]}}, {"type": "Feature", "properties": {"id_obligation": "402950000R0508", "priorite": "moyenne"}, "geometry": {"type": "Polygon", "coordinates": [[[-0.82826, 44.38436, 56.00054774494073], [-0.82825, 44.38452, 56.6], [-0.82841, 44.38451, 55.9], [-0.82841, 44.38441, 55.9], [-0.82855, 44.3845, 55.76666666666667], [-0.82865, 44.38463, 54.3], [-0.82857, 44.38463, 54.3], [-0.82857, 44.38468, 54.3], [-0.82867, 44.38469, 54.3], [-0.82868, 44.38474, 55.73333333333333], [-0.82862, 44.38504, 52.4], [-0.82845, 44.3852, 52.4], [-0.82823, 44.38528, 52.4], [-0.8277, 44.38534, 55.047799145299145], [-0.82729, 44.3853, 55.047799145299145], [-0.82709, 44.3852, 55.047799145299145], [-0.82694, 44.38501, 55.13333333333335], [-0.82692, 44.38477, 55.13333333333335], [-0.82697, 44.3846, 55.81500000000001], [-0.82704, 44.38452, 54.1], [-0.82712, 44.38455, 54.1], [-0.82716, 44.38449, 53.4], [-0.8271, 44.38447, 53.4], [-0.82731, 44.38436, 55.81500000000001], [-0.82826, 44.38436, 56.00054774494073]]]}}, {"type": "Feature", "properties": {"id_obligation": "402950000R0510", "priorite": "forte"}, "geometry": {"type": "Polygon", "coordinates": [[[-0.80864, 44.38108, 52.3], [-0.8087, 44.38132, 52.3], [-0.80865, 44.38149, 53.3532738095238], [-0.80851, 44.38164, 53.3532738095238], [-0.80825, 44.38175, 53.3532738095238], [-0.80789, 44.38179, 53.3532738095238], [-0.80765, 44.38176, 54.8], [-0.80745, 44.38166, 54.8], [-0.80741, 44.38153, 54.8], [-0.80732, 44.38151, 54.8], [-0.80713, 44.38114, 53.841666666666676], [-0.80714, 44.38086, 53.3532738095238], [-0.8073, 44.38068, 53.3532738095238], [-0.80762, 44.38056, 53.3532738095238], [-0.80802, 44.38057, 53.3532738095238], [-0.80827, 44.38068, 53.3532738095238], [-0.80864, 44.38108, 52.3]]]}}, {"type": "Feature", "properties": {"id_obligation": "402950000R0511", "priorite": "forte"}, "geometry": {"type": "MultiPolygon", "coordinates": [[[[-0.80743, 44.38166, 54.8], [-0.80741, 44.38153, 54.8], [-0.80729, 44.38154, 54.8], [-0.80728, 44.38166, 54.8], [-0.80704, 44.38162, 53.13604797979798], [-0.80684, 44.3815, 53.13604797979798], [-0.80672, 44.38134, 52.0], [-0.80669, 44.38109, 52.0], [-0.80676, 44.38092, 53.13604797979798], [-0.80692, 44.38078, 53.13604797979798], [-0.80714, 44.3807, 53.13604797979798], [-0.80757, 44.38067, 53.13604797979798], [-0.80786, 44.38073, 52.53333333333333], [-0.80805, 44.38084, 52.53333333333333], [-0.80811, 44.38098, 52.3], [-0.80799, 44.38099, 53.0], [-0.80801, 44.38119, 53.0], [-0.80819, 44.38117, 52.33975659562394], [-0.80817, 44.38126, 52.53749999999997], [-0.80807, 44.38142, 53.1], [-0.80783, 44.38158, 53.1], [-0.80743, 44.38166, 54.8]]], [[[-0.80819, 44.38112, 52.3], [-0.80813, 44.38112, 52.3], [-0.80811, 44.38098, 52.3], [-0.80819, 44.38112, 52.3]]]]}}, {"type": "Feature", "properties": {"id_obligation": "402950000R0514", "priorite": "moyenne"}, "geometry": {"type": "Polygon", "coordinates": [[[-0.80658, 44.38094, 53.51874999999999], [-0.80677, 44.38077, 53.51874999999999], [-0.80698, 44.3807, 53.51874999999999], [-0.80729, 44.38068, 53.51874999999999], [-0.80752, 44.38074, 53.51874999999999], [-0.8077, 44.38085, 53.51874999999999], [-0.80781, 44.381, 52.4], [-0.80774, 44.381, 52.4], [-0.80775, 44.38111, 52.4], [-0.80781, 44.38111, 52.4], [-0.80783, 44.38105, 52.4], [-0.80784, 44.38123, 52.40624999999999], [-0.80777, 44.38139, 53.51874999999999], [-0.80761, 44.38153, 53.51874999999999], [-0.80742, 44.3816, 54.8], [-0.80741, 44.38153, 54.8], [-0.80729, 44.38154, 54.8], [-0.80731, 44.38162, 54.8], [-0.80709, 44.38163, 54.8], [-0.80686, 44.38158, 53.51874999999999], [-0.80667, 44.38147, 53.51874999999999], [-0.80655, 44.38132, 53.51874999999999], [-0.80651, 44.3811, 53.51874999999999], [-0.80658, 44.38094, 53.51874999999999]]]}}, {"type": "Feature", "properties": {"id_obligation": "402950000R0517", "priorite": "forte"}, "geometry": {"type": "Polygon", "coordinates": [[[-0.8088, 44.3813, 53.05324675324675], [-0.80862, 44.38152, 53.05324675324675], [-0.80844, 44.38163, 53.05324675324675], [-0.80804, 44.38171, 53.1], [-0.8078, 44.38171, 53.05324675324675], [-0.80752, 44.38162, 53.05324675324675], [-0.80737, 44.38148, 53.05324675324675], [-0.80728, 44.38122, 53.314285714285724], [-0.80739, 44.38086, 53.05324675324675], [-0.8075, 44.38071, 53.05324675324675], [-0.80768, 44.3806, 53.05324675324675], [-0.80803, 44.38053, 53.05324675324675], [-0.80834, 44.38056, 53.05324675324675], [-0.80859, 44.38069, 53.05324675324675], [-0.80877, 44.38095, 53.05324675324675], [-0.8088, 44.3813, 53.05324675324675]]]}}, {"type": "Feature", "properties": {"id_obligation": "402950000R0518", "priorite": "moyenne"}, "geometry": {"type": "Polygon", "coordinates": [[[-0.80395, 44.37758, 53.84668995721628], [-0.80389, 44.37736, 53.84668995721628], [-0.804, 44.37711, 54.528571428571446], [-0.80416, 44.37695, 55.6], [-0.80441, 44.37686, 53.900000000000006], [-0.80466, 44.37685, 53.900000000000006], [-0.80506, 44.37696, 53.84668995721628], [-0.80525, 44.37707, 53.84668995721628], [-0.80543, 44.37732, 53.8], [-0.80548, 44.37749, 53.8], [-0.80543, 44.37766, 53.63636363636363], [-0.80526, 44.37783, 53.8], [-0.80523, 44.37777, 53.8], [-0.80506, 44.3778, 53.8], [-0.8051, 44.37788, 53.8], [-0.80523, 44.37785, 53.8], [-0.80493, 44.37796, 53.988888888888866], [-0.80469, 44.37798, 53.988888888888866], [-0.80439, 44.3779, 53.84668995721628], [-0.80395, 44.37758, 53.84668995721628]]]}}, {"type": "Feature", "properties": {"id_obligation": "402950000R0521", "priorite": "faible"}, "geometry": {"type": "Polygon", "coordinates": [[[-0.80299, 44.37355, 55.1], [-0.80323, 44.37368, 55.1], [-0.80333, 44.37381, 55.1], [-0.80322, 44.37383, 55.1], [-0.80325, 44.37391, 55.1], [-0.80337, 44.37389, 55.1], [-0.80339, 44.37411, -472.45], [-0.80326, 44.37432, -1000.0], [-0.80307, 44.37443, -1000.0], [-0.80262, 44.37454, -170.44183673469388], [-0.80238, 44.37454, 55.3], [-0.80222, 44.37442, 55.3], [-0.8023, 44.37452, 55.3], [-0.80214, 44.37446, 55.3], [-0.80197, 44.37434, 55.3], [-0.80184, 44.37408, 56.15714285714285], [-0.80184, 44.3739, 56.15714285714285], [-0.80194, 44.37375, 55.8], [-0.8021, 44.37362, 55.8], [-0.80241, 44.37353, -170.44183673469388], [-0.80299, 44.37355, 55.1]]]}}, {"type": "Feature", "properties": {"id_obligation": "402950000R0525", "priorite": "forte"}, "geometry": {"type": "Polygon", "coordinates": [[[-0.80585, 44.37786, 53.90730769230769], [-0.80592, 44.37808, 53.90730769230769], [-0.80584, 44.37832, 53.90730769230769], [-0.8056, 44.37852, 53.90730769230769], [-0.80531, 44.37858, 53.90730769230769], [-0.805, 44.37856, 53.90730769230769], [-0.80477, 44.37848, 53.90730769230769], [-0.80448, 44.37827, 53.90730769230769], [-0.80435, 44.37805, 53.90730769230769], [-0.80434, 44.37788, 53.90730769230769], [-0.80443, 44.37772, 54.800000000000004], [-0.80459, 44.37759, 54.800000000000004], [-0.80487, 44.3775, 53.44500000000001], [-0.80512, 44.37749, 53.44500000000001], [-0.80566, 44.3777, 53.90730769230769], [-0.80585, 44.37786, 53.90730769230769]]]}}, {"type": "Feature", "properties": {"id_obligation": "402950000R0526", "priorite": "forte"}, "geometry": {"type": "Polygon", "coordinates": [[[-0.80585, 44.37801, 53.657936507936505], [-0.80566, 44.37819, 53.657936507936505], [-0.80527, 44.37831, 53.41666666666666], [-0.80496, 44.37832, 53.41666666666666], [-0.80473, 44.37824, 53.657936507936505], [-0.80434, 44.37797, 53.657936507936505], [-0.80426, 44.3778, 54.800000000000004], [-0.80428, 44.3775, 53.161111111111104], [-0.80438, 44.37734, 53.161111111111104], [-0.80461, 44.37719, 53.161111111111104], [-0.80503, 44.37713, 53.45], [-0.80539, 44.37715, 53.657936507936505], [-0.80561, 44.37722, 53.657936507936505], [-0.80578, 44.37736, 53.657936507936505], [-0.80588, 44.37775, 53.657936507936505], [-0.80585, 44.37801, 53.657936507936505]]]}}, {"type": "Feature", "properties": {"id_obligation": "402950000R0529", "priorite": "forte"}, "geometry": {"type": "Polygon", "coordinates": [[[-0.83236, 44.38518, 55.010606060606065], [-0.83212, 44.38532, 55.010606060606065], [-0.83189, 44.38536, 55.10909090909092], [-0.83153, 44.38534, 55.2], [-0.83132, 44.38525, 55.2], [-0.83115, 44.38507, 55.2], [-0.83111, 44.38489, 55.4], [-0.83124, 44.38489, 55.4], [-0.83125, 44.38481, 55.4], [-0.83111, 44.3848, 55.4], [-0.83114, 44.38467, 55.010606060606065], [-0.83127, 44.38452, 55.010606060606065], [-0.83152, 44.3844, 55.010606060606065], [-0.83177, 44.38437, 55.010606060606065], [-0.83207, 44.3844, 55.010606060606065], [-0.83228, 44.38449, 55.010606060606065], [-0.83243, 44.38463, 55.010606060606065], [-0.83249, 44.3848, 55.010606060606065], [-0.83246, 44.38502, 55.010606060606065], [-0.83236, 44.38518, 55.010606060606065]]]}}, {"type": "Feature", "properties": {"id_obligation": "402950000R0530", "priorite": "moyenne"}, "geometry": {"type": "Polygon", "coordinates": [[[-0.83203, 44.3853, 55.0], [-0.83183, 44.38541, 55.0], [-0.83159, 44.38545, 55.199999999999996], [-0.83119, 44.38542, 55.08857142857142], [-0.83094, 44.38531, 55.08857142857142], [-0.83081, 44.38516, 55.08857142857142], [-0.83077, 44.38499, 55.4], [-0.8308, 44.38477, 55.4], [-0.83092, 44.38462, 55.4], [-0.83118, 44.38449, 55.4], [-0.83142, 44.38446, 55.08857142857142], [-0.83178, 44.38449, 55.08857142857142], [-0.83199, 44.38458, 55.08857142857142], [-0.83213, 44.38472, 55.08857142857142], [-0.83219, 44.38489, 54.660000000000004], [-0.83217, 44.38511, 55.0], [-0.83203, 44.3853, 55.0]]]}}, {"type": "Feature", "properties": {"id_obligation": "402950000R0531", "priorite": "forte"}, "geometry": {"type": "Polygon", "coordinates": [[[-0.83175, 44.38516, 55.199999999999996], [-0.83157, 44.38528, 55.199999999999996], [-0.83134, 44.38534, -208.73749999999998], [-0.83094, 44.38533, -208.73749999999998], [-0.83072, 44.38526, -208.73749999999998], [-0.83053, 44.38509, -208.73749999999998], [-0.83046, 44.38492, -1000.0], [-0.83048, 44.3847, -208.73749999999998], [-0.83058, 44.38454, -208.73749999999998], [-0.83082, 44.3844, -208.73749999999998], [-0.83106, 44.38435, -208.73749999999998], [-0.8314, 44.38437, -208.73749999999998], [-0.83162, 44.38445, -208.73749999999998], [-0.83178, 44.38458, -208.73749999999998], [-0.83187, 44.38474, 54.65], [-0.83187, 44.38496, 54.65], [-0.83175, 44.38516, 55.199999999999996]]]}}, {"type": "Feature", "properties": {"id_obligation": "402950000R0532", "priorite": "moyenne"}, "geometry": {"type": "Polygon", "coordinates": [[[-0.82964, 44.38518, -472.43166666666673], [-0.82949, 44.38503, -472.43166666666673], [-0.82944, 44.38485, -472.43166666666673], [-0.82949, 44.38462, -472.43166666666673], [-0.82968, 44.38444, -472.43166666666673], [-0.8299, 44.38436, -472.43166666666673], [-0.83025, 44.38435, -472.43166666666673], [-0.83049, 44.38439, -472.43166666666673], [-0.83069, 44.3845, -472.43166666666673], [-0.83082, 44.38466, -1000.0], [-0.83085, 44.38489, -1000.0], [-0.83078, 44.38506, -1000.0], [-0.83047, 44.38526, -1000.0], [-0.82992, 44.38528, -472.43166666666673], [-0.82964, 44.38518, -472.43166666666673]]]}}, {"type": "Feature", "properties": {"id_obligation": "402950000R0536", "priorite": "moyenne"}, "geometry": {"type": "Polygon", "coordinates": [[[-0.80262, 44.3737, 57.0], [-0.80274, 44.37354, -79.30256410256409], [-0.80301, 44.37341, 56.5], [-0.80305, 44.37345, 56.5], [-0.80319, 44.37339, 56.5], [-0.80326, 44.37343, 56.5], [-0.8033, 44.37341, 56.5], [-0.80326, 44.37336, 56.5], [-0.80333, 44.37335, 56.5], [-0.80357, 44.37337, -79.30256410256409], [-0.80383, 44.37348, -79.30256410256409], [-0.80396, 44.37363, -79.30256410256409], [-0.80404, 44.37384, -79.30256410256409], [-0.80399, 44.37406, 55.1], [-0.80385, 44.3742, 55.1], [-0.80364, 44.3743, 55.1], [-0.80331, 44.37436, -756.5153846153846], [-0.80307, 44.37434, -756.5153846153846], [-0.80286, 44.37426, 57.0], [-0.80266, 44.37406, 57.0], [-0.80277, 44.37404, 57.0], [-0.80275, 44.37397, 57.0], [-0.80263, 44.37399, 57.0], [-0.80262, 44.3737, 57.0]]]}}, {"type": "Feature", "properties": {"id_obligation": "402950000R0540", "priorite": "moyenne"}, "geometry": {"type": "Polygon", "coordinates": [[[-0.80379, 44.37369, 55.1], [-0.80351, 44.37384, 55.1], [-0.80341, 44.37387, 55.1], [-0.80338, 44.3738, 55.1], [-0.80322, 44.37383, 55.1], [-0.80324, 44.37388, 55.1], [-0.80288, 44.37388, 55.275000000000006], [-0.80269, 44.37395, 55.275000000000006], [-0.80237, 44.37398, 57.60999999999999], [-0.80208, 44.37391, 57.60999999999999], [-0.802, 44.37387, 55.8], [-0.80206, 44.37386, 55.8], [-0.80205, 44.37382, 55.8], [-0.80193, 44.37383, 57.60999999999999], [-0.8018, 44.37364, 57.003083508664595], [-0.80194, 44.37363, 59.6], [-0.80189, 44.37353, 59.6], [-0.80177, 44.37358, 59.16699174718482], [-0.80175, 44.37345, 56.34000000000001], [-0.80184, 44.37324, 56.34000000000001], [-0.80201, 44.37311, 56.34000000000001], [-0.80244, 44.37301, 55.6], [-0.80253, 44.37308, 55.6], [-0.80256, 44.37305, 55.6], [-0.80251, 44.37301, 55.6], [-0.80259, 44.37301, 57.3], [-0.80266, 44.37286, 57.3], [-0.80282, 44.37273, 57.3], [-0.80305, 44.37265, 57.3], [-0.80307, 44.37269, 57.3], [-0.80322, 44.37266, 57.3], [-0.80319, 44.37262, 57.3], [-0.80346, 44.37259, 56.06250000000001], [-0.8038, 44.37267, 56.06250000000001], [-0.80402, 44.37288, 56.06250000000001], [-0.80408, 44.37316, 55.844444444444456], [-0.80379, 44.37369, 55.1]]]}}, {"type": "Feature", "properties": {"id_obligation": "402950000R0541", "priorite": "faible"}, "geometry": {"type": "MultiPolygon", "coordinates": [[[[-0.80232, 44.37285, 55.6], [-0.80257, 44.37287, 55.6], [-0.80278, 44.37296, 56.81677777777777], [-0.80293, 44.3731, 56.81677777777777], [-0.80302, 44.37332, 56.5], [-0.80302, 44.37349, 56.5], [-0.80288, 44.37369, 56.81677777777777], [-0.80269, 44.3738, 56.81677777777777], [-0.80236, 44.37387, 56.81677777777777], [-0.80206, 44.37385, 55.8], [-0.80174, 44.37369, 57.2], [-0.80194, 44.37363, 59.6], [-0.80189, 44.37353, 59.6], [-0.80167, 44.37359, 57.40177925668142], [-0.80171, 44.37354, 58.3], [-0.80167, 44.37349, 58.3], [-0.80163, 44.3735, 58.3], [-0.80159, 44.37337, 58.81999999999999], [-0.80164, 44.37315, 56.81677777777777], [-0.80183, 44.37298, 56.81677777777777], [-0.80232, 44.37285, 55.6]]], [[[-0.80168, 44.37361, 58.3], [-0.80174, 44.3736, 58.3], [-0.8017, 44.37362, 57.8], [-0.80172, 44.37367, 56.92222222222221], [-0.80168, 44.37361, 58.3]]]]}}, {"type": "Feature", "properties": {"id_obligation": "402950000R0544", "priorite": "forte"}, "geometry": {"type": "Polygon", "coordinates": [[[-0.80396, 44.37763, 53.62805555555555], [-0.80409, 44.37743, 53.62805555555555], [-0.80428, 44.37732, 53.62805555555555], [-0.80463, 44.37723, 53.18999999999998], [-0.80487, 44.37725, 53.18999999999998], [-0.80512, 44.37736, 53.62805555555555], [-0.80526, 44.3775, 53.62805555555555], [-0.80539, 44.37775, 53.50555555555555], [-0.80537, 44.37793, 53.41666666666666], [-0.80528, 44.37806, 53.9], [-0.80517, 44.378, 53.9], [-0.80508, 44.37804, 53.9], [-0.8052, 44.37812, 53.9], [-0.80471, 44.37828, 53.62805555555555], [-0.80447, 44.37827, 53.62805555555555], [-0.80426, 44.37819, 53.62805555555555], [-0.80398, 44.37786, 53.62805555555555], [-0.80396, 44.37763, 53.62805555555555]]]}}, {"type": "Feature", "properties": {"id_obligation": "402950000R0547", "priorite": "moyenne"}, "geometry": {"type": "Polygon", "coordinates": [[[-0.80547, 44.37545, 55.5], [-0.80513, 44.37537, 55.5], [-0.8049, 44.37517, 55.5], [-0.80483, 44.3749, -424.0], [-0.80491, 44.37469, 54.3], [-0.80506, 44.37456, 54.3], [-0.80512, 44.37452, 54.3], [-0.80514, 44.37458, 54.3], [-0.80522, 44.37456, 54.3], [-0.80519, 44.3745, 54.3], [-0.80542, 44.37441, -82.76640406162466], [-0.80584, 44.37435, -82.76640406162466], [-0.80608, 44.37438, 54.7], [-0.80633, 44.37451, 54.7], [-0.80643, 44.37463, 54.7], [-0.80621, 44.3747, 54.7], [-0.80628, 44.37476, 54.7], [-0.80646, 44.3747, 54.7], [-0.80651, 44.37489, -565.9764705882353], [-0.80646, 44.37507, 53.20714285714285], [-0.80632, 44.37522, 53.20714285714285], [-0.80584, 44.3754, 54.2], [-0.80547, 44.37545, 55.5]]]}}, {"type": "Feature", "properties": {"id_obligation": "402950000R0549", "priorite": "faible"}, "geometry": {"type": "Polygon", "coordinates": [[[-0.8029, 44.37462, 56.2], [-0.80302, 44.37458, 56.2], [-0.80299, 44.37452, 56.2], [-0.80285, 44.37457, 56.2], [-0.80288, 44.37462, 56.2], [-0.8026, 44.37444, 56.2], [-0.80251, 44.37428, 57.0], [-0.80249, 44.37408, 57.0], [-0.80277, 44.37404, 57.0], [-0.80275, 44.37397, 57.0], [-0.80256, 44.37401, 57.0], [-0.80252, 44.37398, 57.0], [-0.80264, 44.37382, 57.0], [-0.80283, 44.37371, 57.0], [-0.80307, 44.37367, 55.1], [-0.80342, 44.37367, -60.2021978021978], [-0.8037, 44.37377, -60.2021978021978], [-0.80385, 44.37391, -60.2021978021978], [-0.80391, 44.37408, 55.1], [-0.8039, 44.3743, -60.2021978021978], [-0.8038, 44.37446, -60.2021978021978], [-0.80362, 44.37458, -60.2021978021978], [-0.80339, 44.37464, 54.699999999999996], [-0.8029, 44.37462, 56.2]]]}}, {"type": "Feature", "properties": {"id_obligation": "402950000R0550", "priorite": "moyenne"}, "geometry": {"type": "Polygon", "coordinates": [[[-0.80403, 44.37446, -61.43703703703702], [-0.80367, 44.37468, 54.5111111111111], [-0.80344, 44.37474, 54.5111111111111], [-0.80314, 44.37473, 54.5111111111111], [-0.80292, 44.37466, 56.06666666666666], [-0.80276, 44.37453, 56.06666666666666], [-0.80267, 44.37437, 57.0], [-0.80268, 44.37415, 57.0], [-0.80288, 44.37382, 57.0], [-0.80304, 44.37369, 55.1], [-0.80332, 44.37361, 55.1], [-0.80375, 44.3736, -61.43703703703702], [-0.80402, 44.37371, -61.43703703703702], [-0.80419, 44.37389, -61.43703703703702], [-0.80423, 44.37419, -61.43703703703702], [-0.80403, 44.37446, -61.43703703703702]]]}}, {"type": "Feature", "properties": {"id_obligation": "402950000R0551", "priorite": "moyenne"}, "geometry": {"type": "Polygon", "coordinates": [[[-0.82796, 44.38476, 56.100000000000016], [-0.8279, 44.38478, 57.1], [-0.8279, 44.38486, 57.1], [-0.828, 44.38486, 57.1], [-0.828, 44.38503, 53.2], [-0.82789, 44.38523, 53.2], [-0.82761, 44.38539, 53.2], [-0.82734, 44.38542, 55.5], [-0.82738, 44.38534, 55.6], [-0.82724, 44.38533, 55.5], [-0.82724, 44.38542, 55.6], [-0.82693, 44.38537, 54.800000000000004], [-0.82679, 44.38529, 54.8], [-0.82683, 44.38523, 54.8], [-0.82673, 44.38524, 54.8], [-0.82644, 44.38495, 55.3], [-0.82639, 44.3847, 55.3], [-0.82644, 44.38452, 55.1276412184307], [-0.82658, 44.38437, 55.1276412184307], [-0.82679, 44.38427, 55.1276412184307], [-0.82704, 44.38424, 55.92105263157896], [-0.82735, 44.38428, 55.92105263157896], [-0.82796, 44.38476, 56.100000000000016]]]}}, {"type": "Feature", "properties": {"id_obligation": "402950000R0552", "priorite": "forte"}, "geometry": {"type": "Polygon", "coordinates": [[[-0.82806, 44.38478, 57.1], [-0.8279, 44.38478, 57.1], [-0.8279, 44.38486, 57.1], [-0.82804, 44.38487, 54.7], [-0.82783, 44.38504, 55.660000000000004], [-0.8276, 44.38511, 55.771428571428565], [-0.8273, 44.38511, 55.771428571428565], [-0.82707, 44.38504, 55.3], [-0.8269, 44.38491, 55.3], [-0.82681, 44.38475, 55.15], [-0.82682, 44.38453, 55.15], [-0.82691, 44.38437, 53.4], [-0.82709, 44.38425, 53.4], [-0.82731, 44.38418, 55.490753532182104], [-0.8276, 44.38418, 55.490753532182104], [-0.82782, 44.38425, 55.490753532182104], [-0.828, 44.38437, 55.490753532182104], [-0.82809, 44.38453, 57.1], [-0.82806, 44.38478, 57.1]]]}}, {"type": "Feature", "properties": {"id_obligation": "402950000R0554", "priorite": "moyenne"}, "geometry": {"type": "Polygon", "coordinates": [[[-0.80471, 44.37544, 55.9], [-0.80468, 44.37535, 55.9], [-0.80459, 44.37536, 55.9], [-0.80461, 44.37542, 55.9], [-0.80438, 44.37529, 55.9], [-0.80427, 44.37514, -32.68873626373627], [-0.80422, 44.37488, -32.68873626373627], [-0.80433, 44.37467, -32.68873626373627], [-0.8045, 44.37454, -32.68873626373627], [-0.80481, 44.37447, 56.360550639567556], [-0.80479, 44.37459, 56.5], [-0.80492, 44.37457, 56.5], [-0.8049, 44.37446, 56.3], [-0.80511, 44.37445, 55.69999999999999], [-0.80534, 44.3745, -32.68873626373627], [-0.80557, 44.37465, -32.68873626373627], [-0.80566, 44.37481, 56.52142857142858], [-0.80562, 44.37484, 55.3], [-0.80569, 44.37503, 56.52142857142858], [-0.80562, 44.3752, 54.0], [-0.80546, 44.37534, 54.0], [-0.80524, 44.37542, 53.846153846153854], [-0.80471, 44.37544, 55.9]]]}}, {"type": "Feature", "properties": {"id_obligation": "402950000R0555", "priorite": "moyenne"}, "geometry": {"type": "Polygon", "coordinates": [[[-0.80451, 44.37473, 56.43333333333334], [-0.80465, 44.37458, 56.43333333333334], [-0.80478, 44.37451, 56.64891495951582], [-0.80479, 44.37459, 56.5], [-0.80492, 44.37457, 56.5], [-0.8049, 44.37447, 56.3], [-0.80527, 44.37442, 54.3], [-0.80551, 44.37446, -105.11190476190475], [-0.80571, 44.37455, -105.11190476190475], [-0.80585, 44.37469, -105.11190476190475], [-0.80591, 44.3749, 55.54999999999999], [-0.80584, 44.37512, 54.20000000000002], [-0.80568, 44.37526, 54.20000000000002], [-0.80547, 44.37534, 55.5], [-0.80511, 44.37539, 55.5], [-0.80487, 44.37535, 53.0], [-0.80467, 44.37526, 53.0], [-0.80453, 44.37511, 53.0], [-0.80447, 44.37495, -1000.0], [-0.80451, 44.37473, 56.43333333333334]]]}}, {"type": "Feature", "properties": {"id_obligation": "402950000R0559", "priorite": "moyenne"}, "geometry": {"type": "Polygon", "coordinates": [[[-0.80519, 44.37542, -39.25361394557824], [-0.80499, 44.37532, -39.25361394557824], [-0.80486, 44.37518, -39.25361394557824], [-0.80479, 44.37491, -604.075], [-0.80484, 44.37473, 54.3], [-0.80498, 44.37459, 54.3], [-0.80512, 44.37451, 54.3], [-0.80514, 44.37458, 54.3], [-0.80522, 44.37456, 54.3], [-0.80519, 44.37449, 54.3], [-0.80546, 44.37445, 54.3], [-0.8057, 44.37449, -39.25361394557824], [-0.80595, 44.37462, -39.25361394557824], [-0.80606, 44.37478, 54.318749999999994], [-0.80611, 44.37501, 54.318749999999994], [-0.80606, 44.37518, 55.6], [-0.80592, 44.37533, 55.6], [-0.80571, 44.37543, 55.6], [-0.80548, 44.37546, 54.16666666666667], [-0.80519, 44.37542, -39.25361394557824]]]}}, {"type": "Feature", "properties": {"id_obligation": "402950000R0560", "priorite": "forte"}, "geometry": {"type": "Polygon", "coordinates": [[[-0.81175, 44.37463, -834.78125], [-0.8118, 44.3749, -834.78125], [-0.81175, 44.37507, -834.78125], [-0.8116, 44.37521, -834.78125], [-0.81134, 44.37531, -834.78125], [-0.81095, 44.37535, -834.78125], [-0.81072, 44.37531, -834.78125], [-0.81052, 44.37521, -834.78125], [-0.81039, 44.37506, -834.78125], [-0.81024, 44.37466, -339.12499999999994], [-0.81026, 44.37448, -1000.0], [-0.81043, 44.3743, -1000.0], [-0.81069, 44.37419, -1000.0], [-0.81113, 44.37417, -1000.0], [-0.8114, 44.37427, -834.78125], [-0.81175, 44.37463, -834.78125]]]}}, {"type": "Feature", "properties": {"id_obligation": "402950000R0561", "priorite": "forte"}, "geometry": {"type": "Polygon", "coordinates": [[[-0.81162, 44.37439, -692.1791111111111], [-0.81167, 44.37461, -692.1791111111111], [-0.81159, 44.37482, -1000.0], [-0.81138, 44.37498, -1000.0], [-0.81101, 44.37506, -647.5333333333333], [-0.81059, 44.37502, 57.4], [-0.81036, 44.37495, 57.4], [-0.81019, 44.37483, 57.4], [-0.81009, 44.37466, -941.2555555555555], [-0.8101, 44.3744, -692.1791111111111], [-0.81019, 44.37424, -692.1791111111111], [-0.81037, 44.37411, -692.1791111111111], [-0.81059, 44.37405, -692.1791111111111], [-0.81098, 44.37404, -692.1791111111111], [-0.81122, 44.37409, -692.1791111111111], [-0.81145, 44.37421, -692.1791111111111], [-0.81162, 44.37439, -692.1791111111111]]]}}, {"type": "Feature", "properties": {"id_obligation": "402950000R0562", "priorite": "forte"}, "geometry": {"type": "Polygon", "coordinates": [[[-0.81003, 44.37507, 56.2], [-0.80978, 44.37493, 56.2], [-0.8098, 44.37483, 56.2], [-0.8097, 44.37483, 56.2], [-0.80966, 44.37473, 56.800000000000004], [-0.80964, 44.37447, 56.800000000000004], [-0.80978, 44.37428, -415.79277777777787], [-0.80997, 44.37417, -415.79277777777787], [-0.81046, 44.37408, -415.79277777777787], [-0.8107, 44.37409, -415.79277777777787], [-0.81092, 44.37416, -415.79277777777787], [-0.81108, 44.37429, -415.79277777777787], [-0.8112, 44.37453, -1000.0], [-0.81119, 44.37471, -1000.0], [-0.81116, 44.37479, -1000.0], [-0.81095, 44.37481, -1000.0], [-0.81097, 44.3749, -1000.0], [-0.81107, 44.37489, -1000.0], [-0.81092, 44.37499, -823.7666666666668], [-0.81033, 44.3751, 57.4], [-0.81003, 44.37507, 56.2]]]}}, {"type": "Feature", "properties": {"id_obligation": "402950000R0564", "priorite": "moyenne"}, "geometry": {"type": "Polygon", "coordinates": [[[-0.81099, 44.37432, -1000.0], [-0.8112, 44.37447, -1000.0], [-0.81129, 44.37464, -1000.0], [-0.81129, 44.37489, -1000.0], [-0.81119, 44.37505, -853.1388888888888], [-0.81097, 44.37519, -853.1388888888888], [-0.81044, 44.37524, -853.1388888888888], [-0.81017, 44.37515, -853.1388888888888], [-0.81001, 44.37502, -853.1388888888888], [-0.80993, 44.37464, -1000.0], [-0.81001, 44.37448, -1000.0], [-0.81017, 44.37436, -1000.0], [-0.81039, 44.37428, -1000.0], [-0.8107, 44.37426, -1000.0], [-0.81099, 44.37432, -1000.0]]]}}, {"type": "Feature", "properties": {"id_obligation": "402950000R0567", "priorite": "forte"}, "geometry": {"type": "Polygon", "coordinates": [[[-0.81075, 44.37411, -427.5416666666667], [-0.81098, 44.37424, -427.5416666666667], [-0.81112, 44.3745, -1000.0], [-0.81107, 44.37472, -735.65], [-0.81088, 44.37489, -735.65], [-0.81067, 44.37497, -735.65], [-0.81018, 44.37503, 57.4], [-0.80987, 44.37499, 56.2], [-0.80973, 44.37492, 56.2], [-0.80981, 44.37492, 56.2], [-0.8098, 44.37483, 56.2], [-0.80963, 44.37484, 56.2], [-0.80955, 44.37473, 56.2], [-0.8095, 44.3745, 56.800000000000004], [-0.80956, 44.37433, -427.5416666666667], [-0.8097, 44.37419, -427.5416666666667], [-0.80991, 44.3741, -427.5416666666667], [-0.81044, 44.37407, -427.5416666666667], [-0.81075, 44.37411, -427.5416666666667]]]}}, {"type": "Feature", "properties": {"id_obligation": "402950000R0572", "priorite": "très forte"}, "geometry": {"type": "Polygon", "coordinates": [[[-0.83594, 44.38496, 55.5], [-0.83565, 44.38503, 55.5], [-0.8354, 44.38501, 55.5], [-0.83511, 44.38491, 55.5], [-0.83493, 44.38473, 55.5], [-0.83489, 44.38456, 55.5], [-0.83493, 44.38439, 55.5], [-0.83507, 44.3842, 55.5], [-0.83526, 44.38409, 55.5], [-0.8355, 44.38404, 55.5], [-0.83575, 44.38406, 55.5], [-0.83604, 44.38417, 55.5], [-0.83619, 44.3843, 55.5], [-0.83626, 44.38447, 55.5], [-0.83624, 44.38464, 55.5], [-0.83611, 44.38484, 55.5], [-0.83594, 44.38496, 55.5]]]}}, {"type": "Feature", "properties": {"id_obligation": "402950000R0574", "priorite": "forte"}, "geometry": {"type": "Polygon", "coordinates": [[[-0.81064, 44.37613, -1000.0], [-0.8104, 44.376, -1000.0], [-0.81028, 44.37585, -1000.0], [-0.81022, 44.37558, -1000.0], [-0.81029, 44.37541, -1000.0], [-0.8105, 44.37525, -1000.0], [-0.81072, 44.37518, -1000.0], [-0.8111, 44.37514, -1000.0], [-0.81133, 44.37519, -1000.0], [-0.81156, 44.37534, -1000.0], [-0.81166, 44.3755, -1000.0], [-0.81169, 44.37573, -1000.0], [-0.81162, 44.3759, -1000.0], [-0.81147, 44.37604, -1000.0], [-0.81125, 44.37612, -1000.0], [-0.81094, 44.37616, -1000.0], [-0.81064, 44.37613, -1000.0]]]}}, {"type": "Feature", "properties": {"id_obligation": "402950000R0575", "priorite": "forte"}, "geometry": {"type": "Polygon", "coordinates": [[[-0.81034, 44.37618, -471.25], [-0.8101, 44.37605, -471.25], [-0.80998, 44.3759, -471.25], [-0.8099, 44.37555, 56.5], [-0.80996, 44.37538, 58.5], [-0.81015, 44.37521, 58.5], [-0.81036, 44.37513, -471.25], [-0.81068, 44.3751, -471.25], [-0.81092, 44.37514, -471.25], [-0.81116, 44.37527, -471.25], [-0.81127, 44.37543, -471.25], [-0.81134, 44.37575, -1000.0], [-0.81129, 44.37592, -471.25], [-0.81115, 44.37607, -471.25], [-0.81095, 44.37616, -471.25], [-0.81064, 44.37621, -471.25], [-0.81034, 44.37618, -471.25]]]}}, {"type": "Feature", "properties": {"id_obligation": "402950000R0582", "priorite": "forte"}, "geometry": {"type": "Polygon", "coordinates": [[[-0.84087, 44.37715, 61.0090909090909], [-0.84065, 44.37737, 61.0090909090909], [-0.84044, 44.37746, 61.0090909090909], [-0.84019, 44.37748, 61.0090909090909], [-0.83987, 44.3774, 61.0090909090909], [-0.83955, 44.37722, 61.0090909090909], [-0.83942, 44.37706, 61.0090909090909], [-0.83939, 44.37688, 61.0090909090909], [-0.83945, 44.37671, 61.0090909090909], [-0.83977, 44.3763, 61.0090909090909], [-0.84002, 44.37619, 61.0090909090909], [-0.84026, 44.37616, 61.0090909090909], [-0.84071, 44.37629, 61.0090909090909], [-0.84092, 44.37645, 61.0090909090909], [-0.84101, 44.37666, 61.0090909090909], [-0.84087, 44.37715, 61.0090909090909]]]}}, {"type": "Feature", "properties": {"id_obligation": "402950000R0590", "priorite": "moyenne"}, "geometry": {"type": "Polygon", "coordinates": [[[-0.80395, 44.37258, 55.30744047619047], [-0.80425, 44.37262, 55.30744047619047], [-0.80445, 44.37272, 55.30744047619047], [-0.80464, 44.37293, 54.9], [-0.80467, 44.37315, 54.9], [-0.80459, 44.37332, 55.05714285714286], [-0.80443, 44.37345, 55.05714285714286], [-0.80413, 44.37359, 53.824999999999996], [-0.80389, 44.37361, 53.824999999999996], [-0.8036, 44.37355, 55.30744047619047], [-0.80341, 44.37343, 55.30744047619047], [-0.80326, 44.37326, 57.39999999999999], [-0.80322, 44.37311, 57.4], [-0.80324, 44.37314, 57.4], [-0.80345, 44.3731, 57.4], [-0.80343, 44.37304, 57.4], [-0.80322, 44.37308, 57.4], [-0.80328, 44.37291, 56.06250000000001], [-0.80336, 44.37282, 55.32397670031694], [-0.80334, 44.37292, 54.0], [-0.80345, 44.37291, 57.3], [-0.80343, 44.37277, 57.3], [-0.80366, 44.37264, 56.06250000000001], [-0.80395, 44.37258, 55.30744047619047]]]}}, {"type": "Feature", "properties": {"id_obligation": "402950000S0011", "priorite": "moyenne"}, "geometry": {"type": "Polygon", "coordinates": [[[-0.82323, 44.40194, -23.002083333333356], [-0.82337, 44.40213, -23.002083333333356], [-0.82337, 44.40235, -23.002083333333356], [-0.82324, 44.40256, 51.6], [-0.82316, 44.40262, 51.6], [-0.82317, 44.4026, 51.6], [-0.82297, 44.40256, 51.6], [-0.82295, 44.40262, 51.6], [-0.82311, 44.40265, 51.6], [-0.82276, 44.40274, 49.66666666666667], [-0.82243, 44.40269, 49.66666666666667], [-0.82221, 44.40261, 50.4], [-0.82205, 44.40248, 50.4], [-0.82198, 44.40232, -387.5666666666668], [-0.82201, 44.4021, 49.5], [-0.82212, 44.40194, 49.5], [-0.8223, 44.40182, 49.5], [-0.82253, 44.40177, -23.002083333333356], [-0.82303, 44.40183, -23.002083333333356], [-0.82323, 44.40194, -23.002083333333356]]]}}, {"type": "Feature", "properties": {"id_obligation": "402950000S0012", "priorite": "moyenne"}, "geometry": {"type": "Polygon", "coordinates": [[[-0.82176, 44.40175, -329.67563492063493], [-0.82198, 44.40167, -329.67563492063493], [-0.82222, 44.40165, -329.67563492063493], [-0.82253, 44.40171, -329.67563492063493], [-0.82272, 44.40182, -329.67563492063493], [-0.82284, 44.40197, 48.48], [-0.82287, 44.40215, 48.48], [-0.82278, 44.40237, 48.739999999999995], [-0.82263, 44.40251, 48.739999999999995], [-0.82241, 44.40259, 50.142857142857146], [-0.82216, 44.40261, 50.142857142857146], [-0.82186, 44.40254, -1000.0], [-0.82167, 44.40243, -1000.0], [-0.82156, 44.40228, -1000.0], [-0.82153, 44.40211, -1000.0], [-0.82159, 44.40193, -329.67563492063493], [-0.82176, 44.40175, -329.67563492063493]]]}}, {"type": "Feature", "properties": {"id_obligation": "402950000S0051", "priorite": "moyenne"}, "geometry": {"type": "Polygon", "coordinates": [[[-0.81992, 44.39745, 52.46083333333333], [-0.81978, 44.39769, 52.46083333333333], [-0.81948, 44.39784, 52.46083333333333], [-0.81911, 44.39786, 52.46083333333333], [-0.81888, 44.39779, 52.46083333333333], [-0.81868, 44.39762, 52.46083333333333], [-0.81858, 44.39738, 55.8], [-0.81867, 44.39737, 55.8], [-0.81863, 44.39724, 55.8], [-0.81855, 44.39724, 55.23333333333334], [-0.81852, 44.39699, 52.39999999999999], [-0.81864, 44.39679, 52.39999999999999], [-0.81882, 44.39668, 52.39999999999999], [-0.8191, 44.39662, 52.0], [-0.81934, 44.39663, 52.0], [-0.81969, 44.3968, 52.46083333333333], [-0.81987, 44.39719, 52.46083333333333], [-0.81992, 44.39745, 52.46083333333333]]]}}, {"type": "Feature", "properties": {"id_obligation": "402950000S0062", "priorite": "moyenne"}, "geometry": {"type": "Polygon", "coordinates": [[[-0.81872, 44.39574, 52.6280303030303], [-0.81852, 44.39595, 52.6280303030303], [-0.8182, 44.39605, 53.55], [-0.81779, 44.39603, 52.36363636363635], [-0.81754, 44.39591, 52.36363636363635], [-0.81739, 44.39572, 52.36363636363635], [-0.81735, 44.39525, 52.2], [-0.81739, 44.39507, 52.6280303030303], [-0.81752, 44.39492, 52.6280303030303], [-0.81773, 44.39482, 52.6280303030303], [-0.81811, 44.39478, 52.6280303030303], [-0.81835, 44.39481, 51.218181818181804], [-0.8185, 44.39488, 51.0], [-0.81849, 44.39496, 51.0], [-0.81857, 44.39495, 51.0], [-0.81855, 44.39491, 51.0], [-0.81866, 44.39502, 51.218181818181804], [-0.81875, 44.39543, 51.4], [-0.81872, 44.39574, 52.6280303030303]]]}}, {"type": "Feature", "properties": {"id_obligation": "402950000S0064", "priorite": "moyenne"}, "geometry": {"type": "Polygon", "coordinates": [[[-0.81845, 44.39598, 53.973571428571425], [-0.81828, 44.39611, 53.973571428571425], [-0.81805, 44.39618, 53.973571428571425], [-0.81765, 44.39619, 53.973571428571425], [-0.81742, 44.39612, 53.973571428571425], [-0.81724, 44.39599, 53.973571428571425], [-0.81715, 44.39582, 51.46666666666667], [-0.81714, 44.39561, 51.46666666666667], [-0.81721, 44.39545, 53.973571428571425], [-0.81742, 44.39529, 53.973571428571425], [-0.81764, 44.39523, 55.449999999999996], [-0.81798, 44.39521, 55.449999999999996], [-0.81809, 44.39523, 55.8], [-0.81797, 44.39524, 55.8], [-0.818, 44.39539, 55.8], [-0.81813, 44.39538, 55.8], [-0.81811, 44.39523, 55.8], [-0.81843, 44.3954, 55.333333333333336], [-0.81853, 44.39556, 54.375], [-0.81855, 44.39576, 54.375], [-0.81845, 44.39598, 53.973571428571425]]]}}, {"type": "Feature", "properties": {"id_obligation": "402950000S0071", "priorite": "faible"}, "geometry": {"type": "Polygon", "coordinates": [[[-0.81801, 44.39425, 51.44169356833642], [-0.81797, 44.39443, 51.44169356833642], [-0.81776, 44.39476, 49.354545454545466], [-0.81758, 44.39489, 49.354545454545466], [-0.81736, 44.39496, 50.76666666666666], [-0.81699, 44.39496, 51.4], [-0.81677, 44.39489, 51.4], [-0.81659, 44.39477, 51.4], [-0.81647, 44.39453, 51.4], [-0.81649, 44.39429, 52.1], [-0.8165, 44.39433, 52.1], [-0.81659, 44.39431, 52.1], [-0.81662, 44.39426, 52.1], [-0.81659, 44.3941, 52.1], [-0.81652, 44.39411, 52.1], [-0.81651, 44.39395, 54.8], [-0.81659, 44.39378, 54.8], [-0.81675, 44.39365, 54.8], [-0.81714, 44.39351, 53.79136060738354], [-0.8171, 44.39365, 51.3], [-0.81725, 44.39365, 53.9], [-0.81725, 44.3935, 53.9], [-0.81733, 44.3935, 51.38750000000001], [-0.81751, 44.39353, 51.44169356833642], [-0.81778, 44.39369, 51.44169356833642], [-0.81797, 44.39406, 51.44169356833642], [-0.81801, 44.39425, 51.44169356833642]]]}}, {"type": "Feature", "properties": {"id_obligation": "402950000S0072", "priorite": "faible"}, "geometry": {"type": "Polygon", "coordinates": [[[-0.81802, 44.39419, 51.27699938949939], [-0.81795, 44.39439, 49.375], [-0.81765, 44.39461, 49.55749036227283], [-0.81759, 44.39456, 49.0], [-0.81745, 44.39465, 49.35769462063291], [-0.81708, 44.39463, 51.58461538461537], [-0.81687, 44.39453, 51.58461538461537], [-0.81681, 44.39441, 51.4], [-0.81675, 44.39443, 51.4], [-0.81667, 44.39432, 51.58461538461537], [-0.81664, 44.39409, 51.27699938949939], [-0.81671, 44.39384, 54.8], [-0.81682, 44.39372, 54.8], [-0.81692, 44.39373, 54.8], [-0.81691, 44.39366, 54.8], [-0.81707, 44.3936, 51.4], [-0.8171, 44.39365, 51.3], [-0.81725, 44.39365, 53.9], [-0.81725, 44.39357, 53.9], [-0.81734, 44.39357, 51.4], [-0.8177, 44.39363, 51.27699938949939], [-0.81791, 44.39379, 51.27699938949939], [-0.81802, 44.39419, 51.27699938949939]]]}}, {"type": "Feature", "properties": {"id_obligation": "402950000S0076", "priorite": "faible"}, "geometry": {"type": "Polygon", "coordinates": [[[-0.81693, 44.39469, 51.56666666666666], [-0.81661, 44.39477, 51.47272727272727], [-0.81631, 44.39476, 52.2], [-0.81609, 44.39467, 52.2], [-0.81591, 44.39449, 52.2], [-0.81583, 44.39415, 51.190000000000005], [-0.81586, 44.39398, 52.17867424242424], [-0.81597, 44.39383, 52.17867424242424], [-0.81622, 44.3937, 52.17867424242424], [-0.81653, 44.39365, 54.79999999999999], [-0.81677, 44.39367, 54.79999999999999], [-0.81682, 44.39374, 54.8], [-0.81692, 44.39372, 54.8], [-0.81698, 44.39375, 53.56666666666666], [-0.81716, 44.39392, 53.56666666666666], [-0.8172, 44.39398, 51.04792839202837], [-0.81713, 44.39401, 51.0], [-0.81717, 44.39406, 51.1], [-0.81721, 44.39404, 51.1], [-0.81724, 44.39433, 50.53333333333333], [-0.81722, 44.39438, 52.54173180773843], [-0.81722, 44.39434, 50.0], [-0.81712, 44.39433, 50.0], [-0.81714, 44.39453, 51.56666666666666], [-0.81693, 44.39469, 51.56666666666666]]]}}, {"type": "Feature", "properties": {"id_obligation": "402950000S0077", "priorite": "faible"}, "geometry": {"type": "Polygon", "coordinates": [[[-0.81686, 44.39416, 52.1], [-0.81692, 44.39435, 51.69999999999999], [-0.81688, 44.39457, 51.4], [-0.81675, 44.39472, 51.4], [-0.81649, 44.39483, 51.4], [-0.81604, 44.39488, 51.63958333333333], [-0.8158, 44.39484, 51.63958333333333], [-0.8156, 44.39474, 51.63958333333333], [-0.81546, 44.3946, 51.63958333333333], [-0.81541, 44.39436, 51.63958333333333], [-0.81546, 44.39419, 51.63958333333333], [-0.81559, 44.39404, 51.63958333333333], [-0.81588, 44.3939, 51.63958333333333], [-0.81614, 44.39386, 51.63958333333333], [-0.81639, 44.39388, 52.1], [-0.81667, 44.39399, 52.1], [-0.81686, 44.39416, 52.1]]]}}, {"type": "Feature", "properties": {"id_obligation": "402950000S0078", "priorite": "moyenne"}, "geometry": {"type": "Polygon", "coordinates": [[[-0.81497, 44.39408, 49.69999999999999], [-0.81476, 44.39395, 49.69999999999999], [-0.81464, 44.3938, 49.69999999999999], [-0.81462, 44.39363, 49.69999999999999], [-0.81467, 44.39344, 49.69999999999999], [-0.81483, 44.39328, 49.69999999999999], [-0.81509, 44.39316, 49.8], [-0.81534, 44.39315, 49.8], [-0.81557, 44.3932, 49.8], [-0.81588, 44.39339, 49.8], [-0.816, 44.39355, 49.8], [-0.81601, 44.39373, 49.8], [-0.81593, 44.3939, 49.69999999999999], [-0.81575, 44.39405, 49.69999999999999], [-0.81553, 44.39412, 49.69999999999999], [-0.81521, 44.39413, 49.69999999999999], [-0.81497, 44.39408, 49.69999999999999]]]}}, {"type": "Feature", "properties": {"id_obligation": "402950000S0079", "priorite": "moyenne"}, "geometry": {"type": "Polygon", "coordinates": [[[-0.81524, 44.3939, 49.4], [-0.81505, 44.39378, 49.4], [-0.81493, 44.39358, 49.4], [-0.81492, 44.39335, 49.4], [-0.81506, 44.39316, 49.5], [-0.81524, 44.39305, 49.5], [-0.81553, 44.39299, 49.5], [-0.81578, 44.39299, 49.5], [-0.81601, 44.39306, 49.5], [-0.81618, 44.39319, 49.5], [-0.81627, 44.39336, 49.5], [-0.81628, 44.39359, 49.5], [-0.81618, 44.39375, 49.5], [-0.816, 44.39387, 49.5], [-0.81553, 44.39396, 49.4], [-0.81524, 44.3939, 49.4]]]}}, {"type": "Feature", "properties": {"id_obligation": "402950000S0082", "priorite": "faible"}, "geometry": {"type": "Polygon", "coordinates": [[[-0.81798, 44.39376, 51.22690476190477], [-0.81789, 44.39397, 51.22690476190477], [-0.81773, 44.3941, 51.22690476190477], [-0.81738, 44.39423, 50.16462781172512], [-0.81737, 44.39402, 50.7], [-0.81728, 44.39402, 50.7], [-0.81725, 44.39426, 50.1], [-0.81697, 44.39426, 50.45238095238095], [-0.8166, 44.39416, 52.1], [-0.81659, 44.3941, 52.1], [-0.81648, 44.39412, 52.1], [-0.81632, 44.39401, 52.10000000000001], [-0.81622, 44.39385, 51.22690476190477], [-0.81618, 44.39358, 51.22690476190477], [-0.81629, 44.39338, 51.22690476190477], [-0.81647, 44.39326, 51.22690476190477], [-0.81695, 44.39308, 52.27499999999999], [-0.8173, 44.39306, 52.27499999999999], [-0.81759, 44.39313, 49.29999999999999], [-0.8178, 44.39328, 49.29999999999999], [-0.81798, 44.39376, 51.22690476190477]]]}}, {"type": "Feature", "properties": {"id_obligation": "402950000S0083", "priorite": "faible"}, "geometry": {"type": "Polygon", "coordinates": [[[-0.81661, 44.39304, 54.0], [-0.81686, 44.3929, 54.0], [-0.81723, 44.39286, 50.287499999999994], [-0.81752, 44.39291, 52.81429473304473], [-0.81775, 44.39304, 52.81429473304473], [-0.81785, 44.39319, 52.81429473304473], [-0.81788, 44.39345, 52.81429473304473], [-0.81782, 44.39362, 52.81429473304473], [-0.81767, 44.39376, 52.81429473304473], [-0.81746, 44.39385, 52.81429473304473], [-0.81708, 44.39388, 51.161904761904744], [-0.81684, 44.39384, 54.8], [-0.81664, 44.39373, 54.8], [-0.81652, 44.39357, 54.8], [-0.81651, 44.39321, 54.0], [-0.81661, 44.39304, 54.0]]]}}, {"type": "Feature", "properties": {"id_obligation": "402950000S0107", "priorite": "moyenne"}, "geometry": {"type": "Polygon", "coordinates": [[[-0.82405, 44.39302, 51.9], [-0.82382, 44.39302, 51.9], [-0.82382, 44.3931, 51.9], [-0.82401, 44.3931, 51.9], [-0.8238, 44.39319, 51.9], [-0.82356, 44.39322, 51.9], [-0.82331, 44.3932, 52.0], [-0.82309, 44.39311, 52.0], [-0.82291, 44.39294, 52.0], [-0.82283, 44.39278, 52.0], [-0.82284, 44.39261, 52.0], [-0.82297, 44.39241, 51.949999999999996], [-0.82316, 44.39231, 51.949999999999996], [-0.82359, 44.39218, 51.949999999999996], [-0.82383, 44.3922, 51.300000000000004], [-0.82409, 44.3923, 51.300000000000004], [-0.82428, 44.39251, 51.949999999999996], [-0.82434, 44.39273, 51.949999999999996], [-0.82428, 44.39289, 52.5], [-0.82408, 44.39291, 52.5], [-0.82408, 44.39297, 52.5], [-0.8242, 44.39298, 52.5], [-0.82404, 44.39308, 51.9], [-0.82405, 44.39302, 51.9]]]}}, {"type": "Feature", "properties": {"id_obligation": "402950000S0122", "priorite": "forte"}, "geometry": {"type": "Polygon", "coordinates": [[[-0.82695, 44.39147, 55.700000000000024], [-0.82677, 44.3916, 55.700000000000024], [-0.82641, 44.3917, 55.700000000000024], [-0.82617, 44.3917, 55.700000000000024], [-0.82591, 44.39163, 55.700000000000024], [-0.82573, 44.39151, 55.700000000000024], [-0.82558, 44.39126, 53.5], [-0.82557, 44.39108, 53.5], [-0.82567, 44.39091, 55.700000000000024], [-0.82594, 44.39074, 55.700000000000024], [-0.82618, 44.39067, 55.700000000000024], [-0.82647, 44.39067, 55.700000000000024], [-0.82671, 44.39074, 55.700000000000024], [-0.82689, 44.39086, 55.700000000000024], [-0.82703, 44.39107, 55.700000000000024], [-0.82705, 44.39126, 55.700000000000024], [-0.82695, 44.39147, 55.700000000000024]]]}}, {"type": "Feature", "properties": {"id_obligation": "402950000S0129", "priorite": "moyenne"}, "geometry": {"type": "Polygon", "coordinates": [[[-0.82516, 44.39312, 53.48571428571428], [-0.825, 44.39325, 53.48571428571428], [-0.82479, 44.39332, 52.76788457108841], [-0.8248, 44.39328, 52.7], [-0.82469, 44.39328, 52.9], [-0.82472, 44.39333, 52.86566454794231], [-0.82441, 44.39334, 52.919999999999995], [-0.82419, 44.39329, 51.86], [-0.82401, 44.39317, 51.86], [-0.82394, 44.3931, 51.9], [-0.82404, 44.3931, 51.9], [-0.82405, 44.39302, 51.9], [-0.8239, 44.39302, 51.9], [-0.82387, 44.39279, 52.281818181818174], [-0.82395, 44.39263, 52.6], [-0.82416, 44.39247, 52.6], [-0.82429, 44.39242, 52.7], [-0.82436, 44.39247, 52.7], [-0.82443, 44.3924, 52.6], [-0.82471, 44.39239, 52.791666666666664], [-0.82493, 44.39244, 53.90769230769232], [-0.82511, 44.39255, 53.90769230769232], [-0.82522, 44.3927, 51.5294117647059], [-0.82525, 44.39292, 51.5294117647059], [-0.82516, 44.39312, 53.48571428571428]]]}}, {"type": "Feature", "properties": {"id_obligation": "402950000S0131", "priorite": "moyenne"}, "geometry": {"type": "Polygon", "coordinates": [[[-0.82539, 44.39347, 52.413703365404146], [-0.82513, 44.39371, 52.413703365404146], [-0.82484, 44.39378, 52.8], [-0.82455, 44.39377, 52.8], [-0.82432, 44.3937, 51.31111111111112], [-0.82415, 44.39357, 51.31111111111112], [-0.82406, 44.39341, 51.31111111111112], [-0.8241, 44.39337, 50.7], [-0.82406, 44.39336, 51.31111111111112], [-0.82409, 44.39297, 52.5], [-0.82422, 44.39298, 52.5], [-0.82431, 44.39291, 52.5], [-0.82424, 44.39286, 52.5], [-0.82409, 44.39291, 52.5], [-0.8241, 44.39285, 52.5], [-0.82423, 44.39266, 52.5], [-0.82441, 44.39254, 52.5], [-0.82483, 44.39249, 52.353333333333325], [-0.82513, 44.39256, 52.94705882352942], [-0.82537, 44.39275, 52.94705882352942], [-0.82544, 44.39301, 52.413703365404146], [-0.82539, 44.39347, 52.413703365404146]]]}}, {"type": "Feature", "properties": {"id_obligation": "402950000S0138", "priorite": "moyenne"}, "geometry": {"type": "Polygon", "coordinates": [[[-0.82491, 44.39325, 53.800000000000004], [-0.82467, 44.39312, 53.800000000000004], [-0.82455, 44.39292, 51.76666666666668], [-0.82463, 44.39288, 52.0], [-0.82462, 44.39283, 52.3], [-0.82454, 44.39284, 52.3], [-0.82455, 44.3927, 51.76666666666668], [-0.82463, 44.39253, 53.6], [-0.82473, 44.3925, 53.0], [-0.8247, 44.39246, 53.0], [-0.8248, 44.3924, 53.6], [-0.82503, 44.39232, 54.06666666666666], [-0.82534, 44.39232, 54.06666666666666], [-0.82557, 44.39238, 54.92857142857144], [-0.82578, 44.39254, 54.92857142857144], [-0.82586, 44.39271, 53.30823412698413], [-0.82586, 44.39291, 53.30823412698413], [-0.82578, 44.39307, 53.30823412698413], [-0.82561, 44.3932, 53.30823412698413], [-0.8254, 44.39327, 53.30823412698413], [-0.82514, 44.39329, 53.30823412698413], [-0.82491, 44.39325, 53.800000000000004]]]}}, {"type": "Feature", "properties": {"id_obligation": "402950000S0139", "priorite": "moyenne"}, "geometry": {"type": "Polygon", "coordinates": [[[-0.82499, 44.39234, -214.30477025898077], [-0.82514, 44.3922, -214.30477025898077], [-0.82536, 44.39212, 54.79999999999999], [-0.82565, 44.3921, 54.79999999999999], [-0.82582, 44.39212, 53.9], [-0.82568, 44.39215, 53.9], [-0.8257, 44.39221, 53.9], [-0.82593, 44.3922, 53.9], [-0.82592, 44.39216, 53.9], [-0.82608, 44.39226, -500.7105263157895], [-0.82619, 44.39241, -1000.0], [-0.82624, 44.39263, -1000.0], [-0.82617, 44.3928, -214.30477025898077], [-0.82602, 44.39294, -214.30477025898077], [-0.8258, 44.39302, -214.30477025898077], [-0.82549, 44.39305, -214.30477025898077], [-0.82525, 44.393, 51.5], [-0.82506, 44.39289, 51.5], [-0.82493, 44.39269, 52.0], [-0.82517, 44.39263, 52.0], [-0.82512, 44.39258, 52.0], [-0.82503, 44.39261, 52.0], [-0.82492, 44.39259, 58.2], [-0.82491, 44.39255, 53.65333333333334], [-0.82499, 44.39234, -214.30477025898077]]]}}, {"type": "Feature", "properties": {"id_obligation": "402950000S0140", "priorite": "moyenne"}, "geometry": {"type": "Polygon", "coordinates": [[[-0.82603, 44.39266, -1000.0], [-0.82582, 44.39276, 54.371428571428574], [-0.82548, 44.3928, 54.371428571428574], [-0.82518, 44.39274, 53.65333333333334], [-0.82507, 44.39268, 52.0], [-0.82516, 44.39264, 52.0], [-0.82513, 44.39258, 52.0], [-0.825, 44.39261, 52.0], [-0.82487, 44.3924, -397.5728571428572], [-0.82484, 44.39216, -397.5728571428572], [-0.82493, 44.39194, -1000.0], [-0.8251, 44.39181, -1000.0], [-0.82533, 44.39174, -397.5728571428572], [-0.82563, 44.39171, -397.5728571428572], [-0.82592, 44.39178, -397.5728571428572], [-0.8261, 44.39189, -397.5728571428572], [-0.8262, 44.39205, -397.5728571428572], [-0.82626, 44.39228, -548.2619047619048], [-0.82619, 44.39248, -1000.0], [-0.82603, 44.39266, -1000.0]]]}}, {"type": "Feature", "properties": {"id_obligation": "402950000S0141", "priorite": "moyenne"}, "geometry": {"type": "MultiPolygon", "coordinates": [[[[-0.82656, 44.39218, 53.2], [-0.82648, 44.3922, 53.2], [-0.82651, 44.39226, 53.2], [-0.82656, 44.39225, 53.2], [-0.82653, 44.39233, -1000.0], [-0.82641, 44.39249, -1000.0], [-0.82616, 44.39262, -1000.0], [-0.82581, 44.39268, -751.6823529411764], [-0.82558, 44.39266, -751.6823529411764], [-0.82529, 44.39255, 54.260000000000005], [-0.82514, 44.39241, 54.260000000000005], [-0.82505, 44.39218, -155.76000000000005], [-0.82508, 44.39201, -1000.0], [-0.82525, 44.39182, -1000.0], [-0.82546, 44.39173, -1000.0], [-0.82586, 44.39166, -335.86647058823525], [-0.82609, 44.39168, 56.6], [-0.8263, 44.39177, 56.6], [-0.82642, 44.39187, 56.6], [-0.82636, 44.39189, 56.6], [-0.82645, 44.39202, 56.6], [-0.82651, 44.392, 56.6], [-0.82656, 44.39218, 53.2]]]]}}, {"type": "Feature", "properties": {"id_obligation": "402950000S0142", "priorite": "moyenne"}, "geometry": {"type": "Polygon", "coordinates": [[[-0.8265, 44.39276, -40.9987012987013], [-0.82624, 44.39287, -40.9987012987013], [-0.82591, 44.39288, -40.9987012987013], [-0.82562, 44.39281, 54.65], [-0.82545, 44.39269, 54.65], [-0.82534, 44.39248, 54.90909090909091], [-0.82535, 44.39228, 54.90909090909091], [-0.82547, 44.39205, 54.95], [-0.82564, 44.39192, 54.95], [-0.82593, 44.39185, 53.9], [-0.82634, 44.39188, 56.60000000000001], [-0.82645, 44.39202, 56.6], [-0.82651, 44.392, 56.6], [-0.82649, 44.39194, 56.6], [-0.82672, 44.3922, 54.69999999999999], [-0.82673, 44.39241, 54.69999999999999], [-0.8265, 44.39276, -40.9987012987013]]]}}, {"type": "Feature", "properties": {"id_obligation": "402950000S0148", "priorite": "moyenne"}, "geometry": {"type": "Polygon", "coordinates": [[[-0.82826, 44.39231, -1000.0], [-0.82808, 44.39243, -1000.0], [-0.82771, 44.39252, -1000.0], [-0.82741, 44.39252, -368.35222222222217], [-0.82719, 44.39244, -368.35222222222217], [-0.82703, 44.39231, -368.35222222222217], [-0.8269, 44.39205, -368.35222222222217], [-0.82692, 44.39187, -368.35222222222217], [-0.82702, 44.39172, 51.7], [-0.82721, 44.3916, 51.7], [-0.82728, 44.39158, 51.7], [-0.82731, 44.39163, 51.7], [-0.82735, 44.39162, 51.7], [-0.82733, 44.39156, 51.7], [-0.82742, 44.39154, 52.5], [-0.82742, 44.39162, 55.4], [-0.82767, 44.39158, 55.4], [-0.82765, 44.3915, 55.4], [-0.8279, 44.3915, -368.35222222222217], [-0.82812, 44.39157, -368.35222222222217], [-0.82832, 44.39173, -368.35222222222217], [-0.82841, 44.39195, -368.35222222222217], [-0.82837, 44.39216, -1000.0], [-0.82826, 44.39231, -1000.0]]]}}, {"type": "Feature", "properties": {"id_obligation": "402950000S0149", "priorite": "moyenne"}, "geometry": {"type": "Polygon", "coordinates": [[[-0.82716, 44.39207, 56.399999999999984], [-0.82688, 44.39196, 56.399999999999984], [-0.82671, 44.39178, 56.399999999999984], [-0.82665, 44.39149, 54.51586538461538], [-0.82676, 44.3913, 54.51586538461538], [-0.82693, 44.39118, 54.51586538461538], [-0.82731, 44.39107, 56.1], [-0.82773, 44.39103, 56.1], [-0.82774, 44.39108, 56.1], [-0.82792, 44.39108, 56.1], [-0.82815, 44.39122, 56.1], [-0.82828, 44.39148, 54.51586538461538], [-0.82829, 44.39166, 54.51586538461538], [-0.8282, 44.39182, 52.6], [-0.82803, 44.39195, 52.6], [-0.82776, 44.39203, 52.6], [-0.82778, 44.39198, 52.6], [-0.82772, 44.39194, 52.6], [-0.82752, 44.39199, 52.6], [-0.82756, 44.39206, 52.52678057271189], [-0.82716, 44.39207, 56.399999999999984]]]}}, {"type": "Feature", "properties": {"id_obligation": "402950000S0152", "priorite": "moyenne"}, "geometry": {"type": "Polygon", "coordinates": [[[-0.82803, 44.39105, 51.8], [-0.82814, 44.39085, 52.98201058201059], [-0.82832, 44.39073, 52.98201058201059], [-0.82865, 44.39063, 52.98201058201059], [-0.82896, 44.39065, 52.89999999999999], [-0.82917, 44.39074, 52.89999999999999], [-0.8293, 44.39086, 52.9], [-0.82918, 44.39091, 52.9], [-0.82923, 44.39098, 52.9], [-0.82933, 44.3909, 52.9], [-0.82944, 44.3911, 53.914285714285704], [-0.82943, 44.39128, 53.914285714285704], [-0.82929, 44.39147, 52.98201058201059], [-0.8291, 44.39158, 52.98201058201059], [-0.82882, 44.39165, 53.6], [-0.82858, 44.39165, 53.6], [-0.82835, 44.39158, 51.8], [-0.82818, 44.39145, 51.8], [-0.82806, 44.39127, 51.8], [-0.82803, 44.39105, 51.8]]]}}, {"type": "Feature", "properties": {"id_obligation": "402950000S0153", "priorite": "moyenne"}, "geometry": {"type": "Polygon", "coordinates": [[[-0.82952, 44.39138, 54.12036728849787], [-0.82917, 44.39147, 54.0], [-0.82876, 44.39146, 53.25384615384617], [-0.82865, 44.39137, 53.6], [-0.82856, 44.39137, 53.25384615384617], [-0.82853, 44.39128, 51.8], [-0.82848, 44.3913, 51.8], [-0.8284, 44.39121, 53.25384615384617], [-0.82834, 44.39104, 55.1], [-0.8284, 44.39083, 55.1], [-0.82854, 44.39069, 54.12036728849787], [-0.82899, 44.39044, 54.12036728849787], [-0.82927, 44.39037, 54.12036728849787], [-0.82957, 44.39039, 54.12036728849787], [-0.82982, 44.39052, 54.12036728849787], [-0.83001, 44.39078, 54.67142857142857], [-0.82998, 44.39105, 54.67142857142857], [-0.82977, 44.39125, 54.12036728849787], [-0.82952, 44.39138, 54.12036728849787]]]}}, {"type": "Feature", "properties": {"id_obligation": "402950000S0164", "priorite": "moyenne"}, "geometry": {"type": "MultiPolygon", "coordinates": [[[[-0.82991, 44.39552, 54.133333333333326], [-0.82962, 44.39561, 53.30714285714286], [-0.82937, 44.3956, 53.30714285714286], [-0.82894, 44.39548, 53.66636904761904], [-0.82874, 44.39532, 53.66636904761904], [-0.82867, 44.39515, 53.66636904761904], [-0.82872, 44.39492, 53.66636904761904], [-0.82882, 44.39476, 53.66636904761904], [-0.82899, 44.39464, 53.66636904761904], [-0.82928, 44.39457, 53.66636904761904], [-0.82974, 44.39463, 53.66636904761904], [-0.82996, 44.3947, 53.66636904761904], [-0.83013, 44.39483, 53.66636904761904], [-0.83022, 44.39499, 54.1], [-0.83021, 44.39517, 54.1], [-0.83014, 44.39514, 54.0], [-0.83011, 44.39519, 54.0], [-0.83019, 44.39521, 54.0], [-0.83008, 44.39539, 54.133333333333326], [-0.82991, 44.39552, 54.133333333333326]]]]}}, {"type": "Feature", "properties": {"id_obligation": "402950000S0165", "priorite": "moyenne"}, "geometry": {"type": "Polygon", "coordinates": [[[-0.82969, 44.39576, 51.5], [-0.8294, 44.3958, 51.5], [-0.82905, 44.39574, 53.326125000000005], [-0.82885, 44.39563, 53.326125000000005], [-0.82872, 44.39548, 53.326125000000005], [-0.82868, 44.39531, 53.326125000000005], [-0.82877, 44.39505, 53.326125000000005], [-0.82891, 44.3949, 53.326125000000005], [-0.82917, 44.39479, 54.5], [-0.82941, 44.39477, 54.5], [-0.82974, 44.39484, 53.326125000000005], [-0.82994, 44.39494, 53.326125000000005], [-0.83008, 44.39509, 54.1125], [-0.83012, 44.39527, 54.1125], [-0.82992, 44.39562, 53.326125000000005], [-0.82969, 44.39576, 51.5]]]}}, {"type": "Feature", "properties": {"id_obligation": "402950000S0181", "priorite": "moyenne"}, "geometry": {"type": "Polygon", "coordinates": [[[-0.82486, 44.39357, 51.79999999999999], [-0.82485, 44.3938, 52.09654135338345], [-0.82473, 44.39399, 52.09654135338345], [-0.8245, 44.39412, 52.09654135338345], [-0.82414, 44.39416, 52.09654135338345], [-0.82364, 44.39405, 52.09654135338345], [-0.82338, 44.39394, 52.09654135338345], [-0.82325, 44.39379, 52.09654135338345], [-0.8232, 44.39363, 52.8], [-0.82326, 44.39324, 52.09654135338345], [-0.82337, 44.39308, 52.09654135338345], [-0.82362, 44.39295, 52.09654135338345], [-0.82392, 44.39292, 52.168421052631565], [-0.82408, 44.39293, 52.5], [-0.82408, 44.39297, 52.5], [-0.82432, 44.39298, 52.03333333333333], [-0.82455, 44.39313, 52.03333333333333], [-0.82486, 44.39357, 51.79999999999999]]]}}, {"type": "Feature", "properties": {"id_obligation": "402950000S0205", "priorite": "très forte"}, "geometry": {"type": "Polygon", "coordinates": [[[-0.83093, 44.39002, 54.97083333333334], [-0.83106, 44.38983, 54.97083333333334], [-0.8313, 44.3897, 54.97083333333334], [-0.83169, 44.38962, 54.97083333333334], [-0.83198, 44.38967, 54.97083333333334], [-0.83217, 44.38978, 54.97083333333334], [-0.83236, 44.39006, 55.7], [-0.83241, 44.39023, 55.7], [-0.83234, 44.39045, 55.01250000000001], [-0.83218, 44.39059, 55.01250000000001], [-0.8321, 44.39063, 54.6], [-0.83209, 44.39057, 54.6], [-0.83204, 44.39058, 54.6], [-0.83205, 44.39064, 54.6], [-0.83164, 44.39073, 54.97083333333334], [-0.8314, 44.3907, 54.97083333333334], [-0.83119, 44.3906, 54.97083333333334], [-0.83094, 44.39024, 54.97083333333334], [-0.83093, 44.39002, 54.97083333333334]]]}}, {"type": "Feature", "properties": {"id_obligation": "402950000S0207", "priorite": "forte"}, "geometry": {"type": "Polygon", "coordinates": [[[-0.83085, 44.39066, 54.32380952380952], [-0.83079, 44.39088, 54.32380952380952], [-0.8306, 44.39105, 54.32380952380952], [-0.83032, 44.39115, 54.32380952380952], [-0.83002, 44.39116, 54.32380952380952], [-0.8298, 44.39109, 53.29999999999999], [-0.82963, 44.39097, 53.29999999999999], [-0.82946, 44.39075, 55.7], [-0.82944, 44.39058, 55.7], [-0.82951, 44.39041, 54.32380952380952], [-0.82967, 44.39028, 54.32380952380952], [-0.82995, 44.39016, 54.32380952380952], [-0.8302, 44.39014, 54.32380952380952], [-0.83044, 44.3902, 54.32380952380952], [-0.83063, 44.39031, 54.32380952380952], [-0.83078, 44.39049, 54.32380952380952], [-0.83085, 44.39066, 54.32380952380952]]]}}, {"type": "Feature", "properties": {"id_obligation": "402950000S0208", "priorite": "moyenne"}, "geometry": {"type": "Polygon", "coordinates": [[[-0.82909, 44.39068, 52.89999999999999], [-0.82921, 44.39048, 53.88285714285715], [-0.82949, 44.39033, 53.88285714285715], [-0.82979, 44.39027, 53.88285714285715], [-0.83003, 44.3903, 54.0], [-0.83024, 44.39039, 54.0], [-0.83048, 44.39066, 53.96], [-0.83054, 44.39082, 53.96], [-0.83052, 44.39099, 53.88285714285715], [-0.83037, 44.39118, 53.88285714285715], [-0.83013, 44.3913, 53.88285714285715], [-0.8299, 44.39135, 53.88285714285715], [-0.82965, 44.39134, 53.88285714285715], [-0.82942, 44.39125, 53.88285714285715], [-0.82911, 44.3909, 52.89999999999999], [-0.82909, 44.39068, 52.89999999999999]]]}}, {"type": "Feature", "properties": {"id_obligation": "402950000S0241", "priorite": "forte"}, "geometry": {"type": "Polygon", "coordinates": [[[-0.83236, 44.38574, 54.87165570175439], [-0.83218, 44.38597, 54.87165570175439], [-0.83185, 44.38609, 54.87165570175439], [-0.83141, 44.38606, 54.87165570175439], [-0.83118, 44.38592, 54.87165570175439], [-0.83106, 44.38577, 54.87165570175439], [-0.83095, 44.38534, 54.87165570175439], [-0.83102, 44.38507, 55.28333333333333], [-0.83116, 44.38492, 55.28333333333333], [-0.83137, 44.38482, 55.28333333333333], [-0.83161, 44.38479, 54.6875], [-0.83192, 44.38483, 54.7], [-0.83223, 44.38505, 54.7], [-0.83235, 44.38547, 54.87165570175439], [-0.83236, 44.38574, 54.87165570175439]]]}}, {"type": "Feature", "properties": {"id_obligation": "402950000S0253", "priorite": "moyenne"}, "geometry": {"type": "Polygon", "coordinates": [[[-0.82814, 44.38576, 55.775], [-0.82791, 44.38561, 55.775], [-0.82782, 44.38544, 55.775], [-0.82784, 44.38514, 55.775], [-0.82797, 44.38495, 55.775], [-0.82819, 44.38482, 55.775], [-0.82842, 44.38476, 54.92499999999999], [-0.82873, 44.38476, 55.775], [-0.829, 44.38487, 55.775], [-0.82915, 44.38501, 55.775], [-0.82921, 44.38518, 54.79999999999999], [-0.82919, 44.38547, 55.775], [-0.82909, 44.38563, 55.775], [-0.82891, 44.38575, 55.775], [-0.82869, 44.38581, 55.775], [-0.82837, 44.38581, 55.775], [-0.82814, 44.38576, 55.775]]]}}, {"type": "Feature", "properties": {"id_obligation": "402950000S0254", "priorite": "moyenne"}, "geometry": {"type": "Polygon", "coordinates": [[[-0.82923, 44.38556, 55.782560797598386], [-0.82899, 44.38568, 55.782560797598386], [-0.82857, 44.3857, 55.782560797598386], [-0.82824, 44.38557, 55.782560797598386], [-0.828, 44.38581, 55.782560797598386], [-0.82765, 44.38589, 54.010526315789456], [-0.82739, 44.38587, 54.010526315789456], [-0.82717, 44.38579, 54.010526315789456], [-0.82706, 44.38571, 53.8], [-0.82703, 44.38555, 54.3], [-0.82696, 44.38555, 54.3], [-0.82694, 44.38548, 54.62380952380953], [-0.82699, 44.38521, 54.62380952380953], [-0.82723, 44.38501, 56.2], [-0.82747, 44.38494, 56.2], [-0.82773, 44.38495, 56.46666666666667], [-0.82808, 44.38507, 56.46666666666667], [-0.82831, 44.38483, 56.46666666666667], [-0.82865, 44.38474, 54.576923076923066], [-0.82902, 44.38478, 54.576923076923066], [-0.82926, 44.38492, 54.576923076923066], [-0.82938, 44.38511, 55.800000000000004], [-0.82938, 44.38536, 55.800000000000004], [-0.82923, 44.38556, 55.782560797598386]]]}}, {"type": "Feature", "properties": {"id_obligation": "402950000S0269", "priorite": "moyenne"}, "geometry": {"type": "Polygon", "coordinates": [[[-0.82773, 44.39131, 56.1], [-0.8275, 44.39123, 55.35], [-0.82734, 44.39109, 55.35], [-0.82725, 44.39087, 56.1], [-0.82729, 44.39066, 55.35], [-0.82742, 44.39052, 55.35], [-0.82761, 44.39042, 55.35], [-0.82789, 44.39037, 55.35], [-0.82813, 44.39039, 55.35], [-0.82834, 44.39048, 55.35], [-0.82849, 44.39062, 55.35], [-0.82857, 44.39084, 55.35], [-0.82853, 44.39102, 55.35], [-0.8284, 44.39117, 55.35], [-0.8282, 44.39128, 55.35], [-0.82797, 44.39132, 56.1], [-0.82773, 44.39131, 56.1]]]}}, {"type": "Feature", "properties": {"id_obligation": "402950000S0270", "priorite": "moyenne"}, "geometry": {"type": "Polygon", "coordinates": [[[-0.82766, 44.39153, 55.4], [-0.82764, 44.39148, 55.4], [-0.8275, 44.3915, 55.4], [-0.82728, 44.39139, 55.4], [-0.82715, 44.39124, -156.09428571428572], [-0.82707, 44.39092, -156.09428571428572], [-0.82716, 44.39071, -1000.0], [-0.82732, 44.39058, -1000.0], [-0.82755, 44.3905, 53.4], [-0.82786, 44.39047, 53.4], [-0.8281, 44.39051, -156.09428571428572], [-0.82833, 44.39065, -156.09428571428572], [-0.82844, 44.3908, -156.09428571428572], [-0.82851, 44.39108, -156.09428571428572], [-0.82845, 44.39125, -156.09428571428572], [-0.8283, 44.39139, -156.09428571428572], [-0.82809, 44.39148, -156.09428571428572], [-0.82766, 44.39153, 55.4]]]}}, {"type": "Feature", "properties": {"id_obligation": "402950000S0273", "priorite": "forte"}, "geometry": {"type": "Polygon", "coordinates": [[[-0.82694, 44.39109, -471.95], [-0.82673, 44.391, -471.95], [-0.82658, 44.39086, -471.95], [-0.82648, 44.39062, -471.95], [-0.82652, 44.39045, -471.95], [-0.82668, 44.39027, -471.95], [-0.82688, 44.39017, -471.95], [-0.82716, 44.39012, -471.95], [-0.8274, 44.39014, -471.95], [-0.82766, 44.39026, -471.95], [-0.82779, 44.3904, -471.95], [-0.82787, 44.3906, -471.95], [-0.82784, 44.39078, 56.1], [-0.82772, 44.39093, 56.1], [-0.82753, 44.39104, 56.1], [-0.82724, 44.39111, -471.95], [-0.82694, 44.39109, -471.95]]]}}, {"type": "Feature", "properties": {"id_obligation": "402950000S0294", "priorite": "forte"}, "geometry": {"type": "Polygon", "coordinates": [[[-0.82408, 44.38495, 53.75301587301586], [-0.82432, 44.38482, 53.75301587301586], [-0.82467, 44.38477, 53.75301587301586], [-0.82492, 44.3848, 53.75301587301586], [-0.82513, 44.3849, 53.75301587301586], [-0.82529, 44.38509, 53.75301587301586], [-0.82532, 44.38535, 53.23999999999999], [-0.82528, 44.38552, 53.75301587301586], [-0.82515, 44.38567, 53.75301587301586], [-0.82494, 44.38577, 53.75301587301586], [-0.8247, 44.38581, 54.28571428571428], [-0.82436, 44.38578, 53.75301587301586], [-0.82416, 44.38568, 53.75301587301586], [-0.82402, 44.38554, 53.75301587301586], [-0.82396, 44.38515, 53.75301587301586], [-0.82408, 44.38495, 53.75301587301586]]]}}, {"type": "Feature", "properties": {"id_obligation": "402950000S0295", "priorite": "forte"}, "geometry": {"type": "Polygon", "coordinates": [[[-0.8253, 44.38576, 53.76435185185184], [-0.82511, 44.38593, 53.76435185185184], [-0.82489, 44.38601, 53.76435185185184], [-0.82451, 44.38603, 53.76435185185184], [-0.82419, 44.38594, 53.76435185185184], [-0.82401, 44.38582, 53.76435185185184], [-0.8239, 44.38566, 53.76435185185184], [-0.82389, 44.38541, 53.76435185185184], [-0.82397, 44.38525, 53.76435185185184], [-0.82417, 44.3851, 53.76435185185184], [-0.82439, 44.38504, 53.78888888888889], [-0.82478, 44.38502, 53.78888888888889], [-0.82501, 44.38507, 53.26666666666665], [-0.82524, 44.38522, 53.26666666666665], [-0.82533, 44.38538, 53.76435185185184], [-0.82536, 44.38558, 53.76435185185184], [-0.8253, 44.38576, 53.76435185185184]]]}}, {"type": "Feature", "properties": {"id_obligation": "402950000S0299", "priorite": "très forte"}, "geometry": {"type": "Polygon", "coordinates": [[[-0.82194, 44.38529, 53.08], [-0.82197, 44.38564, 53.42928571428571], [-0.82179, 44.38587, 53.42928571428571], [-0.82148, 44.38601, 53.42928571428571], [-0.8211, 44.38603, 53.42928571428571], [-0.82081, 44.38596, 53.42928571428571], [-0.82027, 44.38544, 53.42928571428571], [-0.82021, 44.38518, 53.42928571428571], [-0.82025, 44.385, 53.42928571428571], [-0.82038, 44.38486, 53.42928571428571], [-0.82064, 44.38474, 53.42928571428571], [-0.82102, 44.3847, 53.42928571428571], [-0.82126, 44.38473, 53.42928571428571], [-0.82147, 44.38482, 53.42928571428571], [-0.82194, 44.38529, 53.08]]]}}, {"type": "Feature", "properties": {"id_obligation": "402950000S0300", "priorite": "très forte"}, "geometry": {"type": "Polygon", "coordinates": [[[-0.82085, 44.38523, 53.8], [-0.82087, 44.3853, 53.8], [-0.82106, 44.38528, 53.8], [-0.82103, 44.38515, 53.8], [-0.82089, 44.38516, 53.8], [-0.82104, 44.38501, 53.8], [-0.8213, 44.38491, 53.6361111111111], [-0.82162, 44.38489, 53.6361111111111], [-0.82186, 44.38495, 53.6361111111111], [-0.82208, 44.38511, 53.6361111111111], [-0.82219, 44.38538, 53.6361111111111], [-0.82219, 44.38556, 53.6361111111111], [-0.82211, 44.38572, 53.6361111111111], [-0.82194, 44.38585, 53.6361111111111], [-0.82166, 44.38595, 53.6361111111111], [-0.82142, 44.38595, 53.6361111111111], [-0.82119, 44.38589, 53.6361111111111], [-0.82101, 44.38577, 53.6361111111111], [-0.82084, 44.38541, 53.83333333333333], [-0.82085, 44.38523, 53.8]]]}}, {"type": "Feature", "properties": {"id_obligation": "402950000S0346", "priorite": "forte"}, "geometry": {"type": "Polygon", "coordinates": [[[-0.81834, 44.38934, 53.0], [-0.81813, 44.3895, 53.0], [-0.81778, 44.38961, 53.0], [-0.81746, 44.38959, 53.0], [-0.81722, 44.38948, 53.0], [-0.81709, 44.38933, 53.0], [-0.81701, 44.38898, 53.0], [-0.81704, 44.3888, 53.0], [-0.81719, 44.38862, 53.0], [-0.81739, 44.38852, 53.0], [-0.8177, 44.38848, 53.0], [-0.81794, 44.38849, 53.0], [-0.81816, 44.38857, 53.0], [-0.81832, 44.38871, 53.0], [-0.81842, 44.38913, 53.0], [-0.81834, 44.38934, 53.0]]]}}, {"type": "Feature", "properties": {"id_obligation": "402950000S0347", "priorite": "forte"}, "geometry": {"type": "Polygon", "coordinates": [[[-0.8167, 44.38924, 53.0], [-0.81676, 44.38903, 53.0], [-0.81691, 44.38889, 53.0], [-0.81719, 44.38876, 53.0], [-0.81743, 44.38874, 53.0], [-0.81772, 44.3888, 53.0], [-0.8179, 44.38892, 53.0], [-0.81809, 44.38913, 53.0], [-0.81812, 44.3893, 53.0], [-0.81804, 44.38951, 53.0], [-0.81788, 44.38964, 53.0], [-0.81764, 44.38974, 53.0], [-0.81739, 44.38977, 53.0], [-0.81714, 44.38972, 53.0], [-0.81695, 44.38961, 53.0], [-0.81678, 44.38944, 53.0], [-0.8167, 44.38924, 53.0]]]}}, {"type": "Feature", "properties": {"id_obligation": "402950000S0354", "priorite": "moyenne"}, "geometry": {"type": "Polygon", "coordinates": [[[-0.8152, 44.38875, 51.7375], [-0.81543, 44.38889, 51.7375], [-0.81558, 44.38914, 51.7375], [-0.81555, 44.38936, 51.7375], [-0.81537, 44.38954, 51.7375], [-0.81511, 44.38965, 51.7375], [-0.81471, 44.38972, 51.7375], [-0.8144, 44.3897, 51.7375], [-0.81415, 44.38957, 51.7375], [-0.81398, 44.38937, 51.7375], [-0.81392, 44.3892, 51.7375], [-0.81396, 44.38902, 50.825], [-0.81413, 44.38884, 50.825], [-0.81438, 44.38873, 50.825], [-0.81462, 44.38868, 51.7375], [-0.8152, 44.38875, 51.7375]]]}}, {"type": "Feature", "properties": {"id_obligation": "402950000S0359", "priorite": "moyenne"}, "geometry": {"type": "Polygon", "coordinates": [[[-0.81406, 44.38829, 51.500000000000014], [-0.81434, 44.38838, 52.055470085470084], [-0.81451, 44.38851, 52.055470085470084], [-0.81464, 44.38878, 51.1], [-0.81461, 44.389, 51.1], [-0.81449, 44.38915, 51.1], [-0.81429, 44.38925, 51.1], [-0.81399, 44.38932, 50.5], [-0.81368, 44.3893, 52.055470085470084], [-0.81347, 44.38921, 52.055470085470084], [-0.81333, 44.38906, 52.055470085470084], [-0.81323, 44.38882, 56.04615384615383], [-0.81325, 44.38865, 56.04615384615383], [-0.81335, 44.38849, 52.055470085470084], [-0.81353, 44.38838, 52.055470085470084], [-0.81379, 44.38831, 51.9], [-0.81406, 44.38829, 51.500000000000014]]]}}, {"type": "Feature", "properties": {"id_obligation": "402950000S0360", "priorite": "moyenne"}, "geometry": {"type": "Polygon", "coordinates": [[[-0.81391, 44.38917, 53.31153846153846], [-0.81372, 44.38929, 53.31153846153846], [-0.81336, 44.38937, 53.31153846153846], [-0.81311, 44.38936, 53.31153846153846], [-0.81289, 44.38928, 53.31153846153846], [-0.81272, 44.38915, 53.31153846153846], [-0.81261, 44.38887, 53.31153846153846], [-0.81262, 44.3887, 53.31153846153846], [-0.81291, 44.38835, 54.0], [-0.81309, 44.38823, 54.0], [-0.81347, 44.38815, 53.31153846153846], [-0.81372, 44.38816, 51.500000000000014], [-0.81382, 44.38818, 51.9], [-0.81372, 44.38827, 51.9], [-0.81381, 44.38832, 51.9], [-0.81391, 44.38822, 51.9], [-0.81407, 44.38832, 51.500000000000014], [-0.81418, 44.38848, 51.500000000000014], [-0.81419, 44.38877, 51.699999999999996], [-0.81391, 44.38917, 53.31153846153846]]]}}, {"type": "Feature", "properties": {"id_obligation": "402950000S0363", "priorite": "moyenne"}, "geometry": {"type": "Polygon", "coordinates": [[[-0.81246, 44.38872, -121.17678571428573], [-0.81224, 44.38857, -121.17678571428573], [-0.81215, 44.38836, -121.17678571428573], [-0.81217, 44.38812, -121.17678571428573], [-0.81229, 44.38797, -121.17678571428573], [-0.81254, 44.38784, -121.17678571428573], [-0.81294, 44.3878, -248.85714285714286], [-0.81319, 44.38783, 50.0], [-0.81339, 44.38791, 50.0], [-0.81354, 44.38804, 50.0], [-0.8136, 44.38821, -121.17678571428573], [-0.81359, 44.38845, 55.39999999999999], [-0.81348, 44.3886, 55.39999999999999], [-0.8133, 44.38871, 55.39999999999999], [-0.81308, 44.38877, -121.17678571428573], [-0.81274, 44.38878, -121.17678571428573], [-0.81246, 44.38872, -121.17678571428573]]]}}, {"type": "Feature", "properties": {"id_obligation": "402950000S0365", "priorite": "moyenne"}, "geometry": {"type": "Polygon", "coordinates": [[[-0.81346, 44.38815, -94.32295454545455], [-0.81332, 44.3883, -94.32295454545455], [-0.81312, 44.38839, -341.25], [-0.81285, 44.38844, -341.25], [-0.8126, 44.38842, -94.32295454545455], [-0.81238, 44.38832, -94.32295454545455], [-0.81223, 44.38818, -94.32295454545455], [-0.81216, 44.38796, -94.32295454545455], [-0.81221, 44.38778, -94.32295454545455], [-0.81234, 44.38764, -94.32295454545455], [-0.81254, 44.38753, -94.32295454545455], [-0.81286, 44.38748, -94.32295454545455], [-0.8131, 44.38751, -94.32295454545455], [-0.81331, 44.38761, 52.3], [-0.81345, 44.38776, 52.3], [-0.81347, 44.3878, 52.3], [-0.81342, 44.38781, 52.3], [-0.81351, 44.38793, 51.839999999999996], [-0.81346, 44.38815, -94.32295454545455]]]}}, {"type": "Feature", "properties": {"id_obligation": "402950000S0370", "priorite": "moyenne"}, "geometry": {"type": "Polygon", "coordinates": [[[-0.81318, 44.38749, 53.99245421245421], [-0.81308, 44.38728, 53.99245421245421], [-0.81314, 44.38703, 53.99245421245421], [-0.8133, 44.38685, 53.99245421245421], [-0.8135, 44.38675, 53.99245421245421], [-0.8138, 44.38672, 52.78000000000001], [-0.81417, 44.3868, 56.2], [-0.81437, 44.38689, 56.2], [-0.8145, 44.38704, 56.20000000000001], [-0.81455, 44.3872, 56.20000000000001], [-0.81447, 44.38745, 52.7], [-0.81436, 44.38758, 52.7], [-0.81433, 44.38755, 52.7], [-0.8142, 44.38763, 52.7], [-0.81424, 44.38766, 52.7], [-0.81395, 44.38773, 52.52857142857143], [-0.8137, 44.38771, 52.52857142857143], [-0.81336, 44.38761, 53.99245421245421], [-0.81318, 44.38749, 53.99245421245421]]]}}, {"type": "Feature", "properties": {"id_obligation": "402950000S0373", "priorite": "moyenne"}, "geometry": {"type": "Polygon", "coordinates": [[[-0.81486, 44.3889, 52.604468864468856], [-0.8148, 44.38916, 52.39999999999999], [-0.81455, 44.38936, 52.39999999999999], [-0.81413, 44.38944, 52.604468864468856], [-0.81384, 44.38938, 52.604468864468856], [-0.81365, 44.38927, 52.604468864468856], [-0.81339, 44.3889, 56.8], [-0.81337, 44.38879, 56.8], [-0.8133, 44.38877, 56.04615384615383], [-0.81324, 44.38855, 51.36666666666667], [-0.8133, 44.38838, 51.36666666666667], [-0.81345, 44.38824, 51.36666666666667], [-0.81372, 44.38814, 51.36666666666667], [-0.81396, 44.38811, 51.557142857142864], [-0.81419, 44.38816, 51.557142857142864], [-0.81443, 44.38827, 52.604468864468856], [-0.81486, 44.3889, 52.604468864468856]]]}}, {"type": "Feature", "properties": {"id_obligation": "402950000S0389", "priorite": "très forte"}, "geometry": {"type": "Polygon", "coordinates": [[[-0.82029, 44.38705, 53.7], [-0.82001, 44.38695, 53.775000000000006], [-0.81985, 44.38681, 53.775000000000006], [-0.81975, 44.38657, 53.775000000000006], [-0.81978, 44.3864, 53.775000000000006], [-0.81994, 44.38621, 53.775000000000006], [-0.82014, 44.38612, 53.775000000000006], [-0.82049, 44.38604, 53.775000000000006], [-0.82073, 44.38606, 53.775000000000006], [-0.82095, 44.38615, 53.775000000000006], [-0.8211, 44.3863, 53.775000000000006], [-0.82121, 44.38653, 53.7], [-0.82118, 44.3867, 53.5], [-0.82106, 44.38685, 53.5], [-0.82087, 44.38696, 53.5], [-0.8206, 44.38704, 53.7], [-0.82029, 44.38705, 53.7]]]}}, {"type": "Feature", "properties": {"id_obligation": "402950000S0390", "priorite": "très forte"}, "geometry": {"type": "Polygon", "coordinates": [[[-0.8201, 44.38655, 54.2], [-0.82028, 44.38638, 54.2], [-0.8206, 44.38627, 54.2], [-0.82084, 44.38625, 54.2], [-0.82107, 44.38629, 54.065], [-0.82127, 44.3864, 54.065], [-0.82139, 44.38655, 54.065], [-0.82145, 44.38679, 54.065], [-0.82139, 44.38695, 54.065], [-0.82125, 44.38709, 54.065], [-0.82092, 44.38722, 54.065], [-0.82067, 44.38725, 54.065], [-0.82043, 44.3872, 54.065], [-0.82023, 44.38709, 54.065], [-0.82011, 44.38693, 54.2], [-0.82006, 44.38672, 54.2], [-0.8201, 44.38655, 54.2]]]}}, {"type": "Feature", "properties": {"id_obligation": "402950000S0393", "priorite": "forte"}, "geometry": {"type": "Polygon", "coordinates": [[[-0.81937, 44.38708, 54.44000000000001], [-0.81916, 44.38724, 54.44000000000001], [-0.81894, 44.38731, 54.5], [-0.81857, 44.38733, 54.5], [-0.81835, 44.38726, 53.59740740740741], [-0.81814, 44.3871, 53.59740740740741], [-0.81805, 44.38687, 53.59740740740741], [-0.81804, 44.3867, 53.59740740740741], [-0.81817, 44.3865, 53.59740740740741], [-0.81835, 44.38639, 53.59740740740741], [-0.81864, 44.38632, 51.9], [-0.81889, 44.38632, 51.9], [-0.81912, 44.38638, 51.9], [-0.8193, 44.38651, 51.9], [-0.81944, 44.38687, 53.63333333333333], [-0.81937, 44.38708, 54.44000000000001]]]}}, {"type": "Feature", "properties": {"id_obligation": "402950000S0394", "priorite": "très forte"}, "geometry": {"type": "Polygon", "coordinates": [[[-0.81744, 44.38568, 54.1905808477237], [-0.81769, 44.38551, 54.1905808477237], [-0.81815, 44.38543, 52.9], [-0.81849, 44.38554, 52.9], [-0.81864, 44.38568, 52.9], [-0.81875, 44.38592, 52.9], [-0.81874, 44.38609, 52.9], [-0.81867, 44.38622, 54.35714285714285], [-0.81895, 44.38617, 51.9], [-0.8192, 44.38618, 51.9], [-0.81946, 44.38629, 51.9], [-0.8196, 44.38644, 51.9], [-0.81971, 44.38705, 54.47692307692308], [-0.81956, 44.38734, 54.47692307692308], [-0.81925, 44.38749, 54.47692307692308], [-0.81884, 44.3875, 56.3], [-0.8186, 44.38743, 56.3], [-0.81847, 44.38734, 56.3], [-0.81833, 44.38708, 56.3], [-0.81815, 44.38716, 56.3], [-0.81783, 44.38721, 54.4], [-0.81743, 44.38711, 54.4], [-0.81728, 44.38697, 54.4], [-0.81717, 44.38671, 55.0], [-0.81722, 44.3865, 55.0], [-0.81736, 44.38635, 55.0], [-0.81736, 44.38597, 54.1905808477237], [-0.81744, 44.38568, 54.1905808477237]]]}}, {"type": "Feature", "properties": {"id_obligation": "402950000S0395", "priorite": "forte"}, "geometry": {"type": "Polygon", "coordinates": [[[-0.81766, 44.38756, 54.175000000000004], [-0.81736, 44.38751, 54.175000000000004], [-0.81717, 44.3874, 54.175000000000004], [-0.81696, 44.38716, 54.175000000000004], [-0.81693, 44.38694, 54.175000000000004], [-0.81702, 44.38678, 58.5], [-0.81718, 44.38665, 58.5], [-0.81749, 44.38651, 51.8], [-0.81779, 44.38649, 51.8], [-0.81802, 44.38655, 52.0], [-0.8182, 44.38667, 52.0], [-0.81839, 44.38688, 54.175000000000004], [-0.81842, 44.38705, 54.175000000000004], [-0.81836, 44.38722, 54.175000000000004], [-0.81821, 44.38736, 54.175000000000004], [-0.81796, 44.3875, 54.175000000000004], [-0.81766, 44.38756, 54.175000000000004]]]}}, {"type": "Feature", "properties": {"id_obligation": "402950000S0416", "priorite": "moyenne"}, "geometry": {"type": "Polygon", "coordinates": [[[-0.82897, 44.39159, 53.48], [-0.82873, 44.39155, 52.70000000000001], [-0.82852, 44.39145, 52.70000000000001], [-0.82836, 44.39125, 55.1], [-0.8283, 44.39108, 55.1], [-0.82837, 44.39086, 53.48], [-0.82853, 44.39071, 53.48], [-0.82888, 44.39057, 53.48], [-0.82912, 44.39053, 53.48], [-0.82943, 44.39058, 52.9], [-0.82962, 44.3907, 52.9], [-0.82979, 44.39093, 52.9], [-0.82981, 44.39111, 52.9], [-0.8297, 44.39132, 53.48], [-0.82944, 44.39148, 53.48], [-0.82897, 44.39159, 53.48]]]}}, {"type": "Feature", "properties": {"id_obligation": "402950000S0419", "priorite": "moyenne"}, "geometry": {"type": "Polygon", "coordinates": [[[-0.82854, 44.39254, -298.27777777777777], [-0.82831, 44.39269, -298.27777777777777], [-0.82808, 44.39275, -298.27777777777777], [-0.82762, 44.39274, -298.27777777777777], [-0.82735, 44.39265, -298.27777777777777], [-0.82719, 44.39252, -298.27777777777777], [-0.82711, 44.39236, -298.27777777777777], [-0.82712, 44.39216, -298.27777777777777], [-0.82725, 44.39196, 52.56666666666666], [-0.82744, 44.39184, 52.56666666666666], [-0.82767, 44.39179, 52.6], [-0.82813, 44.3918, -298.27777777777777], [-0.82835, 44.39186, -298.27777777777777], [-0.82852, 44.39198, -298.27777777777777], [-0.82862, 44.39214, -298.27777777777777], [-0.82864, 44.39233, -298.27777777777777], [-0.82854, 44.39254, -298.27777777777777]]]}}, {"type": "Feature", "properties": {"id_obligation": "402950000S0425", "priorite": "moyenne"}, "geometry": {"type": "Polygon", "coordinates": [[[-0.82236, 44.40272, 50.025000000000006], [-0.82209, 44.40282, 50.75555555555555], [-0.82184, 44.40282, 50.75555555555555], [-0.82149, 44.40273, -349.79608585858585], [-0.82131, 44.40261, -349.79608585858585], [-0.8212, 44.40241, -1000.0], [-0.82123, 44.40223, -1000.0], [-0.82135, 44.40199, -1000.0], [-0.82152, 44.40186, -1000.0], [-0.82181, 44.40179, -475.25], [-0.82206, 44.4018, -475.25], [-0.82234, 44.40188, 49.5], [-0.82251, 44.402, 49.5], [-0.82261, 44.40216, 49.39166666666666], [-0.82258, 44.40244, 49.5], [-0.82243, 44.4024, 49.5], [-0.8224, 44.40248, 49.5], [-0.82255, 44.40251, 49.5], [-0.82254, 44.40254, 50.025000000000006], [-0.82236, 44.40272, 50.025000000000006]]]}}, {"type": "Feature", "properties": {"id_obligation": "402950000S0426", "priorite": "moyenne"}, "geometry": {"type": "Polygon", "coordinates": [[[-0.82176, 44.40201, -1000.0], [-0.82197, 44.40192, 49.5], [-0.82222, 44.4019, 49.5], [-0.8226, 44.40199, 48.7], [-0.82279, 44.4021, 48.7], [-0.82292, 44.4023, 48.9], [-0.82292, 44.40247, 48.9], [-0.82283, 44.40267, 49.8], [-0.82263, 44.40283, 49.8], [-0.8224, 44.4029, 50.49999999999999], [-0.82216, 44.4029, 50.49999999999999], [-0.82184, 44.40282, 51.2], [-0.82165, 44.40271, 51.2], [-0.82153, 44.40256, -1000.0], [-0.8215, 44.40238, -1000.0], [-0.82158, 44.40218, -1000.0], [-0.82176, 44.40201, -1000.0]]]}}, {"type": "Feature", "properties": {"id_obligation": "402950000S0427", "priorite": "moyenne"}, "geometry": {"type": "Polygon", "coordinates": [[[-0.82192, 44.40277, 50.75555555555555], [-0.82178, 44.40257, -474.79999999999995], [-0.82178, 44.4024, -474.79999999999995], [-0.8219, 44.40216, -400.2857142857143], [-0.82208, 44.40203, -400.2857142857143], [-0.82237, 44.40195, 48.96666666666667], [-0.82261, 44.40197, 48.96666666666667], [-0.82294, 44.40206, 48.333333333333336], [-0.82311, 44.40219, 48.333333333333336], [-0.8232, 44.40236, 49.6857142857143], [-0.82321, 44.40249, 49.6857142857143], [-0.8232, 44.40254, 49.6857142857143], [-0.82317, 44.4026, 51.6], [-0.82297, 44.40256, 51.6], [-0.82295, 44.40262, 51.6], [-0.82314, 44.40266, 51.6], [-0.82306, 44.40277, 51.6], [-0.82289, 44.40289, 51.6], [-0.82267, 44.40295, 50.20000000000001], [-0.82217, 44.4029, 50.75555555555555], [-0.82192, 44.40277, 50.75555555555555]]]}}, {"type": "Feature", "properties": {"id_obligation": "402950000S0428", "priorite": "moyenne"}, "geometry": {"type": "Polygon", "coordinates": [[[-0.82322, 44.40293, 49.90517006802721], [-0.82295, 44.40302, 48.27142857142858], [-0.82269, 44.40302, 48.1], [-0.82234, 44.40294, 50.34285714285714], [-0.82212, 44.40278, 50.34285714285714], [-0.82214, 44.4027, 51.2], [-0.82207, 44.40269, 51.2], [-0.82205, 44.40261, 50.633333333333326], [-0.82207, 44.40243, 50.633333333333326], [-0.82218, 44.40223, 50.4], [-0.8224, 44.40208, 50.4], [-0.82264, 44.40203, 48.22857142857142], [-0.82288, 44.40204, 48.22857142857142], [-0.82319, 44.40213, 49.90517006802721], [-0.82337, 44.40225, 49.90517006802721], [-0.82346, 44.40241, 51.6], [-0.82346, 44.40259, 51.6], [-0.82337, 44.40279, 49.90517006802721], [-0.82322, 44.40293, 49.90517006802721]]]}}, {"type": "Feature", "properties": {"id_obligation": "402950000S0429", "priorite": "moyenne"}, "geometry": {"type": "Polygon", "coordinates": [[[-0.82244, 44.40288, 48.6], [-0.82233, 44.40267, 49.99999999999999], [-0.82237, 44.40244, 49.28333333333333], [-0.82252, 44.40225, 49.28333333333333], [-0.82272, 44.40215, 49.28333333333333], [-0.82302, 44.40211, 47.82], [-0.82339, 44.40218, 49.60888888888889], [-0.8236, 44.40227, 49.60888888888889], [-0.82374, 44.40241, 49.60888888888889], [-0.8238, 44.40258, 49.60888888888889], [-0.82374, 44.40281, 49.60888888888889], [-0.82361, 44.40297, 49.60888888888889], [-0.82323, 44.40311, 51.025], [-0.82266, 44.40302, 48.6], [-0.82244, 44.40288, 48.6]]]}}, {"type": "Feature", "properties": {"id_obligation": "402950000S0430", "priorite": "moyenne"}, "geometry": {"type": "Polygon", "coordinates": [[[-0.82364, 44.40338, 50.42], [-0.82349, 44.40351, 50.42], [-0.82323, 44.40361, 50.42], [-0.82299, 44.40362, 50.42], [-0.82264, 44.40354, 50.42], [-0.8223, 44.40341, 50.42], [-0.82212, 44.40323, 50.33333333333333], [-0.82208, 44.40301, 50.33333333333333], [-0.82213, 44.403, 50.4], [-0.82218, 44.4028, 50.199999999999996], [-0.82235, 44.40267, 50.199999999999996], [-0.82256, 44.40259, 50.199999999999996], [-0.82282, 44.40258, 49.8], [-0.82315, 44.40266, 51.6], [-0.82316, 44.40262, 51.6], [-0.82329, 44.40265, 51.6], [-0.82351, 44.40274, 51.6], [-0.82369, 44.40292, 50.42], [-0.82372, 44.40317, 50.42], [-0.82364, 44.40338, 50.42]]]}}, {"type": "Feature", "properties": {"id_obligation": "402950000S0432", "priorite": "moyenne"}, "geometry": {"type": "Polygon", "coordinates": [[[-0.82231, 44.40343, -126.99300922761451], [-0.82201, 44.40344, -126.99300922761451], [-0.82166, 44.40334, -126.99300922761451], [-0.82148, 44.40317, -126.99300922761451], [-0.82143, 44.40296, 50.9], [-0.82149, 44.40277, 50.9], [-0.82178, 44.40246, -1000.0], [-0.82198, 44.40235, -140.90909090909088], [-0.82222, 44.4023, -140.90909090909088], [-0.82247, 44.40232, -140.90909090909088], [-0.82279, 44.40242, 50.212500000000006], [-0.82297, 44.40257, 51.6], [-0.82295, 44.40262, 51.6], [-0.82301, 44.40263, 51.6], [-0.82305, 44.40276, 50.725], [-0.82298, 44.403, 50.725], [-0.82286, 44.40315, 49.709999999999994], [-0.82231, 44.40343, -126.99300922761451]]]}}, {"type": "Feature", "properties": {"id_obligation": "402950000S0433", "priorite": "moyenne"}, "geometry": {"type": "Polygon", "coordinates": [[[-0.82259, 44.40321, 48.1], [-0.82236, 44.40336, 50.4], [-0.82206, 44.40341, 50.4], [-0.82169, 44.40334, -175.16758703481395], [-0.82147, 44.4032, -175.16758703481395], [-0.82138, 44.40304, -175.16758703481395], [-0.8213, 44.40271, -175.16758703481395], [-0.82142, 44.40244, -1000.0], [-0.82162, 44.40228, -1000.0], [-0.82185, 44.40222, -474.8], [-0.82209, 44.40222, -474.8], [-0.82243, 44.40231, 49.58571428571429], [-0.82262, 44.40242, 49.58571428571429], [-0.82269, 44.4025, 49.8], [-0.82267, 44.40256, 49.8], [-0.82274, 44.40257, 49.99999999999999], [-0.82271, 44.40295, 49.99999999999999], [-0.82259, 44.40321, 48.1]]]}}, {"type": "Feature", "properties": {"id_obligation": "402950000S0434", "priorite": "moyenne"}, "geometry": {"type": "Polygon", "coordinates": [[[-0.8295, 44.38669, 56.11694444444444], [-0.82926, 44.38655, 56.11694444444444], [-0.82915, 44.3864, 56.11694444444444], [-0.82911, 44.38614, 56.11694444444444], [-0.82922, 44.38593, 56.11694444444444], [-0.82939, 44.38581, 56.11694444444444], [-0.8298, 44.38573, 53.7], [-0.82988, 44.38573, 53.7], [-0.82993, 44.38577, 53.7], [-0.82993, 44.38573, 53.7], [-0.83021, 44.38581, 61.07777777777778], [-0.83038, 44.38593, 61.07777777777778], [-0.83047, 44.3861, 55.39], [-0.8305, 44.38631, 55.39], [-0.83042, 44.38648, 56.11694444444444], [-0.83026, 44.38662, 56.11694444444444], [-0.8298, 44.38672, 56.11694444444444], [-0.8295, 44.38669, 56.11694444444444]]]}}, {"type": "Feature", "properties": {"id_obligation": "402950000S0499", "priorite": "forte"}, "geometry": {"type": "Polygon", "coordinates": [[[-0.83236, 44.39017, 54.73333333333333], [-0.8326, 44.39031, 54.73333333333333], [-0.8327, 44.39048, 54.73333333333333], [-0.83273, 44.39072, 54.73333333333333], [-0.83266, 44.39089, 54.73333333333333], [-0.8325, 44.39103, 54.73333333333333], [-0.83229, 44.39111, 54.73333333333333], [-0.83199, 44.39113, 54.73333333333333], [-0.83176, 44.39108, 54.73333333333333], [-0.83153, 44.39093, 54.73333333333333], [-0.83144, 44.39077, 54.73333333333333], [-0.83142, 44.39053, 54.73333333333333], [-0.8315, 44.39036, 53.9], [-0.83162, 44.39025, 53.9], [-0.83164, 44.39028, 53.9], [-0.83178, 44.39024, 53.9], [-0.83175, 44.39018, 53.9], [-0.83182, 44.39016, 53.9], [-0.83212, 44.39012, 55.7], [-0.83236, 44.39017, 54.73333333333333]]]}}, {"type": "Feature", "properties": {"id_obligation": "402950000S0501", "priorite": "forte"}, "geometry": {"type": "Polygon", "coordinates": [[[-0.83217, 44.38983, 54.449999999999996], [-0.83238, 44.38991, 54.449999999999996], [-0.83254, 44.39004, 54.449999999999996], [-0.83269, 44.39032, 54.449999999999996], [-0.83265, 44.39053, 54.449999999999996], [-0.83253, 44.39068, 54.449999999999996], [-0.83233, 44.39078, 54.449999999999996], [-0.83206, 44.39085, 54.6], [-0.83181, 44.39083, 54.6], [-0.83154, 44.39073, 54.449999999999996], [-0.8314, 44.39058, 54.449999999999996], [-0.83128, 44.39034, 53.9], [-0.8313, 44.39017, 53.9], [-0.83141, 44.39001, 53.9], [-0.8316, 44.3899, 53.9], [-0.83186, 44.38982, 54.449999999999996], [-0.83217, 44.38983, 54.449999999999996]]]}}, {"type": "Feature", "properties": {"id_obligation": "402950000S0543", "priorite": "moyenne"}, "geometry": {"type": "Polygon", "coordinates": [[[-0.82495, 44.39225, 53.0], [-0.82495, 44.39243, 53.0], [-0.82486, 44.39259, 53.05119047619048], [-0.82461, 44.39279, 53.05119047619048], [-0.82434, 44.39286, 52.5], [-0.82405, 44.39285, 52.5], [-0.82382, 44.39277, 52.199999999999996], [-0.82362, 44.39262, 53.05119047619048], [-0.82354, 44.39245, 53.05119047619048], [-0.82355, 44.39228, 53.05119047619048], [-0.82365, 44.39212, 53.05119047619048], [-0.82388, 44.39196, 53.05119047619048], [-0.82418, 44.39188, 53.090476190476195], [-0.82443, 44.39188, 55.0], [-0.82438, 44.39191, 55.0], [-0.82446, 44.39202, 55.0], [-0.82463, 44.39198, 55.0], [-0.8246, 44.39193, 55.0], [-0.82482, 44.39206, 55.0], [-0.82495, 44.39225, 53.0]]]}}, {"type": "Feature", "properties": {"id_obligation": "402950000S0544", "priorite": "forte"}, "geometry": {"type": "Polygon", "coordinates": [[[-0.81686, 44.38788, 53.02363636363636], [-0.81711, 44.388, 53.02363636363636], [-0.81725, 44.38819, 53.02363636363636], [-0.81728, 44.38838, 53.02363636363636], [-0.81722, 44.38855, 53.02363636363636], [-0.81703, 44.38873, 53.02363636363636], [-0.81681, 44.3888, 52.39090909090908], [-0.81646, 44.38883, 52.39090909090908], [-0.81621, 44.38879, 51.9], [-0.81601, 44.38868, 51.9], [-0.81589, 44.38852, 53.02363636363636], [-0.81585, 44.38829, 53.02363636363636], [-0.81591, 44.38812, 53.02363636363636], [-0.81606, 44.38799, 53.02363636363636], [-0.81627, 44.3879, 53.02363636363636], [-0.81656, 44.38785, 53.02363636363636], [-0.81686, 44.38788, 53.02363636363636]]]}}, {"type": "Feature", "properties": {"id_obligation": "402950000S0546", "priorite": "forte"}, "geometry": {"type": "Polygon", "coordinates": [[[-0.81716, 44.38897, 53.06], [-0.81689, 44.38909, 53.06], [-0.81661, 44.38912, 53.06], [-0.81632, 44.38907, 51.9], [-0.81613, 44.38896, 51.9], [-0.81601, 44.38881, 51.9], [-0.81596, 44.38859, 53.06], [-0.81602, 44.38838, 53.06], [-0.8162, 44.38822, 53.06], [-0.8164, 44.38812, 54.779999999999994], [-0.81669, 44.38807, 54.779999999999994], [-0.81698, 44.38812, 53.06], [-0.81717, 44.38823, 53.06], [-0.81729, 44.38838, 53.06], [-0.81735, 44.38858, 53.06], [-0.81729, 44.38882, 53.06], [-0.81716, 44.38897, 53.06]]]}}, {"type": "Feature", "properties": {"id_obligation": "402950000S0549", "priorite": "forte"}, "geometry": {"type": "Polygon", "coordinates": [[[-0.81608, 44.38927, 53.085], [-0.81584, 44.38913, 53.085], [-0.81573, 44.38897, 53.085], [-0.81573, 44.38875, 53.085], [-0.81581, 44.38858, 53.085], [-0.81598, 44.38846, 53.085], [-0.81619, 44.38838, 54.75], [-0.81649, 44.38837, 54.83518231462994], [-0.81673, 44.38843, 53.19], [-0.81691, 44.38855, 53.19], [-0.81702, 44.3887, 52.5], [-0.81704, 44.38892, 52.5], [-0.81696, 44.38908, 53.085], [-0.8168, 44.38922, 53.085], [-0.81658, 44.38929, 53.085], [-0.81632, 44.38931, 53.085], [-0.81608, 44.38927, 53.085]]]}}, {"type": "Feature", "properties": {"id_obligation": "402950000S0556", "priorite": "forte"}, "geometry": {"type": "Polygon", "coordinates": [[[-0.81549, 44.38717, 55.0], [-0.81538, 44.38737, 52.86706349206349], [-0.81508, 44.38754, 52.86706349206349], [-0.81479, 44.3876, 52.86706349206349], [-0.81417, 44.38753, 52.65], [-0.81389, 44.38756, 52.550000000000004], [-0.81366, 44.38752, 52.550000000000004], [-0.8134, 44.38735, 52.550000000000004], [-0.81325, 44.3871, 53.344444444444434], [-0.81331, 44.38685, 52.86706349206349], [-0.81351, 44.38668, 52.86706349206349], [-0.81379, 44.38658, 52.86706349206349], [-0.81407, 44.38658, 50.4], [-0.81432, 44.38652, 50.4], [-0.81508, 44.38661, 50.4], [-0.81528, 44.38672, 50.4], [-0.81547, 44.38696, 55.0], [-0.81549, 44.38717, 55.0]]]}}, {"type": "Feature", "properties": {"id_obligation": "402950000S0572", "priorite": "moyenne"}, "geometry": {"type": "Polygon", "coordinates": [[[-0.81866, 44.39582, 54.06282051282051], [-0.81853, 44.39596, 54.06282051282051], [-0.81832, 44.39605, 54.06282051282051], [-0.81806, 44.39608, 54.06282051282051], [-0.81781, 44.39607, 54.06282051282051], [-0.8176, 44.39598, 54.06282051282051], [-0.81745, 44.39585, 54.06282051282051], [-0.81738, 44.39568, 52.33846153846153], [-0.8174, 44.39547, 54.06282051282051], [-0.81753, 44.39531, 54.06282051282051], [-0.81773, 44.3952, 54.06282051282051], [-0.81797, 44.39515, 55.8], [-0.81824, 44.39516, 54.06282051282051], [-0.81851, 44.39527, 54.06282051282051], [-0.81866, 44.39541, 54.06282051282051], [-0.81872, 44.39561, 54.06282051282051], [-0.81866, 44.39582, 54.06282051282051]]]}}, {"type": "Feature", "properties": {"id_obligation": "402950000S0573", "priorite": "moyenne"}, "geometry": {"type": "Polygon", "coordinates": [[[-0.81795, 44.39612, 53.05277777777777], [-0.81767, 44.3962, 53.05277777777777], [-0.81736, 44.3962, 53.05277777777777], [-0.81714, 44.39612, 53.05277777777777], [-0.81695, 44.39598, 53.05277777777777], [-0.81685, 44.39578, 52.2], [-0.81686, 44.39555, 52.2], [-0.81698, 44.39535, 52.20000000000001], [-0.81717, 44.39523, 52.20000000000001], [-0.81741, 44.39518, 53.05277777777777], [-0.81771, 44.39518, 53.05277777777777], [-0.81798, 44.39527, 55.8], [-0.818, 44.39539, 55.8], [-0.81812, 44.39538, 55.8], [-0.81821, 44.39556, 53.9], [-0.81821, 44.39581, 53.9], [-0.81811, 44.39599, 53.05277777777777], [-0.81795, 44.39612, 53.05277777777777]]]}}, {"type": "Feature", "properties": {"id_obligation": "402950000S0575", "priorite": "moyenne"}, "geometry": {"type": "Polygon", "coordinates": [[[-0.81763, 44.3958, 51.28333333333333], [-0.81741, 44.39594, 51.28333333333333], [-0.81712, 44.396, 51.28333333333333], [-0.81677, 44.39597, 51.0], [-0.81657, 44.39588, 51.0], [-0.81644, 44.39576, 51.0], [-0.81652, 44.39573, 51.0], [-0.81656, 44.3958, 51.0], [-0.81668, 44.39575, 51.0], [-0.81661, 44.39564, 51.9], [-0.81668, 44.39561, 51.9], [-0.81662, 44.39552, 51.9], [-0.81637, 44.3956, 50.43300701081126], [-0.81637, 44.39547, 50.4], [-0.81654, 44.3954, 50.4], [-0.81649, 44.39533, 50.4], [-0.81638, 44.39537, 50.32298382216963], [-0.81641, 44.39527, 50.4], [-0.81657, 44.39509, 50.4], [-0.81678, 44.395, 50.4], [-0.81702, 44.39497, 50.92964852607711], [-0.81731, 44.39499, 50.92964852607711], [-0.81753, 44.39508, 50.92964852607711], [-0.81768, 44.39522, 50.92964852607711], [-0.81774, 44.39539, 52.2], [-0.81774, 44.3956, 52.2], [-0.81763, 44.3958, 51.28333333333333]]]}}, {"type": "Feature", "properties": {"id_obligation": "402950000S0579", "priorite": "moyenne"}, "geometry": {"type": "Polygon", "coordinates": [[[-0.83086, 44.38601, 57.0], [-0.83074, 44.38625, 57.0], [-0.83056, 44.38637, 57.35925925925929], [-0.83022, 44.38644, 57.35925925925929], [-0.82992, 44.3864, 54.3], [-0.82932, 44.38597, 54.3], [-0.82924, 44.38571, 55.12857142857143], [-0.82929, 44.3854, 55.54528533635676], [-0.82953, 44.3852, 55.54528533635676], [-0.82992, 44.38513, 55.1], [-0.83017, 44.38502, 55.1], [-0.83052, 44.38499, 55.54528533635676], [-0.83076, 44.38504, 55.54528533635676], [-0.83105, 44.38519, 55.54528533635676], [-0.83121, 44.38542, 54.849999999999994], [-0.83119, 44.38572, 54.849999999999994], [-0.83086, 44.38601, 57.0]]]}}, {"type": "Feature", "properties": {"id_obligation": "402950000S0581", "priorite": "moyenne"}, "geometry": {"type": "Polygon", "coordinates": [[[-0.81926, 44.39829, 52.39940476190476], [-0.81902, 44.39842, 52.39940476190476], [-0.81869, 44.39846, 52.39940476190476], [-0.81839, 44.39841, 49.714285714285715], [-0.81821, 44.3983, 49.714285714285715], [-0.8181, 44.39816, 49.8], [-0.81816, 44.3982, 49.5], [-0.81822, 44.39818, 49.5], [-0.81813, 44.39806, 49.8], [-0.81807, 44.39808, 49.8], [-0.81804, 44.39795, 51.7], [-0.81815, 44.39794, 51.7], [-0.8181, 44.39786, 51.7], [-0.81802, 44.39788, 51.7], [-0.81809, 44.39761, 52.39940476190476], [-0.81825, 44.39748, 52.39940476190476], [-0.81846, 44.3974, 55.8], [-0.81878, 44.39737, 55.8], [-0.81902, 44.39742, 52.39940476190476], [-0.81921, 44.39753, 52.39940476190476], [-0.81938, 44.39775, 52.39940476190476], [-0.81943, 44.39796, 52.39940476190476], [-0.81926, 44.39829, 52.39940476190476]]]}}, {"type": "Feature", "properties": {"id_obligation": "402950000S0585", "priorite": "moyenne"}, "geometry": {"type": "Polygon", "coordinates": [[[-0.82412, 44.39197, 55.7], [-0.82442, 44.39196, 52.95000000000002], [-0.82446, 44.39202, 55.0], [-0.82458, 44.39199, 55.0], [-0.82487, 44.39216, 55.0], [-0.82498, 44.39231, 54.4], [-0.825, 44.39252, 54.4], [-0.82498, 44.39259, 58.2], [-0.82492, 44.39259, 58.2], [-0.82492, 44.39268, 51.98333333333335], [-0.82473, 44.39283, 51.98333333333335], [-0.82463, 44.39287, 52.068795086731335], [-0.82462, 44.39283, 52.3], [-0.82449, 44.39285, 52.3], [-0.8245, 44.3929, 52.3], [-0.82446, 44.39291, 52.339999999999996], [-0.82431, 44.39291, 52.5], [-0.82424, 44.39286, 52.5], [-0.82419, 44.3929, 52.5], [-0.82379, 44.3927, 52.5], [-0.82367, 44.39254, 53.416403508771936], [-0.82365, 44.39237, 53.416403508771936], [-0.82372, 44.3922, 55.7], [-0.8239, 44.39205, 55.7], [-0.82412, 44.39197, 55.7]]]}}, {"type": "Feature", "properties": {"id_obligation": "402950000S0587", "priorite": "moyenne"}, "geometry": {"type": "Polygon", "coordinates": [[[-0.82465, 44.39183, 53.98750000000001], [-0.82486, 44.39221, 52.78333333333334], [-0.82485, 44.39235, 52.78333333333334], [-0.82474, 44.39251, 52.78333333333334], [-0.82455, 44.39263, 52.78333333333334], [-0.82427, 44.39271, 52.715789473684204], [-0.82403, 44.3927, 52.715789473684204], [-0.82381, 44.39262, 52.663991228070174], [-0.82359, 44.39245, 52.663991228070174], [-0.82348, 44.39226, 52.663991228070174], [-0.8235, 44.39198, 52.663991228070174], [-0.8233, 44.39163, 52.663991228070174], [-0.82341, 44.39134, 52.663991228070174], [-0.8236, 44.39122, 52.663991228070174], [-0.82387, 44.39114, 51.60000000000001], [-0.8243, 44.39114, 52.663991228070174], [-0.82463, 44.39134, 52.663991228070174], [-0.82471, 44.39149, 52.663991228070174], [-0.82472, 44.39168, 53.98750000000001], [-0.82465, 44.39183, 53.98750000000001]]]}}, {"type": "Feature", "properties": {"id_obligation": "402950000S0598", "priorite": "moyenne"}, "geometry": {"type": "Polygon", "coordinates": [[[-0.82667, 44.38624, 54.23730158730158], [-0.82637, 44.38604, 54.23730158730158], [-0.82629, 44.38587, 54.38333333333333], [-0.82629, 44.38552, 54.4], [-0.82636, 44.38534, 54.65714285714285], [-0.82657, 44.38518, 54.65714285714285], [-0.8268, 44.38511, 54.65714285714285], [-0.82765, 44.38513, 53.2], [-0.82788, 44.38518, 53.2], [-0.8281, 44.38533, 53.2], [-0.82819, 44.38549, 54.0], [-0.82821, 44.38589, 54.23730158730158], [-0.82814, 44.38606, 54.23730158730158], [-0.82798, 44.3862, 54.23730158730158], [-0.82777, 44.38628, 54.23730158730158], [-0.82667, 44.38624, 54.23730158730158]], [[-0.82634, 44.38566, 54.4], [-0.82647, 44.38564, 54.4], [-0.82649, 44.38559, 54.4], [-0.82646, 44.38549, 54.4], [-0.82629, 44.38552, 54.4], [-0.82634, 44.38566, 54.4]]]}}, {"type": "Feature", "properties": {"id_obligation": "402950000S0601", "priorite": "moyenne"}, "geometry": {"type": "Polygon", "coordinates": [[[-0.82679, 44.39173, 55.58749999999998], [-0.82705, 44.39184, 55.58749999999998], [-0.82721, 44.39202, 55.58749999999998], [-0.82727, 44.39226, 50.7], [-0.82721, 44.39242, -194.59652777777777], [-0.82706, 44.39256, -194.59652777777777], [-0.82686, 44.39265, -194.59652777777777], [-0.8265, 44.39271, -194.59652777777777], [-0.82625, 44.39267, -194.59652777777777], [-0.82605, 44.39257, -1000.0], [-0.82592, 44.39241, -1000.0], [-0.82585, 44.39221, 53.9], [-0.82593, 44.3922, 53.9], [-0.82586, 44.39212, 53.9], [-0.82602, 44.39189, -194.59652777777777], [-0.82622, 44.39179, 56.60000000000001], [-0.82654, 44.39172, 56.60000000000001], [-0.82679, 44.39173, 55.58749999999998]]]}}, {"type": "Feature", "properties": {"id_obligation": "402950000S0605", "priorite": "moyenne"}, "geometry": {"type": "Polygon", "coordinates": [[[-0.82671, 44.39243, 54.69999999999999], [-0.82647, 44.39247, 54.69999999999999], [-0.82612, 44.3924, -492.5148148148148], [-0.82608, 44.39238, -1000.0], [-0.82613, 44.39236, -1000.0], [-0.8261, 44.39236, 54.1], [-0.8261, 44.39229, 54.1], [-0.826, 44.39229, 54.1], [-0.82599, 44.39233, 54.1], [-0.82588, 44.39221, 53.9], [-0.82593, 44.3922, 53.9], [-0.8259, 44.39211, 53.9], [-0.82582, 44.39212, 53.9], [-0.82573, 44.39194, 53.9], [-0.82577, 44.39172, -36.88494776828111], [-0.8259, 44.39157, -36.88494776828111], [-0.82611, 44.39147, -36.88494776828111], [-0.82656, 44.39135, -36.88494776828111], [-0.8268, 44.39137, -36.88494776828111], [-0.82706, 44.39147, -36.88494776828111], [-0.82725, 44.3917, -36.88494776828111], [-0.82731, 44.39191, 55.96666666666665], [-0.82721, 44.39212, 50.7], [-0.82697, 44.39231, 50.7], [-0.82671, 44.39243, 54.69999999999999]]]}}, {"type": "Feature", "properties": {"id_obligation": "402950000S0606", "priorite": "moyenne"}, "geometry": {"type": "Polygon", "coordinates": [[[-0.8275, 44.39201, 54.14843274372686], [-0.82734, 44.39219, 54.14843274372686], [-0.82711, 44.3923, 50.7], [-0.82681, 44.39233, 50.7], [-0.8265, 44.39226, 53.81818181818182], [-0.8263, 44.39215, 53.81818181818182], [-0.82614, 44.39195, 56.6], [-0.82611, 44.39177, 56.6], [-0.82618, 44.3916, 54.14843274372686], [-0.82633, 44.39146, 54.14843274372686], [-0.82665, 44.39134, 54.14843274372686], [-0.82689, 44.39132, 54.14843274372686], [-0.82713, 44.39137, 54.14843274372686], [-0.82732, 44.39147, 53.97692307692308], [-0.82752, 44.39183, 54.14843274372686], [-0.8275, 44.39201, 54.14843274372686]]]}}, {"type": "Feature", "properties": {"id_obligation": "402950000S0619", "priorite": "faible"}, "geometry": {"type": "Polygon", "coordinates": [[[-0.8194, 44.39536, 52.51833333333334], [-0.8192, 44.39552, 52.51833333333334], [-0.81884, 44.39563, 52.51833333333334], [-0.81853, 44.39562, 52.51833333333334], [-0.81827, 44.3955, 55.8], [-0.81812, 44.39533, 55.8], [-0.81811, 44.39523, 55.8], [-0.81799, 44.39524, 55.8], [-0.81793, 44.39516, 55.79999999999999], [-0.81784, 44.39491, 55.79999999999999], [-0.81787, 44.39474, 52.51833333333334], [-0.81799, 44.39459, 52.51833333333334], [-0.81817, 44.39448, 52.51833333333334], [-0.81848, 44.39442, 51.2], [-0.81872, 44.39444, 51.2], [-0.81932, 44.39472, 51.133333333333326], [-0.81946, 44.39492, 50.19000000000001], [-0.81947, 44.39515, 50.19000000000001], [-0.8194, 44.39536, 52.51833333333334]]]}}, {"type": "Feature", "properties": {"id_obligation": "402950000S0620", "priorite": "moyenne"}, "geometry": {"type": "Polygon", "coordinates": [[[-0.81972, 44.39519, 50.565740740740736], [-0.81957, 44.39543, 50.565740740740736], [-0.81925, 44.39557, 50.565740740740736], [-0.81885, 44.3956, 50.565740740740736], [-0.81857, 44.3955, 51.4], [-0.81841, 44.39536, 51.4], [-0.81831, 44.39515, 51.06666666666666], [-0.81826, 44.39465, 50.565740740740736], [-0.81839, 44.39446, 50.565740740740736], [-0.81858, 44.39435, 50.565740740740736], [-0.81892, 44.39429, 50.565740740740736], [-0.8192, 44.39431, 49.3], [-0.81942, 44.39438, 49.3], [-0.81959, 44.3945, 49.3], [-0.81968, 44.39466, 49.3], [-0.81972, 44.39519, 50.565740740740736]]]}}, {"type": "Feature", "properties": {"id_obligation": "402950000S0622", "priorite": "moyenne"}, "geometry": {"type": "Polygon", "coordinates": [[[-0.81991, 44.39526, 50.352525946275954], [-0.81966, 44.39538, 50.352525946275954], [-0.81932, 44.39542, 50.352525946275954], [-0.81898, 44.39533, 50.17692307692308], [-0.81879, 44.39516, 51.4], [-0.81885, 44.39515, 51.4], [-0.81879, 44.39505, 51.4], [-0.81885, 44.39504, 51.4], [-0.81883, 44.39499, 51.4], [-0.81872, 44.39502, 51.4], [-0.81871, 44.39498, 50.41874999999999], [-0.81874, 44.39479, 50.41874999999999], [-0.81867, 44.39453, 50.352525946275954], [-0.81878, 44.39433, 50.352525946275954], [-0.81904, 44.39416, 50.352525946275954], [-0.81927, 44.3941, 50.352525946275954], [-0.81952, 44.3941, 50.352525946275954], [-0.81975, 44.39417, 50.352525946275954], [-0.82019, 44.3946, 50.352525946275954], [-0.82021, 44.39482, 50.352525946275954], [-0.82013, 44.39503, 50.352525946275954], [-0.81991, 44.39526, 50.352525946275954]]]}}, {"type": "Feature", "properties": {"id_obligation": "402950000S0626", "priorite": "moyenne"}, "geometry": {"type": "Polygon", "coordinates": [[[-0.83121, 44.38661, 54.8716577540107], [-0.83089, 44.38665, 54.8716577540107], [-0.83065, 44.38662, 53.4], [-0.83045, 44.38653, 53.4], [-0.83029, 44.38635, 53.4], [-0.83024, 44.38613, 55.741176470588236], [-0.83027, 44.38596, 54.9], [-0.83039, 44.38581, 54.9], [-0.83064, 44.38569, 54.9], [-0.83102, 44.38564, 54.8716577540107], [-0.83127, 44.38566, 54.8716577540107], [-0.83148, 44.38575, 54.8716577540107], [-0.83165, 44.38593, 54.8716577540107], [-0.83171, 44.38615, 54.8716577540107], [-0.83166, 44.38632, 54.8716577540107], [-0.83147, 44.3865, 54.8716577540107], [-0.83121, 44.38661, 54.8716577540107]]]}}, {"type": "Feature", "properties": {"id_obligation": "402950000S0629", "priorite": "moyenne"}, "geometry": {"type": "Polygon", "coordinates": [[[-0.83124, 44.38615, 55.445454545454545], [-0.83124, 44.38637, 55.445454545454545], [-0.83114, 44.38652, 57.714090909090906], [-0.83097, 44.38665, 57.714090909090906], [-0.83067, 44.38677, 57.714090909090906], [-0.83036, 44.3868, 57.714090909090906], [-0.83007, 44.38673, 57.714090909090906], [-0.82989, 44.3866, 57.714090909090906], [-0.82977, 44.38628, 54.3], [-0.82988, 44.38626, 54.3], [-0.82986, 44.38618, 54.3], [-0.82978, 44.38619, 54.3], [-0.8299, 44.386, 67.47500000000001], [-0.83014, 44.38582, 67.47500000000001], [-0.83038, 44.38576, 55.96], [-0.83069, 44.38574, 55.96], [-0.83097, 44.38583, 57.714090909090906], [-0.83115, 44.38599, 57.714090909090906], [-0.83124, 44.38615, 55.445454545454545]]]}}, {"type": "Feature", "properties": {"id_obligation": "402950000S0640", "priorite": "moyenne"}, "geometry": {"type": "Polygon", "coordinates": [[[-0.81935, 44.39558, 53.39999999999999], [-0.81949, 44.39578, 53.39999999999999], [-0.8195, 44.39595, 53.39999999999999], [-0.81938, 44.39623, 53.39999999999999], [-0.81922, 44.39635, 53.39999999999999], [-0.81898, 44.39643, 53.39999999999999], [-0.81885, 44.39658, 53.39999999999999], [-0.81865, 44.39669, 53.39999999999999], [-0.81833, 44.39672, 53.39999999999999], [-0.81797, 44.39664, 53.39999999999999], [-0.8178, 44.39651, 53.39999999999999], [-0.81771, 44.39634, 53.39999999999999], [-0.81773, 44.39611, 53.39999999999999], [-0.81783, 44.39595, 53.39999999999999], [-0.81813, 44.39579, 53.39999999999999], [-0.81825, 44.39559, 53.39999999999999], [-0.81843, 44.39547, 53.39999999999999], [-0.81873, 44.39541, 53.39999999999999], [-0.8191, 44.39545, 53.39999999999999], [-0.81935, 44.39558, 53.39999999999999]]]}}, {"type": "Feature", "properties": {"id_obligation": "402950000S0647", "priorite": "moyenne"}, "geometry": {"type": "Polygon", "coordinates": [[[-0.82796, 44.39134, 53.95128205128205], [-0.82804, 44.39117, 53.95128205128205], [-0.82821, 44.39104, 53.95128205128205], [-0.82849, 44.39094, 55.1], [-0.82873, 44.39093, 55.1], [-0.82896, 44.39098, 54.05384615384614], [-0.82901, 44.391, 54.3], [-0.82893, 44.39106, 54.0], [-0.82899, 44.39114, 54.0], [-0.82913, 44.39108, 53.9], [-0.82929, 44.3913, 53.95128205128205], [-0.82931, 44.39147, 53.95128205128205], [-0.82924, 44.39164, 53.95128205128205], [-0.82909, 44.39177, 53.95128205128205], [-0.8288, 44.39188, 53.95128205128205], [-0.82855, 44.3919, 53.95128205128205], [-0.82832, 44.39184, 53.95128205128205], [-0.82813, 44.39173, 53.95128205128205], [-0.828, 44.39156, 53.95128205128205], [-0.82796, 44.39134, 53.95128205128205]]]}}, {"type": "Feature", "properties": {"id_obligation": "402950000S0649", "priorite": "faible"}, "geometry": {"type": "MultiPolygon", "coordinates": [[[[-0.81812, 44.39429, 50.62919871794872], [-0.81824, 44.39445, 50.62919871794872], [-0.81829, 44.39465, 50.62919871794872], [-0.81821, 44.39487, 50.62919871794872], [-0.81805, 44.395, 50.62919871794872], [-0.81777, 44.39509, 50.62919871794872], [-0.81745, 44.39512, 50.62919871794872], [-0.81715, 44.39506, 50.62919871794872], [-0.81696, 44.39495, 50.62919871794872], [-0.81685, 44.39479, 50.62919871794872], [-0.81683, 44.39458, 51.86666666666667], [-0.8169, 44.39442, 51.86666666666667], [-0.81724, 44.39417, 50.1], [-0.81725, 44.39427, 50.1], [-0.81738, 44.39427, 50.1], [-0.8174, 44.39413, 49.8], [-0.81766, 44.39411, 50.34166666666667], [-0.81788, 44.39416, 50.62919871794872], [-0.81812, 44.39429, 50.62919871794872]]]]}}, {"type": "Feature", "properties": {"id_obligation": "402950000S0650", "priorite": "faible"}, "geometry": {"type": "Polygon", "coordinates": [[[-0.81646, 44.39493, 51.34174603174603], [-0.81625, 44.39483, 51.34174603174603], [-0.81612, 44.39468, 51.34174603174603], [-0.81607, 44.39448, 51.65999999999999], [-0.81608, 44.39443, 52.2], [-0.8163, 44.3944, 49.6], [-0.81621, 44.39431, 50.6], [-0.81609, 44.39436, 52.26100431537384], [-0.81627, 44.39411, 50.975], [-0.81653, 44.394, 52.1], [-0.81683, 44.39396, 52.1], [-0.81707, 44.394, 50.45714285714286], [-0.81727, 44.39411, 50.66043246131021], [-0.81725, 44.39427, 50.1], [-0.81738, 44.39427, 50.1], [-0.81738, 44.39422, 50.173196733809476], [-0.81746, 44.39454, 51.333333333333336], [-0.81741, 44.39471, 51.34174603174603], [-0.81727, 44.39485, 51.34174603174603], [-0.81707, 44.39495, 51.34174603174603], [-0.81678, 44.39498, 51.34174603174603], [-0.81646, 44.39493, 51.34174603174603]]]}}, {"type": "Feature", "properties": {"id_obligation": "402950000S0654", "priorite": "forte"}, "geometry": {"type": "Polygon", "coordinates": [[[-0.83223, 44.38561, 54.713541666666664], [-0.83197, 44.38571, 54.387499999999996], [-0.83173, 44.38573, 54.387499999999996], [-0.83144, 44.38567, 54.713541666666664], [-0.83126, 44.38555, 54.713541666666664], [-0.83114, 44.38539, 54.713541666666664], [-0.83113, 44.38522, 54.713541666666664], [-0.83122, 44.38499, 54.7], [-0.83138, 44.38486, 54.7], [-0.8316, 44.38478, 54.65], [-0.83184, 44.38476, 54.65], [-0.83212, 44.38483, 54.713541666666664], [-0.83231, 44.38494, 54.713541666666664], [-0.83242, 44.3851, 54.713541666666664], [-0.83244, 44.38528, 54.713541666666664], [-0.83237, 44.38546, 54.713541666666664], [-0.83223, 44.38561, 54.713541666666664]]]}}, {"type": "Feature", "properties": {"id_obligation": "402950000S0675", "priorite": "moyenne"}, "geometry": {"type": "Polygon", "coordinates": [[[-0.82221, 44.40183, -270.3662698412698], [-0.82234, 44.40198, -270.3662698412698], [-0.8224, 44.40228, -183.5222222222222], [-0.82234, 44.40245, 50.85714285714285], [-0.8222, 44.40259, 50.85714285714285], [-0.82194, 44.4027, 51.2], [-0.82162, 44.40272, 51.2], [-0.82138, 44.40269, -270.3662698412698], [-0.82114, 44.40255, -270.3662698412698], [-0.82103, 44.40239, -270.3662698412698], [-0.821, 44.40213, -270.3662698412698], [-0.82105, 44.40196, -270.3662698412698], [-0.8212, 44.40182, -270.3662698412698], [-0.82148, 44.4017, -270.3662698412698], [-0.82174, 44.40168, -270.3662698412698], [-0.822, 44.40173, -270.3662698412698], [-0.82221, 44.40183, -270.3662698412698]]]}}, {"type": "Feature", "properties": {"id_obligation": "402950000S0692", "priorite": "forte"}, "geometry": {"type": "Polygon", "coordinates": [[[-0.83079, 44.38961, 55.0811224489796], [-0.83044, 44.38974, 55.6], [-0.83014, 44.38976, 55.6], [-0.82981, 44.38965, 55.79999999999999], [-0.82967, 44.3895, 55.79999999999999], [-0.82954, 44.38922, 54.94285714285714], [-0.82937, 44.38907, 54.94285714285714], [-0.82924, 44.38877, 54.94285714285714], [-0.82923, 44.38855, 55.5], [-0.82936, 44.38835, 55.5], [-0.82956, 44.38824, 55.5], [-0.83001, 44.38815, 55.425000000000004], [-0.83031, 44.38817, 55.425000000000004], [-0.83052, 44.38825, 55.0811224489796], [-0.83073, 44.3885, 55.0811224489796], [-0.83099, 44.38867, 52.5], [-0.83111, 44.38891, 52.5], [-0.83111, 44.38913, 52.5], [-0.83079, 44.38961, 55.0811224489796]]]}}, {"type": "Feature", "properties": {"id_obligation": "402950000S0697", "priorite": "forte"}, "geometry": {"type": "Polygon", "coordinates": [[[-0.82902, 44.3891, 55.457142857142856], [-0.82918, 44.38891, 55.457142857142856], [-0.82945, 44.3888, 55.457142857142856], [-0.82989, 44.38876, 55.55441607102595], [-0.82992, 44.38886, 55.6], [-0.83, 44.38884, 55.7], [-0.83004, 44.38892, 55.7], [-0.83018, 44.38889, 55.8], [-0.83016, 44.38885, 55.749547314704614], [-0.83033, 44.38899, 55.55714285714284], [-0.83051, 44.38938, 55.6], [-0.8305, 44.38957, 55.457142857142856], [-0.8304, 44.38973, 55.457142857142856], [-0.83022, 44.38985, 55.457142857142856], [-0.82982, 44.38995, 55.457142857142856], [-0.82958, 44.38994, 55.457142857142856], [-0.82936, 44.38987, 55.457142857142856], [-0.8292, 44.38974, 55.457142857142856], [-0.829, 44.38932, 55.457142857142856], [-0.82902, 44.3891, 55.457142857142856]]]}}, {"type": "Feature", "properties": {"id_obligation": "402950000S0698", "priorite": "forte"}, "geometry": {"type": "Polygon", "coordinates": [[[-0.8302, 44.38911, 55.699999999999996], [-0.83009, 44.38927, 55.63333333333333], [-0.82986, 44.3894, 55.8], [-0.82978, 44.38921, 55.8], [-0.82962, 44.38924, 55.8], [-0.8297, 44.38944, 55.8], [-0.82954, 44.38945, 55.8], [-0.82925, 44.3894, 55.43466666666666], [-0.82906, 44.38929, 55.43466666666666], [-0.82894, 44.38914, 55.43466666666666], [-0.82886, 44.38888, 55.43466666666666], [-0.8289, 44.38871, 55.43466666666666], [-0.82903, 44.38857, 55.43466666666666], [-0.82922, 44.38847, 55.43466666666666], [-0.82952, 44.38841, 55.43466666666666], [-0.82976, 44.38844, 55.43466666666666], [-0.82997, 44.38853, 55.44], [-0.83005, 44.3886, 55.421827412559196], [-0.82984, 44.38865, 55.5], [-0.82992, 44.38886, 55.6], [-0.83, 44.38884, 55.7], [-0.83004, 44.38892, 55.7], [-0.83018, 44.38889, 55.8], [-0.83009, 44.38864, 55.46286813037534], [-0.83021, 44.38889, 55.699999999999996], [-0.8302, 44.38911, 55.699999999999996]]]}}, {"type": "Feature", "properties": {"id_obligation": "402950000S0714", "priorite": "faible"}, "geometry": {"type": "Polygon", "coordinates": [[[-0.81647, 44.39366, 51.736666666666665], [-0.81629, 44.39349, 51.736666666666665], [-0.81624, 44.39318, 51.736666666666665], [-0.81629, 44.39301, 51.736666666666665], [-0.81647, 44.39283, 51.736666666666665], [-0.81668, 44.39275, 51.736666666666665], [-0.81704, 44.39273, 51.736666666666665], [-0.81727, 44.39276, 51.736666666666665], [-0.81747, 44.39285, 51.736666666666665], [-0.81763, 44.39304, 51.736666666666665], [-0.81767, 44.3933, 50.86666666666666], [-0.81763, 44.39347, 51.50000000000001], [-0.81746, 44.39365, 51.50000000000001], [-0.81734, 44.39371, 50.05183236239566], [-0.81733, 44.39367, 50.0], [-0.81723, 44.39369, 50.1], [-0.81725, 44.39374, 50.1], [-0.81674, 44.39375, 51.736666666666665], [-0.81647, 44.39366, 51.736666666666665]]]}}, {"type": "Feature", "properties": {"id_obligation": "402950000S0715", "priorite": "moyenne"}, "geometry": {"type": "Polygon", "coordinates": [[[-0.82504, 44.39229, 53.0], [-0.82506, 44.39246, 53.0], [-0.82499, 44.39261, 55.62508823738569], [-0.82492, 44.39259, 58.2], [-0.82492, 44.39268, 52.0], [-0.82473, 44.39282, 52.55000000000002], [-0.82449, 44.39285, 52.3], [-0.8245, 44.39289, 52.36666666666667], [-0.82428, 44.39289, 52.5], [-0.82395, 44.39281, 52.5], [-0.82375, 44.39268, 52.5], [-0.82365, 44.39252, 53.35374122807018], [-0.82365, 44.39229, 53.35374122807018], [-0.82377, 44.39213, 55.7], [-0.82398, 44.39197, 55.7], [-0.8242, 44.3919, 53.30799999999999], [-0.82442, 44.3919, 55.0], [-0.82438, 44.39191, 55.0], [-0.82446, 44.39202, 55.0], [-0.82463, 44.39198, 55.0], [-0.82461, 44.39194, 55.0], [-0.82489, 44.3921, 55.0], [-0.82504, 44.39229, 53.0]]]}}, {"type": "Feature", "properties": {"id_obligation": "402950000S0717", "priorite": "moyenne"}, "geometry": {"type": "Polygon", "coordinates": [[[-0.82499, 44.39242, 53.0], [-0.82484, 44.39256, 53.0], [-0.82456, 44.39266, 52.4], [-0.82427, 44.39268, 52.4], [-0.82403, 44.39263, 51.3], [-0.82381, 44.39248, 51.3], [-0.82369, 44.39226, 56.53333333333334], [-0.82368, 44.39208, 56.53333333333334], [-0.82379, 44.39188, -209.91105072463768], [-0.82397, 44.39177, -209.91105072463768], [-0.82421, 44.3917, 55.0], [-0.8245, 44.39169, 55.0], [-0.82473, 44.39175, -1000.0], [-0.8249, 44.39187, -1000.0], [-0.82502, 44.39205, -1000.0], [-0.82506, 44.39222, -1000.0], [-0.82499, 44.39242, 53.0]]]}}, {"type": "Feature", "properties": {"id_obligation": "402950000S0718", "priorite": "moyenne"}, "geometry": {"type": "Polygon", "coordinates": [[[-0.82475, 44.39145, -122.67819674878497], [-0.82501, 44.39155, -122.67819674878497], [-0.82515, 44.39169, -122.67819674878497], [-0.82526, 44.39196, -1000.0], [-0.82522, 44.39214, -1000.0], [-0.82505, 44.39232, -122.67819674878497], [-0.82483, 44.39241, -122.67819674878497], [-0.82448, 44.39247, 52.54705882352942], [-0.82423, 44.39244, 52.96153846153845], [-0.82398, 44.39231, 52.96153846153845], [-0.82386, 44.39216, 53.20000000000001], [-0.82378, 44.39193, 53.20000000000001], [-0.82383, 44.39175, 51.60000000000001], [-0.82394, 44.39163, 51.6], [-0.82396, 44.39168, 51.6], [-0.82402, 44.39166, 51.6], [-0.8241, 44.39161, 51.6], [-0.82408, 44.39156, 51.6], [-0.824, 44.39158, 51.6], [-0.82405, 44.39155, 51.60000000000001], [-0.82445, 44.39144, -122.67819674878497], [-0.82475, 44.39145, -122.67819674878497]]]}}, {"type": "Feature", "properties": {"id_obligation": "402950000S0720", "priorite": "moyenne"}, "geometry": {"type": "Polygon", "coordinates": [[[-0.8246, 44.3914, -157.63925], [-0.82489, 44.39146, -157.63925], [-0.82512, 44.39161, -157.63925], [-0.82522, 44.39179, -1000.0], [-0.8252, 44.39201, -1000.0], [-0.82508, 44.39217, -157.63925], [-0.82486, 44.39228, -157.63925], [-0.8245, 44.39237, 52.285000000000004], [-0.82439, 44.39238, 51.99673022976266], [-0.82431, 44.39233, 51.3], [-0.82425, 44.39237, 51.3], [-0.82403, 44.3923, 52.91874999999999], [-0.82386, 44.39217, 52.91874999999999], [-0.82377, 44.392, -157.63925], [-0.82376, 44.39183, -157.63925], [-0.82385, 44.39167, 51.60000000000001], [-0.82392, 44.3916, 51.6], [-0.82396, 44.39168, 51.6], [-0.82402, 44.39166, 51.6], [-0.8241, 44.39161, 51.6], [-0.82408, 44.39156, 51.6], [-0.82393, 44.3916, 51.60000000000001], [-0.82429, 44.39145, -157.63925], [-0.8246, 44.3914, -157.63925]]]}}, {"type": "Feature", "properties": {"id_obligation": "402950000S0727", "priorite": "moyenne"}, "geometry": {"type": "Polygon", "coordinates": [[[-0.82548, 44.39221, 55.3], [-0.8255, 44.39235, 55.3], [-0.8256, 44.39233, 55.3], [-0.82559, 44.39227, 55.3], [-0.8257, 44.39238, 54.75833333333335], [-0.8258, 44.3926, 54.75833333333335], [-0.82573, 44.39283, 51.5], [-0.82558, 44.39298, 51.5], [-0.82529, 44.3931, 51.5], [-0.82482, 44.39313, 52.780952380952364], [-0.82481, 44.39305, 53.8], [-0.82472, 44.39305, 53.8], [-0.8247, 44.39311, 52.780952380952364], [-0.82413, 44.39277, 52.45384615384615], [-0.82399, 44.39254, 51.87857142857142], [-0.82403, 44.39228, 53.30800000000002], [-0.82411, 44.39218, 56.235355343714446], [-0.82415, 44.39227, 58.2], [-0.82424, 44.39224, 53.2], [-0.82418, 44.39213, 53.2], [-0.82426, 44.39208, 53.30800000000002], [-0.82463, 44.39198, 55.0], [-0.82492, 44.39201, -698.5714285714286], [-0.82548, 44.39221, 55.3]]]}}, {"type": "Feature", "properties": {"id_obligation": "402950000S0728", "priorite": "moyenne"}, "geometry": {"type": "Polygon", "coordinates": [[[-0.81402, 44.38879, 52.3153846153846], [-0.81397, 44.38874, 53.3], [-0.81385, 44.38877, 53.3], [-0.81388, 44.38883, 53.3], [-0.81374, 44.38885, 52.3153846153846], [-0.81344, 44.38881, 55.39999999999999], [-0.8132, 44.38868, 55.39999999999999], [-0.81306, 44.38842, -172.82637362637362], [-0.81312, 44.38814, -172.82637362637362], [-0.81343, 44.38782, 52.3], [-0.81347, 44.38789, 52.3], [-0.81369, 44.38783, 52.3], [-0.81365, 44.38775, 52.3], [-0.81344, 44.38781, 52.3], [-0.8135, 44.38777, 52.29999999999999], [-0.81379, 44.3877, 52.4], [-0.81403, 44.38771, 52.4], [-0.81425, 44.38779, -473.7], [-0.81446, 44.38794, -473.7], [-0.81455, 44.38809, -1000.0], [-0.81446, 44.38816, -1000.0], [-0.81457, 44.38818, -1000.0], [-0.81456, 44.38827, -1000.0], [-0.81433, 44.3886, -172.82637362637362], [-0.81402, 44.38879, 52.3153846153846]]]}}, {"type": "Feature", "properties": {"id_obligation": "402950000S0730", "priorite": "forte"}, "geometry": {"type": "Polygon", "coordinates": [[[-0.82513, 44.38535, 54.7], [-0.82539, 44.38524, 54.7], [-0.82578, 44.38525, 53.5], [-0.82578, 44.38534, 53.5], [-0.82594, 44.38534, 53.5], [-0.82594, 44.38528, 53.5], [-0.82602, 44.38531, 54.129999999999995], [-0.82624, 44.38546, 54.129999999999995], [-0.82633, 44.38564, 54.4], [-0.82622, 44.38603, 54.2005], [-0.82605, 44.38616, 54.2005], [-0.82583, 44.38624, 54.2005], [-0.82558, 44.38624, 54.2005], [-0.82525, 44.38617, 54.2005], [-0.82506, 44.38607, 54.2005], [-0.82494, 44.38592, 54.2005], [-0.8249, 44.38575, 54.2005], [-0.82496, 44.38553, 54.7], [-0.82513, 44.38535, 54.7]]]}}, {"type": "Feature", "properties": {"id_obligation": "402950000S0737", "priorite": "forte"}, "geometry": {"type": "Polygon", "coordinates": [[[-0.81789, 44.38671, 51.8048133197249], [-0.81788, 44.38666, 51.6], [-0.8178, 44.38667, 51.6], [-0.81783, 44.38676, 52.4], [-0.81788, 44.38675, 52.155596286460444], [-0.81777, 44.3869, 54.4], [-0.81756, 44.38702, 54.4], [-0.8173, 44.38708, 54.913333333333334], [-0.81706, 44.38707, 54.913333333333334], [-0.81684, 44.38699, 54.913333333333334], [-0.81668, 44.38685, 54.913333333333334], [-0.81658, 44.38664, 54.913333333333334], [-0.8166, 44.38647, 54.913333333333334], [-0.8167, 44.38632, 54.913333333333334], [-0.81688, 44.3862, 54.913333333333334], [-0.81715, 44.38612, 54.913333333333334], [-0.8174, 44.38613, 54.913333333333334], [-0.81762, 44.38621, 54.913333333333334], [-0.81779, 44.38634, 54.913333333333334], [-0.81789, 44.38652, 51.839999999999996], [-0.81789, 44.38671, 51.8048133197249]]]}}, {"type": "Feature", "properties": {"id_obligation": "402950000S0738", "priorite": "moyenne"}, "geometry": {"type": "Polygon", "coordinates": [[[-0.82921, 44.38602, 58.47135854341737], [-0.82898, 44.38588, 58.47135854341737], [-0.82887, 44.38567, 58.47135854341737], [-0.82889, 44.38542, 58.47135854341737], [-0.829, 44.38526, 58.47135854341737], [-0.82924, 44.38513, 58.47135854341737], [-0.82948, 44.38509, 58.47135854341737], [-0.8299, 44.3851, 58.47135854341737], [-0.83011, 44.38518, 58.47135854341737], [-0.8303, 44.38535, 58.47135854341737], [-0.83035, 44.3855, 56.3], [-0.83034, 44.38574, 69.9], [-0.83023, 44.3859, 69.9], [-0.83004, 44.38601, 53.7], [-0.82981, 44.38607, 53.7], [-0.82921, 44.38602, 58.47135854341737]]]}}, {"type": "Feature", "properties": {"id_obligation": "402950000S0742", "priorite": "moyenne"}, "geometry": {"type": "Polygon", "coordinates": [[[-0.82941, 44.39418, -208.94625], [-0.82926, 44.39394, -208.94625], [-0.82928, 44.39377, -208.94625], [-0.8295, 44.39339, -208.94625], [-0.82973, 44.39324, -208.94625], [-0.82997, 44.39319, -208.94625], [-0.83021, 44.3932, -208.94625], [-0.83058, 44.39332, 54.18000000000001], [-0.83066, 44.39336, 54.1], [-0.83062, 44.3934, 54.1], [-0.83079, 44.39349, 54.3], [-0.83064, 44.39343, 54.3], [-0.83059, 44.39351, 54.3], [-0.8308, 44.39358, 54.3], [-0.83082, 44.39354, 54.3], [-0.83086, 44.39368, 54.235], [-0.83063, 44.39419, -208.94625], [-0.83047, 44.39432, -1000.0], [-0.83026, 44.39439, -1000.0], [-0.83033, 44.39426, -1000.0], [-0.8302, 44.39422, -1000.0], [-0.83013, 44.39437, -1000.0], [-0.83019, 44.3944, -1000.0], [-0.82994, 44.39439, -1000.0], [-0.82965, 44.39431, -208.94625], [-0.82941, 44.39418, -208.94625]]]}}, {"type": "Feature", "properties": {"id_obligation": "402950000S0747", "priorite": "moyenne"}, "geometry": {"type": "Polygon", "coordinates": [[[-0.82812, 44.3853, 53.2], [-0.82815, 44.38556, 53.2], [-0.82805, 44.38576, 54.48025732031943], [-0.82784, 44.38592, 54.48025732031943], [-0.82754, 44.38598, 54.0], [-0.82719, 44.38594, 54.0], [-0.82694, 44.38582, 54.3], [-0.82704, 44.38583, 54.3], [-0.82703, 44.38555, 54.3], [-0.82692, 44.38555, 54.3], [-0.82692, 44.38581, 54.3], [-0.82668, 44.38562, 54.55], [-0.8266, 44.38545, 54.55], [-0.82663, 44.38521, 54.800000000000004], [-0.82675, 44.38505, 54.800000000000004], [-0.82694, 44.38494, 54.800000000000004], [-0.82717, 44.38488, 56.2], [-0.82744, 44.3849, 56.2], [-0.82792, 44.38509, 54.48025732031943], [-0.82812, 44.3853, 53.2]]]}}, {"type": "Feature", "properties": {"id_obligation": "402950000S0749", "priorite": "forte"}, "geometry": {"type": "Polygon", "coordinates": [[[-0.82495, 44.38495, 53.05], [-0.82522, 44.38485, 53.77452380952381], [-0.82546, 44.38484, 53.77452380952381], [-0.82584, 44.38492, 53.77452380952381], [-0.82605, 44.38506, 53.77452380952381], [-0.82614, 44.38522, 53.5], [-0.82614, 44.3854, 53.5], [-0.82605, 44.38563, 54.05], [-0.82584, 44.38579, 54.05], [-0.82561, 44.38585, 54.379999999999995], [-0.82536, 44.38585, 54.379999999999995], [-0.82504, 44.38578, 53.77452380952381], [-0.82485, 44.38566, 53.77452380952381], [-0.82474, 44.3855, 53.30999999999999], [-0.82473, 44.38533, 53.30999999999999], [-0.82479, 44.38514, 53.05], [-0.82495, 44.38495, 53.05]]]}}, {"type": "Feature", "properties": {"id_obligation": "402950000S0751", "priorite": "forte"}, "geometry": {"type": "Polygon", "coordinates": [[[-0.82551, 44.38546, 54.70000000000001], [-0.82532, 44.38562, 54.70000000000001], [-0.82511, 44.3857, 54.2], [-0.82481, 44.38573, 54.2], [-0.82452, 44.38566, 54.31999999999999], [-0.82434, 44.38554, 54.31999999999999], [-0.82424, 44.38537, 53.76666666666667], [-0.82422, 44.38518, 53.76666666666667], [-0.82429, 44.38501, 54.19076023391813], [-0.82445, 44.38484, 54.19076023391813], [-0.82466, 44.38474, 54.19076023391813], [-0.82497, 44.38471, 54.19076023391813], [-0.8252, 44.38475, 54.19076023391813], [-0.82544, 44.38488, 54.19076023391813], [-0.82554, 44.38503, 54.7], [-0.82558, 44.38526, 54.7], [-0.82551, 44.38546, 54.70000000000001]]]}}, {"type": "Feature", "properties": {"id_obligation": "402950000S0762", "priorite": "moyenne"}, "geometry": {"type": "Polygon", "coordinates": [[[-0.81974, 44.39714, 52.61653846153847], [-0.81962, 44.39729, 52.61653846153847], [-0.81943, 44.39739, 52.61653846153847], [-0.81908, 44.39746, 51.42], [-0.81884, 44.39744, 55.8], [-0.81865, 44.39737, 55.8], [-0.81863, 44.39724, 55.8], [-0.8185, 44.39726, 55.8], [-0.81839, 44.39701, 52.39999999999999], [-0.81844, 44.39679, 52.61653846153847], [-0.81858, 44.39664, 52.61653846153847], [-0.81879, 44.39654, 52.61653846153847], [-0.8191, 44.39649, 52.61653846153847], [-0.81934, 44.39652, 52.61653846153847], [-0.81956, 44.39661, 52.61653846153847], [-0.8197, 44.39675, 52.61653846153847], [-0.81977, 44.39693, 52.61653846153847], [-0.81974, 44.39714, 52.61653846153847]]]}}, {"type": "Feature", "properties": {"id_obligation": "402950000S0763", "priorite": "moyenne"}, "geometry": {"type": "Polygon", "coordinates": [[[-0.81929, 44.39739, 51.46583095495632], [-0.81927, 44.39733, 51.3], [-0.81921, 44.39733, 51.2], [-0.81924, 44.39742, 51.6], [-0.81929, 44.39741, 51.5093417831962], [-0.81923, 44.39757, 52.37611111111111], [-0.81897, 44.39776, 52.37611111111111], [-0.81848, 44.39783, 52.699999999999996], [-0.81814, 44.39774, 52.37611111111111], [-0.81795, 44.39756, 52.37611111111111], [-0.81787, 44.39726, 52.37611111111111], [-0.81793, 44.39688, 52.37611111111111], [-0.81808, 44.39665, 52.37611111111111], [-0.81827, 44.39654, 52.37611111111111], [-0.8186, 44.39647, 52.4], [-0.81885, 44.39649, 51.96666666666666], [-0.81906, 44.39658, 51.96666666666666], [-0.81927, 44.39684, 51.96666666666666], [-0.81929, 44.39739, 51.46583095495632]]]}}, {"type": "Feature", "properties": {"id_obligation": "402950000S0764", "priorite": "moyenne"}, "geometry": {"type": "Polygon", "coordinates": [[[-0.8229, 44.39247, 51.7], [-0.82316, 44.39258, 51.7], [-0.82335, 44.39285, 51.9], [-0.82337, 44.39306, 51.9], [-0.82327, 44.39322, 51.7], [-0.82305, 44.39337, 51.7], [-0.82265, 44.39349, 51.7], [-0.82234, 44.3935, 51.7], [-0.82212, 44.39344, 51.7], [-0.82194, 44.39332, 51.7], [-0.8218, 44.39307, 51.7], [-0.8218, 44.3929, 51.7], [-0.82202, 44.39263, 51.7], [-0.82259, 44.39246, 51.7], [-0.8229, 44.39247, 51.7]]]}}, {"type": "Feature", "properties": {"id_obligation": "402950000S0767", "priorite": "moyenne"}, "geometry": {"type": "Polygon", "coordinates": [[[-0.82322, 44.39239, 52.2], [-0.82348, 44.3925, 52.2], [-0.82361, 44.39265, 52.2], [-0.82345, 44.39271, 52.2], [-0.82351, 44.39277, 52.2], [-0.82365, 44.39272, 52.2], [-0.82369, 44.39295, 52.199999999999996], [-0.82358, 44.39316, 51.918749999999996], [-0.8234, 44.39328, 51.918749999999996], [-0.82308, 44.39338, 51.918749999999996], [-0.82274, 44.3934, 51.918749999999996], [-0.82251, 44.39335, 51.918749999999996], [-0.82232, 44.39324, 51.918749999999996], [-0.82215, 44.39301, 51.6], [-0.82212, 44.39284, 51.6], [-0.82218, 44.39268, 51.918749999999996], [-0.82232, 44.39254, 51.918749999999996], [-0.82253, 44.39245, 51.918749999999996], [-0.82286, 44.39238, 51.918749999999996], [-0.82322, 44.39239, 52.2]]]}}, {"type": "Feature", "properties": {"id_obligation": "402950000S0859", "priorite": "moyenne"}, "geometry": {"type": "Polygon", "coordinates": [[[-0.83276, 44.39219, 55.5], [-0.83258, 44.39239, 55.5], [-0.8325, 44.39237, 55.5], [-0.83246, 44.39246, 55.5], [-0.83216, 44.39254, 54.0], [-0.83191, 44.39252, 54.0], [-0.83163, 44.39244, 54.0], [-0.83166, 44.39237, 54.0], [-0.83157, 44.39234, 54.0], [-0.83155, 44.3924, 54.0], [-0.8315, 44.39237, 54.0], [-0.83135, 44.39214, 54.14868421052632], [-0.83138, 44.3919, 54.14868421052632], [-0.83154, 44.39159, 54.14868421052632], [-0.83172, 44.39146, 54.14868421052632], [-0.83202, 44.39137, 54.14868421052632], [-0.83239, 44.39141, 54.14868421052632], [-0.83265, 44.39153, 54.14868421052632], [-0.83283, 44.39175, 54.14868421052632], [-0.83284, 44.39199, 54.14868421052632], [-0.83276, 44.39219, 55.5]]]}}, {"type": "Feature", "properties": {"id_obligation": "402950000S0865", "priorite": "forte"}, "geometry": {"type": "Polygon", "coordinates": [[[-0.82545, 44.38486, 54.20431818181818], [-0.82574, 44.38479, 54.20431818181818], [-0.82614, 44.38482, 54.20431818181818], [-0.82644, 44.38496, 54.20431818181818], [-0.82656, 44.38516, 54.20431818181818], [-0.82656, 44.38544, 54.39999999999999], [-0.82648, 44.38557, 54.4], [-0.82646, 44.38549, 54.4], [-0.82629, 44.38552, 54.4], [-0.82634, 44.38566, 54.4], [-0.8264, 44.38565, 54.4], [-0.82613, 44.38589, 53.712500000000006], [-0.82585, 44.38599, 54.6], [-0.82554, 44.38599, 54.20431818181818], [-0.82531, 44.38594, 54.20431818181818], [-0.82512, 44.38583, 54.20431818181818], [-0.82499, 44.38564, 54.20431818181818], [-0.82497, 44.38542, 54.7], [-0.82504, 44.38525, 54.7], [-0.82545, 44.38486, 54.20431818181818]]]}}, {"type": "Feature", "properties": {"id_obligation": "402950000S0869", "priorite": "moyenne"}, "geometry": {"type": "Polygon", "coordinates": [[[-0.82638, 44.38618, 54.11626984126985], [-0.82605, 44.38618, 54.11626984126985], [-0.82578, 44.38609, 54.11626984126985], [-0.82559, 44.38592, 54.11626984126985], [-0.82555, 44.38577, 54.6], [-0.82568, 44.3858, 54.6], [-0.82571, 44.3857, 54.6], [-0.82556, 44.38568, 54.6], [-0.82554, 44.38572, 54.6], [-0.82559, 44.38551, 54.05000000000001], [-0.8256, 44.38554, 53.5], [-0.82573, 44.38554, 53.5], [-0.82573, 44.38545, 53.5], [-0.82563, 44.38545, 53.5], [-0.82573, 44.38532, 53.5], [-0.82578, 44.38525, 53.5], [-0.82578, 44.38534, 53.5], [-0.82594, 44.38534, 53.5], [-0.82594, 44.38524, 53.5], [-0.8258, 44.38524, 53.5], [-0.82603, 44.38511, 54.11626984126985], [-0.82637, 44.38504, 54.11626984126985], [-0.82662, 44.38506, 54.800000000000004], [-0.82688, 44.38516, 54.800000000000004], [-0.82703, 44.38531, 54.800000000000004], [-0.82711, 44.38558, 54.01428571428572], [-0.82706, 44.38577, 54.01428571428572], [-0.82704, 44.38582, 54.3], [-0.82703, 44.38555, 54.3], [-0.82692, 44.38555, 54.3], [-0.82692, 44.38582, 54.3], [-0.82704, 44.38583, 54.3], [-0.82691, 44.38595, 54.3], [-0.82638, 44.38618, 54.11626984126985]]]}}, {"type": "Feature", "properties": {"id_obligation": "402950000S0875", "priorite": "moyenne"}, "geometry": {"type": "Polygon", "coordinates": [[[-0.81483, 44.38859, -97.55142857142857], [-0.81452, 44.38864, -97.55142857142857], [-0.81423, 44.38859, 51.9], [-0.81395, 44.38842, 51.9], [-0.81385, 44.38827, 51.9], [-0.81394, 44.38819, 51.9], [-0.81384, 44.38816, 51.9], [-0.81388, 44.38799, 52.04], [-0.814, 44.38786, 52.6], [-0.81408, 44.38791, 52.6], [-0.81417, 44.38783, 52.6], [-0.81409, 44.38778, 52.544632319649615], [-0.81423, 44.38765, 52.7], [-0.81429, 44.3877, 52.7], [-0.81442, 44.38763, 52.7], [-0.81438, 44.38756, 52.7], [-0.81468, 44.38749, 52.7], [-0.81492, 44.38751, 56.300000000000004], [-0.81514, 44.3876, 56.300000000000004], [-0.81536, 44.38778, 56.300000000000004], [-0.81544, 44.38794, 51.6], [-0.81543, 44.38812, 51.6], [-0.81514, 44.38843, -97.55142857142857], [-0.81483, 44.38859, -97.55142857142857]]]}}, {"type": "Feature", "properties": {"id_obligation": "402950000S0884", "priorite": "moyenne"}, "geometry": {"type": "Polygon", "coordinates": [[[-0.81608, 44.38663, -1000.0], [-0.81602, 44.38668, -1000.0], [-0.81617, 44.38677, -1000.0], [-0.81626, 44.3867, -1000.0], [-0.81614, 44.38663, -1000.0], [-0.81633, 44.38668, -210.25], [-0.81655, 44.38683, -210.25], [-0.81672, 44.38707, 52.775], [-0.81672, 44.38725, 52.775], [-0.81658, 44.38745, 52.525000000000006], [-0.8162, 44.38765, 52.3], [-0.81597, 44.38771, 52.3], [-0.81567, 44.38769, 52.1], [-0.81545, 44.38761, 52.1], [-0.81526, 44.38742, 52.1], [-0.81517, 44.38726, 52.0], [-0.81518, 44.38708, 52.0], [-0.81528, 44.38692, -112.00625], [-0.81575, 44.38667, -1000.0], [-0.81608, 44.38663, -1000.0]]]}}, {"type": "Feature", "properties": {"id_obligation": "402950000S0885", "priorite": "moyenne"}, "geometry": {"type": "Polygon", "coordinates": [[[-0.8157, 44.38685, 52.5], [-0.81599, 44.38693, 52.5], [-0.81623, 44.38715, 52.5], [-0.81632, 44.38735, 52.36666666666667], [-0.81627, 44.38756, 52.3], [-0.81613, 44.38735, 52.3], [-0.81601, 44.38739, 52.3], [-0.81617, 44.38764, 52.3], [-0.81622, 44.38762, 52.3], [-0.81612, 44.38771, 52.29999999999999], [-0.81577, 44.38787, 53.00777777777778], [-0.81554, 44.38792, 53.00777777777778], [-0.81529, 44.38789, 56.300000000000004], [-0.81508, 44.38781, 56.3], [-0.81522, 44.38774, 56.3], [-0.81513, 44.38764, 56.3], [-0.81498, 44.38772, 56.3], [-0.8148, 44.38742, 53.00777777777778], [-0.81483, 44.38724, 53.00777777777778], [-0.81495, 44.38709, 53.00777777777778], [-0.8154, 44.38688, 52.5], [-0.8157, 44.38685, 52.5]]]}}, {"type": "Feature", "properties": {"id_obligation": "402950000S0886", "priorite": "forte"}, "geometry": {"type": "Polygon", "coordinates": [[[-0.81628, 44.38691, 53.0], [-0.81624, 44.38693, 53.0], [-0.81633, 44.38705, 53.0], [-0.81648, 44.38698, 53.0], [-0.81656, 44.38702, 52.86666666666667], [-0.8167, 44.38716, 52.86666666666667], [-0.81691, 44.38754, 52.6], [-0.8169, 44.38771, 52.52166666666667], [-0.81675, 44.3879, 52.52166666666667], [-0.81655, 44.38801, 52.52166666666667], [-0.81625, 44.38808, 52.52166666666667], [-0.81595, 44.38806, 52.52166666666667], [-0.81574, 44.38797, 52.52166666666667], [-0.8156, 44.38782, 52.52166666666667], [-0.81539, 44.38745, 52.08], [-0.8154, 44.38728, 52.5], [-0.81551, 44.38712, 52.5], [-0.81569, 44.387, 52.5], [-0.81599, 44.38691, 52.75], [-0.81628, 44.38691, 53.0]]]}}, {"type": "Feature", "properties": {"id_obligation": "402950000S0893", "priorite": "moyenne"}, "geometry": {"type": "Polygon", "coordinates": [[[-0.81389, 44.38745, 52.45], [-0.81416, 44.38755, 52.59166666666667], [-0.81432, 44.38772, 52.59166666666667], [-0.81441, 44.38798, 52.6], [-0.81436, 44.38815, -20.93472222222221], [-0.81418, 44.38832, -20.93472222222221], [-0.81386, 44.38843, 51.500000000000014], [-0.81363, 44.38847, 51.500000000000014], [-0.81339, 44.38843, -20.93472222222221], [-0.81318, 44.38834, -20.93472222222221], [-0.81305, 44.38819, -20.93472222222221], [-0.81295, 44.38794, -387.1166666666666], [-0.81299, 44.38777, -20.93472222222221], [-0.81312, 44.38763, -20.93472222222221], [-0.8136, 44.38745, 52.45], [-0.81389, 44.38745, 52.45]]]}}, {"type": "Feature", "properties": {"id_obligation": "402950000S0894", "priorite": "moyenne"}, "geometry": {"type": "Polygon", "coordinates": [[[-0.8143, 44.38796, 52.60833333333334], [-0.81414, 44.38815, 51.9], [-0.81386, 44.38826, 51.9], [-0.81394, 44.38819, 51.9], [-0.81386, 44.38814, 51.9], [-0.81372, 44.38827, 51.9], [-0.81377, 44.38829, 51.9], [-0.81352, 44.38834, 51.98], [-0.81328, 44.38832, -1000.0], [-0.81302, 44.38821, -1000.0], [-0.81288, 44.38806, -1000.0], [-0.81284, 44.38798, 51.6], [-0.81289, 44.38797, 51.6], [-0.8128, 44.38785, 50.80000000000001], [-0.81285, 44.38763, -79.40770833333333], [-0.81299, 44.38749, -79.40770833333333], [-0.81319, 44.38739, -79.40770833333333], [-0.8136, 44.3873, 52.6], [-0.81384, 44.38732, 52.6], [-0.81405, 44.3874, 52.55], [-0.8142, 44.38754, 52.55], [-0.81424, 44.3876, 52.7], [-0.8142, 44.38763, 52.7], [-0.81431, 44.38774, 52.60833333333334], [-0.8143, 44.38796, 52.60833333333334]]]}}, {"type": "Feature", "properties": {"id_obligation": "402950000S0895", "priorite": "moyenne"}, "geometry": {"type": "Polygon", "coordinates": [[[-0.81464, 44.38749, 52.7], [-0.81468, 44.38766, 52.7], [-0.81462, 44.38782, 52.60223311546841], [-0.81448, 44.38796, 52.60223311546841], [-0.81423, 44.3881, 52.60223311546841], [-0.81399, 44.38815, 52.45000000000001], [-0.81369, 44.38811, 52.300000000000004], [-0.81349, 44.38801, 52.300000000000004], [-0.81328, 44.3878, 52.3], [-0.81321, 44.38763, 52.3], [-0.81324, 44.38746, 52.3], [-0.8134, 44.38728, 52.60223311546841], [-0.81369, 44.38713, 53.34117647058822], [-0.81397, 44.38709, 52.8], [-0.81423, 44.38715, 52.60223311546841], [-0.8145, 44.38731, 52.60223311546841], [-0.81464, 44.38749, 52.7]]]}}, {"type": "Feature", "properties": {"id_obligation": "402950000S0896", "priorite": "moyenne"}, "geometry": {"type": "Polygon", "coordinates": [[[-0.81476, 44.38768, -1000.0], [-0.81479, 44.3879, -1000.0], [-0.81476, 44.38797, -1000.0], [-0.81472, 44.38794, -1000.0], [-0.81463, 44.38803, -1000.0], [-0.8147, 44.38807, -1000.0], [-0.81445, 44.38827, -1000.0], [-0.81423, 44.38835, 51.9], [-0.81392, 44.38834, 51.9], [-0.81381, 44.38831, 51.9], [-0.81394, 44.38819, 51.9], [-0.81386, 44.38814, 51.9], [-0.81372, 44.38827, 51.9], [-0.81355, 44.38818, 51.9], [-0.81343, 44.38809, 51.9], [-0.81331, 44.38789, 52.3], [-0.81333, 44.38771, 52.3], [-0.81344, 44.38755, -210.75694444444443], [-0.81366, 44.38738, -210.75694444444443], [-0.81388, 44.38731, 52.53333333333333], [-0.81413, 44.3873, 52.53333333333333], [-0.81436, 44.38736, 52.7], [-0.8146, 44.3875, 52.7], [-0.81476, 44.38768, -1000.0]]]}}, {"type": "Feature", "properties": {"id_obligation": "402950000S0901", "priorite": "moyenne"}, "geometry": {"type": "Polygon", "coordinates": [[[-0.83283, 44.38812, 53.883333333333326], [-0.83268, 44.38797, 53.883333333333326], [-0.83262, 44.3878, 53.883333333333326], [-0.83266, 44.38758, 53.883333333333326], [-0.83278, 44.38743, 53.883333333333326], [-0.83298, 44.38732, 53.883333333333326], [-0.83322, 44.38728, 53.883333333333326], [-0.83353, 44.38731, 53.0], [-0.83374, 44.38739, 53.0], [-0.83389, 44.38753, 53.0], [-0.83395, 44.3877, 53.883333333333326], [-0.83392, 44.38792, 53.883333333333326], [-0.8338, 44.38807, 53.883333333333326], [-0.83361, 44.38818, 53.883333333333326], [-0.83338, 44.38823, 53.883333333333326], [-0.83312, 44.38822, 53.883333333333326], [-0.83283, 44.38812, 53.883333333333326]]]}}, {"type": "Feature", "properties": {"id_obligation": "402950000S0904", "priorite": "forte"}, "geometry": {"type": "Polygon", "coordinates": [[[-0.83374, 44.38858, -77.1747380952381], [-0.83346, 44.38874, -77.1747380952381], [-0.83302, 44.38877, -77.1747380952381], [-0.83224, 44.38892, -605.0125], [-0.83199, 44.38891, -77.1747380952381], [-0.83169, 44.38877, -77.1747380952381], [-0.83151, 44.38848, -77.1747380952381], [-0.8312, 44.3883, 54.957142857142856], [-0.83111, 44.38813, 54.957142857142856], [-0.8311, 44.38788, 54.800000000000004], [-0.83124, 44.38769, 54.800000000000004], [-0.83143, 44.38758, 54.800000000000004], [-0.83176, 44.38752, 54.800000000000004], [-0.832, 44.38754, -77.1747380952381], [-0.83255, 44.38779, -77.1747380952381], [-0.83296, 44.38785, -77.1747380952381], [-0.83331, 44.38782, -77.1747380952381], [-0.83355, 44.38788, -77.1747380952381], [-0.8338, 44.38808, 54.839999999999996], [-0.83386, 44.38834, 54.839999999999996], [-0.83374, 44.38858, -77.1747380952381]]]}}, {"type": "Feature", "properties": {"id_obligation": "402950000S0909", "priorite": "moyenne"}, "geometry": {"type": "Polygon", "coordinates": [[[-0.81369, 44.38783, 52.3], [-0.81358, 44.38767, 52.471428571428575], [-0.81362, 44.38746, 52.471428571428575], [-0.81376, 44.38731, 55.8], [-0.81389, 44.38728, 55.8], [-0.81392, 44.38721, 55.8], [-0.81409, 44.38713, 56.2], [-0.81439, 44.3871, 56.2], [-0.81463, 44.38715, -97.53698998917748], [-0.81482, 44.38727, -97.53698998917748], [-0.815, 44.38746, 56.3], [-0.81505, 44.38763, 56.3], [-0.81493, 44.38778, 56.3], [-0.81501, 44.38778, 56.3], [-0.81497, 44.38785, -297.3666666666667], [-0.8148, 44.38799, -1000.0], [-0.81472, 44.38794, -1000.0], [-0.81463, 44.38803, -1000.0], [-0.81468, 44.38805, -1000.0], [-0.81451, 44.38812, -1000.0], [-0.81428, 44.38815, -808.6181818181817], [-0.81405, 44.38812, -808.6181818181817], [-0.81385, 44.38802, 52.337500000000006], [-0.81365, 44.38784, 52.337500000000006], [-0.81369, 44.38783, 52.3]]]}}, {"type": "Feature", "properties": {"id_obligation": "402950000S0950", "priorite": "forte"}, "geometry": {"type": "Polygon", "coordinates": [[[-0.81577, 44.3872, 52.43333333333334], [-0.81589, 44.38701, 52.5], [-0.81624, 44.38683, 53.0], [-0.81648, 44.38678, 53.0], [-0.81672, 44.38679, 52.51888888888889], [-0.81699, 44.38691, 52.51888888888889], [-0.81718, 44.38712, 52.51888888888889], [-0.81725, 44.38729, 52.51888888888889], [-0.81723, 44.38746, 52.51888888888889], [-0.81707, 44.38765, 52.51888888888889], [-0.81676, 44.38779, 52.3], [-0.81652, 44.38784, 52.3], [-0.81628, 44.38782, 52.3], [-0.81606, 44.38774, 52.3], [-0.81578, 44.38742, 52.43333333333334], [-0.81577, 44.3872, 52.43333333333334]]]}}, {"type": "Feature", "properties": {"id_obligation": "402950000S0951", "priorite": "forte"}, "geometry": {"type": "Polygon", "coordinates": [[[-0.81653, 44.38643, -1000.0], [-0.81681, 44.38652, -298.27500000000003], [-0.81705, 44.38678, -298.27500000000003], [-0.81711, 44.38694, -298.27500000000003], [-0.81709, 44.38712, -298.27500000000003], [-0.81693, 44.38731, -298.27500000000003], [-0.81662, 44.38744, 52.5], [-0.81639, 44.38749, 52.5], [-0.81622, 44.38749, 52.3], [-0.81613, 44.38735, 52.3], [-0.81601, 44.38739, 52.3], [-0.81605, 44.38745, 52.3], [-0.81589, 44.38737, 52.349999999999994], [-0.81569, 44.38715, 52.5], [-0.81561, 44.38698, 52.5], [-0.81564, 44.3868, -1000.0], [-0.81575, 44.38664, -1000.0], [-0.81623, 44.38643, -1000.0], [-0.81653, 44.38643, -1000.0]]]}}, {"type": "Feature", "properties": {"id_obligation": "402950000S0952", "priorite": "forte"}, "geometry": {"type": "Polygon", "coordinates": [[[-0.81636, 44.3872, 52.75], [-0.81605, 44.38722, 52.75], [-0.816, 44.38721, 52.5], [-0.8161, 44.38716, 52.5], [-0.81603, 44.38708, 52.5], [-0.81585, 44.38716, 52.5], [-0.81553, 44.38697, 52.5], [-0.8154, 44.38677, -157.75], [-0.8154, 44.38659, -157.75], [-0.8155, 44.38643, -157.75], [-0.81571, 44.38626, -157.75], [-0.81598, 44.38617, -157.75], [-0.81622, 44.38617, -157.75], [-0.81645, 44.38623, -157.75], [-0.81674, 44.38642, -157.75], [-0.81686, 44.38657, 53.0], [-0.81688, 44.38675, 53.0], [-0.81681, 44.38691, 53.0], [-0.81662, 44.38709, 53.0], [-0.81636, 44.3872, 52.75]]]}}, {"type": "Feature", "properties": {"id_obligation": "402950000S0955", "priorite": "moyenne"}, "geometry": {"type": "Polygon", "coordinates": [[[-0.82335, 44.39273, 52.199999999999996], [-0.8236, 44.3926, 52.199999999999996], [-0.82384, 44.39257, 52.300000000000004], [-0.82425, 44.3926, 52.3375], [-0.82458, 44.39278, 52.3375], [-0.82462, 44.39284, 52.3], [-0.82449, 44.39285, 52.3], [-0.8245, 44.3929, 52.3], [-0.82463, 44.39286, 52.3375], [-0.82467, 44.39303, 52.06250000000001], [-0.82464, 44.39324, 52.06250000000001], [-0.82452, 44.3934, 52.20773809523809], [-0.82427, 44.39352, 52.20773809523809], [-0.82397, 44.39355, 53.3], [-0.82403, 44.39338, 53.3], [-0.82386, 44.39337, 53.3], [-0.82384, 44.39355, 53.3], [-0.82362, 44.39352, 52.20773809523809], [-0.82341, 44.39344, 52.20773809523809], [-0.82326, 44.3933, 52.20773809523809], [-0.82319, 44.39313, 52.20773809523809], [-0.82321, 44.39292, 52.199999999999996], [-0.82335, 44.39273, 52.199999999999996]]]}}, {"type": "Feature", "properties": {"id_obligation": "402950000S0956", "priorite": "moyenne"}, "geometry": {"type": "Polygon", "coordinates": [[[-0.82425, 44.39241, 51.86666666666667], [-0.82436, 44.39247, 52.7], [-0.8244, 44.39243, 52.661026060997], [-0.82455, 44.39247, 51.975], [-0.8248, 44.39263, 51.975], [-0.82491, 44.39279, 52.88095238095237], [-0.82493, 44.39297, 52.88095238095237], [-0.82486, 44.39313, 52.88095238095237], [-0.82461, 44.39333, 52.2844450280112], [-0.82439, 44.39341, 52.0], [-0.82406, 44.39342, 52.0], [-0.82403, 44.39338, 53.3], [-0.82382, 44.39338, 53.3], [-0.82358, 44.39325, 53.3], [-0.82347, 44.39309, 51.9], [-0.82349, 44.39276, 52.2], [-0.82358, 44.39277, 52.2], [-0.82371, 44.39269, 52.2], [-0.82366, 44.39263, 52.2], [-0.82355, 44.39267, 52.2], [-0.82375, 44.39252, 52.199999999999996], [-0.82425, 44.39241, 51.86666666666667]]]}}, {"type": "Feature", "properties": {"id_obligation": "402950000S0957", "priorite": "moyenne"}, "geometry": {"type": "Polygon", "coordinates": [[[-0.825, 44.39319, 53.09999999999998], [-0.82488, 44.3934, 52.839999999999996], [-0.82469, 44.39351, 52.839999999999996], [-0.82434, 44.3936, 51.48571428571428], [-0.82397, 44.39355, 53.3], [-0.82403, 44.39338, 53.3], [-0.82386, 44.39337, 53.3], [-0.82384, 44.39349, 52.65], [-0.82369, 44.39335, 52.65], [-0.8236, 44.39315, 51.89999999999999], [-0.82363, 44.39293, 52.335133928571416], [-0.82376, 44.39278, 52.335133928571416], [-0.82396, 44.39268, 52.335133928571416], [-0.82425, 44.39261, 52.44285714285714], [-0.8245, 44.39262, 52.44285714285714], [-0.82472, 44.3927, 52.199999999999996], [-0.82488, 44.39283, 52.199999999999996], [-0.82499, 44.39302, 53.09999999999998], [-0.825, 44.39319, 53.09999999999998]]]}}, {"type": "Feature", "properties": {"id_obligation": "402950000S0961", "priorite": "moyenne"}, "geometry": {"type": "Polygon", "coordinates": [[[-0.81585, 44.38772, -210.31102564102562], [-0.81579, 44.38794, -210.31102564102562], [-0.81564, 44.38808, -210.31102564102562], [-0.81525, 44.38825, -474.2], [-0.81501, 44.38827, -474.2], [-0.81468, 44.38821, -1000.0], [-0.81458, 44.38817, -1000.0], [-0.81466, 44.3881, -1000.0], [-0.8146, 44.38806, -1000.0], [-0.81451, 44.38812, -1000.0], [-0.81434, 44.38793, 52.7], [-0.81431, 44.38771, 52.7], [-0.81442, 44.38763, 52.7], [-0.81437, 44.38758, 52.7], [-0.81444, 44.38749, 52.7], [-0.8146, 44.38736, 52.7], [-0.81494, 44.38722, -210.31102564102562], [-0.81518, 44.3872, -210.31102564102562], [-0.81541, 44.38724, 52.08], [-0.81557, 44.38732, 52.02600184407476], [-0.81542, 44.38739, 52.1], [-0.81549, 44.38747, 52.1], [-0.81566, 44.38739, 52.1], [-0.8158, 44.38755, -210.31102564102562], [-0.81585, 44.38772, -210.31102564102562]]]}}, {"type": "Feature", "properties": {"id_obligation": "402950000S0977", "priorite": "moyenne"}, "geometry": {"type": "MultiPolygon", "coordinates": [[[[-0.82489, 44.39248, -157.028], [-0.82462, 44.3924, 52.65], [-0.82442, 44.39224, 52.65], [-0.82431, 44.39199, 53.570000000000014], [-0.82433, 44.39182, -157.028], [-0.82448, 44.39164, -157.028], [-0.82468, 44.39154, -157.028], [-0.82501, 44.39145, -157.028], [-0.82531, 44.39148, -157.028], [-0.82552, 44.39157, -157.028], [-0.82566, 44.39171, -157.028], [-0.82577, 44.39192, 53.9], [-0.82575, 44.39209, 53.9], [-0.82564, 44.39225, 54.73999999999999], [-0.82559, 44.39216, 55.3], [-0.82547, 44.39218, 55.3], [-0.8255, 44.39235, 55.3], [-0.82519, 44.39246, -157.028], [-0.82489, 44.39248, -157.028]]], [[[-0.82558, 44.39227, 55.3], [-0.82562, 44.39227, 55.3], [-0.82561, 44.39228, 54.73999999999999], [-0.82558, 44.39227, 55.3]]]]}}, {"type": "Feature", "properties": {"id_obligation": "402950000S0980", "priorite": "moyenne"}, "geometry": {"type": "Polygon", "coordinates": [[[-0.82727, 44.38491, 56.2], [-0.82723, 44.38497, 56.2], [-0.82735, 44.38498, 56.2], [-0.82744, 44.38514, 55.3], [-0.82744, 44.38538, 55.3], [-0.82731, 44.38557, 53.32000000000001], [-0.82706, 44.38571, 53.8], [-0.82703, 44.38555, 54.3], [-0.82692, 44.38555, 54.3], [-0.82689, 44.38574, 54.228571428571435], [-0.82653, 44.38573, 54.39999999999999], [-0.82625, 44.38564, 54.39999999999999], [-0.82609, 44.38551, 54.39999999999999], [-0.82602, 44.38534, 54.79265306122449], [-0.82603, 44.38512, 54.79265306122449], [-0.82615, 44.38492, 54.79265306122449], [-0.82634, 44.38481, 54.79265306122449], [-0.82658, 44.38476, 55.3], [-0.82685, 44.38476, 55.3], [-0.82727, 44.38491, 56.2]]]}}, {"type": "Feature", "properties": {"id_obligation": "BATIMENT0000000018411543", "priorite": "moyenne"}, "geometry": {"type": "Polygon", "coordinates": [[[-0.78178, 44.40305, 10.162893679210809], [-0.78188, 44.40285, 10.162893679210809], [-0.78205, 44.40273, 10.162893679210809], [-0.78236, 44.40263, 46.47142857142857], [-0.78258, 44.40263, 48.4], [-0.7824, 44.40266, 44.1], [-0.7824, 44.40269, 44.1], [-0.78272, 44.40265, 48.4], [-0.78284, 44.4027, 48.629411764705885], [-0.7829, 44.40278, 49.5], [-0.78303, 44.40284, 47.0], [-0.78293, 44.40284, 47.0], [-0.78293, 44.40293, 47.0], [-0.78309, 44.40293, 47.0], [-0.78314, 44.40304, 49.06666666666666], [-0.78309, 44.40332, 49.9], [-0.78273, 44.40336, 49.9], [-0.78276, 44.40349, 49.9], [-0.7829, 44.40348, 49.9], [-0.78257, 44.40359, 47.053333333333335], [-0.78233, 44.4036, 47.053333333333335], [-0.78211, 44.40354, 10.162893679210809], [-0.78193, 44.40343, 10.162893679210809], [-0.78179, 44.40322, 10.162893679210809], [-0.78178, 44.40305, 10.162893679210809]]]}}, {"type": "Feature", "properties": {"id_obligation": "BATIMENT0000000018413694", "priorite": "forte"}, "geometry": {"type": "Polygon", "coordinates": [[[-0.83541, 44.38662, 54.699999999999996], [-0.83519, 44.38647, 54.699999999999996], [-0.8351, 44.3863, 54.699999999999996], [-0.83511, 44.38608, 54.699999999999996], [-0.83521, 44.38593, 54.699999999999996], [-0.83539, 44.38581, 54.699999999999996], [-0.83561, 44.38575, 54.699999999999996], [-0.83591, 44.38575, 54.699999999999996], [-0.83613, 44.38582, 54.699999999999996], [-0.8363, 44.38594, 54.699999999999996], [-0.83639, 44.38609, 54.9], [-0.8364, 44.38631, 54.9], [-0.83632, 44.38647, 54.699999999999996], [-0.83616, 44.38659, 54.699999999999996], [-0.83594, 44.38667, 53.9], [-0.83564, 44.38668, 53.9], [-0.83541, 44.38662, 54.699999999999996]]]}}, {"type": "Feature", "properties": {"id_obligation": "BATIMENT0000000327104555", "priorite": "moyenne"}, "geometry": {"type": "Polygon", "coordinates": [[[-0.80394, 44.37604, 57.5], [-0.80385, 44.37606, 57.5], [-0.80387, 44.37611, 57.328075489936666], [-0.80364, 44.3761, 55.373684210526314], [-0.80337, 44.37601, 56.79999999999999], [-0.8032, 44.37584, 53.65], [-0.80312, 44.37563, 53.65], [-0.80312, 44.37545, 54.5625], [-0.80326, 44.37525, 54.5625], [-0.80345, 44.37514, 54.5625], [-0.80374, 44.37508, 54.66086956521738], [-0.8038, 44.37516, 54.0], [-0.80386, 44.37507, 54.66086956521738], [-0.80426, 44.37518, 55.14472100768224], [-0.80441, 44.37532, 55.14472100768224], [-0.80451, 44.37556, 55.9], [-0.8045, 44.37573, 55.9], [-0.8044, 44.37589, 55.525], [-0.80431, 44.37596, 55.9], [-0.80429, 44.37582, 55.9], [-0.80414, 44.37588, 55.9], [-0.80422, 44.37601, 55.0], [-0.80396, 44.37609, 57.0], [-0.80394, 44.37604, 57.5]]]}}, {"type": "Feature", "properties": {"id_obligation": "BATIMENT0000000328547953", "priorite": "forte"}, "geometry": {"type": "Polygon", "coordinates": [[[-0.80044, 44.3794, 53.8], [-0.80022, 44.37955, 53.8], [-0.80003, 44.3796, 53.0], [-0.79998, 44.37957, 53.0], [-0.79997, 44.37961, 53.0], [-0.79964, 44.37959, 55.0], [-0.79942, 44.3795, 55.0], [-0.79926, 44.37936, 55.0], [-0.7992, 44.37919, 53.96111111111111], [-0.79921, 44.37899, 53.96111111111111], [-0.79935, 44.3788, 53.96111111111111], [-0.79954, 44.37869, 53.96111111111111], [-0.79978, 44.37865, 53.96111111111111], [-0.80005, 44.37866, 53.96111111111111], [-0.80027, 44.37872, 53.96111111111111], [-0.80047, 44.37888, 53.96111111111111], [-0.80054, 44.37904, 53.96111111111111], [-0.80053, 44.37923, 53.96111111111111], [-0.80044, 44.3794, 53.8]]]}}, {"type": "Feature", "properties": {"id_obligation": "BATIMENT0000000328547958", "priorite": "moyenne"}, "geometry": {"type": "Polygon", "coordinates": [[[-0.79957, 44.37876, 53.76587301587301], [-0.79934, 44.37872, 53.6], [-0.79935, 44.37863, 53.6], [-0.79923, 44.37862, 53.6], [-0.79928, 44.3787, 53.6], [-0.79923, 44.37868, 52.51666666666668], [-0.79897, 44.37844, 52.51666666666668], [-0.79893, 44.37818, 52.7], [-0.79896, 44.37801, 53.76587301587301], [-0.79913, 44.37783, 53.76587301587301], [-0.79933, 44.37774, 53.76587301587301], [-0.79963, 44.37771, 53.76587301587301], [-0.79988, 44.37773, 56.1], [-0.80006, 44.3778, 56.1], [-0.79995, 44.37781, 56.1], [-0.79996, 44.37791, 56.1], [-0.80008, 44.3779, 56.1], [-0.80007, 44.3778, 56.1], [-0.80027, 44.37801, 56.1], [-0.80031, 44.37829, 53.9], [-0.80027, 44.37844, 53.7], [-0.8001, 44.37862, 53.7], [-0.79984, 44.37873, 53.76587301587301], [-0.79957, 44.37876, 53.76587301587301]]]}}, {"type": "Feature", "properties": {"id_obligation": "BATIMENT0000000328547988", "priorite": "moyenne"}, "geometry": {"type": "Polygon", "coordinates": [[[-0.80076, 44.37726, -1000.0], [-0.80067, 44.37725, -1000.0], [-0.80069, 44.37734, -1000.0], [-0.80045, 44.37748, -1000.0], [-0.80021, 44.37753, -1000.0], [-0.79984, 44.3775, -577.8228571428572], [-0.79959, 44.37737, -577.8228571428572], [-0.79946, 44.37722, -577.8228571428572], [-0.79943, 44.37704, 54.8], [-0.79948, 44.37681, -577.8228571428572], [-0.79965, 44.37663, -577.8228571428572], [-0.79986, 44.37654, -577.8228571428572], [-0.8001, 44.37651, -577.8228571428572], [-0.80042, 44.37655, -577.8228571428572], [-0.80062, 44.37664, -577.8228571428572], [-0.80076, 44.37678, -577.8228571428572], [-0.80081, 44.37714, -1000.0], [-0.80076, 44.37726, -1000.0]]]}}, {"type": "Feature", "properties": {"id_obligation": "BATIMENT0000000328548044", "priorite": "faible"}, "geometry": {"type": "Polygon", "coordinates": [[[-0.80163, 44.37409, 54.8], [-0.80162, 44.37398, 54.6], [-0.80152, 44.37401, 54.2], [-0.80155, 44.37407, 54.59121776163544], [-0.80132, 44.37396, -156.35999999999999], [-0.80115, 44.37375, 53.494444444444454], [-0.80113, 44.37358, 53.494444444444454], [-0.80124, 44.37336, -26.366316646316637], [-0.80143, 44.3732, -26.366316646316637], [-0.80168, 44.37311, -26.366316646316637], [-0.80198, 44.37309, -26.366316646316637], [-0.80221, 44.37315, 56.52], [-0.80239, 44.37326, 56.52], [-0.80255, 44.37351, 56.05714285714286], [-0.80256, 44.37369, 56.05714285714286], [-0.80247, 44.37386, -26.366316646316637], [-0.8023, 44.37399, -26.366316646316637], [-0.80204, 44.37407, 56.4], [-0.80196, 44.37394, 56.4], [-0.80187, 44.37397, 56.4], [-0.80194, 44.37409, 56.4], [-0.80163, 44.37409, 54.8]]]}}, {"type": "Feature", "properties": {"id_obligation": "BATIMENT0000000328548053", "priorite": "faible"}, "geometry": {"type": "MultiPolygon", "coordinates": [[[[-0.8033, 44.37479, 55.71866312916939], [-0.80333, 44.37494, 55.3], [-0.80323, 44.37495, 55.3], [-0.80325, 44.37505, 55.1], [-0.80332, 44.37504, 55.1], [-0.80323, 44.37522, 54.1], [-0.80307, 44.37534, 54.1], [-0.80294, 44.37539, 54.1], [-0.80293, 44.37535, 54.1], [-0.80244, 44.37543, 54.850000000000016], [-0.80221, 44.37539, 55.34278492647059], [-0.80203, 44.37528, 55.34278492647059], [-0.80189, 44.37509, 55.62352941176471], [-0.80187, 44.37488, 54.096838249958765], [-0.80194, 44.37471, 52.8], [-0.8021, 44.37457, 52.8], [-0.80228, 44.3745, 57.475], [-0.80237, 44.37464, 57.475], [-0.80243, 44.37457, 57.475], [-0.80232, 44.37448, 57.475], [-0.80268, 44.37447, 57.475], [-0.80298, 44.37452, 56.2], [-0.80285, 44.37457, 56.2], [-0.80289, 44.37463, 56.2], [-0.80302, 44.37458, 56.2], [-0.80299, 44.37453, 56.2], [-0.80314, 44.37461, 55.925], [-0.8033, 44.37479, 55.71866312916939]]], [[[-0.80274, 44.37543, 54.850000000000016], [-0.80267, 44.37544, 54.1], [-0.8028, 44.37541, 54.1], [-0.80274, 44.37543, 54.850000000000016]]]]}}, {"type": "Feature", "properties": {"id_obligation": "BATIMENT0000000328548068", "priorite": "faible"}, "geometry": {"type": "Polygon", "coordinates": [[[-0.8013, 44.37377, -131.96470588235297], [-0.80142, 44.37358, 57.44166666666667], [-0.8016, 44.37347, 57.44166666666667], [-0.80195, 44.37338, 58.00714285714287], [-0.80219, 44.37338, 58.00714285714287], [-0.80241, 44.37345, 56.21818181818182], [-0.8024, 44.37353, 55.8], [-0.80254, 44.37354, 56.21818181818182], [-0.80268, 44.37377, 57.0], [-0.80266, 44.37399, 57.0], [-0.80246, 44.37399, 57.0], [-0.8025, 44.37409, 57.0], [-0.80261, 44.37407, 57.0], [-0.80255, 44.37414, 56.660000000000004], [-0.8023, 44.37427, 55.3], [-0.80226, 44.37421, 55.3], [-0.80215, 44.37424, 55.3], [-0.80218, 44.3743, 55.3], [-0.80207, 44.37432, 55.63000000000001], [-0.80185, 44.37432, 55.3], [-0.80186, 44.37417, 55.3], [-0.80175, 44.37418, 55.3], [-0.80175, 44.37431, 55.3], [-0.80159, 44.37426, 55.05], [-0.80141, 44.37414, 55.05], [-0.80131, 44.37395, -131.96470588235297], [-0.8013, 44.37377, -131.96470588235297]]]}}, {"type": "Feature", "properties": {"id_obligation": "BATIMENT0000000328548077", "priorite": "faible"}, "geometry": {"type": "Polygon", "coordinates": [[[-0.80283, 44.37427, 56.2], [-0.80308, 44.3744, 56.2], [-0.8032, 44.37455, 55.72727272727273], [-0.80325, 44.37482, 55.72727272727273], [-0.8032, 44.375, 55.75847319347319], [-0.80306, 44.37515, 55.75847319347319], [-0.80285, 44.37525, 55.75847319347319], [-0.80257, 44.37528, 56.100000000000016], [-0.80234, 44.37524, 55.5], [-0.8021, 44.37511, 55.5], [-0.80198, 44.37493, 56.4], [-0.80237, 44.3749, 56.4], [-0.80237, 44.37485, 56.4], [-0.8021, 44.37483, 56.9], [-0.8021, 44.37487, 56.4], [-0.80197, 44.37487, 56.4], [-0.802, 44.37476, 52.8], [-0.80196, 44.37481, 52.8], [-0.80194, 44.3747, 55.18666666666665], [-0.80196, 44.37457, 54.12159600816931], [-0.80213, 44.37455, 54.0], [-0.80211, 44.37447, 54.2], [-0.80201, 44.37449, 54.2], [-0.80212, 44.37438, 54.699999999999996], [-0.80232, 44.37428, 55.3], [-0.80259, 44.37424, 55.3], [-0.80283, 44.37427, 56.2]]]}}, {"type": "Feature", "properties": {"id_obligation": "BATIMENT0000000328548078", "priorite": "faible"}, "geometry": {"type": "Polygon", "coordinates": [[[-0.80211, 44.37522, 55.5], [-0.80194, 44.37509, 55.5], [-0.80184, 44.37493, 54.588235294117645], [-0.80188, 44.37488, 54.1], [-0.80183, 44.37488, 54.06856967190816], [-0.80182, 44.37462, 54.588235294117645], [-0.80185, 44.37456, 54.2], [-0.80186, 44.37459, 54.2], [-0.80213, 44.37455, 54.0], [-0.80211, 44.37447, 54.2], [-0.80188, 44.37451, 54.2], [-0.80214, 44.37431, 54.5], [-0.80218, 44.37429, 55.3], [-0.8022, 44.37434, 55.3], [-0.80231, 44.3743, 55.3], [-0.80231, 44.37426, 55.29999999999999], [-0.80268, 44.37425, 55.29999999999999], [-0.80296, 44.37434, 56.2], [-0.80312, 44.37448, 56.2], [-0.80319, 44.37464, 55.72727272727273], [-0.80321, 44.37491, 56.2], [-0.80311, 44.37508, 56.2], [-0.80294, 44.3752, 56.2], [-0.80272, 44.37527, 55.89230769230768], [-0.8024, 44.37529, 55.89230769230768], [-0.80211, 44.37522, 55.5]]]}}, {"type": "Feature", "properties": {"id_obligation": "BATIMENT0000000328548091", "priorite": "faible"}, "geometry": {"type": "Polygon", "coordinates": [[[-0.80109, 44.37365, 55.31176470588236], [-0.80132, 44.37379, 55.31176470588236], [-0.80142, 44.37395, 55.31176470588236], [-0.80144, 44.37424, 55.62727272727272], [-0.80135, 44.37441, 55.17692307692308], [-0.80118, 44.37454, 55.17692307692308], [-0.80093, 44.37453, 55.6], [-0.8011, 44.37457, 55.6], [-0.80077, 44.37462, 57.2], [-0.80077, 44.37456, 57.2], [-0.80069, 44.37457, 57.2], [-0.80069, 44.37462, 57.2], [-0.80062, 44.37462, 56.75333333333335], [-0.80038, 44.37456, 56.446327691915926], [-0.80015, 44.37441, 56.446327691915926], [-0.80007, 44.37424, 56.446327691915926], [-0.80004, 44.37399, 57.98], [-0.80013, 44.37382, 57.98], [-0.8003, 44.37369, 57.98], [-0.80053, 44.37362, 57.775], [-0.8008, 44.3736, 57.775], [-0.80109, 44.37365, 55.31176470588236]]]}}, {"type": "Feature", "properties": {"id_obligation": "BATIMENT0000000328548139", "priorite": "moyenne"}, "geometry": {"type": "Polygon", "coordinates": [[[-0.79994, 44.38188, 52.33579365079365], [-0.79999, 44.38206, 52.33579365079365], [-0.79993, 44.38228, 52.74285714285713], [-0.79981, 44.38244, 53.9], [-0.79977, 44.38231, 53.9], [-0.79969, 44.38233, 53.9], [-0.79974, 44.38249, 51.2], [-0.79957, 44.38256, 52.74285714285713], [-0.79934, 44.3826, 50.98333333333333], [-0.799, 44.38255, 52.33579365079365], [-0.7988, 44.38246, 52.33579365079365], [-0.79866, 44.38231, 52.33579365079365], [-0.7986, 44.38214, 50.8], [-0.79866, 44.38189, 50.8], [-0.79881, 44.3817, 50.8], [-0.79906, 44.38159, 52.528571428571425], [-0.7993, 44.38157, 52.528571428571425], [-0.79958, 44.38162, 52.33579365079365], [-0.79979, 44.38173, 52.33579365079365], [-0.79994, 44.38188, 52.33579365079365]]]}}, {"type": "Feature", "properties": {"id_obligation": "BATIMENT0000000328548154", "priorite": "forte"}, "geometry": {"type": "MultiPolygon", "coordinates": [[[[-0.79959, 44.38192, 56.7], [-0.79953, 44.38208, 55.67142857142857], [-0.79924, 44.38231, 54.9], [-0.79909, 44.38237, 54.9], [-0.79885, 44.3824, 54.9], [-0.79862, 44.38236, 54.278467261904765], [-0.79842, 44.38227, 54.278467261904765], [-0.79827, 44.3821, 54.278467261904765], [-0.79822, 44.38189, 54.53333333333333], [-0.79828, 44.38173, 52.220000000000006], [-0.79835, 44.38164, 50.9], [-0.79847, 44.38162, 50.9], [-0.79844, 44.38158, 50.9], [-0.79867, 44.38146, 54.357142857142854], [-0.79898, 44.38142, 55.0], [-0.79896, 44.3815, 55.0], [-0.79917, 44.38152, 55.0], [-0.79918, 44.38145, 55.0], [-0.79937, 44.38154, 53.73333333333333], [-0.79954, 44.38171, 53.73333333333333], [-0.79959, 44.38192, 56.7]], [[-0.79929, 44.38218, 54.9], [-0.79918, 44.38216, 54.9], [-0.79912, 44.38228, 54.9], [-0.79924, 44.38231, 54.9], [-0.79929, 44.38218, 54.9]]], [[[-0.79912, 44.38144, 55.0], [-0.79905, 44.38143, 55.0], [-0.7991, 44.38143, 53.73333333333333], [-0.79912, 44.38144, 55.0]]]]}}, {"type": "Feature", "properties": {"id_obligation": "BATIMENT0000000328548673", "priorite": "moyenne"}, "geometry": {"type": "Polygon", "coordinates": [[[-0.83081, 44.39536, 53.08463203463204], [-0.83068, 44.39552, 53.08463203463204], [-0.83048, 44.39562, 53.08463203463204], [-0.83024, 44.39567, 53.08463203463204], [-0.82994, 44.39564, 53.08463203463204], [-0.82972, 44.39554, 52.1], [-0.82955, 44.3954, 51.919199168983724], [-0.82948, 44.3952, 54.07727272727274], [-0.8296, 44.39506, 54.5], [-0.82951, 44.39504, 54.5], [-0.82968, 44.39484, 54.5], [-0.82988, 44.39473, 52.2], [-0.83012, 44.39469, 52.2], [-0.83037, 44.39472, 52.2], [-0.83065, 44.39486, 52.2], [-0.83082, 44.39508, 52.268107273454476], [-0.83078, 44.39505, 52.2], [-0.83074, 44.39509, 52.2], [-0.8307, 44.39524, 52.5], [-0.8308, 44.39525, 52.5], [-0.83084, 44.39515, 52.5], [-0.83081, 44.39536, 53.08463203463204]]]}}, {"type": "Feature", "properties": {"id_obligation": "BATIMENT0000000328548687", "priorite": "moyenne"}, "geometry": {"type": "Polygon", "coordinates": [[[-0.82476, 44.39318, 52.839999999999996], [-0.82494, 44.39335, 52.839999999999996], [-0.825, 44.39352, 51.70319444444444], [-0.82494, 44.39375, 51.70319444444444], [-0.82481, 44.3939, 51.70319444444444], [-0.8246, 44.394, 51.70319444444444], [-0.82435, 44.39404, 49.7], [-0.82412, 44.39401, 51.70319444444444], [-0.82386, 44.3939, 51.70319444444444], [-0.82372, 44.39375, 51.70319444444444], [-0.82368, 44.39358, 52.866666666666674], [-0.82373, 44.39339, 52.00000000000001], [-0.82384, 44.39324, 52.00000000000001], [-0.82403, 44.39313, 52.00000000000001], [-0.82427, 44.39308, 51.8], [-0.82423, 44.39309, 51.8], [-0.82426, 44.39315, 51.8], [-0.82438, 44.39312, 51.8], [-0.82435, 44.39307, 51.8], [-0.82476, 44.39318, 52.839999999999996]]]}}, {"type": "Feature", "properties": {"id_obligation": "BATIMENT0000000328548762", "priorite": "forte"}, "geometry": {"type": "Polygon", "coordinates": [[[-0.83788, 44.39956, 50.4], [-0.83764, 44.39957, 50.4], [-0.83742, 44.39951, 52.607440476190476], [-0.83717, 44.39936, 52.607440476190476], [-0.83706, 44.3992, 51.6], [-0.83705, 44.39903, 51.6], [-0.83712, 44.39887, 55.271428571428565], [-0.83731, 44.39871, 55.271428571428565], [-0.83752, 44.39863, 52.607440476190476], [-0.83781, 44.39862, 52.607440476190476], [-0.83804, 44.39868, 52.607440476190476], [-0.83825, 44.3988, 52.607440476190476], [-0.83837, 44.39896, 52.607440476190476], [-0.8384, 44.39913, 52.607440476190476], [-0.83833, 44.3993, 52.607440476190476], [-0.83814, 44.39947, 52.607440476190476], [-0.83788, 44.39956, 50.4]]]}}, {"type": "Feature", "properties": {"id_obligation": "BATIMENT0000000328548764", "priorite": "forte"}, "geometry": {"type": "Polygon", "coordinates": [[[-0.83768, 44.39946, 50.4], [-0.83743, 44.39946, 50.4], [-0.8372, 44.3994, 52.98488215488215], [-0.83698, 44.39925, 52.98488215488215], [-0.83689, 44.39908, 51.61111111111112], [-0.83689, 44.39888, 51.6], [-0.83701, 44.39871, 52.0], [-0.83719, 44.39858, 53.28000000000001], [-0.83741, 44.39852, 55.3], [-0.83765, 44.39851, 55.3], [-0.83788, 44.39857, 52.98488215488215], [-0.8381, 44.39872, 52.98488215488215], [-0.8382, 44.39888, 53.3], [-0.8382, 44.39906, 53.3], [-0.83811, 44.39922, 52.98488215488215], [-0.83795, 44.39936, 52.98488215488215], [-0.83768, 44.39946, 50.4]]]}}, {"type": "Feature", "properties": {"id_obligation": "BATIMENT0000000328548765", "priorite": "forte"}, "geometry": {"type": "Polygon", "coordinates": [[[-0.83775, 44.39941, 52.14], [-0.83745, 44.39944, 50.4], [-0.83717, 44.39938, 52.86293831168831], [-0.8369, 44.39922, 52.86293831168831], [-0.83678, 44.39907, 51.681818181818194], [-0.83674, 44.3989, 51.681818181818194], [-0.83677, 44.3988, 52.4], [-0.83684, 44.39879, 52.4], [-0.83681, 44.39872, 52.4], [-0.837, 44.39855, 52.81874999999999], [-0.83727, 44.39844, 55.3], [-0.83752, 44.39844, 55.3], [-0.83775, 44.3985, 52.86293831168831], [-0.83802, 44.39866, 52.86293831168831], [-0.83814, 44.39882, 53.3], [-0.83817, 44.39899, 53.3], [-0.8381, 44.39917, 52.14], [-0.83795, 44.39931, 52.14], [-0.83775, 44.39941, 52.14]]]}}, {"type": "Feature", "properties": {"id_obligation": "BATIMENT0000000328548766", "priorite": "forte"}, "geometry": {"type": "Polygon", "coordinates": [[[-0.83741, 44.39925, 51.6], [-0.83711, 44.39927, 51.6], [-0.83688, 44.39922, 53.190868945868964], [-0.83658, 44.39904, 53.190868945868964], [-0.83647, 44.39889, 51.630769230769246], [-0.83646, 44.39867, 51.630769230769246], [-0.83655, 44.39851, 53.190868945868964], [-0.83678, 44.39833, 53.190868945868964], [-0.837, 44.39826, 53.2], [-0.8373, 44.39827, 53.2], [-0.83752, 44.39834, 53.190868945868964], [-0.83776, 44.3985, 53.190868945868964], [-0.83786, 44.39865, 55.2], [-0.83788, 44.39883, 55.2], [-0.8378, 44.39899, 53.54444444444445], [-0.83762, 44.39915, 53.54444444444445], [-0.83741, 44.39925, 51.6]]]}}, {"type": "Feature", "properties": {"id_obligation": "BATIMENT0000000328548849", "priorite": "faible"}, "geometry": {"type": "Polygon", "coordinates": [[[-0.82636, 44.4073, 48.60000000000001], [-0.82609, 44.4074, 48.84], [-0.82573, 44.4074, 48.84], [-0.82546, 44.40732, 47.5], [-0.82529, 44.4072, 47.5], [-0.8252, 44.40703, 51.411111111111104], [-0.82524, 44.40674, 52.3], [-0.82549, 44.40664, 52.3], [-0.82547, 44.40658, 52.3], [-0.82531, 44.40662, 52.3], [-0.82533, 44.4066, 52.29999999999998], [-0.82551, 44.40648, 52.29999999999998], [-0.82573, 44.40641, 51.044444444444444], [-0.82606, 44.40643, 50.183680555555554], [-0.82629, 44.4065, 50.183680555555554], [-0.82648, 44.40664, 50.183680555555554], [-0.82657, 44.40682, 50.888888888888886], [-0.8265, 44.40716, 48.60000000000001], [-0.82636, 44.4073, 48.60000000000001]]]}}, {"type": "Feature", "properties": {"id_obligation": "BATIMENT0000000328549111", "priorite": "faible"}, "geometry": {"type": "Polygon", "coordinates": [[[-0.82717, 44.40773, 48.08666666666667], [-0.82726, 44.40756, 48.3], [-0.82744, 44.40743, 48.3], [-0.82771, 44.40733, 48.3], [-0.82795, 44.40732, 48.3], [-0.82819, 44.40737, 51.48888888888888], [-0.82827, 44.40741, 51.6], [-0.82823, 44.40742, 51.6], [-0.82826, 44.40749, 51.6], [-0.82835, 44.40748, 51.4], [-0.8285, 44.40766, 50.9], [-0.82849, 44.40794, 50.9], [-0.82845, 44.40791, 50.9], [-0.82831, 44.40799, 50.9], [-0.82841, 44.40804, 50.9], [-0.828, 44.40825, 47.46666666666667], [-0.82776, 44.40827, 47.46666666666667], [-0.82752, 44.40823, 48.3], [-0.82733, 44.40812, 48.3], [-0.82719, 44.40795, 48.08666666666667], [-0.82717, 44.40773, 48.08666666666667]]]}}, {"type": "Feature", "properties": {"id_obligation": "BATIMENT0000000328549112", "priorite": "faible"}, "geometry": {"type": "Polygon", "coordinates": [[[-0.82725, 44.40804, 48.15], [-0.82717, 44.40787, 48.15], [-0.8272, 44.4077, 48.300000000000004], [-0.82731, 44.40754, 48.300000000000004], [-0.82749, 44.40743, 48.300000000000004], [-0.82777, 44.40734, 49.32732026143792], [-0.82802, 44.40734, 49.32732026143792], [-0.82825, 44.40741, 51.6], [-0.82826, 44.40749, 51.6], [-0.82835, 44.40748, 51.4], [-0.82837, 44.40754, 51.4], [-0.82843, 44.40754, 51.48888888888888], [-0.82861, 44.40783, 50.019999999999996], [-0.82859, 44.40803, 48.7], [-0.82848, 44.40819, 49.25], [-0.82824, 44.40832, 49.32732026143792], [-0.82794, 44.40838, 49.32732026143792], [-0.82764, 44.40833, 48.29999999999999], [-0.8274, 44.4082, 48.29999999999999], [-0.82725, 44.40804, 48.15]]]}}, {"type": "Feature", "properties": {"id_obligation": "BATIMENT0000000328549213", "priorite": "faible"}, "geometry": {"type": "MultiPolygon", "coordinates": [[[[-0.78291, 44.40303, 50.1], [-0.78274, 44.40306, 50.1], [-0.78265, 44.40301, 47.5], [-0.78265, 44.4029, 47.5], [-0.78255, 44.40291, 47.5], [-0.78253, 44.40288, 46.89500000000001], [-0.78246, 44.40269, 47.567434969818635], [-0.78272, 44.40267, 48.4], [-0.78271, 44.40261, 48.4], [-0.78247, 44.40265, 44.1], [-0.78251, 44.40248, 47.91232036136812], [-0.78281, 44.40252, 48.2], [-0.78283, 44.40244, 48.2], [-0.78255, 44.40241, 47.9], [-0.78268, 44.40229, 48.03846153846154], [-0.78288, 44.4022, 47.29600000000001], [-0.78302, 44.40222, 48.9], [-0.78302, 44.40217, 48.9], [-0.78312, 44.40217, 47.29600000000001], [-0.78348, 44.40222, 46.84444444444444], [-0.78372, 44.40234, 46.84444444444444], [-0.78383, 44.40249, 46.746666666666655], [-0.78386, 44.40266, 46.746666666666655], [-0.78381, 44.40286, 44.458333333333336], [-0.78372, 44.40297, 43.0], [-0.78372, 44.4029, 43.0], [-0.78353, 44.4029, 46.3], [-0.78354, 44.40308, 46.2804514694286], [-0.78349, 44.4031, 44.458333333333336], [-0.78323, 44.40315, 46.1], [-0.78295, 44.40312, 46.74444444444445], [-0.78291, 44.40303, 50.1]]]]}}, {"type": "Feature", "properties": {"id_obligation": "BATIMENT0000000328549217", "priorite": "moyenne"}, "geometry": {"type": "Polygon", "coordinates": [[[-0.78311, 44.40365, 0.15333333333334132], [-0.7829, 44.40381, 0.15333333333334132], [-0.78268, 44.40388, 0.15333333333334132], [-0.78238, 44.40388, 0.15333333333334132], [-0.78216, 44.40381, 0.15333333333334132], [-0.78198, 44.40369, 0.15333333333334132], [-0.78189, 44.40353, 0.15333333333334132], [-0.78188, 44.4033, 0.15333333333334132], [-0.78197, 44.40314, 0.15333333333334132], [-0.78214, 44.40302, 0.15333333333334132], [-0.78255, 44.40294, 47.5], [-0.78254, 44.40301, 47.5], [-0.78265, 44.40303, 47.5], [-0.78266, 44.40294, -146.43333333333328], [-0.78299, 44.40307, 50.1], [-0.78317, 44.40331, 49.9], [-0.78273, 44.40336, 49.9], [-0.78276, 44.40349, 49.9], [-0.78318, 44.40345, 49.9], [-0.78311, 44.40365, 0.15333333333334132]]]}}, {"type": "Feature", "properties": {"id_obligation": "BATIMENT0000000328549218", "priorite": "faible"}, "geometry": {"type": "MultiPolygon", "coordinates": [[[[-0.78296, 44.40238, 47.8], [-0.78273, 44.40222, 47.8], [-0.78266, 44.40209, 47.0], [-0.78289, 44.40209, 48.9], [-0.78289, 44.40222, 48.9], [-0.78302, 44.40222, 48.9], [-0.78303, 44.40209, 48.9], [-0.78265, 44.40204, 47.0], [-0.78267, 44.40182, 45.16428571428572], [-0.78282, 44.40163, 45.16428571428572], [-0.78301, 44.40153, 45.16428571428572], [-0.78325, 44.40149, 47.199999999999996], [-0.78354, 44.40151, 47.199999999999996], [-0.78377, 44.40159, 46.49111607142857], [-0.78393, 44.40172, 46.49111607142857], [-0.78401, 44.40187, 43.6], [-0.78394, 44.40196, 43.6], [-0.784, 44.40194, 43.6], [-0.78398, 44.40212, 46.137499999999996], [-0.78386, 44.40228, 46.137499999999996], [-0.78368, 44.40239, 46.7], [-0.78369, 44.40236, 46.7], [-0.78361, 44.40235, 46.7], [-0.78361, 44.40241, 46.7], [-0.78332, 44.40244, 46.294202200338475], [-0.78336, 44.40234, 48.0], [-0.78326, 44.40232, 48.0], [-0.7832, 44.40244, 46.74761904761905], [-0.78296, 44.40238, 47.8]]]]}}, {"type": "Feature", "properties": {"id_obligation": "BATIMENT0000000328549234", "priorite": "moyenne"}, "geometry": {"type": "Polygon", "coordinates": [[[-0.78365, 44.40125, 44.625], [-0.78386, 44.4014, 44.625], [-0.78395, 44.40157, 46.5], [-0.78394, 44.40178, 46.5], [-0.7838, 44.40197, 46.19419841269843], [-0.78361, 44.40208, 47.34166666666667], [-0.78331, 44.40213, 47.34166666666667], [-0.78319, 44.40208, 46.3], [-0.78316, 44.40212, 46.3], [-0.78309, 44.40211, 47.652000000000015], [-0.78291, 44.40206, 46.0], [-0.78298, 44.40206, 46.0], [-0.78299, 44.40199, 46.1], [-0.7829, 44.40199, 46.1], [-0.78288, 44.40205, 46.0], [-0.7827, 44.40191, 47.652000000000015], [-0.78262, 44.40174, 45.99047619047621], [-0.78263, 44.40153, 47.4], [-0.78274, 44.40137, 47.4], [-0.78291, 44.40126, 47.4], [-0.78314, 44.4012, 44.0], [-0.78341, 44.4012, 44.0], [-0.78365, 44.40125, 44.625]]]}}, {"type": "Feature", "properties": {"id_obligation": "BATIMENT0000000328549257", "priorite": "moyenne"}, "geometry": {"type": "Polygon", "coordinates": [[[-0.78325, 44.40344, 49.9], [-0.78322, 44.4033, 49.9], [-0.78309, 44.40332, 49.9], [-0.78301, 44.40316, 46.85], [-0.78301, 44.40293, 47.0], [-0.78314, 44.40292, 47.0], [-0.78314, 44.40284, 47.0], [-0.78306, 44.40284, 47.0], [-0.78329, 44.40264, 46.62631578947367], [-0.78351, 44.40258, 46.62631578947367], [-0.78361, 44.40262, 46.7], [-0.78362, 44.40257, 46.7], [-0.7838, 44.40258, 47.000267335004175], [-0.78403, 44.40265, 47.000267335004175], [-0.7842, 44.40277, 47.000267335004175], [-0.78429, 44.40294, 45.199999999999996], [-0.78429, 44.40317, 47.000267335004175], [-0.7842, 44.40333, 47.000267335004175], [-0.78402, 44.40346, 47.000267335004175], [-0.7838, 44.40352, 46.9], [-0.7835, 44.40352, 46.9], [-0.78325, 44.40344, 49.9]]]}}, {"type": "Feature", "properties": {"id_obligation": "BATIMENT0000000328549264", "priorite": "faible"}, "geometry": {"type": "Polygon", "coordinates": [[[-0.78326, 44.40187, 47.5576923076923], [-0.78354, 44.40191, 45.79999999999999], [-0.78376, 44.40199, 45.79999999999999], [-0.78392, 44.40213, 45.79999999999999], [-0.78399, 44.40235, 46.43529411764707], [-0.78392, 44.40257, 46.76363636363637], [-0.7838, 44.40272, 46.76363636363637], [-0.7836, 44.40283, 46.76363636363637], [-0.78329, 44.40288, 47.57692307692308], [-0.78301, 44.40283, 47.57692307692308], [-0.7828, 44.40275, 48.55], [-0.78271, 44.40261, 48.4], [-0.78266, 44.40261, 48.55], [-0.7826, 44.4025, 48.1283789446354], [-0.78281, 44.40252, 48.2], [-0.78283, 44.40244, 48.2], [-0.78259, 44.40241, 47.9], [-0.78264, 44.40218, 47.46315789473684], [-0.78269, 44.4021, 47.1], [-0.78289, 44.40209, 48.9], [-0.78289, 44.40222, 48.9], [-0.78302, 44.40222, 48.9], [-0.78303, 44.40209, 48.9], [-0.78274, 44.40205, 47.1], [-0.78297, 44.40192, 47.5576923076923], [-0.78326, 44.40187, 47.5576923076923]]]}}, {"type": "Feature", "properties": {"id_obligation": "BATIMENT0000000328549265", "priorite": "faible"}, "geometry": {"type": "Polygon", "coordinates": [[[-0.78367, 44.40283, 46.76363636363637], [-0.78344, 44.4029, 47.57692307692308], [-0.7832, 44.4029, 47.57692307692308], [-0.78314, 44.40289, 47.0], [-0.78314, 44.40284, 47.0], [-0.78293, 44.40284, 48.559999999999995], [-0.78273, 44.40273, 48.559999999999995], [-0.78268, 44.40267, 48.4], [-0.78271, 44.40261, 48.4], [-0.78263, 44.40262, 48.4], [-0.78261, 44.40257, 47.02173913043478], [-0.78259, 44.40249, 48.113113355574654], [-0.78281, 44.40252, 48.2], [-0.78283, 44.40244, 48.2], [-0.78259, 44.40241, 47.9], [-0.78267, 44.40219, 47.699999999999996], [-0.78278, 44.40209, 48.9], [-0.78289, 44.40209, 48.9], [-0.78289, 44.40222, 48.9], [-0.78302, 44.40222, 48.9], [-0.78303, 44.40209, 48.9], [-0.78282, 44.40207, 48.9], [-0.78289, 44.40203, 46.06012792870055], [-0.78298, 44.40206, 46.0], [-0.78299, 44.40199, 46.1], [-0.78306, 44.40198, 47.34761904761904], [-0.78328, 44.40196, 48.8], [-0.78327, 44.40199, 48.8], [-0.78338, 44.40198, 48.8], [-0.78365, 44.40205, 45.800000000000004], [-0.78383, 44.40217, 45.800000000000004], [-0.78394, 44.40233, 46.57142857142857], [-0.78394, 44.40251, 46.57142857142857], [-0.78387, 44.40267, 46.76363636363637], [-0.78367, 44.40283, 46.76363636363637]]]}}, {"type": "Feature", "properties": {"id_obligation": "BATIMENT0000000328549267", "priorite": "faible"}, "geometry": {"type": "Polygon", "coordinates": [[[-0.78283, 44.40244, 48.2], [-0.78268, 44.40242, 48.1], [-0.78253, 44.40218, 47.32413793103448], [-0.78255, 44.40201, 47.32413793103448], [-0.78257, 44.40195, 47.9], [-0.78263, 44.40197, 47.9], [-0.78261, 44.4019, 47.9], [-0.78269, 44.4018, 45.92105263157894], [-0.78287, 44.40169, 45.92105263157894], [-0.7831, 44.40163, 47.419999999999995], [-0.78334, 44.40164, 47.419999999999995], [-0.78363, 44.40174, 46.722030812517495], [-0.7838, 44.40187, 46.722030812517495], [-0.78388, 44.40204, 45.800000000000004], [-0.78386, 44.40222, 45.800000000000004], [-0.78371, 44.40243, 46.64705882352943], [-0.78365, 44.40247, 46.7], [-0.78358, 44.40244, 46.7], [-0.78355, 44.40253, 46.7], [-0.78329, 44.4026, 47.07272727272727], [-0.78289, 44.40254, 44.9], [-0.78299, 44.40244, 44.9], [-0.78294, 44.40243, 44.9], [-0.78287, 44.40242, 44.9], [-0.78282, 44.40251, 46.652380952380945], [-0.78283, 44.40244, 48.2]]]}}, {"type": "Feature", "properties": {"id_obligation": "BATIMENT0000000328549278", "priorite": "faible"}, "geometry": {"type": "MultiPolygon", "coordinates": [[[[-0.78318, 44.40295, 48.21875], [-0.78288, 44.403, 48.21875], [-0.78266, 44.40298, 47.5], [-0.78265, 44.4029, 47.5], [-0.78249, 44.40292, 47.5], [-0.78237, 44.40285, 46.96190476190476], [-0.78224, 44.4027, 46.96190476190476], [-0.7822, 44.40252, 47.225], [-0.78228, 44.40227, 46.97272727272727], [-0.78245, 44.40209, 46.97272727272727], [-0.78266, 44.402, 46.97272727272727], [-0.78296, 44.40198, 47.33793103448275], [-0.78329, 44.40205, 46.27142857142858], [-0.78348, 44.40216, 46.27142857142858], [-0.78361, 44.40244, 46.7], [-0.78357, 44.40247, 46.7], [-0.78355, 44.40265, 46.666666666666664], [-0.78337, 44.40284, 46.666666666666664], [-0.78318, 44.40295, 48.21875]]], [[[-0.78255, 44.40294, 47.5], [-0.78256, 44.40295, 47.5], [-0.78253, 44.40294, 47.5], [-0.78255, 44.40294, 47.5]]]]}}, {"type": "Feature", "properties": {"id_obligation": "BATIMENT0000000328549281", "priorite": "faible"}, "geometry": {"type": "Polygon", "coordinates": [[[-0.78327, 44.40312, 46.1], [-0.78313, 44.40331, 49.9], [-0.78273, 44.40336, 49.9], [-0.78275, 44.40347, 49.9], [-0.78259, 44.40348, 47.14117647058824], [-0.78234, 44.40344, 12.416770063900097], [-0.78209, 44.40332, 12.416770063900097], [-0.7819, 44.40313, 12.416770063900097], [-0.78184, 44.4029, 12.416770063900097], [-0.78193, 44.40269, 12.416770063900097], [-0.78214, 44.40254, 12.416770063900097], [-0.78251, 44.40246, 47.9], [-0.78281, 44.40252, 48.2], [-0.78283, 44.40247, 48.2], [-0.78283, 44.40254, 44.9], [-0.78289, 44.40255, 44.9], [-0.78291, 44.4025, 44.9], [-0.78314, 44.40262, 46.0], [-0.78309, 44.40269, 46.0], [-0.78321, 44.4027, 46.19473684210526], [-0.78329, 44.40297, 48.41818181818182], [-0.78327, 44.40312, 46.1]]]}}, {"type": "Feature", "properties": {"id_obligation": "BATIMENT0000002292080917", "priorite": "faible"}, "geometry": {"type": "Polygon", "coordinates": [[[-0.8024, 44.37377, 55.949999999999996], [-0.80267, 44.37387, 57.0], [-0.80282, 44.374, 57.0], [-0.80294, 44.37426, 14.658586309523804], [-0.80289, 44.37448, 58.580000000000005], [-0.80276, 44.37462, 58.580000000000005], [-0.8026, 44.3747, 58.4], [-0.80241, 44.37471, 56.4], [-0.80241, 44.37476, 56.4], [-0.80226, 44.37479, 56.36666666666667], [-0.80196, 44.37475, 53.34285714285714], [-0.80175, 44.37465, 53.34285714285714], [-0.80162, 44.3745, 55.3], [-0.80152, 44.37427, 55.3], [-0.80156, 44.37409, 54.72792060327262], [-0.80166, 44.37408, 54.8], [-0.80162, 44.374, 54.6246286474617], [-0.80166, 44.37395, -1000.0], [-0.80176, 44.37394, -1000.0], [-0.80175, 44.37389, -1000.0], [-0.80182, 44.37386, -274.38750000000005], [-0.8021, 44.37377, 55.949999999999996], [-0.8024, 44.37377, 55.949999999999996]]]}}, {"type": "Feature", "properties": {"id_obligation": "BATIMENT0000002491352847", "priorite": "forte"}, "geometry": {"type": "Polygon", "coordinates": [[[-0.8002, 44.38016, -408.0804258241758], [-0.8003, 44.38032, -408.0804258241758], [-0.80031, 44.3805, -408.0804258241758], [-0.8002, 44.3807, -408.0804258241758], [-0.79999, 44.38085, -408.0804258241758], [-0.79976, 44.38091, -408.0804258241758], [-0.79951, 44.3809, -408.0804258241758], [-0.79925, 44.38083, -408.0804258241758], [-0.79901, 44.38068, -408.0804258241758], [-0.7989, 44.38052, -1000.0], [-0.79889, 44.38037, -1000.0], [-0.79899, 44.38014, -737.025], [-0.79916, 44.38001, -737.025], [-0.79945, 44.37993, 52.65714285714285], [-0.79969, 44.37994, 52.65714285714285], [-0.79997, 44.38002, -408.0804258241758], [-0.8002, 44.38016, -408.0804258241758]]]}}]}