{"type": "FeatureCollection", "features": [{"type": "Feature", "properties": {"gabarit": "Poids lourd", "revetement": "Sol naturel", "debroussaillee": false, "longueur_m": 44.4}, "geometry": {"type": "LineString", "coordinates": [[-0.81089, 44.3929], [-0.81094, 44.3925]]}}, {"type": "Feature", "properties": {"gabarit": "Poids lourd", "revetement": "Sol naturel", "debroussaillee": false, "longueur_m": 3.9}, "geometry": {"type": "LineString", "coordinates": [[-0.84371, 44.40594], [-0.84376, 44.40593]]}}, {"type": "Feature", "properties": {"gabarit": "Poids lourd", "revetement": "Sol naturel", "debroussaillee": false, "longueur_m": 3.5}, "geometry": {"type": "LineString", "coordinates": [[-0.84359, 44.40595], [-0.84363, 44.40594]]}}, {"type": "Feature", "properties": {"gabarit": "Poids lourd", "revetement": "Sol naturel", "debroussaillee": false, "longueur_m": 56.6}, "geometry": {"type": "LineString", "coordinates": [[-0.64337, 44.44722], [-0.64338, 44.44773]]}}, {"type": "Feature", "properties": {"gabarit": "Poids lourd", "revetement": "Sol naturel", "debroussaillee": false, "longueur_m": 322.5}, "geometry": {"type": "LineString", "coordinates": [[-0.65233, 44.44842], [-0.65164, 44.44857], [-0.65106, 44.44849], [-0.65053, 44.44853], [-0.64936, 44.44833], [-0.64901, 44.44836], [-0.6484, 44.44822]]}}, {"type": "Feature", "properties": {"gabarit": "Super poids lourd", "revetement": "Empierré", "debroussaillee": false, "longueur_m": 50.5}, "geometry": {"type": "LineString", "coordinates": [[-0.67608, 44.44831], [-0.67582, 44.44789]]}}, {"type": "Feature", "properties": {"gabarit": "Super poids lourd", "revetement": "Empierré", "debroussaillee": false, "longueur_m": 89.1}, "geometry": {"type": "LineString", "coordinates": [[-0.677, 44.44799], [-0.67688, 44.44818], [-0.67673, 44.44823], [-0.67608, 44.44831]]}}, {"type": "Feature", "properties": {"gabarit": "Poids lourd", "revetement": "Sol naturel", "debroussaillee": false, "longueur_m": 496.3}, "geometry": {"type": "LineString", "coordinates": [[-0.677, 44.44799], [-0.67717, 44.44697], [-0.67749, 44.44623], [-0.67731, 44.44581], [-0.67749, 44.44444], [-0.67733, 44.44361]]}}, {"type": "Feature", "properties": {"gabarit": "Poids lourd", "revetement": "Sol naturel", "debroussaillee": false, "longueur_m": 111.1}, "geometry": {"type": "LineString", "coordinates": [[-0.63249, 44.43932], [-0.63112, 44.43949]]}}, {"type": "Feature", "properties": {"gabarit": "Poids lourd", "revetement": "Sol naturel", "debroussaillee": false, "longueur_m": 579.8}, "geometry": {"type": "LineString", "coordinates": [[-0.64262, 44.44254], [-0.64436, 44.44659], [-0.64432, 44.44673], [-0.64337, 44.44722]]}}, {"type": "Feature", "properties": {"gabarit": "Poids lourd", "revetement": "Sol naturel", "debroussaillee": false, "longueur_m": 7.6}, "geometry": {"type": "LineString", "coordinates": [[-0.63039, 44.44553], [-0.6303, 44.44556]]}}, {"type": "Feature", "properties": {"gabarit": "Poids lourd", "revetement": "Sol naturel", "debroussaillee": false, "longueur_m": 61.4}, "geometry": {"type": "LineString", "coordinates": [[-0.64262, 44.44254], [-0.64334, 44.44234]]}}, {"type": "Feature", "properties": {"gabarit": "Poids lourd", "revetement": "Sol naturel", "debroussaillee": false, "longueur_m": 557.7}, "geometry": {"type": "LineString", "coordinates": [[-0.63847, 44.43929], [-0.64241, 44.44196], [-0.64263, 44.44245], [-0.64186, 44.4427]]}}, {"type": "Feature", "properties": {"gabarit": "Poids lourd", "revetement": "Sol naturel", "debroussaillee": false, "longueur_m": 770.0}, "geometry": {"type": "LineString", "coordinates": [[-0.65944, 44.44454], [-0.65934, 44.44468], [-0.65939, 44.44489], [-0.65913, 44.44535], [-0.65866, 44.44564], [-0.6582, 44.44568], [-0.65786, 44.44582], [-0.65703, 44.44674], [-0.65627, 44.44738], [-0.65513, 44.44768], [-0.65472, 44.44768], [-0.65406, 44.44799], [-0.65331, 44.44822], [-0.65233, 44.44842]]}}, {"type": "Feature", "properties": {"gabarit": "Poids lourd", "revetement": "Sol naturel", "debroussaillee": false, "longueur_m": 201.6}, "geometry": {"type": "LineString", "coordinates": [[-0.64334, 44.44234], [-0.64448, 44.442], [-0.64559, 44.44152]]}}, {"type": "Feature", "properties": {"gabarit": "Poids lourd", "revetement": "Sol naturel", "debroussaillee": false, "longueur_m": 91.3}, "geometry": {"type": "LineString", "coordinates": [[-0.66342, 44.44349], [-0.66298, 44.44274]]}}, {"type": "Feature", "properties": {"gabarit": "Poids lourd", "revetement": "Sol naturel", "debroussaillee": false, "longueur_m": 304.3}, "geometry": {"type": "LineString", "coordinates": [[-0.67646, 44.44104], [-0.67657, 44.4413], [-0.67724, 44.44205], [-0.67721, 44.44313], [-0.67733, 44.44361]]}}, {"type": "Feature", "properties": {"gabarit": "Poids lourd", "revetement": "Sol naturel", "debroussaillee": false, "longueur_m": 137.1}, "geometry": {"type": "LineString", "coordinates": [[-0.67814, 44.44099], [-0.67659, 44.44098], [-0.67646, 44.44104]]}}, {"type": "Feature", "properties": {"gabarit": "Poids lourd", "revetement": "Sol naturel", "debroussaillee": true, "longueur_m": 109.9}, "geometry": {"type": "LineString", "coordinates": [[-0.6825, 44.44347], [-0.68175, 44.44404], [-0.68162, 44.44423]]}}, {"type": "Feature", "properties": {"gabarit": "Poids lourd", "revetement": "Sol naturel", "debroussaillee": false, "longueur_m": 107.5}, "geometry": {"type": "LineString", "coordinates": [[-0.67864, 44.44347], [-0.67842, 44.44355], [-0.67733, 44.44361]]}}, {"type": "Feature", "properties": {"gabarit": "Poids lourd", "revetement": "Sol naturel", "debroussaillee": false, "longueur_m": 348.7}, "geometry": {"type": "LineString", "coordinates": [[-0.68239, 44.44049], [-0.68126, 44.44057], [-0.68083, 44.44074], [-0.67918, 44.44101], [-0.67814, 44.44099]]}}, {"type": "Feature", "properties": {"gabarit": "Poids lourd", "revetement": "Sol naturel", "debroussaillee": true, "longueur_m": 421.5}, "geometry": {"type": "LineString", "coordinates": [[-0.68537, 44.44029], [-0.6825, 44.44347]]}}, {"type": "Feature", "properties": {"gabarit": "Poids lourd", "revetement": "Sol naturel", "debroussaillee": false, "longueur_m": 244.6}, "geometry": {"type": "LineString", "coordinates": [[-0.68537, 44.44029], [-0.6852, 44.44021], [-0.68435, 44.44017], [-0.68239, 44.44049]]}}, {"type": "Feature", "properties": {"gabarit": "Poids lourd", "revetement": "Sol naturel", "debroussaillee": false, "longueur_m": 138.7}, "geometry": {"type": "LineString", "coordinates": [[-0.71005, 44.43948], [-0.70952, 44.43952], [-0.70928, 44.43937], [-0.70929, 44.43931], [-0.7098, 44.43889]]}}, {"type": "Feature", "properties": {"gabarit": "Super poids lourd", "revetement": "Empierré", "debroussaillee": true, "longueur_m": 78.2}, "geometry": {"type": "LineString", "coordinates": [[-0.71981, 44.43957], [-0.71883, 44.43962]]}}, {"type": "Feature", "properties": {"gabarit": "Poids lourd", "revetement": "Sol naturel", "debroussaillee": false, "longueur_m": 346.6}, "geometry": {"type": "LineString", "coordinates": [[-0.74528, 44.43772], [-0.74571, 44.43747], [-0.74599, 44.43687], [-0.74631, 44.43667], [-0.74772, 44.43619], [-0.74862, 44.43615]]}}, {"type": "Feature", "properties": {"gabarit": "Super poids lourd", "revetement": "Empierré", "debroussaillee": true, "longueur_m": 34.5}, "geometry": {"type": "LineString", "coordinates": [[-0.74454, 44.43641], [-0.74414, 44.43653]]}}, {"type": "Feature", "properties": {"gabarit": "Poids lourd", "revetement": "Sol naturel", "debroussaillee": false, "longueur_m": 126.0}, "geometry": {"type": "LineString", "coordinates": [[-0.74993, 44.43557], [-0.74886, 44.43592], [-0.74862, 44.43615]]}}, {"type": "Feature", "properties": {"gabarit": "Poids lourd", "revetement": "Sol naturel", "debroussaillee": false, "longueur_m": 633.3}, "geometry": {"type": "LineString", "coordinates": [[-0.73831, 44.44147], [-0.7386, 44.44112], [-0.74025, 44.43963], [-0.74037, 44.43924], [-0.74073, 44.43879], [-0.74117, 44.43798], [-0.7415, 44.43781], [-0.74235, 44.4371], [-0.74256, 44.43676]]}}, {"type": "Feature", "properties": {"gabarit": "Poids lourd", "revetement": "Sol naturel", "debroussaillee": false, "longueur_m": 419.3}, "geometry": {"type": "LineString", "coordinates": [[-0.75926, 44.43806], [-0.75856, 44.4418]]}}, {"type": "Feature", "properties": {"gabarit": "Poids lourd", "revetement": "Sol naturel", "debroussaillee": false, "longueur_m": 1156.0}, "geometry": {"type": "LineString", "coordinates": [[-0.75926, 44.43806], [-0.75589, 44.4383], [-0.75494, 44.43849], [-0.75429, 44.43854], [-0.75162, 44.43841], [-0.75021, 44.44316]]}}, {"type": "Feature", "properties": {"gabarit": "Super poids lourd", "revetement": "Empierré", "debroussaillee": true, "longueur_m": 25.1}, "geometry": {"type": "LineString", "coordinates": [[-0.7611, 44.43702], [-0.76109, 44.43724]]}}, {"type": "Feature", "properties": {"gabarit": "Poids lourd", "revetement": "Sol naturel", "debroussaillee": false, "longueur_m": 155.2}, "geometry": {"type": "LineString", "coordinates": [[-0.75926, 44.43806], [-0.76011, 44.43767], [-0.76077, 44.43718]]}}, {"type": "Feature", "properties": {"gabarit": "Poids lourd", "revetement": "Sol naturel", "debroussaillee": false, "longueur_m": 213.1}, "geometry": {"type": "LineString", "coordinates": [[-0.77191, 44.43916], [-0.77174, 44.43725]]}}, {"type": "Feature", "properties": {"gabarit": "Poids lourd", "revetement": "Sol naturel", "debroussaillee": false, "longueur_m": 92.7}, "geometry": {"type": "LineString", "coordinates": [[-0.77496, 44.43734], [-0.77413, 44.43716], [-0.77385, 44.43724]]}}, {"type": "Feature", "properties": {"gabarit": "Poids lourd", "revetement": "Sol naturel", "debroussaillee": false, "longueur_m": 67.4}, "geometry": {"type": "LineString", "coordinates": [[-0.77701, 44.43732], [-0.77666, 44.43739], [-0.77618, 44.43735]]}}, {"type": "Feature", "properties": {"gabarit": "Poids lourd", "revetement": "Sol naturel", "debroussaillee": false, "longueur_m": 97.8}, "geometry": {"type": "LineString", "coordinates": [[-0.77618, 44.43735], [-0.77496, 44.43734]]}}, {"type": "Feature", "properties": {"gabarit": "Poids lourd", "revetement": "Sol naturel", "debroussaillee": false, "longueur_m": 361.5}, "geometry": {"type": "LineString", "coordinates": [[-0.64324, 44.4355], [-0.64143, 44.43543], [-0.64069, 44.43513], [-0.63885, 44.43488]]}}, {"type": "Feature", "properties": {"gabarit": "Super poids lourd", "revetement": "Empierré", "debroussaillee": false, "longueur_m": 146.7}, "geometry": {"type": "LineString", "coordinates": [[-0.645, 44.43512], [-0.64324, 44.4355]]}}, {"type": "Feature", "properties": {"gabarit": "Poids lourd", "revetement": "Sol naturel", "debroussaillee": false, "longueur_m": 106.2}, "geometry": {"type": "LineString", "coordinates": [[-0.63819, 44.43802], [-0.63782, 44.43808], [-0.63756, 44.43863], [-0.6376, 44.43871]]}}, {"type": "Feature", "properties": {"gabarit": "Super poids lourd", "revetement": "Empierré", "debroussaillee": true, "longueur_m": 115.5}, "geometry": {"type": "LineString", "coordinates": [[-0.64327, 44.43399], [-0.64321, 44.43408], [-0.64324, 44.43502]]}}, {"type": "Feature", "properties": {"gabarit": "Poids lourd", "revetement": "Sol naturel", "debroussaillee": false, "longueur_m": 561.7}, "geometry": {"type": "LineString", "coordinates": [[-0.65272, 44.43451], [-0.65121, 44.43498], [-0.65011, 44.43507], [-0.64734, 44.43517], [-0.64629, 44.43596]]}}, {"type": "Feature", "properties": {"gabarit": "Poids lourd", "revetement": "Sol naturel", "debroussaillee": false, "longueur_m": 19.5}, "geometry": {"type": "LineString", "coordinates": [[-0.65384, 44.43417], [-0.6536, 44.4342]]}}, {"type": "Feature", "properties": {"gabarit": "Poids lourd", "revetement": "Sol naturel", "debroussaillee": false, "longueur_m": 360.3}, "geometry": {"type": "LineString", "coordinates": [[-0.65272, 44.43451], [-0.65148, 44.43272], [-0.65049, 44.43239], [-0.64987, 44.43228]]}}, {"type": "Feature", "properties": {"gabarit": "Super poids lourd", "revetement": "Empierré", "debroussaillee": true, "longueur_m": 14.6}, "geometry": {"type": "LineString", "coordinates": [[-0.66547, 44.43303], [-0.66565, 44.43307]]}}, {"type": "Feature", "properties": {"gabarit": "Super poids lourd", "revetement": "Empierré", "debroussaillee": true, "longueur_m": 249.1}, "geometry": {"type": "LineString", "coordinates": [[-0.66168, 44.43335], [-0.66056, 44.43347], [-0.65858, 44.43333]]}}, {"type": "Feature", "properties": {"gabarit": "Super poids lourd", "revetement": "Empierré", "debroussaillee": true, "longueur_m": 213.5}, "geometry": {"type": "LineString", "coordinates": [[-0.66168, 44.43335], [-0.66321, 44.43328], [-0.66416, 44.43282]]}}, {"type": "Feature", "properties": {"gabarit": "Poids lourd", "revetement": "Sol naturel", "debroussaillee": false, "longueur_m": 53.0}, "geometry": {"type": "LineString", "coordinates": [[-0.66416, 44.43282], [-0.66411, 44.43277], [-0.66436, 44.4324]]}}, {"type": "Feature", "properties": {"gabarit": "Poids lourd", "revetement": "Sol naturel", "debroussaillee": false, "longueur_m": 115.8}, "geometry": {"type": "LineString", "coordinates": [[-0.66826, 44.43309], [-0.66845, 44.43412]]}}, {"type": "Feature", "properties": {"gabarit": "Super poids lourd", "revetement": "Empierré", "debroussaillee": true, "longueur_m": 6.0}, "geometry": {"type": "LineString", "coordinates": [[-0.66565, 44.43307], [-0.66572, 44.43308]]}}, {"type": "Feature", "properties": {"gabarit": "Super poids lourd", "revetement": "Empierré", "debroussaillee": true, "longueur_m": 202.6}, "geometry": {"type": "LineString", "coordinates": [[-0.66572, 44.43308], [-0.6669, 44.43303], [-0.66826, 44.43309]]}}, {"type": "Feature", "properties": {"gabarit": "Poids lourd", "revetement": "Sol naturel", "debroussaillee": true, "longueur_m": 128.3}, "geometry": {"type": "LineString", "coordinates": [[-0.67741, 44.43393], [-0.67838, 44.43374], [-0.67897, 44.43377]]}}, {"type": "Feature", "properties": {"gabarit": "Poids lourd", "revetement": "Sol naturel", "debroussaillee": true, "longueur_m": 6.6}, "geometry": {"type": "LineString", "coordinates": [[-0.67733, 44.43391], [-0.67741, 44.43393]]}}, {"type": "Feature", "properties": {"gabarit": "Super poids lourd", "revetement": "Empierré", "debroussaillee": true, "longueur_m": 541.6}, "geometry": {"type": "LineString", "coordinates": [[-0.67498, 44.4337], [-0.67428, 44.43359], [-0.67253, 44.43343], [-0.67166, 44.43349], [-0.67122, 44.43346], [-0.66973, 44.43331], [-0.66826, 44.43309]]}}, {"type": "Feature", "properties": {"gabarit": "Poids lourd", "revetement": "Sol naturel", "debroussaillee": true, "longueur_m": 17.0}, "geometry": {"type": "LineString", "coordinates": [[-0.67897, 44.43377], [-0.67919, 44.43379]]}}, {"type": "Feature", "properties": {"gabarit": "Poids lourd", "revetement": "Sol naturel", "debroussaillee": true, "longueur_m": 391.0}, "geometry": {"type": "LineString", "coordinates": [[-0.67733, 44.43391], [-0.67706, 44.4304]]}}, {"type": "Feature", "properties": {"gabarit": "Poids lourd", "revetement": "Sol naturel", "debroussaillee": true, "longueur_m": 361.2}, "geometry": {"type": "LineString", "coordinates": [[-0.72524, 44.43332], [-0.72954, 44.43229]]}}, {"type": "Feature", "properties": {"gabarit": "Poids lourd", "revetement": "Sol naturel", "debroussaillee": true, "longueur_m": 626.5}, "geometry": {"type": "LineString", "coordinates": [[-0.67919, 44.43379], [-0.68116, 44.4339], [-0.68432, 44.43434], [-0.68523, 44.43438], [-0.68696, 44.43458]]}}, {"type": "Feature", "properties": {"gabarit": "Poids lourd", "revetement": "Sol naturel", "debroussaillee": false, "longueur_m": 633.7}, "geometry": {"type": "LineString", "coordinates": [[-0.67919, 44.43379], [-0.6788, 44.43284], [-0.67879, 44.43212], [-0.67982, 44.43194], [-0.68109, 44.43195], [-0.68124, 44.43184], [-0.68125, 44.43174], [-0.6812, 44.43147], [-0.681, 44.43122], [-0.6808, 44.43113], [-0.68007, 44.43103], [-0.67961, 44.43088], [-0.67903, 44.43085]]}}, {"type": "Feature", "properties": {"gabarit": "Poids lourd", "revetement": "Sol naturel", "debroussaillee": true, "longueur_m": 32.9}, "geometry": {"type": "LineString", "coordinates": [[-0.6928, 44.43513], [-0.69256, 44.43537]]}}, {"type": "Feature", "properties": {"gabarit": "Poids lourd", "revetement": "Sol naturel", "debroussaillee": true, "longueur_m": 473.1}, "geometry": {"type": "LineString", "coordinates": [[-0.68696, 44.43458], [-0.68756, 44.43464], [-0.68826, 44.43482], [-0.68972, 44.43506], [-0.69125, 44.43517], [-0.6928, 44.43513]]}}, {"type": "Feature", "properties": {"gabarit": "Poids lourd", "revetement": "Sol naturel", "debroussaillee": false, "longueur_m": 473.0}, "geometry": {"type": "LineString", "coordinates": [[-0.70992, 44.4388], [-0.71184, 44.43704], [-0.71346, 44.4354]]}}, {"type": "Feature", "properties": {"gabarit": "Poids lourd", "revetement": "Sol naturel", "debroussaillee": false, "longueur_m": 262.0}, "geometry": {"type": "LineString", "coordinates": [[-0.71183, 44.43464], [-0.71122, 44.43483], [-0.70999, 44.43492], [-0.70939, 44.43489], [-0.70865, 44.43504]]}}, {"type": "Feature", "properties": {"gabarit": "Poids lourd", "revetement": "Sol naturel", "debroussaillee": false, "longueur_m": 91.4}, "geometry": {"type": "LineString", "coordinates": [[-0.71753, 44.43581], [-0.71734, 44.43581], [-0.71699, 44.4357], [-0.71661, 44.4354]]}}, {"type": "Feature", "properties": {"gabarit": "Poids lourd", "revetement": "Sol naturel", "debroussaillee": false, "longueur_m": 103.4}, "geometry": {"type": "LineString", "coordinates": [[-0.71497, 44.43529], [-0.71508, 44.43456], [-0.71491, 44.43442]]}}, {"type": "Feature", "properties": {"gabarit": "Poids lourd", "revetement": "Sol naturel", "debroussaillee": false, "longueur_m": 131.8}, "geometry": {"type": "LineString", "coordinates": [[-0.71661, 44.4354], [-0.71497, 44.43529]]}}, {"type": "Feature", "properties": {"gabarit": "Super poids lourd", "revetement": "Empierré", "debroussaillee": false, "longueur_m": 68.2}, "geometry": {"type": "LineString", "coordinates": [[-0.71661, 44.4354], [-0.71747, 44.43543]]}}, {"type": "Feature", "properties": {"gabarit": "Poids lourd", "revetement": "Sol naturel", "debroussaillee": false, "longueur_m": 321.2}, "geometry": {"type": "LineString", "coordinates": [[-0.71699, 44.43209], [-0.71662, 44.43247], [-0.71599, 44.43269], [-0.71581, 44.43282], [-0.71572, 44.43314], [-0.71491, 44.43442]]}}, {"type": "Feature", "properties": {"gabarit": "Poids lourd", "revetement": "Sol naturel", "debroussaillee": false, "longueur_m": 551.3}, "geometry": {"type": "LineString", "coordinates": [[-0.71491, 44.43442], [-0.71421, 44.43355], [-0.714, 44.4334], [-0.71344, 44.43318], [-0.71253, 44.43252], [-0.71101, 44.43203], [-0.70952, 44.43164]]}}, {"type": "Feature", "properties": {"gabarit": "Poids lourd", "revetement": "Sol naturel", "debroussaillee": true, "longueur_m": 21.8}, "geometry": {"type": "LineString", "coordinates": [[-0.72182, 44.4329], [-0.72207, 44.43282]]}}, {"type": "Feature", "properties": {"gabarit": "Poids lourd", "revetement": "Sol naturel", "debroussaillee": false, "longueur_m": 461.4}, "geometry": {"type": "LineString", "coordinates": [[-0.72207, 44.43282], [-0.72195, 44.43242], [-0.72212, 44.43222], [-0.72387, 44.43061], [-0.72534, 44.42959]]}}, {"type": "Feature", "properties": {"gabarit": "Poids lourd", "revetement": "Sol naturel", "debroussaillee": false, "longueur_m": 208.7}, "geometry": {"type": "LineString", "coordinates": [[-0.73269, 44.4297], [-0.73381, 44.42995], [-0.73413, 44.43016], [-0.73479, 44.43029], [-0.73498, 44.43047]]}}, {"type": "Feature", "properties": {"gabarit": "Poids lourd", "revetement": "Sol naturel", "debroussaillee": false, "longueur_m": 154.5}, "geometry": {"type": "LineString", "coordinates": [[-0.73993, 44.4303], [-0.7394, 44.43014], [-0.73864, 44.42971], [-0.73826, 44.42966]]}}, {"type": "Feature", "properties": {"gabarit": "Poids lourd", "revetement": "Sol naturel", "debroussaillee": false, "longueur_m": 44.7}, "geometry": {"type": "LineString", "coordinates": [[-0.7404, 44.43052], [-0.73993, 44.4303]]}}, {"type": "Feature", "properties": {"gabarit": "Poids lourd", "revetement": "Sol naturel", "debroussaillee": false, "longueur_m": 331.7}, "geometry": {"type": "LineString", "coordinates": [[-0.74658, 44.43488], [-0.74674, 44.43466], [-0.74739, 44.43416], [-0.74792, 44.43358], [-0.74836, 44.43341], [-0.7494, 44.43277]]}}, {"type": "Feature", "properties": {"gabarit": "Poids lourd", "revetement": "Sol naturel", "debroussaillee": false, "longueur_m": 74.5}, "geometry": {"type": "LineString", "coordinates": [[-0.74993, 44.43557], [-0.7508, 44.43531]]}}, {"type": "Feature", "properties": {"gabarit": "Poids lourd", "revetement": "Sol naturel", "debroussaillee": false, "longueur_m": 86.8}, "geometry": {"type": "LineString", "coordinates": [[-0.7494, 44.43277], [-0.74968, 44.43267], [-0.74971, 44.43241], [-0.74963, 44.43213]]}}, {"type": "Feature", "properties": {"gabarit": "Poids lourd", "revetement": "Sol naturel", "debroussaillee": false, "longueur_m": 46.9}, "geometry": {"type": "LineString", "coordinates": [[-0.75137, 44.43525], [-0.7508, 44.43531]]}}, {"type": "Feature", "properties": {"gabarit": "Poids lourd", "revetement": "Sol naturel", "debroussaillee": false, "longueur_m": 64.0}, "geometry": {"type": "LineString", "coordinates": [[-0.74608, 44.43532], [-0.74658, 44.43488]]}}, {"type": "Feature", "properties": {"gabarit": "Super poids lourd", "revetement": "Empierré", "debroussaillee": true, "longueur_m": 68.4}, "geometry": {"type": "LineString", "coordinates": [[-0.72067, 44.4395], [-0.71981, 44.43957]]}}, {"type": "Feature", "properties": {"gabarit": "Poids lourd", "revetement": "Sol naturel", "debroussaillee": false, "longueur_m": 135.4}, "geometry": {"type": "LineString", "coordinates": [[-0.74963, 44.43213], [-0.74921, 44.43095]]}}, {"type": "Feature", "properties": {"gabarit": "Poids lourd", "revetement": "Sol naturel", "debroussaillee": false, "longueur_m": 33.8}, "geometry": {"type": "LineString", "coordinates": [[-0.74138, 44.4308], [-0.74099, 44.43068]]}}, {"type": "Feature", "properties": {"gabarit": "Poids lourd", "revetement": "Sol naturel", "debroussaillee": false, "longueur_m": 53.7}, "geometry": {"type": "LineString", "coordinates": [[-0.7425, 44.43087], [-0.74316, 44.43081]]}}, {"type": "Feature", "properties": {"gabarit": "Super poids lourd", "revetement": "Empierré", "debroussaillee": false, "longueur_m": 50.9}, "geometry": {"type": "LineString", "coordinates": [[-0.74755, 44.42881], [-0.74811, 44.42903]]}}, {"type": "Feature", "properties": {"gabarit": "Super poids lourd", "revetement": "Empierré", "debroussaillee": true, "longueur_m": 326.9}, "geometry": {"type": "LineString", "coordinates": [[-0.76133, 44.43409], [-0.76111, 44.43488], [-0.7611, 44.43702]]}}, {"type": "Feature", "properties": {"gabarit": "Super poids lourd", "revetement": "Empierré", "debroussaillee": true, "longueur_m": 81.1}, "geometry": {"type": "LineString", "coordinates": [[-0.76146, 44.43338], [-0.76148, 44.43372], [-0.76133, 44.43409]]}}, {"type": "Feature", "properties": {"gabarit": "Super poids lourd", "revetement": "Empierré", "debroussaillee": true, "longueur_m": 12.3}, "geometry": {"type": "LineString", "coordinates": [[-0.76123, 44.43282], [-0.76127, 44.43292]]}}, {"type": "Feature", "properties": {"gabarit": "Super poids lourd", "revetement": "Empierré", "debroussaillee": true, "longueur_m": 393.5}, "geometry": {"type": "LineString", "coordinates": [[-0.75912, 44.42799], [-0.76059, 44.43137]]}}, {"type": "Feature", "properties": {"gabarit": "Poids lourd", "revetement": "Sol naturel", "debroussaillee": false, "longueur_m": 808.4}, "geometry": {"type": "LineString", "coordinates": [[-0.76494, 44.43165], [-0.76773, 44.43178], [-0.76836, 44.43186], [-0.77006, 44.43196], [-0.77054, 44.43189], [-0.77156, 44.43148], [-0.7719, 44.43142], [-0.77321, 44.43178], [-0.77477, 44.43166]]}}, {"type": "Feature", "properties": {"gabarit": "Poids lourd", "revetement": "Sol naturel", "debroussaillee": false, "longueur_m": 543.2}, "geometry": {"type": "LineString", "coordinates": [[-0.76752, 44.43436], [-0.76676, 44.43429], [-0.76635, 44.43435], [-0.76514, 44.43438], [-0.76458, 44.43433], [-0.76427, 44.43439], [-0.76364, 44.43467], [-0.7629, 44.43487], [-0.76224, 44.43458], [-0.76212, 44.43443], [-0.76192, 44.43433], [-0.76133, 44.43409]]}}, {"type": "Feature", "properties": {"gabarit": "Poids lourd", "revetement": "Sol naturel", "debroussaillee": false, "longueur_m": 100.5}, "geometry": {"type": "LineString", "coordinates": [[-0.76494, 44.43165], [-0.76589, 44.43129], [-0.76601, 44.43119]]}}, {"type": "Feature", "properties": {"gabarit": "Poids lourd", "revetement": "Sol naturel", "debroussaillee": false, "longueur_m": 51.6}, "geometry": {"type": "LineString", "coordinates": [[-0.79149, 44.42865], [-0.7921, 44.42849]]}}, {"type": "Feature", "properties": {"gabarit": "Poids lourd", "revetement": "Sol naturel", "debroussaillee": false, "longueur_m": 264.0}, "geometry": {"type": "LineString", "coordinates": [[-0.7921, 44.42849], [-0.79297, 44.4283], [-0.79381, 44.42764], [-0.79437, 44.42749], [-0.79491, 44.42744]]}}, {"type": "Feature", "properties": {"gabarit": "Super poids lourd", "revetement": "Empierré", "debroussaillee": false, "longueur_m": 558.3}, "geometry": {"type": "LineString", "coordinates": [[-0.87606, 44.42745], [-0.87438, 44.42699], [-0.87419, 44.42687], [-0.87267, 44.42348]]}}, {"type": "Feature", "properties": {"gabarit": "Super poids lourd", "revetement": "Empierré", "debroussaillee": true, "longueur_m": 335.7}, "geometry": {"type": "LineString", "coordinates": [[-0.64316, 44.43391], [-0.64322, 44.4338], [-0.6432, 44.4309]]}}, {"type": "Feature", "properties": {"gabarit": "Super poids lourd", "revetement": "Empierré", "debroussaillee": true, "longueur_m": 9.1}, "geometry": {"type": "LineString", "coordinates": [[-0.6432, 44.4309], [-0.64319, 44.43082]]}}, {"type": "Feature", "properties": {"gabarit": "Super poids lourd", "revetement": "Empierré", "debroussaillee": true, "longueur_m": 558.3}, "geometry": {"type": "LineString", "coordinates": [[-0.64319, 44.43082], [-0.64311, 44.42579]]}}, {"type": "Feature", "properties": {"gabarit": "Super poids lourd", "revetement": "Empierré", "debroussaillee": false, "longueur_m": 191.7}, "geometry": {"type": "LineString", "coordinates": [[-0.64333, 44.4258], [-0.64354, 44.42562], [-0.64397, 44.42554], [-0.64429, 44.42537], [-0.64546, 44.42566]]}}, {"type": "Feature", "properties": {"gabarit": "Poids lourd", "revetement": "Sol naturel", "debroussaillee": false, "longueur_m": 203.9}, "geometry": {"type": "LineString", "coordinates": [[-0.656, 44.42865], [-0.65622, 44.42867], [-0.65784, 44.42839], [-0.65851, 44.42839]]}}, {"type": "Feature", "properties": {"gabarit": "Poids lourd", "revetement": "Sol naturel", "debroussaillee": false, "longueur_m": 16.6}, "geometry": {"type": "LineString", "coordinates": [[-0.65679, 44.42667], [-0.65658, 44.42667]]}}, {"type": "Feature", "properties": {"gabarit": "Super poids lourd", "revetement": "Empierré", "debroussaillee": false, "longueur_m": 125.6}, "geometry": {"type": "LineString", "coordinates": [[-0.64655, 44.42647], [-0.64546, 44.42566]]}}, {"type": "Feature", "properties": {"gabarit": "Super poids lourd", "revetement": "Empierré", "debroussaillee": true, "longueur_m": 148.5}, "geometry": {"type": "LineString", "coordinates": [[-0.66898, 44.42906], [-0.66883, 44.4289], [-0.66876, 44.42858], [-0.6686, 44.42835], [-0.668, 44.42799]]}}, {"type": "Feature", "properties": {"gabarit": "Poids lourd", "revetement": "Sol naturel", "debroussaillee": false, "longueur_m": 151.0}, "geometry": {"type": "LineString", "coordinates": [[-0.66162, 44.42982], [-0.66245, 44.43032], [-0.66325, 44.43027]]}}, {"type": "Feature", "properties": {"gabarit": "Poids lourd", "revetement": "Sol naturel", "debroussaillee": false, "longueur_m": 83.2}, "geometry": {"type": "LineString", "coordinates": [[-0.65939, 44.42866], [-0.65918, 44.42856], [-0.6587, 44.42857], [-0.65851, 44.42839]]}}, {"type": "Feature", "properties": {"gabarit": "Super poids lourd", "revetement": "Empierré", "debroussaillee": true, "longueur_m": 103.8}, "geometry": {"type": "LineString", "coordinates": [[-0.66764, 44.42639], [-0.66743, 44.42546]]}}, {"type": "Feature", "properties": {"gabarit": "Super poids lourd", "revetement": "Empierré", "debroussaillee": false, "longueur_m": 221.0}, "geometry": {"type": "LineString", "coordinates": [[-0.65691, 44.42636], [-0.65962, 44.42681]]}}, {"type": "Feature", "properties": {"gabarit": "Poids lourd", "revetement": "Sol naturel", "debroussaillee": false, "longueur_m": 577.0}, "geometry": {"type": "LineString", "coordinates": [[-0.67706, 44.4304], [-0.67457, 44.43069], [-0.67386, 44.43073], [-0.67279, 44.43095], [-0.67164, 44.43056], [-0.67114, 44.43032], [-0.67076, 44.42966]]}}, {"type": "Feature", "properties": {"gabarit": "Poids lourd", "revetement": "Sol naturel", "debroussaillee": false, "longueur_m": 229.2}, "geometry": {"type": "LineString", "coordinates": [[-0.67695, 44.42852], [-0.67694, 44.42752], [-0.67678, 44.42711], [-0.6767, 44.42648]]}}, {"type": "Feature", "properties": {"gabarit": "Poids lourd", "revetement": "Sol naturel", "debroussaillee": false, "longueur_m": 611.0}, "geometry": {"type": "LineString", "coordinates": [[-0.67698, 44.42876], [-0.67622, 44.42871], [-0.67595, 44.42907], [-0.67557, 44.42931], [-0.67551, 44.42947], [-0.67512, 44.42976], [-0.67395, 44.42978], [-0.67281, 44.42912], [-0.67253, 44.42914], [-0.67239, 44.42922], [-0.67207, 44.42955], [-0.67076, 44.42966]]}}, {"type": "Feature", "properties": {"gabarit": "Poids lourd", "revetement": "Sol naturel", "debroussaillee": false, "longueur_m": 57.6}, "geometry": {"type": "LineString", "coordinates": [[-0.67705, 44.42927], [-0.67698, 44.42876]]}}, {"type": "Feature", "properties": {"gabarit": "Poids lourd", "revetement": "Sol naturel", "debroussaillee": false, "longueur_m": 26.9}, "geometry": {"type": "LineString", "coordinates": [[-0.67698, 44.42876], [-0.67695, 44.42852]]}}, {"type": "Feature", "properties": {"gabarit": "Poids lourd", "revetement": "Sol naturel", "debroussaillee": false, "longueur_m": 269.0}, "geometry": {"type": "LineString", "coordinates": [[-0.67601, 44.42453], [-0.67639, 44.42461], [-0.67761, 44.42431], [-0.67899, 44.42363]]}}, {"type": "Feature", "properties": {"gabarit": "Poids lourd", "revetement": "Sol naturel", "debroussaillee": false, "longueur_m": 672.9}, "geometry": {"type": "LineString", "coordinates": [[-0.67695, 44.42852], [-0.67782, 44.42805], [-0.67921, 44.4278], [-0.68068, 44.42737], [-0.68176, 44.42716], [-0.68242, 44.42695], [-0.68355, 44.42631], [-0.68419, 44.42571]]}}, {"type": "Feature", "properties": {"gabarit": "Poids lourd", "revetement": "Sol naturel", "debroussaillee": false, "longueur_m": 154.7}, "geometry": {"type": "LineString", "coordinates": [[-0.68419, 44.42571], [-0.68252, 44.42501]]}}, {"type": "Feature", "properties": {"gabarit": "Poids lourd", "revetement": "Sol naturel", "debroussaillee": false, "longueur_m": 344.7}, "geometry": {"type": "LineString", "coordinates": [[-0.68733, 44.42367], [-0.68601, 44.4243], [-0.68593, 44.4245], [-0.68501, 44.42521], [-0.68419, 44.42571]]}}, {"type": "Feature", "properties": {"gabarit": "Poids lourd", "revetement": "Sol naturel", "debroussaillee": false, "longueur_m": 212.3}, "geometry": {"type": "LineString", "coordinates": [[-0.68133, 44.42453], [-0.67945, 44.42376], [-0.67899, 44.42363]]}}, {"type": "Feature", "properties": {"gabarit": "Poids lourd", "revetement": "Sol naturel", "debroussaillee": false, "longueur_m": 11.4}, "geometry": {"type": "LineString", "coordinates": [[-0.68146, 44.42458], [-0.68133, 44.42453]]}}, {"type": "Feature", "properties": {"gabarit": "Poids lourd", "revetement": "Sol naturel", "debroussaillee": true, "longueur_m": 162.2}, "geometry": {"type": "LineString", "coordinates": [[-0.69356, 44.43379], [-0.69331, 44.43442], [-0.6928, 44.43513]]}}, {"type": "Feature", "properties": {"gabarit": "Poids lourd", "revetement": "Sol naturel", "debroussaillee": false, "longueur_m": 346.3}, "geometry": {"type": "LineString", "coordinates": [[-0.69415, 44.42945], [-0.69014, 44.42935], [-0.68984, 44.42946]]}}, {"type": "Feature", "properties": {"gabarit": "Poids lourd", "revetement": "Sol naturel", "debroussaillee": false, "longueur_m": 96.3}, "geometry": {"type": "LineString", "coordinates": [[-0.69486, 44.42327], [-0.69455, 44.423], [-0.69396, 44.42271]]}}, {"type": "Feature", "properties": {"gabarit": "Super poids lourd", "revetement": "Empierré", "debroussaillee": false, "longueur_m": 80.8}, "geometry": {"type": "LineString", "coordinates": [[-0.69486, 44.42327], [-0.69503, 44.42398]]}}, {"type": "Feature", "properties": {"gabarit": "Poids lourd", "revetement": "Sol naturel", "debroussaillee": false, "longueur_m": 551.2}, "geometry": {"type": "LineString", "coordinates": [[-0.71688, 44.43117], [-0.71656, 44.43116], [-0.71619, 44.43096], [-0.71569, 44.43086], [-0.71537, 44.43065], [-0.71493, 44.4305], [-0.71442, 44.43018], [-0.71313, 44.42992], [-0.71254, 44.42971], [-0.71214, 44.42949], [-0.71065, 44.42963]]}}, {"type": "Feature", "properties": {"gabarit": "Super poids lourd", "revetement": "Empierré", "debroussaillee": false, "longueur_m": 262.6}, "geometry": {"type": "LineString", "coordinates": [[-0.72269, 44.42612], [-0.72296, 44.42636], [-0.72328, 44.42641], [-0.72465, 44.42649], [-0.7258, 44.42635]]}}, {"type": "Feature", "properties": {"gabarit": "Poids lourd", "revetement": "Sol naturel", "debroussaillee": false, "longueur_m": 457.3}, "geometry": {"type": "LineString", "coordinates": [[-0.72332, 44.42368], [-0.72485, 44.42124], [-0.72589, 44.42002]]}}, {"type": "Feature", "properties": {"gabarit": "Super poids lourd", "revetement": "Empierré", "debroussaillee": false, "longueur_m": 304.8}, "geometry": {"type": "LineString", "coordinates": [[-0.7297, 44.42291], [-0.72958, 44.42341], [-0.72865, 44.42423], [-0.72847, 44.42515], [-0.72828, 44.42535]]}}, {"type": "Feature", "properties": {"gabarit": "Poids lourd", "revetement": "Sol naturel", "debroussaillee": false, "longueur_m": 338.0}, "geometry": {"type": "LineString", "coordinates": [[-0.72584, 44.42333], [-0.72594, 44.4239], [-0.72584, 44.42444], [-0.7258, 44.42635]]}}, {"type": "Feature", "properties": {"gabarit": "Poids lourd", "revetement": "Sol naturel", "debroussaillee": false, "longueur_m": 329.5}, "geometry": {"type": "LineString", "coordinates": [[-0.73568, 44.42284], [-0.73581, 44.42296], [-0.73661, 44.42305], [-0.7397, 44.42324]]}}, {"type": "Feature", "properties": {"gabarit": "Poids lourd", "revetement": "Sol naturel", "debroussaillee": true, "longueur_m": 181.0}, "geometry": {"type": "LineString", "coordinates": [[-0.7366, 44.42136], [-0.73659, 44.42147], [-0.73585, 44.42249], [-0.73568, 44.42284]]}}, {"type": "Feature", "properties": {"gabarit": "Poids lourd", "revetement": "Sol naturel", "debroussaillee": true, "longueur_m": 124.7}, "geometry": {"type": "LineString", "coordinates": [[-0.73568, 44.42284], [-0.735, 44.42357], [-0.7349, 44.42379]]}}, {"type": "Feature", "properties": {"gabarit": "Super poids lourd", "revetement": "Empierré", "debroussaillee": false, "longueur_m": 203.8}, "geometry": {"type": "LineString", "coordinates": [[-0.74561, 44.42783], [-0.74585, 44.42793], [-0.7481, 44.42781]]}}, {"type": "Feature", "properties": {"gabarit": "Poids lourd", "revetement": "Sol naturel", "debroussaillee": false, "longueur_m": 47.2}, "geometry": {"type": "LineString", "coordinates": [[-0.75761, 44.42431], [-0.7582, 44.42429]]}}, {"type": "Feature", "properties": {"gabarit": "Poids lourd", "revetement": "Sol naturel", "debroussaillee": false, "longueur_m": 527.2}, "geometry": {"type": "LineString", "coordinates": [[-0.75912, 44.42799], [-0.75992, 44.42781], [-0.76142, 44.42716], [-0.76323, 44.42617], [-0.76382, 44.42553], [-0.76431, 44.42519]]}}, {"type": "Feature", "properties": {"gabarit": "Poids lourd", "revetement": "Sol naturel", "debroussaillee": false, "longueur_m": 59.1}, "geometry": {"type": "LineString", "coordinates": [[-0.76431, 44.42519], [-0.76498, 44.42497]]}}, {"type": "Feature", "properties": {"gabarit": "Poids lourd", "revetement": "Sol naturel", "debroussaillee": true, "longueur_m": 211.1}, "geometry": {"type": "LineString", "coordinates": [[-0.77565, 44.42053], [-0.77783, 44.42107], [-0.778, 44.42128]]}}, {"type": "Feature", "properties": {"gabarit": "Poids lourd", "revetement": "Sol naturel", "debroussaillee": false, "longueur_m": 126.9}, "geometry": {"type": "LineString", "coordinates": [[-0.78645, 44.42033], [-0.78542, 44.42031], [-0.78535, 44.42019], [-0.78555, 44.41997]]}}, {"type": "Feature", "properties": {"gabarit": "Poids lourd", "revetement": "Sol naturel", "debroussaillee": true, "longueur_m": 93.3}, "geometry": {"type": "LineString", "coordinates": [[-0.78741, 44.41985], [-0.78645, 44.42033]]}}, {"type": "Feature", "properties": {"gabarit": "Poids lourd", "revetement": "Sol naturel", "debroussaillee": true, "longueur_m": 198.3}, "geometry": {"type": "LineString", "coordinates": [[-0.78645, 44.42033], [-0.78579, 44.42064], [-0.78527, 44.42102], [-0.78515, 44.42122], [-0.78506, 44.42168]]}}, {"type": "Feature", "properties": {"gabarit": "Poids lourd", "revetement": "Sol naturel", "debroussaillee": false, "longueur_m": 105.7}, "geometry": {"type": "LineString", "coordinates": [[-0.78506, 44.42168], [-0.78441, 44.4217], [-0.78401, 44.42191], [-0.78383, 44.42193]]}}, {"type": "Feature", "properties": {"gabarit": "Poids lourd", "revetement": "Sol naturel", "debroussaillee": false, "longueur_m": 509.9}, "geometry": {"type": "LineString", "coordinates": [[-0.78976, 44.42336], [-0.78989, 44.42459], [-0.78999, 44.42474], [-0.79442, 44.42493]]}}, {"type": "Feature", "properties": {"gabarit": "Poids lourd", "revetement": "Sol naturel", "debroussaillee": true, "longueur_m": 177.9}, "geometry": {"type": "LineString", "coordinates": [[-0.79235, 44.42552], [-0.79361, 44.42511], [-0.79442, 44.42493]]}}, {"type": "Feature", "properties": {"gabarit": "Poids lourd", "revetement": "Sol naturel", "debroussaillee": true, "longueur_m": 137.6}, "geometry": {"type": "LineString", "coordinates": [[-0.79662, 44.4232], [-0.79743, 44.42261], [-0.7979, 44.42239]]}}, {"type": "Feature", "properties": {"gabarit": "Poids lourd", "revetement": "Sol naturel", "debroussaillee": false, "longueur_m": 336.5}, "geometry": {"type": "LineString", "coordinates": [[-0.80047, 44.4213], [-0.79956, 44.42133], [-0.79857, 44.42122], [-0.79751, 44.42153], [-0.79669, 44.42163], [-0.79642, 44.42173]]}}, {"type": "Feature", "properties": {"gabarit": "Poids lourd", "revetement": "Sol naturel", "debroussaillee": false, "longueur_m": 361.6}, "geometry": {"type": "LineString", "coordinates": [[-0.81574, 44.41889], [-0.81997, 44.42006]]}}, {"type": "Feature", "properties": {"gabarit": "Poids lourd", "revetement": "Sol naturel", "debroussaillee": false, "longueur_m": 7.0}, "geometry": {"type": "LineString", "coordinates": [[-0.83046, 44.41972], [-0.83049, 44.41978]]}}, {"type": "Feature", "properties": {"gabarit": "Poids lourd", "revetement": "Sol naturel", "debroussaillee": false, "longueur_m": 20.1}, "geometry": {"type": "LineString", "coordinates": [[-0.85252, 44.42116], [-0.85246, 44.42133]]}}, {"type": "Feature", "properties": {"gabarit": "Poids lourd", "revetement": "Sol naturel", "debroussaillee": false, "longueur_m": 217.1}, "geometry": {"type": "LineString", "coordinates": [[-0.85226, 44.42108], [-0.85293, 44.41971], [-0.85336, 44.41931]]}}, {"type": "Feature", "properties": {"gabarit": "Poids lourd", "revetement": "Sol naturel", "debroussaillee": true, "longueur_m": 6.4}, "geometry": {"type": "LineString", "coordinates": [[-0.8535, 44.41935], [-0.85343, 44.41933]]}}, {"type": "Feature", "properties": {"gabarit": "Poids lourd", "revetement": "Sol naturel", "debroussaillee": false, "longueur_m": 340.3}, "geometry": {"type": "LineString", "coordinates": [[-0.86936, 44.4257], [-0.87029, 44.42271]]}}, {"type": "Feature", "properties": {"gabarit": "Super poids lourd", "revetement": "Empierré", "debroussaillee": false, "longueur_m": 641.3}, "geometry": {"type": "LineString", "coordinates": [[-0.87267, 44.42348], [-0.87128, 44.4203], [-0.87201, 44.41793]]}}, {"type": "Feature", "properties": {"gabarit": "Poids lourd", "revetement": "Sol naturel", "debroussaillee": false, "longueur_m": 92.2}, "geometry": {"type": "LineString", "coordinates": [[-0.85454, 44.41969], [-0.85387, 44.41941], [-0.8535, 44.41935]]}}, {"type": "Feature", "properties": {"gabarit": "Poids lourd", "revetement": "Sol naturel", "debroussaillee": false, "longueur_m": 183.5}, "geometry": {"type": "LineString", "coordinates": [[-0.87128, 44.4195], [-0.87177, 44.41789]]}}, {"type": "Feature", "properties": {"gabarit": "Super poids lourd", "revetement": "Empierré", "debroussaillee": true, "longueur_m": 8.4}, "geometry": {"type": "LineString", "coordinates": [[-0.87181, 44.4179], [-0.87192, 44.41791]]}}, {"type": "Feature", "properties": {"gabarit": "Super poids lourd", "revetement": "Empierré", "debroussaillee": true, "longueur_m": 7.9}, "geometry": {"type": "LineString", "coordinates": [[-0.87192, 44.41791], [-0.87201, 44.41793]]}}, {"type": "Feature", "properties": {"gabarit": "Super poids lourd", "revetement": "Empierré", "debroussaillee": true, "longueur_m": 3.4}, "geometry": {"type": "LineString", "coordinates": [[-0.87177, 44.41789], [-0.87181, 44.4179]]}}, {"type": "Feature", "properties": {"gabarit": "Poids lourd", "revetement": "Sol naturel", "debroussaillee": false, "longueur_m": 788.4}, "geometry": {"type": "LineString", "coordinates": [[-0.87201, 44.41793], [-0.88145, 44.42007]]}}, {"type": "Feature", "properties": {"gabarit": "Super poids lourd", "revetement": "Empierré", "debroussaillee": true, "longueur_m": 210.9}, "geometry": {"type": "LineString", "coordinates": [[-0.64311, 44.42579], [-0.64309, 44.42389]]}}, {"type": "Feature", "properties": {"gabarit": "Poids lourd", "revetement": "Sol naturel", "debroussaillee": true, "longueur_m": 620.8}, "geometry": {"type": "LineString", "coordinates": [[-0.64308, 44.42342], [-0.643, 44.41783]]}}, {"type": "Feature", "properties": {"gabarit": "Poids lourd", "revetement": "Sol naturel", "debroussaillee": true, "longueur_m": 5.4}, "geometry": {"type": "LineString", "coordinates": [[-0.643, 44.41783], [-0.643, 44.41778]]}}, {"type": "Feature", "properties": {"gabarit": "Poids lourd", "revetement": "Sol naturel", "debroussaillee": true, "longueur_m": 7.3}, "geometry": {"type": "LineString", "coordinates": [[-0.643, 44.41778], [-0.64303, 44.41772]]}}, {"type": "Feature", "properties": {"gabarit": "Poids lourd", "revetement": "Sol naturel", "debroussaillee": true, "longueur_m": 12.3}, "geometry": {"type": "LineString", "coordinates": [[-0.643, 44.41665], [-0.64315, 44.41667]]}}, {"type": "Feature", "properties": {"gabarit": "Poids lourd", "revetement": "Sol naturel", "debroussaillee": false, "longueur_m": 471.6}, "geometry": {"type": "LineString", "coordinates": [[-0.64886, 44.42332], [-0.6484, 44.42323], [-0.64782, 44.42319], [-0.6447, 44.42366], [-0.64369, 44.42345], [-0.64308, 44.42342]]}}, {"type": "Feature", "properties": {"gabarit": "Poids lourd", "revetement": "Sol naturel", "debroussaillee": false, "longueur_m": 708.6}, "geometry": {"type": "LineString", "coordinates": [[-0.65658, 44.42667], [-0.65598, 44.42653], [-0.65524, 44.42617], [-0.6546, 44.42555], [-0.65322, 44.42452], [-0.65255, 44.42367], [-0.65238, 44.42359], [-0.65148, 44.42343], [-0.65119, 44.42328], [-0.65069, 44.42329], [-0.64982, 44.42352]]}}, {"type": "Feature", "properties": {"gabarit": "Poids lourd", "revetement": "Sol naturel", "debroussaillee": false, "longueur_m": 81.5}, "geometry": {"type": "LineString", "coordinates": [[-0.64982, 44.42352], [-0.64928, 44.42348], [-0.64886, 44.42332]]}}, {"type": "Feature", "properties": {"gabarit": "Poids lourd", "revetement": "Sol naturel", "debroussaillee": false, "longueur_m": 180.4}, "geometry": {"type": "LineString", "coordinates": [[-0.66555, 44.42571], [-0.66479, 44.42566], [-0.66468, 44.42574], [-0.66452, 44.42605], [-0.66454, 44.42665]]}}, {"type": "Feature", "properties": {"gabarit": "Poids lourd", "revetement": "Sol naturel", "debroussaillee": true, "longueur_m": 624.8}, "geometry": {"type": "LineString", "coordinates": [[-0.65051, 44.41862], [-0.64315, 44.41667]]}}, {"type": "Feature", "properties": {"gabarit": "Super poids lourd", "revetement": "Empierré", "debroussaillee": true, "longueur_m": 64.7}, "geometry": {"type": "LineString", "coordinates": [[-0.6666, 44.42308], [-0.66662, 44.4225]]}}, {"type": "Feature", "properties": {"gabarit": "Poids lourd", "revetement": "Sol naturel", "debroussaillee": false, "longueur_m": 122.8}, "geometry": {"type": "LineString", "coordinates": [[-0.6645, 44.41768], [-0.66309, 44.41725]]}}, {"type": "Feature", "properties": {"gabarit": "Poids lourd", "revetement": "Sol naturel", "debroussaillee": false, "longueur_m": 315.1}, "geometry": {"type": "LineString", "coordinates": [[-0.67599, 44.42138], [-0.67581, 44.42294], [-0.67558, 44.4239], [-0.67559, 44.4242]]}}, {"type": "Feature", "properties": {"gabarit": "Poids lourd", "revetement": "Sol naturel", "debroussaillee": false, "longueur_m": 459.3}, "geometry": {"type": "LineString", "coordinates": [[-0.67213, 44.42544], [-0.67184, 44.42643], [-0.67172, 44.42657], [-0.67156, 44.42663], [-0.66764, 44.42639]]}}, {"type": "Feature", "properties": {"gabarit": "Poids lourd", "revetement": "Sol naturel", "debroussaillee": false, "longueur_m": 348.6}, "geometry": {"type": "LineString", "coordinates": [[-0.67899, 44.42363], [-0.67828, 44.423], [-0.67639, 44.42181], [-0.67599, 44.42138]]}}, {"type": "Feature", "properties": {"gabarit": "Poids lourd", "revetement": "Sol naturel", "debroussaillee": false, "longueur_m": 49.6}, "geometry": {"type": "LineString", "coordinates": [[-0.67559, 44.4242], [-0.67601, 44.42453]]}}, {"type": "Feature", "properties": {"gabarit": "Poids lourd", "revetement": "Sol naturel", "debroussaillee": false, "longueur_m": 789.1}, "geometry": {"type": "LineString", "coordinates": [[-0.67899, 44.42363], [-0.67916, 44.42343], [-0.67943, 44.42326], [-0.68029, 44.42308], [-0.68163, 44.42263], [-0.68351, 44.42221], [-0.68375, 44.42207], [-0.68436, 44.42152], [-0.68469, 44.42147], [-0.68606, 44.42092], [-0.68739, 44.42023]]}}, {"type": "Feature", "properties": {"gabarit": "Poids lourd", "revetement": "Sol naturel", "debroussaillee": true, "longueur_m": 506.4}, "geometry": {"type": "LineString", "coordinates": [[-0.69683, 44.42532], [-0.69415, 44.42945]]}}, {"type": "Feature", "properties": {"gabarit": "Poids lourd", "revetement": "Sol naturel", "debroussaillee": false, "longueur_m": 58.5}, "geometry": {"type": "LineString", "coordinates": [[-0.69365, 44.4223], [-0.69365, 44.42254], [-0.69396, 44.42271]]}}, {"type": "Feature", "properties": {"gabarit": "Poids lourd", "revetement": "Sol naturel", "debroussaillee": false, "longueur_m": 131.5}, "geometry": {"type": "LineString", "coordinates": [[-0.69859, 44.42088], [-0.69904, 44.41974]]}}, {"type": "Feature", "properties": {"gabarit": "Poids lourd", "revetement": "Sol naturel", "debroussaillee": false, "longueur_m": 380.6}, "geometry": {"type": "LineString", "coordinates": [[-0.69824, 44.42181], [-0.69547, 44.42174], [-0.69495, 44.42185], [-0.69397, 44.42226], [-0.69365, 44.4223]]}}, {"type": "Feature", "properties": {"gabarit": "Super poids lourd", "revetement": "Empierré", "debroussaillee": true, "longueur_m": 107.5}, "geometry": {"type": "LineString", "coordinates": [[-0.69859, 44.42088], [-0.69824, 44.42181]]}}, {"type": "Feature", "properties": {"gabarit": "Poids lourd", "revetement": "Sol naturel", "debroussaillee": false, "longueur_m": 9.2}, "geometry": {"type": "LineString", "coordinates": [[-0.69365, 44.4223], [-0.69354, 44.42228]]}}, {"type": "Feature", "properties": {"gabarit": "Poids lourd", "revetement": "Sol naturel", "debroussaillee": false, "longueur_m": 19.6}, "geometry": {"type": "LineString", "coordinates": [[-0.69354, 44.42228], [-0.6933, 44.42225]]}}, {"type": "Feature", "properties": {"gabarit": "Poids lourd", "revetement": "Sol naturel", "debroussaillee": false, "longueur_m": 678.2}, "geometry": {"type": "LineString", "coordinates": [[-0.68962, 44.41527], [-0.68974, 44.41552], [-0.68971, 44.41604], [-0.68986, 44.41698], [-0.69025, 44.41786], [-0.69003, 44.41858], [-0.68952, 44.4189], [-0.68858, 44.41931], [-0.68814, 44.41976], [-0.68805, 44.42014], [-0.68784, 44.42021], [-0.68739, 44.42023]]}}, {"type": "Feature", "properties": {"gabarit": "Poids lourd", "revetement": "Sol naturel", "debroussaillee": false, "longueur_m": 64.9}, "geometry": {"type": "LineString", "coordinates": [[-0.69904, 44.41974], [-0.69898, 44.41949], [-0.6987, 44.41923]]}}, {"type": "Feature", "properties": {"gabarit": "Super poids lourd", "revetement": "Empierré", "debroussaillee": false, "longueur_m": 143.4}, "geometry": {"type": "LineString", "coordinates": [[-0.69284, 44.41509], [-0.69364, 44.41511], [-0.69446, 44.4155]]}}, {"type": "Feature", "properties": {"gabarit": "Super poids lourd", "revetement": "Empierré", "debroussaillee": false, "longueur_m": 180.7}, "geometry": {"type": "LineString", "coordinates": [[-0.69446, 44.4155], [-0.69458, 44.41541], [-0.69459, 44.41533], [-0.69443, 44.41516], [-0.69429, 44.41511], [-0.69366, 44.41497], [-0.69337, 44.41496], [-0.69299, 44.41501], [-0.69284, 44.41509]]}}, {"type": "Feature", "properties": {"gabarit": "Super poids lourd", "revetement": "Empierré", "debroussaillee": false, "longueur_m": 126.7}, "geometry": {"type": "LineString", "coordinates": [[-0.69129, 44.41535], [-0.69284, 44.41509]]}}, {"type": "Feature", "properties": {"gabarit": "Poids lourd", "revetement": "Sol naturel", "debroussaillee": false, "longueur_m": 338.1}, "geometry": {"type": "LineString", "coordinates": [[-0.69432, 44.41784], [-0.69401, 44.41825], [-0.69369, 44.41849], [-0.69363, 44.41871], [-0.69203, 44.4196], [-0.69181, 44.41957], [-0.69159, 44.41961], [-0.6916, 44.41984]]}}, {"type": "Feature", "properties": {"gabarit": "Poids lourd", "revetement": "Sol naturel", "debroussaillee": false, "longueur_m": 180.6}, "geometry": {"type": "LineString", "coordinates": [[-0.69958, 44.41948], [-0.69993, 44.4193], [-0.70035, 44.41894], [-0.7009, 44.41819]]}}, {"type": "Feature", "properties": {"gabarit": "Poids lourd", "revetement": "Sol naturel", "debroussaillee": false, "longueur_m": 212.7}, "geometry": {"type": "LineString", "coordinates": [[-0.70659, 44.41664], [-0.70666, 44.41526], [-0.70657, 44.4149], [-0.70664, 44.41475]]}}, {"type": "Feature", "properties": {"gabarit": "Poids lourd", "revetement": "Sol naturel", "debroussaillee": false, "longueur_m": 122.7}, "geometry": {"type": "LineString", "coordinates": [[-0.70188, 44.41725], [-0.70229, 44.41684], [-0.70212, 44.41652], [-0.70217, 44.41628]]}}, {"type": "Feature", "properties": {"gabarit": "Poids lourd", "revetement": "Sol naturel", "debroussaillee": false, "longueur_m": 130.9}, "geometry": {"type": "LineString", "coordinates": [[-0.70188, 44.41725], [-0.70146, 44.41756], [-0.7009, 44.41819]]}}, {"type": "Feature", "properties": {"gabarit": "Poids lourd", "revetement": "Sol naturel", "debroussaillee": false, "longueur_m": 63.6}, "geometry": {"type": "LineString", "coordinates": [[-0.70561, 44.42248], [-0.7054, 44.4225], [-0.70509, 44.42284]]}}, {"type": "Feature", "properties": {"gabarit": "Super poids lourd", "revetement": "Empierré", "debroussaillee": true, "longueur_m": 27.2}, "geometry": {"type": "LineString", "coordinates": [[-0.7155, 44.42565], [-0.71525, 44.42548]]}}, {"type": "Feature", "properties": {"gabarit": "Poids lourd", "revetement": "Sol naturel", "debroussaillee": true, "longueur_m": 28.5}, "geometry": {"type": "LineString", "coordinates": [[-0.71774, 44.41928], [-0.71791, 44.41906]]}}, {"type": "Feature", "properties": {"gabarit": "Poids lourd", "revetement": "Sol naturel", "debroussaillee": false, "longueur_m": 348.9}, "geometry": {"type": "LineString", "coordinates": [[-0.70659, 44.41664], [-0.70679, 44.4167], [-0.70759, 44.41671], [-0.71006, 44.41668], [-0.71085, 44.41639]]}}, {"type": "Feature", "properties": {"gabarit": "Poids lourd", "revetement": "Sol naturel", "debroussaillee": false, "longueur_m": 548.9}, "geometry": {"type": "LineString", "coordinates": [[-0.71791, 44.41906], [-0.71748, 44.4189], [-0.71697, 44.41885], [-0.71653, 44.41867], [-0.71618, 44.41862], [-0.71547, 44.4183], [-0.71509, 44.41823], [-0.71478, 44.41806], [-0.71432, 44.41755], [-0.71386, 44.41736], [-0.71324, 44.41695], [-0.71263, 44.41669], [-0.71219, 44.41662]]}}, {"type": "Feature", "properties": {"gabarit": "Poids lourd", "revetement": "Sol naturel", "debroussaillee": false, "longueur_m": 38.7}, "geometry": {"type": "LineString", "coordinates": [[-0.71219, 44.41662], [-0.71195, 44.41656], [-0.71173, 44.41659]]}}, {"type": "Feature", "properties": {"gabarit": "Poids lourd", "revetement": "Sol naturel", "debroussaillee": false, "longueur_m": 37.7}, "geometry": {"type": "LineString", "coordinates": [[-0.72223, 44.42004], [-0.72213, 44.42], [-0.7218, 44.42007]]}}, {"type": "Feature", "properties": {"gabarit": "Poids lourd", "revetement": "Sol naturel", "debroussaillee": false, "longueur_m": 51.7}, "geometry": {"type": "LineString", "coordinates": [[-0.72093, 44.42025], [-0.72028, 44.42022]]}}, {"type": "Feature", "properties": {"gabarit": "Poids lourd", "revetement": "Sol naturel", "debroussaillee": true, "longueur_m": 519.5}, "geometry": {"type": "LineString", "coordinates": [[-0.72766, 44.41669], [-0.72501, 44.41617], [-0.72365, 44.41581], [-0.72312, 44.41592], [-0.72141, 44.41573]]}}, {"type": "Feature", "properties": {"gabarit": "Poids lourd", "revetement": "Sol naturel", "debroussaillee": true, "longueur_m": 463.7}, "geometry": {"type": "LineString", "coordinates": [[-0.71791, 44.41906], [-0.71847, 44.4184], [-0.72141, 44.41573]]}}, {"type": "Feature", "properties": {"gabarit": "Poids lourd", "revetement": "Sol naturel", "debroussaillee": false, "longueur_m": 173.0}, "geometry": {"type": "LineString", "coordinates": [[-0.72141, 44.41573], [-0.72065, 44.41544], [-0.7203, 44.41506], [-0.71976, 44.41478]]}}, {"type": "Feature", "properties": {"gabarit": "Poids lourd", "revetement": "Sol naturel", "debroussaillee": true, "longueur_m": 482.4}, "geometry": {"type": "LineString", "coordinates": [[-0.73758, 44.41892], [-0.73735, 44.4188], [-0.73599, 44.41845], [-0.73434, 44.41822], [-0.73355, 44.41796], [-0.73275, 44.41787], [-0.73183, 44.41765]]}}, {"type": "Feature", "properties": {"gabarit": "Poids lourd", "revetement": "Sol naturel", "debroussaillee": true, "longueur_m": 80.4}, "geometry": {"type": "LineString", "coordinates": [[-0.73084, 44.41762], [-0.73183, 44.41765]]}}, {"type": "Feature", "properties": {"gabarit": "Poids lourd", "revetement": "Sol naturel", "debroussaillee": true, "longueur_m": 133.0}, "geometry": {"type": "LineString", "coordinates": [[-0.73889, 44.41945], [-0.73984, 44.41985], [-0.7404, 44.41987]]}}, {"type": "Feature", "properties": {"gabarit": "Poids lourd", "revetement": "Sol naturel", "debroussaillee": true, "longueur_m": 120.3}, "geometry": {"type": "LineString", "coordinates": [[-0.73889, 44.41945], [-0.73758, 44.41892]]}}, {"type": "Feature", "properties": {"gabarit": "Poids lourd", "revetement": "Sol naturel", "debroussaillee": true, "longueur_m": 70.7}, "geometry": {"type": "LineString", "coordinates": [[-0.73084, 44.41762], [-0.73073, 44.41754], [-0.73045, 44.41754], [-0.73007, 44.41739]]}}, {"type": "Feature", "properties": {"gabarit": "Poids lourd", "revetement": "Sol naturel", "debroussaillee": true, "longueur_m": 29.1}, "geometry": {"type": "LineString", "coordinates": [[-0.74076, 44.41988], [-0.7404, 44.41987]]}}, {"type": "Feature", "properties": {"gabarit": "Poids lourd", "revetement": "Sol naturel", "debroussaillee": false, "longueur_m": 118.7}, "geometry": {"type": "LineString", "coordinates": [[-0.78886, 44.41963], [-0.78741, 44.41985]]}}, {"type": "Feature", "properties": {"gabarit": "Poids lourd", "revetement": "Sol naturel", "debroussaillee": true, "longueur_m": 53.5}, "geometry": {"type": "LineString", "coordinates": [[-0.788, 44.41871], [-0.78816, 44.41841], [-0.78812, 44.41825]]}}, {"type": "Feature", "properties": {"gabarit": "Poids lourd", "revetement": "Sol naturel", "debroussaillee": true, "longueur_m": 137.6}, "geometry": {"type": "LineString", "coordinates": [[-0.78741, 44.41985], [-0.78751, 44.4195], [-0.78789, 44.41904], [-0.788, 44.41871]]}}, {"type": "Feature", "properties": {"gabarit": "Poids lourd", "revetement": "Sol naturel", "debroussaillee": true, "longueur_m": 79.0}, "geometry": {"type": "LineString", "coordinates": [[-0.78836, 44.41321], [-0.78908, 44.41319], [-0.78916, 44.41301]]}}, {"type": "Feature", "properties": {"gabarit": "Poids lourd", "revetement": "Sol naturel", "debroussaillee": true, "longueur_m": 424.8}, "geometry": {"type": "LineString", "coordinates": [[-0.78944, 44.41454], [-0.78812, 44.41825]]}}, {"type": "Feature", "properties": {"gabarit": "Poids lourd", "revetement": "Sol naturel", "debroussaillee": true, "longueur_m": 37.2}, "geometry": {"type": "LineString", "coordinates": [[-0.7877, 44.41358], [-0.78767, 44.41338], [-0.78775, 44.41327]]}}, {"type": "Feature", "properties": {"gabarit": "Poids lourd", "revetement": "Sol naturel", "debroussaillee": true, "longueur_m": 49.2}, "geometry": {"type": "LineString", "coordinates": [[-0.78836, 44.41321], [-0.78775, 44.41327]]}}, {"type": "Feature", "properties": {"gabarit": "Poids lourd", "revetement": "Sol naturel", "debroussaillee": true, "longueur_m": 34.4}, "geometry": {"type": "LineString", "coordinates": [[-0.78908, 44.41437], [-0.78944, 44.41454]]}}, {"type": "Feature", "properties": {"gabarit": "Poids lourd", "revetement": "Sol naturel", "debroussaillee": true, "longueur_m": 143.2}, "geometry": {"type": "LineString", "coordinates": [[-0.78908, 44.41437], [-0.7883, 44.41404], [-0.7877, 44.41358]]}}, {"type": "Feature", "properties": {"gabarit": "Poids lourd", "revetement": "Sol naturel", "debroussaillee": false, "longueur_m": 554.5}, "geometry": {"type": "LineString", "coordinates": [[-0.79642, 44.42173], [-0.79579, 44.42167], [-0.79548, 44.42142], [-0.79508, 44.42129], [-0.79471, 44.42129], [-0.7946, 44.41909], [-0.79531, 44.41892], [-0.79541, 44.41866], [-0.79536, 44.41834], [-0.79552, 44.41808]]}}, {"type": "Feature", "properties": {"gabarit": "Poids lourd", "revetement": "Sol naturel", "debroussaillee": false, "longueur_m": 565.3}, "geometry": {"type": "LineString", "coordinates": [[-0.79552, 44.41808], [-0.79501, 44.41813], [-0.7946, 44.41809], [-0.79373, 44.41827], [-0.79125, 44.41898], [-0.78991, 44.41951], [-0.78886, 44.41963]]}}, {"type": "Feature", "properties": {"gabarit": "Poids lourd", "revetement": "Sol naturel", "debroussaillee": false, "longueur_m": 541.8}, "geometry": {"type": "LineString", "coordinates": [[-0.79184, 44.42228], [-0.78821, 44.4218], [-0.78886, 44.41963]]}}, {"type": "Feature", "properties": {"gabarit": "Poids lourd", "revetement": "Sol naturel", "debroussaillee": true, "longueur_m": 467.8}, "geometry": {"type": "LineString", "coordinates": [[-0.78944, 44.41454], [-0.79056, 44.41508], [-0.79217, 44.41514], [-0.79277, 44.41532], [-0.79293, 44.41529], [-0.7932, 44.41513], [-0.79398, 44.41495], [-0.79489, 44.41494]]}}, {"type": "Feature", "properties": {"gabarit": "Poids lourd", "revetement": "Sol naturel", "debroussaillee": true, "longueur_m": 39.5}, "geometry": {"type": "LineString", "coordinates": [[-0.79539, 44.41492], [-0.79489, 44.41494]]}}, {"type": "Feature", "properties": {"gabarit": "Poids lourd", "revetement": "Sol naturel", "debroussaillee": true, "longueur_m": 112.9}, "geometry": {"type": "LineString", "coordinates": [[-0.80018, 44.41342], [-0.80103, 44.4132], [-0.80154, 44.41315]]}}, {"type": "Feature", "properties": {"gabarit": "Poids lourd", "revetement": "Sol naturel", "debroussaillee": false, "longueur_m": 20.4}, "geometry": {"type": "LineString", "coordinates": [[-0.80262, 44.42425], [-0.80237, 44.4243]]}}, {"type": "Feature", "properties": {"gabarit": "Super poids lourd", "revetement": "Empierré", "debroussaillee": true, "longueur_m": 62.2}, "geometry": {"type": "LineString", "coordinates": [[-0.80121, 44.42111], [-0.80047, 44.4213]]}}, {"type": "Feature", "properties": {"gabarit": "Poids lourd", "revetement": "Sol naturel", "debroussaillee": false, "longueur_m": 57.1}, "geometry": {"type": "LineString", "coordinates": [[-0.79623, 44.41807], [-0.79552, 44.41808]]}}, {"type": "Feature", "properties": {"gabarit": "Poids lourd", "revetement": "Sol naturel", "debroussaillee": false, "longueur_m": 644.5}, "geometry": {"type": "LineString", "coordinates": [[-0.80728, 44.41583], [-0.80806, 44.41616], [-0.8086, 44.41649], [-0.80957, 44.41693], [-0.80996, 44.41721], [-0.81116, 44.41778], [-0.81169, 44.41797], [-0.8131, 44.41822], [-0.81404, 44.41847], [-0.81417, 44.41851], [-0.81417, 44.41861]]}}, {"type": "Feature", "properties": {"gabarit": "Poids lourd", "revetement": "Sol naturel", "debroussaillee": false, "longueur_m": 552.8}, "geometry": {"type": "LineString", "coordinates": [[-0.80728, 44.41583], [-0.80677, 44.4156], [-0.80379, 44.4146], [-0.80275, 44.41405], [-0.80154, 44.41315]]}}, {"type": "Feature", "properties": {"gabarit": "Poids lourd", "revetement": "Sol naturel", "debroussaillee": true, "longueur_m": 309.7}, "geometry": {"type": "LineString", "coordinates": [[-0.80534, 44.41262], [-0.8045, 44.41268], [-0.80277, 44.413], [-0.80154, 44.41315]]}}, {"type": "Feature", "properties": {"gabarit": "Super poids lourd", "revetement": "Empierré", "debroussaillee": false, "longueur_m": 372.5}, "geometry": {"type": "LineString", "coordinates": [[-0.81574, 44.41889], [-0.81644, 44.41889], [-0.81827, 44.41867], [-0.82001, 44.41806], [-0.82019, 44.41805]]}}, {"type": "Feature", "properties": {"gabarit": "Super poids lourd", "revetement": "Empierré", "debroussaillee": false, "longueur_m": 122.5}, "geometry": {"type": "LineString", "coordinates": [[-0.81417, 44.41861], [-0.81566, 44.41889]]}}, {"type": "Feature", "properties": {"gabarit": "Poids lourd", "revetement": "Sol naturel", "debroussaillee": false, "longueur_m": 6.0}, "geometry": {"type": "LineString", "coordinates": [[-0.81996, 44.4169], [-0.82004, 44.4169]]}}, {"type": "Feature", "properties": {"gabarit": "Poids lourd", "revetement": "Sol naturel", "debroussaillee": false, "longueur_m": 69.8}, "geometry": {"type": "LineString", "coordinates": [[-0.82213, 44.41639], [-0.82129, 44.41656]]}}, {"type": "Feature", "properties": {"gabarit": "Poids lourd", "revetement": "Sol naturel", "debroussaillee": true, "longueur_m": 705.0}, "geometry": {"type": "LineString", "coordinates": [[-0.81408, 44.41255], [-0.81259, 44.41236], [-0.81114, 44.4124], [-0.80966, 44.41253], [-0.80875, 44.41238], [-0.80767, 44.41246], [-0.807, 44.41243], [-0.80534, 44.41262]]}}, {"type": "Feature", "properties": {"gabarit": "Poids lourd", "revetement": "Sol naturel", "debroussaillee": true, "longueur_m": 197.8}, "geometry": {"type": "LineString", "coordinates": [[-0.81466, 44.41258], [-0.81613, 44.4127], [-0.81648, 44.41279], [-0.81709, 44.41272]]}}, {"type": "Feature", "properties": {"gabarit": "Poids lourd", "revetement": "Sol naturel", "debroussaillee": false, "longueur_m": 863.9}, "geometry": {"type": "LineString", "coordinates": [[-0.81408, 44.41255], [-0.81315, 44.4127], [-0.81299, 44.41288], [-0.81269, 44.41301], [-0.80595, 44.41421], [-0.80543, 44.41301], [-0.80534, 44.41262]]}}, {"type": "Feature", "properties": {"gabarit": "Poids lourd", "revetement": "Sol naturel", "debroussaillee": false, "longueur_m": 668.4}, "geometry": {"type": "LineString", "coordinates": [[-0.81486, 44.41339], [-0.8132, 44.41396], [-0.81229, 44.41409], [-0.81158, 44.41438], [-0.81075, 44.41458], [-0.80962, 44.41511], [-0.80896, 44.41527], [-0.8086, 44.41545], [-0.80728, 44.41583]]}}, {"type": "Feature", "properties": {"gabarit": "Super poids lourd", "revetement": "Empierré", "debroussaillee": false, "longueur_m": 125.7}, "geometry": {"type": "LineString", "coordinates": [[-0.81992, 44.41206], [-0.82039, 44.41188], [-0.82142, 44.41199]]}}, {"type": "Feature", "properties": {"gabarit": "Poids lourd", "revetement": "Sol naturel", "debroussaillee": true, "longueur_m": 202.9}, "geometry": {"type": "LineString", "coordinates": [[-0.81709, 44.41272], [-0.81825, 44.4127], [-0.81863, 44.41302], [-0.81889, 44.41316], [-0.81932, 44.41328]]}}, {"type": "Feature", "properties": {"gabarit": "Poids lourd", "revetement": "Sol naturel", "debroussaillee": false, "longueur_m": 91.2}, "geometry": {"type": "LineString", "coordinates": [[-0.81466, 44.41258], [-0.81486, 44.41339]]}}, {"type": "Feature", "properties": {"gabarit": "Poids lourd", "revetement": "Sol naturel", "debroussaillee": true, "longueur_m": 46.1}, "geometry": {"type": "LineString", "coordinates": [[-0.81408, 44.41255], [-0.81466, 44.41258]]}}, {"type": "Feature", "properties": {"gabarit": "Poids lourd", "revetement": "Sol naturel", "debroussaillee": false, "longueur_m": 24.9}, "geometry": {"type": "LineString", "coordinates": [[-0.83187, 44.416], [-0.83178, 44.41622]]}}, {"type": "Feature", "properties": {"gabarit": "Poids lourd", "revetement": "Sol naturel", "debroussaillee": false, "longueur_m": 130.1}, "geometry": {"type": "LineString", "coordinates": [[-0.83141, 44.41506], [-0.83124, 44.4154], [-0.83124, 44.41556], [-0.83156, 44.41587], [-0.83187, 44.416]]}}, {"type": "Feature", "properties": {"gabarit": "Poids lourd", "revetement": "Sol naturel", "debroussaillee": false, "longueur_m": 276.3}, "geometry": {"type": "LineString", "coordinates": [[-0.82341, 44.41559], [-0.82347, 44.4158], [-0.82499, 44.41635], [-0.82505, 44.41655], [-0.82482, 44.41737]]}}, {"type": "Feature", "properties": {"gabarit": "Poids lourd", "revetement": "Sol naturel", "debroussaillee": false, "longueur_m": 71.2}, "geometry": {"type": "LineString", "coordinates": [[-0.8226, 44.41533], [-0.82341, 44.41559]]}}, {"type": "Feature", "properties": {"gabarit": "Poids lourd", "revetement": "Sol naturel", "debroussaillee": false, "longueur_m": 254.3}, "geometry": {"type": "LineString", "coordinates": [[-0.83046, 44.41972], [-0.83009, 44.4188], [-0.82919, 44.41763]]}}, {"type": "Feature", "properties": {"gabarit": "Poids lourd", "revetement": "Sol naturel", "debroussaillee": false, "longueur_m": 13.8}, "geometry": {"type": "LineString", "coordinates": [[-0.82919, 44.41763], [-0.8291, 44.41753]]}}, {"type": "Feature", "properties": {"gabarit": "Poids lourd", "revetement": "Sol naturel", "debroussaillee": false, "longueur_m": 402.4}, "geometry": {"type": "LineString", "coordinates": [[-0.82602, 44.41355], [-0.82388, 44.41356], [-0.82338, 44.41505], [-0.82332, 44.41533], [-0.82341, 44.41559]]}}, {"type": "Feature", "properties": {"gabarit": "Poids lourd", "revetement": "Sol naturel", "debroussaillee": false, "longueur_m": 319.5}, "geometry": {"type": "LineString", "coordinates": [[-0.8317, 44.41228], [-0.83171, 44.41289], [-0.83158, 44.41335], [-0.83181, 44.41392], [-0.83179, 44.41415], [-0.8316, 44.41474], [-0.83141, 44.41506]]}}, {"type": "Feature", "properties": {"gabarit": "Super poids lourd", "revetement": "Empierré", "debroussaillee": false, "longueur_m": 209.5}, "geometry": {"type": "LineString", "coordinates": [[-0.82142, 44.41199], [-0.82404, 44.41192]]}}, {"type": "Feature", "properties": {"gabarit": "Poids lourd", "revetement": "Sol naturel", "debroussaillee": false, "longueur_m": 510.8}, "geometry": {"type": "LineString", "coordinates": [[-0.8291, 44.41753], [-0.82883, 44.41727], [-0.8284, 44.4166], [-0.82809, 44.41586], [-0.82768, 44.41516], [-0.82602, 44.41355]]}}, {"type": "Feature", "properties": {"gabarit": "Poids lourd", "revetement": "Sol naturel", "debroussaillee": false, "longueur_m": 169.9}, "geometry": {"type": "LineString", "coordinates": [[-0.82602, 44.41355], [-0.82543, 44.41294], [-0.82544, 44.41247], [-0.82556, 44.41217]]}}, {"type": "Feature", "properties": {"gabarit": "Poids lourd", "revetement": "Sol naturel", "debroussaillee": false, "longueur_m": 315.4}, "geometry": {"type": "LineString", "coordinates": [[-0.8317, 44.41228], [-0.83085, 44.41229], [-0.8304, 44.41239], [-0.83015, 44.41257], [-0.82965, 44.41314], [-0.82914, 44.41388], [-0.82896, 44.41391]]}}, {"type": "Feature", "properties": {"gabarit": "Super poids lourd", "revetement": "Empierré", "debroussaillee": false, "longueur_m": 233.4}, "geometry": {"type": "LineString", "coordinates": [[-0.82896, 44.41391], [-0.83141, 44.41506]]}}, {"type": "Feature", "properties": {"gabarit": "Super poids lourd", "revetement": "Empierré", "debroussaillee": false, "longueur_m": 333.1}, "geometry": {"type": "LineString", "coordinates": [[-0.82556, 44.41217], [-0.82808, 44.41342], [-0.82896, 44.41391]]}}, {"type": "Feature", "properties": {"gabarit": "Poids lourd", "revetement": "Sol naturel", "debroussaillee": false, "longueur_m": 605.5}, "geometry": {"type": "LineString", "coordinates": [[-0.8389, 44.41493], [-0.83855, 44.41529], [-0.83682, 44.41586], [-0.83588, 44.4158], [-0.83427, 44.41583], [-0.83244, 44.41614], [-0.83187, 44.416]]}}, {"type": "Feature", "properties": {"gabarit": "Poids lourd", "revetement": "Sol naturel", "debroussaillee": false, "longueur_m": 396.6}, "geometry": {"type": "LineString", "coordinates": [[-0.8389, 44.41493], [-0.83856, 44.41445], [-0.8388, 44.41301], [-0.83859, 44.41262], [-0.83871, 44.41194], [-0.83864, 44.41175], [-0.83844, 44.41154]]}}, {"type": "Feature", "properties": {"gabarit": "Poids lourd", "revetement": "Sol naturel", "debroussaillee": false, "longueur_m": 44.1}, "geometry": {"type": "LineString", "coordinates": [[-0.83187, 44.416], [-0.83234, 44.41621]]}}, {"type": "Feature", "properties": {"gabarit": "Poids lourd", "revetement": "Sol naturel", "debroussaillee": false, "longueur_m": 394.4}, "geometry": {"type": "LineString", "coordinates": [[-0.84362, 44.41578], [-0.84341, 44.41576], [-0.84302, 44.41557], [-0.84223, 44.41541], [-0.84093, 44.41528], [-0.83981, 44.41495], [-0.8389, 44.41493]]}}, {"type": "Feature", "properties": {"gabarit": "Poids lourd", "revetement": "Sol naturel", "debroussaillee": false, "longueur_m": 2.3}, "geometry": {"type": "LineString", "coordinates": [[-0.84364, 44.41579], [-0.84362, 44.41578]]}}, {"type": "Feature", "properties": {"gabarit": "Poids lourd", "revetement": "Sol naturel", "debroussaillee": false, "longueur_m": 4.2}, "geometry": {"type": "LineString", "coordinates": [[-0.8437, 44.41579], [-0.84364, 44.41579]]}}, {"type": "Feature", "properties": {"gabarit": "Poids lourd", "revetement": "Sol naturel", "debroussaillee": false, "longueur_m": 487.9}, "geometry": {"type": "LineString", "coordinates": [[-0.85077, 44.41333], [-0.84913, 44.41756]]}}, {"type": "Feature", "properties": {"gabarit": "Super poids lourd", "revetement": "Empierré", "debroussaillee": true, "longueur_m": 29.4}, "geometry": {"type": "LineString", "coordinates": [[-0.83881, 44.41157], [-0.83844, 44.41154]]}}, {"type": "Feature", "properties": {"gabarit": "Super poids lourd", "revetement": "Empierré", "debroussaillee": true, "longueur_m": 5.9}, "geometry": {"type": "LineString", "coordinates": [[-0.84528, 44.41155], [-0.84521, 44.41154]]}}, {"type": "Feature", "properties": {"gabarit": "Super poids lourd", "revetement": "Empierré", "debroussaillee": true, "longueur_m": 60.2}, "geometry": {"type": "LineString", "coordinates": [[-0.84515, 44.41152], [-0.84442, 44.41139]]}}, {"type": "Feature", "properties": {"gabarit": "Super poids lourd", "revetement": "Empierré", "debroussaillee": true, "longueur_m": 21.1}, "geometry": {"type": "LineString", "coordinates": [[-0.85102, 44.41341], [-0.85077, 44.41333]]}}, {"type": "Feature", "properties": {"gabarit": "Super poids lourd", "revetement": "Empierré", "debroussaillee": true, "longueur_m": 4.3}, "geometry": {"type": "LineString", "coordinates": [[-0.84521, 44.41154], [-0.84515, 44.41152]]}}, {"type": "Feature", "properties": {"gabarit": "Super poids lourd", "revetement": "Empierré", "debroussaillee": true, "longueur_m": 4.5}, "geometry": {"type": "LineString", "coordinates": [[-0.84435, 44.41138], [-0.84429, 44.41137]]}}, {"type": "Feature", "properties": {"gabarit": "Super poids lourd", "revetement": "Empierré", "debroussaillee": true, "longueur_m": 6.0}, "geometry": {"type": "LineString", "coordinates": [[-0.84442, 44.41139], [-0.84435, 44.41138]]}}, {"type": "Feature", "properties": {"gabarit": "Poids lourd", "revetement": "Sol naturel", "debroussaillee": true, "longueur_m": 21.7}, "geometry": {"type": "LineString", "coordinates": [[-0.85336, 44.41931], [-0.85329, 44.41922], [-0.85332, 44.41913]]}}, {"type": "Feature", "properties": {"gabarit": "Poids lourd", "revetement": "Sol naturel", "debroussaillee": true, "longueur_m": 4.3}, "geometry": {"type": "LineString", "coordinates": [[-0.855, 44.41424], [-0.85506, 44.41424]]}}, {"type": "Feature", "properties": {"gabarit": "Poids lourd", "revetement": "Sol naturel", "debroussaillee": true, "longueur_m": 6.0}, "geometry": {"type": "LineString", "coordinates": [[-0.85493, 44.41424], [-0.855, 44.41424]]}}, {"type": "Feature", "properties": {"gabarit": "Super poids lourd", "revetement": "Empierré", "debroussaillee": true, "longueur_m": 326.3}, "geometry": {"type": "LineString", "coordinates": [[-0.85493, 44.41424], [-0.85405, 44.41415], [-0.85102, 44.41341]]}}, {"type": "Feature", "properties": {"gabarit": "Poids lourd", "revetement": "Sol naturel", "debroussaillee": true, "longueur_m": 75.1}, "geometry": {"type": "LineString", "coordinates": [[-0.87086, 44.41772], [-0.87177, 44.41789]]}}, {"type": "Feature", "properties": {"gabarit": "Poids lourd", "revetement": "Sol naturel", "debroussaillee": true, "longueur_m": 3.8}, "geometry": {"type": "LineString", "coordinates": [[-0.88028, 44.41321], [-0.88025, 44.41319]]}}, {"type": "Feature", "properties": {"gabarit": "Poids lourd", "revetement": "Sol naturel", "debroussaillee": true, "longueur_m": 7.0}, "geometry": {"type": "LineString", "coordinates": [[-0.88025, 44.41319], [-0.88018, 44.41315]]}}, {"type": "Feature", "properties": {"gabarit": "Poids lourd", "revetement": "Sol naturel", "debroussaillee": true, "longueur_m": 6.4}, "geometry": {"type": "LineString", "coordinates": [[-0.87416, 44.41045], [-0.87409, 44.41043]]}}, {"type": "Feature", "properties": {"gabarit": "Poids lourd", "revetement": "Sol naturel", "debroussaillee": true, "longueur_m": 207.0}, "geometry": {"type": "LineString", "coordinates": [[-0.87354, 44.41225], [-0.87409, 44.41043]]}}, {"type": "Feature", "properties": {"gabarit": "Poids lourd", "revetement": "Sol naturel", "debroussaillee": false, "longueur_m": 3.7}, "geometry": {"type": "LineString", "coordinates": [[-0.88656, 44.41171], [-0.88658, 44.41174]]}}, {"type": "Feature", "properties": {"gabarit": "Poids lourd", "revetement": "Sol naturel", "debroussaillee": false, "longueur_m": 7.4}, "geometry": {"type": "LineString", "coordinates": [[-0.88652, 44.41165], [-0.88656, 44.41171]]}}, {"type": "Feature", "properties": {"gabarit": "Poids lourd", "revetement": "Sol naturel", "debroussaillee": false, "longueur_m": 175.0}, "geometry": {"type": "LineString", "coordinates": [[-0.6293, 44.41343], [-0.62933, 44.41289], [-0.62962, 44.41252], [-0.62972, 44.41248], [-0.63044, 44.41254]]}}, {"type": "Feature", "properties": {"gabarit": "Poids lourd", "revetement": "Sol naturel", "debroussaillee": false, "longueur_m": 146.2}, "geometry": {"type": "LineString", "coordinates": [[-0.63636, 44.41225], [-0.63475, 44.41248], [-0.63457, 44.41245]]}}, {"type": "Feature", "properties": {"gabarit": "Poids lourd", "revetement": "Sol naturel", "debroussaillee": false, "longueur_m": 325.0}, "geometry": {"type": "LineString", "coordinates": [[-0.65075, 44.4155], [-0.64715, 44.41413]]}}, {"type": "Feature", "properties": {"gabarit": "Poids lourd", "revetement": "Sol naturel", "debroussaillee": false, "longueur_m": 678.5}, "geometry": {"type": "LineString", "coordinates": [[-0.65146, 44.41602], [-0.65114, 44.41604], [-0.65047, 44.41624], [-0.64898, 44.41641], [-0.64828, 44.41639], [-0.64738, 44.41628], [-0.64629, 44.41642], [-0.6451, 44.41636], [-0.6442, 44.41662], [-0.64315, 44.41667]]}}, {"type": "Feature", "properties": {"gabarit": "Poids lourd", "revetement": "Sol naturel", "debroussaillee": false, "longueur_m": 508.5}, "geometry": {"type": "LineString", "coordinates": [[-0.65075, 44.4155], [-0.65087, 44.41548], [-0.65081, 44.41531], [-0.6496, 44.41345], [-0.64934, 44.41225], [-0.64872, 44.412], [-0.6484, 44.41174], [-0.64817, 44.41166]]}}, {"type": "Feature", "properties": {"gabarit": "Poids lourd", "revetement": "Sol naturel", "debroussaillee": false, "longueur_m": 121.3}, "geometry": {"type": "LineString", "coordinates": [[-0.65207, 44.41602], [-0.65202, 44.41595], [-0.65075, 44.4155]]}}, {"type": "Feature", "properties": {"gabarit": "Poids lourd", "revetement": "Sol naturel", "debroussaillee": false, "longueur_m": 319.8}, "geometry": {"type": "LineString", "coordinates": [[-0.65986, 44.41531], [-0.65894, 44.41515], [-0.65829, 44.41474], [-0.6581, 44.41452], [-0.65692, 44.41388], [-0.65673, 44.41368]]}}, {"type": "Feature", "properties": {"gabarit": "Poids lourd", "revetement": "Sol naturel", "debroussaillee": false, "longueur_m": 88.0}, "geometry": {"type": "LineString", "coordinates": [[-0.65952, 44.41634], [-0.65952, 44.41647], [-0.6593, 44.4168], [-0.65903, 44.41701]]}}, {"type": "Feature", "properties": {"gabarit": "Super poids lourd", "revetement": "Empierré", "debroussaillee": false, "longueur_m": 56.3}, "geometry": {"type": "LineString", "coordinates": [[-0.65986, 44.41531], [-0.6597, 44.41546], [-0.6596, 44.41577]]}}, {"type": "Feature", "properties": {"gabarit": "Super poids lourd", "revetement": "Empierré", "debroussaillee": false, "longueur_m": 514.1}, "geometry": {"type": "LineString", "coordinates": [[-0.66371, 44.41083], [-0.66176, 44.41226], [-0.66078, 44.41396], [-0.66074, 44.4143], [-0.6609, 44.41472]]}}, {"type": "Feature", "properties": {"gabarit": "Poids lourd", "revetement": "Sol naturel", "debroussaillee": false, "longueur_m": 925.3}, "geometry": {"type": "LineString", "coordinates": [[-0.67601, 44.40945], [-0.67753, 44.40971], [-0.67926, 44.40988], [-0.6809, 44.40989], [-0.68214, 44.40979], [-0.68253, 44.4099], [-0.68273, 44.40991], [-0.68308, 44.40981], [-0.68463, 44.40998], [-0.68521, 44.41016], [-0.6856, 44.4104], [-0.68678, 44.41056], [-0.68723, 44.41068]]}}, {"type": "Feature", "properties": {"gabarit": "Poids lourd", "revetement": "Sol naturel", "debroussaillee": false, "longueur_m": 963.7}, "geometry": {"type": "LineString", "coordinates": [[-0.67813, 44.41523], [-0.68105, 44.41432], [-0.68274, 44.41391], [-0.68354, 44.41362], [-0.68544, 44.41335], [-0.68681, 44.4129], [-0.68714, 44.41269], [-0.68806, 44.41166], [-0.6881, 44.41153], [-0.68802, 44.41122]]}}, {"type": "Feature", "properties": {"gabarit": "Poids lourd", "revetement": "Sol naturel", "debroussaillee": false, "longueur_m": 516.3}, "geometry": {"type": "LineString", "coordinates": [[-0.67813, 44.41523], [-0.67817, 44.41501], [-0.67836, 44.41466], [-0.67863, 44.41464], [-0.67898, 44.41329], [-0.67922, 44.41302], [-0.67942, 44.41134], [-0.67881, 44.41125]]}}, {"type": "Feature", "properties": {"gabarit": "Poids lourd", "revetement": "Sol naturel", "debroussaillee": false, "longueur_m": 88.8}, "geometry": {"type": "LineString", "coordinates": [[-0.68802, 44.41122], [-0.68782, 44.411], [-0.68723, 44.41068]]}}, {"type": "Feature", "properties": {"gabarit": "Super poids lourd", "revetement": "Empierré", "debroussaillee": false, "longueur_m": 18.1}, "geometry": {"type": "LineString", "coordinates": [[-0.69008, 44.41301], [-0.6903, 44.41303]]}}, {"type": "Feature", "properties": {"gabarit": "Poids lourd", "revetement": "Sol naturel", "debroussaillee": false, "longueur_m": 187.4}, "geometry": {"type": "LineString", "coordinates": [[-0.69037, 44.41135], [-0.69034, 44.41221], [-0.69008, 44.41301]]}}, {"type": "Feature", "properties": {"gabarit": "Poids lourd", "revetement": "Sol naturel", "debroussaillee": false, "longueur_m": 17.5}, "geometry": {"type": "LineString", "coordinates": [[-0.70008, 44.40841], [-0.69988, 44.40847]]}}, {"type": "Feature", "properties": {"gabarit": "Super poids lourd", "revetement": "Empierré", "debroussaillee": false, "longueur_m": 46.7}, "geometry": {"type": "LineString", "coordinates": [[-0.69686, 44.41271], [-0.69684, 44.41312]]}}, {"type": "Feature", "properties": {"gabarit": "Poids lourd", "revetement": "Sol naturel", "debroussaillee": false, "longueur_m": 70.7}, "geometry": {"type": "LineString", "coordinates": [[-0.69765, 44.41478], [-0.69712, 44.41428]]}}, {"type": "Feature", "properties": {"gabarit": "Poids lourd", "revetement": "Sol naturel", "debroussaillee": false, "longueur_m": 342.7}, "geometry": {"type": "LineString", "coordinates": [[-0.69354, 44.41139], [-0.69319, 44.41152], [-0.69243, 44.41162], [-0.69105, 44.41214], [-0.69061, 44.41242], [-0.69008, 44.41301]]}}, {"type": "Feature", "properties": {"gabarit": "Super poids lourd", "revetement": "Empierré", "debroussaillee": false, "longueur_m": 178.3}, "geometry": {"type": "LineString", "coordinates": [[-0.6973, 44.41113], [-0.69686, 44.41271]]}}, {"type": "Feature", "properties": {"gabarit": "Poids lourd", "revetement": "Sol naturel", "debroussaillee": false, "longueur_m": 20.7}, "geometry": {"type": "LineString", "coordinates": [[-0.69695, 44.41341], [-0.6972, 44.41346]]}}, {"type": "Feature", "properties": {"gabarit": "Poids lourd", "revetement": "Sol naturel", "debroussaillee": false, "longueur_m": 311.7}, "geometry": {"type": "LineString", "coordinates": [[-0.69713, 44.4105], [-0.69688, 44.4107], [-0.69593, 44.4111], [-0.69354, 44.41139]]}}, {"type": "Feature", "properties": {"gabarit": "Poids lourd", "revetement": "Sol naturel", "debroussaillee": false, "longueur_m": 158.0}, "geometry": {"type": "LineString", "coordinates": [[-0.69354, 44.41139], [-0.69255, 44.41046], [-0.69229, 44.41029]]}}, {"type": "Feature", "properties": {"gabarit": "Poids lourd", "revetement": "Sol naturel", "debroussaillee": false, "longueur_m": 97.0}, "geometry": {"type": "LineString", "coordinates": [[-0.69037, 44.41135], [-0.69069, 44.41051]]}}, {"type": "Feature", "properties": {"gabarit": "Poids lourd", "revetement": "Sol naturel", "debroussaillee": false, "longueur_m": 16.9}, "geometry": {"type": "LineString", "coordinates": [[-0.69732, 44.41043], [-0.69713, 44.4105]]}}, {"type": "Feature", "properties": {"gabarit": "Poids lourd", "revetement": "Sol naturel", "debroussaillee": false, "longueur_m": 59.4}, "geometry": {"type": "LineString", "coordinates": [[-0.69803, 44.41018], [-0.69733, 44.41036]]}}, {"type": "Feature", "properties": {"gabarit": "Poids lourd", "revetement": "Sol naturel", "debroussaillee": false, "longueur_m": 121.0}, "geometry": {"type": "LineString", "coordinates": [[-0.69803, 44.41018], [-0.6973, 44.41113]]}}, {"type": "Feature", "properties": {"gabarit": "Super poids lourd", "revetement": "Empierré", "debroussaillee": false, "longueur_m": 77.7}, "geometry": {"type": "LineString", "coordinates": [[-0.6973, 44.41113], [-0.69732, 44.41043]]}}, {"type": "Feature", "properties": {"gabarit": "Poids lourd", "revetement": "Sol naturel", "debroussaillee": false, "longueur_m": 84.4}, "geometry": {"type": "LineString", "coordinates": [[-0.69906, 44.41196], [-0.69942, 44.41185], [-0.70009, 44.41186]]}}, {"type": "Feature", "properties": {"gabarit": "Poids lourd", "revetement": "Sol naturel", "debroussaillee": false, "longueur_m": 317.6}, "geometry": {"type": "LineString", "coordinates": [[-0.69913, 44.41023], [-0.69996, 44.40998], [-0.7004, 44.40994], [-0.70175, 44.40967], [-0.70296, 44.40985]]}}, {"type": "Feature", "properties": {"gabarit": "Poids lourd", "revetement": "Sol naturel", "debroussaillee": false, "longueur_m": 153.3}, "geometry": {"type": "LineString", "coordinates": [[-0.70542, 44.40985], [-0.70576, 44.40985], [-0.70656, 44.41006], [-0.70717, 44.41034]]}}, {"type": "Feature", "properties": {"gabarit": "Poids lourd", "revetement": "Sol naturel", "debroussaillee": false, "longueur_m": 200.1}, "geometry": {"type": "LineString", "coordinates": [[-0.69988, 44.40847], [-0.69832, 44.40989]]}}, {"type": "Feature", "properties": {"gabarit": "Super poids lourd", "revetement": "Empierré", "debroussaillee": true, "longueur_m": 368.2}, "geometry": {"type": "LineString", "coordinates": [[-0.72141, 44.41573], [-0.72289, 44.41441], [-0.72316, 44.41406], [-0.7231, 44.41368], [-0.72274, 44.41289]]}}, {"type": "Feature", "properties": {"gabarit": "Poids lourd", "revetement": "Sol naturel", "debroussaillee": false, "longueur_m": 428.3}, "geometry": {"type": "LineString", "coordinates": [[-0.72185, 44.41091], [-0.72225, 44.4109], [-0.72257, 44.41103], [-0.72381, 44.41105], [-0.72617, 44.41163], [-0.72702, 44.41169]]}}, {"type": "Feature", "properties": {"gabarit": "Super poids lourd", "revetement": "Empierré", "debroussaillee": true, "longueur_m": 8.9}, "geometry": {"type": "LineString", "coordinates": [[-0.72274, 44.41289], [-0.7227, 44.41281]]}}, {"type": "Feature", "properties": {"gabarit": "Poids lourd", "revetement": "Sol naturel", "debroussaillee": true, "longueur_m": 435.0}, "geometry": {"type": "LineString", "coordinates": [[-0.72185, 44.41091], [-0.72062, 44.40813], [-0.72061, 44.40787], [-0.72083, 44.40714]]}}, {"type": "Feature", "properties": {"gabarit": "Poids lourd", "revetement": "Sol naturel", "debroussaillee": true, "longueur_m": 546.0}, "geometry": {"type": "LineString", "coordinates": [[-0.72083, 44.40714], [-0.72434, 44.40693], [-0.72766, 44.40714]]}}, {"type": "Feature", "properties": {"gabarit": "Poids lourd", "revetement": "Sol naturel", "debroussaillee": false, "longueur_m": 508.0}, "geometry": {"type": "LineString", "coordinates": [[-0.72766, 44.40714], [-0.72702, 44.41169]]}}, {"type": "Feature", "properties": {"gabarit": "Super poids lourd", "revetement": "Empierré", "debroussaillee": true, "longueur_m": 13.0}, "geometry": {"type": "LineString", "coordinates": [[-0.73951, 44.40793], [-0.73968, 44.40792]]}}, {"type": "Feature", "properties": {"gabarit": "Poids lourd", "revetement": "Sol naturel", "debroussaillee": false, "longueur_m": 2078.7}, "geometry": {"type": "LineString", "coordinates": [[-0.72702, 44.41169], [-0.72825, 44.41174], [-0.73005, 44.41201], [-0.73037, 44.41224], [-0.73121, 44.4126], [-0.73241, 44.41341], [-0.73345, 44.41376], [-0.73763, 44.41442], [-0.73848, 44.41482], [-0.73994, 44.415], [-0.74092, 44.41505], [-0.74151, 44.41492], [-0.74168, 44.41479], [-0.74174, 44.41443], [-0.74173, 44.41344], [-0.74161, 44.41231], [-0.7414, 44.41165], [-0.74099, 44.41121], [-0.73984, 44.41061], [-0.73929, 44.40987], [-0.73892, 44.4091], [-0.73899, 44.40892], [-0.73918, 44.40877], [-0.73922, 44.40852], [-0.73936, 44.40831]]}}, {"type": "Feature", "properties": {"gabarit": "Super poids lourd", "revetement": "Empierré", "debroussaillee": true, "longueur_m": 173.9}, "geometry": {"type": "LineString", "coordinates": [[-0.74075, 44.40756], [-0.74158, 44.40738], [-0.74289, 44.40725]]}}, {"type": "Feature", "properties": {"gabarit": "Super poids lourd", "revetement": "Empierré", "debroussaillee": true, "longueur_m": 19.9}, "geometry": {"type": "LineString", "coordinates": [[-0.73968, 44.40792], [-0.73991, 44.40785]]}}, {"type": "Feature", "properties": {"gabarit": "Poids lourd", "revetement": "Sol naturel", "debroussaillee": true, "longueur_m": 996.7}, "geometry": {"type": "LineString", "coordinates": [[-0.76196, 44.41048], [-0.76207, 44.4107], [-0.76164, 44.4119], [-0.76158, 44.41239], [-0.76178, 44.41287], [-0.76228, 44.41354], [-0.76365, 44.4144], [-0.76471, 44.41567], [-0.76518, 44.41606], [-0.76539, 44.4165], [-0.76553, 44.41659], [-0.76634, 44.41688], [-0.76761, 44.41711], [-0.76793, 44.41712]]}}, {"type": "Feature", "properties": {"gabarit": "Poids lourd", "revetement": "Sol naturel", "debroussaillee": true, "longueur_m": 61.1}, "geometry": {"type": "LineString", "coordinates": [[-0.76757, 44.41073], [-0.7679, 44.41077], [-0.768, 44.41106]]}}, {"type": "Feature", "properties": {"gabarit": "Poids lourd", "revetement": "Sol naturel", "debroussaillee": false, "longueur_m": 155.4}, "geometry": {"type": "LineString", "coordinates": [[-0.76937, 44.40605], [-0.76931, 44.40672], [-0.76896, 44.40675], [-0.76837, 44.40656]]}}, {"type": "Feature", "properties": {"gabarit": "Poids lourd", "revetement": "Sol naturel", "debroussaillee": false, "longueur_m": 81.6}, "geometry": {"type": "LineString", "coordinates": [[-0.76252, 44.40733], [-0.76208, 44.40667]]}}, {"type": "Feature", "properties": {"gabarit": "Poids lourd", "revetement": "Sol naturel", "debroussaillee": true, "longueur_m": 86.2}, "geometry": {"type": "LineString", "coordinates": [[-0.77466, 44.4204], [-0.77546, 44.42061], [-0.77565, 44.42053]]}}, {"type": "Feature", "properties": {"gabarit": "Poids lourd", "revetement": "Sol naturel", "debroussaillee": false, "longueur_m": 45.0}, "geometry": {"type": "LineString", "coordinates": [[-0.77699, 44.40882], [-0.77737, 44.40912]]}}, {"type": "Feature", "properties": {"gabarit": "Super poids lourd", "revetement": "Empierré", "debroussaillee": true, "longueur_m": 129.7}, "geometry": {"type": "LineString", "coordinates": [[-0.77674, 44.40768], [-0.77688, 44.40797], [-0.77699, 44.40882]]}}, {"type": "Feature", "properties": {"gabarit": "Super poids lourd", "revetement": "Empierré", "debroussaillee": false, "longueur_m": 7.8}, "geometry": {"type": "LineString", "coordinates": [[-0.77477, 44.40574], [-0.77485, 44.40578]]}}, {"type": "Feature", "properties": {"gabarit": "Super poids lourd", "revetement": "Empierré", "debroussaillee": true, "longueur_m": 58.5}, "geometry": {"type": "LineString", "coordinates": [[-0.77675, 44.40716], [-0.77674, 44.40768]]}}, {"type": "Feature", "properties": {"gabarit": "Poids lourd", "revetement": "Sol naturel", "debroussaillee": true, "longueur_m": 130.4}, "geometry": {"type": "LineString", "coordinates": [[-0.78796, 44.41229], [-0.78839, 44.41275], [-0.78916, 44.41301]]}}, {"type": "Feature", "properties": {"gabarit": "Poids lourd", "revetement": "Sol naturel", "debroussaillee": false, "longueur_m": 277.6}, "geometry": {"type": "LineString", "coordinates": [[-0.80783, 44.40719], [-0.80657, 44.40801], [-0.80554, 44.40828], [-0.80494, 44.40852]]}}, {"type": "Feature", "properties": {"gabarit": "Poids lourd", "revetement": "Sol naturel", "debroussaillee": true, "longueur_m": 625.1}, "geometry": {"type": "LineString", "coordinates": [[-0.79084, 44.40766], [-0.78997, 44.40851], [-0.78966, 44.40932], [-0.78979, 44.40997], [-0.79006, 44.41052], [-0.79001, 44.41073], [-0.78947, 44.4115], [-0.78875, 44.4119], [-0.78813, 44.41209], [-0.78797, 44.4122], [-0.78796, 44.41229]]}}, {"type": "Feature", "properties": {"gabarit": "Poids lourd", "revetement": "Sol naturel", "debroussaillee": false, "longueur_m": 702.3}, "geometry": {"type": "LineString", "coordinates": [[-0.77737, 44.40912], [-0.77851, 44.40929], [-0.77922, 44.40925], [-0.7806, 44.40882], [-0.78085, 44.40871], [-0.78115, 44.40845], [-0.78141, 44.40838], [-0.78188, 44.40892], [-0.7835, 44.40971], [-0.7842, 44.40978], [-0.78443, 44.40989], [-0.78465, 44.41022]]}}, {"type": "Feature", "properties": {"gabarit": "Poids lourd", "revetement": "Sol naturel", "debroussaillee": false, "longueur_m": 306.5}, "geometry": {"type": "LineString", "coordinates": [[-0.79093, 44.40754], [-0.78941, 44.40501]]}}, {"type": "Feature", "properties": {"gabarit": "Poids lourd", "revetement": "Sol naturel", "debroussaillee": false, "longueur_m": 153.6}, "geometry": {"type": "LineString", "coordinates": [[-0.78611, 44.40597], [-0.7879, 44.40546]]}}, {"type": "Feature", "properties": {"gabarit": "Poids lourd", "revetement": "Sol naturel", "debroussaillee": false, "longueur_m": 18.5}, "geometry": {"type": "LineString", "coordinates": [[-0.79104, 44.40768], [-0.79093, 44.40754]]}}, {"type": "Feature", "properties": {"gabarit": "Poids lourd", "revetement": "Sol naturel", "debroussaillee": false, "longueur_m": 130.5}, "geometry": {"type": "LineString", "coordinates": [[-0.7879, 44.40546], [-0.78941, 44.40501]]}}, {"type": "Feature", "properties": {"gabarit": "Poids lourd", "revetement": "Sol naturel", "debroussaillee": true, "longueur_m": 15.9}, "geometry": {"type": "LineString", "coordinates": [[-0.79093, 44.40754], [-0.79084, 44.40766]]}}, {"type": "Feature", "properties": {"gabarit": "Poids lourd", "revetement": "Sol naturel", "debroussaillee": false, "longueur_m": 90.7}, "geometry": {"type": "LineString", "coordinates": [[-0.79482, 44.41118], [-0.79504, 44.41132], [-0.79538, 44.41138], [-0.79578, 44.41118]]}}, {"type": "Feature", "properties": {"gabarit": "Poids lourd", "revetement": "Sol naturel", "debroussaillee": false, "longueur_m": 151.6}, "geometry": {"type": "LineString", "coordinates": [[-0.8006, 44.41077], [-0.80095, 44.41062], [-0.80174, 44.41056], [-0.80198, 44.41043], [-0.80221, 44.4102]]}}, {"type": "Feature", "properties": {"gabarit": "Poids lourd", "revetement": "Sol naturel", "debroussaillee": false, "longueur_m": 287.5}, "geometry": {"type": "LineString", "coordinates": [[-0.80494, 44.40852], [-0.80429, 44.40887], [-0.80221, 44.4102]]}}, {"type": "Feature", "properties": {"gabarit": "Poids lourd", "revetement": "Sol naturel", "debroussaillee": false, "longueur_m": 324.8}, "geometry": {"type": "LineString", "coordinates": [[-0.80494, 44.40852], [-0.80496, 44.40791], [-0.80524, 44.40746], [-0.80524, 44.40714], [-0.80555, 44.40676], [-0.80576, 44.40662], [-0.80594, 44.40623], [-0.80593, 44.40608], [-0.8057, 44.40587]]}}, {"type": "Feature", "properties": {"gabarit": "Poids lourd", "revetement": "Sol naturel", "debroussaillee": false, "longueur_m": 143.4}, "geometry": {"type": "LineString", "coordinates": [[-0.8057, 44.40587], [-0.8061, 44.40504], [-0.80618, 44.40463]]}}, {"type": "Feature", "properties": {"gabarit": "Poids lourd", "revetement": "Sol naturel", "debroussaillee": true, "longueur_m": 116.4}, "geometry": {"type": "LineString", "coordinates": [[-0.8057, 44.40587], [-0.80495, 44.40584], [-0.80425, 44.40592]]}}, {"type": "Feature", "properties": {"gabarit": "Poids lourd", "revetement": "Sol naturel", "debroussaillee": true, "longueur_m": 343.6}, "geometry": {"type": "LineString", "coordinates": [[-0.80999, 44.40613], [-0.80852, 44.40608], [-0.80707, 44.40592], [-0.8057, 44.40587]]}}, {"type": "Feature", "properties": {"gabarit": "Poids lourd", "revetement": "Sol naturel", "debroussaillee": false, "longueur_m": 211.9}, "geometry": {"type": "LineString", "coordinates": [[-0.80425, 44.40592], [-0.80517, 44.40518], [-0.80618, 44.40463]]}}, {"type": "Feature", "properties": {"gabarit": "Poids lourd", "revetement": "Sol naturel", "debroussaillee": true, "longueur_m": 263.2}, "geometry": {"type": "LineString", "coordinates": [[-0.80319, 44.40619], [-0.80216, 44.40583], [-0.80149, 44.40546], [-0.80027, 44.40515]]}}, {"type": "Feature", "properties": {"gabarit": "Poids lourd", "revetement": "Sol naturel", "debroussaillee": false, "longueur_m": 63.7}, "geometry": {"type": "LineString", "coordinates": [[-0.80999, 44.40613], [-0.80967, 44.40623], [-0.80932, 44.40644]]}}, {"type": "Feature", "properties": {"gabarit": "Poids lourd", "revetement": "Sol naturel", "debroussaillee": false, "longueur_m": 69.2}, "geometry": {"type": "LineString", "coordinates": [[-0.81019, 44.4064], [-0.80932, 44.40644]]}}, {"type": "Feature", "properties": {"gabarit": "Poids lourd", "revetement": "Sol naturel", "debroussaillee": false, "longueur_m": 56.4}, "geometry": {"type": "LineString", "coordinates": [[-0.81019, 44.4064], [-0.81089, 44.40638]]}}, {"type": "Feature", "properties": {"gabarit": "Poids lourd", "revetement": "Sol naturel", "debroussaillee": false, "longueur_m": 181.2}, "geometry": {"type": "LineString", "coordinates": [[-0.80932, 44.40644], [-0.80808, 44.40648], [-0.80783, 44.40719]]}}, {"type": "Feature", "properties": {"gabarit": "Poids lourd", "revetement": "Sol naturel", "debroussaillee": false, "longueur_m": 146.1}, "geometry": {"type": "LineString", "coordinates": [[-0.80932, 44.40644], [-0.80783, 44.40719]]}}, {"type": "Feature", "properties": {"gabarit": "Poids lourd", "revetement": "Sol naturel", "debroussaillee": false, "longueur_m": 216.5}, "geometry": {"type": "LineString", "coordinates": [[-0.81085, 44.40792], [-0.81022, 44.40788], [-0.81019, 44.4064]]}}, {"type": "Feature", "properties": {"gabarit": "Poids lourd", "revetement": "Sol naturel", "debroussaillee": true, "longueur_m": 82.5}, "geometry": {"type": "LineString", "coordinates": [[-0.80425, 44.40592], [-0.80381, 44.40609], [-0.8033, 44.40619]]}}, {"type": "Feature", "properties": {"gabarit": "Poids lourd", "revetement": "Sol naturel", "debroussaillee": true, "longueur_m": 8.3}, "geometry": {"type": "LineString", "coordinates": [[-0.8033, 44.40619], [-0.80319, 44.40619]]}}, {"type": "Feature", "properties": {"gabarit": "Poids lourd", "revetement": "Sol naturel", "debroussaillee": false, "longueur_m": 317.4}, "geometry": {"type": "LineString", "coordinates": [[-0.82028, 44.40961], [-0.82122, 44.4101], [-0.82118, 44.41067], [-0.82104, 44.41108], [-0.8215, 44.41161], [-0.82142, 44.41199]]}}, {"type": "Feature", "properties": {"gabarit": "Poids lourd", "revetement": "Sol naturel", "debroussaillee": false, "longueur_m": 33.7}, "geometry": {"type": "LineString", "coordinates": [[-0.8185, 44.40927], [-0.81809, 44.40931]]}}, {"type": "Feature", "properties": {"gabarit": "Poids lourd", "revetement": "Sol naturel", "debroussaillee": false, "longueur_m": 357.3}, "geometry": {"type": "LineString", "coordinates": [[-0.8066, 44.40983], [-0.80448, 44.41023], [-0.80221, 44.4102]]}}, {"type": "Feature", "properties": {"gabarit": "Poids lourd", "revetement": "Sol naturel", "debroussaillee": false, "longueur_m": 27.8}, "geometry": {"type": "LineString", "coordinates": [[-0.81802, 44.40637], [-0.81768, 44.40634]]}}, {"type": "Feature", "properties": {"gabarit": "Poids lourd", "revetement": "Sol naturel", "debroussaillee": false, "longueur_m": 252.6}, "geometry": {"type": "LineString", "coordinates": [[-0.83129, 44.40473], [-0.8296, 44.40507], [-0.82956, 44.40518], [-0.82978, 44.40585], [-0.82969, 44.40603]]}}, {"type": "Feature", "properties": {"gabarit": "Poids lourd", "revetement": "Sol naturel", "debroussaillee": false, "longueur_m": 5.8}, "geometry": {"type": "LineString", "coordinates": [[-0.84363, 44.40594], [-0.84371, 44.40594]]}}, {"type": "Feature", "properties": {"gabarit": "Poids lourd", "revetement": "Sol naturel", "debroussaillee": false, "longueur_m": 75.9}, "geometry": {"type": "LineString", "coordinates": [[-0.83966, 44.40595], [-0.84062, 44.40593]]}}, {"type": "Feature", "properties": {"gabarit": "Poids lourd", "revetement": "Sol naturel", "debroussaillee": false, "longueur_m": 88.2}, "geometry": {"type": "LineString", "coordinates": [[-0.84062, 44.40593], [-0.84172, 44.40592]]}}, {"type": "Feature", "properties": {"gabarit": "Poids lourd", "revetement": "Sol naturel", "debroussaillee": false, "longueur_m": 400.7}, "geometry": {"type": "LineString", "coordinates": [[-0.84515, 44.41152], [-0.84583, 44.40795]]}}, {"type": "Feature", "properties": {"gabarit": "Poids lourd", "revetement": "Sol naturel", "debroussaillee": false, "longueur_m": 5.3}, "geometry": {"type": "LineString", "coordinates": [[-0.84593, 44.40795], [-0.84587, 44.40795]]}}, {"type": "Feature", "properties": {"gabarit": "Poids lourd", "revetement": "Sol naturel", "debroussaillee": false, "longueur_m": 2.8}, "geometry": {"type": "LineString", "coordinates": [[-0.84587, 44.40795], [-0.84583, 44.40795]]}}, {"type": "Feature", "properties": {"gabarit": "Poids lourd", "revetement": "Sol naturel", "debroussaillee": false, "longueur_m": 148.6}, "geometry": {"type": "LineString", "coordinates": [[-0.84172, 44.40592], [-0.84359, 44.40595]]}}, {"type": "Feature", "properties": {"gabarit": "Poids lourd", "revetement": "Sol naturel", "debroussaillee": true, "longueur_m": 344.0}, "geometry": {"type": "LineString", "coordinates": [[-0.85561, 44.412], [-0.85659, 44.40899]]}}, {"type": "Feature", "properties": {"gabarit": "Poids lourd", "revetement": "Sol naturel", "debroussaillee": true, "longueur_m": 5.8}, "geometry": {"type": "LineString", "coordinates": [[-0.85784, 44.40445], [-0.85777, 44.40445]]}}, {"type": "Feature", "properties": {"gabarit": "Poids lourd", "revetement": "Sol naturel", "debroussaillee": true, "longueur_m": 4.2}, "geometry": {"type": "LineString", "coordinates": [[-0.85777, 44.40445], [-0.85772, 44.40444]]}}, {"type": "Feature", "properties": {"gabarit": "Poids lourd", "revetement": "Sol naturel", "debroussaillee": true, "longueur_m": 1465.7}, "geometry": {"type": "LineString", "coordinates": [[-0.87409, 44.41043], [-0.86304, 44.40554], [-0.85784, 44.40445]]}}, {"type": "Feature", "properties": {"gabarit": "Poids lourd", "revetement": "Sol naturel", "debroussaillee": false, "longueur_m": 699.5}, "geometry": {"type": "LineString", "coordinates": [[-0.88459, 44.40515], [-0.89298, 44.40701]]}}, {"type": "Feature", "properties": {"gabarit": "Poids lourd", "revetement": "Sol naturel", "debroussaillee": false, "longueur_m": 45.9}, "geometry": {"type": "LineString", "coordinates": [[-0.8845, 44.40475], [-0.88459, 44.40515]]}}, {"type": "Feature", "properties": {"gabarit": "Poids lourd", "revetement": "Sol naturel", "debroussaillee": false, "longueur_m": 178.0}, "geometry": {"type": "LineString", "coordinates": [[-0.6266, 44.40721], [-0.62743, 44.40612], [-0.62746, 44.40577]]}}, {"type": "Feature", "properties": {"gabarit": "Poids lourd", "revetement": "Sol naturel", "debroussaillee": true, "longueur_m": 470.1}, "geometry": {"type": "LineString", "coordinates": [[-0.64291, 44.41242], [-0.643, 44.41665]]}}, {"type": "Feature", "properties": {"gabarit": "Super poids lourd", "revetement": "Empierré", "debroussaillee": true, "longueur_m": 730.6}, "geometry": {"type": "LineString", "coordinates": [[-0.64289, 44.40681], [-0.64277, 44.40023]]}}, {"type": "Feature", "properties": {"gabarit": "Poids lourd", "revetement": "Sol naturel", "debroussaillee": false, "longueur_m": 226.6}, "geometry": {"type": "LineString", "coordinates": [[-0.6488, 44.40754], [-0.64826, 44.4087], [-0.64798, 44.40948]]}}, {"type": "Feature", "properties": {"gabarit": "Poids lourd", "revetement": "Sol naturel", "debroussaillee": false, "longueur_m": 1136.8}, "geometry": {"type": "LineString", "coordinates": [[-0.67281, 44.40908], [-0.67264, 44.40906], [-0.6719, 44.40931], [-0.67149, 44.40933], [-0.67125, 44.40927], [-0.67042, 44.40885], [-0.66948, 44.40806], [-0.66847, 44.40765], [-0.66793, 44.40727], [-0.66743, 44.40703], [-0.66678, 44.40685], [-0.66441, 44.4068], [-0.66342, 44.40667], [-0.66291, 44.40667], [-0.66154, 44.40635], [-0.66014, 44.40583]]}}, {"type": "Feature", "properties": {"gabarit": "Poids lourd", "revetement": "Sol naturel", "debroussaillee": false, "longueur_m": 394.3}, "geometry": {"type": "LineString", "coordinates": [[-0.67332, 44.40673], [-0.67397, 44.40685], [-0.67429, 44.40699], [-0.67456, 44.40775], [-0.67509, 44.40846], [-0.67601, 44.40945]]}}, {"type": "Feature", "properties": {"gabarit": "Poids lourd", "revetement": "Sol naturel", "debroussaillee": false, "longueur_m": 959.5}, "geometry": {"type": "LineString", "coordinates": [[-0.67228, 44.4036], [-0.67189, 44.40356], [-0.671, 44.40324], [-0.6704, 44.40313], [-0.66909, 44.40336], [-0.66584, 44.40324], [-0.66497, 44.40302], [-0.66439, 44.40303], [-0.66303, 44.40288], [-0.66255, 44.40277], [-0.66206, 44.40257], [-0.66066, 44.40234]]}}, {"type": "Feature", "properties": {"gabarit": "Poids lourd", "revetement": "Sol naturel", "debroussaillee": false, "longueur_m": 25.4}, "geometry": {"type": "LineString", "coordinates": [[-0.67395, 44.40392], [-0.67364, 44.40386]]}}, {"type": "Feature", "properties": {"gabarit": "Super poids lourd", "revetement": "Empierré", "debroussaillee": true, "longueur_m": 401.5}, "geometry": {"type": "LineString", "coordinates": [[-0.67888, 44.40467], [-0.67395, 44.40392]]}}, {"type": "Feature", "properties": {"gabarit": "Super poids lourd", "revetement": "Empierré", "debroussaillee": true, "longueur_m": 433.2}, "geometry": {"type": "LineString", "coordinates": [[-0.69073, 44.40949], [-0.69043, 44.4095], [-0.68883, 44.40899], [-0.6863, 44.40739]]}}, {"type": "Feature", "properties": {"gabarit": "Super poids lourd", "revetement": "Empierré", "debroussaillee": true, "longueur_m": 176.3}, "geometry": {"type": "LineString", "coordinates": [[-0.69632, 44.40198], [-0.69667, 44.40041]]}}, {"type": "Feature", "properties": {"gabarit": "Super poids lourd", "revetement": "Empierré", "debroussaillee": true, "longueur_m": 813.1}, "geometry": {"type": "LineString", "coordinates": [[-0.69632, 44.40198], [-0.70198, 44.40217], [-0.70643, 44.40283]]}}, {"type": "Feature", "properties": {"gabarit": "Poids lourd", "revetement": "Sol naturel", "debroussaillee": false, "longueur_m": 175.3}, "geometry": {"type": "LineString", "coordinates": [[-0.70203, 44.40641], [-0.70223, 44.40601], [-0.70301, 44.405]]}}, {"type": "Feature", "properties": {"gabarit": "Poids lourd", "revetement": "Sol naturel", "debroussaillee": false, "longueur_m": 614.0}, "geometry": {"type": "LineString", "coordinates": [[-0.70436, 44.40081], [-0.69667, 44.40041]]}}, {"type": "Feature", "properties": {"gabarit": "Super poids lourd", "revetement": "Empierré", "debroussaillee": true, "longueur_m": 16.8}, "geometry": {"type": "LineString", "coordinates": [[-0.70643, 44.40283], [-0.70663, 44.40277]]}}, {"type": "Feature", "properties": {"gabarit": "Poids lourd", "revetement": "Sol naturel", "debroussaillee": false, "longueur_m": 161.6}, "geometry": {"type": "LineString", "coordinates": [[-0.70814, 44.40212], [-0.70954, 44.40106]]}}, {"type": "Feature", "properties": {"gabarit": "Poids lourd", "revetement": "Sol naturel", "debroussaillee": false, "longueur_m": 723.1}, "geometry": {"type": "LineString", "coordinates": [[-0.70954, 44.40106], [-0.7186, 44.40147]]}}, {"type": "Feature", "properties": {"gabarit": "Poids lourd", "revetement": "Sol naturel", "debroussaillee": false, "longueur_m": 161.3}, "geometry": {"type": "LineString", "coordinates": [[-0.70886, 44.40103], [-0.70684, 44.40092]]}}, {"type": "Feature", "properties": {"gabarit": "Poids lourd", "revetement": "Sol naturel", "debroussaillee": true, "longueur_m": 383.6}, "geometry": {"type": "LineString", "coordinates": [[-0.72083, 44.40714], [-0.72187, 44.40377]]}}, {"type": "Feature", "properties": {"gabarit": "Poids lourd", "revetement": "Sol naturel", "debroussaillee": false, "longueur_m": 167.9}, "geometry": {"type": "LineString", "coordinates": [[-0.72196, 44.40349], [-0.72036, 44.40373], [-0.71992, 44.40372]]}}, {"type": "Feature", "properties": {"gabarit": "Poids lourd", "revetement": "Sol naturel", "debroussaillee": true, "longueur_m": 4.7}, "geometry": {"type": "LineString", "coordinates": [[-0.72187, 44.40377], [-0.72189, 44.40373]]}}, {"type": "Feature", "properties": {"gabarit": "Poids lourd", "revetement": "Sol naturel", "debroussaillee": true, "longueur_m": 28.0}, "geometry": {"type": "LineString", "coordinates": [[-0.72189, 44.40373], [-0.72196, 44.40349]]}}, {"type": "Feature", "properties": {"gabarit": "Poids lourd", "revetement": "Sol naturel", "debroussaillee": false, "longueur_m": 122.3}, "geometry": {"type": "LineString", "coordinates": [[-0.7186, 44.40147], [-0.719, 44.40253]]}}, {"type": "Feature", "properties": {"gabarit": "Poids lourd", "revetement": "Sol naturel", "debroussaillee": false, "longueur_m": 273.5}, "geometry": {"type": "LineString", "coordinates": [[-0.75126, 44.40629], [-0.75076, 44.40506], [-0.7507, 44.4043], [-0.75089, 44.4039]]}}, {"type": "Feature", "properties": {"gabarit": "Super poids lourd", "revetement": "Empierré", "debroussaillee": false, "longueur_m": 229.2}, "geometry": {"type": "LineString", "coordinates": [[-0.75658, 44.40249], [-0.75735, 44.40248], [-0.75829, 44.40255], [-0.75942, 44.40274]]}}, {"type": "Feature", "properties": {"gabarit": "Poids lourd", "revetement": "Sol naturel", "debroussaillee": false, "longueur_m": 632.9}, "geometry": {"type": "LineString", "coordinates": [[-0.768, 44.40285], [-0.76788, 44.40281], [-0.76786, 44.40255], [-0.76778, 44.40249], [-0.76594, 44.40243], [-0.76212, 44.40204], [-0.76145, 44.40179], [-0.7609, 44.40132]]}}, {"type": "Feature", "properties": {"gabarit": "Poids lourd", "revetement": "Sol naturel", "debroussaillee": false, "longueur_m": 170.1}, "geometry": {"type": "LineString", "coordinates": [[-0.76837, 44.40656], [-0.76823, 44.4063], [-0.76813, 44.40587], [-0.7681, 44.40506]]}}, {"type": "Feature", "properties": {"gabarit": "Poids lourd", "revetement": "Sol naturel", "debroussaillee": false, "longueur_m": 19.7}, "geometry": {"type": "LineString", "coordinates": [[-0.76815, 44.40474], [-0.7682, 44.40457]]}}, {"type": "Feature", "properties": {"gabarit": "Poids lourd", "revetement": "Sol naturel", "debroussaillee": false, "longueur_m": 210.5}, "geometry": {"type": "LineString", "coordinates": [[-0.7656, 44.40537], [-0.76405, 44.40581], [-0.7632, 44.40601], [-0.76313, 44.40598]]}}, {"type": "Feature", "properties": {"gabarit": "Poids lourd", "revetement": "Sol naturel", "debroussaillee": false, "longueur_m": 35.5}, "geometry": {"type": "LineString", "coordinates": [[-0.7681, 44.40506], [-0.76815, 44.40474]]}}, {"type": "Feature", "properties": {"gabarit": "Poids lourd", "revetement": "Sol naturel", "debroussaillee": false, "longueur_m": 101.8}, "geometry": {"type": "LineString", "coordinates": [[-0.76797, 44.40377], [-0.768, 44.40285]]}}, {"type": "Feature", "properties": {"gabarit": "Poids lourd", "revetement": "Sol naturel", "debroussaillee": false, "longueur_m": 192.2}, "geometry": {"type": "LineString", "coordinates": [[-0.7682, 44.40457], [-0.76936, 44.40591], [-0.76953, 44.406]]}}, {"type": "Feature", "properties": {"gabarit": "Super poids lourd", "revetement": "Empierré", "debroussaillee": true, "longueur_m": 348.9}, "geometry": {"type": "LineString", "coordinates": [[-0.77702, 44.40406], [-0.77681, 44.40474], [-0.77668, 44.40581], [-0.77685, 44.40674], [-0.77675, 44.40716]]}}, {"type": "Feature", "properties": {"gabarit": "Poids lourd", "revetement": "Sol naturel", "debroussaillee": false, "longueur_m": 336.5}, "geometry": {"type": "LineString", "coordinates": [[-0.7886, 44.4038], [-0.7884, 44.40346], [-0.78751, 44.40247], [-0.78593, 44.40152]]}}, {"type": "Feature", "properties": {"gabarit": "Poids lourd", "revetement": "Sol naturel", "debroussaillee": false, "longueur_m": 149.4}, "geometry": {"type": "LineString", "coordinates": [[-0.78941, 44.40501], [-0.7886, 44.4038]]}}, {"type": "Feature", "properties": {"gabarit": "Poids lourd", "revetement": "Sol naturel", "debroussaillee": false, "longueur_m": 306.8}, "geometry": {"type": "LineString", "coordinates": [[-0.78321, 44.40301], [-0.78329, 44.40309], [-0.78376, 44.4032], [-0.78417, 44.40362], [-0.78446, 44.40423], [-0.78457, 44.40493], [-0.78455, 44.40536]]}}, {"type": "Feature", "properties": {"gabarit": "Poids lourd", "revetement": "Sol naturel", "debroussaillee": false, "longueur_m": 202.5}, "geometry": {"type": "LineString", "coordinates": [[-0.7886, 44.4038], [-0.78834, 44.4045], [-0.78805, 44.40495], [-0.78783, 44.4051], [-0.78778, 44.40526], [-0.7879, 44.40546]]}}, {"type": "Feature", "properties": {"gabarit": "Poids lourd", "revetement": "Sol naturel", "debroussaillee": true, "longueur_m": 392.9}, "geometry": {"type": "LineString", "coordinates": [[-0.79288, 44.40434], [-0.7924, 44.4048], [-0.79199, 44.40594], [-0.79149, 44.40679], [-0.79093, 44.40754]]}}, {"type": "Feature", "properties": {"gabarit": "Poids lourd", "revetement": "Sol naturel", "debroussaillee": true, "longueur_m": 617.8}, "geometry": {"type": "LineString", "coordinates": [[-0.78684, 44.40114], [-0.78728, 44.40176], [-0.78824, 44.40204], [-0.78883, 44.40239], [-0.78931, 44.40239], [-0.79111, 44.40292], [-0.79352, 44.40348]]}}, {"type": "Feature", "properties": {"gabarit": "Poids lourd", "revetement": "Sol naturel", "debroussaillee": true, "longueur_m": 108.2}, "geometry": {"type": "LineString", "coordinates": [[-0.79352, 44.40348], [-0.79288, 44.40434]]}}, {"type": "Feature", "properties": {"gabarit": "Poids lourd", "revetement": "Sol naturel", "debroussaillee": false, "longueur_m": 157.2}, "geometry": {"type": "LineString", "coordinates": [[-0.79541, 44.4026], [-0.7956, 44.40257], [-0.79563, 44.4025], [-0.79564, 44.40133]]}}, {"type": "Feature", "properties": {"gabarit": "Poids lourd", "revetement": "Sol naturel", "debroussaillee": true, "longueur_m": 328.2}, "geometry": {"type": "LineString", "coordinates": [[-0.80027, 44.40515], [-0.79952, 44.40489], [-0.797, 44.40435], [-0.79639, 44.40417]]}}, {"type": "Feature", "properties": {"gabarit": "Poids lourd", "revetement": "Sol naturel", "debroussaillee": false, "longueur_m": 346.4}, "geometry": {"type": "LineString", "coordinates": [[-0.79288, 44.40434], [-0.79211, 44.40741]]}}, {"type": "Feature", "properties": {"gabarit": "Poids lourd", "revetement": "Sol naturel", "debroussaillee": true, "longueur_m": 568.3}, "geometry": {"type": "LineString", "coordinates": [[-0.79352, 44.40348], [-0.79401, 44.40245], [-0.79568, 44.40046], [-0.79613, 44.40005], [-0.79673, 44.39896]]}}, {"type": "Feature", "properties": {"gabarit": "Poids lourd", "revetement": "Sol naturel", "debroussaillee": false, "longueur_m": 257.4}, "geometry": {"type": "LineString", "coordinates": [[-0.79564, 44.40133], [-0.79547, 44.40107], [-0.7963, 44.40019], [-0.79644, 44.39974], [-0.79697, 44.39943]]}}, {"type": "Feature", "properties": {"gabarit": "Poids lourd", "revetement": "Sol naturel", "debroussaillee": true, "longueur_m": 36.7}, "geometry": {"type": "LineString", "coordinates": [[-0.79673, 44.39896], [-0.79674, 44.39863]]}}, {"type": "Feature", "properties": {"gabarit": "Poids lourd", "revetement": "Sol naturel", "debroussaillee": false, "longueur_m": 168.2}, "geometry": {"type": "LineString", "coordinates": [[-0.79697, 44.39943], [-0.79687, 44.40094]]}}, {"type": "Feature", "properties": {"gabarit": "Poids lourd", "revetement": "Sol naturel", "debroussaillee": false, "longueur_m": 56.0}, "geometry": {"type": "LineString", "coordinates": [[-0.79673, 44.39896], [-0.79697, 44.39943]]}}, {"type": "Feature", "properties": {"gabarit": "Poids lourd", "revetement": "Sol naturel", "debroussaillee": false, "longueur_m": 386.7}, "geometry": {"type": "LineString", "coordinates": [[-0.80298, 44.40228], [-0.80189, 44.40332], [-0.80027, 44.40515]]}}, {"type": "Feature", "properties": {"gabarit": "Poids lourd", "revetement": "Sol naturel", "debroussaillee": false, "longueur_m": 108.2}, "geometry": {"type": "LineString", "coordinates": [[-0.81015, 44.4022], [-0.80969, 44.40256], [-0.80912, 44.40281]]}}, {"type": "Feature", "properties": {"gabarit": "Super poids lourd", "revetement": "Empierré", "debroussaillee": false, "longueur_m": 103.9}, "geometry": {"type": "LineString", "coordinates": [[-0.83921, 44.39979], [-0.83888, 44.40047], [-0.83873, 44.40065]]}}, {"type": "Feature", "properties": {"gabarit": "Super poids lourd", "revetement": "Empierré", "debroussaillee": true, "longueur_m": 158.9}, "geometry": {"type": "LineString", "coordinates": [[-0.84112, 44.40131], [-0.84163, 44.40188], [-0.84209, 44.40256]]}}, {"type": "Feature", "properties": {"gabarit": "Poids lourd", "revetement": "Sol naturel", "debroussaillee": false, "longueur_m": 48.2}, "geometry": {"type": "LineString", "coordinates": [[-0.83811, 44.39664], [-0.83759, 44.39642]]}}, {"type": "Feature", "properties": {"gabarit": "Poids lourd", "revetement": "Sol naturel", "debroussaillee": false, "longueur_m": 11.8}, "geometry": {"type": "LineString", "coordinates": [[-0.84039, 44.39689], [-0.84025, 44.39691]]}}, {"type": "Feature", "properties": {"gabarit": "Poids lourd", "revetement": "Sol naturel", "debroussaillee": false, "longueur_m": 9.2}, "geometry": {"type": "LineString", "coordinates": [[-0.84447, 44.40486], [-0.84459, 44.40486]]}}, {"type": "Feature", "properties": {"gabarit": "Poids lourd", "revetement": "Sol naturel", "debroussaillee": false, "longueur_m": 398.7}, "geometry": {"type": "LineString", "coordinates": [[-0.84376, 44.40593], [-0.8423, 44.40317], [-0.84209, 44.40256]]}}, {"type": "Feature", "properties": {"gabarit": "Super poids lourd", "revetement": "Empierré", "debroussaillee": true, "longueur_m": 4.9}, "geometry": {"type": "LineString", "coordinates": [[-0.84338, 44.40274], [-0.84345, 44.40275]]}}, {"type": "Feature", "properties": {"gabarit": "Super poids lourd", "revetement": "Empierré", "debroussaillee": true, "longueur_m": 101.1}, "geometry": {"type": "LineString", "coordinates": [[-0.84209, 44.40256], [-0.84333, 44.40274]]}}, {"type": "Feature", "properties": {"gabarit": "Super poids lourd", "revetement": "Empierré", "debroussaillee": true, "longueur_m": 4.6}, "geometry": {"type": "LineString", "coordinates": [[-0.84333, 44.40274], [-0.84338, 44.40274]]}}, {"type": "Feature", "properties": {"gabarit": "Super poids lourd", "revetement": "Empierré", "debroussaillee": true, "longueur_m": 5.6}, "geometry": {"type": "LineString", "coordinates": [[-0.84345, 44.40275], [-0.84351, 44.40276]]}}, {"type": "Feature", "properties": {"gabarit": "Poids lourd", "revetement": "Sol naturel", "debroussaillee": false, "longueur_m": 692.0}, "geometry": {"type": "LineString", "coordinates": [[-0.84025, 44.39691], [-0.84333, 44.40274]]}}, {"type": "Feature", "properties": {"gabarit": "Poids lourd", "revetement": "Sol naturel", "debroussaillee": true, "longueur_m": 369.9}, "geometry": {"type": "LineString", "coordinates": [[-0.85802, 44.4026], [-0.85801, 44.40202], [-0.85773, 44.4009], [-0.85781, 44.3999], [-0.85761, 44.39949], [-0.85762, 44.39932]]}}, {"type": "Feature", "properties": {"gabarit": "Super poids lourd", "revetement": "Empierré", "debroussaillee": true, "longueur_m": 1146.4}, "geometry": {"type": "LineString", "coordinates": [[-0.84351, 44.40276], [-0.85772, 44.40444]]}}, {"type": "Feature", "properties": {"gabarit": "Poids lourd", "revetement": "Sol naturel", "debroussaillee": true, "longueur_m": 206.3}, "geometry": {"type": "LineString", "coordinates": [[-0.85772, 44.40444], [-0.85802, 44.4026]]}}, {"type": "Feature", "properties": {"gabarit": "Poids lourd", "revetement": "Sol naturel", "debroussaillee": true, "longueur_m": 287.1}, "geometry": {"type": "LineString", "coordinates": [[-0.85762, 44.39932], [-0.85768, 44.39861], [-0.85753, 44.39763], [-0.85766, 44.39675]]}}, {"type": "Feature", "properties": {"gabarit": "Poids lourd", "revetement": "Sol naturel", "debroussaillee": true, "longueur_m": 33.0}, "geometry": {"type": "LineString", "coordinates": [[-0.87288, 44.40242], [-0.87303, 44.40233], [-0.87304, 44.40217]]}}, {"type": "Feature", "properties": {"gabarit": "Poids lourd", "revetement": "Sol naturel", "debroussaillee": false, "longueur_m": 956.3}, "geometry": {"type": "LineString", "coordinates": [[-0.87304, 44.40217], [-0.8845, 44.40475]]}}, {"type": "Feature", "properties": {"gabarit": "Super poids lourd", "revetement": "Empierré", "debroussaillee": true, "longueur_m": 5.8}, "geometry": {"type": "LineString", "coordinates": [[-0.64277, 44.40018], [-0.64277, 44.40023]]}}, {"type": "Feature", "properties": {"gabarit": "Poids lourd", "revetement": "Sol naturel", "debroussaillee": true, "longueur_m": 63.8}, "geometry": {"type": "LineString", "coordinates": [[-0.64278, 44.39966], [-0.64219, 44.40005]]}}, {"type": "Feature", "properties": {"gabarit": "Super poids lourd", "revetement": "Empierré", "debroussaillee": true, "longueur_m": 6.4}, "geometry": {"type": "LineString", "coordinates": [[-0.64277, 44.40012], [-0.64277, 44.40018]]}}, {"type": "Feature", "properties": {"gabarit": "Poids lourd", "revetement": "Sol naturel", "debroussaillee": true, "longueur_m": 4.7}, "geometry": {"type": "LineString", "coordinates": [[-0.64215, 44.40008], [-0.64219, 44.40005]]}}, {"type": "Feature", "properties": {"gabarit": "Super poids lourd", "revetement": "Empierré", "debroussaillee": true, "longueur_m": 460.2}, "geometry": {"type": "LineString", "coordinates": [[-0.64278, 44.39966], [-0.64706, 44.39688]]}}, {"type": "Feature", "properties": {"gabarit": "Poids lourd", "revetement": "Sol naturel", "debroussaillee": false, "longueur_m": 285.7}, "geometry": {"type": "LineString", "coordinates": [[-0.66413, 44.39828], [-0.66388, 44.39925], [-0.66354, 44.39957], [-0.66349, 44.39969], [-0.66333, 44.40073]]}}, {"type": "Feature", "properties": {"gabarit": "Poids lourd", "revetement": "Sol naturel", "debroussaillee": true, "longueur_m": 279.9}, "geometry": {"type": "LineString", "coordinates": [[-0.66186, 44.39811], [-0.65837, 44.39782]]}}, {"type": "Feature", "properties": {"gabarit": "Poids lourd", "revetement": "Sol naturel", "debroussaillee": true, "longueur_m": 182.1}, "geometry": {"type": "LineString", "coordinates": [[-0.66413, 44.39828], [-0.66186, 44.39811]]}}, {"type": "Feature", "properties": {"gabarit": "Poids lourd", "revetement": "Sol naturel", "debroussaillee": false, "longueur_m": 170.5}, "geometry": {"type": "LineString", "coordinates": [[-0.66034, 44.39635], [-0.65821, 44.39622]]}}, {"type": "Feature", "properties": {"gabarit": "Poids lourd", "revetement": "Sol naturel", "debroussaillee": true, "longueur_m": 211.1}, "geometry": {"type": "LineString", "coordinates": [[-0.66186, 44.39811], [-0.6619, 44.39801], [-0.6634, 44.39657]]}}, {"type": "Feature", "properties": {"gabarit": "Super poids lourd", "revetement": "Empierré", "debroussaillee": true, "longueur_m": 108.3}, "geometry": {"type": "LineString", "coordinates": [[-0.67502, 44.39911], [-0.67367, 44.39901]]}}, {"type": "Feature", "properties": {"gabarit": "Poids lourd", "revetement": "Sol naturel", "debroussaillee": false, "longueur_m": 17.4}, "geometry": {"type": "LineString", "coordinates": [[-0.77196, 44.39456], [-0.77179, 44.39467]]}}, {"type": "Feature", "properties": {"gabarit": "Poids lourd", "revetement": "Sol naturel", "debroussaillee": true, "longueur_m": 389.5}, "geometry": {"type": "LineString", "coordinates": [[-0.6634, 44.39657], [-0.66383, 44.39618], [-0.66728, 44.39446]]}}, {"type": "Feature", "properties": {"gabarit": "Poids lourd", "revetement": "Sol naturel", "debroussaillee": false, "longueur_m": 33.2}, "geometry": {"type": "LineString", "coordinates": [[-0.68537, 44.39987], [-0.68495, 44.39985]]}}, {"type": "Feature", "properties": {"gabarit": "Poids lourd", "revetement": "Sol naturel", "debroussaillee": false, "longueur_m": 890.4}, "geometry": {"type": "LineString", "coordinates": [[-0.69653, 44.40041], [-0.68537, 44.39987]]}}, {"type": "Feature", "properties": {"gabarit": "Super poids lourd", "revetement": "Empierré", "debroussaillee": false, "longueur_m": 337.8}, "geometry": {"type": "LineString", "coordinates": [[-0.69773, 44.39405], [-0.69353, 44.39363]]}}, {"type": "Feature", "properties": {"gabarit": "Super poids lourd", "revetement": "Empierré", "debroussaillee": true, "longueur_m": 713.2}, "geometry": {"type": "LineString", "coordinates": [[-0.69667, 44.40041], [-0.69822, 44.39409]]}}, {"type": "Feature", "properties": {"gabarit": "Poids lourd", "revetement": "Sol naturel", "debroussaillee": false, "longueur_m": 554.1}, "geometry": {"type": "LineString", "coordinates": [[-0.69822, 44.39409], [-0.70511, 44.39477]]}}, {"type": "Feature", "properties": {"gabarit": "Poids lourd", "revetement": "Sol naturel", "debroussaillee": false, "longueur_m": 289.2}, "geometry": {"type": "LineString", "coordinates": [[-0.71635, 44.39587], [-0.71738, 44.39836]]}}, {"type": "Feature", "properties": {"gabarit": "Poids lourd", "revetement": "Sol naturel", "debroussaillee": true, "longueur_m": 207.2}, "geometry": {"type": "LineString", "coordinates": [[-0.71458, 44.39723], [-0.71635, 44.39587]]}}, {"type": "Feature", "properties": {"gabarit": "Poids lourd", "revetement": "Sol naturel", "debroussaillee": true, "longueur_m": 231.0}, "geometry": {"type": "LineString", "coordinates": [[-0.70954, 44.40106], [-0.71153, 44.39955]]}}, {"type": "Feature", "properties": {"gabarit": "Poids lourd", "revetement": "Sol naturel", "debroussaillee": false, "longueur_m": 16.7}, "geometry": {"type": "LineString", "coordinates": [[-0.71614, 44.39584], [-0.71635, 44.39587]]}}, {"type": "Feature", "properties": {"gabarit": "Poids lourd", "revetement": "Sol naturel", "debroussaillee": false, "longueur_m": 155.8}, "geometry": {"type": "LineString", "coordinates": [[-0.70938, 44.39518], [-0.70926, 44.39652], [-0.70918, 44.39652]]}}, {"type": "Feature", "properties": {"gabarit": "Poids lourd", "revetement": "Sol naturel", "debroussaillee": false, "longueur_m": 212.3}, "geometry": {"type": "LineString", "coordinates": [[-0.70938, 44.39518], [-0.71202, 44.39544]]}}, {"type": "Feature", "properties": {"gabarit": "Poids lourd", "revetement": "Sol naturel", "debroussaillee": false, "longueur_m": 331.8}, "geometry": {"type": "LineString", "coordinates": [[-0.71202, 44.39544], [-0.71614, 44.39584]]}}, {"type": "Feature", "properties": {"gabarit": "Poids lourd", "revetement": "Sol naturel", "debroussaillee": false, "longueur_m": 86.6}, "geometry": {"type": "LineString", "coordinates": [[-0.7083, 44.39507], [-0.70938, 44.39518]]}}, {"type": "Feature", "properties": {"gabarit": "Poids lourd", "revetement": "Sol naturel", "debroussaillee": false, "longueur_m": 155.2}, "geometry": {"type": "LineString", "coordinates": [[-0.72335, 44.39907], [-0.72157, 44.39962]]}}, {"type": "Feature", "properties": {"gabarit": "Poids lourd", "revetement": "Sol naturel", "debroussaillee": true, "longueur_m": 174.7}, "geometry": {"type": "LineString", "coordinates": [[-0.72196, 44.40349], [-0.72245, 44.40195]]}}, {"type": "Feature", "properties": {"gabarit": "Poids lourd", "revetement": "Sol naturel", "debroussaillee": true, "longueur_m": 312.2}, "geometry": {"type": "LineString", "coordinates": [[-0.72335, 44.39907], [-0.72421, 44.39632]]}}, {"type": "Feature", "properties": {"gabarit": "Poids lourd", "revetement": "Sol naturel", "debroussaillee": true, "longueur_m": 256.0}, "geometry": {"type": "LineString", "coordinates": [[-0.71635, 44.39587], [-0.71866, 44.39427]]}}, {"type": "Feature", "properties": {"gabarit": "Poids lourd", "revetement": "Sol naturel", "debroussaillee": false, "longueur_m": 459.6}, "geometry": {"type": "LineString", "coordinates": [[-0.71866, 44.39427], [-0.72017, 44.39826]]}}, {"type": "Feature", "properties": {"gabarit": "Poids lourd", "revetement": "Sol naturel", "debroussaillee": true, "longueur_m": 192.9}, "geometry": {"type": "LineString", "coordinates": [[-0.72823, 44.39748], [-0.73042, 44.39674]]}}, {"type": "Feature", "properties": {"gabarit": "Poids lourd", "revetement": "Sol naturel", "debroussaillee": true, "longueur_m": 24.9}, "geometry": {"type": "LineString", "coordinates": [[-0.73042, 44.39674], [-0.73071, 44.39665]]}}, {"type": "Feature", "properties": {"gabarit": "Poids lourd", "revetement": "Sol naturel", "debroussaillee": true, "longueur_m": 240.9}, "geometry": {"type": "LineString", "coordinates": [[-0.74024, 44.40507], [-0.73988, 44.40474], [-0.73928, 44.40446], [-0.73765, 44.40408]]}}, {"type": "Feature", "properties": {"gabarit": "Super poids lourd", "revetement": "Empierré", "debroussaillee": true, "longueur_m": 57.4}, "geometry": {"type": "LineString", "coordinates": [[-0.74509, 44.39577], [-0.74581, 44.39574]]}}, {"type": "Feature", "properties": {"gabarit": "Super poids lourd", "revetement": "Empierré", "debroussaillee": true, "longueur_m": 554.1}, "geometry": {"type": "LineString", "coordinates": [[-0.74881, 44.39575], [-0.75076, 44.39582], [-0.7529, 44.39576], [-0.75568, 44.39527]]}}, {"type": "Feature", "properties": {"gabarit": "Poids lourd", "revetement": "Sol naturel", "debroussaillee": false, "longueur_m": 488.0}, "geometry": {"type": "LineString", "coordinates": [[-0.74881, 44.39575], [-0.74878, 44.39585], [-0.74981, 44.39789], [-0.75053, 44.39994]]}}, {"type": "Feature", "properties": {"gabarit": "Poids lourd", "revetement": "Sol naturel", "debroussaillee": false, "longueur_m": 31.8}, "geometry": {"type": "LineString", "coordinates": [[-0.76797, 44.40257], [-0.768, 44.40285]]}}, {"type": "Feature", "properties": {"gabarit": "Poids lourd", "revetement": "Sol naturel", "debroussaillee": false, "longueur_m": 98.2}, "geometry": {"type": "LineString", "coordinates": [[-0.7697, 44.39394], [-0.76949, 44.39443], [-0.76918, 44.39472]]}}, {"type": "Feature", "properties": {"gabarit": "Super poids lourd", "revetement": "Empierré", "debroussaillee": true, "longueur_m": 78.7}, "geometry": {"type": "LineString", "coordinates": [[-0.7688, 44.39364], [-0.7697, 44.39394]]}}, {"type": "Feature", "properties": {"gabarit": "Poids lourd", "revetement": "Sol naturel", "debroussaillee": true, "longueur_m": 350.2}, "geometry": {"type": "LineString", "coordinates": [[-0.77179, 44.39467], [-0.77383, 44.39614], [-0.77387, 44.39626], [-0.7737, 44.39683], [-0.77378, 44.39719]]}}, {"type": "Feature", "properties": {"gabarit": "Poids lourd", "revetement": "Sol naturel", "debroussaillee": false, "longueur_m": 382.6}, "geometry": {"type": "LineString", "coordinates": [[-0.7688, 44.39364], [-0.7689, 44.3933], [-0.76924, 44.3932], [-0.77061, 44.39345], [-0.77189, 44.39389], [-0.77205, 44.394], [-0.77218, 44.39413], [-0.77196, 44.39456]]}}, {"type": "Feature", "properties": {"gabarit": "Poids lourd", "revetement": "Sol naturel", "debroussaillee": false, "longueur_m": 399.0}, "geometry": {"type": "LineString", "coordinates": [[-0.77196, 44.39456], [-0.77386, 44.39425], [-0.77401, 44.39388], [-0.77488, 44.39378], [-0.77514, 44.39357], [-0.77558, 44.39339], [-0.77577, 44.39291]]}}, {"type": "Feature", "properties": {"gabarit": "Poids lourd", "revetement": "Sol naturel", "debroussaillee": true, "longueur_m": 186.5}, "geometry": {"type": "LineString", "coordinates": [[-0.7697, 44.39394], [-0.77147, 44.39449], [-0.77179, 44.39467]]}}, {"type": "Feature", "properties": {"gabarit": "Poids lourd", "revetement": "Sol naturel", "debroussaillee": false, "longueur_m": 455.4}, "geometry": {"type": "LineString", "coordinates": [[-0.78326, 44.39874], [-0.78338, 44.39836], [-0.78362, 44.39799], [-0.78406, 44.39744], [-0.78474, 44.39677], [-0.7849, 44.39639], [-0.78473, 44.3961], [-0.78443, 44.39603], [-0.78337, 44.39557]]}}, {"type": "Feature", "properties": {"gabarit": "Poids lourd", "revetement": "Sol naturel", "debroussaillee": false, "longueur_m": 726.7}, "geometry": {"type": "LineString", "coordinates": [[-0.80298, 44.40228], [-0.80326, 44.40199], [-0.80346, 44.40161], [-0.80365, 44.40055], [-0.80366, 44.40006], [-0.8039, 44.39978], [-0.80484, 44.39912], [-0.80546, 44.39845], [-0.80579, 44.39633]]}}, {"type": "Feature", "properties": {"gabarit": "Poids lourd", "revetement": "Sol naturel", "debroussaillee": false, "longueur_m": 288.3}, "geometry": {"type": "LineString", "coordinates": [[-0.80971, 44.39534], [-0.80995, 44.3948], [-0.81061, 44.3938], [-0.81087, 44.39319], [-0.81089, 44.3929]]}}, {"type": "Feature", "properties": {"gabarit": "Poids lourd", "revetement": "Sol naturel", "debroussaillee": false, "longueur_m": 174.8}, "geometry": {"type": "LineString", "coordinates": [[-0.81565, 44.3971], [-0.81664, 44.39622], [-0.81712, 44.39595]]}}, {"type": "Feature", "properties": {"gabarit": "Poids lourd", "revetement": "Sol naturel", "debroussaillee": false, "longueur_m": 95.0}, "geometry": {"type": "LineString", "coordinates": [[-0.81111, 44.39187], [-0.81134, 44.39114], [-0.81144, 44.39106]]}}, {"type": "Feature", "properties": {"gabarit": "Poids lourd", "revetement": "Sol naturel", "debroussaillee": false, "longueur_m": 72.4}, "geometry": {"type": "LineString", "coordinates": [[-0.81094, 44.3925], [-0.81111, 44.39187]]}}, {"type": "Feature", "properties": {"gabarit": "Poids lourd", "revetement": "Sol naturel", "debroussaillee": false, "longueur_m": 420.8}, "geometry": {"type": "LineString", "coordinates": [[-0.82438, 44.39382], [-0.82453, 44.39449], [-0.82457, 44.39516], [-0.82457, 44.39553], [-0.82436, 44.39611], [-0.82411, 44.39643], [-0.82328, 44.39662], [-0.82306, 44.39705]]}}, {"type": "Feature", "properties": {"gabarit": "Poids lourd", "revetement": "Sol naturel", "debroussaillee": false, "longueur_m": 253.1}, "geometry": {"type": "LineString", "coordinates": [[-0.82438, 44.39382], [-0.82741, 44.3945]]}}, {"type": "Feature", "properties": {"gabarit": "Poids lourd", "revetement": "Sol naturel", "debroussaillee": false, "longueur_m": 22.3}, "geometry": {"type": "LineString", "coordinates": [[-0.83826, 44.39289], [-0.83854, 44.39287]]}}, {"type": "Feature", "properties": {"gabarit": "Poids lourd", "revetement": "Sol naturel", "debroussaillee": false, "longueur_m": 63.0}, "geometry": {"type": "LineString", "coordinates": [[-0.83753, 44.39143], [-0.83718, 44.3915], [-0.83683, 44.39135]]}}, {"type": "Feature", "properties": {"gabarit": "Poids lourd", "revetement": "Sol naturel", "debroussaillee": false, "longueur_m": 177.9}, "geometry": {"type": "LineString", "coordinates": [[-0.83681, 44.38991], [-0.83753, 44.39143]]}}, {"type": "Feature", "properties": {"gabarit": "Poids lourd", "revetement": "Sol naturel", "debroussaillee": false, "longueur_m": 172.5}, "geometry": {"type": "LineString", "coordinates": [[-0.83753, 44.39143], [-0.83826, 44.39289]]}}, {"type": "Feature", "properties": {"gabarit": "Poids lourd", "revetement": "Sol naturel", "debroussaillee": true, "longueur_m": 316.4}, "geometry": {"type": "LineString", "coordinates": [[-0.85766, 44.39675], [-0.8577, 44.3965], [-0.85717, 44.39476], [-0.85728, 44.39397]]}}, {"type": "Feature", "properties": {"gabarit": "Poids lourd", "revetement": "Sol naturel", "debroussaillee": false, "longueur_m": 1205.2}, "geometry": {"type": "LineString", "coordinates": [[-0.84384, 44.39241], [-0.84686, 44.39318], [-0.85165, 44.39505], [-0.85766, 44.39675]]}}, {"type": "Feature", "properties": {"gabarit": "Super poids lourd", "revetement": "Empierré", "debroussaillee": true, "longueur_m": 11.7}, "geometry": {"type": "LineString", "coordinates": [[-0.85728, 44.39397], [-0.85741, 44.39392]]}}, {"type": "Feature", "properties": {"gabarit": "Super poids lourd", "revetement": "Empierré", "debroussaillee": true, "longueur_m": 477.6}, "geometry": {"type": "LineString", "coordinates": [[-0.85741, 44.39392], [-0.85759, 44.39378], [-0.85762, 44.3936], [-0.85681, 44.38972]]}}, {"type": "Feature", "properties": {"gabarit": "Poids lourd", "revetement": "Sol naturel", "debroussaillee": true, "longueur_m": 575.2}, "geometry": {"type": "LineString", "coordinates": [[-0.87214, 44.39205], [-0.87185, 44.39722]]}}, {"type": "Feature", "properties": {"gabarit": "Poids lourd", "revetement": "Sol naturel", "debroussaillee": true, "longueur_m": 188.5}, "geometry": {"type": "LineString", "coordinates": [[-0.63251, 44.39136], [-0.63017, 44.3911]]}}, {"type": "Feature", "properties": {"gabarit": "Poids lourd", "revetement": "Sol naturel", "debroussaillee": false, "longueur_m": 31.6}, "geometry": {"type": "LineString", "coordinates": [[-0.6033, 44.39082], [-0.60341, 44.39091], [-0.60335, 44.39106]]}}, {"type": "Feature", "properties": {"gabarit": "Poids lourd", "revetement": "Sol naturel", "debroussaillee": true, "longueur_m": 407.6}, "geometry": {"type": "LineString", "coordinates": [[-0.63017, 44.3911], [-0.62512, 44.3905]]}}, {"type": "Feature", "properties": {"gabarit": "Super poids lourd", "revetement": "Empierré", "debroussaillee": true, "longueur_m": 657.9}, "geometry": {"type": "LineString", "coordinates": [[-0.64271, 44.39374], [-0.64278, 44.39966]]}}, {"type": "Feature", "properties": {"gabarit": "Poids lourd", "revetement": "Sol naturel", "debroussaillee": false, "longueur_m": 6.9}, "geometry": {"type": "LineString", "coordinates": [[-0.64271, 44.39359], [-0.64263, 44.39361]]}}, {"type": "Feature", "properties": {"gabarit": "Super poids lourd", "revetement": "Empierré", "debroussaillee": true, "longueur_m": 17.1}, "geometry": {"type": "LineString", "coordinates": [[-0.64271, 44.39359], [-0.64271, 44.39374]]}}, {"type": "Feature", "properties": {"gabarit": "Poids lourd", "revetement": "Sol naturel", "debroussaillee": false, "longueur_m": 61.2}, "geometry": {"type": "LineString", "coordinates": [[-0.65155, 44.39396], [-0.65101, 44.39357]]}}, {"type": "Feature", "properties": {"gabarit": "Poids lourd", "revetement": "Sol naturel", "debroussaillee": false, "longueur_m": 239.7}, "geometry": {"type": "LineString", "coordinates": [[-0.64621, 44.39414], [-0.64749, 44.39219]]}}, {"type": "Feature", "properties": {"gabarit": "Super poids lourd", "revetement": "Empierré", "debroussaillee": true, "longueur_m": 88.2}, "geometry": {"type": "LineString", "coordinates": [[-0.65073, 44.39449], [-0.65155, 44.39396]]}}, {"type": "Feature", "properties": {"gabarit": "Super poids lourd", "revetement": "Empierré", "debroussaillee": true, "longueur_m": 394.8}, "geometry": {"type": "LineString", "coordinates": [[-0.65522, 44.39157], [-0.65155, 44.39396]]}}, {"type": "Feature", "properties": {"gabarit": "Super poids lourd", "revetement": "Empierré", "debroussaillee": true, "longueur_m": 41.4}, "geometry": {"type": "LineString", "coordinates": [[-0.65786, 44.39022], [-0.65753, 44.38993]]}}, {"type": "Feature", "properties": {"gabarit": "Super poids lourd", "revetement": "Empierré", "debroussaillee": true, "longueur_m": 350.1}, "geometry": {"type": "LineString", "coordinates": [[-0.6712, 44.3926], [-0.67094, 44.39267], [-0.66755, 44.39433]]}}, {"type": "Feature", "properties": {"gabarit": "Super poids lourd", "revetement": "Empierré", "debroussaillee": true, "longueur_m": 522.6}, "geometry": {"type": "LineString", "coordinates": [[-0.67686, 44.39498], [-0.6712, 44.3926]]}}, {"type": "Feature", "properties": {"gabarit": "Poids lourd", "revetement": "Sol naturel", "debroussaillee": false, "longueur_m": 659.1}, "geometry": {"type": "LineString", "coordinates": [[-0.67124, 44.39238], [-0.67322, 44.38663]]}}, {"type": "Feature", "properties": {"gabarit": "Poids lourd", "revetement": "Sol naturel", "debroussaillee": false, "longueur_m": 15.5}, "geometry": {"type": "LineString", "coordinates": [[-0.67322, 44.38663], [-0.67309, 44.38652]]}}, {"type": "Feature", "properties": {"gabarit": "Super poids lourd", "revetement": "Empierré", "debroussaillee": false, "longueur_m": 152.7}, "geometry": {"type": "LineString", "coordinates": [[-0.68346, 44.39266], [-0.68156, 44.39248]]}}, {"type": "Feature", "properties": {"gabarit": "Super poids lourd", "revetement": "Empierré", "debroussaillee": false, "longueur_m": 116.9}, "geometry": {"type": "LineString", "coordinates": [[-0.68492, 44.3928], [-0.68346, 44.39266]]}}, {"type": "Feature", "properties": {"gabarit": "Poids lourd", "revetement": "Sol naturel", "debroussaillee": false, "longueur_m": 46.1}, "geometry": {"type": "LineString", "coordinates": [[-0.68412, 44.39492], [-0.68399, 44.39532]]}}, {"type": "Feature", "properties": {"gabarit": "Super poids lourd", "revetement": "Empierré", "debroussaillee": false, "longueur_m": 203.9}, "geometry": {"type": "LineString", "coordinates": [[-0.68745, 44.39305], [-0.68492, 44.3928]]}}, {"type": "Feature", "properties": {"gabarit": "Poids lourd", "revetement": "Sol naturel", "debroussaillee": false, "longueur_m": 351.6}, "geometry": {"type": "LineString", "coordinates": [[-0.68156, 44.39248], [-0.68169, 44.39211], [-0.67849, 44.39054]]}}, {"type": "Feature", "properties": {"gabarit": "Super poids lourd", "revetement": "Empierré", "debroussaillee": false, "longueur_m": 296.9}, "geometry": {"type": "LineString", "coordinates": [[-0.68156, 44.39248], [-0.67787, 44.39212]]}}, {"type": "Feature", "properties": {"gabarit": "Poids lourd", "revetement": "Sol naturel", "debroussaillee": false, "longueur_m": 614.7}, "geometry": {"type": "LineString", "coordinates": [[-0.68699, 44.38749], [-0.68628, 44.38877], [-0.68508, 44.39215], [-0.68492, 44.3928]]}}, {"type": "Feature", "properties": {"gabarit": "Poids lourd", "revetement": "Sol naturel", "debroussaillee": false, "longueur_m": 147.4}, "geometry": {"type": "LineString", "coordinates": [[-0.70361, 44.38796], [-0.70351, 44.38742], [-0.70309, 44.3867]]}}, {"type": "Feature", "properties": {"gabarit": "Poids lourd", "revetement": "Sol naturel", "debroussaillee": false, "longueur_m": 283.4}, "geometry": {"type": "LineString", "coordinates": [[-0.70229, 44.38528], [-0.70584, 44.3854]]}}, {"type": "Feature", "properties": {"gabarit": "Poids lourd", "revetement": "Sol naturel", "debroussaillee": false, "longueur_m": 542.5}, "geometry": {"type": "LineString", "coordinates": [[-0.70785, 44.3917], [-0.71132, 44.39431], [-0.71148, 44.39455], [-0.7115, 44.39486], [-0.71202, 44.39544]]}}, {"type": "Feature", "properties": {"gabarit": "Poids lourd", "revetement": "Sol naturel", "debroussaillee": false, "longueur_m": 228.5}, "geometry": {"type": "LineString", "coordinates": [[-0.71357, 44.3883], [-0.71434, 44.38842], [-0.71459, 44.38832], [-0.7153, 44.3883], [-0.71576, 44.38816], [-0.71588, 44.38804], [-0.71624, 44.38802]]}}, {"type": "Feature", "properties": {"gabarit": "Poids lourd", "revetement": "Sol naturel", "debroussaillee": false, "longueur_m": 800.2}, "geometry": {"type": "LineString", "coordinates": [[-0.71357, 44.3883], [-0.71217, 44.38853], [-0.70702, 44.38804], [-0.70361, 44.38796]]}}, {"type": "Feature", "properties": {"gabarit": "Poids lourd", "revetement": "Sol naturel", "debroussaillee": false, "longueur_m": 4.3}, "geometry": {"type": "LineString", "coordinates": [[-0.71248, 44.38558], [-0.71254, 44.38559]]}}, {"type": "Feature", "properties": {"gabarit": "Poids lourd", "revetement": "Sol naturel", "debroussaillee": false, "longueur_m": 313.2}, "geometry": {"type": "LineString", "coordinates": [[-0.71357, 44.3883], [-0.71254, 44.38559]]}}, {"type": "Feature", "properties": {"gabarit": "Poids lourd", "revetement": "Sol naturel", "debroussaillee": false, "longueur_m": 271.0}, "geometry": {"type": "LineString", "coordinates": [[-0.71533, 44.38567], [-0.71624, 44.38802]]}}, {"type": "Feature", "properties": {"gabarit": "Poids lourd", "revetement": "Sol naturel", "debroussaillee": false, "longueur_m": 222.5}, "geometry": {"type": "LineString", "coordinates": [[-0.71254, 44.38559], [-0.71533, 44.38567]]}}, {"type": "Feature", "properties": {"gabarit": "Poids lourd", "revetement": "Sol naturel", "debroussaillee": true, "longueur_m": 853.5}, "geometry": {"type": "LineString", "coordinates": [[-0.72421, 44.39632], [-0.72656, 44.38883]]}}, {"type": "Feature", "properties": {"gabarit": "Poids lourd", "revetement": "Sol naturel", "debroussaillee": false, "longueur_m": 720.3}, "geometry": {"type": "LineString", "coordinates": [[-0.71624, 44.38802], [-0.71866, 44.39427]]}}, {"type": "Feature", "properties": {"gabarit": "Poids lourd", "revetement": "Sol naturel", "debroussaillee": false, "longueur_m": 222.6}, "geometry": {"type": "LineString", "coordinates": [[-0.7323, 44.39397], [-0.73216, 44.39469], [-0.73289, 44.39583]]}}, {"type": "Feature", "properties": {"gabarit": "Poids lourd", "revetement": "Sol naturel", "debroussaillee": false, "longueur_m": 548.4}, "geometry": {"type": "LineString", "coordinates": [[-0.78291, 44.38814], [-0.78239, 44.38836], [-0.78071, 44.38931], [-0.77969, 44.38958], [-0.77932, 44.38962], [-0.77844, 44.38958], [-0.77752, 44.3894], [-0.77713, 44.38924], [-0.77675, 44.38925]]}}, {"type": "Feature", "properties": {"gabarit": "Poids lourd", "revetement": "Sol naturel", "debroussaillee": true, "longueur_m": 219.0}, "geometry": {"type": "LineString", "coordinates": [[-0.77994, 44.39565], [-0.77963, 44.3961], [-0.77947, 44.39622], [-0.7791, 44.39632], [-0.77878, 44.39659], [-0.77862, 44.39688], [-0.77856, 44.39722]]}}, {"type": "Feature", "properties": {"gabarit": "Poids lourd", "revetement": "Sol naturel", "debroussaillee": true, "longueur_m": 196.2}, "geometry": {"type": "LineString", "coordinates": [[-0.78457, 44.38684], [-0.78333, 44.38787], [-0.78291, 44.38814]]}}, {"type": "Feature", "properties": {"gabarit": "Poids lourd", "revetement": "Sol naturel", "debroussaillee": true, "longueur_m": 546.1}, "geometry": {"type": "LineString", "coordinates": [[-0.79061, 44.38466], [-0.7899, 44.38501], [-0.78955, 44.38511], [-0.78614, 44.38597], [-0.78548, 44.38638], [-0.78457, 44.38684]]}}, {"type": "Feature", "properties": {"gabarit": "Poids lourd", "revetement": "Sol naturel", "debroussaillee": false, "longueur_m": 497.0}, "geometry": {"type": "LineString", "coordinates": [[-0.78875, 44.38889], [-0.7891, 44.38801], [-0.78933, 44.38767], [-0.78936, 44.38748], [-0.79031, 44.38584], [-0.79062, 44.38493], [-0.79061, 44.38466]]}}, {"type": "Feature", "properties": {"gabarit": "Poids lourd", "revetement": "Sol naturel", "debroussaillee": true, "longueur_m": 225.8}, "geometry": {"type": "LineString", "coordinates": [[-0.79061, 44.38466], [-0.79166, 44.38389], [-0.79198, 44.38381], [-0.79252, 44.38346], [-0.79276, 44.38337]]}}, {"type": "Feature", "properties": {"gabarit": "Poids lourd", "revetement": "Sol naturel", "debroussaillee": false, "longueur_m": 800.0}, "geometry": {"type": "LineString", "coordinates": [[-0.80473, 44.39235], [-0.80565, 44.39195], [-0.80607, 44.39147], [-0.80729, 44.39097], [-0.80757, 44.39066], [-0.8077, 44.39019], [-0.80782, 44.38954], [-0.8076, 44.38916], [-0.8076, 44.38899], [-0.80742, 44.38856], [-0.80703, 44.38807], [-0.80618, 44.38672], [-0.80625, 44.38647]]}}, {"type": "Feature", "properties": {"gabarit": "Poids lourd", "revetement": "Sol naturel", "debroussaillee": true, "longueur_m": 306.2}, "geometry": {"type": "LineString", "coordinates": [[-0.80991, 44.38571], [-0.80919, 44.3858], [-0.80736, 44.38617], [-0.80659, 44.38644], [-0.80625, 44.38647]]}}, {"type": "Feature", "properties": {"gabarit": "Poids lourd", "revetement": "Sol naturel", "debroussaillee": true, "longueur_m": 362.4}, "geometry": {"type": "LineString", "coordinates": [[-0.79869, 44.38665], [-0.79829, 44.38627], [-0.7979, 44.38558], [-0.79729, 44.38551], [-0.79653, 44.38532], [-0.79513, 44.38528]]}}, {"type": "Feature", "properties": {"gabarit": "Super poids lourd", "revetement": "Empierré", "debroussaillee": false, "longueur_m": 343.1}, "geometry": {"type": "LineString", "coordinates": [[-0.81756, 44.38917], [-0.81743, 44.38908], [-0.81721, 44.38768], [-0.81691, 44.38746], [-0.81619, 44.38636]]}}, {"type": "Feature", "properties": {"gabarit": "Poids lourd", "revetement": "Sol naturel", "debroussaillee": false, "longueur_m": 193.1}, "geometry": {"type": "LineString", "coordinates": [[-0.81462, 44.38773], [-0.81569, 44.38849], [-0.81614, 44.3886], [-0.81656, 44.38849]]}}, {"type": "Feature", "properties": {"gabarit": "Poids lourd", "revetement": "Sol naturel", "debroussaillee": false, "longueur_m": 151.3}, "geometry": {"type": "LineString", "coordinates": [[-0.82457, 44.38393], [-0.82474, 44.38416], [-0.82526, 44.38455], [-0.82548, 44.38508]]}}, {"type": "Feature", "properties": {"gabarit": "Poids lourd", "revetement": "Sol naturel", "debroussaillee": false, "longueur_m": 228.6}, "geometry": {"type": "LineString", "coordinates": [[-0.82188, 44.38683], [-0.82167, 44.38664], [-0.82051, 44.38503]]}}, {"type": "Feature", "properties": {"gabarit": "Super poids lourd", "revetement": "Empierré", "debroussaillee": false, "longueur_m": 206.0}, "geometry": {"type": "LineString", "coordinates": [[-0.83526, 44.3849], [-0.83499, 44.38506], [-0.8338, 44.385], [-0.83305, 44.38503], [-0.8328, 44.38512]]}}, {"type": "Feature", "properties": {"gabarit": "Poids lourd", "revetement": "Sol naturel", "debroussaillee": true, "longueur_m": 631.9}, "geometry": {"type": "LineString", "coordinates": [[-0.87229, 44.38635], [-0.87198, 44.39203]]}}, {"type": "Feature", "properties": {"gabarit": "Poids lourd", "revetement": "Sol naturel", "debroussaillee": false, "longueur_m": 731.2}, "geometry": {"type": "LineString", "coordinates": [[-0.88147, 44.39224], [-0.88147, 44.39194], [-0.88123, 44.39148], [-0.88113, 44.39087], [-0.88087, 44.39014], [-0.88088, 44.38961], [-0.88058, 44.38878], [-0.87983, 44.3858]]}}, {"type": "Feature", "properties": {"gabarit": "Poids lourd", "revetement": "Sol naturel", "debroussaillee": true, "longueur_m": 701.4}, "geometry": {"type": "LineString", "coordinates": [[-0.88729, 44.38616], [-0.88986, 44.3922]]}}, {"type": "Feature", "properties": {"gabarit": "Poids lourd", "revetement": "Sol naturel", "debroussaillee": true, "longueur_m": 405.1}, "geometry": {"type": "LineString", "coordinates": [[-0.88531, 44.38142], [-0.88676, 44.38491]]}}, {"type": "Feature", "properties": {"gabarit": "Poids lourd", "revetement": "Sol naturel", "debroussaillee": false, "longueur_m": 729.2}, "geometry": {"type": "LineString", "coordinates": [[-0.88729, 44.38616], [-0.88756, 44.38615], [-0.8962, 44.38763]]}}, {"type": "Feature", "properties": {"gabarit": "Poids lourd", "revetement": "Sol naturel", "debroussaillee": false, "longueur_m": 283.5}, "geometry": {"type": "LineString", "coordinates": [[-0.59258, 44.38382], [-0.59011, 44.38296], [-0.58944, 44.38264]]}}, {"type": "Feature", "properties": {"gabarit": "Poids lourd", "revetement": "Sol naturel", "debroussaillee": false, "longueur_m": 157.4}, "geometry": {"type": "LineString", "coordinates": [[-0.59258, 44.38382], [-0.59315, 44.38246]]}}, {"type": "Feature", "properties": {"gabarit": "Poids lourd", "revetement": "Sol naturel", "debroussaillee": false, "longueur_m": 497.5}, "geometry": {"type": "LineString", "coordinates": [[-0.59816, 44.3858], [-0.59371, 44.38428], [-0.59328, 44.38405], [-0.59258, 44.38382]]}}, {"type": "Feature", "properties": {"gabarit": "Poids lourd", "revetement": "Sol naturel", "debroussaillee": false, "longueur_m": 570.0}, "geometry": {"type": "LineString", "coordinates": [[-0.60622, 44.38614], [-0.60599, 44.3864], [-0.60428, 44.38913], [-0.6033, 44.39082]]}}, {"type": "Feature", "properties": {"gabarit": "Poids lourd", "revetement": "Sol naturel", "debroussaillee": true, "longueur_m": 327.1}, "geometry": {"type": "LineString", "coordinates": [[-0.62249, 44.3841], [-0.62646, 44.38485]]}}, {"type": "Feature", "properties": {"gabarit": "Super poids lourd", "revetement": "Empierré", "debroussaillee": true, "longueur_m": 636.4}, "geometry": {"type": "LineString", "coordinates": [[-0.62646, 44.38485], [-0.62512, 44.3905]]}}, {"type": "Feature", "properties": {"gabarit": "Poids lourd", "revetement": "Sol naturel", "debroussaillee": false, "longueur_m": 50.2}, "geometry": {"type": "LineString", "coordinates": [[-0.63249, 44.38602], [-0.63235, 44.38646]]}}, {"type": "Feature", "properties": {"gabarit": "Poids lourd", "revetement": "Sol naturel", "debroussaillee": true, "longueur_m": 497.3}, "geometry": {"type": "LineString", "coordinates": [[-0.63249, 44.38602], [-0.62646, 44.38485]]}}, {"type": "Feature", "properties": {"gabarit": "Super poids lourd", "revetement": "Empierré", "debroussaillee": true, "longueur_m": 368.2}, "geometry": {"type": "LineString", "coordinates": [[-0.62726, 44.38159], [-0.62646, 44.38485]]}}, {"type": "Feature", "properties": {"gabarit": "Poids lourd", "revetement": "Sol naturel", "debroussaillee": true, "longueur_m": 613.4}, "geometry": {"type": "LineString", "coordinates": [[-0.64351, 44.38855], [-0.63623, 44.38673]]}}, {"type": "Feature", "properties": {"gabarit": "Poids lourd", "revetement": "Sol naturel", "debroussaillee": false, "longueur_m": 593.6}, "geometry": {"type": "LineString", "coordinates": [[-0.63623, 44.38673], [-0.63251, 44.39136]]}}, {"type": "Feature", "properties": {"gabarit": "Poids lourd", "revetement": "Sol naturel", "debroussaillee": true, "longueur_m": 308.8}, "geometry": {"type": "LineString", "coordinates": [[-0.63623, 44.38673], [-0.63249, 44.38602]]}}, {"type": "Feature", "properties": {"gabarit": "Super poids lourd", "revetement": "Empierré", "debroussaillee": true, "longueur_m": 117.1}, "geometry": {"type": "LineString", "coordinates": [[-0.64395, 44.38756], [-0.64368, 44.3886]]}}, {"type": "Feature", "properties": {"gabarit": "Poids lourd", "revetement": "Sol naturel", "debroussaillee": false, "longueur_m": 92.8}, "geometry": {"type": "LineString", "coordinates": [[-0.65332, 44.38331], [-0.6538, 44.38255]]}}, {"type": "Feature", "properties": {"gabarit": "Super poids lourd", "revetement": "Empierré", "debroussaillee": false, "longueur_m": 82.8}, "geometry": {"type": "LineString", "coordinates": [[-0.65516, 44.37985], [-0.65472, 44.37949], [-0.65455, 44.37925]]}}, {"type": "Feature", "properties": {"gabarit": "Poids lourd", "revetement": "Sol naturel", "debroussaillee": false, "longueur_m": 226.2}, "geometry": {"type": "LineString", "coordinates": [[-0.65339, 44.38141], [-0.65444, 44.38041], [-0.65485, 44.38022], [-0.65516, 44.37985]]}}, {"type": "Feature", "properties": {"gabarit": "Super poids lourd", "revetement": "Empierré", "debroussaillee": true, "longueur_m": 64.6}, "geometry": {"type": "LineString", "coordinates": [[-0.6581, 44.38951], [-0.65753, 44.38993]]}}, {"type": "Feature", "properties": {"gabarit": "Poids lourd", "revetement": "Sol naturel", "debroussaillee": false, "longueur_m": 226.7}, "geometry": {"type": "LineString", "coordinates": [[-0.65664, 44.38249], [-0.6538, 44.38255]]}}, {"type": "Feature", "properties": {"gabarit": "Poids lourd", "revetement": "Sol naturel", "debroussaillee": false, "longueur_m": 315.2}, "geometry": {"type": "LineString", "coordinates": [[-0.65805, 44.37984], [-0.65664, 44.38249]]}}, {"type": "Feature", "properties": {"gabarit": "Super poids lourd", "revetement": "Empierré", "debroussaillee": false, "longueur_m": 193.2}, "geometry": {"type": "LineString", "coordinates": [[-0.65742, 44.37994], [-0.65715, 44.38004], [-0.65621, 44.38017], [-0.65556, 44.38004], [-0.65516, 44.37985]]}}, {"type": "Feature", "properties": {"gabarit": "Poids lourd", "revetement": "Sol naturel", "debroussaillee": false, "longueur_m": 131.2}, "geometry": {"type": "LineString", "coordinates": [[-0.67366, 44.38532], [-0.67202, 44.38543]]}}, {"type": "Feature", "properties": {"gabarit": "Poids lourd", "revetement": "Sol naturel", "debroussaillee": false, "longueur_m": 82.5}, "geometry": {"type": "LineString", "coordinates": [[-0.6706, 44.38503], [-0.67107, 44.38569]]}}, {"type": "Feature", "properties": {"gabarit": "Poids lourd", "revetement": "Sol naturel", "debroussaillee": false, "longueur_m": 199.5}, "geometry": {"type": "LineString", "coordinates": [[-0.66717, 44.38206], [-0.66724, 44.3821], [-0.66722, 44.38221], [-0.66707, 44.38257], [-0.66688, 44.3838]]}}, {"type": "Feature", "properties": {"gabarit": "Poids lourd", "revetement": "Sol naturel", "debroussaillee": false, "longueur_m": 294.5}, "geometry": {"type": "LineString", "coordinates": [[-0.68677, 44.38519], [-0.68672, 44.38584], [-0.68681, 44.38613], [-0.68672, 44.38622], [-0.68654, 44.38627], [-0.68641, 44.38655], [-0.68655, 44.38675], [-0.68651, 44.38723], [-0.68681, 44.38733], [-0.68699, 44.38749]]}}, {"type": "Feature", "properties": {"gabarit": "Poids lourd", "revetement": "Sol naturel", "debroussaillee": false, "longueur_m": 254.6}, "geometry": {"type": "LineString", "coordinates": [[-0.6808, 44.38518], [-0.68083, 44.38444], [-0.68198, 44.38313]]}}, {"type": "Feature", "properties": {"gabarit": "Super poids lourd", "revetement": "Empierré", "debroussaillee": false, "longueur_m": 265.5}, "geometry": {"type": "LineString", "coordinates": [[-0.68355, 44.38186], [-0.68384, 44.38226], [-0.684, 44.38297], [-0.68446, 44.38298], [-0.68458, 44.38304], [-0.68459, 44.38342], [-0.68451, 44.38358], [-0.6846, 44.38377]]}}, {"type": "Feature", "properties": {"gabarit": "Poids lourd", "revetement": "Sol naturel", "debroussaillee": false, "longueur_m": 62.5}, "geometry": {"type": "LineString", "coordinates": [[-0.6808, 44.38518], [-0.68002, 44.38518]]}}, {"type": "Feature", "properties": {"gabarit": "Poids lourd", "revetement": "Sol naturel", "debroussaillee": false, "longueur_m": 331.4}, "geometry": {"type": "LineString", "coordinates": [[-0.68496, 44.38519], [-0.6808, 44.38518]]}}, {"type": "Feature", "properties": {"gabarit": "Poids lourd", "revetement": "Sol naturel", "debroussaillee": false, "longueur_m": 143.8}, "geometry": {"type": "LineString", "coordinates": [[-0.68677, 44.38519], [-0.68496, 44.38519]]}}, {"type": "Feature", "properties": {"gabarit": "Super poids lourd", "revetement": "Empierré", "debroussaillee": false, "longueur_m": 122.0}, "geometry": {"type": "LineString", "coordinates": [[-0.68348, 44.38176], [-0.68484, 44.38128]]}}, {"type": "Feature", "properties": {"gabarit": "Poids lourd", "revetement": "Sol naturel", "debroussaillee": false, "longueur_m": 213.2}, "geometry": {"type": "LineString", "coordinates": [[-0.68944, 44.38518], [-0.68677, 44.38519]]}}, {"type": "Feature", "properties": {"gabarit": "Poids lourd", "revetement": "Sol naturel", "debroussaillee": false, "longueur_m": 255.4}, "geometry": {"type": "LineString", "coordinates": [[-0.69265, 44.38518], [-0.68944, 44.38518]]}}, {"type": "Feature", "properties": {"gabarit": "Poids lourd", "revetement": "Sol naturel", "debroussaillee": false, "longueur_m": 229.1}, "geometry": {"type": "LineString", "coordinates": [[-0.69624, 44.38315], [-0.69611, 44.38357], [-0.69627, 44.38399], [-0.69615, 44.38472], [-0.69619, 44.38518]]}}, {"type": "Feature", "properties": {"gabarit": "Poids lourd", "revetement": "Sol naturel", "debroussaillee": false, "longueur_m": 347.5}, "geometry": {"type": "LineString", "coordinates": [[-0.7075, 44.3842], [-0.70709, 44.38233], [-0.70664, 44.38114]]}}, {"type": "Feature", "properties": {"gabarit": "Poids lourd", "revetement": "Sol naturel", "debroussaillee": false, "longueur_m": 155.7}, "geometry": {"type": "LineString", "coordinates": [[-0.70035, 44.38519], [-0.70229, 44.38528]]}}, {"type": "Feature", "properties": {"gabarit": "Poids lourd", "revetement": "Sol naturel", "debroussaillee": false, "longueur_m": 436.1}, "geometry": {"type": "LineString", "coordinates": [[-0.70605, 44.38417], [-0.70421, 44.38417], [-0.70408, 44.38407], [-0.70416, 44.38362], [-0.70408, 44.38354], [-0.70189, 44.38305], [-0.7016, 44.38294]]}}, {"type": "Feature", "properties": {"gabarit": "Poids lourd", "revetement": "Sol naturel", "debroussaillee": false, "longueur_m": 331.2}, "geometry": {"type": "LineString", "coordinates": [[-0.70035, 44.38519], [-0.69619, 44.38518]]}}, {"type": "Feature", "properties": {"gabarit": "Poids lourd", "revetement": "Sol naturel", "debroussaillee": false, "longueur_m": 117.1}, "geometry": {"type": "LineString", "coordinates": [[-0.7075, 44.3842], [-0.70734, 44.38414], [-0.70605, 44.38417]]}}, {"type": "Feature", "properties": {"gabarit": "Poids lourd", "revetement": "Sol naturel", "debroussaillee": false, "longueur_m": 140.6}, "geometry": {"type": "LineString", "coordinates": [[-0.70584, 44.3854], [-0.70599, 44.38471], [-0.70598, 44.38422], [-0.70605, 44.38417]]}}, {"type": "Feature", "properties": {"gabarit": "Super poids lourd", "revetement": "Empierré", "debroussaillee": true, "longueur_m": 1003.4}, "geometry": {"type": "LineString", "coordinates": [[-0.69822, 44.39409], [-0.70035, 44.38519]]}}, {"type": "Feature", "properties": {"gabarit": "Super poids lourd", "revetement": "Empierré", "debroussaillee": false, "longueur_m": 174.1}, "geometry": {"type": "LineString", "coordinates": [[-0.70646, 44.37959], [-0.70652, 44.3807], [-0.70664, 44.38114]]}}, {"type": "Feature", "properties": {"gabarit": "Super poids lourd", "revetement": "Empierré", "debroussaillee": false, "longueur_m": 302.2}, "geometry": {"type": "LineString", "coordinates": [[-0.70664, 44.38114], [-0.70846, 44.38222], [-0.7091, 44.38312]]}}, {"type": "Feature", "properties": {"gabarit": "Poids lourd", "revetement": "Sol naturel", "debroussaillee": false, "longueur_m": 453.9}, "geometry": {"type": "LineString", "coordinates": [[-0.71533, 44.38567], [-0.7142, 44.38276], [-0.7135, 44.38182]]}}, {"type": "Feature", "properties": {"gabarit": "Poids lourd", "revetement": "Sol naturel", "debroussaillee": false, "longueur_m": 159.9}, "geometry": {"type": "LineString", "coordinates": [[-0.72505, 44.38233], [-0.72309, 44.38265]]}}, {"type": "Feature", "properties": {"gabarit": "Super poids lourd", "revetement": "Empierré", "debroussaillee": true, "longueur_m": 758.1}, "geometry": {"type": "LineString", "coordinates": [[-0.72656, 44.38883], [-0.72716, 44.38693], [-0.7272, 44.38652], [-0.72505, 44.38233]]}}, {"type": "Feature", "properties": {"gabarit": "Super poids lourd", "revetement": "Empierré", "debroussaillee": true, "longueur_m": 426.7}, "geometry": {"type": "LineString", "coordinates": [[-0.72505, 44.38233], [-0.72331, 44.37989], [-0.72348, 44.3788]]}}, {"type": "Feature", "properties": {"gabarit": "Poids lourd", "revetement": "Sol naturel", "debroussaillee": false, "longueur_m": 132.7}, "geometry": {"type": "LineString", "coordinates": [[-0.73702, 44.38326], [-0.73774, 44.38358], [-0.73852, 44.38375]]}}, {"type": "Feature", "properties": {"gabarit": "Poids lourd", "revetement": "Sol naturel", "debroussaillee": true, "longueur_m": 52.3}, "geometry": {"type": "LineString", "coordinates": [[-0.73643, 44.38347], [-0.73702, 44.38326]]}}, {"type": "Feature", "properties": {"gabarit": "Poids lourd", "revetement": "Sol naturel", "debroussaillee": false, "longueur_m": 25.7}, "geometry": {"type": "LineString", "coordinates": [[-0.7293, 44.38174], [-0.72945, 44.38154]]}}, {"type": "Feature", "properties": {"gabarit": "Poids lourd", "revetement": "Sol naturel", "debroussaillee": false, "longueur_m": 161.3}, "geometry": {"type": "LineString", "coordinates": [[-0.72933, 44.38043], [-0.7294, 44.38046], [-0.7289, 44.38129], [-0.7292, 44.38137], [-0.72945, 44.38154]]}}, {"type": "Feature", "properties": {"gabarit": "Poids lourd", "revetement": "Sol naturel", "debroussaillee": true, "longueur_m": 264.7}, "geometry": {"type": "LineString", "coordinates": [[-0.73702, 44.38326], [-0.74002, 44.38223]]}}, {"type": "Feature", "properties": {"gabarit": "Super poids lourd", "revetement": "Empierré", "debroussaillee": false, "longueur_m": 102.2}, "geometry": {"type": "LineString", "coordinates": [[-0.75511, 44.38062], [-0.75413, 44.38069], [-0.75385, 44.38064]]}}, {"type": "Feature", "properties": {"gabarit": "Poids lourd", "revetement": "Sol naturel", "debroussaillee": true, "longueur_m": 388.9}, "geometry": {"type": "LineString", "coordinates": [[-0.7623, 44.38022], [-0.76237, 44.3799], [-0.76217, 44.37935], [-0.76217, 44.37899], [-0.762, 44.37819], [-0.76224, 44.37737], [-0.76193, 44.37682]]}}, {"type": "Feature", "properties": {"gabarit": "Poids lourd", "revetement": "Sol naturel", "debroussaillee": false, "longueur_m": 612.2}, "geometry": {"type": "LineString", "coordinates": [[-0.76001, 44.37635], [-0.75996, 44.3765], [-0.75986, 44.37652], [-0.7577, 44.3769], [-0.75708, 44.37683], [-0.75676, 44.37667], [-0.75644, 44.37663], [-0.75598, 44.37646], [-0.75522, 44.37639], [-0.75513, 44.37646], [-0.75499, 44.37706], [-0.75509, 44.37773], [-0.75494, 44.37789], [-0.75463, 44.37792]]}}, {"type": "Feature", "properties": {"gabarit": "Poids lourd", "revetement": "Sol naturel", "debroussaillee": false, "longueur_m": 97.4}, "geometry": {"type": "LineString", "coordinates": [[-0.76001, 44.37635], [-0.76021, 44.37642], [-0.76042, 44.37638], [-0.76116, 44.37645]]}}, {"type": "Feature", "properties": {"gabarit": "Poids lourd", "revetement": "Sol naturel", "debroussaillee": true, "longueur_m": 74.2}, "geometry": {"type": "LineString", "coordinates": [[-0.76193, 44.37682], [-0.76163, 44.37663], [-0.76116, 44.37645]]}}, {"type": "Feature", "properties": {"gabarit": "Poids lourd", "revetement": "Sol naturel", "debroussaillee": false, "longueur_m": 435.7}, "geometry": {"type": "LineString", "coordinates": [[-0.77005, 44.37866], [-0.76909, 44.37915], [-0.76869, 44.37952], [-0.76857, 44.38053], [-0.76878, 44.38128], [-0.76917, 44.38205]]}}, {"type": "Feature", "properties": {"gabarit": "Poids lourd", "revetement": "Sol naturel", "debroussaillee": false, "longueur_m": 46.4}, "geometry": {"type": "LineString", "coordinates": [[-0.77044, 44.37835], [-0.77005, 44.37866]]}}, {"type": "Feature", "properties": {"gabarit": "Poids lourd", "revetement": "Sol naturel", "debroussaillee": true, "longueur_m": 15.1}, "geometry": {"type": "LineString", "coordinates": [[-0.87198, 44.37703], [-0.87185, 44.37713]]}}, {"type": "Feature", "properties": {"gabarit": "Poids lourd", "revetement": "Sol naturel", "debroussaillee": true, "longueur_m": 266.8}, "geometry": {"type": "LineString", "coordinates": [[-0.78499, 44.38449], [-0.78469, 44.38559], [-0.7848, 44.38647], [-0.78457, 44.38684]]}}, {"type": "Feature", "properties": {"gabarit": "Poids lourd", "revetement": "Sol naturel", "debroussaillee": false, "longueur_m": 164.8}, "geometry": {"type": "LineString", "coordinates": [[-0.78362, 44.38349], [-0.78213, 44.38452]]}}, {"type": "Feature", "properties": {"gabarit": "Poids lourd", "revetement": "Sol naturel", "debroussaillee": false, "longueur_m": 179.3}, "geometry": {"type": "LineString", "coordinates": [[-0.78812, 44.37663], [-0.78819, 44.377], [-0.78863, 44.37739], [-0.78885, 44.37811]]}}, {"type": "Feature", "properties": {"gabarit": "Poids lourd", "revetement": "Sol naturel", "debroussaillee": false, "longueur_m": 148.9}, "geometry": {"type": "LineString", "coordinates": [[-0.78685, 44.37566], [-0.78761, 44.37613], [-0.78812, 44.37663]]}}, {"type": "Feature", "properties": {"gabarit": "Poids lourd", "revetement": "Sol naturel", "debroussaillee": false, "longueur_m": 14.9}, "geometry": {"type": "LineString", "coordinates": [[-0.78685, 44.37566], [-0.78698, 44.37556]]}}, {"type": "Feature", "properties": {"gabarit": "Poids lourd", "revetement": "Sol naturel", "debroussaillee": false, "longueur_m": 634.2}, "geometry": {"type": "LineString", "coordinates": [[-0.79276, 44.38337], [-0.792, 44.3822], [-0.79138, 44.38151], [-0.791, 44.38083], [-0.78943, 44.37906], [-0.789, 44.37837]]}}, {"type": "Feature", "properties": {"gabarit": "Poids lourd", "revetement": "Sol naturel", "debroussaillee": false, "longueur_m": 224.5}, "geometry": {"type": "LineString", "coordinates": [[-0.79007, 44.378], [-0.78976, 44.37751], [-0.78859, 44.37684], [-0.78812, 44.37663]]}}, {"type": "Feature", "properties": {"gabarit": "Super poids lourd", "revetement": "Empierré", "debroussaillee": true, "longueur_m": 94.4}, "geometry": {"type": "LineString", "coordinates": [[-0.789, 44.37837], [-0.79007, 44.378]]}}, {"type": "Feature", "properties": {"gabarit": "Super poids lourd", "revetement": "Empierré", "debroussaillee": false, "longueur_m": 523.8}, "geometry": {"type": "LineString", "coordinates": [[-0.80621, 44.38089], [-0.80533, 44.38098], [-0.80332, 44.38102], [-0.79965, 44.38099]]}}, {"type": "Feature", "properties": {"gabarit": "Poids lourd", "revetement": "Sol naturel", "debroussaillee": false, "longueur_m": 225.8}, "geometry": {"type": "LineString", "coordinates": [[-0.81218, 44.38055], [-0.81294, 44.38229], [-0.81309, 44.38245]]}}, {"type": "Feature", "properties": {"gabarit": "Poids lourd", "revetement": "Sol naturel", "debroussaillee": false, "longueur_m": 86.1}, "geometry": {"type": "LineString", "coordinates": [[-0.81114, 44.38068], [-0.81189, 44.38053], [-0.81218, 44.38055]]}}, {"type": "Feature", "properties": {"gabarit": "Poids lourd", "revetement": "Sol naturel", "debroussaillee": false, "longueur_m": 901.8}, "geometry": {"type": "LineString", "coordinates": [[-0.81218, 44.38055], [-0.82129, 44.37813], [-0.8227, 44.37798], [-0.82282, 44.37789]]}}, {"type": "Feature", "properties": {"gabarit": "Poids lourd", "revetement": "Sol naturel", "debroussaillee": false, "longueur_m": 1098.8}, "geometry": {"type": "LineString", "coordinates": [[-0.82594, 44.38112], [-0.83628, 44.37839], [-0.83845, 44.37794], [-0.83896, 44.37795]]}}, {"type": "Feature", "properties": {"gabarit": "Poids lourd", "revetement": "Sol naturel", "debroussaillee": false, "longueur_m": 16.5}, "geometry": {"type": "LineString", "coordinates": [[-0.85607, 44.38121], [-0.85621, 44.38128]]}}, {"type": "Feature", "properties": {"gabarit": "Poids lourd", "revetement": "Sol naturel", "debroussaillee": true, "longueur_m": 62.6}, "geometry": {"type": "LineString", "coordinates": [[-0.8563, 44.37653], [-0.85632, 44.37666], [-0.85614, 44.37707]]}}, {"type": "Feature", "properties": {"gabarit": "Poids lourd", "revetement": "Sol naturel", "debroussaillee": false, "longueur_m": 214.4}, "geometry": {"type": "LineString", "coordinates": [[-0.88058, 44.37646], [-0.88246, 44.37632], [-0.88294, 44.3764], [-0.88323, 44.37636]]}}, {"type": "Feature", "properties": {"gabarit": "Poids lourd", "revetement": "Sol naturel", "debroussaillee": true, "longueur_m": 586.2}, "geometry": {"type": "LineString", "coordinates": [[-0.88323, 44.37636], [-0.88531, 44.38142]]}}, {"type": "Feature", "properties": {"gabarit": "Poids lourd", "revetement": "Sol naturel", "debroussaillee": true, "longueur_m": 41.1}, "geometry": {"type": "LineString", "coordinates": [[-0.68916, 44.37499], [-0.68957, 44.37476]]}}, {"type": "Feature", "properties": {"gabarit": "Super poids lourd", "revetement": "Empierré", "debroussaillee": true, "longueur_m": 183.1}, "geometry": {"type": "LineString", "coordinates": [[-0.59174, 44.37941], [-0.59336, 44.38058]]}}, {"type": "Feature", "properties": {"gabarit": "Super poids lourd", "revetement": "Empierré", "debroussaillee": true, "longueur_m": 72.9}, "geometry": {"type": "LineString", "coordinates": [[-0.5911, 44.37895], [-0.59174, 44.37941]]}}, {"type": "Feature", "properties": {"gabarit": "Poids lourd", "revetement": "Sol naturel", "debroussaillee": false, "longueur_m": 41.9}, "geometry": {"type": "LineString", "coordinates": [[-0.5911, 44.37895], [-0.59105, 44.37857]]}}, {"type": "Feature", "properties": {"gabarit": "Poids lourd", "revetement": "Sol naturel", "debroussaillee": true, "longueur_m": 7.1}, "geometry": {"type": "LineString", "coordinates": [[-0.59958, 44.37852], [-0.5996, 44.37858]]}}, {"type": "Feature", "properties": {"gabarit": "Poids lourd", "revetement": "Sol naturel", "debroussaillee": false, "longueur_m": 312.0}, "geometry": {"type": "LineString", "coordinates": [[-0.59948, 44.37774], [-0.59575, 44.37691]]}}, {"type": "Feature", "properties": {"gabarit": "Super poids lourd", "revetement": "Empierré", "debroussaillee": true, "longueur_m": 87.2}, "geometry": {"type": "LineString", "coordinates": [[-0.59948, 44.37774], [-0.59946, 44.37797], [-0.59958, 44.37852]]}}, {"type": "Feature", "properties": {"gabarit": "Poids lourd", "revetement": "Sol naturel", "debroussaillee": true, "longueur_m": 793.7}, "geometry": {"type": "LineString", "coordinates": [[-0.60882, 44.37902], [-0.60541, 44.38573]]}}, {"type": "Feature", "properties": {"gabarit": "Poids lourd", "revetement": "Sol naturel", "debroussaillee": false, "longueur_m": 386.1}, "geometry": {"type": "LineString", "coordinates": [[-0.68706, 44.37279], [-0.68737, 44.37256], [-0.68858, 44.37206], [-0.68998, 44.37175], [-0.69141, 44.37134]]}}, {"type": "Feature", "properties": {"gabarit": "Super poids lourd", "revetement": "Empierré", "debroussaillee": true, "longueur_m": 311.2}, "geometry": {"type": "LineString", "coordinates": [[-0.62892, 44.37906], [-0.62805, 44.38018], [-0.62726, 44.38159]]}}, {"type": "Feature", "properties": {"gabarit": "Poids lourd", "revetement": "Sol naturel", "debroussaillee": false, "longueur_m": 242.2}, "geometry": {"type": "LineString", "coordinates": [[-0.62726, 44.38159], [-0.62692, 44.38155], [-0.62439, 44.38091]]}}, {"type": "Feature", "properties": {"gabarit": "Poids lourd", "revetement": "Sol naturel", "debroussaillee": true, "longueur_m": 159.9}, "geometry": {"type": "LineString", "coordinates": [[-0.63097, 44.37613], [-0.63002, 44.3774]]}}, {"type": "Feature", "properties": {"gabarit": "Poids lourd", "revetement": "Sol naturel", "debroussaillee": false, "longueur_m": 612.4}, "geometry": {"type": "LineString", "coordinates": [[-0.64496, 44.37701], [-0.64481, 44.37702], [-0.64227, 44.37645], [-0.64137, 44.37775], [-0.63853, 44.37771]]}}, {"type": "Feature", "properties": {"gabarit": "Poids lourd", "revetement": "Sol naturel", "debroussaillee": false, "longueur_m": 294.9}, "geometry": {"type": "LineString", "coordinates": [[-0.64496, 44.37701], [-0.64496, 44.37719], [-0.6445, 44.37815], [-0.64393, 44.37893], [-0.64338, 44.37934]]}}, {"type": "Feature", "properties": {"gabarit": "Super poids lourd", "revetement": "Empierré", "debroussaillee": true, "longueur_m": 132.0}, "geometry": {"type": "LineString", "coordinates": [[-0.63158, 44.37698], [-0.63002, 44.3774]]}}, {"type": "Feature", "properties": {"gabarit": "Poids lourd", "revetement": "Sol naturel", "debroussaillee": false, "longueur_m": 355.6}, "geometry": {"type": "LineString", "coordinates": [[-0.64017, 44.37473], [-0.63853, 44.37771]]}}, {"type": "Feature", "properties": {"gabarit": "Super poids lourd", "revetement": "Empierré", "debroussaillee": true, "longueur_m": 193.1}, "geometry": {"type": "LineString", "coordinates": [[-0.64017, 44.37473], [-0.63789, 44.37533]]}}, {"type": "Feature", "properties": {"gabarit": "Super poids lourd", "revetement": "Empierré", "debroussaillee": true, "longueur_m": 255.6}, "geometry": {"type": "LineString", "coordinates": [[-0.64319, 44.37397], [-0.64017, 44.37473]]}}, {"type": "Feature", "properties": {"gabarit": "Poids lourd", "revetement": "Sol naturel", "debroussaillee": false, "longueur_m": 59.4}, "geometry": {"type": "LineString", "coordinates": [[-0.64319, 44.37397], [-0.64252, 44.37374]]}}, {"type": "Feature", "properties": {"gabarit": "Poids lourd", "revetement": "Sol naturel", "debroussaillee": false, "longueur_m": 224.6}, "geometry": {"type": "LineString", "coordinates": [[-0.64703, 44.37574], [-0.64659, 44.37583], [-0.64621, 44.37599], [-0.64572, 44.37636], [-0.64528, 44.37659], [-0.64496, 44.37701]]}}, {"type": "Feature", "properties": {"gabarit": "Super poids lourd", "revetement": "Empierré", "debroussaillee": true, "longueur_m": 697.9}, "geometry": {"type": "LineString", "coordinates": [[-0.64703, 44.37574], [-0.64543, 44.38192]]}}, {"type": "Feature", "properties": {"gabarit": "Poids lourd", "revetement": "Sol naturel", "debroussaillee": false, "longueur_m": 265.1}, "geometry": {"type": "LineString", "coordinates": [[-0.64741, 44.3743], [-0.64701, 44.37438], [-0.64639, 44.37436], [-0.64596, 44.37422], [-0.64555, 44.37398], [-0.64516, 44.37398], [-0.6443, 44.37381]]}}, {"type": "Feature", "properties": {"gabarit": "Super poids lourd", "revetement": "Empierré", "debroussaillee": true, "longueur_m": 346.5}, "geometry": {"type": "LineString", "coordinates": [[-0.64716, 44.37525], [-0.64319, 44.37397]]}}, {"type": "Feature", "properties": {"gabarit": "Poids lourd", "revetement": "Sol naturel", "debroussaillee": false, "longueur_m": 148.5}, "geometry": {"type": "LineString", "coordinates": [[-0.661, 44.37718], [-0.66084, 44.37758], [-0.66078, 44.37814], [-0.66063, 44.37848]]}}, {"type": "Feature", "properties": {"gabarit": "Poids lourd", "revetement": "Sol naturel", "debroussaillee": false, "longueur_m": 93.0}, "geometry": {"type": "LineString", "coordinates": [[-0.66064, 44.37931], [-0.66063, 44.37848]]}}, {"type": "Feature", "properties": {"gabarit": "Poids lourd", "revetement": "Sol naturel", "debroussaillee": false, "longueur_m": 238.9}, "geometry": {"type": "LineString", "coordinates": [[-0.65399, 44.37527], [-0.65589, 44.37361]]}}, {"type": "Feature", "properties": {"gabarit": "Poids lourd", "revetement": "Sol naturel", "debroussaillee": false, "longueur_m": 76.7}, "geometry": {"type": "LineString", "coordinates": [[-0.66224, 44.37236], [-0.66183, 44.37221], [-0.66134, 44.37215]]}}, {"type": "Feature", "properties": {"gabarit": "Poids lourd", "revetement": "Sol naturel", "debroussaillee": false, "longueur_m": 9.2}, "geometry": {"type": "LineString", "coordinates": [[-0.66236, 44.37236], [-0.66224, 44.37236]]}}, {"type": "Feature", "properties": {"gabarit": "Poids lourd", "revetement": "Sol naturel", "debroussaillee": false, "longueur_m": 78.2}, "geometry": {"type": "LineString", "coordinates": [[-0.66331, 44.37231], [-0.66287, 44.37241], [-0.66236, 44.37236]]}}, {"type": "Feature", "properties": {"gabarit": "Super poids lourd", "revetement": "Empierré", "debroussaillee": true, "longueur_m": 100.0}, "geometry": {"type": "LineString", "coordinates": [[-0.67199, 44.37276], [-0.67073, 44.37279]]}}, {"type": "Feature", "properties": {"gabarit": "Super poids lourd", "revetement": "Empierré", "debroussaillee": true, "longueur_m": 123.6}, "geometry": {"type": "LineString", "coordinates": [[-0.6692, 44.37286], [-0.67073, 44.37279]]}}, {"type": "Feature", "properties": {"gabarit": "Poids lourd", "revetement": "Sol naturel", "debroussaillee": false, "longueur_m": 34.9}, "geometry": {"type": "LineString", "coordinates": [[-0.6692, 44.37286], [-0.66886, 44.37266]]}}, {"type": "Feature", "properties": {"gabarit": "Poids lourd", "revetement": "Sol naturel", "debroussaillee": false, "longueur_m": 160.7}, "geometry": {"type": "LineString", "coordinates": [[-0.67933, 44.37837], [-0.67909, 44.3798]]}}, {"type": "Feature", "properties": {"gabarit": "Super poids lourd", "revetement": "Empierré", "debroussaillee": true, "longueur_m": 44.2}, "geometry": {"type": "LineString", "coordinates": [[-0.68681, 44.37638], [-0.68703, 44.37602]]}}, {"type": "Feature", "properties": {"gabarit": "Poids lourd", "revetement": "Sol naturel", "debroussaillee": false, "longueur_m": 315.5}, "geometry": {"type": "LineString", "coordinates": [[-0.67315, 44.37324], [-0.67489, 44.37385], [-0.67687, 44.37408]]}}, {"type": "Feature", "properties": {"gabarit": "Poids lourd", "revetement": "Sol naturel", "debroussaillee": false, "longueur_m": 162.1}, "geometry": {"type": "LineString", "coordinates": [[-0.68712, 44.37133], [-0.68719, 44.37178], [-0.68706, 44.37279]]}}, {"type": "Feature", "properties": {"gabarit": "Poids lourd", "revetement": "Sol naturel", "debroussaillee": false, "longueur_m": 259.9}, "geometry": {"type": "LineString", "coordinates": [[-0.70954, 44.37825], [-0.70962, 44.37843], [-0.71042, 44.3792], [-0.71139, 44.37958], [-0.71172, 44.37974], [-0.71181, 44.37983]]}}, {"type": "Feature", "properties": {"gabarit": "Super poids lourd", "revetement": "Empierré", "debroussaillee": true, "longueur_m": 233.7}, "geometry": {"type": "LineString", "coordinates": [[-0.72353, 44.37857], [-0.724, 44.37649]]}}, {"type": "Feature", "properties": {"gabarit": "Poids lourd", "revetement": "Sol naturel", "debroussaillee": false, "longueur_m": 70.5}, "geometry": {"type": "LineString", "coordinates": [[-0.71871, 44.37772], [-0.71855, 44.37709]]}}, {"type": "Feature", "properties": {"gabarit": "Poids lourd", "revetement": "Sol naturel", "debroussaillee": false, "longueur_m": 200.7}, "geometry": {"type": "LineString", "coordinates": [[-0.71812, 44.37268], [-0.71783, 44.37251], [-0.71778, 44.37235], [-0.71814, 44.37147], [-0.71807, 44.37102]]}}, {"type": "Feature", "properties": {"gabarit": "Super poids lourd", "revetement": "Empierré", "debroussaillee": false, "longueur_m": 119.6}, "geometry": {"type": "LineString", "coordinates": [[-0.71861, 44.37365], [-0.71849, 44.37302], [-0.71812, 44.37268]]}}, {"type": "Feature", "properties": {"gabarit": "Poids lourd", "revetement": "Sol naturel", "debroussaillee": false, "longueur_m": 46.9}, "geometry": {"type": "LineString", "coordinates": [[-0.73192, 44.37102], [-0.73193, 44.37144]]}}, {"type": "Feature", "properties": {"gabarit": "Super poids lourd", "revetement": "Empierré", "debroussaillee": false, "longueur_m": 84.3}, "geometry": {"type": "LineString", "coordinates": [[-0.73296, 44.37087], [-0.73334, 44.37017]]}}, {"type": "Feature", "properties": {"gabarit": "Poids lourd", "revetement": "Sol naturel", "debroussaillee": false, "longueur_m": 100.7}, "geometry": {"type": "LineString", "coordinates": [[-0.73199, 44.37235], [-0.73193, 44.37144]]}}, {"type": "Feature", "properties": {"gabarit": "Poids lourd", "revetement": "Sol naturel", "debroussaillee": false, "longueur_m": 249.7}, "geometry": {"type": "LineString", "coordinates": [[-0.74029, 44.37699], [-0.74094, 44.37479]]}}, {"type": "Feature", "properties": {"gabarit": "Poids lourd", "revetement": "Sol naturel", "debroussaillee": false, "longueur_m": 97.0}, "geometry": {"type": "LineString", "coordinates": [[-0.73733, 44.37624], [-0.73769, 44.37632], [-0.73837, 44.37668]]}}, {"type": "Feature", "properties": {"gabarit": "Super poids lourd", "revetement": "Empierré", "debroussaillee": false, "longueur_m": 98.6}, "geometry": {"type": "LineString", "coordinates": [[-0.74041, 44.37317], [-0.7406, 44.3723]]}}, {"type": "Feature", "properties": {"gabarit": "Super poids lourd", "revetement": "Empierré", "debroussaillee": true, "longueur_m": 140.5}, "geometry": {"type": "LineString", "coordinates": [[-0.74901, 44.37744], [-0.75005, 44.37642]]}}, {"type": "Feature", "properties": {"gabarit": "Poids lourd", "revetement": "Sol naturel", "debroussaillee": true, "longueur_m": 78.5}, "geometry": {"type": "LineString", "coordinates": [[-0.7529, 44.37323], [-0.75248, 44.37317], [-0.75198, 44.37299]]}}, {"type": "Feature", "properties": {"gabarit": "Poids lourd", "revetement": "Sol naturel", "debroussaillee": true, "longueur_m": 364.3}, "geometry": {"type": "LineString", "coordinates": [[-0.75576, 44.36971], [-0.75499, 44.36965], [-0.75421, 44.36971], [-0.75365, 44.36963], [-0.75314, 44.36977], [-0.7513, 44.37004]]}}, {"type": "Feature", "properties": {"gabarit": "Poids lourd", "revetement": "Sol naturel", "debroussaillee": false, "longueur_m": 156.3}, "geometry": {"type": "LineString", "coordinates": [[-0.7513, 44.37004], [-0.75245, 44.37037], [-0.75304, 44.37037], [-0.75314, 44.37041]]}}, {"type": "Feature", "properties": {"gabarit": "Super poids lourd", "revetement": "Empierré", "debroussaillee": false, "longueur_m": 610.0}, "geometry": {"type": "LineString", "coordinates": [[-0.75283, 44.37463], [-0.75529, 44.37508], [-0.75652, 44.37541], [-0.75714, 44.37571], [-0.75879, 44.37621], [-0.75962, 44.37637], [-0.76001, 44.37635]]}}, {"type": "Feature", "properties": {"gabarit": "Poids lourd", "revetement": "Sol naturel", "debroussaillee": true, "longueur_m": 665.2}, "geometry": {"type": "LineString", "coordinates": [[-0.7602, 44.37581], [-0.75911, 44.37514], [-0.75871, 44.37499], [-0.75776, 44.37441], [-0.75674, 44.37409], [-0.75586, 44.37369], [-0.75532, 44.37352], [-0.7529, 44.37323]]}}, {"type": "Feature", "properties": {"gabarit": "Super poids lourd", "revetement": "Empierré", "debroussaillee": false, "longueur_m": 61.8}, "geometry": {"type": "LineString", "coordinates": [[-0.7602, 44.37581], [-0.76001, 44.37635]]}}, {"type": "Feature", "properties": {"gabarit": "Poids lourd", "revetement": "Sol naturel", "debroussaillee": true, "longueur_m": 104.5}, "geometry": {"type": "LineString", "coordinates": [[-0.76116, 44.37645], [-0.7602, 44.37581]]}}, {"type": "Feature", "properties": {"gabarit": "Poids lourd", "revetement": "Sol naturel", "debroussaillee": false, "longueur_m": 548.6}, "geometry": {"type": "LineString", "coordinates": [[-0.77044, 44.37835], [-0.77112, 44.37777], [-0.77189, 44.37637], [-0.7723, 44.37589], [-0.77266, 44.37559], [-0.77316, 44.37466], [-0.77377, 44.3741]]}}, {"type": "Feature", "properties": {"gabarit": "Poids lourd", "revetement": "Sol naturel", "debroussaillee": false, "longueur_m": 544.2}, "geometry": {"type": "LineString", "coordinates": [[-0.7781, 44.37045], [-0.77759, 44.37127], [-0.7769, 44.37212], [-0.77638, 44.37244], [-0.7756, 44.3731], [-0.77377, 44.3741]]}}, {"type": "Feature", "properties": {"gabarit": "Poids lourd", "revetement": "Sol naturel", "debroussaillee": false, "longueur_m": 338.2}, "geometry": {"type": "LineString", "coordinates": [[-0.77393, 44.37315], [-0.77405, 44.37272], [-0.77396, 44.37196], [-0.77445, 44.37074], [-0.77454, 44.37018]]}}, {"type": "Feature", "properties": {"gabarit": "Poids lourd", "revetement": "Sol naturel", "debroussaillee": false, "longueur_m": 84.6}, "geometry": {"type": "LineString", "coordinates": [[-0.77018, 44.37206], [-0.77025, 44.37281]]}}, {"type": "Feature", "properties": {"gabarit": "Poids lourd", "revetement": "Sol naturel", "debroussaillee": false, "longueur_m": 57.5}, "geometry": {"type": "LineString", "coordinates": [[-0.76603, 44.37242], [-0.76596, 44.37266], [-0.7661, 44.3729]]}}, {"type": "Feature", "properties": {"gabarit": "Super poids lourd", "revetement": "Empierré", "debroussaillee": false, "longueur_m": 157.7}, "geometry": {"type": "LineString", "coordinates": [[-0.77622, 44.36917], [-0.77671, 44.36923], [-0.77765, 44.36916], [-0.77803, 44.3689]]}}, {"type": "Feature", "properties": {"gabarit": "Poids lourd", "revetement": "Sol naturel", "debroussaillee": false, "longueur_m": 65.8}, "geometry": {"type": "LineString", "coordinates": [[-0.77543, 44.36918], [-0.77556, 44.36912], [-0.77622, 44.36917]]}}, {"type": "Feature", "properties": {"gabarit": "Poids lourd", "revetement": "Sol naturel", "debroussaillee": false, "longueur_m": 116.2}, "geometry": {"type": "LineString", "coordinates": [[-0.77741, 44.3686], [-0.77665, 44.36906], [-0.77622, 44.36917]]}}, {"type": "Feature", "properties": {"gabarit": "Poids lourd", "revetement": "Sol naturel", "debroussaillee": false, "longueur_m": 56.9}, "geometry": {"type": "LineString", "coordinates": [[-0.77741, 44.3686], [-0.77676, 44.36841]]}}, {"type": "Feature", "properties": {"gabarit": "Poids lourd", "revetement": "Sol naturel", "debroussaillee": false, "longueur_m": 28.9}, "geometry": {"type": "LineString", "coordinates": [[-0.76891, 44.36973], [-0.76915, 44.36953]]}}, {"type": "Feature", "properties": {"gabarit": "Poids lourd", "revetement": "Sol naturel", "debroussaillee": false, "longueur_m": 359.1}, "geometry": {"type": "LineString", "coordinates": [[-0.77454, 44.37018], [-0.77381, 44.37009], [-0.77274, 44.37007], [-0.77165, 44.36987], [-0.77073, 44.36984], [-0.77012, 44.36972]]}}, {"type": "Feature", "properties": {"gabarit": "Poids lourd", "revetement": "Sol naturel", "debroussaillee": false, "longueur_m": 19.1}, "geometry": {"type": "LineString", "coordinates": [[-0.76915, 44.36953], [-0.76892, 44.36949]]}}, {"type": "Feature", "properties": {"gabarit": "Poids lourd", "revetement": "Sol naturel", "debroussaillee": false, "longueur_m": 53.6}, "geometry": {"type": "LineString", "coordinates": [[-0.76892, 44.36949], [-0.76834, 44.36924]]}}, {"type": "Feature", "properties": {"gabarit": "Poids lourd", "revetement": "Sol naturel", "debroussaillee": false, "longueur_m": 1688.1}, "geometry": {"type": "LineString", "coordinates": [[-0.78435, 44.37464], [-0.78318, 44.37602], [-0.78239, 44.37677], [-0.78202, 44.37743], [-0.78106, 44.37855], [-0.78038, 44.3797], [-0.78041, 44.37987], [-0.78016, 44.38071], [-0.78022, 44.38099], [-0.77962, 44.38198], [-0.77937, 44.38219], [-0.7788, 44.38238], [-0.77804, 44.38293], [-0.77749, 44.38303], [-0.7768, 44.38303], [-0.7764, 44.38318], [-0.77597, 44.38356], [-0.77545, 44.38431], [-0.77484, 44.38485], [-0.77471, 44.38539], [-0.77499, 44.38661], [-0.77483, 44.38698]]}}, {"type": "Feature", "properties": {"gabarit": "Poids lourd", "revetement": "Sol naturel", "debroussaillee": false, "longueur_m": 390.3}, "geometry": {"type": "LineString", "coordinates": [[-0.77552, 44.37695], [-0.77493, 44.37735], [-0.77459, 44.37777], [-0.77345, 44.37847], [-0.77251, 44.37965]]}}, {"type": "Feature", "properties": {"gabarit": "Poids lourd", "revetement": "Sol naturel", "debroussaillee": false, "longueur_m": 53.2}, "geometry": {"type": "LineString", "coordinates": [[-0.78962, 44.37052], [-0.78969, 44.37014], [-0.78962, 44.37008]]}}, {"type": "Feature", "properties": {"gabarit": "Poids lourd", "revetement": "Sol naturel", "debroussaillee": false, "longueur_m": 30.7}, "geometry": {"type": "LineString", "coordinates": [[-0.78962, 44.37052], [-0.78957, 44.3708]]}}, {"type": "Feature", "properties": {"gabarit": "Poids lourd", "revetement": "Sol naturel", "debroussaillee": false, "longueur_m": 250.7}, "geometry": {"type": "LineString", "coordinates": [[-0.80627, 44.37204], [-0.80767, 44.37169], [-0.80933, 44.37162]]}}, {"type": "Feature", "properties": {"gabarit": "Poids lourd", "revetement": "Sol naturel", "debroussaillee": false, "longueur_m": 14.8}, "geometry": {"type": "LineString", "coordinates": [[-0.80526, 44.3701], [-0.8051, 44.37017]]}}, {"type": "Feature", "properties": {"gabarit": "Super poids lourd", "revetement": "Empierré", "debroussaillee": false, "longueur_m": 141.5}, "geometry": {"type": "LineString", "coordinates": [[-0.80627, 44.37204], [-0.80594, 44.37113], [-0.8057, 44.37086]]}}, {"type": "Feature", "properties": {"gabarit": "Poids lourd", "revetement": "Sol naturel", "debroussaillee": false, "longueur_m": 327.4}, "geometry": {"type": "LineString", "coordinates": [[-0.80933, 44.37162], [-0.80893, 44.36907], [-0.80855, 44.36883]]}}, {"type": "Feature", "properties": {"gabarit": "Poids lourd", "revetement": "Sol naturel", "debroussaillee": false, "longueur_m": 123.1}, "geometry": {"type": "LineString", "coordinates": [[-0.79961, 44.36911], [-0.80111, 44.36885]]}}, {"type": "Feature", "properties": {"gabarit": "Super poids lourd", "revetement": "Empierré", "debroussaillee": false, "longueur_m": 54.7}, "geometry": {"type": "LineString", "coordinates": [[-0.79896, 44.36926], [-0.79961, 44.36911]]}}, {"type": "Feature", "properties": {"gabarit": "Super poids lourd", "revetement": "Empierré", "debroussaillee": false, "longueur_m": 5.6}, "geometry": {"type": "LineString", "coordinates": [[-0.80509, 44.37012], [-0.8051, 44.37017]]}}, {"type": "Feature", "properties": {"gabarit": "Poids lourd", "revetement": "Sol naturel", "debroussaillee": false, "longueur_m": 620.7}, "geometry": {"type": "LineString", "coordinates": [[-0.81477, 44.37031], [-0.81512, 44.37016], [-0.81526, 44.3699], [-0.81539, 44.36982], [-0.81741, 44.369], [-0.82106, 44.36797], [-0.82162, 44.36787]]}}, {"type": "Feature", "properties": {"gabarit": "Poids lourd", "revetement": "Sol naturel", "debroussaillee": false, "longueur_m": 396.2}, "geometry": {"type": "LineString", "coordinates": [[-0.81022, 44.37513], [-0.80947, 44.37255], [-0.80933, 44.37162]]}}, {"type": "Feature", "properties": {"gabarit": "Super poids lourd", "revetement": "Empierré", "debroussaillee": false, "longueur_m": 108.7}, "geometry": {"type": "LineString", "coordinates": [[-0.84464, 44.36887], [-0.84593, 44.36855]]}}, {"type": "Feature", "properties": {"gabarit": "Poids lourd", "revetement": "Sol naturel", "debroussaillee": false, "longueur_m": 834.9}, "geometry": {"type": "LineString", "coordinates": [[-0.85587, 44.36724], [-0.8572, 44.37188], [-0.85789, 44.37461]]}}, {"type": "Feature", "properties": {"gabarit": "Poids lourd", "revetement": "Sol naturel", "debroussaillee": false, "longueur_m": 150.8}, "geometry": {"type": "LineString", "coordinates": [[-0.85587, 44.36724], [-0.85424, 44.36728], [-0.85399, 44.36725]]}}, {"type": "Feature", "properties": {"gabarit": "Poids lourd", "revetement": "Sol naturel", "debroussaillee": true, "longueur_m": 831.3}, "geometry": {"type": "LineString", "coordinates": [[-0.86629, 44.36701], [-0.85587, 44.36724]]}}, {"type": "Feature", "properties": {"gabarit": "Poids lourd", "revetement": "Sol naturel", "debroussaillee": true, "longueur_m": 1203.1}, "geometry": {"type": "LineString", "coordinates": [[-0.86629, 44.36701], [-0.87197, 44.37687], [-0.87198, 44.37703]]}}, {"type": "Feature", "properties": {"gabarit": "Poids lourd", "revetement": "Sol naturel", "debroussaillee": true, "longueur_m": 1023.3}, "geometry": {"type": "LineString", "coordinates": [[-0.87912, 44.36672], [-0.86629, 44.36701]]}}, {"type": "Feature", "properties": {"gabarit": "Poids lourd", "revetement": "Sol naturel", "debroussaillee": true, "longueur_m": 269.2}, "geometry": {"type": "LineString", "coordinates": [[-0.88011, 44.36904], [-0.87912, 44.36672]]}}, {"type": "Feature", "properties": {"gabarit": "Poids lourd", "revetement": "Sol naturel", "debroussaillee": true, "longueur_m": 850.0}, "geometry": {"type": "LineString", "coordinates": [[-0.88011, 44.36904], [-0.88323, 44.37636]]}}, {"type": "Feature", "properties": {"gabarit": "Poids lourd", "revetement": "Sol naturel", "debroussaillee": true, "longueur_m": 420.2}, "geometry": {"type": "LineString", "coordinates": [[-0.57862, 44.37075], [-0.57874, 44.37095], [-0.58276, 44.37305]]}}, {"type": "Feature", "properties": {"gabarit": "Poids lourd", "revetement": "Sol naturel", "debroussaillee": false, "longueur_m": 270.2}, "geometry": {"type": "LineString", "coordinates": [[-0.58501, 44.37245], [-0.58466, 44.37242], [-0.58324, 44.37204], [-0.58289, 44.37295], [-0.58276, 44.37305]]}}, {"type": "Feature", "properties": {"gabarit": "Poids lourd", "revetement": "Sol naturel", "debroussaillee": true, "longueur_m": 934.3}, "geometry": {"type": "LineString", "coordinates": [[-0.58276, 44.37305], [-0.58404, 44.37377], [-0.5911, 44.37895]]}}, {"type": "Feature", "properties": {"gabarit": "Poids lourd", "revetement": "Sol naturel", "debroussaillee": false, "longueur_m": 201.0}, "geometry": {"type": "LineString", "coordinates": [[-0.58351, 44.36831], [-0.58544, 44.36947]]}}, {"type": "Feature", "properties": {"gabarit": "Poids lourd", "revetement": "Sol naturel", "debroussaillee": true, "longueur_m": 1270.4}, "geometry": {"type": "LineString", "coordinates": [[-0.6126, 44.36563], [-0.61258, 44.36594], [-0.6124, 44.36626], [-0.60915, 44.3696], [-0.60883, 44.37027], [-0.60819, 44.37069], [-0.60812, 44.37081], [-0.6084, 44.37604]]}}, {"type": "Feature", "properties": {"gabarit": "Poids lourd", "revetement": "Sol naturel", "debroussaillee": false, "longueur_m": 232.5}, "geometry": {"type": "LineString", "coordinates": [[-0.62668, 44.3693], [-0.62665, 44.37138]]}}, {"type": "Feature", "properties": {"gabarit": "Poids lourd", "revetement": "Sol naturel", "debroussaillee": false, "longueur_m": 203.7}, "geometry": {"type": "LineString", "coordinates": [[-0.63444, 44.36874], [-0.63412, 44.36971], [-0.63413, 44.36996], [-0.63435, 44.37052]]}}, {"type": "Feature", "properties": {"gabarit": "Poids lourd", "revetement": "Sol naturel", "debroussaillee": true, "longueur_m": 106.1}, "geometry": {"type": "LineString", "coordinates": [[-0.63337, 44.37248], [-0.63335, 44.37193], [-0.63286, 44.37174]]}}, {"type": "Feature", "properties": {"gabarit": "Poids lourd", "revetement": "Sol naturel", "debroussaillee": true, "longueur_m": 51.6}, "geometry": {"type": "LineString", "coordinates": [[-0.63418, 44.36832], [-0.63444, 44.36874]]}}, {"type": "Feature", "properties": {"gabarit": "Poids lourd", "revetement": "Sol naturel", "debroussaillee": true, "longueur_m": 140.8}, "geometry": {"type": "LineString", "coordinates": [[-0.63351, 44.36715], [-0.63418, 44.36832]]}}, {"type": "Feature", "properties": {"gabarit": "Poids lourd", "revetement": "Sol naturel", "debroussaillee": false, "longueur_m": 117.3}, "geometry": {"type": "LineString", "coordinates": [[-0.63435, 44.37052], [-0.63468, 44.37061], [-0.6348, 44.37072], [-0.6351, 44.37135]]}}, {"type": "Feature", "properties": {"gabarit": "Super poids lourd", "revetement": "Empierré", "debroussaillee": false, "longueur_m": 159.1}, "geometry": {"type": "LineString", "coordinates": [[-0.63597, 44.36652], [-0.63553, 44.36754], [-0.63539, 44.36771], [-0.6352, 44.3678]]}}, {"type": "Feature", "properties": {"gabarit": "Poids lourd", "revetement": "Sol naturel", "debroussaillee": true, "longueur_m": 110.4}, "geometry": {"type": "LineString", "coordinates": [[-0.64912, 44.37169], [-0.64992, 44.37168], [-0.64997, 44.37127]]}}, {"type": "Feature", "properties": {"gabarit": "Poids lourd", "revetement": "Sol naturel", "debroussaillee": false, "longueur_m": 543.4}, "geometry": {"type": "LineString", "coordinates": [[-0.66236, 44.37236], [-0.66473, 44.36778]]}}, {"type": "Feature", "properties": {"gabarit": "Poids lourd", "revetement": "Sol naturel", "debroussaillee": false, "longueur_m": 95.6}, "geometry": {"type": "LineString", "coordinates": [[-0.66363, 44.36746], [-0.66439, 44.36763], [-0.66473, 44.36778]]}}, {"type": "Feature", "properties": {"gabarit": "Poids lourd", "revetement": "Sol naturel", "debroussaillee": true, "longueur_m": 412.5}, "geometry": {"type": "LineString", "coordinates": [[-0.66016, 44.36514], [-0.66051, 44.36531], [-0.66095, 44.36544], [-0.6615, 44.36578], [-0.66183, 44.36588], [-0.66213, 44.36624], [-0.66238, 44.36709], [-0.66264, 44.36722], [-0.66299, 44.36725], [-0.66363, 44.36746]]}}, {"type": "Feature", "properties": {"gabarit": "Poids lourd", "revetement": "Sol naturel", "debroussaillee": true, "longueur_m": 27.6}, "geometry": {"type": "LineString", "coordinates": [[-0.66016, 44.36514], [-0.65985, 44.36503]]}}, {"type": "Feature", "properties": {"gabarit": "Poids lourd", "revetement": "Sol naturel", "debroussaillee": false, "longueur_m": 647.4}, "geometry": {"type": "LineString", "coordinates": [[-0.66473, 44.36778], [-0.66502, 44.36795], [-0.66552, 44.36841], [-0.66578, 44.3693], [-0.66626, 44.36982], [-0.66647, 44.37028], [-0.66753, 44.37135], [-0.66813, 44.37182], [-0.66858, 44.37241], [-0.66886, 44.37266]]}}, {"type": "Feature", "properties": {"gabarit": "Poids lourd", "revetement": "Sol naturel", "debroussaillee": false, "longueur_m": 432.3}, "geometry": {"type": "LineString", "coordinates": [[-0.66473, 44.36778], [-0.66663, 44.36414]]}}, {"type": "Feature", "properties": {"gabarit": "Super poids lourd", "revetement": "Empierré", "debroussaillee": true, "longueur_m": 42.4}, "geometry": {"type": "LineString", "coordinates": [[-0.66755, 44.36422], [-0.668, 44.36442]]}}, {"type": "Feature", "properties": {"gabarit": "Poids lourd", "revetement": "Sol naturel", "debroussaillee": false, "longueur_m": 75.0}, "geometry": {"type": "LineString", "coordinates": [[-0.66663, 44.36414], [-0.66755, 44.36422]]}}, {"type": "Feature", "properties": {"gabarit": "Poids lourd", "revetement": "Sol naturel", "debroussaillee": true, "longueur_m": 689.9}, "geometry": {"type": "LineString", "coordinates": [[-0.68079, 44.36628], [-0.68051, 44.36646], [-0.68039, 44.36679], [-0.67917, 44.36761], [-0.67866, 44.36808], [-0.67789, 44.36852], [-0.67732, 44.36906], [-0.67663, 44.36954], [-0.67604, 44.37038], [-0.6753, 44.37095]]}}, {"type": "Feature", "properties": {"gabarit": "Poids lourd", "revetement": "Sol naturel", "debroussaillee": true, "longueur_m": 209.3}, "geometry": {"type": "LineString", "coordinates": [[-0.68173, 44.36456], [-0.68128, 44.36585], [-0.68079, 44.36628]]}}, {"type": "Feature", "properties": {"gabarit": "Poids lourd", "revetement": "Sol naturel", "debroussaillee": false, "longueur_m": 362.6}, "geometry": {"type": "LineString", "coordinates": [[-0.67745, 44.37101], [-0.68199, 44.37116]]}}, {"type": "Feature", "properties": {"gabarit": "Super poids lourd", "revetement": "Empierré", "debroussaillee": true, "longueur_m": 25.6}, "geometry": {"type": "LineString", "coordinates": [[-0.69602, 44.36676], [-0.69571, 44.36672]]}}, {"type": "Feature", "properties": {"gabarit": "Poids lourd", "revetement": "Sol naturel", "debroussaillee": false, "longueur_m": 24.8}, "geometry": {"type": "LineString", "coordinates": [[-0.6908, 44.36655], [-0.69051, 44.36662]]}}, {"type": "Feature", "properties": {"gabarit": "Poids lourd", "revetement": "Sol naturel", "debroussaillee": false, "longueur_m": 859.9}, "geometry": {"type": "LineString", "coordinates": [[-0.68079, 44.36628], [-0.68094, 44.36638], [-0.68161, 44.36661], [-0.6843, 44.36747], [-0.68465, 44.36766], [-0.68597, 44.36869], [-0.68636, 44.36886], [-0.68706, 44.369], [-0.68719, 44.36927], [-0.68728, 44.36976], [-0.68703, 44.37078], [-0.68712, 44.37133]]}}, {"type": "Feature", "properties": {"gabarit": "Poids lourd", "revetement": "Sol naturel", "debroussaillee": true, "longueur_m": 141.8}, "geometry": {"type": "LineString", "coordinates": [[-0.70509, 44.36737], [-0.70521, 44.36749], [-0.70588, 44.36779], [-0.70607, 44.36796], [-0.70646, 44.36816]]}}, {"type": "Feature", "properties": {"gabarit": "Poids lourd", "revetement": "Sol naturel", "debroussaillee": false, "longueur_m": 88.4}, "geometry": {"type": "LineString", "coordinates": [[-0.70511, 44.36658], [-0.70509, 44.36737]]}}, {"type": "Feature", "properties": {"gabarit": "Poids lourd", "revetement": "Sol naturel", "debroussaillee": true, "longueur_m": 26.0}, "geometry": {"type": "LineString", "coordinates": [[-0.70189, 44.37216], [-0.70189, 44.37229], [-0.70198, 44.37236]]}}, {"type": "Feature", "properties": {"gabarit": "Poids lourd", "revetement": "Sol naturel", "debroussaillee": true, "longueur_m": 86.9}, "geometry": {"type": "LineString", "coordinates": [[-0.70509, 44.36737], [-0.70472, 44.36744], [-0.70402, 44.36745]]}}, {"type": "Feature", "properties": {"gabarit": "Poids lourd", "revetement": "Sol naturel", "debroussaillee": true, "longueur_m": 354.9}, "geometry": {"type": "LineString", "coordinates": [[-0.70692, 44.36842], [-0.70976, 44.36895], [-0.71029, 44.36912], [-0.71122, 44.36922]]}}, {"type": "Feature", "properties": {"gabarit": "Poids lourd", "revetement": "Sol naturel", "debroussaillee": false, "longueur_m": 421.6}, "geometry": {"type": "LineString", "coordinates": [[-0.72884, 44.36343], [-0.72646, 44.36337], [-0.72535, 44.36356], [-0.72363, 44.36376]]}}, {"type": "Feature", "properties": {"gabarit": "Poids lourd", "revetement": "Sol naturel", "debroussaillee": false, "longueur_m": 330.4}, "geometry": {"type": "LineString", "coordinates": [[-0.74162, 44.36575], [-0.74165, 44.36602], [-0.74195, 44.36648], [-0.74195, 44.36679], [-0.74248, 44.36699], [-0.74296, 44.36738], [-0.74328, 44.36773], [-0.74343, 44.36823]]}}, {"type": "Feature", "properties": {"gabarit": "Super poids lourd", "revetement": "Empierré", "debroussaillee": false, "longueur_m": 34.4}, "geometry": {"type": "LineString", "coordinates": [[-0.74195, 44.36556], [-0.74162, 44.36575]]}}, {"type": "Feature", "properties": {"gabarit": "Poids lourd", "revetement": "Sol naturel", "debroussaillee": true, "longueur_m": 18.3}, "geometry": {"type": "LineString", "coordinates": [[-0.7419, 44.36541], [-0.74195, 44.36556]]}}, {"type": "Feature", "properties": {"gabarit": "Super poids lourd", "revetement": "Empierré", "debroussaillee": false, "longueur_m": 26.3}, "geometry": {"type": "LineString", "coordinates": [[-0.74224, 44.36546], [-0.74195, 44.36556]]}}, {"type": "Feature", "properties": {"gabarit": "Super poids lourd", "revetement": "Empierré", "debroussaillee": false, "longueur_m": 113.4}, "geometry": {"type": "LineString", "coordinates": [[-0.74332, 44.36482], [-0.74256, 44.36538], [-0.74224, 44.36546]]}}, {"type": "Feature", "properties": {"gabarit": "Poids lourd", "revetement": "Sol naturel", "debroussaillee": true, "longueur_m": 18.6}, "geometry": {"type": "LineString", "coordinates": [[-0.74651, 44.36949], [-0.74629, 44.36944]]}}, {"type": "Feature", "properties": {"gabarit": "Poids lourd", "revetement": "Sol naturel", "debroussaillee": false, "longueur_m": 165.8}, "geometry": {"type": "LineString", "coordinates": [[-0.76676, 44.36838], [-0.7674, 44.36901], [-0.76834, 44.36924]]}}, {"type": "Feature", "properties": {"gabarit": "Poids lourd", "revetement": "Sol naturel", "debroussaillee": false, "longueur_m": 283.4}, "geometry": {"type": "LineString", "coordinates": [[-0.76164, 44.36485], [-0.76102, 44.36538], [-0.76045, 44.3657], [-0.75922, 44.3667]]}}, {"type": "Feature", "properties": {"gabarit": "Poids lourd", "revetement": "Sol naturel", "debroussaillee": false, "longueur_m": 143.7}, "geometry": {"type": "LineString", "coordinates": [[-0.76164, 44.36485], [-0.76116, 44.3649], [-0.76039, 44.36487], [-0.75987, 44.36496]]}}, {"type": "Feature", "properties": {"gabarit": "Poids lourd", "revetement": "Sol naturel", "debroussaillee": false, "longueur_m": 131.8}, "geometry": {"type": "LineString", "coordinates": [[-0.7652, 44.36721], [-0.76436, 44.36655], [-0.76415, 44.3663]]}}, {"type": "Feature", "properties": {"gabarit": "Poids lourd", "revetement": "Sol naturel", "debroussaillee": false, "longueur_m": 92.3}, "geometry": {"type": "LineString", "coordinates": [[-0.76415, 44.3663], [-0.7635, 44.36562]]}}, {"type": "Feature", "properties": {"gabarit": "Poids lourd", "revetement": "Sol naturel", "debroussaillee": false, "longueur_m": 14.0}, "geometry": {"type": "LineString", "coordinates": [[-0.76268, 44.36445], [-0.76269, 44.36457]]}}, {"type": "Feature", "properties": {"gabarit": "Poids lourd", "revetement": "Sol naturel", "debroussaillee": false, "longueur_m": 133.5}, "geometry": {"type": "LineString", "coordinates": [[-0.7635, 44.36562], [-0.763, 44.36511], [-0.76269, 44.36457]]}}, {"type": "Feature", "properties": {"gabarit": "Poids lourd", "revetement": "Sol naturel", "debroussaillee": false, "longueur_m": 58.1}, "geometry": {"type": "LineString", "coordinates": [[-0.76203, 44.36469], [-0.76268, 44.36445]]}}, {"type": "Feature", "properties": {"gabarit": "Poids lourd", "revetement": "Sol naturel", "debroussaillee": false, "longueur_m": 35.9}, "geometry": {"type": "LineString", "coordinates": [[-0.76203, 44.36469], [-0.76164, 44.36485]]}}, {"type": "Feature", "properties": {"gabarit": "Poids lourd", "revetement": "Sol naturel", "debroussaillee": false, "longueur_m": 167.5}, "geometry": {"type": "LineString", "coordinates": [[-0.77112, 44.36701], [-0.77038, 44.36763], [-0.77045, 44.36817], [-0.77037, 44.3683]]}}, {"type": "Feature", "properties": {"gabarit": "Poids lourd", "revetement": "Sol naturel", "debroussaillee": false, "longueur_m": 562.8}, "geometry": {"type": "LineString", "coordinates": [[-0.78052, 44.36519], [-0.78053, 44.36535], [-0.78068, 44.36559], [-0.78072, 44.36636], [-0.78085, 44.36691], [-0.78085, 44.36708], [-0.78072, 44.36726], [-0.77989, 44.36806], [-0.77936, 44.36823], [-0.77868, 44.36859], [-0.77813, 44.36864], [-0.77741, 44.3686]]}}, {"type": "Feature", "properties": {"gabarit": "Poids lourd", "revetement": "Sol naturel", "debroussaillee": false, "longueur_m": 460.7}, "geometry": {"type": "LineString", "coordinates": [[-0.78611, 44.3646], [-0.78566, 44.36454], [-0.78486, 44.36463], [-0.78406, 44.36493], [-0.78298, 44.36516], [-0.78254, 44.36518], [-0.78145, 44.3651], [-0.78052, 44.36519]]}}, {"type": "Feature", "properties": {"gabarit": "Poids lourd", "revetement": "Sol naturel", "debroussaillee": false, "longueur_m": 346.6}, "geometry": {"type": "LineString", "coordinates": [[-0.77649, 44.3663], [-0.77769, 44.36581], [-0.78052, 44.36519]]}}, {"type": "Feature", "properties": {"gabarit": "Super poids lourd", "revetement": "Empierré", "debroussaillee": false, "longueur_m": 97.1}, "geometry": {"type": "LineString", "coordinates": [[-0.79746, 44.36726], [-0.7972, 44.36811]]}}, {"type": "Feature", "properties": {"gabarit": "Poids lourd", "revetement": "Sol naturel", "debroussaillee": true, "longueur_m": 39.8}, "geometry": {"type": "LineString", "coordinates": [[-0.79876, 44.36573], [-0.79898, 44.36541]]}}, {"type": "Feature", "properties": {"gabarit": "Poids lourd", "revetement": "Sol naturel", "debroussaillee": true, "longueur_m": 184.3}, "geometry": {"type": "LineString", "coordinates": [[-0.79717, 44.36694], [-0.79876, 44.36573]]}}, {"type": "Feature", "properties": {"gabarit": "Poids lourd", "revetement": "Sol naturel", "debroussaillee": false, "longueur_m": 400.4}, "geometry": {"type": "LineString", "coordinates": [[-0.78624, 44.3649], [-0.78754, 44.36493], [-0.78817, 44.36501], [-0.78828, 44.36496], [-0.78863, 44.36396], [-0.78886, 44.36292]]}}, {"type": "Feature", "properties": {"gabarit": "Poids lourd", "revetement": "Sol naturel", "debroussaillee": false, "longueur_m": 568.4}, "geometry": {"type": "LineString", "coordinates": [[-0.80142, 44.36676], [-0.80289, 44.36547], [-0.80436, 44.36433], [-0.80634, 44.36308]]}}, {"type": "Feature", "properties": {"gabarit": "Poids lourd", "revetement": "Sol naturel", "debroussaillee": false, "longueur_m": 1790.7}, "geometry": {"type": "LineString", "coordinates": [[-0.84274, 44.36239], [-0.82505, 44.36693], [-0.82162, 44.36787]]}}, {"type": "Feature", "properties": {"gabarit": "Super poids lourd", "revetement": "Empierré", "debroussaillee": false, "longueur_m": 451.3}, "geometry": {"type": "LineString", "coordinates": [[-0.84508, 44.36655], [-0.84325, 44.3627]]}}, {"type": "Feature", "properties": {"gabarit": "Poids lourd", "revetement": "Sol naturel", "debroussaillee": true, "longueur_m": 755.3}, "geometry": {"type": "LineString", "coordinates": [[-0.86264, 44.36074], [-0.86629, 44.36701]]}}, {"type": "Feature", "properties": {"gabarit": "Super poids lourd", "revetement": "Empierré", "debroussaillee": true, "longueur_m": 813.2}, "geometry": {"type": "LineString", "coordinates": [[-0.87912, 44.36672], [-0.87617, 44.35972]]}}, {"type": "Feature", "properties": {"gabarit": "Poids lourd", "revetement": "Sol naturel", "debroussaillee": false, "longueur_m": 270.8}, "geometry": {"type": "LineString", "coordinates": [[-0.5856, 44.36142], [-0.58455, 44.36374]]}}, {"type": "Feature", "properties": {"gabarit": "Super poids lourd", "revetement": "Empierré", "debroussaillee": true, "longueur_m": 369.1}, "geometry": {"type": "LineString", "coordinates": [[-0.60052, 44.3745], [-0.59948, 44.37774]]}}, {"type": "Feature", "properties": {"gabarit": "Poids lourd", "revetement": "Sol naturel", "debroussaillee": false, "longueur_m": 821.2}, "geometry": {"type": "LineString", "coordinates": [[-0.6126, 44.36563], [-0.61105, 44.3654], [-0.60629, 44.36501], [-0.60613, 44.36504], [-0.60603, 44.36517], [-0.60519, 44.36513], [-0.60504, 44.36531], [-0.60484, 44.36581], [-0.60468, 44.3659], [-0.60421, 44.36573], [-0.60351, 44.36529]]}}, {"type": "Feature", "properties": {"gabarit": "Poids lourd", "revetement": "Sol naturel", "debroussaillee": true, "longueur_m": 462.4}, "geometry": {"type": "LineString", "coordinates": [[-0.60563, 44.36142], [-0.60407, 44.36404], [-0.60351, 44.36529]]}}, {"type": "Feature", "properties": {"gabarit": "Poids lourd", "revetement": "Sol naturel", "debroussaillee": false, "longueur_m": 584.2}, "geometry": {"type": "LineString", "coordinates": [[-0.61824, 44.3614], [-0.61903, 44.36249], [-0.61893, 44.36329], [-0.61855, 44.36404], [-0.61864, 44.36644]]}}, {"type": "Feature", "properties": {"gabarit": "Poids lourd", "revetement": "Sol naturel", "debroussaillee": true, "longueur_m": 653.3}, "geometry": {"type": "LineString", "coordinates": [[-0.61824, 44.3614], [-0.61603, 44.3628], [-0.61296, 44.36527], [-0.6126, 44.36563]]}}, {"type": "Feature", "properties": {"gabarit": "Super poids lourd", "revetement": "Empierré", "debroussaillee": false, "longueur_m": 127.9}, "geometry": {"type": "LineString", "coordinates": [[-0.64007, 44.36442], [-0.63969, 44.36433], [-0.63933, 44.36413], [-0.63892, 44.36368]]}}, {"type": "Feature", "properties": {"gabarit": "Super poids lourd", "revetement": "Empierré", "debroussaillee": true, "longueur_m": 28.9}, "geometry": {"type": "LineString", "coordinates": [[-0.64646, 44.36321], [-0.64664, 44.36344]]}}, {"type": "Feature", "properties": {"gabarit": "Poids lourd", "revetement": "Sol naturel", "debroussaillee": false, "longueur_m": 210.8}, "geometry": {"type": "LineString", "coordinates": [[-0.66098, 44.36336], [-0.66027, 44.3644], [-0.66003, 44.36495], [-0.65985, 44.36503]]}}, {"type": "Feature", "properties": {"gabarit": "Poids lourd", "revetement": "Sol naturel", "debroussaillee": true, "longueur_m": 677.7}, "geometry": {"type": "LineString", "coordinates": [[-0.65985, 44.36503], [-0.65911, 44.36479], [-0.6583, 44.36482], [-0.65713, 44.36473], [-0.6564, 44.36463], [-0.65602, 44.36447], [-0.6558, 44.3641], [-0.65559, 44.36339], [-0.65469, 44.36239], [-0.65457, 44.36182], [-0.65435, 44.36154]]}}, {"type": "Feature", "properties": {"gabarit": "Poids lourd", "revetement": "Sol naturel", "debroussaillee": false, "longueur_m": 264.5}, "geometry": {"type": "LineString", "coordinates": [[-0.66247, 44.36361], [-0.66218, 44.364], [-0.66134, 44.36468], [-0.661, 44.36479], [-0.66058, 44.3648], [-0.66016, 44.36514]]}}, {"type": "Feature", "properties": {"gabarit": "Poids lourd", "revetement": "Sol naturel", "debroussaillee": false, "longueur_m": 400.4}, "geometry": {"type": "LineString", "coordinates": [[-0.66663, 44.36414], [-0.66621, 44.364], [-0.66571, 44.36363], [-0.66526, 44.3636], [-0.66454, 44.36329], [-0.66355, 44.36299], [-0.66328, 44.36303], [-0.66277, 44.36329], [-0.66247, 44.36361]]}}, {"type": "Feature", "properties": {"gabarit": "Super poids lourd", "revetement": "Empierré", "debroussaillee": true, "longueur_m": 318.1}, "geometry": {"type": "LineString", "coordinates": [[-0.66889, 44.36153], [-0.66755, 44.36422]]}}, {"type": "Feature", "properties": {"gabarit": "Poids lourd", "revetement": "Sol naturel", "debroussaillee": true, "longueur_m": 302.2}, "geometry": {"type": "LineString", "coordinates": [[-0.68586, 44.36246], [-0.68365, 44.36314], [-0.68279, 44.36314], [-0.68238, 44.36335]]}}, {"type": "Feature", "properties": {"gabarit": "Poids lourd", "revetement": "Sol naturel", "debroussaillee": true, "longueur_m": 140.9}, "geometry": {"type": "LineString", "coordinates": [[-0.68235, 44.36338], [-0.68173, 44.36456]]}}, {"type": "Feature", "properties": {"gabarit": "Poids lourd", "revetement": "Sol naturel", "debroussaillee": true, "longueur_m": 3.9}, "geometry": {"type": "LineString", "coordinates": [[-0.68235, 44.36338], [-0.68238, 44.36335]]}}, {"type": "Feature", "properties": {"gabarit": "Poids lourd", "revetement": "Sol naturel", "debroussaillee": false, "longueur_m": 415.1}, "geometry": {"type": "LineString", "coordinates": [[-0.67963, 44.36021], [-0.67945, 44.36041], [-0.6799, 44.36089], [-0.67909, 44.36196], [-0.67898, 44.36256], [-0.67966, 44.36351]]}}, {"type": "Feature", "properties": {"gabarit": "Poids lourd", "revetement": "Sol naturel", "debroussaillee": true, "longueur_m": 649.3}, "geometry": {"type": "LineString", "coordinates": [[-0.6908, 44.36655], [-0.69043, 44.36646], [-0.69019, 44.36628], [-0.68964, 44.36618], [-0.68855, 44.36547], [-0.68838, 44.36528], [-0.6883, 44.36486], [-0.68788, 44.36393], [-0.68788, 44.3636], [-0.68731, 44.36336], [-0.68698, 44.36304], [-0.68586, 44.36246]]}}, {"type": "Feature", "properties": {"gabarit": "Poids lourd", "revetement": "Sol naturel", "debroussaillee": false, "longueur_m": 361.7}, "geometry": {"type": "LineString", "coordinates": [[-0.69629, 44.366], [-0.69605, 44.36591], [-0.69507, 44.36496], [-0.69554, 44.36313]]}}, {"type": "Feature", "properties": {"gabarit": "Super poids lourd", "revetement": "Empierré", "debroussaillee": true, "longueur_m": 324.1}, "geometry": {"type": "LineString", "coordinates": [[-0.70408, 44.36342], [-0.70392, 44.36455], [-0.70399, 44.36633]]}}, {"type": "Feature", "properties": {"gabarit": "Poids lourd", "revetement": "Sol naturel", "debroussaillee": false, "longueur_m": 894.6}, "geometry": {"type": "LineString", "coordinates": [[-0.79898, 44.36541], [-0.79892, 44.36505], [-0.80126, 44.35755]]}}, {"type": "Feature", "properties": {"gabarit": "Poids lourd", "revetement": "Sol naturel", "debroussaillee": true, "longueur_m": 1059.7}, "geometry": {"type": "LineString", "coordinates": [[-0.79898, 44.36541], [-0.79918, 44.36514], [-0.79975, 44.36464], [-0.80365, 44.36164], [-0.80866, 44.35896]]}}, {"type": "Feature", "properties": {"gabarit": "Poids lourd", "revetement": "Sol naturel", "debroussaillee": true, "longueur_m": 1812.4}, "geometry": {"type": "LineString", "coordinates": [[-0.56406, 44.35741], [-0.56262, 44.36691], [-0.56242, 44.36772], [-0.56042, 44.37348]]}}, {"type": "Feature", "properties": {"gabarit": "Poids lourd", "revetement": "Sol naturel", "debroussaillee": false, "longueur_m": 402.8}, "geometry": {"type": "LineString", "coordinates": [[-0.57639, 44.3696], [-0.5724, 44.36738]]}}, {"type": "Feature", "properties": {"gabarit": "Poids lourd", "revetement": "Sol naturel", "debroussaillee": false, "longueur_m": 714.9}, "geometry": {"type": "LineString", "coordinates": [[-0.6303, 44.44556], [-0.63249, 44.43932]]}}, {"type": "Feature", "properties": {"gabarit": "Poids lourd", "revetement": "Sol naturel", "debroussaillee": false, "longueur_m": 348.7}, "geometry": {"type": "LineString", "coordinates": [[-0.68162, 44.44423], [-0.684, 44.44343], [-0.68534, 44.44322], [-0.68568, 44.44311]]}}, {"type": "Feature", "properties": {"gabarit": "Poids lourd", "revetement": "Sol naturel", "debroussaillee": false, "longueur_m": 104.7}, "geometry": {"type": "LineString", "coordinates": [[-0.76651, 44.4403], [-0.76781, 44.44019]]}}, {"type": "Feature", "properties": {"gabarit": "Poids lourd", "revetement": "Sol naturel", "debroussaillee": false, "longueur_m": 76.9}, "geometry": {"type": "LineString", "coordinates": [[-0.77703, 44.44088], [-0.77787, 44.44054]]}}, {"type": "Feature", "properties": {"gabarit": "Poids lourd", "revetement": "Sol naturel", "debroussaillee": false, "longueur_m": 4.2}, "geometry": {"type": "LineString", "coordinates": [[-0.83049, 44.41978], [-0.83051, 44.41981]]}}, {"type": "Feature", "properties": {"gabarit": "Poids lourd", "revetement": "Sol naturel", "debroussaillee": false, "longueur_m": 813.1}, "geometry": {"type": "LineString", "coordinates": [[-0.73831, 44.44147], [-0.73614, 44.4432], [-0.73517, 44.44411], [-0.73396, 44.44545], [-0.73286, 44.44602], [-0.73231, 44.44663], [-0.73202, 44.44712]]}}, {"type": "Feature", "properties": {"gabarit": "Poids lourd", "revetement": "Sol naturel", "debroussaillee": false, "longueur_m": 564.1}, "geometry": {"type": "LineString", "coordinates": [[-0.81756, 44.40687], [-0.8171, 44.40683], [-0.81568, 44.40698], [-0.81536, 44.40688], [-0.81483, 44.40685], [-0.81433, 44.40705], [-0.81267, 44.40732], [-0.81085, 44.40792]]}}, {"type": "Feature", "properties": {"gabarit": "Poids lourd", "revetement": "Sol naturel", "debroussaillee": false, "longueur_m": 241.8}, "geometry": {"type": "LineString", "coordinates": [[-0.67599, 44.42138], [-0.67404, 44.4202], [-0.67359, 44.42008]]}}, {"type": "Feature", "properties": {"gabarit": "Poids lourd", "revetement": "Sol naturel", "debroussaillee": false, "longueur_m": 127.9}, "geometry": {"type": "LineString", "coordinates": [[-0.66247, 44.36361], [-0.66118, 44.36329], [-0.66098, 44.36336]]}}, {"type": "Feature", "properties": {"gabarit": "Poids lourd", "revetement": "Sol naturel", "debroussaillee": true, "longueur_m": 399.8}, "geometry": {"type": "LineString", "coordinates": [[-0.8718, 44.38244], [-0.87194, 44.38484], [-0.8723, 44.38601]]}}, {"type": "Feature", "properties": {"gabarit": "Poids lourd", "revetement": "Sol naturel", "debroussaillee": true, "longueur_m": 6.4}, "geometry": {"type": "LineString", "coordinates": [[-0.8718, 44.38238], [-0.8718, 44.38244]]}}, {"type": "Feature", "properties": {"gabarit": "Super poids lourd", "revetement": "Empierré", "debroussaillee": false, "longueur_m": 82.8}, "geometry": {"type": "LineString", "coordinates": [[-0.83666, 44.3961], [-0.83759, 44.39642]]}}, {"type": "Feature", "properties": {"gabarit": "Poids lourd", "revetement": "Sol naturel", "debroussaillee": true, "longueur_m": 544.3}, "geometry": {"type": "LineString", "coordinates": [[-0.85654, 44.38613], [-0.85634, 44.38562], [-0.85616, 44.38345], [-0.85628, 44.38249], [-0.85621, 44.38128]]}}, {"type": "Feature", "properties": {"gabarit": "Super poids lourd", "revetement": "Empierré", "debroussaillee": false, "longueur_m": 183.9}, "geometry": {"type": "LineString", "coordinates": [[-0.82317, 44.40963], [-0.82305, 44.40926], [-0.82258, 44.40917], [-0.82233, 44.40901], [-0.82225, 44.40835]]}}, {"type": "Feature", "properties": {"gabarit": "Poids lourd", "revetement": "Sol naturel", "debroussaillee": false, "longueur_m": 563.8}, "geometry": {"type": "LineString", "coordinates": [[-0.86344, 44.38509], [-0.86268, 44.38509], [-0.85654, 44.38613]]}}, {"type": "Feature", "properties": {"gabarit": "Poids lourd", "revetement": "Sol naturel", "debroussaillee": false, "longueur_m": 650.0}, "geometry": {"type": "LineString", "coordinates": [[-0.852, 44.38653], [-0.85169, 44.38152], [-0.85169, 44.38108], [-0.85178, 44.38069]]}}, {"type": "Feature", "properties": {"gabarit": "Super poids lourd", "revetement": "Empierré", "debroussaillee": false, "longueur_m": 27.0}, "geometry": {"type": "LineString", "coordinates": [[-0.82225, 44.40835], [-0.82198, 44.40821]]}}, {"type": "Feature", "properties": {"gabarit": "Poids lourd", "revetement": "Sol naturel", "debroussaillee": true, "longueur_m": 105.4}, "geometry": {"type": "LineString", "coordinates": [[-0.82295, 44.37746], [-0.8242, 44.37717]]}}, {"type": "Feature", "properties": {"gabarit": "Poids lourd", "revetement": "Sol naturel", "debroussaillee": false, "longueur_m": 715.3}, "geometry": {"type": "LineString", "coordinates": [[-0.86344, 44.38509], [-0.86646, 44.38536], [-0.86973, 44.38552], [-0.8723, 44.38601]]}}, {"type": "Feature", "properties": {"gabarit": "Poids lourd", "revetement": "Sol naturel", "debroussaillee": false, "longueur_m": 919.1}, "geometry": {"type": "LineString", "coordinates": [[-0.852, 44.38653], [-0.84609, 44.38705], [-0.84576, 44.38737], [-0.84133, 44.3878], [-0.84084, 44.38794]]}}, {"type": "Feature", "properties": {"gabarit": "Poids lourd", "revetement": "Sol naturel", "debroussaillee": false, "longueur_m": 206.2}, "geometry": {"type": "LineString", "coordinates": [[-0.86344, 44.38509], [-0.86345, 44.38467], [-0.86359, 44.38407], [-0.86379, 44.38396], [-0.86384, 44.38373], [-0.86426, 44.38348]]}}, {"type": "Feature", "properties": {"gabarit": "Poids lourd", "revetement": "Sol naturel", "debroussaillee": false, "longueur_m": 1082.0}, "geometry": {"type": "LineString", "coordinates": [[-0.8718, 44.38238], [-0.88531, 44.38142]]}}, {"type": "Feature", "properties": {"gabarit": "Poids lourd", "revetement": "Sol naturel", "debroussaillee": true, "longueur_m": 469.7}, "geometry": {"type": "LineString", "coordinates": [[-0.82283, 44.37326], [-0.82318, 44.37632], [-0.82295, 44.37746]]}}, {"type": "Feature", "properties": {"gabarit": "Poids lourd", "revetement": "Sol naturel", "debroussaillee": false, "longueur_m": 22.4}, "geometry": {"type": "LineString", "coordinates": [[-0.76268, 44.4075], [-0.76252, 44.40733]]}}, {"type": "Feature", "properties": {"gabarit": "Super poids lourd", "revetement": "Empierré", "debroussaillee": true, "longueur_m": 58.4}, "geometry": {"type": "LineString", "coordinates": [[-0.73878, 44.40789], [-0.73951, 44.40793]]}}, {"type": "Feature", "properties": {"gabarit": "Super poids lourd", "revetement": "Empierré", "debroussaillee": true, "longueur_m": 113.7}, "geometry": {"type": "LineString", "coordinates": [[-0.73655, 44.40774], [-0.73797, 44.40785]]}}, {"type": "Feature", "properties": {"gabarit": "Super poids lourd", "revetement": "Empierré", "debroussaillee": false, "longueur_m": 60.3}, "geometry": {"type": "LineString", "coordinates": [[-0.81028, 44.38066], [-0.81104, 44.38066]]}}, {"type": "Feature", "properties": {"gabarit": "Poids lourd", "revetement": "Sol naturel", "debroussaillee": false, "longueur_m": 316.1}, "geometry": {"type": "LineString", "coordinates": [[-0.80912, 44.40281], [-0.80853, 44.40322], [-0.80803, 44.40334], [-0.80767, 44.4035], [-0.80714, 44.40405], [-0.80618, 44.40463]]}}, {"type": "Feature", "properties": {"gabarit": "Poids lourd", "revetement": "Sol naturel", "debroussaillee": false, "longueur_m": 522.8}, "geometry": {"type": "LineString", "coordinates": [[-0.79078, 44.36287], [-0.79127, 44.36291], [-0.79153, 44.36268], [-0.79222, 44.36262], [-0.7923, 44.36266], [-0.79233, 44.36334], [-0.79287, 44.36329], [-0.79302, 44.36312], [-0.79357, 44.36319], [-0.79375, 44.36339], [-0.79422, 44.36332], [-0.79513, 44.363], [-0.79519, 44.36295], [-0.79516, 44.36277], [-0.79535, 44.36267]]}}, {"type": "Feature", "properties": {"gabarit": "Poids lourd", "revetement": "Sol naturel", "debroussaillee": true, "longueur_m": 962.3}, "geometry": {"type": "LineString", "coordinates": [[-0.78291, 44.38814], [-0.78291, 44.38864], [-0.78279, 44.38915], [-0.78267, 44.38929], [-0.782, 44.38998], [-0.78119, 44.39031], [-0.78099, 44.39046], [-0.78066, 44.39059], [-0.78003, 44.39115], [-0.77935, 44.39226], [-0.77918, 44.39364], [-0.77944, 44.3938], [-0.77996, 44.39547], [-0.77994, 44.39565]]}}, {"type": "Feature", "properties": {"gabarit": "Poids lourd", "revetement": "Sol naturel", "debroussaillee": false, "longueur_m": 112.6}, "geometry": {"type": "LineString", "coordinates": [[-0.76915, 44.36953], [-0.7695, 44.36947], [-0.76986, 44.36933], [-0.77022, 44.36896]]}}, {"type": "Feature", "properties": {"gabarit": "Poids lourd", "revetement": "Sol naturel", "debroussaillee": false, "longueur_m": 251.1}, "geometry": {"type": "LineString", "coordinates": [[-0.76268, 44.36445], [-0.76324, 44.36341], [-0.76346, 44.36268], [-0.76344, 44.36228]]}}, {"type": "Feature", "properties": {"gabarit": "Poids lourd", "revetement": "Sol naturel", "debroussaillee": true, "longueur_m": 395.2}, "geometry": {"type": "LineString", "coordinates": [[-0.7513, 44.37004], [-0.75042, 44.37016], [-0.74932, 44.37012], [-0.74793, 44.36991], [-0.74717, 44.36963], [-0.74651, 44.36949]]}}, {"type": "Feature", "properties": {"gabarit": "Poids lourd", "revetement": "Sol naturel", "debroussaillee": false, "longueur_m": 104.9}, "geometry": {"type": "LineString", "coordinates": [[-0.74651, 44.36949], [-0.74643, 44.36896], [-0.74619, 44.36881], [-0.74626, 44.36864]]}}, {"type": "Feature", "properties": {"gabarit": "Poids lourd", "revetement": "Sol naturel", "debroussaillee": false, "longueur_m": 128.5}, "geometry": {"type": "LineString", "coordinates": [[-0.76208, 44.40667], [-0.76172, 44.40697], [-0.76171, 44.40709], [-0.76252, 44.40733]]}}, {"type": "Feature", "properties": {"gabarit": "Poids lourd", "revetement": "Sol naturel", "debroussaillee": true, "longueur_m": 455.3}, "geometry": {"type": "LineString", "coordinates": [[-0.73643, 44.38347], [-0.73664, 44.38374], [-0.73699, 44.38399], [-0.73741, 44.38413], [-0.73786, 44.38441], [-0.73855, 44.38471], [-0.73931, 44.38496], [-0.73951, 44.38536], [-0.73982, 44.38574], [-0.74004, 44.38595], [-0.74046, 44.38613]]}}, {"type": "Feature", "properties": {"gabarit": "Poids lourd", "revetement": "Sol naturel", "debroussaillee": false, "longueur_m": 42.3}, "geometry": {"type": "LineString", "coordinates": [[-0.73895, 44.40807], [-0.73936, 44.40831]]}}, {"type": "Feature", "properties": {"gabarit": "Poids lourd", "revetement": "Sol naturel", "debroussaillee": false, "longueur_m": 86.0}, "geometry": {"type": "LineString", "coordinates": [[-0.77012, 44.36972], [-0.77025, 44.36915], [-0.77022, 44.36896]]}}, {"type": "Feature", "properties": {"gabarit": "Super poids lourd", "revetement": "Empierré", "debroussaillee": true, "longueur_m": 31.1}, "geometry": {"type": "LineString", "coordinates": [[-0.73946, 44.4082], [-0.73951, 44.40793]]}}, {"type": "Feature", "properties": {"gabarit": "Poids lourd", "revetement": "Sol naturel", "debroussaillee": false, "longueur_m": 153.7}, "geometry": {"type": "LineString", "coordinates": [[-0.80912, 44.40281], [-0.80826, 44.4028], [-0.80778, 44.4026], [-0.80729, 44.40249]]}}, {"type": "Feature", "properties": {"gabarit": "Poids lourd", "revetement": "Sol naturel", "debroussaillee": false, "longueur_m": 14.4}, "geometry": {"type": "LineString", "coordinates": [[-0.7801, 44.39571], [-0.77994, 44.39565]]}}, {"type": "Feature", "properties": {"gabarit": "Poids lourd", "revetement": "Sol naturel", "debroussaillee": false, "longueur_m": 294.0}, "geometry": {"type": "LineString", "coordinates": [[-0.76268, 44.4075], [-0.76266, 44.40783], [-0.76222, 44.40806], [-0.76227, 44.40836], [-0.76213, 44.40858], [-0.76164, 44.40876], [-0.76074, 44.40872], [-0.76034, 44.40883]]}}, {"type": "Feature", "properties": {"gabarit": "Poids lourd", "revetement": "Sol naturel", "debroussaillee": false, "longueur_m": 242.4}, "geometry": {"type": "LineString", "coordinates": [[-0.78141, 44.39697], [-0.78167, 44.39655], [-0.78161, 44.39646], [-0.78036, 44.39639], [-0.7801, 44.39571]]}}, {"type": "Feature", "properties": {"gabarit": "Poids lourd", "revetement": "Sol naturel", "debroussaillee": false, "longueur_m": 124.7}, "geometry": {"type": "LineString", "coordinates": [[-0.76313, 44.40598], [-0.76281, 44.40643], [-0.76237, 44.40649], [-0.76208, 44.40667]]}}, {"type": "Feature", "properties": {"gabarit": "Poids lourd", "revetement": "Sol naturel", "debroussaillee": true, "longueur_m": 875.3}, "geometry": {"type": "LineString", "coordinates": [[-0.7609, 44.40132], [-0.76095, 44.40033], [-0.75991, 44.39814], [-0.75931, 44.39741], [-0.75853, 44.39677], [-0.7572, 44.39598], [-0.75624, 44.39525], [-0.75595, 44.39468]]}}, {"type": "Feature", "properties": {"gabarit": "Poids lourd", "revetement": "Sol naturel", "debroussaillee": false, "longueur_m": 575.7}, "geometry": {"type": "LineString", "coordinates": [[-0.74863, 44.40611], [-0.74862, 44.40589], [-0.74845, 44.40574], [-0.74607, 44.40524], [-0.7452, 44.40524], [-0.74345, 44.40494], [-0.74198, 44.40501]]}}, {"type": "Feature", "properties": {"gabarit": "Poids lourd", "revetement": "Sol naturel", "debroussaillee": false, "longueur_m": 295.5}, "geometry": {"type": "LineString", "coordinates": [[-0.74629, 44.36944], [-0.74589, 44.36954], [-0.74482, 44.36995], [-0.7436, 44.37005], [-0.74298, 44.36992], [-0.74285, 44.36984]]}}, {"type": "Feature", "properties": {"gabarit": "Poids lourd", "revetement": "Sol naturel", "debroussaillee": true, "longueur_m": 47.3}, "geometry": {"type": "LineString", "coordinates": [[-0.70646, 44.36816], [-0.70692, 44.36842]]}}, {"type": "Feature", "properties": {"gabarit": "Poids lourd", "revetement": "Sol naturel", "debroussaillee": false, "longueur_m": 263.2}, "geometry": {"type": "LineString", "coordinates": [[-0.67281, 44.40908], [-0.67331, 44.40901], [-0.67601, 44.40945]]}}, {"type": "Feature", "properties": {"gabarit": "Poids lourd", "revetement": "Sol naturel", "debroussaillee": false, "longueur_m": 462.0}, "geometry": {"type": "LineString", "coordinates": [[-0.66701, 44.41496], [-0.66767, 44.41466], [-0.66847, 44.41468], [-0.67044, 44.41403], [-0.67109, 44.41395], [-0.67246, 44.41389]]}}, {"type": "Feature", "properties": {"gabarit": "Poids lourd", "revetement": "Sol naturel", "debroussaillee": true, "longueur_m": 257.3}, "geometry": {"type": "LineString", "coordinates": [[-0.70692, 44.36842], [-0.70814, 44.37008], [-0.70864, 44.37032]]}}, {"type": "Feature", "properties": {"gabarit": "Poids lourd", "revetement": "Sol naturel", "debroussaillee": false, "longueur_m": 32.8}, "geometry": {"type": "LineString", "coordinates": [[-0.68586, 44.37743], [-0.68592, 44.37747], [-0.68578, 44.37767]]}}, {"type": "Feature", "properties": {"gabarit": "Poids lourd", "revetement": "Sol naturel", "debroussaillee": false, "longueur_m": 156.4}, "geometry": {"type": "LineString", "coordinates": [[-0.66098, 44.36336], [-0.6616, 44.36203]]}}, {"type": "Feature", "properties": {"gabarit": "Poids lourd", "revetement": "Sol naturel", "debroussaillee": false, "longueur_m": 145.2}, "geometry": {"type": "LineString", "coordinates": [[-0.70695, 44.3706], [-0.70732, 44.3704], [-0.7082, 44.37043], [-0.70864, 44.37032]]}}, {"type": "Feature", "properties": {"gabarit": "Poids lourd", "revetement": "Sol naturel", "debroussaillee": true, "longueur_m": 309.9}, "geometry": {"type": "LineString", "coordinates": [[-0.70864, 44.37032], [-0.70903, 44.37046], [-0.70962, 44.37056], [-0.71066, 44.3703], [-0.71078, 44.37024], [-0.71087, 44.37009], [-0.71087, 44.36947], [-0.71122, 44.36922]]}}, {"type": "Feature", "properties": {"gabarit": "Poids lourd", "revetement": "Sol naturel", "debroussaillee": true, "longueur_m": 167.2}, "geometry": {"type": "LineString", "coordinates": [[-0.65689, 44.36951], [-0.65733, 44.36979], [-0.65777, 44.3696], [-0.65797, 44.36933], [-0.65811, 44.36894]]}}, {"type": "Feature", "properties": {"gabarit": "Poids lourd", "revetement": "Sol naturel", "debroussaillee": false, "longueur_m": 109.8}, "geometry": {"type": "LineString", "coordinates": [[-0.64206, 44.37112], [-0.64281, 44.3703]]}}, {"type": "Feature", "properties": {"gabarit": "Poids lourd", "revetement": "Sol naturel", "debroussaillee": false, "longueur_m": 280.6}, "geometry": {"type": "LineString", "coordinates": [[-0.64702, 44.37016], [-0.64888, 44.37046], [-0.64921, 44.37072], [-0.6495, 44.37081], [-0.64997, 44.37127]]}}, {"type": "Feature", "properties": {"gabarit": "Super poids lourd", "revetement": "Empierré", "debroussaillee": false, "longueur_m": 319.1}, "geometry": {"type": "LineString", "coordinates": [[-0.64281, 44.3703], [-0.64317, 44.36973], [-0.64336, 44.36912], [-0.6431, 44.36836], [-0.64311, 44.36752]]}}, {"type": "Feature", "properties": {"gabarit": "Super poids lourd", "revetement": "Empierré", "debroussaillee": true, "longueur_m": 448.1}, "geometry": {"type": "LineString", "coordinates": [[-0.84429, 44.41137], [-0.84227, 44.41115], [-0.84014, 44.41164], [-0.83881, 44.41157]]}}, {"type": "Feature", "properties": {"gabarit": "Super poids lourd", "revetement": "Empierré", "debroussaillee": false, "longueur_m": 124.4}, "geometry": {"type": "LineString", "coordinates": [[-0.83881, 44.41157], [-0.83891, 44.41147], [-0.83909, 44.41083], [-0.83902, 44.41075], [-0.83871, 44.41067]]}}, {"type": "Feature", "properties": {"gabarit": "Poids lourd", "revetement": "Sol naturel", "debroussaillee": false, "longueur_m": 65.1}, "geometry": {"type": "LineString", "coordinates": [[-0.75753, 44.41679], [-0.75676, 44.41699]]}}, {"type": "Feature", "properties": {"gabarit": "Poids lourd", "revetement": "Sol naturel", "debroussaillee": true, "longueur_m": 107.1}, "geometry": {"type": "LineString", "coordinates": [[-0.78205, 44.41566], [-0.78167, 44.41638], [-0.78169, 44.41657]]}}, {"type": "Feature", "properties": {"gabarit": "Poids lourd", "revetement": "Sol naturel", "debroussaillee": false, "longueur_m": 924.8}, "geometry": {"type": "LineString", "coordinates": [[-0.80728, 44.41583], [-0.80352, 44.41649], [-0.8021, 44.41684], [-0.80105, 44.41718], [-0.79995, 44.41739], [-0.7993, 44.41772], [-0.7989, 44.41782], [-0.79623, 44.41807]]}}, {"type": "Feature", "properties": {"gabarit": "Super poids lourd", "revetement": "Empierré", "debroussaillee": true, "longueur_m": 829.3}, "geometry": {"type": "LineString", "coordinates": [[-0.81144, 44.41884], [-0.81075, 44.41896], [-0.80977, 44.41895], [-0.80757, 44.41946], [-0.80589, 44.41968], [-0.80411, 44.42033], [-0.8016, 44.42101]]}}, {"type": "Feature", "properties": {"gabarit": "Poids lourd", "revetement": "Sol naturel", "debroussaillee": false, "longueur_m": 567.9}, "geometry": {"type": "LineString", "coordinates": [[-0.75051, 44.4153], [-0.75128, 44.4154], [-0.75217, 44.41611], [-0.75247, 44.41625], [-0.75337, 44.41646], [-0.75368, 44.4166], [-0.75394, 44.41681], [-0.75439, 44.41691], [-0.75629, 44.41713], [-0.75653, 44.41711], [-0.75676, 44.41699]]}}, {"type": "Feature", "properties": {"gabarit": "Poids lourd", "revetement": "Sol naturel", "debroussaillee": false, "longueur_m": 548.8}, "geometry": {"type": "LineString", "coordinates": [[-0.8016, 44.42101], [-0.80133, 44.42079], [-0.80093, 44.42058], [-0.79861, 44.41977], [-0.79812, 44.41931], [-0.79757, 44.41891], [-0.79623, 44.41807]]}}, {"type": "Feature", "properties": {"gabarit": "Poids lourd", "revetement": "Sol naturel", "debroussaillee": false, "longueur_m": 253.8}, "geometry": {"type": "LineString", "coordinates": [[-0.77716, 44.4171], [-0.77669, 44.41667], [-0.77594, 44.41614], [-0.77473, 44.41569]]}}, {"type": "Feature", "properties": {"gabarit": "Poids lourd", "revetement": "Sol naturel", "debroussaillee": true, "longueur_m": 926.7}, "geometry": {"type": "LineString", "coordinates": [[-0.74256, 44.43676], [-0.74177, 44.4368], [-0.74143, 44.43705], [-0.74129, 44.43748], [-0.74077, 44.43774], [-0.7406, 44.438], [-0.73994, 44.43835], [-0.7395, 44.43848], [-0.73923, 44.43891], [-0.73877, 44.4393], [-0.73811, 44.43958], [-0.73671, 44.44044], [-0.73637, 44.44048], [-0.736, 44.44038], [-0.73578, 44.44025], [-0.73545, 44.4402], [-0.73531, 44.44023], [-0.73497, 44.44075], [-0.73469, 44.44087], [-0.73437, 44.44134]]}}, {"type": "Feature", "properties": {"gabarit": "Poids lourd", "revetement": "Sol naturel", "debroussaillee": false, "longueur_m": 167.0}, "geometry": {"type": "LineString", "coordinates": [[-0.66436, 44.4324], [-0.66461, 44.43208], [-0.66475, 44.43172], [-0.66464, 44.43097]]}}, {"type": "Feature", "properties": {"gabarit": "Poids lourd", "revetement": "Sol naturel", "debroussaillee": false, "longueur_m": 443.2}, "geometry": {"type": "LineString", "coordinates": [[-0.67176, 44.4213], [-0.67559, 44.4242]]}}, {"type": "Feature", "properties": {"gabarit": "Super poids lourd", "revetement": "Empierré", "debroussaillee": false, "longueur_m": 367.7}, "geometry": {"type": "LineString", "coordinates": [[-0.67078, 44.41864], [-0.67053, 44.41852], [-0.66959, 44.41848], [-0.66633, 44.41787]]}}, {"type": "Feature", "properties": {"gabarit": "Poids lourd", "revetement": "Sol naturel", "debroussaillee": false, "longueur_m": 333.9}, "geometry": {"type": "LineString", "coordinates": [[-0.66309, 44.41725], [-0.66293, 44.41728], [-0.66221, 44.41703], [-0.66181, 44.41697], [-0.66037, 44.41713], [-0.65929, 44.41707], [-0.65903, 44.41701]]}}, {"type": "Feature", "properties": {"gabarit": "Super poids lourd", "revetement": "Empierré", "debroussaillee": true, "longueur_m": 181.3}, "geometry": {"type": "LineString", "coordinates": [[-0.668, 44.42799], [-0.66774, 44.4273], [-0.66764, 44.42639]]}}, {"type": "Feature", "properties": {"gabarit": "Poids lourd", "revetement": "Sol naturel", "debroussaillee": false, "longueur_m": 295.6}, "geometry": {"type": "LineString", "coordinates": [[-0.66633, 44.41787], [-0.66608, 44.41697], [-0.66368, 44.41679]]}}, {"type": "Feature", "properties": {"gabarit": "Poids lourd", "revetement": "Sol naturel", "debroussaillee": false, "longueur_m": 177.7}, "geometry": {"type": "LineString", "coordinates": [[-0.66368, 44.41679], [-0.66249, 44.41586], [-0.66211, 44.41568]]}}, {"type": "Feature", "properties": {"gabarit": "Poids lourd", "revetement": "Sol naturel", "debroussaillee": false, "longueur_m": 85.6}, "geometry": {"type": "LineString", "coordinates": [[-0.66368, 44.41679], [-0.66327, 44.41681], [-0.66309, 44.41725]]}}, {"type": "Feature", "properties": {"gabarit": "Poids lourd", "revetement": "Sol naturel", "debroussaillee": false, "longueur_m": 35.3}, "geometry": {"type": "LineString", "coordinates": [[-0.66814, 44.44227], [-0.66836, 44.44231], [-0.66854, 44.44223]]}}, {"type": "Feature", "properties": {"gabarit": "Poids lourd", "revetement": "Sol naturel", "debroussaillee": false, "longueur_m": 412.3}, "geometry": {"type": "LineString", "coordinates": [[-0.6376, 44.43871], [-0.63249, 44.43932]]}}, {"type": "Feature", "properties": {"gabarit": "Poids lourd", "revetement": "Sol naturel", "debroussaillee": false, "longueur_m": 94.1}, "geometry": {"type": "LineString", "coordinates": [[-0.6376, 44.43871], [-0.63847, 44.43929]]}}, {"type": "Feature", "properties": {"gabarit": "Poids lourd", "revetement": "Sol naturel", "debroussaillee": false, "longueur_m": 63.1}, "geometry": {"type": "LineString", "coordinates": [[-0.64262, 44.44254], [-0.64186, 44.4427]]}}, {"type": "Feature", "properties": {"gabarit": "Poids lourd", "revetement": "Sol naturel", "debroussaillee": false, "longueur_m": 428.6}, "geometry": {"type": "LineString", "coordinates": [[-0.64186, 44.4427], [-0.63675, 44.44392]]}}, {"type": "Feature", "properties": {"gabarit": "Poids lourd", "revetement": "Sol naturel", "debroussaillee": false, "longueur_m": 531.7}, "geometry": {"type": "LineString", "coordinates": [[-0.63847, 44.43929], [-0.63675, 44.44392]]}}, {"type": "Feature", "properties": {"gabarit": "Poids lourd", "revetement": "Sol naturel", "debroussaillee": false, "longueur_m": 139.2}, "geometry": {"type": "LineString", "coordinates": [[-0.74198, 44.40501], [-0.74091, 44.40498], [-0.74024, 44.40507]]}}, {"type": "Feature", "properties": {"gabarit": "Poids lourd", "revetement": "Sol naturel", "debroussaillee": true, "longueur_m": 322.9}, "geometry": {"type": "LineString", "coordinates": [[-0.74289, 44.40725], [-0.74205, 44.40652], [-0.74184, 44.40622], [-0.74024, 44.40507]]}}, {"type": "Feature", "properties": {"gabarit": "Poids lourd", "revetement": "Sol naturel", "debroussaillee": false, "longueur_m": 77.6}, "geometry": {"type": "LineString", "coordinates": [[-0.65112, 44.45187], [-0.6502, 44.4517]]}}, {"type": "Feature", "properties": {"gabarit": "Poids lourd", "revetement": "Sol naturel", "debroussaillee": false, "longueur_m": 412.7}, "geometry": {"type": "LineString", "coordinates": [[-0.77708, 44.43788], [-0.77816, 44.43839], [-0.77846, 44.43861], [-0.77852, 44.4388], [-0.77852, 44.43915], [-0.77809, 44.43946], [-0.77817, 44.43967], [-0.7786, 44.43986], [-0.7783, 44.44034], [-0.77787, 44.44054]]}}, {"type": "Feature", "properties": {"gabarit": "Poids lourd", "revetement": "Sol naturel", "debroussaillee": false, "longueur_m": 322.8}, "geometry": {"type": "LineString", "coordinates": [[-0.83051, 44.41981], [-0.83205, 44.41946], [-0.83442, 44.41906]]}}, {"type": "Feature", "properties": {"gabarit": "Poids lourd", "revetement": "Sol naturel", "debroussaillee": false, "longueur_m": 57.6}, "geometry": {"type": "LineString", "coordinates": [[-0.76781, 44.44019], [-0.76839, 44.44019], [-0.76852, 44.44015]]}}, {"type": "Feature", "properties": {"gabarit": "Poids lourd", "revetement": "Sol naturel", "debroussaillee": false, "longueur_m": 411.9}, "geometry": {"type": "LineString", "coordinates": [[-0.66861, 44.44731], [-0.66746, 44.45092]]}}, {"type": "Feature", "properties": {"gabarit": "Super poids lourd", "revetement": "Empierré", "debroussaillee": false, "longueur_m": 119.3}, "geometry": {"type": "LineString", "coordinates": [[-0.66895, 44.38028], [-0.66899, 44.38045], [-0.66873, 44.38132]]}}, {"type": "Feature", "properties": {"gabarit": "Poids lourd", "revetement": "Sol naturel", "debroussaillee": false, "longueur_m": 336.9}, "geometry": {"type": "LineString", "coordinates": [[-0.84683, 44.36207], [-0.84821, 44.36494]]}}, {"type": "Feature", "properties": {"gabarit": "Poids lourd", "revetement": "Sol naturel", "debroussaillee": false, "longueur_m": 256.2}, "geometry": {"type": "LineString", "coordinates": [[-0.80111, 44.36885], [-0.80137, 44.36806], [-0.80181, 44.36754], [-0.80184, 44.36736], [-0.80162, 44.36706], [-0.80142, 44.36693], [-0.80142, 44.36676]]}}, {"type": "Feature", "properties": {"gabarit": "Poids lourd", "revetement": "Sol naturel", "debroussaillee": false, "longueur_m": 357.5}, "geometry": {"type": "LineString", "coordinates": [[-0.81187, 44.36202], [-0.81339, 44.36337], [-0.81424, 44.3639], [-0.81483, 44.36442]]}}, {"type": "Feature", "properties": {"gabarit": "Poids lourd", "revetement": "Sol naturel", "debroussaillee": false, "longueur_m": 55.2}, "geometry": {"type": "LineString", "coordinates": [[-0.79161, 44.36725], [-0.79103, 44.36753]]}}, {"type": "Feature", "properties": {"gabarit": "Poids lourd", "revetement": "Sol naturel", "debroussaillee": false, "longueur_m": 215.7}, "geometry": {"type": "LineString", "coordinates": [[-0.80488, 44.36839], [-0.80555, 44.3683], [-0.80602, 44.36832], [-0.80752, 44.36859]]}}, {"type": "Feature", "properties": {"gabarit": "Poids lourd", "revetement": "Sol naturel", "debroussaillee": false, "longueur_m": 493.4}, "geometry": {"type": "LineString", "coordinates": [[-0.81077, 44.37589], [-0.81071, 44.37604], [-0.81075, 44.37627], [-0.81093, 44.37676], [-0.81116, 44.37706], [-0.81138, 44.37795], [-0.8115, 44.37811], [-0.81208, 44.37842], [-0.81218, 44.37875], [-0.81213, 44.37941], [-0.81231, 44.37999]]}}, {"type": "Feature", "properties": {"gabarit": "Poids lourd", "revetement": "Sol naturel", "debroussaillee": true, "longueur_m": 593.9}, "geometry": {"type": "LineString", "coordinates": [[-0.87185, 44.37713], [-0.8715, 44.3775], [-0.8718, 44.38238]]}}, {"type": "Feature", "properties": {"gabarit": "Poids lourd", "revetement": "Sol naturel", "debroussaillee": false, "longueur_m": 1147.8}, "geometry": {"type": "LineString", "coordinates": [[-0.85789, 44.37461], [-0.86506, 44.37583], [-0.87185, 44.37713]]}}, {"type": "Feature", "properties": {"gabarit": "Poids lourd", "revetement": "Sol naturel", "debroussaillee": false, "longueur_m": 248.6}, "geometry": {"type": "LineString", "coordinates": [[-0.85789, 44.37461], [-0.85779, 44.37481], [-0.8563, 44.37653]]}}, {"type": "Feature", "properties": {"gabarit": "Poids lourd", "revetement": "Sol naturel", "debroussaillee": false, "longueur_m": 346.7}, "geometry": {"type": "LineString", "coordinates": [[-0.85607, 44.38121], [-0.85541, 44.38118], [-0.85178, 44.38069]]}}, {"type": "Feature", "properties": {"gabarit": "Poids lourd", "revetement": "Sol naturel", "debroussaillee": false, "longueur_m": 938.4}, "geometry": {"type": "LineString", "coordinates": [[-0.85178, 44.38069], [-0.84503, 44.37977], [-0.84443, 44.37964], [-0.84062, 44.37825]]}}, {"type": "Feature", "properties": {"gabarit": "Super poids lourd", "revetement": "Empierré", "debroussaillee": false, "longueur_m": 242.6}, "geometry": {"type": "LineString", "coordinates": [[-0.80725, 44.38082], [-0.81028, 44.38066]]}}, {"type": "Feature", "properties": {"gabarit": "Poids lourd", "revetement": "Sol naturel", "debroussaillee": false, "longueur_m": 99.5}, "geometry": {"type": "LineString", "coordinates": [[-0.8261, 44.38509], [-0.82605, 44.38598]]}}, {"type": "Feature", "properties": {"gabarit": "Poids lourd", "revetement": "Sol naturel", "debroussaillee": false, "longueur_m": 440.5}, "geometry": {"type": "LineString", "coordinates": [[-0.8115, 44.38439], [-0.81128, 44.38412], [-0.81041, 44.38266], [-0.81012, 44.38233], [-0.81028, 44.38066]]}}, {"type": "Feature", "properties": {"gabarit": "Poids lourd", "revetement": "Sol naturel", "debroussaillee": true, "longueur_m": 515.3}, "geometry": {"type": "LineString", "coordinates": [[-0.85659, 44.40899], [-0.85735, 44.40686], [-0.85772, 44.40444]]}}, {"type": "Feature", "properties": {"gabarit": "Poids lourd", "revetement": "Sol naturel", "debroussaillee": false, "longueur_m": 566.8}, "geometry": {"type": "LineString", "coordinates": [[-0.85659, 44.40899], [-0.84987, 44.40731]]}}, {"type": "Feature", "properties": {"gabarit": "Poids lourd", "revetement": "Sol naturel", "debroussaillee": true, "longueur_m": 424.5}, "geometry": {"type": "LineString", "coordinates": [[-0.80018, 44.41342], [-0.79916, 44.41357], [-0.79821, 44.41395], [-0.79764, 44.4141], [-0.79644, 44.41471], [-0.79559, 44.41492], [-0.79539, 44.41492]]}}, {"type": "Feature", "properties": {"gabarit": "Poids lourd", "revetement": "Sol naturel", "debroussaillee": false, "longueur_m": 257.3}, "geometry": {"type": "LineString", "coordinates": [[-0.6852, 44.37526], [-0.68461, 44.3754], [-0.68388, 44.37548], [-0.68367, 44.37556], [-0.68355, 44.37567], [-0.68345, 44.3762], [-0.68365, 44.37637], [-0.68397, 44.37647]]}}, {"type": "Feature", "properties": {"gabarit": "Poids lourd", "revetement": "Sol naturel", "debroussaillee": false, "longueur_m": 38.4}, "geometry": {"type": "LineString", "coordinates": [[-0.68445, 44.37648], [-0.68397, 44.37647]]}}, {"type": "Feature", "properties": {"gabarit": "Poids lourd", "revetement": "Sol naturel", "debroussaillee": false, "longueur_m": 264.1}, "geometry": {"type": "LineString", "coordinates": [[-0.8248, 44.41011], [-0.82322, 44.41114], [-0.82298, 44.41118], [-0.82207, 44.41113]]}}, {"type": "Feature", "properties": {"gabarit": "Super poids lourd", "revetement": "Empierré", "debroussaillee": false, "longueur_m": 191.3}, "geometry": {"type": "LineString", "coordinates": [[-0.80627, 44.37204], [-0.80538, 44.37231], [-0.80486, 44.37265], [-0.80422, 44.37286]]}}, {"type": "Feature", "properties": {"gabarit": "Poids lourd", "revetement": "Sol naturel", "debroussaillee": false, "longueur_m": 94.6}, "geometry": {"type": "LineString", "coordinates": [[-0.67141, 44.4205], [-0.67143, 44.42068], [-0.67176, 44.4213]]}}, {"type": "Feature", "properties": {"gabarit": "Super poids lourd", "revetement": "Empierré", "debroussaillee": true, "longueur_m": 238.7}, "geometry": {"type": "LineString", "coordinates": [[-0.69824, 44.42181], [-0.69744, 44.42388]]}}, {"type": "Feature", "properties": {"gabarit": "Poids lourd", "revetement": "Sol naturel", "debroussaillee": false, "longueur_m": 219.2}, "geometry": {"type": "LineString", "coordinates": [[-0.69744, 44.42388], [-0.69491, 44.42324], [-0.69486, 44.42327]]}}, {"type": "Feature", "properties": {"gabarit": "Poids lourd", "revetement": "Sol naturel", "debroussaillee": true, "longueur_m": 462.8}, "geometry": {"type": "LineString", "coordinates": [[-0.85614, 44.37707], [-0.85636, 44.3795], [-0.85607, 44.38121]]}}, {"type": "Feature", "properties": {"gabarit": "Poids lourd", "revetement": "Sol naturel", "debroussaillee": true, "longueur_m": 183.9}, "geometry": {"type": "LineString", "coordinates": [[-0.86864, 44.41727], [-0.87086, 44.41772]]}}, {"type": "Feature", "properties": {"gabarit": "Poids lourd", "revetement": "Sol naturel", "debroussaillee": false, "longueur_m": 12.8}, "geometry": {"type": "LineString", "coordinates": [[-0.85659, 44.40899], [-0.85674, 44.40902]]}}, {"type": "Feature", "properties": {"gabarit": "Poids lourd", "revetement": "Sol naturel", "debroussaillee": true, "longueur_m": 148.0}, "geometry": {"type": "LineString", "coordinates": [[-0.76953, 44.41765], [-0.76901, 44.41759], [-0.76864, 44.41729], [-0.76814, 44.41712], [-0.76793, 44.41712]]}}, {"type": "Feature", "properties": {"gabarit": "Poids lourd", "revetement": "Sol naturel", "debroussaillee": true, "longueur_m": 790.6}, "geometry": {"type": "LineString", "coordinates": [[-0.76953, 44.41765], [-0.76948, 44.41637], [-0.76983, 44.4159], [-0.77005, 44.4152], [-0.77006, 44.41474], [-0.76994, 44.41457], [-0.76953, 44.41338], [-0.76937, 44.41319], [-0.76865, 44.41277], [-0.76824, 44.41222], [-0.76815, 44.41204], [-0.76814, 44.41154], [-0.768, 44.41106]]}}, {"type": "Feature", "properties": {"gabarit": "Poids lourd", "revetement": "Sol naturel", "debroussaillee": false, "longueur_m": 1255.0}, "geometry": {"type": "LineString", "coordinates": [[-0.85762, 44.39932], [-0.86368, 44.40014], [-0.87192, 44.40192], [-0.87261, 44.40211], [-0.87276, 44.40225]]}}, {"type": "Feature", "properties": {"gabarit": "Poids lourd", "revetement": "Sol naturel", "debroussaillee": true, "longueur_m": 904.1}, "geometry": {"type": "LineString", "coordinates": [[-0.87409, 44.41043], [-0.87431, 44.40989], [-0.87445, 44.4092], [-0.87288, 44.40242]]}}, {"type": "Feature", "properties": {"gabarit": "Poids lourd", "revetement": "Sol naturel", "debroussaillee": false, "longueur_m": 111.2}, "geometry": {"type": "LineString", "coordinates": [[-0.86779, 44.41944], [-0.86767, 44.41939], [-0.86755, 44.41942], [-0.86728, 44.4202]]}}, {"type": "Feature", "properties": {"gabarit": "Poids lourd", "revetement": "Sol naturel", "debroussaillee": false, "longueur_m": 364.7}, "geometry": {"type": "LineString", "coordinates": [[-0.87029, 44.42271], [-0.87128, 44.4195]]}}, {"type": "Feature", "properties": {"gabarit": "Poids lourd", "revetement": "Sol naturel", "debroussaillee": false, "longueur_m": 391.8}, "geometry": {"type": "LineString", "coordinates": [[-0.84384, 44.39241], [-0.84397, 44.39225], [-0.84474, 44.39205], [-0.84477, 44.39187], [-0.84462, 44.39128], [-0.84451, 44.39103], [-0.84436, 44.39094], [-0.84439, 44.39077], [-0.84417, 44.39027], [-0.8439, 44.39004], [-0.84358, 44.38955]]}}, {"type": "Feature", "properties": {"gabarit": "Poids lourd", "revetement": "Sol naturel", "debroussaillee": false, "longueur_m": 425.4}, "geometry": {"type": "LineString", "coordinates": [[-0.83854, 44.39287], [-0.84384, 44.39241]]}}, {"type": "Feature", "properties": {"gabarit": "Poids lourd", "revetement": "Sol naturel", "debroussaillee": true, "longueur_m": 8.4}, "geometry": {"type": "LineString", "coordinates": [[-0.87426, 44.41048], [-0.87416, 44.41045]]}}, {"type": "Feature", "properties": {"gabarit": "Poids lourd", "revetement": "Sol naturel", "debroussaillee": true, "longueur_m": 556.7}, "geometry": {"type": "LineString", "coordinates": [[-0.88018, 44.41315], [-0.87426, 44.41048]]}}, {"type": "Feature", "properties": {"gabarit": "Poids lourd", "revetement": "Sol naturel", "debroussaillee": false, "longueur_m": 11.7}, "geometry": {"type": "LineString", "coordinates": [[-0.87029, 44.42271], [-0.87043, 44.42273]]}}, {"type": "Feature", "properties": {"gabarit": "Poids lourd", "revetement": "Sol naturel", "debroussaillee": false, "longueur_m": 166.3}, "geometry": {"type": "LineString", "coordinates": [[-0.72815, 44.42618], [-0.72859, 44.42612], [-0.72882, 44.42617], [-0.72904, 44.42632], [-0.73007, 44.42658]]}}, {"type": "Feature", "properties": {"gabarit": "Poids lourd", "revetement": "Sol naturel", "debroussaillee": false, "longueur_m": 318.4}, "geometry": {"type": "LineString", "coordinates": [[-0.81656, 44.38618], [-0.81633, 44.38611], [-0.81362, 44.38672], [-0.81313, 44.38617]]}}, {"type": "Feature", "properties": {"gabarit": "Poids lourd", "revetement": "Sol naturel", "debroussaillee": false, "longueur_m": 109.2}, "geometry": {"type": "LineString", "coordinates": [[-0.77953, 44.40221], [-0.77933, 44.4023], [-0.77868, 44.40239], [-0.77836, 44.40262]]}}, {"type": "Feature", "properties": {"gabarit": "Poids lourd", "revetement": "Sol naturel", "debroussaillee": true, "longueur_m": 724.4}, "geometry": {"type": "LineString", "coordinates": [[-0.73437, 44.44134], [-0.73416, 44.44163], [-0.73342, 44.44219], [-0.7334, 44.44246], [-0.73323, 44.44271], [-0.73321, 44.44327], [-0.7329, 44.44375], [-0.73264, 44.44381], [-0.73248, 44.44358], [-0.73222, 44.44355], [-0.7321, 44.44359], [-0.73188, 44.44382], [-0.73179, 44.44415], [-0.73143, 44.44443], [-0.73133, 44.44481], [-0.7312, 44.44492], [-0.73105, 44.44493], [-0.73068, 44.44482], [-0.73046, 44.44483], [-0.72924, 44.44511]]}}, {"type": "Feature", "properties": {"gabarit": "Poids lourd", "revetement": "Sol naturel", "debroussaillee": true, "longueur_m": 31.4}, "geometry": {"type": "LineString", "coordinates": [[-0.7289, 44.44525], [-0.72924, 44.44511]]}}, {"type": "Feature", "properties": {"gabarit": "Poids lourd", "revetement": "Sol naturel", "debroussaillee": false, "longueur_m": 130.1}, "geometry": {"type": "LineString", "coordinates": [[-0.70831, 44.43849], [-0.7089, 44.43878], [-0.7098, 44.43889]]}}, {"type": "Feature", "properties": {"gabarit": "Poids lourd", "revetement": "Sol naturel", "debroussaillee": false, "longueur_m": 17.7}, "geometry": {"type": "LineString", "coordinates": [[-0.64311, 44.42579], [-0.64333, 44.4258]]}}, {"type": "Feature", "properties": {"gabarit": "Poids lourd", "revetement": "Sol naturel", "debroussaillee": false, "longueur_m": 148.8}, "geometry": {"type": "LineString", "coordinates": [[-0.64453, 44.426], [-0.64443, 44.42632], [-0.64452, 44.42648], [-0.64485, 44.42661], [-0.64479, 44.42677], [-0.64446, 44.42708]]}}, {"type": "Feature", "properties": {"gabarit": "Poids lourd", "revetement": "Sol naturel", "debroussaillee": false, "longueur_m": 33.0}, "geometry": {"type": "LineString", "coordinates": [[-0.6972, 44.41346], [-0.6976, 44.41353]]}}, {"type": "Feature", "properties": {"gabarit": "Super poids lourd", "revetement": "Empierré", "debroussaillee": true, "longueur_m": 9.4}, "geometry": {"type": "LineString", "coordinates": [[-0.76143, 44.4333], [-0.76146, 44.43338]]}}, {"type": "Feature", "properties": {"gabarit": "Poids lourd", "revetement": "Sol naturel", "debroussaillee": false, "longueur_m": 33.8}, "geometry": {"type": "LineString", "coordinates": [[-0.69684, 44.41312], [-0.69695, 44.41341]]}}, {"type": "Feature", "properties": {"gabarit": "Poids lourd", "revetement": "Sol naturel", "debroussaillee": false, "longueur_m": 648.5}, "geometry": {"type": "LineString", "coordinates": [[-0.75616, 44.43055], [-0.75444, 44.43059], [-0.75396, 44.43051], [-0.75386, 44.43061], [-0.75331, 44.43186], [-0.75245, 44.43184], [-0.75192, 44.43192], [-0.7514, 44.43188], [-0.75132, 44.4319], [-0.75125, 44.43206], [-0.75086, 44.43207], [-0.75042, 44.43219], [-0.74963, 44.43213]]}}, {"type": "Feature", "properties": {"gabarit": "Poids lourd", "revetement": "Sol naturel", "debroussaillee": false, "longueur_m": 241.1}, "geometry": {"type": "LineString", "coordinates": [[-0.75126, 44.40629], [-0.75055, 44.40634], [-0.75039, 44.4065], [-0.74919, 44.40651], [-0.74886, 44.40641], [-0.74863, 44.40611]]}}, {"type": "Feature", "properties": {"gabarit": "Poids lourd", "revetement": "Sol naturel", "debroussaillee": false, "longueur_m": 286.8}, "geometry": {"type": "LineString", "coordinates": [[-0.75483, 44.40656], [-0.75224, 44.40641], [-0.75126, 44.40629]]}}, {"type": "Feature", "properties": {"gabarit": "Super poids lourd", "revetement": "Empierré", "debroussaillee": true, "longueur_m": 19.5}, "geometry": {"type": "LineString", "coordinates": [[-0.74885, 44.37758], [-0.74901, 44.37744]]}}, {"type": "Feature", "properties": {"gabarit": "Poids lourd", "revetement": "Sol naturel", "debroussaillee": true, "longueur_m": 331.1}, "geometry": {"type": "LineString", "coordinates": [[-0.60926, 44.38815], [-0.60627, 44.38627], [-0.60622, 44.38614]]}}, {"type": "Feature", "properties": {"gabarit": "Poids lourd", "revetement": "Sol naturel", "debroussaillee": false, "longueur_m": 30.2}, "geometry": {"type": "LineString", "coordinates": [[-0.60622, 44.38614], [-0.60622, 44.38587]]}}, {"type": "Feature", "properties": {"gabarit": "Poids lourd", "revetement": "Sol naturel", "debroussaillee": false, "longueur_m": 98.8}, "geometry": {"type": "LineString", "coordinates": [[-0.64333, 44.4258], [-0.64394, 44.42595], [-0.64453, 44.426]]}}, {"type": "Feature", "properties": {"gabarit": "Super poids lourd", "revetement": "Empierré", "debroussaillee": false, "longueur_m": 136.3}, "geometry": {"type": "LineString", "coordinates": [[-0.72828, 44.42535], [-0.72788, 44.42565], [-0.72764, 44.42599], [-0.72815, 44.42618]]}}, {"type": "Feature", "properties": {"gabarit": "Super poids lourd", "revetement": "Empierré", "debroussaillee": false, "longueur_m": 265.2}, "geometry": {"type": "LineString", "coordinates": [[-0.72269, 44.42612], [-0.72254, 44.42658], [-0.72249, 44.42722], [-0.72234, 44.42759], [-0.72219, 44.42763], [-0.72113, 44.42759]]}}, {"type": "Feature", "properties": {"gabarit": "Poids lourd", "revetement": "Sol naturel", "debroussaillee": false, "longueur_m": 54.3}, "geometry": {"type": "LineString", "coordinates": [[-0.7354, 44.36898], [-0.73541, 44.36878], [-0.73521, 44.36853]]}}, {"type": "Feature", "properties": {"gabarit": "Super poids lourd", "revetement": "Empierré", "debroussaillee": false, "longueur_m": 76.3}, "geometry": {"type": "LineString", "coordinates": [[-0.7522, 44.41031], [-0.75159, 44.40978]]}}, {"type": "Feature", "properties": {"gabarit": "Super poids lourd", "revetement": "Empierré", "debroussaillee": true, "longueur_m": 701.4}, "geometry": {"type": "LineString", "coordinates": [[-0.74289, 44.40725], [-0.74418, 44.40712], [-0.75068, 44.40979]]}}, {"type": "Feature", "properties": {"gabarit": "Poids lourd", "revetement": "Sol naturel", "debroussaillee": false, "longueur_m": 100.8}, "geometry": {"type": "LineString", "coordinates": [[-0.75596, 44.36908], [-0.75642, 44.3694], [-0.75674, 44.36978]]}}, {"type": "Feature", "properties": {"gabarit": "Poids lourd", "revetement": "Sol naturel", "debroussaillee": false, "longueur_m": 21.1}, "geometry": {"type": "LineString", "coordinates": [[-0.69808, 44.41339], [-0.69819, 44.41357]]}}, {"type": "Feature", "properties": {"gabarit": "Super poids lourd", "revetement": "Empierré", "debroussaillee": true, "longueur_m": 410.1}, "geometry": {"type": "LineString", "coordinates": [[-0.66826, 44.43309], [-0.66802, 44.4323], [-0.6683, 44.43169], [-0.66839, 44.43037], [-0.66856, 44.43001], [-0.66893, 44.42955]]}}, {"type": "Feature", "properties": {"gabarit": "Poids lourd", "revetement": "Sol naturel", "debroussaillee": true, "longueur_m": 431.1}, "geometry": {"type": "LineString", "coordinates": [[-0.69758, 44.37143], [-0.69525, 44.37216], [-0.69461, 44.37258], [-0.69434, 44.37311], [-0.69354, 44.37353], [-0.69344, 44.37365]]}}, {"type": "Feature", "properties": {"gabarit": "Poids lourd", "revetement": "Sol naturel", "debroussaillee": false, "longueur_m": 42.4}, "geometry": {"type": "LineString", "coordinates": [[-0.66224, 44.37236], [-0.66212, 44.37246], [-0.66206, 44.3727]]}}, {"type": "Feature", "properties": {"gabarit": "Poids lourd", "revetement": "Sol naturel", "debroussaillee": false, "longueur_m": 468.1}, "geometry": {"type": "LineString", "coordinates": [[-0.66886, 44.37266], [-0.66692, 44.37204], [-0.66611, 44.37196], [-0.66475, 44.37191], [-0.66394, 44.37219], [-0.66331, 44.37231]]}}, {"type": "Feature", "properties": {"gabarit": "Poids lourd", "revetement": "Sol naturel", "debroussaillee": false, "longueur_m": 189.6}, "geometry": {"type": "LineString", "coordinates": [[-0.67309, 44.38652], [-0.6729, 44.38641], [-0.67127, 44.38588], [-0.67107, 44.38569]]}}, {"type": "Feature", "properties": {"gabarit": "Poids lourd", "revetement": "Sol naturel", "debroussaillee": false, "longueur_m": 179.0}, "geometry": {"type": "LineString", "coordinates": [[-0.84716, 44.36813], [-0.84921, 44.36747]]}}, {"type": "Feature", "properties": {"gabarit": "Poids lourd", "revetement": "Sol naturel", "debroussaillee": false, "longueur_m": 352.4}, "geometry": {"type": "LineString", "coordinates": [[-0.79779, 44.38943], [-0.79779, 44.38901], [-0.7979, 44.38886], [-0.79878, 44.38844], [-0.79857, 44.3877], [-0.79869, 44.38665]]}}, {"type": "Feature", "properties": {"gabarit": "Poids lourd", "revetement": "Sol naturel", "debroussaillee": true, "longueur_m": 387.1}, "geometry": {"type": "LineString", "coordinates": [[-0.80625, 44.38647], [-0.80543, 44.38663], [-0.80469, 44.38664], [-0.8037, 44.38694], [-0.803, 44.38706], [-0.80242, 44.38705], [-0.80157, 44.38724]]}}, {"type": "Feature", "properties": {"gabarit": "Poids lourd", "revetement": "Sol naturel", "debroussaillee": false, "longueur_m": 675.6}, "geometry": {"type": "LineString", "coordinates": [[-0.777, 44.37586], [-0.77786, 44.37546], [-0.77812, 44.37554], [-0.77844, 44.37554], [-0.77879, 44.3757], [-0.77925, 44.37578], [-0.78135, 44.37449], [-0.78212, 44.3747], [-0.78305, 44.37475], [-0.78351, 44.3747], [-0.78394, 44.37477], [-0.78435, 44.37464]]}}, {"type": "Feature", "properties": {"gabarit": "Poids lourd", "revetement": "Sol naturel", "debroussaillee": false, "longueur_m": 57.8}, "geometry": {"type": "LineString", "coordinates": [[-0.78484, 44.37426], [-0.78435, 44.37464]]}}, {"type": "Feature", "properties": {"gabarit": "Poids lourd", "revetement": "Sol naturel", "debroussaillee": false, "longueur_m": 560.5}, "geometry": {"type": "LineString", "coordinates": [[-0.78196, 44.37254], [-0.78171, 44.3728], [-0.78129, 44.37281], [-0.78101, 44.3729], [-0.78034, 44.37339], [-0.77928, 44.37396], [-0.77902, 44.37423], [-0.77814, 44.37466], [-0.77733, 44.37538], [-0.777, 44.37586]]}}, {"type": "Feature", "properties": {"gabarit": "Poids lourd", "revetement": "Sol naturel", "debroussaillee": false, "longueur_m": 197.0}, "geometry": {"type": "LineString", "coordinates": [[-0.73837, 44.37668], [-0.73876, 44.37686], [-0.73897, 44.37654], [-0.73905, 44.37653], [-0.74029, 44.37699]]}}, {"type": "Feature", "properties": {"gabarit": "Poids lourd", "revetement": "Sol naturel", "debroussaillee": false, "longueur_m": 80.4}, "geometry": {"type": "LineString", "coordinates": [[-0.74089, 44.37795], [-0.74072, 44.37784], [-0.74018, 44.37783], [-0.74011, 44.37769]]}}, {"type": "Feature", "properties": {"gabarit": "Poids lourd", "revetement": "Sol naturel", "debroussaillee": false, "longueur_m": 103.7}, "geometry": {"type": "LineString", "coordinates": [[-0.70442, 44.41008], [-0.7049, 44.41021], [-0.70508, 44.40996], [-0.70542, 44.40985]]}}, {"type": "Feature", "properties": {"gabarit": "Poids lourd", "revetement": "Sol naturel", "debroussaillee": false, "longueur_m": 462.6}, "geometry": {"type": "LineString", "coordinates": [[-0.70008, 44.40841], [-0.70105, 44.40843], [-0.70131, 44.40848], [-0.70244, 44.40894], [-0.70303, 44.40901], [-0.70449, 44.40958], [-0.70542, 44.40985]]}}, {"type": "Feature", "properties": {"gabarit": "Super poids lourd", "revetement": "Empierré", "debroussaillee": true, "longueur_m": 97.1}, "geometry": {"type": "LineString", "coordinates": [[-0.69733, 44.41036], [-0.69611, 44.4104]]}}, {"type": "Feature", "properties": {"gabarit": "Poids lourd", "revetement": "Sol naturel", "debroussaillee": false, "longueur_m": 8.7}, "geometry": {"type": "LineString", "coordinates": [[-0.69732, 44.41043], [-0.69733, 44.41036]]}}, {"type": "Feature", "properties": {"gabarit": "Poids lourd", "revetement": "Sol naturel", "debroussaillee": false, "longueur_m": 173.0}, "geometry": {"type": "LineString", "coordinates": [[-0.66726, 44.38444], [-0.66688, 44.38431], [-0.66643, 44.38424], [-0.6654, 44.38373]]}}, {"type": "Feature", "properties": {"gabarit": "Poids lourd", "revetement": "Sol naturel", "debroussaillee": false, "longueur_m": 120.5}, "geometry": {"type": "LineString", "coordinates": [[-0.64351, 44.38855], [-0.64376, 44.38765], [-0.64395, 44.38756]]}}, {"type": "Feature", "properties": {"gabarit": "Poids lourd", "revetement": "Sol naturel", "debroussaillee": true, "longueur_m": 14.7}, "geometry": {"type": "LineString", "coordinates": [[-0.64368, 44.3886], [-0.64351, 44.38855]]}}, {"type": "Feature", "properties": {"gabarit": "Super poids lourd", "revetement": "Empierré", "debroussaillee": true, "longueur_m": 637.5}, "geometry": {"type": "LineString", "coordinates": [[-0.64543, 44.38192], [-0.64395, 44.38756]]}}, {"type": "Feature", "properties": {"gabarit": "Poids lourd", "revetement": "Sol naturel", "debroussaillee": false, "longueur_m": 44.5}, "geometry": {"type": "LineString", "coordinates": [[-0.61281, 44.38313], [-0.61243, 44.38299], [-0.61243, 44.3829]]}}, {"type": "Feature", "properties": {"gabarit": "Poids lourd", "revetement": "Sol naturel", "debroussaillee": false, "longueur_m": 14.2}, "geometry": {"type": "LineString", "coordinates": [[-0.69772, 44.4149], [-0.69765, 44.41478]]}}, {"type": "Feature", "properties": {"gabarit": "Super poids lourd", "revetement": "Empierré", "debroussaillee": true, "longueur_m": 51.6}, "geometry": {"type": "LineString", "coordinates": [[-0.66893, 44.42955], [-0.66911, 44.4293], [-0.66904, 44.42913]]}}, {"type": "Feature", "properties": {"gabarit": "Super poids lourd", "revetement": "Empierré", "debroussaillee": true, "longueur_m": 9.7}, "geometry": {"type": "LineString", "coordinates": [[-0.66904, 44.42913], [-0.66898, 44.42906]]}}, {"type": "Feature", "properties": {"gabarit": "Poids lourd", "revetement": "Sol naturel", "debroussaillee": false, "longueur_m": 114.8}, "geometry": {"type": "LineString", "coordinates": [[-0.80509, 44.42309], [-0.80512, 44.42349], [-0.80488, 44.4236], [-0.8043, 44.42372]]}}, {"type": "Feature", "properties": {"gabarit": "Poids lourd", "revetement": "Sol naturel", "debroussaillee": true, "longueur_m": 140.1}, "geometry": {"type": "LineString", "coordinates": [[-0.65549, 44.36964], [-0.65569, 44.36939], [-0.656, 44.36927], [-0.65633, 44.36924], [-0.65689, 44.36951]]}}, {"type": "Feature", "properties": {"gabarit": "Poids lourd", "revetement": "Sol naturel", "debroussaillee": false, "longueur_m": 544.0}, "geometry": {"type": "LineString", "coordinates": [[-0.67583, 44.38065], [-0.67359, 44.38073], [-0.6728, 44.38054], [-0.67235, 44.38024], [-0.66931, 44.37973]]}}, {"type": "Feature", "properties": {"gabarit": "Poids lourd", "revetement": "Sol naturel", "debroussaillee": false, "longueur_m": 326.2}, "geometry": {"type": "LineString", "coordinates": [[-0.64338, 44.44773], [-0.63968, 44.44898]]}}, {"type": "Feature", "properties": {"gabarit": "Super poids lourd", "revetement": "Empierré", "debroussaillee": true, "longueur_m": 561.6}, "geometry": {"type": "LineString", "coordinates": [[-0.64368, 44.3886], [-0.64274, 44.3922], [-0.64271, 44.39359]]}}, {"type": "Feature", "properties": {"gabarit": "Poids lourd", "revetement": "Sol naturel", "debroussaillee": true, "longueur_m": 250.4}, "geometry": {"type": "LineString", "coordinates": [[-0.724, 44.37649], [-0.72202, 44.37643], [-0.72097, 44.37678]]}}, {"type": "Feature", "properties": {"gabarit": "Poids lourd", "revetement": "Sol naturel", "debroussaillee": false, "longueur_m": 24.4}, "geometry": {"type": "LineString", "coordinates": [[-0.59105, 44.37857], [-0.59107, 44.37835]]}}, {"type": "Feature", "properties": {"gabarit": "Poids lourd", "revetement": "Sol naturel", "debroussaillee": false, "longueur_m": 696.4}, "geometry": {"type": "LineString", "coordinates": [[-0.81144, 44.41884], [-0.81017, 44.41967], [-0.8093, 44.42046], [-0.80837, 44.42107], [-0.80553, 44.42267], [-0.80509, 44.42309]]}}, {"type": "Feature", "properties": {"gabarit": "Poids lourd", "revetement": "Sol naturel", "debroussaillee": false, "longueur_m": 83.8}, "geometry": {"type": "LineString", "coordinates": [[-0.77249, 44.41124], [-0.77279, 44.41143], [-0.77295, 44.41168], [-0.77318, 44.41176]]}}, {"type": "Feature", "properties": {"gabarit": "Poids lourd", "revetement": "Sol naturel", "debroussaillee": true, "longueur_m": 596.4}, "geometry": {"type": "LineString", "coordinates": [[-0.73275, 44.36786], [-0.73171, 44.36699], [-0.73135, 44.3669], [-0.73099, 44.36648], [-0.73062, 44.36622], [-0.72998, 44.36533], [-0.72971, 44.3648], [-0.72929, 44.36429], [-0.72884, 44.36343]]}}, {"type": "Feature", "properties": {"gabarit": "Poids lourd", "revetement": "Sol naturel", "debroussaillee": false, "longueur_m": 165.5}, "geometry": {"type": "LineString", "coordinates": [[-0.67076, 44.42966], [-0.67048, 44.42941], [-0.67037, 44.4294], [-0.66967, 44.4296], [-0.66927, 44.42962], [-0.66893, 44.42955]]}}, {"type": "Feature", "properties": {"gabarit": "Poids lourd", "revetement": "Sol naturel", "debroussaillee": false, "longueur_m": 44.4}, "geometry": {"type": "LineString", "coordinates": [[-0.65893, 44.36689], [-0.65881, 44.3665]]}}, {"type": "Feature", "properties": {"gabarit": "Poids lourd", "revetement": "Sol naturel", "debroussaillee": true, "longueur_m": 495.8}, "geometry": {"type": "LineString", "coordinates": [[-0.64997, 44.37127], [-0.65095, 44.37134], [-0.65142, 44.37126], [-0.65199, 44.37094], [-0.65245, 44.37085], [-0.65354, 44.37046], [-0.65427, 44.37003], [-0.65502, 44.36988], [-0.65549, 44.36964]]}}, {"type": "Feature", "properties": {"gabarit": "Poids lourd", "revetement": "Sol naturel", "debroussaillee": false, "longueur_m": 935.2}, "geometry": {"type": "LineString", "coordinates": [[-0.65332, 44.38331], [-0.65243, 44.38318], [-0.6493, 44.38529], [-0.6456, 44.38898], [-0.64544, 44.38894]]}}, {"type": "Feature", "properties": {"gabarit": "Poids lourd", "revetement": "Sol naturel", "debroussaillee": false, "longueur_m": 684.0}, "geometry": {"type": "LineString", "coordinates": [[-0.62068, 44.38972], [-0.6201, 44.38954], [-0.62009, 44.38949], [-0.62249, 44.3841]]}}, {"type": "Feature", "properties": {"gabarit": "Poids lourd", "revetement": "Sol naturel", "debroussaillee": true, "longueur_m": 506.8}, "geometry": {"type": "LineString", "coordinates": [[-0.6006, 44.38247], [-0.60177, 44.38695]]}}, {"type": "Feature", "properties": {"gabarit": "Poids lourd", "revetement": "Sol naturel", "debroussaillee": false, "longueur_m": 52.5}, "geometry": {"type": "LineString", "coordinates": [[-0.59107, 44.37835], [-0.59101, 44.37789]]}}, {"type": "Feature", "properties": {"gabarit": "Poids lourd", "revetement": "Sol naturel", "debroussaillee": true, "longueur_m": 139.0}, "geometry": {"type": "LineString", "coordinates": [[-0.78049, 44.41509], [-0.78205, 44.41566]]}}, {"type": "Feature", "properties": {"gabarit": "Super poids lourd", "revetement": "Empierré", "debroussaillee": false, "longueur_m": 191.1}, "geometry": {"type": "LineString", "coordinates": [[-0.7177, 44.42719], [-0.72007, 44.42744]]}}, {"type": "Feature", "properties": {"gabarit": "Poids lourd", "revetement": "Sol naturel", "debroussaillee": true, "longueur_m": 285.7}, "geometry": {"type": "LineString", "coordinates": [[-0.7419, 44.36541], [-0.74023, 44.36525], [-0.73949, 44.36477], [-0.73867, 44.36452]]}}, {"type": "Feature", "properties": {"gabarit": "Poids lourd", "revetement": "Sol naturel", "debroussaillee": false, "longueur_m": 749.6}, "geometry": {"type": "LineString", "coordinates": [[-0.7188, 44.43895], [-0.71835, 44.43906], [-0.71775, 44.43934], [-0.71708, 44.43919], [-0.7165, 44.43942], [-0.71571, 44.43941], [-0.71512, 44.43949], [-0.71448, 44.43947], [-0.713, 44.43958], [-0.71278, 44.43963], [-0.71227, 44.43999], [-0.71005, 44.43948]]}}, {"type": "Feature", "properties": {"gabarit": "Poids lourd", "revetement": "Sol naturel", "debroussaillee": false, "longueur_m": 316.2}, "geometry": {"type": "LineString", "coordinates": [[-0.65817, 44.43315], [-0.65754, 44.43276], [-0.65722, 44.43265], [-0.65629, 44.43256], [-0.65525, 44.43229], [-0.65453, 44.4324]]}}, {"type": "Feature", "properties": {"gabarit": "Poids lourd", "revetement": "Sol naturel", "debroussaillee": false, "longueur_m": 94.0}, "geometry": {"type": "LineString", "coordinates": [[-0.80509, 44.42309], [-0.8043, 44.42372]]}}, {"type": "Feature", "properties": {"gabarit": "Poids lourd", "revetement": "Sol naturel", "debroussaillee": false, "longueur_m": 112.8}, "geometry": {"type": "LineString", "coordinates": [[-0.65549, 44.36964], [-0.65619, 44.36964], [-0.65689, 44.36951]]}}, {"type": "Feature", "properties": {"gabarit": "Poids lourd", "revetement": "Sol naturel", "debroussaillee": false, "longueur_m": 121.8}, "geometry": {"type": "LineString", "coordinates": [[-0.65689, 44.36951], [-0.65741, 44.36938], [-0.65795, 44.36916], [-0.65811, 44.36894]]}}, {"type": "Feature", "properties": {"gabarit": "Poids lourd", "revetement": "Sol naturel", "debroussaillee": false, "longueur_m": 277.9}, "geometry": {"type": "LineString", "coordinates": [[-0.75422, 44.40753], [-0.7544, 44.40762], [-0.7558, 44.40775], [-0.7558, 44.40799], [-0.75626, 44.40902]]}}, {"type": "Feature", "properties": {"gabarit": "Poids lourd", "revetement": "Sol naturel", "debroussaillee": false, "longueur_m": 506.0}, "geometry": {"type": "LineString", "coordinates": [[-0.77318, 44.41176], [-0.77383, 44.41189], [-0.77418, 44.41206], [-0.77504, 44.41219], [-0.77594, 44.41271], [-0.77634, 44.41287], [-0.77661, 44.41307], [-0.77715, 44.4133], [-0.77794, 44.4135], [-0.77882, 44.41351]]}}, {"type": "Feature", "properties": {"gabarit": "Poids lourd", "revetement": "Sol naturel", "debroussaillee": false, "longueur_m": 630.3}, "geometry": {"type": "LineString", "coordinates": [[-0.68491, 44.38279], [-0.68528, 44.38279], [-0.68545, 44.38269], [-0.68566, 44.38163], [-0.6858, 44.38146], [-0.68579, 44.38099], [-0.68539, 44.38077], [-0.68535, 44.38056], [-0.68561, 44.37914], [-0.68554, 44.37895], [-0.68578, 44.37767]]}}, {"type": "Feature", "properties": {"gabarit": "Poids lourd", "revetement": "Sol naturel", "debroussaillee": false, "longueur_m": 738.0}, "geometry": {"type": "LineString", "coordinates": [[-0.65362, 44.44076], [-0.65368, 44.44308], [-0.65343, 44.44322], [-0.65358, 44.44337], [-0.6529, 44.4464], [-0.65288, 44.44646], [-0.65187, 44.44655]]}}, {"type": "Feature", "properties": {"gabarit": "Super poids lourd", "revetement": "Empierré", "debroussaillee": false, "longueur_m": 328.8}, "geometry": {"type": "LineString", "coordinates": [[-0.69687, 44.37621], [-0.69742, 44.37625], [-0.69789, 44.37617], [-0.69875, 44.37615], [-0.6995, 44.37636], [-0.70089, 44.37659]]}}, {"type": "Feature", "properties": {"gabarit": "Poids lourd", "revetement": "Sol naturel", "debroussaillee": false, "longueur_m": 333.1}, "geometry": {"type": "LineString", "coordinates": [[-0.87128, 44.4195], [-0.86829, 44.41886], [-0.86795, 44.41943], [-0.86779, 44.41944]]}}, {"type": "Feature", "properties": {"gabarit": "Super poids lourd", "revetement": "Empierré", "debroussaillee": false, "longueur_m": 512.2}, "geometry": {"type": "LineString", "coordinates": [[-0.65485, 44.4316], [-0.65226, 44.43152], [-0.65107, 44.43132], [-0.65065, 44.43119], [-0.65042, 44.43102], [-0.65056, 44.43001], [-0.65062, 44.42993], [-0.65089, 44.42987]]}}, {"type": "Feature", "properties": {"gabarit": "Poids lourd", "revetement": "Sol naturel", "debroussaillee": false, "longueur_m": 84.2}, "geometry": {"type": "LineString", "coordinates": [[-0.65907, 44.36763], [-0.65893, 44.36689]]}}, {"type": "Feature", "properties": {"gabarit": "Poids lourd", "revetement": "Sol naturel", "debroussaillee": false, "longueur_m": 48.8}, "geometry": {"type": "LineString", "coordinates": [[-0.88058, 44.37646], [-0.88015, 44.37678]]}}, {"type": "Feature", "properties": {"gabarit": "Poids lourd", "revetement": "Sol naturel", "debroussaillee": false, "longueur_m": 149.6}, "geometry": {"type": "LineString", "coordinates": [[-0.67322, 44.38663], [-0.67366, 44.38532]]}}, {"type": "Feature", "properties": {"gabarit": "Poids lourd", "revetement": "Sol naturel", "debroussaillee": false, "longueur_m": 321.7}, "geometry": {"type": "LineString", "coordinates": [[-0.6825, 44.44347], [-0.6818, 44.44321], [-0.68067, 44.44337], [-0.67877, 44.4434], [-0.67864, 44.44347]]}}, {"type": "Feature", "properties": {"gabarit": "Poids lourd", "revetement": "Sol naturel", "debroussaillee": false, "longueur_m": 106.5}, "geometry": {"type": "LineString", "coordinates": [[-0.69684, 44.41312], [-0.69774, 44.41325], [-0.69808, 44.41339]]}}, {"type": "Feature", "properties": {"gabarit": "Poids lourd", "revetement": "Sol naturel", "debroussaillee": false, "longueur_m": 268.3}, "geometry": {"type": "LineString", "coordinates": [[-0.83023, 44.4104], [-0.83041, 44.41059], [-0.83189, 44.41159], [-0.83194, 44.41173], [-0.8317, 44.41228]]}}, {"type": "Feature", "properties": {"gabarit": "Super poids lourd", "revetement": "Empierré", "debroussaillee": false, "longueur_m": 375.0}, "geometry": {"type": "LineString", "coordinates": [[-0.74788, 44.36456], [-0.74761, 44.36466], [-0.74698, 44.36471], [-0.74475, 44.3645], [-0.74442, 44.36452], [-0.74332, 44.36482]]}}, {"type": "Feature", "properties": {"gabarit": "Poids lourd", "revetement": "Sol naturel", "debroussaillee": false, "longueur_m": 10.7}, "geometry": {"type": "LineString", "coordinates": [[-0.66673, 44.4271], [-0.66673, 44.4272]]}}, {"type": "Feature", "properties": {"gabarit": "Poids lourd", "revetement": "Sol naturel", "debroussaillee": false, "longueur_m": 147.5}, "geometry": {"type": "LineString", "coordinates": [[-0.79309, 44.36666], [-0.79287, 44.36674], [-0.79272, 44.36665], [-0.79161, 44.36725]]}}, {"type": "Feature", "properties": {"gabarit": "Poids lourd", "revetement": "Sol naturel", "debroussaillee": true, "longueur_m": 67.8}, "geometry": {"type": "LineString", "coordinates": [[-0.60622, 44.38587], [-0.60548, 44.38579], [-0.60541, 44.38573]]}}, {"type": "Feature", "properties": {"gabarit": "Poids lourd", "revetement": "Sol naturel", "debroussaillee": false, "longueur_m": 422.8}, "geometry": {"type": "LineString", "coordinates": [[-0.69211, 44.42221], [-0.69167, 44.42223], [-0.69041, 44.42286], [-0.68928, 44.42307], [-0.68879, 44.42323], [-0.68821, 44.42334], [-0.68766, 44.4235], [-0.68733, 44.42367]]}}, {"type": "Feature", "properties": {"gabarit": "Poids lourd", "revetement": "Sol naturel", "debroussaillee": false, "longueur_m": 712.1}, "geometry": {"type": "LineString", "coordinates": [[-0.6824, 44.45093], [-0.68192, 44.45135], [-0.68161, 44.45203], [-0.68199, 44.45217], [-0.68231, 44.45242], [-0.68251, 44.45295], [-0.6824, 44.45351], [-0.68257, 44.4538], [-0.68286, 44.45419], [-0.68345, 44.45477], [-0.68435, 44.45597], [-0.68482, 44.45638]]}}, {"type": "Feature", "properties": {"gabarit": "Poids lourd", "revetement": "Sol naturel", "debroussaillee": false, "longueur_m": 415.9}, "geometry": {"type": "LineString", "coordinates": [[-0.61243, 44.3829], [-0.61254, 44.38258], [-0.61221, 44.38194], [-0.6103, 44.38059], [-0.6099, 44.38042], [-0.60973, 44.38025], [-0.60977, 44.38]]}}, {"type": "Feature", "properties": {"gabarit": "Poids lourd", "revetement": "Sol naturel", "debroussaillee": false, "longueur_m": 220.3}, "geometry": {"type": "LineString", "coordinates": [[-0.78176, 44.41852], [-0.7815, 44.41883], [-0.78116, 44.41961], [-0.78115, 44.41992], [-0.78129, 44.42039]]}}, {"type": "Feature", "properties": {"gabarit": "Poids lourd", "revetement": "Sol naturel", "debroussaillee": false, "longueur_m": 18.1}, "geometry": {"type": "LineString", "coordinates": [[-0.79569, 44.41313], [-0.79555, 44.41301]]}}, {"type": "Feature", "properties": {"gabarit": "Poids lourd", "revetement": "Sol naturel", "debroussaillee": false, "longueur_m": 6.1}, "geometry": {"type": "LineString", "coordinates": [[-0.70292, 44.39263], [-0.70284, 44.39262]]}}, {"type": "Feature", "properties": {"gabarit": "Poids lourd", "revetement": "Sol naturel", "debroussaillee": false, "longueur_m": 179.6}, "geometry": {"type": "LineString", "coordinates": [[-0.6375, 44.40862], [-0.63769, 44.40701]]}}, {"type": "Feature", "properties": {"gabarit": "Poids lourd", "revetement": "Sol naturel", "debroussaillee": false, "longueur_m": 78.4}, "geometry": {"type": "LineString", "coordinates": [[-0.78191, 44.41783], [-0.78182, 44.41797], [-0.78176, 44.41852]]}}, {"type": "Feature", "properties": {"gabarit": "Poids lourd", "revetement": "Sol naturel", "debroussaillee": false, "longueur_m": 62.7}, "geometry": {"type": "LineString", "coordinates": [[-0.70794, 44.38545], [-0.70791, 44.38489]]}}, {"type": "Feature", "properties": {"gabarit": "Poids lourd", "revetement": "Sol naturel", "debroussaillee": false, "longueur_m": 211.9}, "geometry": {"type": "LineString", "coordinates": [[-0.73161, 44.37765], [-0.73302, 44.37605]]}}, {"type": "Feature", "properties": {"gabarit": "Super poids lourd", "revetement": "Empierré", "debroussaillee": true, "longueur_m": 23.3}, "geometry": {"type": "LineString", "coordinates": [[-0.66297, 44.38599], [-0.66277, 44.38615]]}}, {"type": "Feature", "properties": {"gabarit": "Poids lourd", "revetement": "Sol naturel", "debroussaillee": false, "longueur_m": 18.0}, "geometry": {"type": "LineString", "coordinates": [[-0.72299, 44.39631], [-0.72294, 44.39638], [-0.72301, 44.39645]]}}, {"type": "Feature", "properties": {"gabarit": "Super poids lourd", "revetement": "Empierré", "debroussaillee": false, "longueur_m": 129.8}, "geometry": {"type": "LineString", "coordinates": [[-0.82556, 44.41217], [-0.82423, 44.41149]]}}, {"type": "Feature", "properties": {"gabarit": "Poids lourd", "revetement": "Sol naturel", "debroussaillee": false, "longueur_m": 10.2}, "geometry": {"type": "LineString", "coordinates": [[-0.67706, 44.42999], [-0.67706, 44.4299]]}}, {"type": "Feature", "properties": {"gabarit": "Poids lourd", "revetement": "Sol naturel", "debroussaillee": true, "longueur_m": 150.0}, "geometry": {"type": "LineString", "coordinates": [[-0.63527, 44.41499], [-0.6335, 44.41453]]}}, {"type": "Feature", "properties": {"gabarit": "Poids lourd", "revetement": "Sol naturel", "debroussaillee": false, "longueur_m": 172.6}, "geometry": {"type": "LineString", "coordinates": [[-0.70309, 44.3867], [-0.70241, 44.3858], [-0.70229, 44.38528]]}}, {"type": "Feature", "properties": {"gabarit": "Poids lourd", "revetement": "Sol naturel", "debroussaillee": false, "longueur_m": 539.3}, "geometry": {"type": "LineString", "coordinates": [[-0.70361, 44.38796], [-0.70392, 44.38845], [-0.70452, 44.38912], [-0.70785, 44.3917]]}}, {"type": "Feature", "properties": {"gabarit": "Poids lourd", "revetement": "Sol naturel", "debroussaillee": false, "longueur_m": 56.4}, "geometry": {"type": "LineString", "coordinates": [[-0.65617, 44.39611], [-0.65563, 44.39644]]}}, {"type": "Feature", "properties": {"gabarit": "Poids lourd", "revetement": "Sol naturel", "debroussaillee": true, "longueur_m": 643.2}, "geometry": {"type": "LineString", "coordinates": [[-0.643, 44.41665], [-0.63796, 44.4157], [-0.63527, 44.41499]]}}, {"type": "Feature", "properties": {"gabarit": "Poids lourd", "revetement": "Sol naturel", "debroussaillee": false, "longueur_m": 197.4}, "geometry": {"type": "LineString", "coordinates": [[-0.73289, 44.39583], [-0.7309, 44.39653], [-0.73071, 44.39665]]}}, {"type": "Feature", "properties": {"gabarit": "Poids lourd", "revetement": "Sol naturel", "debroussaillee": false, "longueur_m": 123.0}, "geometry": {"type": "LineString", "coordinates": [[-0.84536, 44.40666], [-0.84409, 44.40667], [-0.84396, 44.40652]]}}, {"type": "Feature", "properties": {"gabarit": "Poids lourd", "revetement": "Sol naturel", "debroussaillee": true, "longueur_m": 292.3}, "geometry": {"type": "LineString", "coordinates": [[-0.64329, 44.43789], [-0.64332, 44.44053]]}}, {"type": "Feature", "properties": {"gabarit": "Poids lourd", "revetement": "Sol naturel", "debroussaillee": false, "longueur_m": 40.1}, "geometry": {"type": "LineString", "coordinates": [[-0.78645, 44.37588], [-0.78685, 44.37566]]}}, {"type": "Feature", "properties": {"gabarit": "Super poids lourd", "revetement": "Empierré", "debroussaillee": true, "longueur_m": 28.7}, "geometry": {"type": "LineString", "coordinates": [[-0.64324, 44.4355], [-0.64325, 44.43576]]}}, {"type": "Feature", "properties": {"gabarit": "Poids lourd", "revetement": "Sol naturel", "debroussaillee": true, "longueur_m": 167.4}, "geometry": {"type": "LineString", "coordinates": [[-0.73153, 44.3861], [-0.7332, 44.38519]]}}, {"type": "Feature", "properties": {"gabarit": "Poids lourd", "revetement": "Sol naturel", "debroussaillee": false, "longueur_m": 407.8}, "geometry": {"type": "LineString", "coordinates": [[-0.64328, 44.43759], [-0.63819, 44.43802]]}}, {"type": "Feature", "properties": {"gabarit": "Super poids lourd", "revetement": "Empierré", "debroussaillee": false, "longueur_m": 122.2}, "geometry": {"type": "LineString", "coordinates": [[-0.71861, 44.37365], [-0.71853, 44.37475]]}}, {"type": "Feature", "properties": {"gabarit": "Super poids lourd", "revetement": "Empierré", "debroussaillee": true, "longueur_m": 96.6}, "geometry": {"type": "LineString", "coordinates": [[-0.65753, 44.38993], [-0.65667, 44.39054]]}}, {"type": "Feature", "properties": {"gabarit": "Poids lourd", "revetement": "Sol naturel", "debroussaillee": false, "longueur_m": 133.2}, "geometry": {"type": "LineString", "coordinates": [[-0.87108, 44.42318], [-0.87234, 44.4235], [-0.87267, 44.42348]]}}, {"type": "Feature", "properties": {"gabarit": "Poids lourd", "revetement": "Sol naturel", "debroussaillee": false, "longueur_m": 722.4}, "geometry": {"type": "LineString", "coordinates": [[-0.85762, 44.39932], [-0.85269, 44.39843], [-0.84888, 44.39759]]}}, {"type": "Feature", "properties": {"gabarit": "Poids lourd", "revetement": "Sol naturel", "debroussaillee": true, "longueur_m": 279.7}, "geometry": {"type": "LineString", "coordinates": [[-0.70378, 44.36917], [-0.70295, 44.37109], [-0.70282, 44.3713], [-0.70252, 44.37146]]}}, {"type": "Feature", "properties": {"gabarit": "Poids lourd", "revetement": "Sol naturel", "debroussaillee": false, "longueur_m": 151.9}, "geometry": {"type": "LineString", "coordinates": [[-0.84583, 44.40795], [-0.84588, 44.40763], [-0.84536, 44.40666]]}}, {"type": "Feature", "properties": {"gabarit": "Poids lourd", "revetement": "Sol naturel", "debroussaillee": false, "longueur_m": 266.5}, "geometry": {"type": "LineString", "coordinates": [[-0.84362, 44.41578], [-0.84386, 44.41468], [-0.84401, 44.4134]]}}, {"type": "Feature", "properties": {"gabarit": "Poids lourd", "revetement": "Sol naturel", "debroussaillee": false, "longueur_m": 262.2}, "geometry": {"type": "LineString", "coordinates": [[-0.6685, 44.37819], [-0.66852, 44.37739], [-0.66876, 44.37636], [-0.66873, 44.37585]]}}, {"type": "Feature", "properties": {"gabarit": "Poids lourd", "revetement": "Sol naturel", "debroussaillee": false, "longueur_m": 197.7}, "geometry": {"type": "LineString", "coordinates": [[-0.70684, 44.40092], [-0.70436, 44.40081]]}}, {"type": "Feature", "properties": {"gabarit": "Poids lourd", "revetement": "Sol naturel", "debroussaillee": false, "longueur_m": 89.8}, "geometry": {"type": "LineString", "coordinates": [[-0.69579, 44.38246], [-0.69624, 44.38287], [-0.69624, 44.38315]]}}, {"type": "Feature", "properties": {"gabarit": "Poids lourd", "revetement": "Sol naturel", "debroussaillee": true, "longueur_m": 191.3}, "geometry": {"type": "LineString", "coordinates": [[-0.70402, 44.36745], [-0.70378, 44.36917]]}}, {"type": "Feature", "properties": {"gabarit": "Super poids lourd", "revetement": "Empierré", "debroussaillee": true, "longueur_m": 392.0}, "geometry": {"type": "LineString", "coordinates": [[-0.69141, 44.40182], [-0.69632, 44.40198]]}}, {"type": "Feature", "properties": {"gabarit": "Poids lourd", "revetement": "Sol naturel", "debroussaillee": false, "longueur_m": 780.9}, "geometry": {"type": "LineString", "coordinates": [[-0.70918, 44.39652], [-0.70546, 44.39686], [-0.7053, 44.3969], [-0.70459, 44.39734], [-0.70449, 44.39749], [-0.70427, 44.39881], [-0.70461, 44.40005], [-0.70436, 44.40081]]}}, {"type": "Feature", "properties": {"gabarit": "Super poids lourd", "revetement": "Empierré", "debroussaillee": true, "longueur_m": 9.9}, "geometry": {"type": "LineString", "coordinates": [[-0.64289, 44.40681], [-0.64289, 44.4069]]}}, {"type": "Feature", "properties": {"gabarit": "Poids lourd", "revetement": "Sol naturel", "debroussaillee": false, "longueur_m": 151.1}, "geometry": {"type": "LineString", "coordinates": [[-0.79217, 44.42713], [-0.7921, 44.42849]]}}, {"type": "Feature", "properties": {"gabarit": "Poids lourd", "revetement": "Sol naturel", "debroussaillee": false, "longueur_m": 100.0}, "geometry": {"type": "LineString", "coordinates": [[-0.68495, 44.39985], [-0.6837, 44.39979]]}}, {"type": "Feature", "properties": {"gabarit": "Poids lourd", "revetement": "Sol naturel", "debroussaillee": false, "longueur_m": 87.7}, "geometry": {"type": "LineString", "coordinates": [[-0.7183, 44.40071], [-0.7186, 44.40147]]}}, {"type": "Feature", "properties": {"gabarit": "Poids lourd", "revetement": "Sol naturel", "debroussaillee": false, "longueur_m": 49.7}, "geometry": {"type": "LineString", "coordinates": [[-0.73671, 44.37627], [-0.73733, 44.37624]]}}, {"type": "Feature", "properties": {"gabarit": "Poids lourd", "revetement": "Sol naturel", "debroussaillee": false, "longueur_m": 61.8}, "geometry": {"type": "LineString", "coordinates": [[-0.76119, 44.39115], [-0.76138, 44.3912], [-0.76194, 44.39111]]}}, {"type": "Feature", "properties": {"gabarit": "Poids lourd", "revetement": "Sol naturel", "debroussaillee": false, "longueur_m": 278.2}, "geometry": {"type": "LineString", "coordinates": [[-0.85547, 44.38622], [-0.852, 44.38653]]}}, {"type": "Feature", "properties": {"gabarit": "Poids lourd", "revetement": "Sol naturel", "debroussaillee": false, "longueur_m": 124.5}, "geometry": {"type": "LineString", "coordinates": [[-0.73275, 44.36786], [-0.73318, 44.36811], [-0.73418, 44.36816]]}}, {"type": "Feature", "properties": {"gabarit": "Poids lourd", "revetement": "Sol naturel", "debroussaillee": false, "longueur_m": 256.0}, "geometry": {"type": "LineString", "coordinates": [[-0.70511, 44.39477], [-0.7083, 44.39507]]}}, {"type": "Feature", "properties": {"gabarit": "Poids lourd", "revetement": "Sol naturel", "debroussaillee": false, "longueur_m": 54.0}, "geometry": {"type": "LineString", "coordinates": [[-0.70954, 44.40106], [-0.70886, 44.40103]]}}, {"type": "Feature", "properties": {"gabarit": "Poids lourd", "revetement": "Sol naturel", "debroussaillee": false, "longueur_m": 473.8}, "geometry": {"type": "LineString", "coordinates": [[-0.83826, 44.39289], [-0.84025, 44.39691]]}}, {"type": "Feature", "properties": {"gabarit": "Poids lourd", "revetement": "Sol naturel", "debroussaillee": false, "longueur_m": 501.1}, "geometry": {"type": "LineString", "coordinates": [[-0.68745, 44.39305], [-0.68726, 44.39388], [-0.68702, 44.39436], [-0.68606, 44.39744]]}}, {"type": "Feature", "properties": {"gabarit": "Poids lourd", "revetement": "Sol naturel", "debroussaillee": false, "longueur_m": 271.6}, "geometry": {"type": "LineString", "coordinates": [[-0.71738, 44.39836], [-0.7183, 44.40071]]}}, {"type": "Feature", "properties": {"gabarit": "Poids lourd", "revetement": "Sol naturel", "debroussaillee": false, "longueur_m": 182.8}, "geometry": {"type": "LineString", "coordinates": [[-0.72185, 44.41091], [-0.72135, 44.411], [-0.72094, 44.41094], [-0.7196, 44.41108]]}}, {"type": "Feature", "properties": {"gabarit": "Poids lourd", "revetement": "Sol naturel", "debroussaillee": false, "longueur_m": 284.0}, "geometry": {"type": "LineString", "coordinates": [[-0.72171, 44.42255], [-0.72192, 44.42202], [-0.72223, 44.42004]]}}, {"type": "Feature", "properties": {"gabarit": "Poids lourd", "revetement": "Sol naturel", "debroussaillee": true, "longueur_m": 209.8}, "geometry": {"type": "LineString", "coordinates": [[-0.68703, 44.37602], [-0.68767, 44.3755], [-0.68879, 44.37519], [-0.68916, 44.37499]]}}, {"type": "Feature", "properties": {"gabarit": "Poids lourd", "revetement": "Sol naturel", "debroussaillee": true, "longueur_m": 335.5}, "geometry": {"type": "LineString", "coordinates": [[-0.65837, 44.39782], [-0.65418, 44.39749]]}}, {"type": "Feature", "properties": {"gabarit": "Super poids lourd", "revetement": "Empierré", "debroussaillee": false, "longueur_m": 488.4}, "geometry": {"type": "LineString", "coordinates": [[-0.69353, 44.39363], [-0.68745, 44.39305]]}}, {"type": "Feature", "properties": {"gabarit": "Poids lourd", "revetement": "Sol naturel", "debroussaillee": false, "longueur_m": 171.1}, "geometry": {"type": "LineString", "coordinates": [[-0.6753, 44.37095], [-0.67745, 44.37101]]}}, {"type": "Feature", "properties": {"gabarit": "Poids lourd", "revetement": "Sol naturel", "debroussaillee": false, "longueur_m": 97.5}, "geometry": {"type": "LineString", "coordinates": [[-0.68252, 44.42501], [-0.68146, 44.42458]]}}, {"type": "Feature", "properties": {"gabarit": "Poids lourd", "revetement": "Sol naturel", "debroussaillee": false, "longueur_m": 39.9}, "geometry": {"type": "LineString", "coordinates": [[-0.69832, 44.40989], [-0.69803, 44.41018]]}}, {"type": "Feature", "properties": {"gabarit": "Poids lourd", "revetement": "Sol naturel", "debroussaillee": false, "longueur_m": 66.6}, "geometry": {"type": "LineString", "coordinates": [[-0.65507, 44.38572], [-0.65477, 44.38628]]}}, {"type": "Feature", "properties": {"gabarit": "Poids lourd", "revetement": "Sol naturel", "debroussaillee": false, "longueur_m": 256.4}, "geometry": {"type": "LineString", "coordinates": [[-0.87185, 44.39722], [-0.86874, 44.39662]]}}, {"type": "Feature", "properties": {"gabarit": "Poids lourd", "revetement": "Sol naturel", "debroussaillee": false, "longueur_m": 39.7}, "geometry": {"type": "LineString", "coordinates": [[-0.68022, 44.45019], [-0.67997, 44.45032], [-0.67999, 44.45045]]}}, {"type": "Feature", "properties": {"gabarit": "Poids lourd", "revetement": "Sol naturel", "debroussaillee": false, "longueur_m": 78.2}, "geometry": {"type": "LineString", "coordinates": [[-0.6536, 44.4342], [-0.65272, 44.43451]]}}, {"type": "Feature", "properties": {"gabarit": "Poids lourd", "revetement": "Sol naturel", "debroussaillee": false, "longueur_m": 186.2}, "geometry": {"type": "LineString", "coordinates": [[-0.6528, 44.4507], [-0.65251, 44.45084], [-0.65112, 44.45187]]}}, {"type": "Feature", "properties": {"gabarit": "Poids lourd", "revetement": "Sol naturel", "debroussaillee": false, "longueur_m": 82.3}, "geometry": {"type": "LineString", "coordinates": [[-0.63435, 44.37052], [-0.63452, 44.37125]]}}, {"type": "Feature", "properties": {"gabarit": "Poids lourd", "revetement": "Sol naturel", "debroussaillee": false, "longueur_m": 275.1}, "geometry": {"type": "LineString", "coordinates": [[-0.63235, 44.43245], [-0.63115, 44.43477]]}}, {"type": "Feature", "properties": {"gabarit": "Poids lourd", "revetement": "Sol naturel", "debroussaillee": false, "longueur_m": 49.1}, "geometry": {"type": "LineString", "coordinates": [[-0.62439, 44.38091], [-0.62455, 44.3805]]}}, {"type": "Feature", "properties": {"gabarit": "Poids lourd", "revetement": "Sol naturel", "debroussaillee": false, "longueur_m": 194.7}, "geometry": {"type": "LineString", "coordinates": [[-0.58564, 44.36959], [-0.58748, 44.37075]]}}, {"type": "Feature", "properties": {"gabarit": "Poids lourd", "revetement": "Sol naturel", "debroussaillee": false, "longueur_m": 283.4}, "geometry": {"type": "LineString", "coordinates": [[-0.62512, 44.3905], [-0.62451, 44.39301]]}}, {"type": "Feature", "properties": {"gabarit": "Poids lourd", "revetement": "Sol naturel", "debroussaillee": false, "longueur_m": 134.9}, "geometry": {"type": "LineString", "coordinates": [[-0.60882, 44.37902], [-0.60934, 44.37939], [-0.60968, 44.37979], [-0.60977, 44.38]]}}, {"type": "Feature", "properties": {"gabarit": "Poids lourd", "revetement": "Sol naturel", "debroussaillee": false, "longueur_m": 79.0}, "geometry": {"type": "LineString", "coordinates": [[-0.74011, 44.37769], [-0.74029, 44.37699]]}}, {"type": "Feature", "properties": {"gabarit": "Poids lourd", "revetement": "Sol naturel", "debroussaillee": false, "longueur_m": 52.9}, "geometry": {"type": "LineString", "coordinates": [[-0.69864, 44.41671], [-0.69862, 44.41623]]}}, {"type": "Feature", "properties": {"gabarit": "Poids lourd", "revetement": "Sol naturel", "debroussaillee": false, "longueur_m": 288.4}, "geometry": {"type": "LineString", "coordinates": [[-0.87029, 44.42271], [-0.86683, 44.42194]]}}, {"type": "Feature", "properties": {"gabarit": "Poids lourd", "revetement": "Sol naturel", "debroussaillee": true, "longueur_m": 170.3}, "geometry": {"type": "LineString", "coordinates": [[-0.7332, 44.38519], [-0.7349, 44.38426]]}}, {"type": "Feature", "properties": {"gabarit": "Poids lourd", "revetement": "Sol naturel", "debroussaillee": true, "longueur_m": 36.6}, "geometry": {"type": "LineString", "coordinates": [[-0.85654, 44.38613], [-0.85657, 44.38646]]}}, {"type": "Feature", "properties": {"gabarit": "Poids lourd", "revetement": "Sol naturel", "debroussaillee": true, "longueur_m": 110.7}, "geometry": {"type": "LineString", "coordinates": [[-0.87278, 44.4012], [-0.87304, 44.40217]]}}, {"type": "Feature", "properties": {"gabarit": "Poids lourd", "revetement": "Sol naturel", "debroussaillee": false, "longueur_m": 582.2}, "geometry": {"type": "LineString", "coordinates": [[-0.66746, 44.45092], [-0.66724, 44.45146], [-0.66703, 44.45176], [-0.66509, 44.45308], [-0.66496, 44.45329], [-0.66401, 44.45407], [-0.66326, 44.45451], [-0.66297, 44.45491]]}}, {"type": "Feature", "properties": {"gabarit": "Poids lourd", "revetement": "Sol naturel", "debroussaillee": false, "longueur_m": 145.8}, "geometry": {"type": "LineString", "coordinates": [[-0.719, 44.40253], [-0.71947, 44.4038]]}}, {"type": "Feature", "properties": {"gabarit": "Poids lourd", "revetement": "Sol naturel", "debroussaillee": false, "longueur_m": 72.7}, "geometry": {"type": "LineString", "coordinates": [[-0.7218, 44.42007], [-0.72093, 44.42025]]}}, {"type": "Feature", "properties": {"gabarit": "Poids lourd", "revetement": "Sol naturel", "debroussaillee": false, "longueur_m": 274.0}, "geometry": {"type": "LineString", "coordinates": [[-0.82726, 44.38912], [-0.82658, 44.38887], [-0.82558, 44.38879], [-0.82436, 44.38799]]}}, {"type": "Feature", "properties": {"gabarit": "Poids lourd", "revetement": "Sol naturel", "debroussaillee": true, "longueur_m": 12.0}, "geometry": {"type": "LineString", "coordinates": [[-0.82283, 44.37326], [-0.8228, 44.37316]]}}, {"type": "Feature", "properties": {"gabarit": "Poids lourd", "revetement": "Sol naturel", "debroussaillee": false, "longueur_m": 205.6}, "geometry": {"type": "LineString", "coordinates": [[-0.81144, 44.39106], [-0.81253, 44.39018], [-0.813, 44.38971], [-0.81313, 44.38971]]}}, {"type": "Feature", "properties": {"gabarit": "Poids lourd", "revetement": "Sol naturel", "debroussaillee": true, "longueur_m": 62.0}, "geometry": {"type": "LineString", "coordinates": [[-0.81328, 44.36561], [-0.81263, 44.36592]]}}, {"type": "Feature", "properties": {"gabarit": "Poids lourd", "revetement": "Sol naturel", "debroussaillee": true, "longueur_m": 902.6}, "geometry": {"type": "LineString", "coordinates": [[-0.66924, 44.36506], [-0.66931, 44.36554], [-0.66956, 44.36605], [-0.66961, 44.36655], [-0.67088, 44.36824], [-0.67108, 44.36861], [-0.67122, 44.36979], [-0.67111, 44.37078], [-0.67116, 44.37129], [-0.67101, 44.37258], [-0.67073, 44.37279]]}}, {"type": "Feature", "properties": {"gabarit": "Poids lourd", "revetement": "Sol naturel", "debroussaillee": true, "longueur_m": 293.3}, "geometry": {"type": "LineString", "coordinates": [[-0.80157, 44.38724], [-0.80045, 44.38769], [-0.80019, 44.38771], [-0.79869, 44.38665]]}}, {"type": "Feature", "properties": {"gabarit": "Poids lourd", "revetement": "Sol naturel", "debroussaillee": true, "longueur_m": 311.6}, "geometry": {"type": "LineString", "coordinates": [[-0.72656, 44.38883], [-0.72966, 44.38712]]}}, {"type": "Feature", "properties": {"gabarit": "Poids lourd", "revetement": "Sol naturel", "debroussaillee": false, "longueur_m": 36.6}, "geometry": {"type": "LineString", "coordinates": [[-0.78611, 44.3646], [-0.78624, 44.3649]]}}, {"type": "Feature", "properties": {"gabarit": "Poids lourd", "revetement": "Sol naturel", "debroussaillee": false, "longueur_m": 295.7}, "geometry": {"type": "LineString", "coordinates": [[-0.78855, 44.37192], [-0.78799, 44.37232], [-0.78787, 44.37262], [-0.78838, 44.37436]]}}, {"type": "Feature", "properties": {"gabarit": "Poids lourd", "revetement": "Sol naturel", "debroussaillee": false, "longueur_m": 575.6}, "geometry": {"type": "LineString", "coordinates": [[-0.78213, 44.38452], [-0.78166, 44.38501], [-0.78112, 44.3858], [-0.78006, 44.38681], [-0.77953, 44.38694], [-0.77923, 44.38712], [-0.77901, 44.38738], [-0.77853, 44.38758], [-0.77832, 44.38761], [-0.7778, 44.38754], [-0.77711, 44.38765]]}}, {"type": "Feature", "properties": {"gabarit": "Poids lourd", "revetement": "Sol naturel", "debroussaillee": false, "longueur_m": 448.4}, "geometry": {"type": "LineString", "coordinates": [[-0.78309, 44.3938], [-0.78414, 44.39338], [-0.78518, 44.39266], [-0.78595, 44.39233], [-0.78622, 44.39214], [-0.78641, 44.3921], [-0.78758, 44.39143]]}}, {"type": "Feature", "properties": {"gabarit": "Poids lourd", "revetement": "Sol naturel", "debroussaillee": false, "longueur_m": 557.8}, "geometry": {"type": "LineString", "coordinates": [[-0.77284, 44.3654], [-0.77294, 44.36481], [-0.77346, 44.36386], [-0.7738, 44.36257], [-0.77428, 44.3622], [-0.77452, 44.36185], [-0.77484, 44.36163], [-0.77536, 44.36137], [-0.77592, 44.36131]]}}, {"type": "Feature", "properties": {"gabarit": "Poids lourd", "revetement": "Sol naturel", "debroussaillee": false, "longueur_m": 710.0}, "geometry": {"type": "LineString", "coordinates": [[-0.77473, 44.41569], [-0.77447, 44.41531], [-0.77377, 44.41472], [-0.77259, 44.41397], [-0.772, 44.41317], [-0.77106, 44.41237], [-0.77017, 44.41199], [-0.76919, 44.41136], [-0.76871, 44.41114]]}}, {"type": "Feature", "properties": {"gabarit": "Poids lourd", "revetement": "Sol naturel", "debroussaillee": false, "longueur_m": 261.8}, "geometry": {"type": "LineString", "coordinates": [[-0.72945, 44.38154], [-0.73045, 44.38057], [-0.7306, 44.37995], [-0.73088, 44.37948]]}}, {"type": "Feature", "properties": {"gabarit": "Poids lourd", "revetement": "Sol naturel", "debroussaillee": false, "longueur_m": 280.9}, "geometry": {"type": "LineString", "coordinates": [[-0.75328, 44.40239], [-0.75355, 44.40259], [-0.75387, 44.40265], [-0.75451, 44.40254], [-0.75509, 44.40266], [-0.75567, 44.4026], [-0.75589, 44.40263], [-0.75658, 44.40249]]}}, {"type": "Feature", "properties": {"gabarit": "Poids lourd", "revetement": "Sol naturel", "debroussaillee": false, "longueur_m": 314.3}, "geometry": {"type": "LineString", "coordinates": [[-0.74332, 44.36482], [-0.74333, 44.36448], [-0.74308, 44.36427], [-0.74301, 44.36412], [-0.74355, 44.36299], [-0.74382, 44.36217]]}}, {"type": "Feature", "properties": {"gabarit": "Poids lourd", "revetement": "Sol naturel", "debroussaillee": true, "longueur_m": 162.2}, "geometry": {"type": "LineString", "coordinates": [[-0.74629, 44.36944], [-0.74525, 44.36935], [-0.74438, 44.36967]]}}, {"type": "Feature", "properties": {"gabarit": "Super poids lourd", "revetement": "Empierré", "debroussaillee": true, "longueur_m": 50.9}, "geometry": {"type": "LineString", "coordinates": [[-0.64278, 44.39966], [-0.64277, 44.40012]]}}, {"type": "Feature", "properties": {"gabarit": "Poids lourd", "revetement": "Sol naturel", "debroussaillee": true, "longueur_m": 618.4}, "geometry": {"type": "LineString", "coordinates": [[-0.73275, 44.36786], [-0.73225, 44.36783], [-0.73161, 44.3679], [-0.73091, 44.36781], [-0.72902, 44.36737], [-0.72769, 44.36743], [-0.72718, 44.36735], [-0.72662, 44.36741], [-0.72526, 44.36705]]}}, {"type": "Feature", "properties": {"gabarit": "Poids lourd", "revetement": "Sol naturel", "debroussaillee": true, "longueur_m": 191.8}, "geometry": {"type": "LineString", "coordinates": [[-0.73131, 44.43053], [-0.73189, 44.4306], [-0.73201, 44.43056], [-0.73218, 44.42974], [-0.73269, 44.4297]]}}, {"type": "Feature", "properties": {"gabarit": "Poids lourd", "revetement": "Sol naturel", "debroussaillee": false, "longueur_m": 128.4}, "geometry": {"type": "LineString", "coordinates": [[-0.70163, 44.40809], [-0.70008, 44.40841]]}}, {"type": "Feature", "properties": {"gabarit": "Poids lourd", "revetement": "Sol naturel", "debroussaillee": true, "longueur_m": 823.4}, "geometry": {"type": "LineString", "coordinates": [[-0.72949, 44.44825], [-0.71944, 44.4465]]}}, {"type": "Feature", "properties": {"gabarit": "Poids lourd", "revetement": "Sol naturel", "debroussaillee": false, "longueur_m": 128.5}, "geometry": {"type": "LineString", "coordinates": [[-0.70678, 44.40273], [-0.70743, 44.40251], [-0.70814, 44.40212]]}}, {"type": "Feature", "properties": {"gabarit": "Poids lourd", "revetement": "Sol naturel", "debroussaillee": false, "longueur_m": 659.4}, "geometry": {"type": "LineString", "coordinates": [[-0.70244, 44.42997], [-0.70259, 44.42833], [-0.70283, 44.4275], [-0.70337, 44.42654], [-0.70335, 44.42596], [-0.70364, 44.42555], [-0.70404, 44.42515], [-0.7045, 44.42438]]}}, {"type": "Feature", "properties": {"gabarit": "Poids lourd", "revetement": "Sol naturel", "debroussaillee": true, "longueur_m": 394.9}, "geometry": {"type": "LineString", "coordinates": [[-0.69571, 44.36672], [-0.69286, 44.36647], [-0.6914, 44.36662], [-0.6908, 44.36655]]}}, {"type": "Feature", "properties": {"gabarit": "Poids lourd", "revetement": "Sol naturel", "debroussaillee": false, "longueur_m": 110.1}, "geometry": {"type": "LineString", "coordinates": [[-0.69686, 44.41271], [-0.69812, 44.41229]]}}, {"type": "Feature", "properties": {"gabarit": "Poids lourd", "revetement": "Sol naturel", "debroussaillee": false, "longueur_m": 83.9}, "geometry": {"type": "LineString", "coordinates": [[-0.69812, 44.41229], [-0.69906, 44.41196]]}}, {"type": "Feature", "properties": {"gabarit": "Super poids lourd", "revetement": "Empierré", "debroussaillee": false, "longueur_m": 158.1}, "geometry": {"type": "LineString", "coordinates": [[-0.68703, 44.37602], [-0.68699, 44.37576], [-0.68664, 44.37517], [-0.6864, 44.37502], [-0.68603, 44.37495]]}}, {"type": "Feature", "properties": {"gabarit": "Poids lourd", "revetement": "Sol naturel", "debroussaillee": false, "longueur_m": 885.5}, "geometry": {"type": "LineString", "coordinates": [[-0.67687, 44.37408], [-0.67999, 44.37411], [-0.68167, 44.37441], [-0.68274, 44.37432], [-0.68398, 44.37406], [-0.68506, 44.37399], [-0.68622, 44.37374], [-0.68676, 44.37324], [-0.68706, 44.37279]]}}, {"type": "Feature", "properties": {"gabarit": "Poids lourd", "revetement": "Sol naturel", "debroussaillee": false, "longueur_m": 235.8}, "geometry": {"type": "LineString", "coordinates": [[-0.6813, 44.4353], [-0.68249, 44.43571], [-0.68342, 44.43614], [-0.68357, 44.43624], [-0.6836, 44.43647]]}}, {"type": "Feature", "properties": {"gabarit": "Poids lourd", "revetement": "Sol naturel", "debroussaillee": false, "longueur_m": 557.5}, "geometry": {"type": "LineString", "coordinates": [[-0.68487, 44.42836], [-0.68733, 44.42367]]}}, {"type": "Feature", "properties": {"gabarit": "Poids lourd", "revetement": "Sol naturel", "debroussaillee": false, "longueur_m": 541.0}, "geometry": {"type": "LineString", "coordinates": [[-0.64291, 44.41242], [-0.64201, 44.41226], [-0.64079, 44.41183], [-0.64051, 44.41179], [-0.63636, 44.41225]]}}, {"type": "Feature", "properties": {"gabarit": "Poids lourd", "revetement": "Sol naturel", "debroussaillee": false, "longueur_m": 380.0}, "geometry": {"type": "LineString", "coordinates": [[-0.643, 44.41783], [-0.64244, 44.4177], [-0.6412, 44.41816], [-0.64104, 44.41836], [-0.64084, 44.41886], [-0.64069, 44.41898], [-0.63924, 44.4188]]}}, {"type": "Feature", "properties": {"gabarit": "Poids lourd", "revetement": "Sol naturel", "debroussaillee": false, "longueur_m": 155.8}, "geometry": {"type": "LineString", "coordinates": [[-0.67842, 44.41885], [-0.67691, 44.41975]]}}, {"type": "Feature", "properties": {"gabarit": "Poids lourd", "revetement": "Sol naturel", "debroussaillee": false, "longueur_m": 462.3}, "geometry": {"type": "LineString", "coordinates": [[-0.67145, 44.42161], [-0.67157, 44.42183], [-0.67206, 44.42228], [-0.67227, 44.42262], [-0.67256, 44.42281], [-0.67273, 44.42307], [-0.67271, 44.42341], [-0.67213, 44.42544]]}}, {"type": "Feature", "properties": {"gabarit": "Poids lourd", "revetement": "Sol naturel", "debroussaillee": false, "longueur_m": 237.3}, "geometry": {"type": "LineString", "coordinates": [[-0.65205, 44.37685], [-0.65259, 44.37661], [-0.65321, 44.37594], [-0.65399, 44.37527]]}}, {"type": "Feature", "properties": {"gabarit": "Poids lourd", "revetement": "Sol naturel", "debroussaillee": false, "longueur_m": 247.2}, "geometry": {"type": "LineString", "coordinates": [[-0.66927, 44.44232], [-0.66934, 44.44272], [-0.66904, 44.44303], [-0.66924, 44.44345], [-0.66898, 44.44442]]}}, {"type": "Feature", "properties": {"gabarit": "Poids lourd", "revetement": "Sol naturel", "debroussaillee": false, "longueur_m": 391.5}, "geometry": {"type": "LineString", "coordinates": [[-0.66385, 44.44691], [-0.66359, 44.44626], [-0.66382, 44.44549], [-0.66384, 44.44476], [-0.66369, 44.44399], [-0.66342, 44.44349]]}}, {"type": "Feature", "properties": {"gabarit": "Poids lourd", "revetement": "Sol naturel", "debroussaillee": true, "longueur_m": 1331.8}, "geometry": {"type": "LineString", "coordinates": [[-0.64215, 44.40008], [-0.63549, 44.40273], [-0.62824, 44.40552], [-0.6275, 44.40572], [-0.62746, 44.40577]]}}, {"type": "Feature", "properties": {"gabarit": "Poids lourd", "revetement": "Sol naturel", "debroussaillee": false, "longueur_m": 70.7}, "geometry": {"type": "LineString", "coordinates": [[-0.75676, 44.41699], [-0.75713, 44.41641]]}}, {"type": "Feature", "properties": {"gabarit": "Poids lourd", "revetement": "Sol naturel", "debroussaillee": true, "longueur_m": 182.2}, "geometry": {"type": "LineString", "coordinates": [[-0.63418, 44.36832], [-0.63367, 44.36958], [-0.63345, 44.36986]]}}, {"type": "Feature", "properties": {"gabarit": "Poids lourd", "revetement": "Sol naturel", "debroussaillee": true, "longueur_m": 355.6}, "geometry": {"type": "LineString", "coordinates": [[-0.6335, 44.41453], [-0.6293, 44.41343]]}}, {"type": "Feature", "properties": {"gabarit": "Poids lourd", "revetement": "Sol naturel", "debroussaillee": true, "longueur_m": 366.1}, "geometry": {"type": "LineString", "coordinates": [[-0.62512, 44.3905], [-0.62241, 44.39017], [-0.62068, 44.38972]]}}, {"type": "Feature", "properties": {"gabarit": "Poids lourd", "revetement": "Sol naturel", "debroussaillee": true, "longueur_m": 419.0}, "geometry": {"type": "LineString", "coordinates": [[-0.60177, 44.38695], [-0.60272, 44.39066]]}}, {"type": "Feature", "properties": {"gabarit": "Poids lourd", "revetement": "Sol naturel", "debroussaillee": true, "longueur_m": 302.3}, "geometry": {"type": "LineString", "coordinates": [[-0.5943, 44.37347], [-0.59317, 44.37607]]}}, {"type": "Feature", "properties": {"gabarit": "Poids lourd", "revetement": "Sol naturel", "debroussaillee": false, "longueur_m": 163.7}, "geometry": {"type": "LineString", "coordinates": [[-0.65821, 44.39622], [-0.65617, 44.39611]]}}, {"type": "Feature", "properties": {"gabarit": "Poids lourd", "revetement": "Sol naturel", "debroussaillee": false, "longueur_m": 20.9}, "geometry": {"type": "LineString", "coordinates": [[-0.58544, 44.36947], [-0.58564, 44.36959]]}}, {"type": "Feature", "properties": {"gabarit": "Poids lourd", "revetement": "Sol naturel", "debroussaillee": false, "longueur_m": 95.6}, "geometry": {"type": "LineString", "coordinates": [[-0.6634, 44.39657], [-0.66222, 44.39647]]}}, {"type": "Feature", "properties": {"gabarit": "Poids lourd", "revetement": "Sol naturel", "debroussaillee": false, "longueur_m": 150.0}, "geometry": {"type": "LineString", "coordinates": [[-0.66222, 44.39647], [-0.66034, 44.39635]]}}, {"type": "Feature", "properties": {"gabarit": "Poids lourd", "revetement": "Sol naturel", "debroussaillee": false, "longueur_m": 602.6}, "geometry": {"type": "LineString", "coordinates": [[-0.64338, 44.44773], [-0.64342, 44.45315]]}}, {"type": "Feature", "properties": {"gabarit": "Poids lourd", "revetement": "Sol naturel", "debroussaillee": false, "longueur_m": 281.9}, "geometry": {"type": "LineString", "coordinates": [[-0.69619, 44.38518], [-0.69265, 44.38518]]}}, {"type": "Feature", "properties": {"gabarit": "Poids lourd", "revetement": "Sol naturel", "debroussaillee": false, "longueur_m": 60.6}, "geometry": {"type": "LineString", "coordinates": [[-0.68733, 44.42367], [-0.68775, 44.42322]]}}, {"type": "Feature", "properties": {"gabarit": "Poids lourd", "revetement": "Sol naturel", "debroussaillee": false, "longueur_m": 321.9}, "geometry": {"type": "LineString", "coordinates": [[-0.65101, 44.39357], [-0.65042, 44.39318], [-0.64749, 44.39219]]}}, {"type": "Feature", "properties": {"gabarit": "Poids lourd", "revetement": "Sol naturel", "debroussaillee": true, "longueur_m": 507.7}, "geometry": {"type": "LineString", "coordinates": [[-0.86252, 44.41599], [-0.86864, 44.41727]]}}, {"type": "Feature", "properties": {"gabarit": "Poids lourd", "revetement": "Sol naturel", "debroussaillee": false, "longueur_m": 477.2}, "geometry": {"type": "LineString", "coordinates": [[-0.84913, 44.41756], [-0.84652, 44.41656], [-0.8437, 44.41579]]}}, {"type": "Feature", "properties": {"gabarit": "Poids lourd", "revetement": "Sol naturel", "debroussaillee": false, "longueur_m": 835.1}, "geometry": {"type": "LineString", "coordinates": [[-0.74137, 44.39021], [-0.73253, 44.39393], [-0.7323, 44.39397]]}}, {"type": "Feature", "properties": {"gabarit": "Poids lourd", "revetement": "Sol naturel", "debroussaillee": false, "longueur_m": 121.3}, "geometry": {"type": "LineString", "coordinates": [[-0.81539, 44.40924], [-0.81503, 44.40961], [-0.81509, 44.40977], [-0.81544, 44.40994], [-0.81553, 44.41007]]}}, {"type": "Feature", "properties": {"gabarit": "Poids lourd", "revetement": "Sol naturel", "debroussaillee": false, "longueur_m": 375.3}, "geometry": {"type": "LineString", "coordinates": [[-0.75053, 44.39994], [-0.75107, 44.39999], [-0.75192, 44.4008], [-0.75242, 44.40114], [-0.75261, 44.40143], [-0.75255, 44.40172], [-0.75308, 44.40209], [-0.75328, 44.40239]]}}, {"type": "Feature", "properties": {"gabarit": "Poids lourd", "revetement": "Sol naturel", "debroussaillee": true, "longueur_m": 51.4}, "geometry": {"type": "LineString", "coordinates": [[-0.76757, 44.41073], [-0.7677, 44.41089], [-0.768, 44.41106]]}}, {"type": "Feature", "properties": {"gabarit": "Poids lourd", "revetement": "Sol naturel", "debroussaillee": false, "longueur_m": 22.6}, "geometry": {"type": "LineString", "coordinates": [[-0.71346, 44.4354], [-0.71368, 44.43528]]}}, {"type": "Feature", "properties": {"gabarit": "Poids lourd", "revetement": "Sol naturel", "debroussaillee": false, "longueur_m": 124.1}, "geometry": {"type": "LineString", "coordinates": [[-0.68496, 44.38519], [-0.68492, 44.3851], [-0.68505, 44.38419], [-0.68501, 44.38409]]}}, {"type": "Feature", "properties": {"gabarit": "Super poids lourd", "revetement": "Empierré", "debroussaillee": true, "longueur_m": 9.6}, "geometry": {"type": "LineString", "coordinates": [[-0.69085, 44.40947], [-0.69073, 44.40949]]}}, {"type": "Feature", "properties": {"gabarit": "Poids lourd", "revetement": "Sol naturel", "debroussaillee": false, "longueur_m": 50.1}, "geometry": {"type": "LineString", "coordinates": [[-0.68341, 44.43114], [-0.68359, 44.43071]]}}, {"type": "Feature", "properties": {"gabarit": "Poids lourd", "revetement": "Sol naturel", "debroussaillee": true, "longueur_m": 335.3}, "geometry": {"type": "LineString", "coordinates": [[-0.6753, 44.37095], [-0.67498, 44.37129], [-0.67473, 44.37146], [-0.673, 44.3722], [-0.67199, 44.37276]]}}, {"type": "Feature", "properties": {"gabarit": "Super poids lourd", "revetement": "Empierré", "debroussaillee": true, "longueur_m": 113.9}, "geometry": {"type": "LineString", "coordinates": [[-0.66416, 44.43282], [-0.66464, 44.43274], [-0.66547, 44.43303]]}}, {"type": "Feature", "properties": {"gabarit": "Poids lourd", "revetement": "Sol naturel", "debroussaillee": false, "longueur_m": 534.2}, "geometry": {"type": "LineString", "coordinates": [[-0.65744, 44.43589], [-0.65821, 44.43614], [-0.6585, 44.43632], [-0.65885, 44.43707], [-0.65915, 44.4373], [-0.65934, 44.43767], [-0.65981, 44.4381], [-0.66007, 44.43847], [-0.66006, 44.43894], [-0.66044, 44.43987]]}}, {"type": "Feature", "properties": {"gabarit": "Poids lourd", "revetement": "Sol naturel", "debroussaillee": false, "longueur_m": 50.3}, "geometry": {"type": "LineString", "coordinates": [[-0.63853, 44.37771], [-0.63814, 44.37806]]}}, {"type": "Feature", "properties": {"gabarit": "Poids lourd", "revetement": "Sol naturel", "debroussaillee": true, "longueur_m": 490.7}, "geometry": {"type": "LineString", "coordinates": [[-0.5804, 44.36654], [-0.5787, 44.37025], [-0.57862, 44.37075]]}}, {"type": "Feature", "properties": {"gabarit": "Poids lourd", "revetement": "Sol naturel", "debroussaillee": false, "longueur_m": 176.9}, "geometry": {"type": "LineString", "coordinates": [[-0.72109, 44.42407], [-0.72109, 44.42392], [-0.72171, 44.42255]]}}, {"type": "Feature", "properties": {"gabarit": "Poids lourd", "revetement": "Sol naturel", "debroussaillee": false, "longueur_m": 846.0}, "geometry": {"type": "LineString", "coordinates": [[-0.71635, 44.39563], [-0.71639, 44.39556], [-0.71357, 44.3883]]}}, {"type": "Feature", "properties": {"gabarit": "Poids lourd", "revetement": "Sol naturel", "debroussaillee": false, "longueur_m": 216.4}, "geometry": {"type": "LineString", "coordinates": [[-0.67983, 44.44691], [-0.68104, 44.44516]]}}, {"type": "Feature", "properties": {"gabarit": "Poids lourd", "revetement": "Sol naturel", "debroussaillee": true, "longueur_m": 547.4}, "geometry": {"type": "LineString", "coordinates": [[-0.72159, 44.39223], [-0.72656, 44.38883]]}}, {"type": "Feature", "properties": {"gabarit": "Super poids lourd", "revetement": "Empierré", "debroussaillee": true, "longueur_m": 162.3}, "geometry": {"type": "LineString", "coordinates": [[-0.65667, 44.39054], [-0.65522, 44.39157]]}}, {"type": "Feature", "properties": {"gabarit": "Super poids lourd", "revetement": "Empierré", "debroussaillee": true, "longueur_m": 26.2}, "geometry": {"type": "LineString", "coordinates": [[-0.72348, 44.3788], [-0.72353, 44.37857]]}}, {"type": "Feature", "properties": {"gabarit": "Poids lourd", "revetement": "Sol naturel", "debroussaillee": false, "longueur_m": 689.1}, "geometry": {"type": "LineString", "coordinates": [[-0.87198, 44.37703], [-0.87268, 44.37703], [-0.88058, 44.37646]]}}, {"type": "Feature", "properties": {"gabarit": "Poids lourd", "revetement": "Sol naturel", "debroussaillee": true, "longueur_m": 144.8}, "geometry": {"type": "LineString", "coordinates": [[-0.88676, 44.38491], [-0.88729, 44.38616]]}}, {"type": "Feature", "properties": {"gabarit": "Poids lourd", "revetement": "Sol naturel", "debroussaillee": true, "longueur_m": 626.5}, "geometry": {"type": "LineString", "coordinates": [[-0.86252, 44.41599], [-0.85648, 44.41469], [-0.85601, 44.41457], [-0.85532, 44.41428], [-0.85506, 44.41424]]}}, {"type": "Feature", "properties": {"gabarit": "Poids lourd", "revetement": "Sol naturel", "debroussaillee": true, "longueur_m": 642.7}, "geometry": {"type": "LineString", "coordinates": [[-0.87177, 44.41789], [-0.87354, 44.41225]]}}, {"type": "Feature", "properties": {"gabarit": "Poids lourd", "revetement": "Sol naturel", "debroussaillee": true, "longueur_m": 95.7}, "geometry": {"type": "LineString", "coordinates": [[-0.70252, 44.37146], [-0.70231, 44.37159], [-0.70217, 44.37187], [-0.70189, 44.37216]]}}, {"type": "Feature", "properties": {"gabarit": "Poids lourd", "revetement": "Sol naturel", "debroussaillee": false, "longueur_m": 187.9}, "geometry": {"type": "LineString", "coordinates": [[-0.83592, 44.39285], [-0.83662, 44.39292], [-0.83769, 44.39285], [-0.83826, 44.39289]]}}, {"type": "Feature", "properties": {"gabarit": "Poids lourd", "revetement": "Sol naturel", "debroussaillee": false, "longueur_m": 500.7}, "geometry": {"type": "LineString", "coordinates": [[-0.86683, 44.42194], [-0.86072, 44.42086]]}}, {"type": "Feature", "properties": {"gabarit": "Poids lourd", "revetement": "Sol naturel", "debroussaillee": true, "longueur_m": 34.2}, "geometry": {"type": "LineString", "coordinates": [[-0.85352, 44.41965], [-0.85357, 44.41953], [-0.8535, 44.41935]]}}, {"type": "Feature", "properties": {"gabarit": "Poids lourd", "revetement": "Sol naturel", "debroussaillee": false, "longueur_m": 48.8}, "geometry": {"type": "LineString", "coordinates": [[-0.83929, 44.37782], [-0.83933, 44.37792], [-0.83978, 44.378]]}}, {"type": "Feature", "properties": {"gabarit": "Poids lourd", "revetement": "Sol naturel", "debroussaillee": false, "longueur_m": 211.0}, "geometry": {"type": "LineString", "coordinates": [[-0.83348, 44.40375], [-0.83228, 44.40453], [-0.83129, 44.40473]]}}, {"type": "Feature", "properties": {"gabarit": "Super poids lourd", "revetement": "Empierré", "debroussaillee": true, "longueur_m": 669.3}, "geometry": {"type": "LineString", "coordinates": [[-0.83844, 44.41154], [-0.83641, 44.41132], [-0.83371, 44.4107], [-0.83276, 44.41058], [-0.83023, 44.4104]]}}, {"type": "Feature", "properties": {"gabarit": "Poids lourd", "revetement": "Sol naturel", "debroussaillee": false, "longueur_m": 402.5}, "geometry": {"type": "LineString", "coordinates": [[-0.81792, 44.38572], [-0.81792, 44.38563], [-0.81808, 44.38555], [-0.81842, 44.38459], [-0.81861, 44.38431], [-0.8192, 44.38297], [-0.82006, 44.38267]]}}, {"type": "Feature", "properties": {"gabarit": "Poids lourd", "revetement": "Sol naturel", "debroussaillee": false, "longueur_m": 310.0}, "geometry": {"type": "LineString", "coordinates": [[-0.69733, 44.41036], [-0.69739, 44.4085], [-0.69701, 44.40761]]}}, {"type": "Feature", "properties": {"gabarit": "Poids lourd", "revetement": "Sol naturel", "debroussaillee": true, "longueur_m": 348.6}, "geometry": {"type": "LineString", "coordinates": [[-0.7118, 44.36899], [-0.71262, 44.36855], [-0.71287, 44.36853], [-0.71359, 44.36823], [-0.71444, 44.36802], [-0.71559, 44.3675]]}}, {"type": "Feature", "properties": {"gabarit": "Super poids lourd", "revetement": "Empierré", "debroussaillee": false, "longueur_m": 8.5}, "geometry": {"type": "LineString", "coordinates": [[-0.81104, 44.38066], [-0.81114, 44.38068]]}}, {"type": "Feature", "properties": {"gabarit": "Poids lourd", "revetement": "Sol naturel", "debroussaillee": false, "longueur_m": 90.5}, "geometry": {"type": "LineString", "coordinates": [[-0.81651, 44.40915], [-0.81587, 44.40915], [-0.81539, 44.40924]]}}, {"type": "Feature", "properties": {"gabarit": "Poids lourd", "revetement": "Sol naturel", "debroussaillee": false, "longueur_m": 171.1}, "geometry": {"type": "LineString", "coordinates": [[-0.81685, 44.41286], [-0.81655, 44.41301], [-0.81571, 44.41314], [-0.81486, 44.41339]]}}, {"type": "Feature", "properties": {"gabarit": "Super poids lourd", "revetement": "Empierré", "debroussaillee": true, "longueur_m": 207.9}, "geometry": {"type": "LineString", "coordinates": [[-0.81417, 44.41861], [-0.81295, 44.41856], [-0.81161, 44.4188]]}}, {"type": "Feature", "properties": {"gabarit": "Super poids lourd", "revetement": "Empierré", "debroussaillee": true, "longueur_m": 33.6}, "geometry": {"type": "LineString", "coordinates": [[-0.8016, 44.42101], [-0.80121, 44.42111]]}}, {"type": "Feature", "properties": {"gabarit": "Super poids lourd", "revetement": "Empierré", "debroussaillee": false, "longueur_m": 13.2}, "geometry": {"type": "LineString", "coordinates": [[-0.78855, 44.37542], [-0.7885, 44.37554]]}}, {"type": "Feature", "properties": {"gabarit": "Poids lourd", "revetement": "Sol naturel", "debroussaillee": false, "longueur_m": 16.7}, "geometry": {"type": "LineString", "coordinates": [[-0.79084, 44.40766], [-0.79104, 44.40768]]}}, {"type": "Feature", "properties": {"gabarit": "Poids lourd", "revetement": "Sol naturel", "debroussaillee": true, "longueur_m": 83.1}, "geometry": {"type": "LineString", "coordinates": [[-0.78344, 44.42409], [-0.78303, 44.42478]]}}, {"type": "Feature", "properties": {"gabarit": "Poids lourd", "revetement": "Sol naturel", "debroussaillee": false, "longueur_m": 89.1}, "geometry": {"type": "LineString", "coordinates": [[-0.76345, 44.40808], [-0.76268, 44.4075]]}}, {"type": "Feature", "properties": {"gabarit": "Poids lourd", "revetement": "Sol naturel", "debroussaillee": false, "longueur_m": 27.1}, "geometry": {"type": "LineString", "coordinates": [[-0.76892, 44.36949], [-0.76891, 44.36973]]}}, {"type": "Feature", "properties": {"gabarit": "Poids lourd", "revetement": "Sol naturel", "debroussaillee": false, "longueur_m": 25.7}, "geometry": {"type": "LineString", "coordinates": [[-0.77027, 44.36851], [-0.77037, 44.3683]]}}, {"type": "Feature", "properties": {"gabarit": "Poids lourd", "revetement": "Sol naturel", "debroussaillee": false, "longueur_m": 15.3}, "geometry": {"type": "LineString", "coordinates": [[-0.77251, 44.38679], [-0.77232, 44.38676]]}}, {"type": "Feature", "properties": {"gabarit": "Poids lourd", "revetement": "Sol naturel", "debroussaillee": false, "longueur_m": 243.1}, "geometry": {"type": "LineString", "coordinates": [[-0.77445, 44.38781], [-0.77417, 44.38787], [-0.77352, 44.38782], [-0.77324, 44.38813], [-0.77323, 44.38858], [-0.77337, 44.38884], [-0.77351, 44.38891], [-0.77389, 44.38896]]}}, {"type": "Feature", "properties": {"gabarit": "Poids lourd", "revetement": "Sol naturel", "debroussaillee": false, "longueur_m": 145.0}, "geometry": {"type": "LineString", "coordinates": [[-0.77191, 44.43916], [-0.77133, 44.43969], [-0.77047, 44.43982]]}}, {"type": "Feature", "properties": {"gabarit": "Super poids lourd", "revetement": "Empierré", "debroussaillee": true, "longueur_m": 168.9}, "geometry": {"type": "LineString", "coordinates": [[-0.76059, 44.43137], [-0.76123, 44.43282]]}}, {"type": "Feature", "properties": {"gabarit": "Poids lourd", "revetement": "Sol naturel", "debroussaillee": false, "longueur_m": 191.7}, "geometry": {"type": "LineString", "coordinates": [[-0.73302, 44.37605], [-0.73225, 44.37441]]}}, {"type": "Feature", "properties": {"gabarit": "Poids lourd", "revetement": "Sol naturel", "debroussaillee": false, "longueur_m": 142.6}, "geometry": {"type": "LineString", "coordinates": [[-0.69642, 44.3775], [-0.69627, 44.37877]]}}, {"type": "Feature", "properties": {"gabarit": "Poids lourd", "revetement": "Sol naturel", "debroussaillee": false, "longueur_m": 88.5}, "geometry": {"type": "LineString", "coordinates": [[-0.73714, 44.37473], [-0.73706, 44.37464], [-0.73708, 44.37444], [-0.73725, 44.37396]]}}, {"type": "Feature", "properties": {"gabarit": "Poids lourd", "revetement": "Sol naturel", "debroussaillee": true, "longueur_m": 312.3}, "geometry": {"type": "LineString", "coordinates": [[-0.73358, 44.428], [-0.7338, 44.42769], [-0.73446, 44.42723], [-0.73453, 44.4271], [-0.73427, 44.42615], [-0.73383, 44.42554]]}}, {"type": "Feature", "properties": {"gabarit": "Poids lourd", "revetement": "Sol naturel", "debroussaillee": false, "longueur_m": 1046.8}, "geometry": {"type": "LineString", "coordinates": [[-0.71947, 44.4038], [-0.7194, 44.40393], [-0.71831, 44.4039], [-0.71049, 44.40344], [-0.70693, 44.40291], [-0.70663, 44.40277]]}}, {"type": "Feature", "properties": {"gabarit": "Super poids lourd", "revetement": "Empierré", "debroussaillee": true, "longueur_m": 276.9}, "geometry": {"type": "LineString", "coordinates": [[-0.71606, 44.42147], [-0.71774, 44.41928]]}}, {"type": "Feature", "properties": {"gabarit": "Poids lourd", "revetement": "Sol naturel", "debroussaillee": false, "longueur_m": 324.4}, "geometry": {"type": "LineString", "coordinates": [[-0.71009, 44.42426], [-0.70993, 44.42526], [-0.71003, 44.42581], [-0.70997, 44.42664], [-0.71011, 44.42716]]}}, {"type": "Feature", "properties": {"gabarit": "Poids lourd", "revetement": "Sol naturel", "debroussaillee": false, "longueur_m": 169.7}, "geometry": {"type": "LineString", "coordinates": [[-0.71346, 44.4354], [-0.71327, 44.43533], [-0.71243, 44.43465], [-0.71216, 44.43458], [-0.71183, 44.43464]]}}, {"type": "Feature", "properties": {"gabarit": "Poids lourd", "revetement": "Sol naturel", "debroussaillee": false, "longueur_m": 690.0}, "geometry": {"type": "LineString", "coordinates": [[-0.70586, 44.43923], [-0.70493, 44.43952], [-0.70463, 44.43947], [-0.70438, 44.43995], [-0.70408, 44.44003], [-0.70354, 44.44038], [-0.70288, 44.44102], [-0.70263, 44.4411], [-0.70238, 44.44103], [-0.70199, 44.44111], [-0.70167, 44.44128], [-0.7016, 44.44142], [-0.70146, 44.44147], [-0.7008, 44.44149], [-0.70042, 44.44136], [-0.69971, 44.44141], [-0.69938, 44.44146], [-0.69894, 44.44167]]}}, {"type": "Feature", "properties": {"gabarit": "Poids lourd", "revetement": "Sol naturel", "debroussaillee": false, "longueur_m": 180.1}, "geometry": {"type": "LineString", "coordinates": [[-0.69051, 44.36662], [-0.68921, 44.36733], [-0.68908, 44.36745], [-0.68899, 44.36774]]}}, {"type": "Feature", "properties": {"gabarit": "Poids lourd", "revetement": "Sol naturel", "debroussaillee": true, "longueur_m": 339.5}, "geometry": {"type": "LineString", "coordinates": [[-0.68957, 44.37476], [-0.69015, 44.37451], [-0.69165, 44.37411], [-0.69218, 44.37387], [-0.69302, 44.37385], [-0.69344, 44.37365]]}}, {"type": "Feature", "properties": {"gabarit": "Super poids lourd", "revetement": "Empierré", "debroussaillee": true, "longueur_m": 167.3}, "geometry": {"type": "LineString", "coordinates": [[-0.69744, 44.42388], [-0.69683, 44.42532]]}}, {"type": "Feature", "properties": {"gabarit": "Poids lourd", "revetement": "Sol naturel", "debroussaillee": true, "longueur_m": 216.2}, "geometry": {"type": "LineString", "coordinates": [[-0.68173, 44.36456], [-0.68122, 44.36401], [-0.68066, 44.36367], [-0.68028, 44.36353], [-0.67966, 44.36351]]}}, {"type": "Feature", "properties": {"gabarit": "Poids lourd", "revetement": "Sol naturel", "debroussaillee": true, "longueur_m": 858.8}, "geometry": {"type": "LineString", "coordinates": [[-0.67966, 44.36351], [-0.67806, 44.36407], [-0.67361, 44.36431], [-0.67143, 44.36457], [-0.66998, 44.36485], [-0.66946, 44.36504], [-0.66924, 44.36506]]}}, {"type": "Feature", "properties": {"gabarit": "Super poids lourd", "revetement": "Empierré", "debroussaillee": true, "longueur_m": 439.4}, "geometry": {"type": "LineString", "coordinates": [[-0.69085, 44.40947], [-0.69171, 44.40959], [-0.69203, 44.40956], [-0.69302, 44.40975], [-0.69355, 44.41], [-0.69459, 44.41029], [-0.69611, 44.4104]]}}, {"type": "Feature", "properties": {"gabarit": "Super poids lourd", "revetement": "Empierré", "debroussaillee": true, "longueur_m": 664.7}, "geometry": {"type": "LineString", "coordinates": [[-0.6863, 44.40739], [-0.68547, 44.40696], [-0.67888, 44.40467]]}}, {"type": "Feature", "properties": {"gabarit": "Poids lourd", "revetement": "Sol naturel", "debroussaillee": false, "longueur_m": 443.1}, "geometry": {"type": "LineString", "coordinates": [[-0.68739, 44.42023], [-0.68547, 44.42014], [-0.68496, 44.42005], [-0.68457, 44.42014], [-0.68318, 44.42022], [-0.68189, 44.42013]]}}, {"type": "Feature", "properties": {"gabarit": "Super poids lourd", "revetement": "Empierré", "debroussaillee": true, "longueur_m": 151.6}, "geometry": {"type": "LineString", "coordinates": [[-0.69335, 44.4312], [-0.69326, 44.43191], [-0.69349, 44.43253]]}}, {"type": "Feature", "properties": {"gabarit": "Poids lourd", "revetement": "Sol naturel", "debroussaillee": true, "longueur_m": 403.0}, "geometry": {"type": "LineString", "coordinates": [[-0.65418, 44.39749], [-0.64915, 44.39709]]}}, {"type": "Feature", "properties": {"gabarit": "Poids lourd", "revetement": "Sol naturel", "debroussaillee": false, "longueur_m": 201.7}, "geometry": {"type": "LineString", "coordinates": [[-0.67691, 44.41975], [-0.67654, 44.42021], [-0.67616, 44.42054], [-0.67599, 44.42138]]}}, {"type": "Feature", "properties": {"gabarit": "Poids lourd", "revetement": "Sol naturel", "debroussaillee": false, "longueur_m": 172.2}, "geometry": {"type": "LineString", "coordinates": [[-0.66256, 44.37892], [-0.66242, 44.37854], [-0.66232, 44.37739]]}}, {"type": "Feature", "properties": {"gabarit": "Poids lourd", "revetement": "Sol naturel", "debroussaillee": false, "longueur_m": 63.7}, "geometry": {"type": "LineString", "coordinates": [[-0.6596, 44.41577], [-0.65952, 44.41634]]}}, {"type": "Feature", "properties": {"gabarit": "Poids lourd", "revetement": "Sol naturel", "debroussaillee": false, "longueur_m": 167.8}, "geometry": {"type": "LineString", "coordinates": [[-0.66509, 44.42424], [-0.66522, 44.42493], [-0.66555, 44.42571]]}}, {"type": "Feature", "properties": {"gabarit": "Poids lourd", "revetement": "Sol naturel", "debroussaillee": false, "longueur_m": 13.8}, "geometry": {"type": "LineString", "coordinates": [[-0.65939, 44.42866], [-0.65955, 44.42872]]}}, {"type": "Feature", "properties": {"gabarit": "Poids lourd", "revetement": "Sol naturel", "debroussaillee": false, "longueur_m": 284.3}, "geometry": {"type": "LineString", "coordinates": [[-0.6666, 44.42308], [-0.66577, 44.42286], [-0.66523, 44.42283], [-0.66485, 44.42338], [-0.66512, 44.42394], [-0.66509, 44.42424]]}}, {"type": "Feature", "properties": {"gabarit": "Poids lourd", "revetement": "Sol naturel", "debroussaillee": false, "longueur_m": 101.1}, "geometry": {"type": "LineString", "coordinates": [[-0.66908, 44.44143], [-0.66906, 44.44165], [-0.66927, 44.44232]]}}, {"type": "Feature", "properties": {"gabarit": "Poids lourd", "revetement": "Sol naturel", "debroussaillee": false, "longueur_m": 62.5}, "geometry": {"type": "LineString", "coordinates": [[-0.66854, 44.44223], [-0.66878, 44.44219], [-0.66927, 44.44232]]}}, {"type": "Feature", "properties": {"gabarit": "Poids lourd", "revetement": "Sol naturel", "debroussaillee": false, "longueur_m": 55.0}, "geometry": {"type": "LineString", "coordinates": [[-0.66386, 44.45281], [-0.6635, 44.45322]]}}, {"type": "Feature", "properties": {"gabarit": "Poids lourd", "revetement": "Sol naturel", "debroussaillee": false, "longueur_m": 317.9}, "geometry": {"type": "LineString", "coordinates": [[-0.65489, 44.45014], [-0.65489, 44.44982], [-0.65381, 44.44866], [-0.65323, 44.44844], [-0.65271, 44.44851], [-0.65233, 44.44842]]}}, {"type": "Feature", "properties": {"gabarit": "Poids lourd", "revetement": "Sol naturel", "debroussaillee": false, "longueur_m": 502.5}, "geometry": {"type": "LineString", "coordinates": [[-0.63445, 44.42819], [-0.63303, 44.43088], [-0.63266, 44.43189], [-0.63235, 44.43245]]}}, {"type": "Feature", "properties": {"gabarit": "Poids lourd", "revetement": "Sol naturel", "debroussaillee": false, "longueur_m": 88.6}, "geometry": {"type": "LineString", "coordinates": [[-0.6299, 44.43709], [-0.62933, 44.4372], [-0.62883, 44.4371]]}}, {"type": "Feature", "properties": {"gabarit": "Poids lourd", "revetement": "Sol naturel", "debroussaillee": false, "longueur_m": 347.5}, "geometry": {"type": "LineString", "coordinates": [[-0.6184, 44.36751], [-0.61801, 44.36834], [-0.61784, 44.36889], [-0.61821, 44.36928], [-0.61912, 44.36979], [-0.61926, 44.36979], [-0.61929, 44.36962], [-0.61937, 44.3696]]}}, {"type": "Feature", "properties": {"gabarit": "Poids lourd", "revetement": "Sol naturel", "debroussaillee": false, "longueur_m": 1381.4}, "geometry": {"type": "LineString", "coordinates": [[-0.59146, 44.37236], [-0.59674, 44.36188], [-0.5973, 44.36065]]}}, {"type": "Feature", "properties": {"gabarit": "Poids lourd", "revetement": "Sol naturel", "debroussaillee": true, "longueur_m": 389.6}, "geometry": {"type": "LineString", "coordinates": [[-0.59317, 44.37607], [-0.59174, 44.37941]]}}, {"type": "Feature", "properties": {"gabarit": "Poids lourd", "revetement": "Sol naturel", "debroussaillee": true, "longueur_m": 489.5}, "geometry": {"type": "LineString", "coordinates": [[-0.58316, 44.36082], [-0.58116, 44.36499]]}}, {"type": "Feature", "properties": {"gabarit": "Poids lourd", "revetement": "Sol naturel", "debroussaillee": false, "longueur_m": 253.7}, "geometry": {"type": "LineString", "coordinates": [[-0.84333, 44.40274], [-0.84447, 44.40486]]}}, {"type": "Feature", "properties": {"gabarit": "Poids lourd", "revetement": "Sol naturel", "debroussaillee": true, "longueur_m": 261.5}, "geometry": {"type": "LineString", "coordinates": [[-0.87185, 44.39722], [-0.8724, 44.39954]]}}, {"type": "Feature", "properties": {"gabarit": "Poids lourd", "revetement": "Sol naturel", "debroussaillee": false, "longueur_m": 271.1}, "geometry": {"type": "LineString", "coordinates": [[-0.88199, 44.39464], [-0.8814, 44.39224]]}}, {"type": "Feature", "properties": {"gabarit": "Poids lourd", "revetement": "Sol naturel", "debroussaillee": false, "longueur_m": 423.6}, "geometry": {"type": "LineString", "coordinates": [[-0.88534, 44.40801], [-0.88622, 44.41148], [-0.88652, 44.41165]]}}, {"type": "Feature", "properties": {"gabarit": "Poids lourd", "revetement": "Sol naturel", "debroussaillee": false, "longueur_m": 608.8}, "geometry": {"type": "LineString", "coordinates": [[-0.85095, 44.41319], [-0.84982, 44.40944], [-0.84981, 44.4078]]}}, {"type": "Feature", "properties": {"gabarit": "Poids lourd", "revetement": "Sol naturel", "debroussaillee": true, "longueur_m": 37.6}, "geometry": {"type": "LineString", "coordinates": [[-0.8723, 44.38601], [-0.87229, 44.38635]]}}, {"type": "Feature", "properties": {"gabarit": "Poids lourd", "revetement": "Sol naturel", "debroussaillee": false, "longueur_m": 46.0}, "geometry": {"type": "LineString", "coordinates": [[-0.84981, 44.4078], [-0.84923, 44.4078]]}}, {"type": "Feature", "properties": {"gabarit": "Poids lourd", "revetement": "Sol naturel", "debroussaillee": false, "longueur_m": 387.6}, "geometry": {"type": "LineString", "coordinates": [[-0.88376, 44.40187], [-0.88295, 44.39843]]}}, {"type": "Feature", "properties": {"gabarit": "Poids lourd", "revetement": "Sol naturel", "debroussaillee": true, "longueur_m": 186.8}, "geometry": {"type": "LineString", "coordinates": [[-0.72966, 44.38712], [-0.73153, 44.3861]]}}, {"type": "Feature", "properties": {"gabarit": "Poids lourd", "revetement": "Sol naturel", "debroussaillee": false, "longueur_m": 627.4}, "geometry": {"type": "LineString", "coordinates": [[-0.89071, 44.39938], [-0.88295, 44.39843]]}}, {"type": "Feature", "properties": {"gabarit": "Poids lourd", "revetement": "Sol naturel", "debroussaillee": false, "longueur_m": 271.4}, "geometry": {"type": "LineString", "coordinates": [[-0.76817, 44.37055], [-0.76752, 44.37116], [-0.76722, 44.37136], [-0.76657, 44.37209], [-0.76603, 44.37242]]}}, {"type": "Feature", "properties": {"gabarit": "Poids lourd", "revetement": "Sol naturel", "debroussaillee": true, "longueur_m": 318.2}, "geometry": {"type": "LineString", "coordinates": [[-0.85332, 44.41913], [-0.85349, 44.41883], [-0.85437, 44.41637]]}}, {"type": "Feature", "properties": {"gabarit": "Poids lourd", "revetement": "Sol naturel", "debroussaillee": false, "longueur_m": 146.2}, "geometry": {"type": "LineString", "coordinates": [[-0.83151, 44.40213], [-0.83153, 44.4019], [-0.83136, 44.40167], [-0.83117, 44.40156], [-0.83031, 44.40137]]}}, {"type": "Feature", "properties": {"gabarit": "Poids lourd", "revetement": "Sol naturel", "debroussaillee": true, "longueur_m": 430.8}, "geometry": {"type": "LineString", "coordinates": [[-0.81873, 44.36126], [-0.8185, 44.36135], [-0.81502, 44.36405]]}}, {"type": "Feature", "properties": {"gabarit": "Poids lourd", "revetement": "Sol naturel", "debroussaillee": false, "longueur_m": 875.7}, "geometry": {"type": "LineString", "coordinates": [[-0.79448, 44.39439], [-0.79514, 44.39439], [-0.79607, 44.39418], [-0.79875, 44.39335], [-0.80066, 44.39315], [-0.80138, 44.3927], [-0.80279, 44.39238], [-0.80304, 44.39235], [-0.80347, 44.39247], [-0.80413, 44.39251], [-0.80437, 44.39249], [-0.80473, 44.39235]]}}, {"type": "Feature", "properties": {"gabarit": "Poids lourd", "revetement": "Sol naturel", "debroussaillee": true, "longueur_m": 94.4}, "geometry": {"type": "LineString", "coordinates": [[-0.79348, 44.38404], [-0.79276, 44.38337]]}}, {"type": "Feature", "properties": {"gabarit": "Poids lourd", "revetement": "Sol naturel", "debroussaillee": true, "longueur_m": 243.7}, "geometry": {"type": "LineString", "coordinates": [[-0.79639, 44.40417], [-0.79424, 44.40374], [-0.79398, 44.4036], [-0.79352, 44.40348]]}}, {"type": "Feature", "properties": {"gabarit": "Poids lourd", "revetement": "Sol naturel", "debroussaillee": false, "longueur_m": 498.9}, "geometry": {"type": "LineString", "coordinates": [[-0.79104, 44.40768], [-0.79141, 44.40812], [-0.79225, 44.40876], [-0.79277, 44.40928], [-0.79356, 44.40982], [-0.79391, 44.41027], [-0.79393, 44.41043], [-0.79409, 44.41064], [-0.79482, 44.41118]]}}, {"type": "Feature", "properties": {"gabarit": "Poids lourd", "revetement": "Sol naturel", "debroussaillee": false, "longueur_m": 771.2}, "geometry": {"type": "LineString", "coordinates": [[-0.79578, 44.41118], [-0.7966, 44.41042], [-0.79702, 44.40979], [-0.79802, 44.40886], [-0.79852, 44.40792], [-0.79859, 44.40739], [-0.79907, 44.40687], [-0.79951, 44.40612], [-0.79988, 44.40573], [-0.80027, 44.40515]]}}, {"type": "Feature", "properties": {"gabarit": "Super poids lourd", "revetement": "Empierré", "debroussaillee": true, "longueur_m": 134.4}, "geometry": {"type": "LineString", "coordinates": [[-0.79893, 44.4218], [-0.80047, 44.4213]]}}, {"type": "Feature", "properties": {"gabarit": "Super poids lourd", "revetement": "Empierré", "debroussaillee": true, "longueur_m": 453.0}, "geometry": {"type": "LineString", "coordinates": [[-0.78303, 44.42478], [-0.78398, 44.42549], [-0.78434, 44.42605], [-0.78441, 44.42628], [-0.78437, 44.42684], [-0.7846, 44.42738], [-0.78474, 44.42748], [-0.78512, 44.42752], [-0.7857, 44.4275], [-0.78602, 44.42736]]}}, {"type": "Feature", "properties": {"gabarit": "Poids lourd", "revetement": "Sol naturel", "debroussaillee": false, "longueur_m": 603.0}, "geometry": {"type": "LineString", "coordinates": [[-0.76918, 44.39472], [-0.76981, 44.39913], [-0.76981, 44.39973], [-0.77001, 44.4001]]}}, {"type": "Feature", "properties": {"gabarit": "Poids lourd", "revetement": "Sol naturel", "debroussaillee": true, "longueur_m": 784.6}, "geometry": {"type": "LineString", "coordinates": [[-0.77378, 44.39719], [-0.77382, 44.39737], [-0.77484, 44.39921], [-0.77504, 44.39984], [-0.7761, 44.40072], [-0.77658, 44.40132], [-0.7771, 44.40217], [-0.77709, 44.40279], [-0.77752, 44.40329], [-0.77778, 44.40345]]}}, {"type": "Feature", "properties": {"gabarit": "Poids lourd", "revetement": "Sol naturel", "debroussaillee": false, "longueur_m": 71.2}, "geometry": {"type": "LineString", "coordinates": [[-0.77708, 44.43788], [-0.77688, 44.43774], [-0.77701, 44.43751], [-0.77701, 44.43732]]}}, {"type": "Feature", "properties": {"gabarit": "Poids lourd", "revetement": "Sol naturel", "debroussaillee": false, "longueur_m": 273.9}, "geometry": {"type": "LineString", "coordinates": [[-0.77385, 44.43724], [-0.77362, 44.4376], [-0.77329, 44.43785], [-0.77325, 44.43819], [-0.77268, 44.43867], [-0.77191, 44.43916]]}}, {"type": "Feature", "properties": {"gabarit": "Poids lourd", "revetement": "Sol naturel", "debroussaillee": true, "longueur_m": 93.2}, "geometry": {"type": "LineString", "coordinates": [[-0.76082, 44.38337], [-0.76134, 44.38326], [-0.76176, 44.38293]]}}, {"type": "Feature", "properties": {"gabarit": "Poids lourd", "revetement": "Sol naturel", "debroussaillee": true, "longueur_m": 1682.1}, "geometry": {"type": "LineString", "coordinates": [[-0.74046, 44.38613], [-0.7411, 44.38643], [-0.74202, 44.38668], [-0.74212, 44.38688], [-0.74196, 44.38741], [-0.74343, 44.38803], [-0.74396, 44.38822], [-0.74595, 44.38862], [-0.74774, 44.38888], [-0.74899, 44.38938], [-0.74946, 44.38944], [-0.75053, 44.38996], [-0.75094, 44.39029], [-0.75154, 44.39058], [-0.75199, 44.39101], [-0.75496, 44.3932], [-0.75521, 44.394], [-0.75564, 44.39474], [-0.75583, 44.39487]]}}, {"type": "Feature", "properties": {"gabarit": "Poids lourd", "revetement": "Sol naturel", "debroussaillee": true, "longueur_m": 28.3}, "geometry": {"type": "LineString", "coordinates": [[-0.74224, 44.36546], [-0.7419, 44.36541]]}}, {"type": "Feature", "properties": {"gabarit": "Poids lourd", "revetement": "Sol naturel", "debroussaillee": true, "longueur_m": 212.1}, "geometry": {"type": "LineString", "coordinates": [[-0.74024, 44.36724], [-0.74064, 44.36623], [-0.74125, 44.36587], [-0.74162, 44.36575]]}}, {"type": "Feature", "properties": {"gabarit": "Super poids lourd", "revetement": "Empierré", "debroussaillee": true, "longueur_m": 239.2}, "geometry": {"type": "LineString", "coordinates": [[-0.74581, 44.39574], [-0.74881, 44.39575]]}}, {"type": "Feature", "properties": {"gabarit": "Poids lourd", "revetement": "Sol naturel", "debroussaillee": true, "longueur_m": 429.3}, "geometry": {"type": "LineString", "coordinates": [[-0.72335, 44.39907], [-0.72352, 44.39907], [-0.72823, 44.39748]]}}, {"type": "Feature", "properties": {"gabarit": "Poids lourd", "revetement": "Sol naturel", "debroussaillee": true, "longueur_m": 1043.1}, "geometry": {"type": "LineString", "coordinates": [[-0.73765, 44.40408], [-0.73737, 44.40369], [-0.73722, 44.40322], [-0.737, 44.40287], [-0.73604, 44.4016], [-0.73543, 44.40035], [-0.73264, 44.3975], [-0.73254, 44.3974], [-0.73173, 44.39718], [-0.73134, 44.39719], [-0.7307, 44.39692], [-0.73042, 44.39674]]}}, {"type": "Feature", "properties": {"gabarit": "Poids lourd", "revetement": "Sol naturel", "debroussaillee": false, "longueur_m": 107.7}, "geometry": {"type": "LineString", "coordinates": [[-0.74381, 44.42696], [-0.74383, 44.42657], [-0.74405, 44.42602]]}}, {"type": "Feature", "properties": {"gabarit": "Poids lourd", "revetement": "Sol naturel", "debroussaillee": true, "longueur_m": 328.8}, "geometry": {"type": "LineString", "coordinates": [[-0.72245, 44.40195], [-0.72335, 44.39907]]}}, {"type": "Feature", "properties": {"gabarit": "Super poids lourd", "revetement": "Empierré", "debroussaillee": true, "longueur_m": 156.3}, "geometry": {"type": "LineString", "coordinates": [[-0.7227, 44.41281], [-0.7221, 44.41148]]}}, {"type": "Feature", "properties": {"gabarit": "Poids lourd", "revetement": "Sol naturel", "debroussaillee": false, "longueur_m": 50.0}, "geometry": {"type": "LineString", "coordinates": [[-0.72067, 44.44017], [-0.72113, 44.44048]]}}, {"type": "Feature", "properties": {"gabarit": "Poids lourd", "revetement": "Sol naturel", "debroussaillee": false, "longueur_m": 114.7}, "geometry": {"type": "LineString", "coordinates": [[-0.71413, 44.37894], [-0.71499, 44.37922], [-0.71511, 44.37954]]}}, {"type": "Feature", "properties": {"gabarit": "Poids lourd", "revetement": "Sol naturel", "debroussaillee": true, "longueur_m": 354.3}, "geometry": {"type": "LineString", "coordinates": [[-0.71153, 44.39955], [-0.71458, 44.39723]]}}, {"type": "Feature", "properties": {"gabarit": "Poids lourd", "revetement": "Sol naturel", "debroussaillee": false, "longueur_m": 859.3}, "geometry": {"type": "LineString", "coordinates": [[-0.71606, 44.42147], [-0.71534, 44.42146], [-0.71418, 44.42192], [-0.71324, 44.42209], [-0.71177, 44.42214], [-0.71094, 44.42231], [-0.71026, 44.42212], [-0.70958, 44.42213], [-0.70629, 44.42248], [-0.70561, 44.42248]]}}, {"type": "Feature", "properties": {"gabarit": "Poids lourd", "revetement": "Sol naturel", "debroussaillee": false, "longueur_m": 609.0}, "geometry": {"type": "LineString", "coordinates": [[-0.68578, 44.37767], [-0.68598, 44.37781], [-0.6866, 44.37867], [-0.68689, 44.37936], [-0.68754, 44.38], [-0.688, 44.38021], [-0.68833, 44.38025], [-0.68873, 44.3802], [-0.68958, 44.37999], [-0.69027, 44.37971], [-0.6909, 44.3796], [-0.6911, 44.37949]]}}, {"type": "Feature", "properties": {"gabarit": "Super poids lourd", "revetement": "Empierré", "debroussaillee": true, "longueur_m": 84.2}, "geometry": {"type": "LineString", "coordinates": [[-0.69611, 44.4104], [-0.69663, 44.41052], [-0.69713, 44.4105]]}}, {"type": "Feature", "properties": {"gabarit": "Poids lourd", "revetement": "Sol naturel", "debroussaillee": false, "longueur_m": 52.3}, "geometry": {"type": "LineString", "coordinates": [[-0.69904, 44.41974], [-0.69958, 44.41948]]}}, {"type": "Feature", "properties": {"gabarit": "Super poids lourd", "revetement": "Empierré", "debroussaillee": false, "longueur_m": 536.5}, "geometry": {"type": "LineString", "coordinates": [[-0.6903, 44.41303], [-0.69075, 44.41318], [-0.69202, 44.41325], [-0.6935, 44.41347], [-0.69418, 44.4135], [-0.69577, 44.41338], [-0.69619, 44.41316], [-0.69684, 44.41312]]}}, {"type": "Feature", "properties": {"gabarit": "Super poids lourd", "revetement": "Empierré", "debroussaillee": true, "longueur_m": 267.0}, "geometry": {"type": "LineString", "coordinates": [[-0.67162, 44.37438], [-0.67153, 44.37423], [-0.66968, 44.37336], [-0.66926, 44.37307], [-0.6692, 44.37286]]}}, {"type": "Feature", "properties": {"gabarit": "Poids lourd", "revetement": "Sol naturel", "debroussaillee": false, "longueur_m": 73.3}, "geometry": {"type": "LineString", "coordinates": [[-0.66873, 44.38132], [-0.66897, 44.38196]]}}, {"type": "Feature", "properties": {"gabarit": "Poids lourd", "revetement": "Sol naturel", "debroussaillee": false, "longueur_m": 373.0}, "geometry": {"type": "LineString", "coordinates": [[-0.66897, 44.38196], [-0.66933, 44.38273], [-0.66985, 44.38339], [-0.6702, 44.38369], [-0.67039, 44.38436], [-0.67038, 44.38471], [-0.6706, 44.38503]]}}, {"type": "Feature", "properties": {"gabarit": "Poids lourd", "revetement": "Sol naturel", "debroussaillee": false, "longueur_m": 300.9}, "geometry": {"type": "LineString", "coordinates": [[-0.67462, 44.41448], [-0.67505, 44.41454], [-0.67575, 44.41482], [-0.67645, 44.4149], [-0.67723, 44.41524], [-0.67785, 44.41527], [-0.67813, 44.41523]]}}, {"type": "Feature", "properties": {"gabarit": "Poids lourd", "revetement": "Sol naturel", "debroussaillee": false, "longueur_m": 893.0}, "geometry": {"type": "LineString", "coordinates": [[-0.66845, 44.43412], [-0.66927, 44.43424], [-0.66974, 44.43492], [-0.67046, 44.43546], [-0.67093, 44.43608], [-0.6718, 44.437], [-0.67201, 44.43715], [-0.67249, 44.43733], [-0.67353, 44.43797], [-0.67385, 44.43824], [-0.67442, 44.43931], [-0.67451, 44.43991], [-0.67472, 44.44028]]}}, {"type": "Feature", "properties": {"gabarit": "Poids lourd", "revetement": "Sol naturel", "debroussaillee": true, "longueur_m": 165.4}, "geometry": {"type": "LineString", "coordinates": [[-0.65811, 44.36894], [-0.65904, 44.36778], [-0.65907, 44.36763]]}}, {"type": "Feature", "properties": {"gabarit": "Super poids lourd", "revetement": "Empierré", "debroussaillee": false, "longueur_m": 138.8}, "geometry": {"type": "LineString", "coordinates": [[-0.6609, 44.41472], [-0.66095, 44.41512], [-0.66034, 44.41511], [-0.65986, 44.41531]]}}, {"type": "Feature", "properties": {"gabarit": "Super poids lourd", "revetement": "Empierré", "debroussaillee": true, "longueur_m": 82.8}, "geometry": {"type": "LineString", "coordinates": [[-0.66662, 44.4225], [-0.66614, 44.42184]]}}, {"type": "Feature", "properties": {"gabarit": "Super poids lourd", "revetement": "Empierré", "debroussaillee": true, "longueur_m": 116.5}, "geometry": {"type": "LineString", "coordinates": [[-0.66614, 44.42184], [-0.66606, 44.42158], [-0.66615, 44.42095], [-0.66611, 44.42081]]}}, {"type": "Feature", "properties": {"gabarit": "Poids lourd", "revetement": "Sol naturel", "debroussaillee": false, "longueur_m": 186.1}, "geometry": {"type": "LineString", "coordinates": [[-0.66454, 44.42665], [-0.66564, 44.42725], [-0.66655, 44.42746]]}}, {"type": "Feature", "properties": {"gabarit": "Super poids lourd", "revetement": "Empierré", "debroussaillee": true, "longueur_m": 277.7}, "geometry": {"type": "LineString", "coordinates": [[-0.66743, 44.42546], [-0.66738, 44.42502], [-0.66695, 44.42437], [-0.66684, 44.42354], [-0.6666, 44.42308]]}}, {"type": "Feature", "properties": {"gabarit": "Super poids lourd", "revetement": "Empierré", "debroussaillee": true, "longueur_m": 235.9}, "geometry": {"type": "LineString", "coordinates": [[-0.65679, 44.43395], [-0.65588, 44.43406], [-0.65384, 44.43417]]}}, {"type": "Feature", "properties": {"gabarit": "Poids lourd", "revetement": "Sol naturel", "debroussaillee": true, "longueur_m": 52.6}, "geometry": {"type": "LineString", "coordinates": [[-0.64309, 44.42389], [-0.64308, 44.42342]]}}, {"type": "Feature", "properties": {"gabarit": "Poids lourd", "revetement": "Sol naturel", "debroussaillee": false, "longueur_m": 581.2}, "geometry": {"type": "LineString", "coordinates": [[-0.63885, 44.43488], [-0.63638, 44.43526], [-0.63496, 44.43559], [-0.6317, 44.43583]]}}, {"type": "Feature", "properties": {"gabarit": "Poids lourd", "revetement": "Sol naturel", "debroussaillee": false, "longueur_m": 951.4}, "geometry": {"type": "LineString", "coordinates": [[-0.86874, 44.39662], [-0.85741, 44.39392]]}}, {"type": "Feature", "properties": {"gabarit": "Poids lourd", "revetement": "Sol naturel", "debroussaillee": false, "longueur_m": 95.6}, "geometry": {"type": "LineString", "coordinates": [[-0.6443, 44.37381], [-0.64365, 44.37376], [-0.64319, 44.37397]]}}, {"type": "Feature", "properties": {"gabarit": "Poids lourd", "revetement": "Sol naturel", "debroussaillee": false, "longueur_m": 26.4}, "geometry": {"type": "LineString", "coordinates": [[-0.71157, 44.41642], [-0.7116, 44.41654], [-0.71173, 44.41659]]}}, {"type": "Feature", "properties": {"gabarit": "Poids lourd", "revetement": "Sol naturel", "debroussaillee": false, "longueur_m": 200.3}, "geometry": {"type": "LineString", "coordinates": [[-0.69808, 44.41339], [-0.69899, 44.413], [-0.69906, 44.41196]]}}, {"type": "Feature", "properties": {"gabarit": "Poids lourd", "revetement": "Sol naturel", "debroussaillee": false, "longueur_m": 247.2}, "geometry": {"type": "LineString", "coordinates": [[-0.60689, 44.3778], [-0.60859, 44.37614], [-0.60865, 44.37598]]}}, {"type": "Feature", "properties": {"gabarit": "Poids lourd", "revetement": "Sol naturel", "debroussaillee": false, "longueur_m": 27.8}, "geometry": {"type": "LineString", "coordinates": [[-0.78337, 44.39557], [-0.78313, 44.39539]]}}, {"type": "Feature", "properties": {"gabarit": "Poids lourd", "revetement": "Sol naturel", "debroussaillee": false, "longueur_m": 40.9}, "geometry": {"type": "LineString", "coordinates": [[-0.63894, 44.36358], [-0.63928, 44.36331]]}}, {"type": "Feature", "properties": {"gabarit": "Poids lourd", "revetement": "Sol naturel", "debroussaillee": false, "longueur_m": 136.6}, "geometry": {"type": "LineString", "coordinates": [[-0.71324, 44.3805], [-0.71181, 44.37983]]}}, {"type": "Feature", "properties": {"gabarit": "Poids lourd", "revetement": "Sol naturel", "debroussaillee": false, "longueur_m": 49.7}, "geometry": {"type": "LineString", "coordinates": [[-0.8723, 44.38601], [-0.87292, 44.386]]}}, {"type": "Feature", "properties": {"gabarit": "Poids lourd", "revetement": "Sol naturel", "debroussaillee": false, "longueur_m": 153.8}, "geometry": {"type": "LineString", "coordinates": [[-0.65112, 44.45187], [-0.65296, 44.45229]]}}, {"type": "Feature", "properties": {"gabarit": "Poids lourd", "revetement": "Sol naturel", "debroussaillee": false, "longueur_m": 310.8}, "geometry": {"type": "LineString", "coordinates": [[-0.72017, 44.39826], [-0.7183, 44.40071]]}}, {"type": "Feature", "properties": {"gabarit": "Poids lourd", "revetement": "Sol naturel", "debroussaillee": false, "longueur_m": 37.0}, "geometry": {"type": "LineString", "coordinates": [[-0.71947, 44.4038], [-0.71992, 44.40372]]}}, {"type": "Feature", "properties": {"gabarit": "Poids lourd", "revetement": "Sol naturel", "debroussaillee": false, "longueur_m": 394.0}, "geometry": {"type": "LineString", "coordinates": [[-0.59453, 44.38031], [-0.59896, 44.38189]]}}, {"type": "Feature", "properties": {"gabarit": "Poids lourd", "revetement": "Sol naturel", "debroussaillee": false, "longueur_m": 52.3}, "geometry": {"type": "LineString", "coordinates": [[-0.74343, 44.36823], [-0.7439, 44.36855]]}}, {"type": "Feature", "properties": {"gabarit": "Poids lourd", "revetement": "Sol naturel", "debroussaillee": false, "longueur_m": 89.2}, "geometry": {"type": "LineString", "coordinates": [[-0.6317, 44.43583], [-0.63155, 44.43573], [-0.63063, 44.43573]]}}, {"type": "Feature", "properties": {"gabarit": "Poids lourd", "revetement": "Sol naturel", "debroussaillee": false, "longueur_m": 264.2}, "geometry": {"type": "LineString", "coordinates": [[-0.72093, 44.42025], [-0.72099, 44.42067], [-0.72112, 44.42087], [-0.72171, 44.42255]]}}, {"type": "Feature", "properties": {"gabarit": "Poids lourd", "revetement": "Sol naturel", "debroussaillee": false, "longueur_m": 87.4}, "geometry": {"type": "LineString", "coordinates": [[-0.78812, 44.41825], [-0.78703, 44.41826]]}}, {"type": "Feature", "properties": {"gabarit": "Poids lourd", "revetement": "Sol naturel", "debroussaillee": false, "longueur_m": 41.0}, "geometry": {"type": "LineString", "coordinates": [[-0.6976, 44.41353], [-0.69808, 44.41339]]}}, {"type": "Feature", "properties": {"gabarit": "Poids lourd", "revetement": "Sol naturel", "debroussaillee": false, "longueur_m": 338.2}, "geometry": {"type": "LineString", "coordinates": [[-0.76871, 44.41114], [-0.76862, 44.41068], [-0.76818, 44.4102], [-0.76771, 44.40985], [-0.7667, 44.40852]]}}, {"type": "Feature", "properties": {"gabarit": "Poids lourd", "revetement": "Sol naturel", "debroussaillee": false, "longueur_m": 157.7}, "geometry": {"type": "LineString", "coordinates": [[-0.82941, 44.39913], [-0.82873, 44.39903], [-0.82744, 44.399]]}}, {"type": "Feature", "properties": {"gabarit": "Poids lourd", "revetement": "Sol naturel", "debroussaillee": false, "longueur_m": 188.9}, "geometry": {"type": "LineString", "coordinates": [[-0.62755, 44.37364], [-0.62681, 44.37347], [-0.62523, 44.37335]]}}, {"type": "Feature", "properties": {"gabarit": "Poids lourd", "revetement": "Sol naturel", "debroussaillee": false, "longueur_m": 83.8}, "geometry": {"type": "LineString", "coordinates": [[-0.65873, 44.40081], [-0.65768, 44.40076]]}}, {"type": "Feature", "properties": {"gabarit": "Poids lourd", "revetement": "Sol naturel", "debroussaillee": false, "longueur_m": 273.9}, "geometry": {"type": "LineString", "coordinates": [[-0.69265, 44.38518], [-0.69202, 44.38761]]}}, {"type": "Feature", "properties": {"gabarit": "Poids lourd", "revetement": "Sol naturel", "debroussaillee": false, "longueur_m": 124.0}, "geometry": {"type": "LineString", "coordinates": [[-0.63669, 44.37179], [-0.63742, 44.37145], [-0.6379, 44.37111]]}}, {"type": "Feature", "properties": {"gabarit": "Poids lourd", "revetement": "Sol naturel", "debroussaillee": false, "longueur_m": 112.8}, "geometry": {"type": "LineString", "coordinates": [[-0.83049, 44.40108], [-0.83071, 44.40062], [-0.83083, 44.4001]]}}, {"type": "Feature", "properties": {"gabarit": "Poids lourd", "revetement": "Sol naturel", "debroussaillee": false, "longueur_m": 152.8}, "geometry": {"type": "LineString", "coordinates": [[-0.74011, 44.37769], [-0.7399, 44.3781], [-0.73912, 44.3784], [-0.73871, 44.37846]]}}, {"type": "Feature", "properties": {"gabarit": "Poids lourd", "revetement": "Sol naturel", "debroussaillee": false, "longueur_m": 36.6}, "geometry": {"type": "LineString", "coordinates": [[-0.87973, 44.38548], [-0.87983, 44.3858]]}}, {"type": "Feature", "properties": {"gabarit": "Poids lourd", "revetement": "Sol naturel", "debroussaillee": false, "longueur_m": 219.2}, "geometry": {"type": "LineString", "coordinates": [[-0.63928, 44.36331], [-0.64055, 44.36202], [-0.64028, 44.36168]]}}, {"type": "Feature", "properties": {"gabarit": "Poids lourd", "revetement": "Sol naturel", "debroussaillee": false, "longueur_m": 174.6}, "geometry": {"type": "LineString", "coordinates": [[-0.62523, 44.37335], [-0.62315, 44.37332], [-0.62309, 44.37325]]}}, {"type": "Feature", "properties": {"gabarit": "Poids lourd", "revetement": "Sol naturel", "debroussaillee": false, "longueur_m": 246.1}, "geometry": {"type": "LineString", "coordinates": [[-0.63457, 44.41245], [-0.63424, 44.41294], [-0.6335, 44.41453]]}}, {"type": "Feature", "properties": {"gabarit": "Poids lourd", "revetement": "Sol naturel", "debroussaillee": false, "longueur_m": 79.4}, "geometry": {"type": "LineString", "coordinates": [[-0.68379, 44.43047], [-0.68287, 44.4302]]}}, {"type": "Feature", "properties": {"gabarit": "Poids lourd", "revetement": "Sol naturel", "debroussaillee": false, "longueur_m": 500.8}, "geometry": {"type": "LineString", "coordinates": [[-0.70886, 44.40103], [-0.70918, 44.39652]]}}, {"type": "Feature", "properties": {"gabarit": "Poids lourd", "revetement": "Sol naturel", "debroussaillee": false, "longueur_m": 126.7}, "geometry": {"type": "LineString", "coordinates": [[-0.72353, 44.37857], [-0.72197, 44.37875]]}}, {"type": "Feature", "properties": {"gabarit": "Poids lourd", "revetement": "Sol naturel", "debroussaillee": false, "longueur_m": 218.3}, "geometry": {"type": "LineString", "coordinates": [[-0.70511, 44.39477], [-0.70469, 44.39671]]}}, {"type": "Feature", "properties": {"gabarit": "Poids lourd", "revetement": "Sol naturel", "debroussaillee": false, "longueur_m": 64.2}, "geometry": {"type": "LineString", "coordinates": [[-0.71085, 44.41639], [-0.71136, 44.41632], [-0.71154, 44.41636], [-0.71157, 44.41642]]}}, {"type": "Feature", "properties": {"gabarit": "Poids lourd", "revetement": "Sol naturel", "debroussaillee": false, "longueur_m": 48.8}, "geometry": {"type": "LineString", "coordinates": [[-0.71157, 44.41642], [-0.71169, 44.41599]]}}, {"type": "Feature", "properties": {"gabarit": "Poids lourd", "revetement": "Sol naturel", "debroussaillee": false, "longueur_m": 150.6}, "geometry": {"type": "LineString", "coordinates": [[-0.74707, 44.42503], [-0.74845, 44.42518], [-0.74894, 44.42514]]}}, {"type": "Feature", "properties": {"gabarit": "Poids lourd", "revetement": "Sol naturel", "debroussaillee": false, "longueur_m": 625.2}, "geometry": {"type": "LineString", "coordinates": [[-0.58821, 44.36429], [-0.58583, 44.36944], [-0.58564, 44.36959]]}}, {"type": "Feature", "properties": {"gabarit": "Poids lourd", "revetement": "Sol naturel", "debroussaillee": false, "longueur_m": 71.2}, "geometry": {"type": "LineString", "coordinates": [[-0.76603, 44.37242], [-0.76563, 44.37268], [-0.76545, 44.3729]]}}, {"type": "Feature", "properties": {"gabarit": "Poids lourd", "revetement": "Sol naturel", "debroussaillee": false, "longueur_m": 142.7}, "geometry": {"type": "LineString", "coordinates": [[-0.7623, 44.38022], [-0.76407, 44.38007]]}}, {"type": "Feature", "properties": {"gabarit": "Poids lourd", "revetement": "Sol naturel", "debroussaillee": false, "longueur_m": 185.4}, "geometry": {"type": "LineString", "coordinates": [[-0.64271, 44.39374], [-0.64491, 44.39429]]}}, {"type": "Feature", "properties": {"gabarit": "Poids lourd", "revetement": "Sol naturel", "debroussaillee": false, "longueur_m": 559.6}, "geometry": {"type": "LineString", "coordinates": [[-0.86252, 44.41599], [-0.86072, 44.42086]]}}, {"type": "Feature", "properties": {"gabarit": "Poids lourd", "revetement": "Sol naturel", "debroussaillee": false, "longueur_m": 104.2}, "geometry": {"type": "LineString", "coordinates": [[-0.75053, 44.39994], [-0.75018, 44.39977], [-0.74975, 44.39965], [-0.74961, 44.39962], [-0.74935, 44.39968]]}}, {"type": "Feature", "properties": {"gabarit": "Poids lourd", "revetement": "Sol naturel", "debroussaillee": false, "longueur_m": 564.8}, "geometry": {"type": "LineString", "coordinates": [[-0.87973, 44.38548], [-0.88654, 44.38497], [-0.88676, 44.38491]]}}, {"type": "Feature", "properties": {"gabarit": "Poids lourd", "revetement": "Sol naturel", "debroussaillee": false, "longueur_m": 980.6}, "geometry": {"type": "LineString", "coordinates": [[-0.70432, 44.43328], [-0.70317, 44.43257], [-0.70166, 44.43201], [-0.7003, 44.43176], [-0.69876, 44.43171], [-0.69731, 44.4319], [-0.69589, 44.43232], [-0.69514, 44.43265], [-0.69456, 44.433], [-0.69356, 44.43379]]}}, {"type": "Feature", "properties": {"gabarit": "Super poids lourd", "revetement": "Empierré", "debroussaillee": true, "longueur_m": 256.4}, "geometry": {"type": "LineString", "coordinates": [[-0.70189, 44.37216], [-0.70127, 44.37295], [-0.70112, 44.37358], [-0.7012, 44.37434]]}}, {"type": "Feature", "properties": {"gabarit": "Super poids lourd", "revetement": "Empierré", "debroussaillee": true, "longueur_m": 86.7}, "geometry": {"type": "LineString", "coordinates": [[-0.7012, 44.37434], [-0.70093, 44.37455], [-0.70129, 44.37457], [-0.7012, 44.37434]]}}, {"type": "Feature", "properties": {"gabarit": "Poids lourd", "revetement": "Sol naturel", "debroussaillee": true, "longueur_m": 470.9}, "geometry": {"type": "LineString", "coordinates": [[-0.74348, 44.39222], [-0.74383, 44.39268], [-0.74439, 44.39307], [-0.74461, 44.39341], [-0.74448, 44.39431], [-0.74453, 44.39483], [-0.74468, 44.39515], [-0.7453, 44.39554], [-0.74581, 44.39574]]}}, {"type": "Feature", "properties": {"gabarit": "Poids lourd", "revetement": "Sol naturel", "debroussaillee": false, "longueur_m": 679.9}, "geometry": {"type": "LineString", "coordinates": [[-0.64028, 44.43201], [-0.63984, 44.43212], [-0.63946, 44.43234], [-0.63899, 44.4324], [-0.63852, 44.4327], [-0.63798, 44.43278], [-0.63686, 44.43276], [-0.63607, 44.43294], [-0.63334, 44.43262], [-0.6332, 44.43238], [-0.63235, 44.43245]]}}, {"type": "Feature", "properties": {"gabarit": "Poids lourd", "revetement": "Sol naturel", "debroussaillee": false, "longueur_m": 288.4}, "geometry": {"type": "LineString", "coordinates": [[-0.86683, 44.42194], [-0.86733, 44.42049], [-0.86779, 44.41944]]}}, {"type": "Feature", "properties": {"gabarit": "Poids lourd", "revetement": "Sol naturel", "debroussaillee": false, "longueur_m": 652.5}, "geometry": {"type": "LineString", "coordinates": [[-0.76811, 44.38617], [-0.76746, 44.38595], [-0.7668, 44.38508], [-0.7665, 44.38482], [-0.76619, 44.38478], [-0.76589, 44.38484], [-0.76553, 44.38447], [-0.76191, 44.38293], [-0.76176, 44.38293]]}}, {"type": "Feature", "properties": {"gabarit": "Poids lourd", "revetement": "Sol naturel", "debroussaillee": false, "longueur_m": 162.5}, "geometry": {"type": "LineString", "coordinates": [[-0.78213, 44.38452], [-0.78131, 44.38424], [-0.7806, 44.38408], [-0.78021, 44.3841]]}}, {"type": "Feature", "properties": {"gabarit": "Poids lourd", "revetement": "Sol naturel", "debroussaillee": false, "longueur_m": 201.4}, "geometry": {"type": "LineString", "coordinates": [[-0.75674, 44.36978], [-0.7575, 44.37051], [-0.75734, 44.37114], [-0.75716, 44.37135]]}}, {"type": "Feature", "properties": {"gabarit": "Poids lourd", "revetement": "Sol naturel", "debroussaillee": false, "longueur_m": 529.9}, "geometry": {"type": "LineString", "coordinates": [[-0.75912, 44.42799], [-0.75836, 44.42824], [-0.75732, 44.42843], [-0.75609, 44.42873], [-0.75505, 44.42917], [-0.75472, 44.42924], [-0.75424, 44.42948], [-0.7535, 44.42963], [-0.75297, 44.42964]]}}, {"type": "Feature", "properties": {"gabarit": "Poids lourd", "revetement": "Sol naturel", "debroussaillee": false, "longueur_m": 239.0}, "geometry": {"type": "LineString", "coordinates": [[-0.82188, 44.38683], [-0.82256, 44.38713], [-0.82312, 44.38749], [-0.82365, 44.38763], [-0.82436, 44.38799]]}}, {"type": "Feature", "properties": {"gabarit": "Poids lourd", "revetement": "Sol naturel", "debroussaillee": false, "longueur_m": 73.8}, "geometry": {"type": "LineString", "coordinates": [[-0.68292, 44.42442], [-0.68284, 44.42467], [-0.68252, 44.42501]]}}, {"type": "Feature", "properties": {"gabarit": "Poids lourd", "revetement": "Sol naturel", "debroussaillee": false, "longueur_m": 600.2}, "geometry": {"type": "LineString", "coordinates": [[-0.6837, 44.39979], [-0.68253, 44.39976], [-0.68316, 44.39758], [-0.68399, 44.39532]]}}, {"type": "Feature", "properties": {"gabarit": "Poids lourd", "revetement": "Sol naturel", "debroussaillee": false, "longueur_m": 343.2}, "geometry": {"type": "LineString", "coordinates": [[-0.67745, 44.37101], [-0.67687, 44.37408]]}}, {"type": "Feature", "properties": {"gabarit": "Poids lourd", "revetement": "Sol naturel", "debroussaillee": false, "longueur_m": 175.6}, "geometry": {"type": "LineString", "coordinates": [[-0.72028, 44.42022], [-0.71964, 44.42034], [-0.71902, 44.42039], [-0.71847, 44.42058], [-0.71827, 44.42041]]}}, {"type": "Feature", "properties": {"gabarit": "Poids lourd", "revetement": "Sol naturel", "debroussaillee": true, "longueur_m": 857.2}, "geometry": {"type": "LineString", "coordinates": [[-0.7332, 44.38519], [-0.74137, 44.39021]]}}, {"type": "Feature", "properties": {"gabarit": "Poids lourd", "revetement": "Sol naturel", "debroussaillee": false, "longueur_m": 113.2}, "geometry": {"type": "LineString", "coordinates": [[-0.67364, 44.40386], [-0.67292, 44.40377], [-0.67228, 44.4036]]}}, {"type": "Feature", "properties": {"gabarit": "Poids lourd", "revetement": "Sol naturel", "debroussaillee": false, "longueur_m": 128.7}, "geometry": {"type": "LineString", "coordinates": [[-0.78465, 44.41022], [-0.78497, 44.41078], [-0.78497, 44.41106], [-0.7848, 44.41131]]}}, {"type": "Feature", "properties": {"gabarit": "Poids lourd", "revetement": "Sol naturel", "debroussaillee": false, "longueur_m": 307.4}, "geometry": {"type": "LineString", "coordinates": [[-0.73852, 44.38375], [-0.7396, 44.38427], [-0.74108, 44.3852], [-0.74114, 44.38548], [-0.74125, 44.3856]]}}, {"type": "Feature", "properties": {"gabarit": "Poids lourd", "revetement": "Sol naturel", "debroussaillee": false, "longueur_m": 377.1}, "geometry": {"type": "LineString", "coordinates": [[-0.70252, 44.37146], [-0.70336, 44.37154], [-0.70483, 44.37129], [-0.70617, 44.37096], [-0.70643, 44.37074], [-0.70695, 44.3706]]}}, {"type": "Feature", "properties": {"gabarit": "Poids lourd", "revetement": "Sol naturel", "debroussaillee": false, "longueur_m": 158.9}, "geometry": {"type": "LineString", "coordinates": [[-0.70785, 44.3917], [-0.70814, 44.39165], [-0.709, 44.39169], [-0.70982, 44.39164]]}}, {"type": "Feature", "properties": {"gabarit": "Poids lourd", "revetement": "Sol naturel", "debroussaillee": false, "longueur_m": 159.7}, "geometry": {"type": "LineString", "coordinates": [[-0.79715, 44.3744], [-0.79699, 44.37555], [-0.79718, 44.37579]]}}, {"type": "Feature", "properties": {"gabarit": "Poids lourd", "revetement": "Sol naturel", "debroussaillee": false, "longueur_m": 245.2}, "geometry": {"type": "LineString", "coordinates": [[-0.75987, 44.36496], [-0.7591, 44.36503], [-0.75887, 44.36494], [-0.75684, 44.36499]]}}, {"type": "Feature", "properties": {"gabarit": "Poids lourd", "revetement": "Sol naturel", "debroussaillee": false, "longueur_m": 168.6}, "geometry": {"type": "LineString", "coordinates": [[-0.81967, 44.38522], [-0.82007, 44.38585], [-0.82073, 44.38653]]}}, {"type": "Feature", "properties": {"gabarit": "Poids lourd", "revetement": "Sol naturel", "debroussaillee": false, "longueur_m": 509.0}, "geometry": {"type": "LineString", "coordinates": [[-0.66701, 44.41496], [-0.66669, 44.41504], [-0.66555, 44.41497], [-0.6645, 44.41517], [-0.66418, 44.4153], [-0.66387, 44.41532], [-0.66154, 44.41473], [-0.66117, 44.41466], [-0.6609, 44.41472]]}}, {"type": "Feature", "properties": {"gabarit": "Poids lourd", "revetement": "Sol naturel", "debroussaillee": false, "longueur_m": 1187.8}, "geometry": {"type": "LineString", "coordinates": [[-0.66547, 44.43303], [-0.66482, 44.43313], [-0.66456, 44.4333], [-0.66453, 44.43369], [-0.66461, 44.43415], [-0.66529, 44.4355], [-0.66581, 44.43992], [-0.66595, 44.44015], [-0.66623, 44.44035], [-0.66717, 44.44082], [-0.66783, 44.44099], [-0.66821, 44.44137], [-0.66854, 44.44223]]}}, {"type": "Feature", "properties": {"gabarit": "Poids lourd", "revetement": "Sol naturel", "debroussaillee": true, "longueur_m": 718.4}, "geometry": {"type": "LineString", "coordinates": [[-0.63251, 44.39136], [-0.62862, 44.39421], [-0.62579, 44.39564]]}}, {"type": "Feature", "properties": {"gabarit": "Poids lourd", "revetement": "Sol naturel", "debroussaillee": false, "longueur_m": 165.6}, "geometry": {"type": "LineString", "coordinates": [[-0.65489, 44.45014], [-0.6554, 44.45006], [-0.65562, 44.44995], [-0.65595, 44.44964], [-0.65659, 44.44938]]}}, {"type": "Feature", "properties": {"gabarit": "Poids lourd", "revetement": "Sol naturel", "debroussaillee": false, "longueur_m": 355.4}, "geometry": {"type": "LineString", "coordinates": [[-0.80111, 44.36885], [-0.80284, 44.36942], [-0.80338, 44.36931], [-0.80391, 44.36897], [-0.80442, 44.36874], [-0.80488, 44.36839]]}}, {"type": "Feature", "properties": {"gabarit": "Poids lourd", "revetement": "Sol naturel", "debroussaillee": false, "longueur_m": 410.0}, "geometry": {"type": "LineString", "coordinates": [[-0.69598, 44.36733], [-0.69565, 44.3673], [-0.69502, 44.36785], [-0.69475, 44.36923], [-0.69451, 44.36977], [-0.69474, 44.36993], [-0.69457, 44.37013], [-0.69421, 44.37031]]}}, {"type": "Feature", "properties": {"gabarit": "Poids lourd", "revetement": "Sol naturel", "debroussaillee": false, "longueur_m": 54.1}, "geometry": {"type": "LineString", "coordinates": [[-0.68568, 44.44311], [-0.68635, 44.443]]}}, {"type": "Feature", "properties": {"gabarit": "Poids lourd", "revetement": "Sol naturel", "debroussaillee": false, "longueur_m": 328.4}, "geometry": {"type": "LineString", "coordinates": [[-0.6184, 44.36751], [-0.61886, 44.36711], [-0.61977, 44.36696], [-0.6203, 44.36702], [-0.62089, 44.3668], [-0.62215, 44.36684]]}}, {"type": "Feature", "properties": {"gabarit": "Poids lourd", "revetement": "Sol naturel", "debroussaillee": false, "longueur_m": 167.5}, "geometry": {"type": "LineString", "coordinates": [[-0.79002, 44.39422], [-0.78967, 44.39413], [-0.78941, 44.39416], [-0.78795, 44.39411]]}}, {"type": "Feature", "properties": {"gabarit": "Poids lourd", "revetement": "Sol naturel", "debroussaillee": false, "longueur_m": 373.9}, "geometry": {"type": "LineString", "coordinates": [[-0.70684, 44.40092], [-0.7071, 44.39756]]}}, {"type": "Feature", "properties": {"gabarit": "Poids lourd", "revetement": "Sol naturel", "debroussaillee": true, "longueur_m": 188.1}, "geometry": {"type": "LineString", "coordinates": [[-0.6293, 44.41343], [-0.62707, 44.41288]]}}, {"type": "Feature", "properties": {"gabarit": "Poids lourd", "revetement": "Sol naturel", "debroussaillee": false, "longueur_m": 317.1}, "geometry": {"type": "LineString", "coordinates": [[-0.74788, 44.36456], [-0.74708, 44.36635], [-0.74682, 44.36731]]}}, {"type": "Feature", "properties": {"gabarit": "Poids lourd", "revetement": "Sol naturel", "debroussaillee": true, "longueur_m": 289.5}, "geometry": {"type": "LineString", "coordinates": [[-0.74137, 44.39021], [-0.74296, 44.39122], [-0.74306, 44.39164], [-0.74348, 44.39222]]}}, {"type": "Feature", "properties": {"gabarit": "Poids lourd", "revetement": "Sol naturel", "debroussaillee": false, "longueur_m": 204.2}, "geometry": {"type": "LineString", "coordinates": [[-0.69658, 44.36529], [-0.69785, 44.36569], [-0.69858, 44.36578], [-0.69898, 44.36566]]}}, {"type": "Feature", "properties": {"gabarit": "Poids lourd", "revetement": "Sol naturel", "debroussaillee": false, "longueur_m": 301.1}, "geometry": {"type": "LineString", "coordinates": [[-0.86344, 44.39068], [-0.86315, 44.39103], [-0.86305, 44.39133], [-0.86287, 44.39236], [-0.863, 44.39281], [-0.86295, 44.39312], [-0.86317, 44.3932]]}}, {"type": "Feature", "properties": {"gabarit": "Poids lourd", "revetement": "Sol naturel", "debroussaillee": true, "longueur_m": 718.0}, "geometry": {"type": "LineString", "coordinates": [[-0.73088, 44.37948], [-0.73045, 44.37943], [-0.73026, 44.37929], [-0.72924, 44.37825], [-0.72888, 44.37796], [-0.72851, 44.37777], [-0.72781, 44.37695], [-0.7277, 44.37671], [-0.72732, 44.37647], [-0.72633, 44.37654], [-0.724, 44.37649]]}}, {"type": "Feature", "properties": {"gabarit": "Poids lourd", "revetement": "Sol naturel", "debroussaillee": false, "longueur_m": 273.6}, "geometry": {"type": "LineString", "coordinates": [[-0.71458, 44.39723], [-0.71505, 44.39756], [-0.71563, 44.39809], [-0.71683, 44.39838], [-0.71712, 44.39841], [-0.71738, 44.39836]]}}, {"type": "Feature", "properties": {"gabarit": "Poids lourd", "revetement": "Sol naturel", "debroussaillee": false, "longueur_m": 413.5}, "geometry": {"type": "LineString", "coordinates": [[-0.66342, 44.44349], [-0.66277, 44.44322], [-0.66147, 44.44344], [-0.66102, 44.4434], [-0.66066, 44.44351], [-0.65982, 44.44359], [-0.65957, 44.44374], [-0.65941, 44.44432], [-0.65924, 44.44441]]}}, {"type": "Feature", "properties": {"gabarit": "Poids lourd", "revetement": "Sol naturel", "debroussaillee": false, "longueur_m": 522.9}, "geometry": {"type": "LineString", "coordinates": [[-0.73286, 44.39085], [-0.73321, 44.39022], [-0.73318, 44.39012], [-0.72966, 44.38712]]}}, {"type": "Feature", "properties": {"gabarit": "Poids lourd", "revetement": "Sol naturel", "debroussaillee": false, "longueur_m": 194.3}, "geometry": {"type": "LineString", "coordinates": [[-0.70664, 44.41475], [-0.70682, 44.41468], [-0.70695, 44.41417], [-0.70704, 44.41309]]}}, {"type": "Feature", "properties": {"gabarit": "Poids lourd", "revetement": "Sol naturel", "debroussaillee": false, "longueur_m": 832.1}, "geometry": {"type": "LineString", "coordinates": [[-0.62523, 44.37335], [-0.62522, 44.37353], [-0.62494, 44.37401], [-0.62371, 44.37527], [-0.62125, 44.38021]]}}, {"type": "Feature", "properties": {"gabarit": "Poids lourd", "revetement": "Sol naturel", "debroussaillee": false, "longueur_m": 732.3}, "geometry": {"type": "LineString", "coordinates": [[-0.88531, 44.38142], [-0.88573, 44.38155], [-0.89419, 44.38311]]}}, {"type": "Feature", "properties": {"gabarit": "Poids lourd", "revetement": "Sol naturel", "debroussaillee": false, "longueur_m": 361.5}, "geometry": {"type": "LineString", "coordinates": [[-0.63885, 44.43488], [-0.6389, 44.43588], [-0.63883, 44.43607], [-0.63896, 44.43652], [-0.63819, 44.43802]]}}, {"type": "Feature", "properties": {"gabarit": "Poids lourd", "revetement": "Sol naturel", "debroussaillee": false, "longueur_m": 149.1}, "geometry": {"type": "LineString", "coordinates": [[-0.72257, 44.42548], [-0.72125, 44.42547], [-0.72114, 44.42556], [-0.72111, 44.42582]]}}, {"type": "Feature", "properties": {"gabarit": "Poids lourd", "revetement": "Sol naturel", "debroussaillee": false, "longueur_m": 67.7}, "geometry": {"type": "LineString", "coordinates": [[-0.69353, 44.37761], [-0.69387, 44.37737], [-0.69407, 44.37714]]}}, {"type": "Feature", "properties": {"gabarit": "Poids lourd", "revetement": "Sol naturel", "debroussaillee": false, "longueur_m": 1275.4}, "geometry": {"type": "LineString", "coordinates": [[-0.87229, 44.38635], [-0.86969, 44.38588], [-0.86293, 44.38541], [-0.85657, 44.38646]]}}, {"type": "Feature", "properties": {"gabarit": "Poids lourd", "revetement": "Sol naturel", "debroussaillee": false, "longueur_m": 171.9}, "geometry": {"type": "LineString", "coordinates": [[-0.78838, 44.37436], [-0.78978, 44.37381], [-0.79024, 44.37358]]}}, {"type": "Feature", "properties": {"gabarit": "Poids lourd", "revetement": "Sol naturel", "debroussaillee": false, "longueur_m": 292.5}, "geometry": {"type": "LineString", "coordinates": [[-0.75922, 44.3667], [-0.75867, 44.36725], [-0.75855, 44.36757], [-0.75867, 44.36791], [-0.75866, 44.36918]]}}, {"type": "Feature", "properties": {"gabarit": "Poids lourd", "revetement": "Sol naturel", "debroussaillee": false, "longueur_m": 195.2}, "geometry": {"type": "LineString", "coordinates": [[-0.68495, 44.39985], [-0.68504, 44.40022], [-0.68496, 44.4016]]}}, {"type": "Feature", "properties": {"gabarit": "Poids lourd", "revetement": "Sol naturel", "debroussaillee": false, "longueur_m": 378.3}, "geometry": {"type": "LineString", "coordinates": [[-0.84913, 44.41756], [-0.84963, 44.41768], [-0.85294, 44.41889], [-0.85332, 44.41913]]}}, {"type": "Feature", "properties": {"gabarit": "Poids lourd", "revetement": "Sol naturel", "debroussaillee": true, "longueur_m": 220.0}, "geometry": {"type": "LineString", "coordinates": [[-0.73383, 44.42554], [-0.73376, 44.42544], [-0.7339, 44.4249], [-0.7349, 44.42379]]}}, {"type": "Feature", "properties": {"gabarit": "Poids lourd", "revetement": "Sol naturel", "debroussaillee": false, "longueur_m": 155.3}, "geometry": {"type": "LineString", "coordinates": [[-0.66371, 44.41083], [-0.66484, 44.40997], [-0.665, 44.40978]]}}, {"type": "Feature", "properties": {"gabarit": "Poids lourd", "revetement": "Sol naturel", "debroussaillee": true, "longueur_m": 656.5}, "geometry": {"type": "LineString", "coordinates": [[-0.73643, 44.38347], [-0.73616, 44.38268], [-0.73583, 44.38209], [-0.73483, 44.38151], [-0.73355, 44.38053], [-0.73298, 44.38022], [-0.73207, 44.37984], [-0.73088, 44.37948]]}}, {"type": "Feature", "properties": {"gabarit": "Poids lourd", "revetement": "Sol naturel", "debroussaillee": false, "longueur_m": 310.2}, "geometry": {"type": "LineString", "coordinates": [[-0.67691, 44.41975], [-0.67623, 44.41968], [-0.67409, 44.41982], [-0.67319, 44.41944]]}}, {"type": "Feature", "properties": {"gabarit": "Poids lourd", "revetement": "Sol naturel", "debroussaillee": false, "longueur_m": 67.5}, "geometry": {"type": "LineString", "coordinates": [[-0.76917, 44.38205], [-0.76922, 44.38243], [-0.76904, 44.38261]]}}, {"type": "Feature", "properties": {"gabarit": "Poids lourd", "revetement": "Sol naturel", "debroussaillee": false, "longueur_m": 496.7}, "geometry": {"type": "LineString", "coordinates": [[-0.77025, 44.37281], [-0.76912, 44.37392], [-0.76829, 44.37514], [-0.76783, 44.37606], [-0.76795, 44.37681]]}}, {"type": "Feature", "properties": {"gabarit": "Poids lourd", "revetement": "Sol naturel", "debroussaillee": false, "longueur_m": 82.7}, "geometry": {"type": "LineString", "coordinates": [[-0.66873, 44.37585], [-0.66863, 44.3757], [-0.66836, 44.37555], [-0.66789, 44.37552]]}}, {"type": "Feature", "properties": {"gabarit": "Super poids lourd", "revetement": "Empierré", "debroussaillee": false, "longueur_m": 109.2}, "geometry": {"type": "LineString", "coordinates": [[-0.65786, 44.39022], [-0.65782, 44.39059], [-0.65793, 44.39119]]}}, {"type": "Feature", "properties": {"gabarit": "Poids lourd", "revetement": "Sol naturel", "debroussaillee": false, "longueur_m": 555.4}, "geometry": {"type": "LineString", "coordinates": [[-0.66395, 44.39197], [-0.66444, 44.39122], [-0.66442, 44.39091], [-0.66613, 44.38726]]}}, {"type": "Feature", "properties": {"gabarit": "Poids lourd", "revetement": "Sol naturel", "debroussaillee": false, "longueur_m": 379.3}, "geometry": {"type": "LineString", "coordinates": [[-0.74509, 44.39577], [-0.74461, 44.39615], [-0.74151, 44.39801]]}}, {"type": "Feature", "properties": {"gabarit": "Poids lourd", "revetement": "Sol naturel", "debroussaillee": false, "longueur_m": 563.4}, "geometry": {"type": "LineString", "coordinates": [[-0.86913, 44.39156], [-0.86877, 44.39498], [-0.86874, 44.39662]]}}, {"type": "Feature", "properties": {"gabarit": "Poids lourd", "revetement": "Sol naturel", "debroussaillee": false, "longueur_m": 236.6}, "geometry": {"type": "LineString", "coordinates": [[-0.77378, 44.39719], [-0.77479, 44.39702], [-0.77539, 44.39707], [-0.77566, 44.39699], [-0.77611, 44.3972], [-0.77658, 44.39731]]}}, {"type": "Feature", "properties": {"gabarit": "Poids lourd", "revetement": "Sol naturel", "debroussaillee": false, "longueur_m": 409.4}, "geometry": {"type": "LineString", "coordinates": [[-0.67691, 44.41975], [-0.67724, 44.41979], [-0.67758, 44.41974], [-0.6779, 44.4198], [-0.67915, 44.41974], [-0.67985, 44.41988], [-0.68024, 44.41984], [-0.68057, 44.41991], [-0.6808, 44.42004], [-0.68126, 44.42004], [-0.68189, 44.42013]]}}, {"type": "Feature", "properties": {"gabarit": "Poids lourd", "revetement": "Sol naturel", "debroussaillee": false, "longueur_m": 127.0}, "geometry": {"type": "LineString", "coordinates": [[-0.67814, 44.44099], [-0.67857, 44.44209]]}}, {"type": "Feature", "properties": {"gabarit": "Poids lourd", "revetement": "Sol naturel", "debroussaillee": false, "longueur_m": 347.9}, "geometry": {"type": "LineString", "coordinates": [[-0.65595, 44.38785], [-0.65576, 44.38839], [-0.65572, 44.38927], [-0.65596, 44.38942], [-0.6564, 44.38943], [-0.65661, 44.38977], [-0.65667, 44.39054]]}}, {"type": "Feature", "properties": {"gabarit": "Poids lourd", "revetement": "Sol naturel", "debroussaillee": false, "longueur_m": 412.8}, "geometry": {"type": "LineString", "coordinates": [[-0.62249, 44.3841], [-0.62396, 44.38091], [-0.62402, 44.38084], [-0.62439, 44.38091]]}}, {"type": "Feature", "properties": {"gabarit": "Poids lourd", "revetement": "Sol naturel", "debroussaillee": false, "longueur_m": 114.5}, "geometry": {"type": "LineString", "coordinates": [[-0.65073, 44.39449], [-0.65002, 44.3939], [-0.64971, 44.39378]]}}, {"type": "Feature", "properties": {"gabarit": "Poids lourd", "revetement": "Sol naturel", "debroussaillee": false, "longueur_m": 321.9}, "geometry": {"type": "LineString", "coordinates": [[-0.63527, 44.41499], [-0.63538, 44.41496], [-0.63613, 44.41304], [-0.63636, 44.41225]]}}, {"type": "Feature", "properties": {"gabarit": "Poids lourd", "revetement": "Sol naturel", "debroussaillee": false, "longueur_m": 214.1}, "geometry": {"type": "LineString", "coordinates": [[-0.77675, 44.38925], [-0.77649, 44.38922], [-0.77601, 44.38982], [-0.77599, 44.39016], [-0.77631, 44.39079]]}}, {"type": "Feature", "properties": {"gabarit": "Poids lourd", "revetement": "Sol naturel", "debroussaillee": false, "longueur_m": 315.9}, "geometry": {"type": "LineString", "coordinates": [[-0.75561, 44.38535], [-0.75597, 44.38529], [-0.75911, 44.38603], [-0.75939, 44.38602]]}}, {"type": "Feature", "properties": {"gabarit": "Poids lourd", "revetement": "Sol naturel", "debroussaillee": false, "longueur_m": 371.7}, "geometry": {"type": "LineString", "coordinates": [[-0.80454, 44.36616], [-0.80492, 44.36681], [-0.80524, 44.36713], [-0.80778, 44.36844]]}}, {"type": "Feature", "properties": {"gabarit": "Poids lourd", "revetement": "Sol naturel", "debroussaillee": false, "longueur_m": 314.0}, "geometry": {"type": "LineString", "coordinates": [[-0.68957, 44.37476], [-0.68959, 44.3744], [-0.68975, 44.37398], [-0.68968, 44.3736], [-0.68996, 44.37342], [-0.69028, 44.37336], [-0.69054, 44.37311], [-0.69077, 44.37302], [-0.69068, 44.37276], [-0.69086, 44.37266], [-0.69115, 44.37261]]}}, {"type": "Feature", "properties": {"gabarit": "Poids lourd", "revetement": "Sol naturel", "debroussaillee": false, "longueur_m": 784.3}, "geometry": {"type": "LineString", "coordinates": [[-0.65101, 44.39357], [-0.65258, 44.39042], [-0.65442, 44.38695]]}}, {"type": "Feature", "properties": {"gabarit": "Poids lourd", "revetement": "Sol naturel", "debroussaillee": false, "longueur_m": 91.7}, "geometry": {"type": "LineString", "coordinates": [[-0.66074, 44.39212], [-0.66078, 44.39129]]}}, {"type": "Feature", "properties": {"gabarit": "Poids lourd", "revetement": "Sol naturel", "debroussaillee": false, "longueur_m": 697.9}, "geometry": {"type": "LineString", "coordinates": [[-0.68026, 44.38442], [-0.67611, 44.38335], [-0.67444, 44.38349], [-0.67417, 44.38392], [-0.67366, 44.38532]]}}, {"type": "Feature", "properties": {"gabarit": "Poids lourd", "revetement": "Sol naturel", "debroussaillee": false, "longueur_m": 190.8}, "geometry": {"type": "LineString", "coordinates": [[-0.66454, 44.42665], [-0.66392, 44.42684], [-0.66308, 44.42721], [-0.66235, 44.42725]]}}, {"type": "Feature", "properties": {"gabarit": "Poids lourd", "revetement": "Sol naturel", "debroussaillee": true, "longueur_m": 862.3}, "geometry": {"type": "LineString", "coordinates": [[-0.81231, 44.37999], [-0.81285, 44.37977], [-0.81333, 44.37978], [-0.81994, 44.37805], [-0.82251, 44.37751]]}}, {"type": "Feature", "properties": {"gabarit": "Poids lourd", "revetement": "Sol naturel", "debroussaillee": false, "longueur_m": 42.6}, "geometry": {"type": "LineString", "coordinates": [[-0.67145, 44.42161], [-0.67176, 44.4213]]}}, {"type": "Feature", "properties": {"gabarit": "Poids lourd", "revetement": "Sol naturel", "debroussaillee": false, "longueur_m": 226.0}, "geometry": {"type": "LineString", "coordinates": [[-0.7877, 44.41358], [-0.78714, 44.41392], [-0.7869, 44.41447], [-0.78684, 44.41488], [-0.78647, 44.41498], [-0.78615, 44.41496]]}}, {"type": "Feature", "properties": {"gabarit": "Poids lourd", "revetement": "Sol naturel", "debroussaillee": true, "longueur_m": 396.9}, "geometry": {"type": "LineString", "coordinates": [[-0.78129, 44.42039], [-0.78149, 44.42053], [-0.78091, 44.42083], [-0.78032, 44.42094], [-0.7796, 44.42121], [-0.77941, 44.42182], [-0.77892, 44.42177], [-0.77859, 44.42146], [-0.778, 44.42128]]}}, {"type": "Feature", "properties": {"gabarit": "Poids lourd", "revetement": "Sol naturel", "debroussaillee": false, "longueur_m": 75.3}, "geometry": {"type": "LineString", "coordinates": [[-0.80778, 44.36844], [-0.80855, 44.36883]]}}, {"type": "Feature", "properties": {"gabarit": "Poids lourd", "revetement": "Sol naturel", "debroussaillee": false, "longueur_m": 120.0}, "geometry": {"type": "LineString", "coordinates": [[-0.73897, 44.36357], [-0.73914, 44.36403], [-0.73867, 44.36452]]}}, {"type": "Feature", "properties": {"gabarit": "Poids lourd", "revetement": "Sol naturel", "debroussaillee": false, "longueur_m": 74.6}, "geometry": {"type": "LineString", "coordinates": [[-0.69832, 44.40989], [-0.69913, 44.41023]]}}, {"type": "Feature", "properties": {"gabarit": "Poids lourd", "revetement": "Sol naturel", "debroussaillee": false, "longueur_m": 132.9}, "geometry": {"type": "LineString", "coordinates": [[-0.8724, 44.39954], [-0.87202, 44.39959], [-0.87155, 44.3994], [-0.87084, 44.39924]]}}, {"type": "Feature", "properties": {"gabarit": "Poids lourd", "revetement": "Sol naturel", "debroussaillee": false, "longueur_m": 197.9}, "geometry": {"type": "LineString", "coordinates": [[-0.79482, 44.41118], [-0.79454, 44.41132], [-0.79372, 44.41211], [-0.79355, 44.41265]]}}, {"type": "Feature", "properties": {"gabarit": "Poids lourd", "revetement": "Sol naturel", "debroussaillee": false, "longueur_m": 650.6}, "geometry": {"type": "LineString", "coordinates": [[-0.78973, 44.37101], [-0.79047, 44.37147], [-0.79146, 44.37227], [-0.79417, 44.37327], [-0.796, 44.37462]]}}, {"type": "Feature", "properties": {"gabarit": "Poids lourd", "revetement": "Sol naturel", "debroussaillee": false, "longueur_m": 341.2}, "geometry": {"type": "LineString", "coordinates": [[-0.67864, 44.44347], [-0.67853, 44.44654]]}}, {"type": "Feature", "properties": {"gabarit": "Poids lourd", "revetement": "Sol naturel", "debroussaillee": false, "longueur_m": 282.4}, "geometry": {"type": "LineString", "coordinates": [[-0.71807, 44.37102], [-0.71801, 44.37063], [-0.71786, 44.37039], [-0.71781, 44.37014], [-0.71787, 44.36992], [-0.71751, 44.36976], [-0.71727, 44.36936], [-0.7171, 44.36871]]}}, {"type": "Feature", "properties": {"gabarit": "Poids lourd", "revetement": "Sol naturel", "debroussaillee": false, "longueur_m": 250.9}, "geometry": {"type": "LineString", "coordinates": [[-0.86779, 44.41944], [-0.86838, 44.41775], [-0.86864, 44.41727]]}}, {"type": "Feature", "properties": {"gabarit": "Poids lourd", "revetement": "Sol naturel", "debroussaillee": false, "longueur_m": 215.9}, "geometry": {"type": "LineString", "coordinates": [[-0.71865, 44.44472], [-0.71869, 44.44487], [-0.71898, 44.445], [-0.71908, 44.44513], [-0.71944, 44.4465]]}}, {"type": "Feature", "properties": {"gabarit": "Poids lourd", "revetement": "Sol naturel", "debroussaillee": true, "longueur_m": 278.0}, "geometry": {"type": "LineString", "coordinates": [[-0.74002, 44.38223], [-0.73871, 44.38197], [-0.73838, 44.38195], [-0.73811, 44.38181], [-0.7377, 44.38127], [-0.73747, 44.38118], [-0.73713, 44.38121]]}}, {"type": "Feature", "properties": {"gabarit": "Poids lourd", "revetement": "Sol naturel", "debroussaillee": false, "longueur_m": 544.2}, "geometry": {"type": "LineString", "coordinates": [[-0.8006, 44.41077], [-0.79989, 44.41098], [-0.79829, 44.41158], [-0.79803, 44.4116], [-0.79772, 44.41171], [-0.79736, 44.41205], [-0.79709, 44.41214], [-0.7966, 44.41204], [-0.79657, 44.41185], [-0.79683, 44.4116], [-0.79684, 44.4114], [-0.79665, 44.41116], [-0.79578, 44.41118]]}}, {"type": "Feature", "properties": {"gabarit": "Poids lourd", "revetement": "Sol naturel", "debroussaillee": false, "longueur_m": 139.7}, "geometry": {"type": "LineString", "coordinates": [[-0.71491, 44.43442], [-0.71407, 44.43483], [-0.71368, 44.43528]]}}, {"type": "Feature", "properties": {"gabarit": "Poids lourd", "revetement": "Sol naturel", "debroussaillee": false, "longueur_m": 97.2}, "geometry": {"type": "LineString", "coordinates": [[-0.77741, 44.40376], [-0.77817, 44.40444]]}}, {"type": "Feature", "properties": {"gabarit": "Poids lourd", "revetement": "Sol naturel", "debroussaillee": false, "longueur_m": 79.9}, "geometry": {"type": "LineString", "coordinates": [[-0.70487, 44.43261], [-0.70466, 44.43309], [-0.70466, 44.43331]]}}, {"type": "Feature", "properties": {"gabarit": "Poids lourd", "revetement": "Sol naturel", "debroussaillee": false, "longueur_m": 672.5}, "geometry": {"type": "LineString", "coordinates": [[-0.81144, 44.39106], [-0.81058, 44.39125], [-0.80848, 44.39156], [-0.80735, 44.39188], [-0.80703, 44.3919], [-0.80652, 44.39228], [-0.80648, 44.39259], [-0.80523, 44.39314], [-0.80473, 44.39235]]}}, {"type": "Feature", "properties": {"gabarit": "Poids lourd", "revetement": "Sol naturel", "debroussaillee": false, "longueur_m": 536.2}, "geometry": {"type": "LineString", "coordinates": [[-0.71005, 44.43948], [-0.71022, 44.43984], [-0.71028, 44.44083], [-0.71019, 44.44084], [-0.71025, 44.44183], [-0.70999, 44.44185], [-0.71007, 44.44406]]}}, {"type": "Feature", "properties": {"gabarit": "Poids lourd", "revetement": "Sol naturel", "debroussaillee": false, "longueur_m": 529.6}, "geometry": {"type": "LineString", "coordinates": [[-0.63928, 44.36331], [-0.64006, 44.3633], [-0.64071, 44.36315], [-0.64137, 44.36335], [-0.64206, 44.36341], [-0.64278, 44.36365], [-0.6435, 44.3634], [-0.64424, 44.36335], [-0.64453, 44.36269], [-0.64476, 44.3624]]}}, {"type": "Feature", "properties": {"gabarit": "Poids lourd", "revetement": "Sol naturel", "debroussaillee": false, "longueur_m": 408.0}, "geometry": {"type": "LineString", "coordinates": [[-0.67213, 44.42544], [-0.67313, 44.42573], [-0.6739, 44.4261], [-0.67443, 44.42574], [-0.6748, 44.42521], [-0.67516, 44.42493], [-0.67577, 44.4247], [-0.67601, 44.42453]]}}, {"type": "Feature", "properties": {"gabarit": "Poids lourd", "revetement": "Sol naturel", "debroussaillee": false, "longueur_m": 49.8}, "geometry": {"type": "LineString", "coordinates": [[-0.69237, 44.43554], [-0.69233, 44.43599]]}}, {"type": "Feature", "properties": {"gabarit": "Poids lourd", "revetement": "Sol naturel", "debroussaillee": false, "longueur_m": 154.2}, "geometry": {"type": "LineString", "coordinates": [[-0.66555, 44.42571], [-0.6657, 44.42574], [-0.66743, 44.42546]]}}, {"type": "Feature", "properties": {"gabarit": "Poids lourd", "revetement": "Sol naturel", "debroussaillee": true, "longueur_m": 208.7}, "geometry": {"type": "LineString", "coordinates": [[-0.72097, 44.37678], [-0.71965, 44.37728], [-0.71871, 44.37772]]}}, {"type": "Feature", "properties": {"gabarit": "Poids lourd", "revetement": "Sol naturel", "debroussaillee": false, "longueur_m": 109.5}, "geometry": {"type": "LineString", "coordinates": [[-0.81651, 44.40915], [-0.81595, 44.40899], [-0.81556, 44.40899], [-0.81539, 44.40924]]}}, {"type": "Feature", "properties": {"gabarit": "Poids lourd", "revetement": "Sol naturel", "debroussaillee": false, "longueur_m": 193.8}, "geometry": {"type": "LineString", "coordinates": [[-0.70378, 44.36917], [-0.70237, 44.36933], [-0.70137, 44.36925]]}}, {"type": "Feature", "properties": {"gabarit": "Poids lourd", "revetement": "Sol naturel", "debroussaillee": false, "longueur_m": 620.9}, "geometry": {"type": "LineString", "coordinates": [[-0.80473, 44.39235], [-0.80157, 44.38724]]}}, {"type": "Feature", "properties": {"gabarit": "Poids lourd", "revetement": "Sol naturel", "debroussaillee": false, "longueur_m": 267.8}, "geometry": {"type": "LineString", "coordinates": [[-0.77814, 44.43554], [-0.77847, 44.43527], [-0.77861, 44.43487], [-0.77847, 44.43448], [-0.77838, 44.43356], [-0.77826, 44.43326]]}}, {"type": "Feature", "properties": {"gabarit": "Poids lourd", "revetement": "Sol naturel", "debroussaillee": false, "longueur_m": 108.3}, "geometry": {"type": "LineString", "coordinates": [[-0.70009, 44.41186], [-0.70062, 44.41197], [-0.70081, 44.41177], [-0.70086, 44.41144]]}}, {"type": "Feature", "properties": {"gabarit": "Poids lourd", "revetement": "Sol naturel", "debroussaillee": false, "longueur_m": 843.1}, "geometry": {"type": "LineString", "coordinates": [[-0.70586, 44.43923], [-0.70616, 44.43947], [-0.70633, 44.43947], [-0.70641, 44.43942], [-0.70723, 44.43733], [-0.70627, 44.43705], [-0.70619, 44.43698], [-0.70612, 44.43605], [-0.70577, 44.43498], [-0.70514, 44.43403], [-0.70432, 44.43328]]}}, {"type": "Feature", "properties": {"gabarit": "Poids lourd", "revetement": "Sol naturel", "debroussaillee": false, "longueur_m": 233.8}, "geometry": {"type": "LineString", "coordinates": [[-0.68414, 44.39482], [-0.68463, 44.39335], [-0.68492, 44.3928]]}}, {"type": "Feature", "properties": {"gabarit": "Poids lourd", "revetement": "Sol naturel", "debroussaillee": false, "longueur_m": 225.3}, "geometry": {"type": "LineString", "coordinates": [[-0.68944, 44.38518], [-0.69097, 44.38398], [-0.69142, 44.38374]]}}, {"type": "Feature", "properties": {"gabarit": "Poids lourd", "revetement": "Sol naturel", "debroussaillee": true, "longueur_m": 757.6}, "geometry": {"type": "LineString", "coordinates": [[-0.7092, 44.4445], [-0.71048, 44.44472], [-0.71091, 44.44474], [-0.71239, 44.44468], [-0.71336, 44.44455], [-0.71438, 44.4445], [-0.71865, 44.44472]]}}, {"type": "Feature", "properties": {"gabarit": "Poids lourd", "revetement": "Sol naturel", "debroussaillee": false, "longueur_m": 139.6}, "geometry": {"type": "LineString", "coordinates": [[-0.66066, 44.40234], [-0.6597, 44.40214], [-0.65896, 44.40206]]}}, {"type": "Feature", "properties": {"gabarit": "Poids lourd", "revetement": "Sol naturel", "debroussaillee": false, "longueur_m": 45.8}, "geometry": {"type": "LineString", "coordinates": [[-0.80579, 44.39633], [-0.80573, 44.39592]]}}, {"type": "Feature", "properties": {"gabarit": "Poids lourd", "revetement": "Sol naturel", "debroussaillee": false, "longueur_m": 309.1}, "geometry": {"type": "LineString", "coordinates": [[-0.70487, 44.43261], [-0.70396, 44.43226], [-0.70353, 44.43203], [-0.7014, 44.4314]]}}, {"type": "Feature", "properties": {"gabarit": "Poids lourd", "revetement": "Sol naturel", "debroussaillee": false, "longueur_m": 72.3}, "geometry": {"type": "LineString", "coordinates": [[-0.70466, 44.43331], [-0.70484, 44.43344], [-0.70512, 44.43386]]}}, {"type": "Feature", "properties": {"gabarit": "Poids lourd", "revetement": "Sol naturel", "debroussaillee": false, "longueur_m": 217.9}, "geometry": {"type": "LineString", "coordinates": [[-0.73765, 44.40408], [-0.73494, 44.40382]]}}, {"type": "Feature", "properties": {"gabarit": "Poids lourd", "revetement": "Sol naturel", "debroussaillee": false, "longueur_m": 74.5}, "geometry": {"type": "LineString", "coordinates": [[-0.63814, 44.37806], [-0.63836, 44.37844], [-0.63858, 44.37865]]}}, {"type": "Feature", "properties": {"gabarit": "Poids lourd", "revetement": "Sol naturel", "debroussaillee": false, "longueur_m": 859.4}, "geometry": {"type": "LineString", "coordinates": [[-0.58544, 44.36947], [-0.58557, 44.36927], [-0.58608, 44.3674], [-0.58741, 44.36187]]}}, {"type": "Feature", "properties": {"gabarit": "Poids lourd", "revetement": "Sol naturel", "debroussaillee": false, "longueur_m": 216.9}, "geometry": {"type": "LineString", "coordinates": [[-0.77251, 44.37965], [-0.77237, 44.37981], [-0.77199, 44.38007], [-0.77044, 44.3809]]}}, {"type": "Feature", "properties": {"gabarit": "Poids lourd", "revetement": "Sol naturel", "debroussaillee": false, "longueur_m": 196.0}, "geometry": {"type": "LineString", "coordinates": [[-0.76194, 44.39111], [-0.76323, 44.39105], [-0.76434, 44.39127]]}}, {"type": "Feature", "properties": {"gabarit": "Poids lourd", "revetement": "Sol naturel", "debroussaillee": false, "longueur_m": 763.6}, "geometry": {"type": "LineString", "coordinates": [[-0.60622, 44.38587], [-0.60779, 44.38625], [-0.60824, 44.38641], [-0.60862, 44.38646], [-0.61014, 44.3843], [-0.61136, 44.38277], [-0.61164, 44.38265], [-0.61243, 44.3829]]}}, {"type": "Feature", "properties": {"gabarit": "Poids lourd", "revetement": "Sol naturel", "debroussaillee": true, "longueur_m": 273.5}, "geometry": {"type": "LineString", "coordinates": [[-0.78176, 44.41852], [-0.78222, 44.41943], [-0.78232, 44.41995], [-0.78213, 44.42015], [-0.78172, 44.4201], [-0.78129, 44.42039]]}}, {"type": "Feature", "properties": {"gabarit": "Poids lourd", "revetement": "Sol naturel", "debroussaillee": false, "longueur_m": 282.4}, "geometry": {"type": "LineString", "coordinates": [[-0.75089, 44.4039], [-0.75097, 44.40376], [-0.75245, 44.40347], [-0.75264, 44.40287], [-0.75328, 44.40239]]}}, {"type": "Feature", "properties": {"gabarit": "Poids lourd", "revetement": "Sol naturel", "debroussaillee": false, "longueur_m": 375.8}, "geometry": {"type": "LineString", "coordinates": [[-0.80121, 44.42111], [-0.80135, 44.4242], [-0.80142, 44.42449]]}}, {"type": "Feature", "properties": {"gabarit": "Poids lourd", "revetement": "Sol naturel", "debroussaillee": false, "longueur_m": 361.5}, "geometry": {"type": "LineString", "coordinates": [[-0.66753, 44.41182], [-0.66747, 44.41194], [-0.66755, 44.41221], [-0.6674, 44.41246], [-0.66724, 44.41328], [-0.66733, 44.41399], [-0.6672, 44.41452], [-0.66724, 44.41468], [-0.66701, 44.41496]]}}, {"type": "Feature", "properties": {"gabarit": "Poids lourd", "revetement": "Sol naturel", "debroussaillee": false, "longueur_m": 35.3}, "geometry": {"type": "LineString", "coordinates": [[-0.65589, 44.37361], [-0.65617, 44.37338]]}}, {"type": "Feature", "properties": {"gabarit": "Poids lourd", "revetement": "Sol naturel", "debroussaillee": true, "longueur_m": 125.5}, "geometry": {"type": "LineString", "coordinates": [[-0.81104, 44.38066], [-0.81231, 44.37999]]}}, {"type": "Feature", "properties": {"gabarit": "Poids lourd", "revetement": "Sol naturel", "debroussaillee": false, "longueur_m": 47.4}, "geometry": {"type": "LineString", "coordinates": [[-0.7661, 44.3729], [-0.76624, 44.37331]]}}, {"type": "Feature", "properties": {"gabarit": "Poids lourd", "revetement": "Sol naturel", "debroussaillee": false, "longueur_m": 176.4}, "geometry": {"type": "LineString", "coordinates": [[-0.74405, 44.42602], [-0.74378, 44.4255], [-0.74364, 44.425], [-0.74358, 44.42472], [-0.74366, 44.42448]]}}, {"type": "Feature", "properties": {"gabarit": "Poids lourd", "revetement": "Sol naturel", "debroussaillee": false, "longueur_m": 212.2}, "geometry": {"type": "LineString", "coordinates": [[-0.84447, 44.40486], [-0.84536, 44.40666]]}}, {"type": "Feature", "properties": {"gabarit": "Poids lourd", "revetement": "Sol naturel", "debroussaillee": false, "longueur_m": 248.9}, "geometry": {"type": "LineString", "coordinates": [[-0.65522, 44.37648], [-0.65463, 44.37736], [-0.65382, 44.3782], [-0.65358, 44.37836]]}}, {"type": "Feature", "properties": {"gabarit": "Poids lourd", "revetement": "Sol naturel", "debroussaillee": false, "longueur_m": 96.4}, "geometry": {"type": "LineString", "coordinates": [[-0.78796, 44.41229], [-0.78769, 44.41227], [-0.78684, 44.41256]]}}, {"type": "Feature", "properties": {"gabarit": "Poids lourd", "revetement": "Sol naturel", "debroussaillee": false, "longueur_m": 83.6}, "geometry": {"type": "LineString", "coordinates": [[-0.72157, 44.39962], [-0.72112, 44.39965], [-0.72062, 44.39988]]}}, {"type": "Feature", "properties": {"gabarit": "Poids lourd", "revetement": "Sol naturel", "debroussaillee": false, "longueur_m": 346.9}, "geometry": {"type": "LineString", "coordinates": [[-0.53784, 44.36761], [-0.53731, 44.36882], [-0.5364, 44.36864], [-0.53615, 44.36888], [-0.53583, 44.36972]]}}, {"type": "Feature", "properties": {"gabarit": "Poids lourd", "revetement": "Sol naturel", "debroussaillee": false, "longueur_m": 575.6}, "geometry": {"type": "LineString", "coordinates": [[-0.81177, 44.36193], [-0.8083, 44.36368], [-0.80745, 44.36416], [-0.80719, 44.36399], [-0.8071, 44.36381], [-0.80634, 44.36308]]}}, {"type": "Feature", "properties": {"gabarit": "Poids lourd", "revetement": "Sol naturel", "debroussaillee": false, "longueur_m": 401.7}, "geometry": {"type": "LineString", "coordinates": [[-0.66318, 44.42218], [-0.66339, 44.42246], [-0.66264, 44.4236], [-0.6628, 44.42382], [-0.66308, 44.42393], [-0.66362, 44.42393], [-0.66385, 44.42408], [-0.66449, 44.42411], [-0.66483, 44.42426], [-0.66509, 44.42424]]}}, {"type": "Feature", "properties": {"gabarit": "Poids lourd", "revetement": "Sol naturel", "debroussaillee": false, "longueur_m": 203.0}, "geometry": {"type": "LineString", "coordinates": [[-0.72526, 44.36705], [-0.72543, 44.36887]]}}, {"type": "Feature", "properties": {"gabarit": "Poids lourd", "revetement": "Sol naturel", "debroussaillee": false, "longueur_m": 800.5}, "geometry": {"type": "LineString", "coordinates": [[-0.59069, 44.36267], [-0.59028, 44.36473], [-0.59104, 44.36626], [-0.59106, 44.36657], [-0.59061, 44.36755], [-0.59022, 44.36817], [-0.58919, 44.36944]]}}, {"type": "Feature", "properties": {"gabarit": "Poids lourd", "revetement": "Sol naturel", "debroussaillee": false, "longueur_m": 757.9}, "geometry": {"type": "LineString", "coordinates": [[-0.69353, 44.39363], [-0.69216, 44.39109], [-0.69175, 44.39047], [-0.69072, 44.38993], [-0.68954, 44.38968], [-0.68761, 44.38887]]}}, {"type": "Feature", "properties": {"gabarit": "Poids lourd", "revetement": "Sol naturel", "debroussaillee": false, "longueur_m": 895.6}, "geometry": {"type": "LineString", "coordinates": [[-0.88295, 44.39843], [-0.88088, 44.39825], [-0.87234, 44.3972], [-0.87185, 44.39722]]}}, {"type": "Feature", "properties": {"gabarit": "Poids lourd", "revetement": "Sol naturel", "debroussaillee": false, "longueur_m": 871.1}, "geometry": {"type": "LineString", "coordinates": [[-0.70814, 44.40212], [-0.71087, 44.40247], [-0.71283, 44.40254], [-0.71422, 44.40267], [-0.71635, 44.4027], [-0.719, 44.40253]]}}, {"type": "Feature", "properties": {"gabarit": "Poids lourd", "revetement": "Sol naturel", "debroussaillee": false, "longueur_m": 117.4}, "geometry": {"type": "LineString", "coordinates": [[-0.69069, 44.41051], [-0.69083, 44.41031], [-0.69085, 44.40947]]}}, {"type": "Feature", "properties": {"gabarit": "Poids lourd", "revetement": "Sol naturel", "debroussaillee": false, "longueur_m": 374.2}, "geometry": {"type": "LineString", "coordinates": [[-0.66743, 44.42546], [-0.67105, 44.4254], [-0.67213, 44.42544]]}}, {"type": "Feature", "properties": {"gabarit": "Poids lourd", "revetement": "Sol naturel", "debroussaillee": false, "longueur_m": 156.1}, "geometry": {"type": "LineString", "coordinates": [[-0.59317, 44.37607], [-0.59436, 44.37603], [-0.59471, 44.37595], [-0.59511, 44.37594]]}}, {"type": "Feature", "properties": {"gabarit": "Poids lourd", "revetement": "Sol naturel", "debroussaillee": false, "longueur_m": 237.0}, "geometry": {"type": "LineString", "coordinates": [[-0.77846, 44.37301], [-0.77852, 44.37275], [-0.77893, 44.37201], [-0.77887, 44.37129], [-0.77903, 44.37096]]}}, {"type": "Feature", "properties": {"gabarit": "Poids lourd", "revetement": "Sol naturel", "debroussaillee": true, "longueur_m": 126.2}, "geometry": {"type": "LineString", "coordinates": [[-0.74285, 44.36984], [-0.74323, 44.36989], [-0.74438, 44.36967]]}}, {"type": "Feature", "properties": {"gabarit": "Poids lourd", "revetement": "Sol naturel", "debroussaillee": false, "longueur_m": 183.5}, "geometry": {"type": "LineString", "coordinates": [[-0.7979, 44.42239], [-0.79802, 44.42256], [-0.79822, 44.42401]]}}, {"type": "Feature", "properties": {"gabarit": "Poids lourd", "revetement": "Sol naturel", "debroussaillee": false, "longueur_m": 106.1}, "geometry": {"type": "LineString", "coordinates": [[-0.73741, 44.37302], [-0.73744, 44.37325], [-0.73725, 44.37396]]}}, {"type": "Feature", "properties": {"gabarit": "Poids lourd", "revetement": "Sol naturel", "debroussaillee": false, "longueur_m": 219.0}, "geometry": {"type": "LineString", "coordinates": [[-0.6297, 44.36812], [-0.62987, 44.36727], [-0.63064, 44.36632]]}}, {"type": "Feature", "properties": {"gabarit": "Poids lourd", "revetement": "Sol naturel", "debroussaillee": false, "longueur_m": 313.6}, "geometry": {"type": "LineString", "coordinates": [[-0.65557, 44.42974], [-0.65515, 44.42965], [-0.65387, 44.42969], [-0.65321, 44.42976], [-0.65168, 44.42973]]}}, {"type": "Feature", "properties": {"gabarit": "Poids lourd", "revetement": "Sol naturel", "debroussaillee": false, "longueur_m": 116.1}, "geometry": {"type": "LineString", "coordinates": [[-0.77903, 44.37096], [-0.78044, 44.3708]]}}, {"type": "Feature", "properties": {"gabarit": "Poids lourd", "revetement": "Sol naturel", "debroussaillee": false, "longueur_m": 561.4}, "geometry": {"type": "LineString", "coordinates": [[-0.76628, 44.36809], [-0.76563, 44.3688], [-0.765, 44.36913], [-0.76467, 44.3696], [-0.76428, 44.36998], [-0.76415, 44.37023], [-0.76339, 44.37099], [-0.76274, 44.37146], [-0.76224, 44.37215]]}}, {"type": "Feature", "properties": {"gabarit": "Poids lourd", "revetement": "Sol naturel", "debroussaillee": false, "longueur_m": 265.5}, "geometry": {"type": "LineString", "coordinates": [[-0.70264, 44.3884], [-0.70255, 44.38879], [-0.70237, 44.38914], [-0.70226, 44.38995], [-0.70203, 44.39074]]}}, {"type": "Feature", "properties": {"gabarit": "Poids lourd", "revetement": "Sol naturel", "debroussaillee": false, "longueur_m": 157.1}, "geometry": {"type": "LineString", "coordinates": [[-0.65952, 44.41634], [-0.6582, 44.41616], [-0.65757, 44.41615]]}}, {"type": "Feature", "properties": {"gabarit": "Poids lourd", "revetement": "Sol naturel", "debroussaillee": false, "longueur_m": 229.6}, "geometry": {"type": "LineString", "coordinates": [[-0.72954, 44.43229], [-0.73039, 44.43217], [-0.73101, 44.43242], [-0.73135, 44.43237], [-0.73158, 44.43215], [-0.73214, 44.43209]]}}, {"type": "Feature", "properties": {"gabarit": "Poids lourd", "revetement": "Sol naturel", "debroussaillee": true, "longueur_m": 826.2}, "geometry": {"type": "LineString", "coordinates": [[-0.71865, 44.44472], [-0.71956, 44.44472], [-0.72157, 44.44511], [-0.72415, 44.44515], [-0.7258, 44.44538], [-0.72664, 44.44544], [-0.7289, 44.44525]]}}, {"type": "Feature", "properties": {"gabarit": "Poids lourd", "revetement": "Sol naturel", "debroussaillee": false, "longueur_m": 262.2}, "geometry": {"type": "LineString", "coordinates": [[-0.86665, 44.4226], [-0.86612, 44.42407], [-0.86566, 44.42483]]}}, {"type": "Feature", "properties": {"gabarit": "Poids lourd", "revetement": "Sol naturel", "debroussaillee": false, "longueur_m": 532.8}, "geometry": {"type": "LineString", "coordinates": [[-0.65522, 44.39157], [-0.65584, 44.39448], [-0.65589, 44.39452], [-0.65608, 44.39446], [-0.65618, 44.39521], [-0.65617, 44.39611]]}}, {"type": "Feature", "properties": {"gabarit": "Poids lourd", "revetement": "Sol naturel", "debroussaillee": false, "longueur_m": 208.6}, "geometry": {"type": "LineString", "coordinates": [[-0.70717, 44.41034], [-0.70804, 44.4109], [-0.70823, 44.41148], [-0.70814, 44.41191]]}}, {"type": "Feature", "properties": {"gabarit": "Poids lourd", "revetement": "Sol naturel", "debroussaillee": false, "longueur_m": 934.6}, "geometry": {"type": "LineString", "coordinates": [[-0.73289, 44.39583], [-0.74348, 44.39222]]}}, {"type": "Feature", "properties": {"gabarit": "Poids lourd", "revetement": "Sol naturel", "debroussaillee": false, "longueur_m": 1119.4}, "geometry": {"type": "LineString", "coordinates": [[-0.64277, 44.40012], [-0.64761, 44.40069], [-0.6479, 44.40075], [-0.6489, 44.40113], [-0.64984, 44.40133], [-0.65192, 44.40154], [-0.65247, 44.40166], [-0.65289, 44.40192], [-0.65342, 44.4026], [-0.65437, 44.40294], [-0.65481, 44.40317], [-0.65496, 44.40333], [-0.65544, 44.40348]]}}, {"type": "Feature", "properties": {"gabarit": "Poids lourd", "revetement": "Sol naturel", "debroussaillee": false, "longueur_m": 447.6}, "geometry": {"type": "LineString", "coordinates": [[-0.69722, 44.37416], [-0.69801, 44.37407], [-0.69844, 44.37415], [-0.69943, 44.37439], [-0.70045, 44.37484], [-0.7013, 44.37501], [-0.70156, 44.3751], [-0.70166, 44.37578]]}}, {"type": "Feature", "properties": {"gabarit": "Poids lourd", "revetement": "Sol naturel", "debroussaillee": false, "longueur_m": 852.0}, "geometry": {"type": "LineString", "coordinates": [[-0.74125, 44.3856], [-0.74149, 44.38587], [-0.74188, 44.38609], [-0.74293, 44.38646], [-0.74345, 44.38673], [-0.74454, 44.38712], [-0.74524, 44.38725], [-0.74611, 44.38756], [-0.74694, 44.38769], [-0.74751, 44.38785], [-0.74898, 44.38798], [-0.7498, 44.38819], [-0.75018, 44.38794], [-0.75077, 44.38816]]}}, {"type": "Feature", "properties": {"gabarit": "Poids lourd", "revetement": "Sol naturel", "debroussaillee": false, "longueur_m": 231.8}, "geometry": {"type": "LineString", "coordinates": [[-0.6536, 44.4342], [-0.65334, 44.43392], [-0.65298, 44.43336], [-0.65285, 44.4327], [-0.65242, 44.43236]]}}, {"type": "Feature", "properties": {"gabarit": "Poids lourd", "revetement": "Sol naturel", "debroussaillee": false, "longueur_m": 287.1}, "geometry": {"type": "LineString", "coordinates": [[-0.82726, 44.38912], [-0.82812, 44.38897], [-0.82876, 44.38864], [-0.82942, 44.38847], [-0.82905, 44.38805], [-0.82862, 44.38783]]}}, {"type": "Feature", "properties": {"gabarit": "Poids lourd", "revetement": "Sol naturel", "debroussaillee": false, "longueur_m": 827.7}, "geometry": {"type": "LineString", "coordinates": [[-0.76752, 44.43436], [-0.76857, 44.43394], [-0.76916, 44.4341], [-0.76988, 44.43404], [-0.77057, 44.43435], [-0.77101, 44.43425], [-0.7716, 44.43426], [-0.77212, 44.43444], [-0.77281, 44.43455], [-0.77309, 44.43472], [-0.77338, 44.43513], [-0.77336, 44.43524], [-0.77296, 44.4355], [-0.77283, 44.43574], [-0.773, 44.43604], [-0.77323, 44.43623], [-0.77311, 44.43655], [-0.77327, 44.4369], [-0.77352, 44.43699], [-0.77385, 44.43724]]}}, {"type": "Feature", "properties": {"gabarit": "Poids lourd", "revetement": "Sol naturel", "debroussaillee": false, "longueur_m": 216.6}, "geometry": {"type": "LineString", "coordinates": [[-0.68037, 44.44826], [-0.68031, 44.45008], [-0.68022, 44.45019]]}}, {"type": "Feature", "properties": {"gabarit": "Poids lourd", "revetement": "Sol naturel", "debroussaillee": false, "longueur_m": 1482.7}, "geometry": {"type": "LineString", "coordinates": [[-0.72245, 44.40195], [-0.72287, 44.40186], [-0.72453, 44.40125], [-0.72486, 44.40119], [-0.72575, 44.40228], [-0.72694, 44.40405], [-0.73086, 44.40138], [-0.72823, 44.39748]]}}, {"type": "Feature", "properties": {"gabarit": "Poids lourd", "revetement": "Sol naturel", "debroussaillee": false, "longueur_m": 603.8}, "geometry": {"type": "LineString", "coordinates": [[-0.72945, 44.38154], [-0.73017, 44.38186], [-0.73053, 44.38217], [-0.73108, 44.38279], [-0.7316, 44.38358], [-0.73168, 44.38407], [-0.73123, 44.38432], [-0.73109, 44.38457], [-0.73102, 44.38506], [-0.73106, 44.38544], [-0.73124, 44.3858], [-0.73153, 44.3861]]}}, {"type": "Feature", "properties": {"gabarit": "Poids lourd", "revetement": "Sol naturel", "debroussaillee": true, "longueur_m": 646.1}, "geometry": {"type": "LineString", "coordinates": [[-0.77856, 44.39722], [-0.77841, 44.39753], [-0.77905, 44.39935], [-0.77999, 44.4012], [-0.78025, 44.40153], [-0.7807, 44.40176], [-0.78088, 44.4024], [-0.78083, 44.4026]]}}, {"type": "Feature", "properties": {"gabarit": "Poids lourd", "revetement": "Sol naturel", "debroussaillee": false, "longueur_m": 476.9}, "geometry": {"type": "LineString", "coordinates": [[-0.82844, 44.38512], [-0.82846, 44.38415], [-0.82829, 44.38355], [-0.82792, 44.38334], [-0.82749, 44.38274], [-0.82729, 44.38261], [-0.82701, 44.38253], [-0.82628, 44.38191], [-0.82598, 44.3815]]}}, {"type": "Feature", "properties": {"gabarit": "Poids lourd", "revetement": "Sol naturel", "debroussaillee": true, "longueur_m": 103.6}, "geometry": {"type": "LineString", "coordinates": [[-0.65907, 44.36763], [-0.65931, 44.36719], [-0.65907, 44.36689], [-0.65893, 44.36689]]}}, {"type": "Feature", "properties": {"gabarit": "Poids lourd", "revetement": "Sol naturel", "debroussaillee": true, "longueur_m": 1015.6}, "geometry": {"type": "LineString", "coordinates": [[-0.65893, 44.36689], [-0.65859, 44.36689], [-0.65787, 44.36729], [-0.65751, 44.36733], [-0.65586, 44.36695], [-0.65532, 44.36698], [-0.65505, 44.36692], [-0.65424, 44.36661], [-0.65377, 44.36631], [-0.65339, 44.36617], [-0.6515, 44.36572], [-0.65055, 44.36561], [-0.6503, 44.36549], [-0.64936, 44.36544], [-0.64849, 44.36527], [-0.64816, 44.36534], [-0.64786, 44.3653], [-0.64705, 44.36544]]}}, {"type": "Feature", "properties": {"gabarit": "Poids lourd", "revetement": "Sol naturel", "debroussaillee": false, "longueur_m": 90.4}, "geometry": {"type": "LineString", "coordinates": [[-0.74046, 44.38613], [-0.74083, 44.38602], [-0.74125, 44.3856]]}}, {"type": "Feature", "properties": {"gabarit": "Poids lourd", "revetement": "Sol naturel", "debroussaillee": false, "longueur_m": 26.9}, "geometry": {"type": "LineString", "coordinates": [[-0.70466, 44.43331], [-0.70432, 44.43328]]}}, {"type": "Feature", "properties": {"gabarit": "Poids lourd", "revetement": "Sol naturel", "debroussaillee": false, "longueur_m": 298.7}, "geometry": {"type": "LineString", "coordinates": [[-0.75505, 44.4349], [-0.75452, 44.43489], [-0.753, 44.43501], [-0.75272, 44.43498], [-0.75137, 44.43525]]}}, {"type": "Feature", "properties": {"gabarit": "Poids lourd", "revetement": "Sol naturel", "debroussaillee": false, "longueur_m": 24.8}, "geometry": {"type": "LineString", "coordinates": [[-0.68435, 44.42298], [-0.68407, 44.42308]]}}, {"type": "Feature", "properties": {"gabarit": "Poids lourd", "revetement": "Sol naturel", "debroussaillee": false, "longueur_m": 361.0}, "geometry": {"type": "LineString", "coordinates": [[-0.68875, 44.42145], [-0.68872, 44.42136], [-0.68861, 44.42133], [-0.68809, 44.4215], [-0.6873, 44.42163], [-0.68698, 44.42174], [-0.68572, 44.42234], [-0.68513, 44.42247], [-0.68506, 44.42276]]}}, {"type": "Feature", "properties": {"gabarit": "Poids lourd", "revetement": "Sol naturel", "debroussaillee": false, "longueur_m": 26.7}, "geometry": {"type": "LineString", "coordinates": [[-0.68506, 44.42276], [-0.68476, 44.42287]]}}, {"type": "Feature", "properties": {"gabarit": "Poids lourd", "revetement": "Sol naturel", "debroussaillee": false, "longueur_m": 34.9}, "geometry": {"type": "LineString", "coordinates": [[-0.68476, 44.42287], [-0.68435, 44.42298]]}}, {"type": "Feature", "properties": {"gabarit": "Poids lourd", "revetement": "Sol naturel", "debroussaillee": false, "longueur_m": 249.2}, "geometry": {"type": "LineString", "coordinates": [[-0.68379, 44.43047], [-0.68487, 44.42836]]}}, {"type": "Feature", "properties": {"gabarit": "Poids lourd", "revetement": "Sol naturel", "debroussaillee": false, "longueur_m": 683.4}, "geometry": {"type": "LineString", "coordinates": [[-0.71065, 44.42963], [-0.70987, 44.42979], [-0.70899, 44.43012], [-0.70835, 44.43021], [-0.7079, 44.43018], [-0.70713, 44.42997], [-0.70649, 44.43001], [-0.70593, 44.42987], [-0.70429, 44.42969], [-0.70358, 44.42978], [-0.70271, 44.43], [-0.70244, 44.42997]]}}, {"type": "Feature", "properties": {"gabarit": "Poids lourd", "revetement": "Sol naturel", "debroussaillee": false, "longueur_m": 482.7}, "geometry": {"type": "LineString", "coordinates": [[-0.65366, 44.40819], [-0.65375, 44.4081], [-0.65417, 44.40821], [-0.65437, 44.40799], [-0.65934, 44.40871]]}}, {"type": "Feature", "properties": {"gabarit": "Poids lourd", "revetement": "Sol naturel", "debroussaillee": false, "longueur_m": 95.4}, "geometry": {"type": "LineString", "coordinates": [[-0.70244, 44.42997], [-0.70198, 44.42998], [-0.70148, 44.42985], [-0.70142, 44.42999]]}}, {"type": "Feature", "properties": {"gabarit": "Poids lourd", "revetement": "Sol naturel", "debroussaillee": false, "longueur_m": 415.5}, "geometry": {"type": "LineString", "coordinates": [[-0.68487, 44.42836], [-0.68984, 44.42946]]}}, {"type": "Feature", "properties": {"gabarit": "Poids lourd", "revetement": "Sol naturel", "debroussaillee": false, "longueur_m": 153.2}, "geometry": {"type": "LineString", "coordinates": [[-0.7135, 44.38182], [-0.7134, 44.38171], [-0.71349, 44.38117], [-0.71344, 44.38077], [-0.71324, 44.3805]]}}, {"type": "Feature", "properties": {"gabarit": "Poids lourd", "revetement": "Sol naturel", "debroussaillee": true, "longueur_m": 17.5}, "geometry": {"type": "LineString", "coordinates": [[-0.72161, 44.43291], [-0.72182, 44.4329]]}}, {"type": "Feature", "properties": {"gabarit": "Poids lourd", "revetement": "Sol naturel", "debroussaillee": true, "longueur_m": 531.5}, "geometry": {"type": "LineString", "coordinates": [[-0.76953, 44.41765], [-0.76974, 44.41786], [-0.77022, 44.4181], [-0.77167, 44.41834], [-0.77231, 44.41876], [-0.77313, 44.41957], [-0.77357, 44.41978], [-0.77392, 44.42013], [-0.77466, 44.4204]]}}, {"type": "Feature", "properties": {"gabarit": "Poids lourd", "revetement": "Sol naturel", "debroussaillee": true, "longueur_m": 262.0}, "geometry": {"type": "LineString", "coordinates": [[-0.79442, 44.42493], [-0.79521, 44.42418], [-0.79602, 44.42371], [-0.79662, 44.4232]]}}, {"type": "Feature", "properties": {"gabarit": "Poids lourd", "revetement": "Sol naturel", "debroussaillee": false, "longueur_m": 393.5}, "geometry": {"type": "LineString", "coordinates": [[-0.71969, 44.43615], [-0.72025, 44.43633], [-0.72094, 44.43668], [-0.72239, 44.43709], [-0.72309, 44.43713], [-0.7241, 44.43693], [-0.72411, 44.43681]]}}, {"type": "Feature", "properties": {"gabarit": "Poids lourd", "revetement": "Sol naturel", "debroussaillee": true, "longueur_m": 368.8}, "geometry": {"type": "LineString", "coordinates": [[-0.71722, 44.43375], [-0.7177, 44.43359], [-0.71851, 44.43348], [-0.71928, 44.4332], [-0.72024, 44.43298], [-0.72085, 44.43288], [-0.72161, 44.43291]]}}, {"type": "Feature", "properties": {"gabarit": "Poids lourd", "revetement": "Sol naturel", "debroussaillee": true, "longueur_m": 258.8}, "geometry": {"type": "LineString", "coordinates": [[-0.72207, 44.43282], [-0.72524, 44.43332]]}}, {"type": "Feature", "properties": {"gabarit": "Poids lourd", "revetement": "Sol naturel", "debroussaillee": true, "longueur_m": 1827.3}, "geometry": {"type": "LineString", "coordinates": [[-0.74353, 44.43464], [-0.74056, 44.43576], [-0.73997, 44.43593], [-0.73926, 44.43598], [-0.73859, 44.43584], [-0.73802, 44.43582], [-0.73653, 44.43587], [-0.7345, 44.43607], [-0.7311, 44.43713], [-0.72396, 44.43919], [-0.72196, 44.4394]]}}, {"type": "Feature", "properties": {"gabarit": "Poids lourd", "revetement": "Sol naturel", "debroussaillee": false, "longueur_m": 183.7}, "geometry": {"type": "LineString", "coordinates": [[-0.71752, 44.43572], [-0.71793, 44.43581], [-0.71852, 44.43605], [-0.71969, 44.43615]]}}, {"type": "Feature", "properties": {"gabarit": "Super poids lourd", "revetement": "Empierré", "debroussaillee": false, "longueur_m": 22.8}, "geometry": {"type": "LineString", "coordinates": [[-0.71981, 44.43957], [-0.71998, 44.43973]]}}, {"type": "Feature", "properties": {"gabarit": "Super poids lourd", "revetement": "Empierré", "debroussaillee": false, "longueur_m": 197.9}, "geometry": {"type": "LineString", "coordinates": [[-0.79651, 44.42217], [-0.79826, 44.42196], [-0.79893, 44.4218]]}}, {"type": "Feature", "properties": {"gabarit": "Poids lourd", "revetement": "Sol naturel", "debroussaillee": false, "longueur_m": 100.8}, "geometry": {"type": "LineString", "coordinates": [[-0.79652, 44.4223], [-0.79662, 44.4232]]}}, {"type": "Feature", "properties": {"gabarit": "Poids lourd", "revetement": "Sol naturel", "debroussaillee": true, "longueur_m": 105.2}, "geometry": {"type": "LineString", "coordinates": [[-0.7979, 44.42239], [-0.79893, 44.4218]]}}, {"type": "Feature", "properties": {"gabarit": "Super poids lourd", "revetement": "Empierré", "debroussaillee": false, "longueur_m": 141.8}, "geometry": {"type": "LineString", "coordinates": [[-0.78303, 44.42478], [-0.78214, 44.42448], [-0.78196, 44.42402], [-0.78203, 44.42396]]}}, {"type": "Feature", "properties": {"gabarit": "Poids lourd", "revetement": "Sol naturel", "debroussaillee": false, "longueur_m": 378.0}, "geometry": {"type": "LineString", "coordinates": [[-0.79642, 44.42173], [-0.79612, 44.42187], [-0.79562, 44.42194], [-0.79485, 44.42184], [-0.79311, 44.42196], [-0.79184, 44.42228]]}}, {"type": "Feature", "properties": {"gabarit": "Poids lourd", "revetement": "Sol naturel", "debroussaillee": true, "longueur_m": 163.2}, "geometry": {"type": "LineString", "coordinates": [[-0.73269, 44.4297], [-0.73282, 44.42932], [-0.73332, 44.4285], [-0.73328, 44.42832]]}}, {"type": "Feature", "properties": {"gabarit": "Poids lourd", "revetement": "Sol naturel", "debroussaillee": true, "longueur_m": 1053.4}, "geometry": {"type": "LineString", "coordinates": [[-0.66319, 44.42121], [-0.65896, 44.42073], [-0.65421, 44.41964], [-0.65051, 44.41862]]}}, {"type": "Feature", "properties": {"gabarit": "Poids lourd", "revetement": "Sol naturel", "debroussaillee": false, "longueur_m": 202.7}, "geometry": {"type": "LineString", "coordinates": [[-0.67842, 44.41885], [-0.67828, 44.41806], [-0.6786, 44.41774], [-0.67837, 44.41715]]}}, {"type": "Feature", "properties": {"gabarit": "Poids lourd", "revetement": "Sol naturel", "debroussaillee": true, "longueur_m": 211.1}, "geometry": {"type": "LineString", "coordinates": [[-0.73007, 44.41739], [-0.72957, 44.41726], [-0.72848, 44.41678], [-0.72766, 44.41669]]}}, {"type": "Feature", "properties": {"gabarit": "Super poids lourd", "revetement": "Empierré", "debroussaillee": false, "longueur_m": 39.4}, "geometry": {"type": "LineString", "coordinates": [[-0.69822, 44.39409], [-0.69773, 44.39405]]}}, {"type": "Feature", "properties": {"gabarit": "Poids lourd", "revetement": "Sol naturel", "debroussaillee": false, "longueur_m": 11.9}, "geometry": {"type": "LineString", "coordinates": [[-0.69667, 44.40041], [-0.69653, 44.40041]]}}, {"type": "Feature", "properties": {"gabarit": "Poids lourd", "revetement": "Sol naturel", "debroussaillee": false, "longueur_m": 618.3}, "geometry": {"type": "LineString", "coordinates": [[-0.78362, 44.38349], [-0.78544, 44.38191], [-0.78613, 44.3815], [-0.78699, 44.38086], [-0.78791, 44.37966], [-0.78822, 44.37909]]}}, {"type": "Feature", "properties": {"gabarit": "Poids lourd", "revetement": "Sol naturel", "debroussaillee": false, "longueur_m": 300.5}, "geometry": {"type": "LineString", "coordinates": [[-0.78758, 44.39143], [-0.78797, 44.39101], [-0.78875, 44.38889]]}}, {"type": "Feature", "properties": {"gabarit": "Poids lourd", "revetement": "Sol naturel", "debroussaillee": false, "longueur_m": 362.1}, "geometry": {"type": "LineString", "coordinates": [[-0.70794, 44.38545], [-0.71248, 44.38558]]}}, {"type": "Feature", "properties": {"gabarit": "Poids lourd", "revetement": "Sol naturel", "debroussaillee": false, "longueur_m": 170.2}, "geometry": {"type": "LineString", "coordinates": [[-0.777, 44.37586], [-0.77599, 44.37671], [-0.77552, 44.37695]]}}, {"type": "Feature", "properties": {"gabarit": "Poids lourd", "revetement": "Sol naturel", "debroussaillee": true, "longueur_m": 196.9}, "geometry": {"type": "LineString", "coordinates": [[-0.72884, 44.36343], [-0.72891, 44.36272], [-0.72869, 44.36168]]}}, {"type": "Feature", "properties": {"gabarit": "Poids lourd", "revetement": "Sol naturel", "debroussaillee": true, "longueur_m": 416.9}, "geometry": {"type": "LineString", "coordinates": [[-0.74285, 44.36984], [-0.74234, 44.36954], [-0.74215, 44.36934], [-0.74174, 44.36909], [-0.74133, 44.36894], [-0.74095, 44.36864], [-0.73997, 44.36835], [-0.73991, 44.36821], [-0.74024, 44.36724]]}}, {"type": "Feature", "properties": {"gabarit": "Poids lourd", "revetement": "Sol naturel", "debroussaillee": true, "longueur_m": 825.5}, "geometry": {"type": "LineString", "coordinates": [[-0.73867, 44.36452], [-0.7383, 44.36419], [-0.73704, 44.36368], [-0.73681, 44.36336], [-0.73642, 44.36303], [-0.73593, 44.36174], [-0.73573, 44.36049], [-0.73517, 44.35858], [-0.73513, 44.35831], [-0.73524, 44.35798]]}}, {"type": "Feature", "properties": {"gabarit": "Super poids lourd", "revetement": "Empierré", "debroussaillee": true, "longueur_m": 12.8}, "geometry": {"type": "LineString", "coordinates": [[-0.68994, 44.41376], [-0.68979, 44.41373]]}}, {"type": "Feature", "properties": {"gabarit": "Poids lourd", "revetement": "Sol naturel", "debroussaillee": false, "longueur_m": 149.9}, "geometry": {"type": "LineString", "coordinates": [[-0.83406, 44.393], [-0.83592, 44.39285]]}}, {"type": "Feature", "properties": {"gabarit": "Super poids lourd", "revetement": "Empierré", "debroussaillee": false, "longueur_m": 166.1}, "geometry": {"type": "LineString", "coordinates": [[-0.80383, 44.37677], [-0.80418, 44.37667], [-0.80471, 44.37684], [-0.80509, 44.37706], [-0.80535, 44.37747]]}}, {"type": "Feature", "properties": {"gabarit": "Super poids lourd", "revetement": "Empierré", "debroussaillee": true, "longueur_m": 35.4}, "geometry": {"type": "LineString", "coordinates": [[-0.66124, 44.39105], [-0.66079, 44.39107]]}}, {"type": "Feature", "properties": {"gabarit": "Super poids lourd", "revetement": "Empierré", "debroussaillee": true, "longueur_m": 24.8}, "geometry": {"type": "LineString", "coordinates": [[-0.66755, 44.39433], [-0.66731, 44.39418]]}}, {"type": "Feature", "properties": {"gabarit": "Poids lourd", "revetement": "Sol naturel", "debroussaillee": false, "longueur_m": 299.9}, "geometry": {"type": "LineString", "coordinates": [[-0.81366, 44.39931], [-0.81441, 44.3989], [-0.81469, 44.39836], [-0.81516, 44.39792], [-0.81565, 44.3971]]}}, {"type": "Feature", "properties": {"gabarit": "Poids lourd", "revetement": "Sol naturel", "debroussaillee": false, "longueur_m": 485.4}, "geometry": {"type": "LineString", "coordinates": [[-0.60023, 44.37445], [-0.5943, 44.37347]]}}, {"type": "Feature", "properties": {"gabarit": "Poids lourd", "revetement": "Sol naturel", "debroussaillee": true, "longueur_m": 1020.5}, "geometry": {"type": "LineString", "coordinates": [[-0.60351, 44.36529], [-0.60061, 44.37424]]}}, {"type": "Feature", "properties": {"gabarit": "Poids lourd", "revetement": "Sol naturel", "debroussaillee": true, "longueur_m": 919.8}, "geometry": {"type": "LineString", "coordinates": [[-0.59766, 44.36555], [-0.5943, 44.37347]]}}, {"type": "Feature", "properties": {"gabarit": "Poids lourd", "revetement": "Sol naturel", "debroussaillee": false, "longueur_m": 260.5}, "geometry": {"type": "LineString", "coordinates": [[-0.76431, 44.42519], [-0.76456, 44.4248], [-0.76501, 44.42442], [-0.76559, 44.42373], [-0.76642, 44.42373]]}}, {"type": "Feature", "properties": {"gabarit": "Poids lourd", "revetement": "Sol naturel", "debroussaillee": false, "longueur_m": 171.8}, "geometry": {"type": "LineString", "coordinates": [[-0.81366, 44.39931], [-0.81209, 44.40037]]}}, {"type": "Feature", "properties": {"gabarit": "Super poids lourd", "revetement": "Empierré", "debroussaillee": false, "longueur_m": 109.1}, "geometry": {"type": "LineString", "coordinates": [[-0.71855, 44.37709], [-0.7181, 44.3775], [-0.7182, 44.37795]]}}, {"type": "Feature", "properties": {"gabarit": "Poids lourd", "revetement": "Sol naturel", "debroussaillee": true, "longueur_m": 39.3}, "geometry": {"type": "LineString", "coordinates": [[-0.71802, 44.37818], [-0.71791, 44.37833], [-0.71796, 44.37851]]}}, {"type": "Feature", "properties": {"gabarit": "Poids lourd", "revetement": "Sol naturel", "debroussaillee": true, "longueur_m": 318.6}, "geometry": {"type": "LineString", "coordinates": [[-0.69237, 44.43554], [-0.69208, 44.43583], [-0.69147, 44.43667], [-0.68998, 44.43781]]}}, {"type": "Feature", "properties": {"gabarit": "Poids lourd", "revetement": "Sol naturel", "debroussaillee": true, "longueur_m": 506.3}, "geometry": {"type": "LineString", "coordinates": [[-0.75562, 44.38257], [-0.75634, 44.38276], [-0.75669, 44.38276], [-0.75736, 44.38257], [-0.75958, 44.38226], [-0.75985, 44.38236], [-0.76049, 44.3834], [-0.76082, 44.38337]]}}, {"type": "Feature", "properties": {"gabarit": "Poids lourd", "revetement": "Sol naturel", "debroussaillee": false, "longueur_m": 266.2}, "geometry": {"type": "LineString", "coordinates": [[-0.77012, 44.36972], [-0.76991, 44.37021], [-0.77018, 44.37108], [-0.77023, 44.37149], [-0.77018, 44.37206]]}}, {"type": "Feature", "properties": {"gabarit": "Poids lourd", "revetement": "Sol naturel", "debroussaillee": false, "longueur_m": 105.8}, "geometry": {"type": "LineString", "coordinates": [[-0.77377, 44.3741], [-0.77393, 44.37315]]}}, {"type": "Feature", "properties": {"gabarit": "Poids lourd", "revetement": "Sol naturel", "debroussaillee": true, "longueur_m": 80.9}, "geometry": {"type": "LineString", "coordinates": [[-0.63265, 44.37434], [-0.63209, 44.37495]]}}, {"type": "Feature", "properties": {"gabarit": "Poids lourd", "revetement": "Sol naturel", "debroussaillee": true, "longueur_m": 21.9}, "geometry": {"type": "LineString", "coordinates": [[-0.87276, 44.40225], [-0.87288, 44.40242]]}}, {"type": "Feature", "properties": {"gabarit": "Poids lourd", "revetement": "Sol naturel", "debroussaillee": false, "longueur_m": 107.3}, "geometry": {"type": "LineString", "coordinates": [[-0.78758, 44.39143], [-0.78842, 44.39218]]}}, {"type": "Feature", "properties": {"gabarit": "Poids lourd", "revetement": "Sol naturel", "debroussaillee": false, "longueur_m": 339.5}, "geometry": {"type": "LineString", "coordinates": [[-0.76498, 44.42497], [-0.76534, 44.4251], [-0.76563, 44.42529], [-0.76612, 44.42538], [-0.76659, 44.42579], [-0.7669, 44.42596], [-0.76738, 44.42617], [-0.76803, 44.42634], [-0.76846, 44.4266]]}}, {"type": "Feature", "properties": {"gabarit": "Poids lourd", "revetement": "Sol naturel", "debroussaillee": false, "longueur_m": 19.4}, "geometry": {"type": "LineString", "coordinates": [[-0.74921, 44.43095], [-0.74907, 44.43081]]}}, {"type": "Feature", "properties": {"gabarit": "Poids lourd", "revetement": "Sol naturel", "debroussaillee": false, "longueur_m": 49.0}, "geometry": {"type": "LineString", "coordinates": [[-0.67999, 44.45154], [-0.6799, 44.45198]]}}, {"type": "Feature", "properties": {"gabarit": "Poids lourd", "revetement": "Sol naturel", "debroussaillee": false, "longueur_m": 322.7}, "geometry": {"type": "LineString", "coordinates": [[-0.88459, 44.40515], [-0.88534, 44.40801]]}}, {"type": "Feature", "properties": {"gabarit": "Poids lourd", "revetement": "Sol naturel", "debroussaillee": false, "longueur_m": 72.2}, "geometry": {"type": "LineString", "coordinates": [[-0.75713, 44.41641], [-0.75759, 44.41585]]}}, {"type": "Feature", "properties": {"gabarit": "Poids lourd", "revetement": "Sol naturel", "debroussaillee": false, "longueur_m": 211.9}, "geometry": {"type": "LineString", "coordinates": [[-0.84715, 44.3973], [-0.84475, 44.39682], [-0.8446, 44.39686]]}}, {"type": "Feature", "properties": {"gabarit": "Super poids lourd", "revetement": "Empierré", "debroussaillee": false, "longueur_m": 32.2}, "geometry": {"type": "LineString", "coordinates": [[-0.76077, 44.43718], [-0.7611, 44.43702]]}}, {"type": "Feature", "properties": {"gabarit": "Super poids lourd", "revetement": "Empierré", "debroussaillee": true, "longueur_m": 755.1}, "geometry": {"type": "LineString", "coordinates": [[-0.81873, 44.36126], [-0.8201, 44.36329], [-0.82065, 44.3657], [-0.82149, 44.36771]]}}, {"type": "Feature", "properties": {"gabarit": "Poids lourd", "revetement": "Sol naturel", "debroussaillee": false, "longueur_m": 213.3}, "geometry": {"type": "LineString", "coordinates": [[-0.87726, 44.37701], [-0.87734, 44.37788], [-0.87859, 44.37841]]}}, {"type": "Feature", "properties": {"gabarit": "Poids lourd", "revetement": "Sol naturel", "debroussaillee": false, "longueur_m": 231.4}, "geometry": {"type": "LineString", "coordinates": [[-0.88015, 44.37678], [-0.87726, 44.37701]]}}, {"type": "Feature", "properties": {"gabarit": "Poids lourd", "revetement": "Sol naturel", "debroussaillee": false, "longueur_m": 1249.9}, "geometry": {"type": "LineString", "coordinates": [[-0.8718, 44.38244], [-0.8711, 44.38232], [-0.86887, 44.38212], [-0.85621, 44.38128]]}}, {"type": "Feature", "properties": {"gabarit": "Poids lourd", "revetement": "Sol naturel", "debroussaillee": false, "longueur_m": 499.2}, "geometry": {"type": "LineString", "coordinates": [[-0.82006, 44.38267], [-0.82594, 44.38112]]}}, {"type": "Feature", "properties": {"gabarit": "Poids lourd", "revetement": "Sol naturel", "debroussaillee": true, "longueur_m": 16.2}, "geometry": {"type": "LineString", "coordinates": [[-0.8228, 44.37316], [-0.82276, 44.37301]]}}, {"type": "Feature", "properties": {"gabarit": "Poids lourd", "revetement": "Sol naturel", "debroussaillee": false, "longueur_m": 417.1}, "geometry": {"type": "LineString", "coordinates": [[-0.82441, 44.37758], [-0.82446, 44.3779], [-0.82487, 44.37843], [-0.82508, 44.37902], [-0.82539, 44.37951], [-0.82594, 44.38112]]}}, {"type": "Feature", "properties": {"gabarit": "Poids lourd", "revetement": "Sol naturel", "debroussaillee": true, "longueur_m": 1081.6}, "geometry": {"type": "LineString", "coordinates": [[-0.8242, 44.37717], [-0.83124, 44.37557], [-0.83737, 44.37495]]}}, {"type": "Feature", "properties": {"gabarit": "Super poids lourd", "revetement": "Empierré", "debroussaillee": false, "longueur_m": 55.3}, "geometry": {"type": "LineString", "coordinates": [[-0.84533, 44.36701], [-0.84508, 44.36655]]}}, {"type": "Feature", "properties": {"gabarit": "Poids lourd", "revetement": "Sol naturel", "debroussaillee": false, "longueur_m": 62.4}, "geometry": {"type": "LineString", "coordinates": [[-0.83896, 44.37795], [-0.83972, 44.37808]]}}, {"type": "Feature", "properties": {"gabarit": "Poids lourd", "revetement": "Sol naturel", "debroussaillee": true, "longueur_m": 150.4}, "geometry": {"type": "LineString", "coordinates": [[-0.83737, 44.37495], [-0.83803, 44.37536], [-0.83833, 44.37605]]}}, {"type": "Feature", "properties": {"gabarit": "Poids lourd", "revetement": "Sol naturel", "debroussaillee": true, "longueur_m": 35.4}, "geometry": {"type": "LineString", "coordinates": [[-0.82251, 44.37751], [-0.82295, 44.37746]]}}, {"type": "Feature", "properties": {"gabarit": "Poids lourd", "revetement": "Sol naturel", "debroussaillee": false, "longueur_m": 1070.1}, "geometry": {"type": "LineString", "coordinates": [[-0.84399, 44.373], [-0.84525, 44.37342], [-0.84914, 44.37449], [-0.85614, 44.37707]]}}, {"type": "Feature", "properties": {"gabarit": "Poids lourd", "revetement": "Sol naturel", "debroussaillee": true, "longueur_m": 1209.7}, "geometry": {"type": "LineString", "coordinates": [[-0.84936, 44.36741], [-0.85233, 44.37356], [-0.85444, 44.37411], [-0.8563, 44.37653]]}}, {"type": "Feature", "properties": {"gabarit": "Poids lourd", "revetement": "Sol naturel", "debroussaillee": true, "longueur_m": 284.4}, "geometry": {"type": "LineString", "coordinates": [[-0.83833, 44.37605], [-0.83932, 44.37607], [-0.83951, 44.37616], [-0.83929, 44.37782]]}}, {"type": "Feature", "properties": {"gabarit": "Poids lourd", "revetement": "Sol naturel", "debroussaillee": false, "longueur_m": 21.1}, "geometry": {"type": "LineString", "coordinates": [[-0.82149, 44.36771], [-0.82162, 44.36787]]}}, {"type": "Feature", "properties": {"gabarit": "Poids lourd", "revetement": "Sol naturel", "debroussaillee": true, "longueur_m": 49.2}, "geometry": {"type": "LineString", "coordinates": [[-0.82282, 44.37789], [-0.82295, 44.37746]]}}, {"type": "Feature", "properties": {"gabarit": "Super poids lourd", "revetement": "Empierré", "debroussaillee": true, "longueur_m": 580.8}, "geometry": {"type": "LineString", "coordinates": [[-0.82276, 44.37301], [-0.82261, 44.37187], [-0.82232, 44.3711], [-0.82204, 44.36995], [-0.82186, 44.36835], [-0.82162, 44.36787]]}}, {"type": "Feature", "properties": {"gabarit": "Super poids lourd", "revetement": "Empierré", "debroussaillee": true, "longueur_m": 362.8}, "geometry": {"type": "LineString", "coordinates": [[-0.85681, 44.38972], [-0.85657, 44.38646]]}}, {"type": "Feature", "properties": {"gabarit": "Poids lourd", "revetement": "Sol naturel", "debroussaillee": false, "longueur_m": 1363.1}, "geometry": {"type": "LineString", "coordinates": [[-0.85714, 44.40872], [-0.87354, 44.41225]]}}, {"type": "Feature", "properties": {"gabarit": "Poids lourd", "revetement": "Sol naturel", "debroussaillee": false, "longueur_m": 544.9}, "geometry": {"type": "LineString", "coordinates": [[-0.87292, 44.386], [-0.87973, 44.38548]]}}, {"type": "Feature", "properties": {"gabarit": "Poids lourd", "revetement": "Sol naturel", "debroussaillee": false, "longueur_m": 86.5}, "geometry": {"type": "LineString", "coordinates": [[-0.85654, 44.38613], [-0.85547, 44.38622]]}}, {"type": "Feature", "properties": {"gabarit": "Poids lourd", "revetement": "Sol naturel", "debroussaillee": false, "longueur_m": 1088.6}, "geometry": {"type": "LineString", "coordinates": [[-0.87084, 44.39924], [-0.86583, 44.39811], [-0.86357, 44.39748], [-0.85766, 44.39675]]}}, {"type": "Feature", "properties": {"gabarit": "Poids lourd", "revetement": "Sol naturel", "debroussaillee": false, "longueur_m": 324.4}, "geometry": {"type": "LineString", "coordinates": [[-0.8845, 44.40475], [-0.88376, 44.40187]]}}, {"type": "Feature", "properties": {"gabarit": "Poids lourd", "revetement": "Sol naturel", "debroussaillee": false, "longueur_m": 45.8}, "geometry": {"type": "LineString", "coordinates": [[-0.85674, 44.40902], [-0.85714, 44.40872]]}}, {"type": "Feature", "properties": {"gabarit": "Poids lourd", "revetement": "Sol naturel", "debroussaillee": false, "longueur_m": 428.7}, "geometry": {"type": "LineString", "coordinates": [[-0.88295, 44.39843], [-0.88199, 44.39464]]}}, {"type": "Feature", "properties": {"gabarit": "Poids lourd", "revetement": "Sol naturel", "debroussaillee": true, "longueur_m": 25.9}, "geometry": {"type": "LineString", "coordinates": [[-0.8724, 44.39954], [-0.87245, 44.39977]]}}, {"type": "Feature", "properties": {"gabarit": "Poids lourd", "revetement": "Sol naturel", "debroussaillee": true, "longueur_m": 161.1}, "geometry": {"type": "LineString", "coordinates": [[-0.87245, 44.39977], [-0.87278, 44.4012]]}}, {"type": "Feature", "properties": {"gabarit": "Poids lourd", "revetement": "Sol naturel", "debroussaillee": false, "longueur_m": 199.2}, "geometry": {"type": "LineString", "coordinates": [[-0.83646, 44.39121], [-0.83622, 44.39069], [-0.83579, 44.39034], [-0.83512, 44.39001], [-0.83502, 44.38985]]}}, {"type": "Feature", "properties": {"gabarit": "Poids lourd", "revetement": "Sol naturel", "debroussaillee": false, "longueur_m": 42.9}, "geometry": {"type": "LineString", "coordinates": [[-0.83683, 44.39135], [-0.83654, 44.39137], [-0.83646, 44.39121]]}}, {"type": "Feature", "properties": {"gabarit": "Poids lourd", "revetement": "Sol naturel", "debroussaillee": false, "longueur_m": 127.4}, "geometry": {"type": "LineString", "coordinates": [[-0.82117, 44.39367], [-0.82148, 44.39368], [-0.82186, 44.3939], [-0.82207, 44.39407], [-0.8222, 44.3944]]}}, {"type": "Feature", "properties": {"gabarit": "Poids lourd", "revetement": "Sol naturel", "debroussaillee": false, "longueur_m": 259.5}, "geometry": {"type": "LineString", "coordinates": [[-0.82188, 44.38683], [-0.822, 44.38742], [-0.82191, 44.38811], [-0.82212, 44.38867], [-0.82212, 44.38888], [-0.82228, 44.3891]]}}, {"type": "Feature", "properties": {"gabarit": "Poids lourd", "revetement": "Sol naturel", "debroussaillee": false, "longueur_m": 142.3}, "geometry": {"type": "LineString", "coordinates": [[-0.84888, 44.39759], [-0.84795, 44.39747], [-0.84715, 44.3973]]}}, {"type": "Feature", "properties": {"gabarit": "Poids lourd", "revetement": "Sol naturel", "debroussaillee": false, "longueur_m": 347.5}, "geometry": {"type": "LineString", "coordinates": [[-0.8446, 44.39686], [-0.84452, 44.3969], [-0.84251, 44.39652], [-0.84039, 44.39689]]}}, {"type": "Feature", "properties": {"gabarit": "Poids lourd", "revetement": "Sol naturel", "debroussaillee": false, "longueur_m": 176.2}, "geometry": {"type": "LineString", "coordinates": [[-0.84025, 44.39691], [-0.83875, 44.39686], [-0.83811, 44.39664]]}}, {"type": "Feature", "properties": {"gabarit": "Poids lourd", "revetement": "Sol naturel", "debroussaillee": false, "longueur_m": 280.1}, "geometry": {"type": "LineString", "coordinates": [[-0.82987, 44.3905], [-0.82967, 44.3901], [-0.82912, 44.38995], [-0.8282, 44.38983], [-0.82777, 44.38937], [-0.82726, 44.38912]]}}, {"type": "Feature", "properties": {"gabarit": "Poids lourd", "revetement": "Sol naturel", "debroussaillee": false, "longueur_m": 263.2}, "geometry": {"type": "LineString", "coordinates": [[-0.84923, 44.4078], [-0.84593, 44.40795]]}}, {"type": "Feature", "properties": {"gabarit": "Poids lourd", "revetement": "Sol naturel", "debroussaillee": false, "longueur_m": 56.1}, "geometry": {"type": "LineString", "coordinates": [[-0.84987, 44.40731], [-0.84981, 44.4078]]}}, {"type": "Feature", "properties": {"gabarit": "Poids lourd", "revetement": "Sol naturel", "debroussaillee": false, "longueur_m": 67.3}, "geometry": {"type": "LineString", "coordinates": [[-0.84396, 44.40652], [-0.84376, 44.40593]]}}, {"type": "Feature", "properties": {"gabarit": "Poids lourd", "revetement": "Sol naturel", "debroussaillee": false, "longueur_m": 609.5}, "geometry": {"type": "LineString", "coordinates": [[-0.84359, 44.40595], [-0.84395, 44.40685], [-0.84418, 44.40792], [-0.84438, 44.40988], [-0.84429, 44.41137]]}}, {"type": "Feature", "properties": {"gabarit": "Poids lourd", "revetement": "Sol naturel", "debroussaillee": false, "longueur_m": 180.2}, "geometry": {"type": "LineString", "coordinates": [[-0.83873, 44.40065], [-0.83725, 44.40127], [-0.83684, 44.40153]]}}, {"type": "Feature", "properties": {"gabarit": "Poids lourd", "revetement": "Sol naturel", "debroussaillee": false, "longueur_m": 35.9}, "geometry": {"type": "LineString", "coordinates": [[-0.83031, 44.40137], [-0.83049, 44.40108]]}}, {"type": "Feature", "properties": {"gabarit": "Poids lourd", "revetement": "Sol naturel", "debroussaillee": false, "longueur_m": 178.2}, "geometry": {"type": "LineString", "coordinates": [[-0.73302, 44.37605], [-0.73526, 44.37607]]}}, {"type": "Feature", "properties": {"gabarit": "Poids lourd", "revetement": "Sol naturel", "debroussaillee": false, "longueur_m": 601.8}, "geometry": {"type": "LineString", "coordinates": [[-0.78645, 44.37588], [-0.78639, 44.3763], [-0.78616, 44.3767], [-0.7861, 44.37704], [-0.78563, 44.3775], [-0.78552, 44.37773], [-0.78536, 44.37819], [-0.78531, 44.37848], [-0.78538, 44.37867], [-0.7848, 44.37954], [-0.78397, 44.37992], [-0.78357, 44.37996], [-0.78325, 44.38011], [-0.78299, 44.38011]]}}, {"type": "Feature", "properties": {"gabarit": "Poids lourd", "revetement": "Sol naturel", "debroussaillee": false, "longueur_m": 262.0}, "geometry": {"type": "LineString", "coordinates": [[-0.79517, 44.36791], [-0.79473, 44.36683], [-0.79462, 44.36673], [-0.79309, 44.36666]]}}, {"type": "Feature", "properties": {"gabarit": "Poids lourd", "revetement": "Sol naturel", "debroussaillee": false, "longueur_m": 303.0}, "geometry": {"type": "LineString", "coordinates": [[-0.79103, 44.36753], [-0.79015, 44.36821], [-0.78977, 44.36874], [-0.7896, 44.36944], [-0.7896, 44.36993]]}}, {"type": "Feature", "properties": {"gabarit": "Poids lourd", "revetement": "Sol naturel", "debroussaillee": false, "longueur_m": 125.5}, "geometry": {"type": "LineString", "coordinates": [[-0.78838, 44.37436], [-0.78869, 44.37491], [-0.78855, 44.37542]]}}, {"type": "Feature", "properties": {"gabarit": "Poids lourd", "revetement": "Sol naturel", "debroussaillee": false, "longueur_m": 855.6}, "geometry": {"type": "LineString", "coordinates": [[-0.78611, 44.37179], [-0.786, 44.37158], [-0.78553, 44.37148], [-0.78551, 44.37089], [-0.78563, 44.37022], [-0.78585, 44.37017], [-0.78596, 44.36912], [-0.78585, 44.36836], [-0.78571, 44.36833], [-0.78563, 44.36824], [-0.78574, 44.36762], [-0.78609, 44.36746], [-0.78661, 44.36695], [-0.7865, 44.36655], [-0.78659, 44.36604], [-0.78638, 44.36559], [-0.78624, 44.3649]]}}, {"type": "Feature", "properties": {"gabarit": "Poids lourd", "revetement": "Sol naturel", "debroussaillee": false, "longueur_m": 16.8}, "geometry": {"type": "LineString", "coordinates": [[-0.7896, 44.36993], [-0.78962, 44.37008]]}}, {"type": "Feature", "properties": {"gabarit": "Poids lourd", "revetement": "Sol naturel", "debroussaillee": false, "longueur_m": 469.0}, "geometry": {"type": "LineString", "coordinates": [[-0.80933, 44.37162], [-0.81164, 44.37141], [-0.81309, 44.37116], [-0.81477, 44.37031]]}}, {"type": "Feature", "properties": {"gabarit": "Poids lourd", "revetement": "Sol naturel", "debroussaillee": true, "longueur_m": 181.6}, "geometry": {"type": "LineString", "coordinates": [[-0.81483, 44.36442], [-0.81328, 44.36561]]}}, {"type": "Feature", "properties": {"gabarit": "Poids lourd", "revetement": "Sol naturel", "debroussaillee": true, "longueur_m": 43.2}, "geometry": {"type": "LineString", "coordinates": [[-0.81502, 44.36405], [-0.81483, 44.36442]]}}, {"type": "Feature", "properties": {"gabarit": "Super poids lourd", "revetement": "Empierré", "debroussaillee": false, "longueur_m": 31.6}, "geometry": {"type": "LineString", "coordinates": [[-0.78885, 44.37811], [-0.789, 44.37837]]}}, {"type": "Feature", "properties": {"gabarit": "Poids lourd", "revetement": "Sol naturel", "debroussaillee": false, "longueur_m": 237.0}, "geometry": {"type": "LineString", "coordinates": [[-0.81313, 44.38617], [-0.8115, 44.38439]]}}, {"type": "Feature", "properties": {"gabarit": "Poids lourd", "revetement": "Sol naturel", "debroussaillee": false, "longueur_m": 81.8}, "geometry": {"type": "LineString", "coordinates": [[-0.79432, 44.38362], [-0.79348, 44.38404]]}}, {"type": "Feature", "properties": {"gabarit": "Poids lourd", "revetement": "Sol naturel", "debroussaillee": false, "longueur_m": 55.6}, "geometry": {"type": "LineString", "coordinates": [[-0.79653, 44.38344], [-0.79613, 44.3834], [-0.79586, 44.38331]]}}, {"type": "Feature", "properties": {"gabarit": "Super poids lourd", "revetement": "Empierré", "debroussaillee": true, "longueur_m": 24.7}, "geometry": {"type": "LineString", "coordinates": [[-0.78878, 44.37853], [-0.789, 44.37837]]}}, {"type": "Feature", "properties": {"gabarit": "Poids lourd", "revetement": "Sol naturel", "debroussaillee": true, "longueur_m": 78.5}, "geometry": {"type": "LineString", "coordinates": [[-0.78822, 44.37909], [-0.78835, 44.37887], [-0.78878, 44.37853]]}}, {"type": "Feature", "properties": {"gabarit": "Poids lourd", "revetement": "Sol naturel", "debroussaillee": true, "longueur_m": 586.4}, "geometry": {"type": "LineString", "coordinates": [[-0.78805, 44.38066], [-0.78768, 44.38164], [-0.78716, 44.38171], [-0.78745, 44.38226], [-0.78741, 44.38251], [-0.78624, 44.38336], [-0.78556, 44.38364], [-0.78565, 44.38438], [-0.78499, 44.38449]]}}, {"type": "Feature", "properties": {"gabarit": "Poids lourd", "revetement": "Sol naturel", "debroussaillee": true, "longueur_m": 196.2}, "geometry": {"type": "LineString", "coordinates": [[-0.7951, 44.38535], [-0.79461, 44.38502], [-0.79402, 44.38438], [-0.79348, 44.38404]]}}, {"type": "Feature", "properties": {"gabarit": "Poids lourd", "revetement": "Sol naturel", "debroussaillee": false, "longueur_m": 95.6}, "geometry": {"type": "LineString", "coordinates": [[-0.79343, 44.38875], [-0.79462, 44.38881]]}}, {"type": "Feature", "properties": {"gabarit": "Poids lourd", "revetement": "Sol naturel", "debroussaillee": false, "longueur_m": 46.2}, "geometry": {"type": "LineString", "coordinates": [[-0.81809, 44.40703], [-0.81756, 44.40687]]}}, {"type": "Feature", "properties": {"gabarit": "Poids lourd", "revetement": "Sol naturel", "debroussaillee": false, "longueur_m": 34.4}, "geometry": {"type": "LineString", "coordinates": [[-0.80729, 44.40249], [-0.80694, 44.40231]]}}, {"type": "Feature", "properties": {"gabarit": "Poids lourd", "revetement": "Sol naturel", "debroussaillee": false, "longueur_m": 80.6}, "geometry": {"type": "LineString", "coordinates": [[-0.81809, 44.40703], [-0.8178, 44.40716], [-0.81714, 44.40725]]}}, {"type": "Feature", "properties": {"gabarit": "Poids lourd", "revetement": "Sol naturel", "debroussaillee": false, "longueur_m": 464.4}, "geometry": {"type": "LineString", "coordinates": [[-0.80748, 44.39584], [-0.8082, 44.39491], [-0.80948, 44.3937], [-0.81094, 44.3925]]}}, {"type": "Feature", "properties": {"gabarit": "Poids lourd", "revetement": "Sol naturel", "debroussaillee": false, "longueur_m": 257.0}, "geometry": {"type": "LineString", "coordinates": [[-0.81209, 44.40037], [-0.81169, 44.4009], [-0.8108, 44.40158], [-0.81015, 44.4022]]}}, {"type": "Feature", "properties": {"gabarit": "Poids lourd", "revetement": "Sol naturel", "debroussaillee": true, "longueur_m": 616.0}, "geometry": {"type": "LineString", "coordinates": [[-0.81768, 44.40634], [-0.81704, 44.40626], [-0.81287, 44.40611], [-0.81255, 44.40606], [-0.81132, 44.40616], [-0.81065, 44.4061], [-0.80999, 44.40613]]}}, {"type": "Feature", "properties": {"gabarit": "Poids lourd", "revetement": "Sol naturel", "debroussaillee": false, "longueur_m": 129.6}, "geometry": {"type": "LineString", "coordinates": [[-0.81809, 44.40931], [-0.81702, 44.40926], [-0.81651, 44.40915]]}}, {"type": "Feature", "properties": {"gabarit": "Poids lourd", "revetement": "Sol naturel", "debroussaillee": false, "longueur_m": 374.0}, "geometry": {"type": "LineString", "coordinates": [[-0.81015, 44.4022], [-0.81114, 44.40225], [-0.81122, 44.40222], [-0.81133, 44.40181], [-0.81222, 44.402], [-0.81428, 44.4022]]}}, {"type": "Feature", "properties": {"gabarit": "Poids lourd", "revetement": "Sol naturel", "debroussaillee": false, "longueur_m": 131.9}, "geometry": {"type": "LineString", "coordinates": [[-0.78842, 44.39218], [-0.78792, 44.39243], [-0.78784, 44.39254], [-0.78779, 44.39316]]}}, {"type": "Feature", "properties": {"gabarit": "Poids lourd", "revetement": "Sol naturel", "debroussaillee": false, "longueur_m": 193.1}, "geometry": {"type": "LineString", "coordinates": [[-0.79639, 44.40417], [-0.79619, 44.40449], [-0.79561, 44.40582]]}}, {"type": "Feature", "properties": {"gabarit": "Poids lourd", "revetement": "Sol naturel", "debroussaillee": false, "longueur_m": 80.5}, "geometry": {"type": "LineString", "coordinates": [[-0.77012, 44.36972], [-0.76915, 44.36953]]}}, {"type": "Feature", "properties": {"gabarit": "Poids lourd", "revetement": "Sol naturel", "debroussaillee": false, "longueur_m": 98.2}, "geometry": {"type": "LineString", "coordinates": [[-0.77483, 44.38698], [-0.77445, 44.38781]]}}, {"type": "Feature", "properties": {"gabarit": "Poids lourd", "revetement": "Sol naturel", "debroussaillee": false, "longueur_m": 49.9}, "geometry": {"type": "LineString", "coordinates": [[-0.77022, 44.36896], [-0.77027, 44.36851]]}}, {"type": "Feature", "properties": {"gabarit": "Poids lourd", "revetement": "Sol naturel", "debroussaillee": false, "longueur_m": 134.6}, "geometry": {"type": "LineString", "coordinates": [[-0.77518, 44.36907], [-0.77478, 44.36957], [-0.77454, 44.37018]]}}, {"type": "Feature", "properties": {"gabarit": "Poids lourd", "revetement": "Sol naturel", "debroussaillee": false, "longueur_m": 190.0}, "geometry": {"type": "LineString", "coordinates": [[-0.77483, 44.38698], [-0.77422, 44.387], [-0.77357, 44.38692], [-0.77322, 44.38697], [-0.77251, 44.38679]]}}, {"type": "Feature", "properties": {"gabarit": "Poids lourd", "revetement": "Sol naturel", "debroussaillee": false, "longueur_m": 528.8}, "geometry": {"type": "LineString", "coordinates": [[-0.75077, 44.38816], [-0.75137, 44.38689], [-0.75522, 44.38558], [-0.75561, 44.38535]]}}, {"type": "Feature", "properties": {"gabarit": "Poids lourd", "revetement": "Sol naturel", "debroussaillee": true, "longueur_m": 309.9}, "geometry": {"type": "LineString", "coordinates": [[-0.76176, 44.38293], [-0.76216, 44.38228], [-0.76209, 44.38123], [-0.7623, 44.38022]]}}, {"type": "Feature", "properties": {"gabarit": "Poids lourd", "revetement": "Sol naturel", "debroussaillee": false, "longueur_m": 918.7}, "geometry": {"type": "LineString", "coordinates": [[-0.77737, 44.40912], [-0.77771, 44.40937], [-0.77794, 44.40941], [-0.77907, 44.4099], [-0.77953, 44.41017], [-0.78041, 44.41041], [-0.78123, 44.41105], [-0.78137, 44.41123], [-0.78155, 44.41159], [-0.78151, 44.41233], [-0.78166, 44.41275], [-0.78172, 44.41323], [-0.78206, 44.4143], [-0.78243, 44.41474], [-0.78236, 44.41506], [-0.78205, 44.41566]]}}, {"type": "Feature", "properties": {"gabarit": "Poids lourd", "revetement": "Sol naturel", "debroussaillee": false, "longueur_m": 234.9}, "geometry": {"type": "LineString", "coordinates": [[-0.77485, 44.40578], [-0.77549, 44.40583], [-0.77578, 44.40594], [-0.77644, 44.40665], [-0.77655, 44.40696], [-0.77675, 44.40716]]}}, {"type": "Feature", "properties": {"gabarit": "Super poids lourd", "revetement": "Empierré", "debroussaillee": true, "longueur_m": 31.6}, "geometry": {"type": "LineString", "coordinates": [[-0.77699, 44.40882], [-0.77708, 44.4091]]}}, {"type": "Feature", "properties": {"gabarit": "Super poids lourd", "revetement": "Empierré", "debroussaillee": true, "longueur_m": 229.7}, "geometry": {"type": "LineString", "coordinates": [[-0.77708, 44.4091], [-0.77791, 44.41108]]}}, {"type": "Feature", "properties": {"gabarit": "Poids lourd", "revetement": "Sol naturel", "debroussaillee": false, "longueur_m": 38.3}, "geometry": {"type": "LineString", "coordinates": [[-0.78271, 44.394], [-0.78309, 44.3938]]}}, {"type": "Feature", "properties": {"gabarit": "Poids lourd", "revetement": "Sol naturel", "debroussaillee": false, "longueur_m": 189.5}, "geometry": {"type": "LineString", "coordinates": [[-0.76465, 44.40951], [-0.76372, 44.40819], [-0.76345, 44.40808]]}}, {"type": "Feature", "properties": {"gabarit": "Poids lourd", "revetement": "Sol naturel", "debroussaillee": false, "longueur_m": 728.0}, "geometry": {"type": "LineString", "coordinates": [[-0.76735, 44.39614], [-0.76727, 44.39645], [-0.76706, 44.39667], [-0.76705, 44.3971], [-0.76759, 44.39931], [-0.7677, 44.40049], [-0.76791, 44.40103], [-0.76797, 44.40257]]}}, {"type": "Feature", "properties": {"gabarit": "Poids lourd", "revetement": "Sol naturel", "debroussaillee": false, "longueur_m": 238.7}, "geometry": {"type": "LineString", "coordinates": [[-0.76918, 44.39472], [-0.76806, 44.39496], [-0.76788, 44.39542], [-0.76743, 44.39591], [-0.76735, 44.39614]]}}, {"type": "Feature", "properties": {"gabarit": "Poids lourd", "revetement": "Sol naturel", "debroussaillee": false, "longueur_m": 579.8}, "geometry": {"type": "LineString", "coordinates": [[-0.76809, 44.40733], [-0.76915, 44.40782], [-0.76922, 44.40795], [-0.76915, 44.40815], [-0.76991, 44.40903], [-0.77094, 44.40976], [-0.77232, 44.41088], [-0.77249, 44.41124]]}}, {"type": "Feature", "properties": {"gabarit": "Poids lourd", "revetement": "Sol naturel", "debroussaillee": false, "longueur_m": 98.6}, "geometry": {"type": "LineString", "coordinates": [[-0.78313, 44.39539], [-0.78273, 44.39518], [-0.7824, 44.39512], [-0.7821, 44.39493]]}}, {"type": "Feature", "properties": {"gabarit": "Super poids lourd", "revetement": "Empierré", "debroussaillee": true, "longueur_m": 280.4}, "geometry": {"type": "LineString", "coordinates": [[-0.77791, 44.41108], [-0.77882, 44.41351]]}}, {"type": "Feature", "properties": {"gabarit": "Poids lourd", "revetement": "Sol naturel", "debroussaillee": false, "longueur_m": 459.2}, "geometry": {"type": "LineString", "coordinates": [[-0.75589, 44.38953], [-0.76082, 44.39099], [-0.76119, 44.39115]]}}, {"type": "Feature", "properties": {"gabarit": "Poids lourd", "revetement": "Sol naturel", "debroussaillee": false, "longueur_m": 92.9}, "geometry": {"type": "LineString", "coordinates": [[-0.7682, 44.40457], [-0.76819, 44.40436], [-0.76796, 44.40391], [-0.76797, 44.40377]]}}, {"type": "Feature", "properties": {"gabarit": "Super poids lourd", "revetement": "Empierré", "debroussaillee": true, "longueur_m": 242.6}, "geometry": {"type": "LineString", "coordinates": [[-0.85437, 44.41637], [-0.85491, 44.41475], [-0.85493, 44.41424]]}}, {"type": "Feature", "properties": {"gabarit": "Super poids lourd", "revetement": "Empierré", "debroussaillee": true, "longueur_m": 1047.2}, "geometry": {"type": "LineString", "coordinates": [[-0.75595, 44.39266], [-0.75762, 44.39269], [-0.76279, 44.39304], [-0.76601, 44.39282], [-0.76687, 44.39295], [-0.7688, 44.39364]]}}, {"type": "Feature", "properties": {"gabarit": "Poids lourd", "revetement": "Sol naturel", "debroussaillee": false, "longueur_m": 651.7}, "geometry": {"type": "LineString", "coordinates": [[-0.77001, 44.4001], [-0.7704, 44.40109], [-0.77102, 44.40218], [-0.77112, 44.4031], [-0.7714, 44.4035], [-0.77213, 44.40572]]}}, {"type": "Feature", "properties": {"gabarit": "Poids lourd", "revetement": "Sol naturel", "debroussaillee": true, "longueur_m": 978.0}, "geometry": {"type": "LineString", "coordinates": [[-0.7609, 44.40132], [-0.76071, 44.40139], [-0.76076, 44.40191], [-0.76151, 44.4023], [-0.76214, 44.40278], [-0.76347, 44.40335], [-0.76384, 44.40408], [-0.7652, 44.40491], [-0.76578, 44.40542], [-0.76623, 44.40612], [-0.76634, 44.40661], [-0.76685, 44.40712], [-0.76706, 44.40753], [-0.76769, 44.40795]]}}, {"type": "Feature", "properties": {"gabarit": "Poids lourd", "revetement": "Sol naturel", "debroussaillee": true, "longueur_m": 247.1}, "geometry": {"type": "LineString", "coordinates": [[-0.76573, 44.40898], [-0.76592, 44.40924], [-0.76624, 44.40948], [-0.76651, 44.40995], [-0.76757, 44.41073]]}}, {"type": "Feature", "properties": {"gabarit": "Super poids lourd", "revetement": "Empierré", "debroussaillee": true, "longueur_m": 254.2}, "geometry": {"type": "LineString", "coordinates": [[-0.85493, 44.41424], [-0.85561, 44.412]]}}, {"type": "Feature", "properties": {"gabarit": "Super poids lourd", "revetement": "Empierré", "debroussaillee": false, "longueur_m": 7.8}, "geometry": {"type": "LineString", "coordinates": [[-0.87608, 44.42752], [-0.87606, 44.42745]]}}, {"type": "Feature", "properties": {"gabarit": "Poids lourd", "revetement": "Sol naturel", "debroussaillee": false, "longueur_m": 509.1}, "geometry": {"type": "LineString", "coordinates": [[-0.86072, 44.42086], [-0.85454, 44.41969]]}}, {"type": "Feature", "properties": {"gabarit": "Poids lourd", "revetement": "Sol naturel", "debroussaillee": true, "longueur_m": 164.0}, "geometry": {"type": "LineString", "coordinates": [[-0.85259, 44.42095], [-0.85283, 44.42052], [-0.85329, 44.42005], [-0.85352, 44.41965]]}}, {"type": "Feature", "properties": {"gabarit": "Poids lourd", "revetement": "Sol naturel", "debroussaillee": false, "longueur_m": 74.8}, "geometry": {"type": "LineString", "coordinates": [[-0.87043, 44.42273], [-0.87065, 44.4228], [-0.87108, 44.42318]]}}, {"type": "Feature", "properties": {"gabarit": "Super poids lourd", "revetement": "Empierré", "debroussaillee": true, "longueur_m": 24.9}, "geometry": {"type": "LineString", "coordinates": [[-0.85102, 44.41341], [-0.85095, 44.41319]]}}, {"type": "Feature", "properties": {"gabarit": "Poids lourd", "revetement": "Sol naturel", "debroussaillee": true, "longueur_m": 6.0}, "geometry": {"type": "LineString", "coordinates": [[-0.85343, 44.41933], [-0.85336, 44.41931]]}}, {"type": "Feature", "properties": {"gabarit": "Poids lourd", "revetement": "Sol naturel", "debroussaillee": true, "longueur_m": 24.5}, "geometry": {"type": "LineString", "coordinates": [[-0.81709, 44.41272], [-0.81685, 44.41286]]}}, {"type": "Feature", "properties": {"gabarit": "Super poids lourd", "revetement": "Empierré", "debroussaillee": true, "longueur_m": 480.3}, "geometry": {"type": "LineString", "coordinates": [[-0.85077, 44.41333], [-0.84528, 44.41155]]}}, {"type": "Feature", "properties": {"gabarit": "Poids lourd", "revetement": "Sol naturel", "debroussaillee": false, "longueur_m": 23.7}, "geometry": {"type": "LineString", "coordinates": [[-0.85252, 44.42116], [-0.85259, 44.42095]]}}, {"type": "Feature", "properties": {"gabarit": "Poids lourd", "revetement": "Sol naturel", "debroussaillee": false, "longueur_m": 289.1}, "geometry": {"type": "LineString", "coordinates": [[-0.84278, 44.41829], [-0.84291, 44.41815], [-0.84324, 44.4173], [-0.84362, 44.41578]]}}, {"type": "Feature", "properties": {"gabarit": "Poids lourd", "revetement": "Sol naturel", "debroussaillee": false, "longueur_m": 226.7}, "geometry": {"type": "LineString", "coordinates": [[-0.84401, 44.4134], [-0.84429, 44.41137]]}}, {"type": "Feature", "properties": {"gabarit": "Poids lourd", "revetement": "Sol naturel", "debroussaillee": false, "longueur_m": 334.8}, "geometry": {"type": "LineString", "coordinates": [[-0.83861, 44.41885], [-0.83564, 44.41905], [-0.83442, 44.41906]]}}, {"type": "Feature", "properties": {"gabarit": "Poids lourd", "revetement": "Sol naturel", "debroussaillee": false, "longueur_m": 266.3}, "geometry": {"type": "LineString", "coordinates": [[-0.83178, 44.41622], [-0.83162, 44.41642], [-0.83097, 44.41689], [-0.82951, 44.41739], [-0.82919, 44.41763]]}}, {"type": "Feature", "properties": {"gabarit": "Poids lourd", "revetement": "Sol naturel", "debroussaillee": false, "longueur_m": 946.4}, "geometry": {"type": "LineString", "coordinates": [[-0.83234, 44.41621], [-0.8332, 44.41681], [-0.83398, 44.41724], [-0.83436, 44.41777], [-0.835, 44.41794], [-0.83581, 44.41844], [-0.83639, 44.41845], [-0.83683, 44.41832], [-0.83717, 44.41829], [-0.83764, 44.41836], [-0.83864, 44.41838], [-0.83894, 44.41834], [-0.8398, 44.41843], [-0.84147, 44.4185], [-0.84278, 44.41829]]}}, {"type": "Feature", "properties": {"gabarit": "Poids lourd", "revetement": "Sol naturel", "debroussaillee": false, "longueur_m": 763.9}, "geometry": {"type": "LineString", "coordinates": [[-0.8291, 44.41753], [-0.82856, 44.41762], [-0.82751, 44.41798], [-0.82667, 44.41846], [-0.82592, 44.41862], [-0.82538, 44.41865], [-0.8252, 44.41846], [-0.82452, 44.41842], [-0.82408, 44.41874], [-0.82391, 44.41905], [-0.82236, 44.4197], [-0.82214, 44.41966], [-0.82114, 44.41905]]}}, {"type": "Feature", "properties": {"gabarit": "Poids lourd", "revetement": "Sol naturel", "debroussaillee": false, "longueur_m": 105.7}, "geometry": {"type": "LineString", "coordinates": [[-0.8043, 44.42372], [-0.80343, 44.4242], [-0.80321, 44.42423]]}}, {"type": "Feature", "properties": {"gabarit": "Super poids lourd", "revetement": "Empierré", "debroussaillee": false, "longueur_m": 6.2}, "geometry": {"type": "LineString", "coordinates": [[-0.81566, 44.41889], [-0.81574, 44.41889]]}}, {"type": "Feature", "properties": {"gabarit": "Poids lourd", "revetement": "Sol naturel", "debroussaillee": false, "longueur_m": 48.2}, "geometry": {"type": "LineString", "coordinates": [[-0.80321, 44.42423], [-0.80262, 44.42425]]}}, {"type": "Feature", "properties": {"gabarit": "Poids lourd", "revetement": "Sol naturel", "debroussaillee": false, "longueur_m": 146.7}, "geometry": {"type": "LineString", "coordinates": [[-0.8043, 44.42372], [-0.80262, 44.42425]]}}, {"type": "Feature", "properties": {"gabarit": "Poids lourd", "revetement": "Sol naturel", "debroussaillee": true, "longueur_m": 504.2}, "geometry": {"type": "LineString", "coordinates": [[-0.81417, 44.41861], [-0.81496, 44.41849], [-0.81577, 44.41826], [-0.81717, 44.41758], [-0.81996, 44.4169]]}}, {"type": "Feature", "properties": {"gabarit": "Poids lourd", "revetement": "Sol naturel", "debroussaillee": false, "longueur_m": 13.9}, "geometry": {"type": "LineString", "coordinates": [[-0.81161, 44.4188], [-0.81144, 44.41884]]}}, {"type": "Feature", "properties": {"gabarit": "Poids lourd", "revetement": "Sol naturel", "debroussaillee": false, "longueur_m": 181.3}, "geometry": {"type": "LineString", "coordinates": [[-0.79235, 44.42552], [-0.79219, 44.4258], [-0.79217, 44.42713]]}}, {"type": "Feature", "properties": {"gabarit": "Poids lourd", "revetement": "Sol naturel", "debroussaillee": false, "longueur_m": 558.4}, "geometry": {"type": "LineString", "coordinates": [[-0.77565, 44.42053], [-0.77581, 44.41977], [-0.77583, 44.41793], [-0.77485, 44.41634], [-0.77474, 44.41601], [-0.77473, 44.41569]]}}, {"type": "Feature", "properties": {"gabarit": "Poids lourd", "revetement": "Sol naturel", "debroussaillee": false, "longueur_m": 207.2}, "geometry": {"type": "LineString", "coordinates": [[-0.79539, 44.41492], [-0.79591, 44.41363], [-0.79569, 44.41313]]}}, {"type": "Feature", "properties": {"gabarit": "Super poids lourd", "revetement": "Empierré", "debroussaillee": false, "longueur_m": 14.1}, "geometry": {"type": "LineString", "coordinates": [[-0.79651, 44.42217], [-0.79652, 44.4223]]}}, {"type": "Feature", "properties": {"gabarit": "Super poids lourd", "revetement": "Empierré", "debroussaillee": true, "longueur_m": 144.0}, "geometry": {"type": "LineString", "coordinates": [[-0.78169, 44.41657], [-0.78183, 44.41678], [-0.78191, 44.41783]]}}, {"type": "Feature", "properties": {"gabarit": "Poids lourd", "revetement": "Sol naturel", "debroussaillee": false, "longueur_m": 231.5}, "geometry": {"type": "LineString", "coordinates": [[-0.77701, 44.43732], [-0.77707, 44.43654], [-0.77717, 44.43632], [-0.77772, 44.43575], [-0.77814, 44.43554]]}}, {"type": "Feature", "properties": {"gabarit": "Poids lourd", "revetement": "Sol naturel", "debroussaillee": true, "longueur_m": 566.7}, "geometry": {"type": "LineString", "coordinates": [[-0.78602, 44.42736], [-0.78642, 44.42719], [-0.78714, 44.42719], [-0.78803, 44.42699], [-0.78864, 44.42696], [-0.78892, 44.42689], [-0.78928, 44.42673], [-0.78982, 44.42627], [-0.79067, 44.42577], [-0.791, 44.42569], [-0.79181, 44.42564], [-0.79235, 44.42552]]}}, {"type": "Feature", "properties": {"gabarit": "Poids lourd", "revetement": "Sol naturel", "debroussaillee": false, "longueur_m": 17.8}, "geometry": {"type": "LineString", "coordinates": [[-0.78354, 44.42395], [-0.78344, 44.42409]]}}, {"type": "Feature", "properties": {"gabarit": "Poids lourd", "revetement": "Sol naturel", "debroussaillee": true, "longueur_m": 281.5}, "geometry": {"type": "LineString", "coordinates": [[-0.78506, 44.42168], [-0.78464, 44.42261], [-0.78354, 44.42395]]}}, {"type": "Feature", "properties": {"gabarit": "Poids lourd", "revetement": "Sol naturel", "debroussaillee": true, "longueur_m": 227.4}, "geometry": {"type": "LineString", "coordinates": [[-0.77882, 44.41351], [-0.77898, 44.41387], [-0.77937, 44.4144], [-0.77978, 44.41475], [-0.78049, 44.41509]]}}, {"type": "Feature", "properties": {"gabarit": "Poids lourd", "revetement": "Sol naturel", "debroussaillee": false, "longueur_m": 206.8}, "geometry": {"type": "LineString", "coordinates": [[-0.75753, 44.41679], [-0.75774, 44.41674], [-0.75925, 44.41752], [-0.75975, 44.41757]]}}, {"type": "Feature", "properties": {"gabarit": "Poids lourd", "revetement": "Sol naturel", "debroussaillee": false, "longueur_m": 241.7}, "geometry": {"type": "LineString", "coordinates": [[-0.76383, 44.43188], [-0.76278, 44.43199], [-0.76258, 44.43207], [-0.76196, 44.43254], [-0.76123, 44.43282]]}}, {"type": "Feature", "properties": {"gabarit": "Poids lourd", "revetement": "Sol naturel", "debroussaillee": false, "longueur_m": 682.4}, "geometry": {"type": "LineString", "coordinates": [[-0.75975, 44.41757], [-0.76031, 44.41786], [-0.76092, 44.41795], [-0.76254, 44.4185], [-0.76291, 44.41851], [-0.76333, 44.41861], [-0.76372, 44.41881], [-0.76406, 44.41884], [-0.76431, 44.4192], [-0.76431, 44.41951], [-0.76535, 44.42027], [-0.76565, 44.4208], [-0.76567, 44.42114]]}}, {"type": "Feature", "properties": {"gabarit": "Super poids lourd", "revetement": "Empierré", "debroussaillee": true, "longueur_m": 43.4}, "geometry": {"type": "LineString", "coordinates": [[-0.76127, 44.43292], [-0.76143, 44.4333]]}}, {"type": "Feature", "properties": {"gabarit": "Super poids lourd", "revetement": "Empierré", "debroussaillee": true, "longueur_m": 226.4}, "geometry": {"type": "LineString", "coordinates": [[-0.75607, 44.42266], [-0.75727, 44.4236], [-0.7575, 44.42389], [-0.75761, 44.42431]]}}, {"type": "Feature", "properties": {"gabarit": "Super poids lourd", "revetement": "Empierré", "debroussaillee": true, "longueur_m": 347.2}, "geometry": {"type": "LineString", "coordinates": [[-0.75788, 44.42499], [-0.75912, 44.42799]]}}, {"type": "Feature", "properties": {"gabarit": "Super poids lourd", "revetement": "Empierré", "debroussaillee": true, "longueur_m": 78.7}, "geometry": {"type": "LineString", "coordinates": [[-0.75761, 44.42431], [-0.75788, 44.42499]]}}, {"type": "Feature", "properties": {"gabarit": "Poids lourd", "revetement": "Sol naturel", "debroussaillee": false, "longueur_m": 113.7}, "geometry": {"type": "LineString", "coordinates": [[-0.76651, 44.4403], [-0.76565, 44.44041], [-0.76523, 44.44066]]}}, {"type": "Feature", "properties": {"gabarit": "Poids lourd", "revetement": "Sol naturel", "debroussaillee": true, "longueur_m": 423.5}, "geometry": {"type": "LineString", "coordinates": [[-0.76109, 44.43754], [-0.76108, 44.44135]]}}, {"type": "Feature", "properties": {"gabarit": "Poids lourd", "revetement": "Sol naturel", "debroussaillee": false, "longueur_m": 864.9}, "geometry": {"type": "LineString", "coordinates": [[-0.76498, 44.42497], [-0.76567, 44.42483], [-0.76623, 44.42478], [-0.76886, 44.42472], [-0.77014, 44.42475], [-0.77301, 44.425], [-0.77415, 44.42523], [-0.77563, 44.42564]]}}, {"type": "Feature", "properties": {"gabarit": "Poids lourd", "revetement": "Sol naturel", "debroussaillee": false, "longueur_m": 166.0}, "geometry": {"type": "LineString", "coordinates": [[-0.77047, 44.43982], [-0.76868, 44.44001], [-0.76852, 44.44015]]}}, {"type": "Feature", "properties": {"gabarit": "Poids lourd", "revetement": "Sol naturel", "debroussaillee": true, "longueur_m": 33.1}, "geometry": {"type": "LineString", "coordinates": [[-0.76109, 44.43724], [-0.76109, 44.43754]]}}, {"type": "Feature", "properties": {"gabarit": "Super poids lourd", "revetement": "Empierré", "debroussaillee": true, "longueur_m": 38.3}, "geometry": {"type": "LineString", "coordinates": [[-0.75573, 44.42242], [-0.75607, 44.42266]]}}, {"type": "Feature", "properties": {"gabarit": "Poids lourd", "revetement": "Sol naturel", "debroussaillee": false, "longueur_m": 222.2}, "geometry": {"type": "LineString", "coordinates": [[-0.73901, 44.36178], [-0.73887, 44.36179], [-0.73856, 44.3622], [-0.73852, 44.36237], [-0.73856, 44.3628], [-0.73887, 44.36326], [-0.73897, 44.36357]]}}, {"type": "Feature", "properties": {"gabarit": "Poids lourd", "revetement": "Sol naturel", "debroussaillee": true, "longueur_m": 76.7}, "geometry": {"type": "LineString", "coordinates": [[-0.70418, 44.36273], [-0.70408, 44.36342]]}}, {"type": "Feature", "properties": {"gabarit": "Poids lourd", "revetement": "Sol naturel", "debroussaillee": false, "longueur_m": 200.7}, "geometry": {"type": "LineString", "coordinates": [[-0.74094, 44.37479], [-0.74088, 44.37463], [-0.74045, 44.37441], [-0.74037, 44.3743], [-0.74034, 44.37374], [-0.74041, 44.37317]]}}, {"type": "Feature", "properties": {"gabarit": "Poids lourd", "revetement": "Sol naturel", "debroussaillee": true, "longueur_m": 16.7}, "geometry": {"type": "LineString", "coordinates": [[-0.73157, 44.3778], [-0.73161, 44.37765]]}}, {"type": "Feature", "properties": {"gabarit": "Poids lourd", "revetement": "Sol naturel", "debroussaillee": true, "longueur_m": 123.8}, "geometry": {"type": "LineString", "coordinates": [[-0.668, 44.36442], [-0.66897, 44.36483], [-0.66924, 44.36506]]}}, {"type": "Feature", "properties": {"gabarit": "Poids lourd", "revetement": "Sol naturel", "debroussaillee": false, "longueur_m": 62.7}, "geometry": {"type": "LineString", "coordinates": [[-0.7321, 44.37382], [-0.73196, 44.37327]]}}, {"type": "Feature", "properties": {"gabarit": "Poids lourd", "revetement": "Sol naturel", "debroussaillee": false, "longueur_m": 67.7}, "geometry": {"type": "LineString", "coordinates": [[-0.73225, 44.37441], [-0.7321, 44.37382]]}}, {"type": "Feature", "properties": {"gabarit": "Poids lourd", "revetement": "Sol naturel", "debroussaillee": false, "longueur_m": 91.3}, "geometry": {"type": "LineString", "coordinates": [[-0.74094, 44.37479], [-0.74191, 44.37463], [-0.74195, 44.37453]]}}, {"type": "Feature", "properties": {"gabarit": "Poids lourd", "revetement": "Sol naturel", "debroussaillee": false, "longueur_m": 220.3}, "geometry": {"type": "LineString", "coordinates": [[-0.73733, 44.37624], [-0.73782, 44.37487], [-0.73773, 44.37479], [-0.73725, 44.3748], [-0.73714, 44.37473]]}}, {"type": "Feature", "properties": {"gabarit": "Poids lourd", "revetement": "Sol naturel", "debroussaillee": false, "longueur_m": 506.8}, "geometry": {"type": "LineString", "coordinates": [[-0.72348, 44.3788], [-0.72464, 44.37891], [-0.72642, 44.37925], [-0.72933, 44.38043]]}}, {"type": "Feature", "properties": {"gabarit": "Super poids lourd", "revetement": "Empierré", "debroussaillee": false, "longueur_m": 10.1}, "geometry": {"type": "LineString", "coordinates": [[-0.73418, 44.36816], [-0.73431, 44.36816]]}}, {"type": "Feature", "properties": {"gabarit": "Poids lourd", "revetement": "Sol naturel", "debroussaillee": false, "longueur_m": 38.9}, "geometry": {"type": "LineString", "coordinates": [[-0.73635, 44.37606], [-0.7366, 44.37626], [-0.73671, 44.37627]]}}, {"type": "Feature", "properties": {"gabarit": "Poids lourd", "revetement": "Sol naturel", "debroussaillee": false, "longueur_m": 188.3}, "geometry": {"type": "LineString", "coordinates": [[-0.73673, 44.37115], [-0.73625, 44.3728]]}}, {"type": "Feature", "properties": {"gabarit": "Poids lourd", "revetement": "Sol naturel", "debroussaillee": false, "longueur_m": 51.2}, "geometry": {"type": "LineString", "coordinates": [[-0.74195, 44.37453], [-0.74204, 44.37409]]}}, {"type": "Feature", "properties": {"gabarit": "Poids lourd", "revetement": "Sol naturel", "debroussaillee": false, "longueur_m": 99.1}, "geometry": {"type": "LineString", "coordinates": [[-0.73088, 44.37948], [-0.73124, 44.37863]]}}, {"type": "Feature", "properties": {"gabarit": "Poids lourd", "revetement": "Sol naturel", "debroussaillee": false, "longueur_m": 102.6}, "geometry": {"type": "LineString", "coordinates": [[-0.73196, 44.37327], [-0.73199, 44.37235]]}}, {"type": "Feature", "properties": {"gabarit": "Poids lourd", "revetement": "Sol naturel", "debroussaillee": false, "longueur_m": 87.0}, "geometry": {"type": "LineString", "coordinates": [[-0.73526, 44.37607], [-0.73635, 44.37606]]}}, {"type": "Feature", "properties": {"gabarit": "Poids lourd", "revetement": "Sol naturel", "debroussaillee": false, "longueur_m": 96.0}, "geometry": {"type": "LineString", "coordinates": [[-0.73625, 44.3728], [-0.73741, 44.37302]]}}, {"type": "Feature", "properties": {"gabarit": "Poids lourd", "revetement": "Sol naturel", "debroussaillee": false, "longueur_m": 99.6}, "geometry": {"type": "LineString", "coordinates": [[-0.73124, 44.37863], [-0.73131, 44.3785], [-0.73144, 44.37844], [-0.73157, 44.3778]]}}, {"type": "Feature", "properties": {"gabarit": "Poids lourd", "revetement": "Sol naturel", "debroussaillee": true, "longueur_m": 883.4}, "geometry": {"type": "LineString", "coordinates": [[-0.74002, 44.38223], [-0.74159, 44.38167], [-0.74477, 44.38037], [-0.74611, 44.37968], [-0.74764, 44.37857], [-0.74885, 44.37758]]}}, {"type": "Feature", "properties": {"gabarit": "Poids lourd", "revetement": "Sol naturel", "debroussaillee": true, "longueur_m": 359.3}, "geometry": {"type": "LineString", "coordinates": [[-0.72526, 44.36705], [-0.72475, 44.36685], [-0.72398, 44.36683], [-0.72249, 44.36652], [-0.7209, 44.36666]]}}, {"type": "Feature", "properties": {"gabarit": "Poids lourd", "revetement": "Sol naturel", "debroussaillee": false, "longueur_m": 507.4}, "geometry": {"type": "LineString", "coordinates": [[-0.74002, 44.38223], [-0.73998, 44.38212], [-0.74011, 44.38193], [-0.74129, 44.38055], [-0.74089, 44.37795]]}}, {"type": "Feature", "properties": {"gabarit": "Poids lourd", "revetement": "Sol naturel", "debroussaillee": true, "longueur_m": 150.5}, "geometry": {"type": "LineString", "coordinates": [[-0.7349, 44.38426], [-0.73643, 44.38347]]}}, {"type": "Feature", "properties": {"gabarit": "Super poids lourd", "revetement": "Empierré", "debroussaillee": false, "longueur_m": 213.3}, "geometry": {"type": "LineString", "coordinates": [[-0.73334, 44.37017], [-0.73376, 44.36992], [-0.73453, 44.3696], [-0.73523, 44.36916], [-0.7354, 44.36898]]}}, {"type": "Feature", "properties": {"gabarit": "Poids lourd", "revetement": "Sol naturel", "debroussaillee": false, "longueur_m": 156.4}, "geometry": {"type": "LineString", "coordinates": [[-0.70646, 44.36816], [-0.70666, 44.368], [-0.70684, 44.36682]]}}, {"type": "Feature", "properties": {"gabarit": "Poids lourd", "revetement": "Sol naturel", "debroussaillee": false, "longueur_m": 13.6}, "geometry": {"type": "LineString", "coordinates": [[-0.70089, 44.37659], [-0.70105, 44.37663]]}}, {"type": "Feature", "properties": {"gabarit": "Poids lourd", "revetement": "Sol naturel", "debroussaillee": false, "longueur_m": 477.3}, "geometry": {"type": "LineString", "coordinates": [[-0.7209, 44.36666], [-0.72142, 44.36585], [-0.72167, 44.36482], [-0.72106, 44.36457], [-0.72077, 44.36437], [-0.71968, 44.36339], [-0.71968, 44.36309]]}}, {"type": "Feature", "properties": {"gabarit": "Poids lourd", "revetement": "Sol naturel", "debroussaillee": false, "longueur_m": 66.2}, "geometry": {"type": "LineString", "coordinates": [[-0.72197, 44.37875], [-0.72114, 44.37881]]}}, {"type": "Feature", "properties": {"gabarit": "Super poids lourd", "revetement": "Empierré", "debroussaillee": false, "longueur_m": 268.8}, "geometry": {"type": "LineString", "coordinates": [[-0.71853, 44.37475], [-0.7185, 44.37505], [-0.71824, 44.37546], [-0.71859, 44.37697], [-0.71855, 44.37709]]}}, {"type": "Feature", "properties": {"gabarit": "Poids lourd", "revetement": "Sol naturel", "debroussaillee": false, "longueur_m": 167.4}, "geometry": {"type": "LineString", "coordinates": [[-0.70584, 44.3854], [-0.70794, 44.38545]]}}, {"type": "Feature", "properties": {"gabarit": "Super poids lourd", "revetement": "Empierré", "debroussaillee": true, "longueur_m": 28.9}, "geometry": {"type": "LineString", "coordinates": [[-0.7182, 44.37795], [-0.71802, 44.37818]]}}, {"type": "Feature", "properties": {"gabarit": "Poids lourd", "revetement": "Sol naturel", "debroussaillee": false, "longueur_m": 99.0}, "geometry": {"type": "LineString", "coordinates": [[-0.70791, 44.38489], [-0.70789, 44.38469], [-0.70761, 44.38466], [-0.70754, 44.38459], [-0.7075, 44.3842]]}}, {"type": "Feature", "properties": {"gabarit": "Poids lourd", "revetement": "Sol naturel", "debroussaillee": false, "longueur_m": 192.3}, "geometry": {"type": "LineString", "coordinates": [[-0.70309, 44.3867], [-0.70264, 44.3884]]}}, {"type": "Feature", "properties": {"gabarit": "Poids lourd", "revetement": "Sol naturel", "debroussaillee": true, "longueur_m": 53.3}, "geometry": {"type": "LineString", "coordinates": [[-0.71122, 44.36922], [-0.7118, 44.36899]]}}, {"type": "Feature", "properties": {"gabarit": "Poids lourd", "revetement": "Sol naturel", "debroussaillee": true, "longueur_m": 208.2}, "geometry": {"type": "LineString", "coordinates": [[-0.71837, 44.36665], [-0.71929, 44.36657], [-0.72022, 44.36678], [-0.7209, 44.36666]]}}, {"type": "Feature", "properties": {"gabarit": "Poids lourd", "revetement": "Sol naturel", "debroussaillee": true, "longueur_m": 244.8}, "geometry": {"type": "LineString", "coordinates": [[-0.71559, 44.3675], [-0.71614, 44.36717], [-0.71692, 44.36691], [-0.71791, 44.36669], [-0.71837, 44.36665]]}}, {"type": "Feature", "properties": {"gabarit": "Poids lourd", "revetement": "Sol naturel", "debroussaillee": true, "longueur_m": 125.0}, "geometry": {"type": "LineString", "coordinates": [[-0.70399, 44.36633], [-0.70402, 44.36745]]}}, {"type": "Feature", "properties": {"gabarit": "Poids lourd", "revetement": "Sol naturel", "debroussaillee": false, "longueur_m": 524.0}, "geometry": {"type": "LineString", "coordinates": [[-0.71397, 44.37444], [-0.71365, 44.37583], [-0.71353, 44.3769], [-0.71368, 44.37741], [-0.71358, 44.37833], [-0.71358, 44.37849], [-0.7138, 44.37879], [-0.71413, 44.37894]]}}, {"type": "Feature", "properties": {"gabarit": "Poids lourd", "revetement": "Sol naturel", "debroussaillee": false, "longueur_m": 30.7}, "geometry": {"type": "LineString", "coordinates": [[-0.71614, 44.39584], [-0.71622, 44.3957], [-0.71635, 44.39563]]}}, {"type": "Feature", "properties": {"gabarit": "Poids lourd", "revetement": "Sol naturel", "debroussaillee": false, "longueur_m": 99.8}, "geometry": {"type": "LineString", "coordinates": [[-0.72421, 44.39632], [-0.72311, 44.39625], [-0.72299, 44.39631]]}}, {"type": "Feature", "properties": {"gabarit": "Poids lourd", "revetement": "Sol naturel", "debroussaillee": false, "longueur_m": 349.5}, "geometry": {"type": "LineString", "coordinates": [[-0.7323, 44.39397], [-0.73286, 44.39085]]}}, {"type": "Feature", "properties": {"gabarit": "Poids lourd", "revetement": "Sol naturel", "debroussaillee": false, "longueur_m": 120.1}, "geometry": {"type": "LineString", "coordinates": [[-0.70296, 44.40985], [-0.70442, 44.41008]]}}, {"type": "Feature", "properties": {"gabarit": "Poids lourd", "revetement": "Sol naturel", "debroussaillee": false, "longueur_m": 270.6}, "geometry": {"type": "LineString", "coordinates": [[-0.70203, 44.39074], [-0.70237, 44.39087], [-0.7029, 44.39092], [-0.70315, 44.3912], [-0.70284, 44.39262]]}}, {"type": "Feature", "properties": {"gabarit": "Super poids lourd", "revetement": "Empierré", "debroussaillee": true, "longueur_m": 65.3}, "geometry": {"type": "LineString", "coordinates": [[-0.73797, 44.40785], [-0.73878, 44.40789]]}}, {"type": "Feature", "properties": {"gabarit": "Super poids lourd", "revetement": "Empierré", "debroussaillee": true, "longueur_m": 380.0}, "geometry": {"type": "LineString", "coordinates": [[-0.74033, 44.39601], [-0.74509, 44.39577]]}}, {"type": "Feature", "properties": {"gabarit": "Poids lourd", "revetement": "Sol naturel", "debroussaillee": false, "longueur_m": 569.6}, "geometry": {"type": "LineString", "coordinates": [[-0.7083, 44.39507], [-0.70689, 44.39307], [-0.70292, 44.39263]]}}, {"type": "Feature", "properties": {"gabarit": "Poids lourd", "revetement": "Sol naturel", "debroussaillee": false, "longueur_m": 220.2}, "geometry": {"type": "LineString", "coordinates": [[-0.69988, 44.40847], [-0.70178, 44.40704]]}}, {"type": "Feature", "properties": {"gabarit": "Poids lourd", "revetement": "Sol naturel", "debroussaillee": false, "longueur_m": 454.4}, "geometry": {"type": "LineString", "coordinates": [[-0.74151, 44.39801], [-0.74144, 44.39806], [-0.74147, 44.39814], [-0.74308, 44.39954], [-0.74338, 44.39997], [-0.7437, 44.40015], [-0.74428, 44.40025], [-0.74434, 44.40089], [-0.74449, 44.40115]]}}, {"type": "Feature", "properties": {"gabarit": "Poids lourd", "revetement": "Sol naturel", "debroussaillee": true, "longueur_m": 769.9}, "geometry": {"type": "LineString", "coordinates": [[-0.73071, 44.39665], [-0.74033, 44.39601]]}}, {"type": "Feature", "properties": {"gabarit": "Poids lourd", "revetement": "Sol naturel", "debroussaillee": false, "longueur_m": 73.9}, "geometry": {"type": "LineString", "coordinates": [[-0.70178, 44.40704], [-0.70203, 44.40641]]}}, {"type": "Feature", "properties": {"gabarit": "Super poids lourd", "revetement": "Empierré", "debroussaillee": true, "longueur_m": 29.9}, "geometry": {"type": "LineString", "coordinates": [[-0.70612, 44.40298], [-0.70643, 44.40283]]}}, {"type": "Feature", "properties": {"gabarit": "Poids lourd", "revetement": "Sol naturel", "debroussaillee": true, "longueur_m": 66.3}, "geometry": {"type": "LineString", "coordinates": [[-0.7221, 44.41148], [-0.72185, 44.41091]]}}, {"type": "Feature", "properties": {"gabarit": "Poids lourd", "revetement": "Sol naturel", "debroussaillee": false, "longueur_m": 340.2}, "geometry": {"type": "LineString", "coordinates": [[-0.7196, 44.41108], [-0.71745, 44.41148], [-0.71701, 44.41006]]}}, {"type": "Feature", "properties": {"gabarit": "Poids lourd", "revetement": "Sol naturel", "debroussaillee": true, "longueur_m": 1546.1}, "geometry": {"type": "LineString", "coordinates": [[-0.72083, 44.40714], [-0.7195, 44.40709], [-0.7141, 44.40668], [-0.70878, 44.40735], [-0.70597, 44.40783], [-0.70429, 44.40786], [-0.70163, 44.40809]]}}, {"type": "Feature", "properties": {"gabarit": "Poids lourd", "revetement": "Sol naturel", "debroussaillee": true, "longueur_m": 324.9}, "geometry": {"type": "LineString", "coordinates": [[-0.71866, 44.39427], [-0.72159, 44.39223]]}}, {"type": "Feature", "properties": {"gabarit": "Poids lourd", "revetement": "Sol naturel", "debroussaillee": false, "longueur_m": 219.1}, "geometry": {"type": "LineString", "coordinates": [[-0.67909, 44.3798], [-0.67879, 44.3799], [-0.67781, 44.37995], [-0.67661, 44.38049]]}}, {"type": "Feature", "properties": {"gabarit": "Poids lourd", "revetement": "Sol naturel", "debroussaillee": false, "longueur_m": 116.5}, "geometry": {"type": "LineString", "coordinates": [[-0.68918, 44.38571], [-0.68845, 44.3863], [-0.68814, 44.38638]]}}, {"type": "Feature", "properties": {"gabarit": "Poids lourd", "revetement": "Sol naturel", "debroussaillee": false, "longueur_m": 88.5}, "geometry": {"type": "LineString", "coordinates": [[-0.67909, 44.3798], [-0.68019, 44.37969]]}}, {"type": "Feature", "properties": {"gabarit": "Poids lourd", "revetement": "Sol naturel", "debroussaillee": false, "longueur_m": 25.1}, "geometry": {"type": "LineString", "coordinates": [[-0.68944, 44.38518], [-0.68948, 44.38528], [-0.68938, 44.38538]]}}, {"type": "Feature", "properties": {"gabarit": "Poids lourd", "revetement": "Sol naturel", "debroussaillee": false, "longueur_m": 220.9}, "geometry": {"type": "LineString", "coordinates": [[-0.69574, 44.38048], [-0.69579, 44.38246]]}}, {"type": "Feature", "properties": {"gabarit": "Poids lourd", "revetement": "Sol naturel", "debroussaillee": false, "longueur_m": 114.0}, "geometry": {"type": "LineString", "coordinates": [[-0.69609, 44.37949], [-0.69574, 44.38048]]}}, {"type": "Feature", "properties": {"gabarit": "Super poids lourd", "revetement": "Empierré", "debroussaillee": false, "longueur_m": 48.4}, "geometry": {"type": "LineString", "coordinates": [[-0.68501, 44.38409], [-0.6846, 44.38377]]}}, {"type": "Feature", "properties": {"gabarit": "Poids lourd", "revetement": "Sol naturel", "debroussaillee": false, "longueur_m": 297.1}, "geometry": {"type": "LineString", "coordinates": [[-0.68339, 44.37121], [-0.68712, 44.37133]]}}, {"type": "Feature", "properties": {"gabarit": "Poids lourd", "revetement": "Sol naturel", "debroussaillee": false, "longueur_m": 111.7}, "geometry": {"type": "LineString", "coordinates": [[-0.68199, 44.37116], [-0.68339, 44.37121]]}}, {"type": "Feature", "properties": {"gabarit": "Poids lourd", "revetement": "Sol naturel", "debroussaillee": false, "longueur_m": 153.7}, "geometry": {"type": "LineString", "coordinates": [[-0.68814, 44.38638], [-0.68699, 44.38749]]}}, {"type": "Feature", "properties": {"gabarit": "Poids lourd", "revetement": "Sol naturel", "debroussaillee": false, "longueur_m": 42.0}, "geometry": {"type": "LineString", "coordinates": [[-0.68938, 44.38538], [-0.68917, 44.38558], [-0.68918, 44.38571]]}}, {"type": "Feature", "properties": {"gabarit": "Poids lourd", "revetement": "Sol naturel", "debroussaillee": false, "longueur_m": 65.0}, "geometry": {"type": "LineString", "coordinates": [[-0.67661, 44.38049], [-0.67583, 44.38065]]}}, {"type": "Feature", "properties": {"gabarit": "Poids lourd", "revetement": "Sol naturel", "debroussaillee": false, "longueur_m": 656.8}, "geometry": {"type": "LineString", "coordinates": [[-0.68916, 44.37499], [-0.69355, 44.37467], [-0.69546, 44.37468], [-0.69668, 44.37428], [-0.69722, 44.37416]]}}, {"type": "Feature", "properties": {"gabarit": "Poids lourd", "revetement": "Sol naturel", "debroussaillee": false, "longueur_m": 80.6}, "geometry": {"type": "LineString", "coordinates": [[-0.69627, 44.37877], [-0.69609, 44.37949]]}}, {"type": "Feature", "properties": {"gabarit": "Poids lourd", "revetement": "Sol naturel", "debroussaillee": false, "longueur_m": 76.8}, "geometry": {"type": "LineString", "coordinates": [[-0.68603, 44.37495], [-0.68559, 44.37519], [-0.6852, 44.37526]]}}, {"type": "Feature", "properties": {"gabarit": "Poids lourd", "revetement": "Sol naturel", "debroussaillee": false, "longueur_m": 413.4}, "geometry": {"type": "LineString", "coordinates": [[-0.69142, 44.38374], [-0.6918, 44.38371], [-0.69223, 44.38357], [-0.69446, 44.38317], [-0.69452, 44.38301], [-0.69548, 44.38297], [-0.69584, 44.38312], [-0.69624, 44.38315]]}}, {"type": "Feature", "properties": {"gabarit": "Poids lourd", "revetement": "Sol naturel", "debroussaillee": false, "longueur_m": 398.5}, "geometry": {"type": "LineString", "coordinates": [[-0.6911, 44.37949], [-0.69609, 44.37949]]}}, {"type": "Feature", "properties": {"gabarit": "Poids lourd", "revetement": "Sol naturel", "debroussaillee": false, "longueur_m": 309.1}, "geometry": {"type": "LineString", "coordinates": [[-0.65792, 44.38642], [-0.65841, 44.38728], [-0.65809, 44.38741], [-0.65595, 44.38785]]}}, {"type": "Feature", "properties": {"gabarit": "Poids lourd", "revetement": "Sol naturel", "debroussaillee": false, "longueur_m": 235.4}, "geometry": {"type": "LineString", "coordinates": [[-0.65602, 44.38372], [-0.65507, 44.38572]]}}, {"type": "Feature", "properties": {"gabarit": "Poids lourd", "revetement": "Sol naturel", "debroussaillee": false, "longueur_m": 531.5}, "geometry": {"type": "LineString", "coordinates": [[-0.66613, 44.38726], [-0.66668, 44.38716], [-0.66761, 44.38711], [-0.66817, 44.38721], [-0.66866, 44.38723], [-0.66895, 44.38705], [-0.66903, 44.38684], [-0.66929, 44.38591], [-0.66928, 44.38549], [-0.66952, 44.38529], [-0.66983, 44.38518], [-0.6706, 44.38503]]}}, {"type": "Feature", "properties": {"gabarit": "Super poids lourd", "revetement": "Empierré", "debroussaillee": true, "longueur_m": 527.2}, "geometry": {"type": "LineString", "coordinates": [[-0.66277, 44.38615], [-0.6581, 44.38951]]}}, {"type": "Feature", "properties": {"gabarit": "Poids lourd", "revetement": "Sol naturel", "debroussaillee": false, "longueur_m": 483.1}, "geometry": {"type": "LineString", "coordinates": [[-0.66277, 44.38615], [-0.66183, 44.38511], [-0.66063, 44.38543], [-0.65812, 44.38628], [-0.65792, 44.38642]]}}, {"type": "Feature", "properties": {"gabarit": "Poids lourd", "revetement": "Sol naturel", "debroussaillee": false, "longueur_m": 107.0}, "geometry": {"type": "LineString", "coordinates": [[-0.67199, 44.37276], [-0.67315, 44.37324]]}}, {"type": "Feature", "properties": {"gabarit": "Poids lourd", "revetement": "Sol naturel", "debroussaillee": false, "longueur_m": 165.9}, "geometry": {"type": "LineString", "coordinates": [[-0.65399, 44.37527], [-0.65522, 44.37648]]}}, {"type": "Feature", "properties": {"gabarit": "Poids lourd", "revetement": "Sol naturel", "debroussaillee": false, "longueur_m": 182.6}, "geometry": {"type": "LineString", "coordinates": [[-0.66232, 44.37739], [-0.66236, 44.37727], [-0.66332, 44.37651], [-0.66358, 44.37646], [-0.664, 44.3765]]}}, {"type": "Feature", "properties": {"gabarit": "Poids lourd", "revetement": "Sol naturel", "debroussaillee": false, "longueur_m": 145.5}, "geometry": {"type": "LineString", "coordinates": [[-0.65664, 44.38249], [-0.65602, 44.38372]]}}, {"type": "Feature", "properties": {"gabarit": "Poids lourd", "revetement": "Sol naturel", "debroussaillee": false, "longueur_m": 138.2}, "geometry": {"type": "LineString", "coordinates": [[-0.6538, 44.38255], [-0.65325, 44.38175], [-0.65339, 44.38141]]}}, {"type": "Feature", "properties": {"gabarit": "Poids lourd", "revetement": "Sol naturel", "debroussaillee": false, "longueur_m": 79.4}, "geometry": {"type": "LineString", "coordinates": [[-0.65477, 44.38628], [-0.65442, 44.38695]]}}, {"type": "Feature", "properties": {"gabarit": "Super poids lourd", "revetement": "Empierré", "debroussaillee": false, "longueur_m": 24.2}, "geometry": {"type": "LineString", "coordinates": [[-0.6712, 44.3926], [-0.67124, 44.39238]]}}, {"type": "Feature", "properties": {"gabarit": "Super poids lourd", "revetement": "Empierré", "debroussaillee": true, "longueur_m": 257.0}, "geometry": {"type": "LineString", "coordinates": [[-0.66079, 44.39107], [-0.65971, 44.39093], [-0.65906, 44.39077], [-0.65848, 44.39055], [-0.65786, 44.39022]]}}, {"type": "Feature", "properties": {"gabarit": "Poids lourd", "revetement": "Sol naturel", "debroussaillee": false, "longueur_m": 558.7}, "geometry": {"type": "LineString", "coordinates": [[-0.65793, 44.39119], [-0.65821, 44.39622]]}}, {"type": "Feature", "properties": {"gabarit": "Super poids lourd", "revetement": "Empierré", "debroussaillee": true, "longueur_m": 25.9}, "geometry": {"type": "LineString", "coordinates": [[-0.66728, 44.39446], [-0.66755, 44.39433]]}}, {"type": "Feature", "properties": {"gabarit": "Poids lourd", "revetement": "Sol naturel", "debroussaillee": false, "longueur_m": 629.8}, "geometry": {"type": "LineString", "coordinates": [[-0.69701, 44.40761], [-0.6967, 44.4069], [-0.69632, 44.40198]]}}, {"type": "Feature", "properties": {"gabarit": "Poids lourd", "revetement": "Sol naturel", "debroussaillee": false, "longueur_m": 471.9}, "geometry": {"type": "LineString", "coordinates": [[-0.66034, 44.39635], [-0.66061, 44.3944], [-0.66074, 44.39212]]}}, {"type": "Feature", "properties": {"gabarit": "Poids lourd", "revetement": "Sol naturel", "debroussaillee": true, "longueur_m": 260.4}, "geometry": {"type": "LineString", "coordinates": [[-0.66395, 44.39197], [-0.66238, 44.39096], [-0.66124, 44.39105]]}}, {"type": "Feature", "properties": {"gabarit": "Poids lourd", "revetement": "Sol naturel", "debroussaillee": false, "longueur_m": 63.3}, "geometry": {"type": "LineString", "coordinates": [[-0.66333, 44.39232], [-0.66395, 44.39197]]}}, {"type": "Feature", "properties": {"gabarit": "Super poids lourd", "revetement": "Empierré", "debroussaillee": false, "longueur_m": 24.5}, "geometry": {"type": "LineString", "coordinates": [[-0.66078, 44.39129], [-0.66079, 44.39107]]}}, {"type": "Feature", "properties": {"gabarit": "Poids lourd", "revetement": "Sol naturel", "debroussaillee": false, "longueur_m": 367.1}, "geometry": {"type": "LineString", "coordinates": [[-0.65394, 44.39661], [-0.65361, 44.39536], [-0.65155, 44.39396]]}}, {"type": "Feature", "properties": {"gabarit": "Poids lourd", "revetement": "Sol naturel", "debroussaillee": true, "longueur_m": 363.7}, "geometry": {"type": "LineString", "coordinates": [[-0.66731, 44.39418], [-0.66395, 44.39197]]}}, {"type": "Feature", "properties": {"gabarit": "Poids lourd", "revetement": "Sol naturel", "debroussaillee": false, "longueur_m": 275.3}, "geometry": {"type": "LineString", "coordinates": [[-0.68606, 44.39744], [-0.68537, 44.39987]]}}, {"type": "Feature", "properties": {"gabarit": "Poids lourd", "revetement": "Sol naturel", "debroussaillee": false, "longueur_m": 191.5}, "geometry": {"type": "LineString", "coordinates": [[-0.68346, 44.39266], [-0.68277, 44.39411], [-0.68275, 44.3943]]}}, {"type": "Feature", "properties": {"gabarit": "Poids lourd", "revetement": "Sol naturel", "debroussaillee": false, "longueur_m": 330.6}, "geometry": {"type": "LineString", "coordinates": [[-0.65768, 44.40076], [-0.65837, 44.39782]]}}, {"type": "Feature", "properties": {"gabarit": "Poids lourd", "revetement": "Sol naturel", "debroussaillee": false, "longueur_m": 478.1}, "geometry": {"type": "LineString", "coordinates": [[-0.66222, 44.39647], [-0.66295, 44.39335], [-0.66302, 44.39251], [-0.66333, 44.39232]]}}, {"type": "Feature", "properties": {"gabarit": "Poids lourd", "revetement": "Sol naturel", "debroussaillee": true, "longueur_m": 763.7}, "geometry": {"type": "LineString", "coordinates": [[-0.67367, 44.39901], [-0.66413, 44.39828]]}}, {"type": "Feature", "properties": {"gabarit": "Poids lourd", "revetement": "Sol naturel", "debroussaillee": false, "longueur_m": 823.5}, "geometry": {"type": "LineString", "coordinates": [[-0.67464, 44.40123], [-0.68496, 44.4016]]}}, {"type": "Feature", "properties": {"gabarit": "Super poids lourd", "revetement": "Empierré", "debroussaillee": false, "longueur_m": 181.1}, "geometry": {"type": "LineString", "coordinates": [[-0.63385, 44.36707], [-0.63308, 44.36554]]}}, {"type": "Feature", "properties": {"gabarit": "Poids lourd", "revetement": "Sol naturel", "debroussaillee": true, "longueur_m": 682.5}, "geometry": {"type": "LineString", "coordinates": [[-0.63044, 44.36287], [-0.63892, 44.36368]]}}, {"type": "Feature", "properties": {"gabarit": "Poids lourd", "revetement": "Sol naturel", "debroussaillee": true, "longueur_m": 828.6}, "geometry": {"type": "LineString", "coordinates": [[-0.62204, 44.36125], [-0.62257, 44.36146], [-0.62381, 44.36154], [-0.62438, 44.36173], [-0.62561, 44.36185], [-0.62707, 44.36221], [-0.6276, 44.36252], [-0.6279, 44.36278], [-0.628, 44.36295], [-0.62799, 44.36339], [-0.62815, 44.36362], [-0.62837, 44.36374], [-0.62925, 44.36346], [-0.62967, 44.36316], [-0.63044, 44.36287]]}}, {"type": "Feature", "properties": {"gabarit": "Poids lourd", "revetement": "Sol naturel", "debroussaillee": false, "longueur_m": 319.2}, "geometry": {"type": "LineString", "coordinates": [[-0.5804, 44.36654], [-0.5806, 44.36654], [-0.58082, 44.36665], [-0.58351, 44.36831]]}}, {"type": "Feature", "properties": {"gabarit": "Poids lourd", "revetement": "Sol naturel", "debroussaillee": false, "longueur_m": 234.4}, "geometry": {"type": "LineString", "coordinates": [[-0.58916, 44.36229], [-0.58821, 44.36429]]}}, {"type": "Feature", "properties": {"gabarit": "Poids lourd", "revetement": "Sol naturel", "debroussaillee": true, "longueur_m": 576.0}, "geometry": {"type": "LineString", "coordinates": [[-0.59975, 44.36059], [-0.59766, 44.36555]]}}, {"type": "Feature", "properties": {"gabarit": "Poids lourd", "revetement": "Sol naturel", "debroussaillee": true, "longueur_m": 181.8}, "geometry": {"type": "LineString", "coordinates": [[-0.58116, 44.36499], [-0.5804, 44.36654]]}}, {"type": "Feature", "properties": {"gabarit": "Poids lourd", "revetement": "Sol naturel", "debroussaillee": false, "longueur_m": 1559.8}, "geometry": {"type": "LineString", "coordinates": [[-0.5724, 44.36738], [-0.57086, 44.36655], [-0.57083, 44.36642], [-0.57106, 44.36563], [-0.57103, 44.36552], [-0.57016, 44.36498], [-0.56915, 44.36415], [-0.56847, 44.36333], [-0.56812, 44.36265], [-0.56785, 44.36182], [-0.56778, 44.36099], [-0.56782, 44.36028], [-0.56827, 44.35776], [-0.56805, 44.35769], [-0.56406, 44.35741]]}}, {"type": "Feature", "properties": {"gabarit": "Poids lourd", "revetement": "Sol naturel", "debroussaillee": false, "longueur_m": 1090.4}, "geometry": {"type": "LineString", "coordinates": [[-0.64749, 44.39219], [-0.65332, 44.38331]]}}, {"type": "Feature", "properties": {"gabarit": "Poids lourd", "revetement": "Sol naturel", "debroussaillee": true, "longueur_m": 459.5}, "geometry": {"type": "LineString", "coordinates": [[-0.61354, 44.39091], [-0.60926, 44.38815]]}}, {"type": "Feature", "properties": {"gabarit": "Poids lourd", "revetement": "Sol naturel", "debroussaillee": false, "longueur_m": 9.5}, "geometry": {"type": "LineString", "coordinates": [[-0.61765, 44.37344], [-0.61766, 44.37352]]}}, {"type": "Feature", "properties": {"gabarit": "Poids lourd", "revetement": "Sol naturel", "debroussaillee": false, "longueur_m": 959.1}, "geometry": {"type": "LineString", "coordinates": [[-0.60541, 44.38573], [-0.60473, 44.3856], [-0.60542, 44.37959], [-0.60564, 44.37918], [-0.6063, 44.37837], [-0.60689, 44.3778]]}}, {"type": "Feature", "properties": {"gabarit": "Poids lourd", "revetement": "Sol naturel", "debroussaillee": true, "longueur_m": 220.4}, "geometry": {"type": "LineString", "coordinates": [[-0.60943, 44.37576], [-0.60947, 44.37774]]}}, {"type": "Feature", "properties": {"gabarit": "Poids lourd", "revetement": "Sol naturel", "debroussaillee": false, "longueur_m": 101.5}, "geometry": {"type": "LineString", "coordinates": [[-0.62309, 44.37325], [-0.623, 44.37304], [-0.62275, 44.3729], [-0.62216, 44.3727]]}}, {"type": "Feature", "properties": {"gabarit": "Poids lourd", "revetement": "Sol naturel", "debroussaillee": false, "longueur_m": 405.0}, "geometry": {"type": "LineString", "coordinates": [[-0.62009, 44.37025], [-0.61765, 44.37344]]}}, {"type": "Feature", "properties": {"gabarit": "Poids lourd", "revetement": "Sol naturel", "debroussaillee": false, "longueur_m": 486.6}, "geometry": {"type": "LineString", "coordinates": [[-0.63497, 44.37919], [-0.63508, 44.3794], [-0.63361, 44.38146], [-0.63282, 44.38305], [-0.63294, 44.38316]]}}, {"type": "Feature", "properties": {"gabarit": "Poids lourd", "revetement": "Sol naturel", "debroussaillee": false, "longueur_m": 557.8}, "geometry": {"type": "LineString", "coordinates": [[-0.63235, 44.38646], [-0.63136, 44.38984], [-0.63042, 44.39057], [-0.63017, 44.3911]]}}, {"type": "Feature", "properties": {"gabarit": "Poids lourd", "revetement": "Sol naturel", "debroussaillee": true, "longueur_m": 5.7}, "geometry": {"type": "LineString", "coordinates": [[-0.64374, 44.38862], [-0.64368, 44.3886]]}}, {"type": "Feature", "properties": {"gabarit": "Poids lourd", "revetement": "Sol naturel", "debroussaillee": true, "longueur_m": 109.8}, "geometry": {"type": "LineString", "coordinates": [[-0.63345, 44.36986], [-0.63248, 44.37055]]}}, {"type": "Feature", "properties": {"gabarit": "Super poids lourd", "revetement": "Empierré", "debroussaillee": true, "longueur_m": 207.2}, "geometry": {"type": "LineString", "coordinates": [[-0.63002, 44.3774], [-0.62973, 44.37763], [-0.62892, 44.37906]]}}, {"type": "Feature", "properties": {"gabarit": "Super poids lourd", "revetement": "Empierré", "debroussaillee": false, "longueur_m": 16.9}, "geometry": {"type": "LineString", "coordinates": [[-0.6345, 44.36859], [-0.63444, 44.36874]]}}, {"type": "Feature", "properties": {"gabarit": "Poids lourd", "revetement": "Sol naturel", "debroussaillee": false, "longueur_m": 61.5}, "geometry": {"type": "LineString", "coordinates": [[-0.63593, 44.37174], [-0.63669, 44.37179]]}}, {"type": "Feature", "properties": {"gabarit": "Poids lourd", "revetement": "Sol naturel", "debroussaillee": false, "longueur_m": 453.2}, "geometry": {"type": "LineString", "coordinates": [[-0.64543, 44.38192], [-0.64276, 44.38174], [-0.63983, 44.3813]]}}, {"type": "Feature", "properties": {"gabarit": "Poids lourd", "revetement": "Sol naturel", "debroussaillee": false, "longueur_m": 331.9}, "geometry": {"type": "LineString", "coordinates": [[-0.63294, 44.38316], [-0.63312, 44.38322], [-0.63315, 44.38329], [-0.63249, 44.38602]]}}, {"type": "Feature", "properties": {"gabarit": "Poids lourd", "revetement": "Sol naturel", "debroussaillee": false, "longueur_m": 87.2}, "geometry": {"type": "LineString", "coordinates": [[-0.6351, 44.37135], [-0.63557, 44.37175], [-0.63593, 44.37174]]}}, {"type": "Feature", "properties": {"gabarit": "Poids lourd", "revetement": "Sol naturel", "debroussaillee": false, "longueur_m": 103.9}, "geometry": {"type": "LineString", "coordinates": [[-0.61937, 44.3696], [-0.61938, 44.36978], [-0.61952, 44.3699], [-0.62001, 44.3701], [-0.62009, 44.37025]]}}, {"type": "Feature", "properties": {"gabarit": "Poids lourd", "revetement": "Sol naturel", "debroussaillee": false, "longueur_m": 56.0}, "geometry": {"type": "LineString", "coordinates": [[-0.60272, 44.39066], [-0.60279, 44.39075], [-0.60308, 44.39084], [-0.6033, 44.39082]]}}, {"type": "Feature", "properties": {"gabarit": "Poids lourd", "revetement": "Sol naturel", "debroussaillee": false, "longueur_m": 140.1}, "geometry": {"type": "LineString", "coordinates": [[-0.64544, 44.38894], [-0.64442, 44.38879], [-0.64374, 44.38862]]}}, {"type": "Feature", "properties": {"gabarit": "Poids lourd", "revetement": "Sol naturel", "debroussaillee": false, "longueur_m": 802.5}, "geometry": {"type": "LineString", "coordinates": [[-0.62455, 44.3805], [-0.62698, 44.37577], [-0.62761, 44.37387], [-0.62755, 44.37364]]}}, {"type": "Feature", "properties": {"gabarit": "Poids lourd", "revetement": "Sol naturel", "debroussaillee": true, "longueur_m": 150.9}, "geometry": {"type": "LineString", "coordinates": [[-0.60947, 44.37774], [-0.60882, 44.37902]]}}, {"type": "Feature", "properties": {"gabarit": "Poids lourd", "revetement": "Sol naturel", "debroussaillee": false, "longueur_m": 108.6}, "geometry": {"type": "LineString", "coordinates": [[-0.6352, 44.3678], [-0.63473, 44.3681], [-0.6345, 44.36859]]}}, {"type": "Feature", "properties": {"gabarit": "Poids lourd", "revetement": "Sol naturel", "debroussaillee": false, "longueur_m": 719.0}, "geometry": {"type": "LineString", "coordinates": [[-0.61621, 44.37911], [-0.61821, 44.37565], [-0.61875, 44.37446], [-0.61947, 44.37396], [-0.61971, 44.37323]]}}, {"type": "Feature", "properties": {"gabarit": "Poids lourd", "revetement": "Sol naturel", "debroussaillee": false, "longueur_m": 489.7}, "geometry": {"type": "LineString", "coordinates": [[-0.63789, 44.37533], [-0.63748, 44.37598], [-0.63497, 44.37919]]}}, {"type": "Feature", "properties": {"gabarit": "Poids lourd", "revetement": "Sol naturel", "debroussaillee": true, "longueur_m": 159.3}, "geometry": {"type": "LineString", "coordinates": [[-0.63248, 44.37055], [-0.63216, 44.37122], [-0.63286, 44.37174]]}}, {"type": "Feature", "properties": {"gabarit": "Super poids lourd", "revetement": "Empierré", "debroussaillee": true, "longueur_m": 184.2}, "geometry": {"type": "LineString", "coordinates": [[-0.64685, 44.37181], [-0.64827, 44.37185], [-0.64912, 44.37169]]}}, {"type": "Feature", "properties": {"gabarit": "Poids lourd", "revetement": "Sol naturel", "debroussaillee": false, "longueur_m": 10.1}, "geometry": {"type": "LineString", "coordinates": [[-0.62451, 44.39301], [-0.62452, 44.39311]]}}, {"type": "Feature", "properties": {"gabarit": "Poids lourd", "revetement": "Sol naturel", "debroussaillee": true, "longueur_m": 128.6}, "geometry": {"type": "LineString", "coordinates": [[-0.62707, 44.41288], [-0.62627, 44.41273], [-0.62548, 44.41269]]}}, {"type": "Feature", "properties": {"gabarit": "Poids lourd", "revetement": "Sol naturel", "debroussaillee": false, "longueur_m": 686.8}, "geometry": {"type": "LineString", "coordinates": [[-0.62894, 44.40816], [-0.6373, 44.40868], [-0.6375, 44.40862]]}}, {"type": "Feature", "properties": {"gabarit": "Poids lourd", "revetement": "Sol naturel", "debroussaillee": false, "longueur_m": 216.6}, "geometry": {"type": "LineString", "coordinates": [[-0.6266, 44.40721], [-0.62664, 44.40729], [-0.62707, 44.40747], [-0.62894, 44.40816]]}}, {"type": "Feature", "properties": {"gabarit": "Poids lourd", "revetement": "Sol naturel", "debroussaillee": true, "longueur_m": 168.9}, "geometry": {"type": "LineString", "coordinates": [[-0.64915, 44.39709], [-0.64706, 44.39688]]}}, {"type": "Feature", "properties": {"gabarit": "Poids lourd", "revetement": "Sol naturel", "debroussaillee": true, "longueur_m": 78.5}, "geometry": {"type": "LineString", "coordinates": [[-0.64292, 44.41171], [-0.64291, 44.41242]]}}, {"type": "Feature", "properties": {"gabarit": "Poids lourd", "revetement": "Sol naturel", "debroussaillee": false, "longueur_m": 132.1}, "geometry": {"type": "LineString", "coordinates": [[-0.64491, 44.39429], [-0.64579, 44.39452], [-0.64592, 44.3945], [-0.64621, 44.39414]]}}, {"type": "Feature", "properties": {"gabarit": "Poids lourd", "revetement": "Sol naturel", "debroussaillee": true, "longueur_m": 534.8}, "geometry": {"type": "LineString", "coordinates": [[-0.64289, 44.4069], [-0.64292, 44.41171]]}}, {"type": "Feature", "properties": {"gabarit": "Poids lourd", "revetement": "Sol naturel", "debroussaillee": true, "longueur_m": 846.7}, "geometry": {"type": "LineString", "coordinates": [[-0.64263, 44.39361], [-0.63543, 44.39175], [-0.63251, 44.39136]]}}, {"type": "Feature", "properties": {"gabarit": "Super poids lourd", "revetement": "Empierré", "debroussaillee": true, "longueur_m": 395.0}, "geometry": {"type": "LineString", "coordinates": [[-0.64706, 44.39688], [-0.65073, 44.39449]]}}, {"type": "Feature", "properties": {"gabarit": "Poids lourd", "revetement": "Sol naturel", "debroussaillee": false, "longueur_m": 44.3}, "geometry": {"type": "LineString", "coordinates": [[-0.59126, 44.37273], [-0.59146, 44.37236]]}}, {"type": "Feature", "properties": {"gabarit": "Poids lourd", "revetement": "Sol naturel", "debroussaillee": false, "longueur_m": 14.0}, "geometry": {"type": "LineString", "coordinates": [[-0.59089, 44.3784], [-0.59078, 44.3783]]}}, {"type": "Feature", "properties": {"gabarit": "Poids lourd", "revetement": "Sol naturel", "debroussaillee": false, "longueur_m": 105.8}, "geometry": {"type": "LineString", "coordinates": [[-0.59315, 44.38246], [-0.59418, 44.38276], [-0.59439, 44.38277]]}}, {"type": "Feature", "properties": {"gabarit": "Poids lourd", "revetement": "Sol naturel", "debroussaillee": false, "longueur_m": 221.2}, "geometry": {"type": "LineString", "coordinates": [[-0.57862, 44.37075], [-0.57834, 44.37071], [-0.57639, 44.3696]]}}, {"type": "Feature", "properties": {"gabarit": "Super poids lourd", "revetement": "Empierré", "debroussaillee": false, "longueur_m": 23.9}, "geometry": {"type": "LineString", "coordinates": [[-0.60052, 44.3745], [-0.60023, 44.37445]]}}, {"type": "Feature", "properties": {"gabarit": "Poids lourd", "revetement": "Sol naturel", "debroussaillee": false, "longueur_m": 274.5}, "geometry": {"type": "LineString", "coordinates": [[-0.59315, 44.38246], [-0.59401, 44.38055], [-0.59432, 44.38028], [-0.59426, 44.38018]]}}, {"type": "Feature", "properties": {"gabarit": "Poids lourd", "revetement": "Sol naturel", "debroussaillee": false, "longueur_m": 575.1}, "geometry": {"type": "LineString", "coordinates": [[-0.59101, 44.37789], [-0.5911, 44.37759], [-0.59116, 44.37324], [-0.59126, 44.37273]]}}, {"type": "Feature", "properties": {"gabarit": "Poids lourd", "revetement": "Sol naturel", "debroussaillee": false, "longueur_m": 26.3}, "geometry": {"type": "LineString", "coordinates": [[-0.59426, 44.38018], [-0.59453, 44.38031]]}}, {"type": "Feature", "properties": {"gabarit": "Super poids lourd", "revetement": "Empierré", "debroussaillee": true, "longueur_m": 30.6}, "geometry": {"type": "LineString", "coordinates": [[-0.60061, 44.37424], [-0.60052, 44.3745]]}}, {"type": "Feature", "properties": {"gabarit": "Poids lourd", "revetement": "Sol naturel", "debroussaillee": true, "longueur_m": 439.4}, "geometry": {"type": "LineString", "coordinates": [[-0.5996, 44.37858], [-0.6006, 44.38247]]}}, {"type": "Feature", "properties": {"gabarit": "Poids lourd", "revetement": "Sol naturel", "debroussaillee": false, "longueur_m": 345.9}, "geometry": {"type": "LineString", "coordinates": [[-0.74907, 44.43081], [-0.74881, 44.43076], [-0.74859, 44.43066], [-0.74842, 44.43045], [-0.74809, 44.43032], [-0.74692, 44.42998], [-0.74547, 44.43013], [-0.74513, 44.43005]]}}, {"type": "Feature", "properties": {"gabarit": "Poids lourd", "revetement": "Sol naturel", "debroussaillee": false, "longueur_m": 90.7}, "geometry": {"type": "LineString", "coordinates": [[-0.7425, 44.43087], [-0.742, 44.4309], [-0.74138, 44.4308]]}}, {"type": "Feature", "properties": {"gabarit": "Poids lourd", "revetement": "Sol naturel", "debroussaillee": true, "longueur_m": 42.8}, "geometry": {"type": "LineString", "coordinates": [[-0.73328, 44.42832], [-0.73358, 44.428]]}}, {"type": "Feature", "properties": {"gabarit": "Poids lourd", "revetement": "Sol naturel", "debroussaillee": false, "longueur_m": 50.3}, "geometry": {"type": "LineString", "coordinates": [[-0.74099, 44.43068], [-0.7404, 44.43052]]}}, {"type": "Feature", "properties": {"gabarit": "Super poids lourd", "revetement": "Empierré", "debroussaillee": false, "longueur_m": 84.4}, "geometry": {"type": "LineString", "coordinates": [[-0.7472, 44.42468], [-0.74825, 44.42476]]}}, {"type": "Feature", "properties": {"gabarit": "Poids lourd", "revetement": "Sol naturel", "debroussaillee": true, "longueur_m": 284.1}, "geometry": {"type": "LineString", "coordinates": [[-0.72954, 44.43229], [-0.72969, 44.43179], [-0.73047, 44.43135], [-0.73081, 44.43045], [-0.73131, 44.43053]]}}, {"type": "Feature", "properties": {"gabarit": "Poids lourd", "revetement": "Sol naturel", "debroussaillee": false, "longueur_m": 136.4}, "geometry": {"type": "LineString", "coordinates": [[-0.71827, 44.42041], [-0.7182, 44.41979], [-0.71774, 44.41928]]}}, {"type": "Feature", "properties": {"gabarit": "Super poids lourd", "revetement": "Empierré", "debroussaillee": true, "longueur_m": 464.9}, "geometry": {"type": "LineString", "coordinates": [[-0.71525, 44.42548], [-0.71508, 44.42509], [-0.71526, 44.42266], [-0.71534, 44.4224], [-0.71606, 44.42147]]}}, {"type": "Feature", "properties": {"gabarit": "Poids lourd", "revetement": "Sol naturel", "debroussaillee": false, "longueur_m": 168.0}, "geometry": {"type": "LineString", "coordinates": [[-0.72924, 44.44511], [-0.7301, 44.44623], [-0.73033, 44.44639]]}}, {"type": "Feature", "properties": {"gabarit": "Poids lourd", "revetement": "Sol naturel", "debroussaillee": false, "longueur_m": 148.0}, "geometry": {"type": "LineString", "coordinates": [[-0.71944, 44.4465], [-0.7201, 44.44732], [-0.72027, 44.44745], [-0.72053, 44.44754]]}}, {"type": "Feature", "properties": {"gabarit": "Poids lourd", "revetement": "Sol naturel", "debroussaillee": false, "longueur_m": 146.0}, "geometry": {"type": "LineString", "coordinates": [[-0.74496, 44.43715], [-0.74448, 44.43723], [-0.744, 44.43723], [-0.74317, 44.43705]]}}, {"type": "Feature", "properties": {"gabarit": "Poids lourd", "revetement": "Sol naturel", "debroussaillee": false, "longueur_m": 51.7}, "geometry": {"type": "LineString", "coordinates": [[-0.6976, 44.41353], [-0.69793, 44.4136], [-0.69793, 44.41373], [-0.69784, 44.41378]]}}, {"type": "Feature", "properties": {"gabarit": "Poids lourd", "revetement": "Sol naturel", "debroussaillee": false, "longueur_m": 312.6}, "geometry": {"type": "LineString", "coordinates": [[-0.74256, 44.43676], [-0.7421, 44.43634], [-0.742, 44.43629], [-0.74174, 44.43631], [-0.74152, 44.4364], [-0.74111, 44.43673], [-0.73971, 44.43726], [-0.73951, 44.43742]]}}, {"type": "Feature", "properties": {"gabarit": "Poids lourd", "revetement": "Sol naturel", "debroussaillee": false, "longueur_m": 416.7}, "geometry": {"type": "LineString", "coordinates": [[-0.71944, 44.4465], [-0.71435, 44.44563]]}}, {"type": "Feature", "properties": {"gabarit": "Poids lourd", "revetement": "Sol naturel", "debroussaillee": false, "longueur_m": 73.2}, "geometry": {"type": "LineString", "coordinates": [[-0.71998, 44.43973], [-0.72067, 44.44017]]}}, {"type": "Feature", "properties": {"gabarit": "Poids lourd", "revetement": "Sol naturel", "debroussaillee": false, "longueur_m": 74.1}, "geometry": {"type": "LineString", "coordinates": [[-0.72113, 44.44048], [-0.72183, 44.44091]]}}, {"type": "Feature", "properties": {"gabarit": "Super poids lourd", "revetement": "Empierré", "debroussaillee": true, "longueur_m": 103.8}, "geometry": {"type": "LineString", "coordinates": [[-0.72196, 44.4394], [-0.72067, 44.4395]]}}, {"type": "Feature", "properties": {"gabarit": "Poids lourd", "revetement": "Sol naturel", "debroussaillee": true, "longueur_m": 141.8}, "geometry": {"type": "LineString", "coordinates": [[-0.74414, 44.43653], [-0.7437, 44.43684], [-0.74256, 44.43676]]}}, {"type": "Feature", "properties": {"gabarit": "Poids lourd", "revetement": "Sol naturel", "debroussaillee": false, "longueur_m": 740.9}, "geometry": {"type": "LineString", "coordinates": [[-0.72183, 44.44091], [-0.72714, 44.44423], [-0.7289, 44.44525]]}}, {"type": "Feature", "properties": {"gabarit": "Poids lourd", "revetement": "Sol naturel", "debroussaillee": false, "longueur_m": 29.7}, "geometry": {"type": "LineString", "coordinates": [[-0.6933, 44.42225], [-0.69294, 44.42219]]}}, {"type": "Feature", "properties": {"gabarit": "Poids lourd", "revetement": "Sol naturel", "debroussaillee": false, "longueur_m": 180.5}, "geometry": {"type": "LineString", "coordinates": [[-0.69862, 44.41623], [-0.6976, 44.41538], [-0.69772, 44.4149]]}}, {"type": "Feature", "properties": {"gabarit": "Poids lourd", "revetement": "Sol naturel", "debroussaillee": false, "longueur_m": 61.4}, "geometry": {"type": "LineString", "coordinates": [[-0.70561, 44.42248], [-0.70592, 44.42198]]}}, {"type": "Feature", "properties": {"gabarit": "Poids lourd", "revetement": "Sol naturel", "debroussaillee": true, "longueur_m": 141.5}, "geometry": {"type": "LineString", "coordinates": [[-0.69349, 44.43253], [-0.69367, 44.43314], [-0.69356, 44.43379]]}}, {"type": "Feature", "properties": {"gabarit": "Poids lourd", "revetement": "Sol naturel", "debroussaillee": false, "longueur_m": 360.1}, "geometry": {"type": "LineString", "coordinates": [[-0.70217, 44.41628], [-0.70282, 44.4162], [-0.70435, 44.41628], [-0.70659, 44.41664]]}}, {"type": "Feature", "properties": {"gabarit": "Poids lourd", "revetement": "Sol naturel", "debroussaillee": true, "longueur_m": 15.3}, "geometry": {"type": "LineString", "coordinates": [[-0.67706, 44.4304], [-0.67705, 44.43026]]}}, {"type": "Feature", "properties": {"gabarit": "Poids lourd", "revetement": "Sol naturel", "debroussaillee": false, "longueur_m": 289.3}, "geometry": {"type": "LineString", "coordinates": [[-0.71011, 44.42716], [-0.71036, 44.42735], [-0.71049, 44.42761], [-0.71052, 44.42843], [-0.71041, 44.4292], [-0.71065, 44.42963]]}}, {"type": "Feature", "properties": {"gabarit": "Poids lourd", "revetement": "Sol naturel", "debroussaillee": false, "longueur_m": 287.8}, "geometry": {"type": "LineString", "coordinates": [[-0.6987, 44.41923], [-0.69852, 44.41899], [-0.69835, 44.41849], [-0.69864, 44.41671]]}}, {"type": "Feature", "properties": {"gabarit": "Poids lourd", "revetement": "Sol naturel", "debroussaillee": true, "longueur_m": 205.5}, "geometry": {"type": "LineString", "coordinates": [[-0.69415, 44.42945], [-0.69365, 44.43022], [-0.69335, 44.4312]]}}, {"type": "Feature", "properties": {"gabarit": "Poids lourd", "revetement": "Sol naturel", "debroussaillee": false, "longueur_m": 222.3}, "geometry": {"type": "LineString", "coordinates": [[-0.67741, 44.43393], [-0.67741, 44.43411], [-0.67663, 44.43511], [-0.67663, 44.43578]]}}, {"type": "Feature", "properties": {"gabarit": "Poids lourd", "revetement": "Sol naturel", "debroussaillee": false, "longueur_m": 30.3}, "geometry": {"type": "LineString", "coordinates": [[-0.67705, 44.43026], [-0.67706, 44.42999]]}}, {"type": "Feature", "properties": {"gabarit": "Poids lourd", "revetement": "Sol naturel", "debroussaillee": false, "longueur_m": 264.3}, "geometry": {"type": "LineString", "coordinates": [[-0.67601, 44.42453], [-0.67626, 44.42484], [-0.67648, 44.42554], [-0.67667, 44.42586], [-0.67707, 44.42608], [-0.67722, 44.4261], [-0.67759, 44.42609], [-0.67782, 44.42596]]}}, {"type": "Feature", "properties": {"gabarit": "Poids lourd", "revetement": "Sol naturel", "debroussaillee": false, "longueur_m": 490.8}, "geometry": {"type": "LineString", "coordinates": [[-0.68696, 44.43458], [-0.68691, 44.4344], [-0.68622, 44.43391], [-0.68333, 44.43145], [-0.68341, 44.43114]]}}, {"type": "Feature", "properties": {"gabarit": "Poids lourd", "revetement": "Sol naturel", "debroussaillee": false, "longueur_m": 177.9}, "geometry": {"type": "LineString", "coordinates": [[-0.68407, 44.42308], [-0.6837, 44.42331], [-0.68354, 44.42366], [-0.68292, 44.42442]]}}, {"type": "Feature", "properties": {"gabarit": "Poids lourd", "revetement": "Sol naturel", "debroussaillee": false, "longueur_m": 210.4}, "geometry": {"type": "LineString", "coordinates": [[-0.67897, 44.43377], [-0.67961, 44.43433], [-0.6809, 44.43504]]}}, {"type": "Feature", "properties": {"gabarit": "Super poids lourd", "revetement": "Empierré", "debroussaillee": true, "longueur_m": 191.3}, "geometry": {"type": "LineString", "coordinates": [[-0.67733, 44.43391], [-0.67627, 44.43395], [-0.67498, 44.4337]]}}, {"type": "Feature", "properties": {"gabarit": "Poids lourd", "revetement": "Sol naturel", "debroussaillee": false, "longueur_m": 69.7}, "geometry": {"type": "LineString", "coordinates": [[-0.67706, 44.4299], [-0.67705, 44.42927]]}}, {"type": "Feature", "properties": {"gabarit": "Poids lourd", "revetement": "Sol naturel", "debroussaillee": false, "longueur_m": 31.6}, "geometry": {"type": "LineString", "coordinates": [[-0.68359, 44.43071], [-0.68379, 44.43047]]}}, {"type": "Feature", "properties": {"gabarit": "Poids lourd", "revetement": "Sol naturel", "debroussaillee": false, "longueur_m": 42.7}, "geometry": {"type": "LineString", "coordinates": [[-0.6809, 44.43504], [-0.6813, 44.4353]]}}, {"type": "Feature", "properties": {"gabarit": "Poids lourd", "revetement": "Sol naturel", "debroussaillee": false, "longueur_m": 227.1}, "geometry": {"type": "LineString", "coordinates": [[-0.68775, 44.42322], [-0.68859, 44.42264], [-0.68866, 44.42253], [-0.68875, 44.42145]]}}, {"type": "Feature", "properties": {"gabarit": "Poids lourd", "revetement": "Sol naturel", "debroussaillee": false, "longueur_m": 478.0}, "geometry": {"type": "LineString", "coordinates": [[-0.67706, 44.4299], [-0.67747, 44.42993], [-0.67776, 44.43006], [-0.67828, 44.4301], [-0.68008, 44.4299], [-0.68056, 44.43], [-0.68111, 44.4302], [-0.6819, 44.43015], [-0.68287, 44.4302]]}}, {"type": "Feature", "properties": {"gabarit": "Poids lourd", "revetement": "Sol naturel", "debroussaillee": false, "longueur_m": 48.8}, "geometry": {"type": "LineString", "coordinates": [[-0.6761, 44.44069], [-0.67646, 44.44104]]}}, {"type": "Feature", "properties": {"gabarit": "Poids lourd", "revetement": "Sol naturel", "debroussaillee": false, "longueur_m": 142.7}, "geometry": {"type": "LineString", "coordinates": [[-0.6799, 44.45198], [-0.67967, 44.45239], [-0.67956, 44.45274], [-0.67959, 44.45293], [-0.67943, 44.45319]]}}, {"type": "Feature", "properties": {"gabarit": "Poids lourd", "revetement": "Sol naturel", "debroussaillee": false, "longueur_m": 13.8}, "geometry": {"type": "LineString", "coordinates": [[-0.7098, 44.43889], [-0.70992, 44.4388]]}}, {"type": "Feature", "properties": {"gabarit": "Poids lourd", "revetement": "Sol naturel", "debroussaillee": false, "longueur_m": 479.6}, "geometry": {"type": "LineString", "coordinates": [[-0.70294, 44.4436], [-0.70841, 44.4446], [-0.70869, 44.44477]]}}, {"type": "Feature", "properties": {"gabarit": "Poids lourd", "revetement": "Sol naturel", "debroussaillee": false, "longueur_m": 613.0}, "geometry": {"type": "LineString", "coordinates": [[-0.71183, 44.43464], [-0.7116, 44.43457], [-0.71147, 44.4344], [-0.71068, 44.434], [-0.71016, 44.43385], [-0.70882, 44.43363], [-0.70773, 44.43327], [-0.70691, 44.43325], [-0.70652, 44.43318], [-0.70556, 44.43276], [-0.70487, 44.43261]]}}, {"type": "Feature", "properties": {"gabarit": "Poids lourd", "revetement": "Sol naturel", "debroussaillee": false, "longueur_m": 227.5}, "geometry": {"type": "LineString", "coordinates": [[-0.67966, 44.4482], [-0.67909, 44.44931], [-0.67892, 44.44985], [-0.67883, 44.44996], [-0.67861, 44.45005]]}}, {"type": "Feature", "properties": {"gabarit": "Poids lourd", "revetement": "Sol naturel", "debroussaillee": false, "longueur_m": 125.1}, "geometry": {"type": "LineString", "coordinates": [[-0.67999, 44.45045], [-0.67999, 44.45077], [-0.68015, 44.45107], [-0.67999, 44.45154]]}}, {"type": "Feature", "properties": {"gabarit": "Poids lourd", "revetement": "Sol naturel", "debroussaillee": false, "longueur_m": 180.3}, "geometry": {"type": "LineString", "coordinates": [[-0.68162, 44.43901], [-0.68162, 44.43917], [-0.6822, 44.43978], [-0.68239, 44.44049]]}}, {"type": "Feature", "properties": {"gabarit": "Poids lourd", "revetement": "Sol naturel", "debroussaillee": false, "longueur_m": 20.1}, "geometry": {"type": "LineString", "coordinates": [[-0.69869, 44.44165], [-0.69894, 44.44167]]}}, {"type": "Feature", "properties": {"gabarit": "Poids lourd", "revetement": "Sol naturel", "debroussaillee": false, "longueur_m": 120.2}, "geometry": {"type": "LineString", "coordinates": [[-0.67472, 44.44028], [-0.675, 44.44042], [-0.6761, 44.44069]]}}, {"type": "Feature", "properties": {"gabarit": "Poids lourd", "revetement": "Sol naturel", "debroussaillee": false, "longueur_m": 285.8}, "geometry": {"type": "LineString", "coordinates": [[-0.68635, 44.443], [-0.68795, 44.44272], [-0.68932, 44.44174]]}}, {"type": "Feature", "properties": {"gabarit": "Poids lourd", "revetement": "Sol naturel", "debroussaillee": false, "longueur_m": 139.6}, "geometry": {"type": "LineString", "coordinates": [[-0.68602, 44.45728], [-0.68596, 44.45718], [-0.68482, 44.45638]]}}, {"type": "Feature", "properties": {"gabarit": "Poids lourd", "revetement": "Sol naturel", "debroussaillee": true, "longueur_m": 113.7}, "geometry": {"type": "LineString", "coordinates": [[-0.68104, 44.44516], [-0.68162, 44.44423]]}}, {"type": "Feature", "properties": {"gabarit": "Poids lourd", "revetement": "Sol naturel", "debroussaillee": false, "longueur_m": 344.8}, "geometry": {"type": "LineString", "coordinates": [[-0.6836, 44.43647], [-0.68332, 44.43679], [-0.68177, 44.43787], [-0.68164, 44.43818], [-0.68162, 44.43901]]}}, {"type": "Feature", "properties": {"gabarit": "Poids lourd", "revetement": "Sol naturel", "debroussaillee": false, "longueur_m": 901.0}, "geometry": {"type": "LineString", "coordinates": [[-0.69233, 44.43599], [-0.69229, 44.43688], [-0.69262, 44.43814], [-0.69321, 44.43912], [-0.69395, 44.43993], [-0.69521, 44.44073], [-0.69632, 44.44119], [-0.69699, 44.44141], [-0.69777, 44.44157], [-0.69869, 44.44165]]}}, {"type": "Feature", "properties": {"gabarit": "Poids lourd", "revetement": "Sol naturel", "debroussaillee": true, "longueur_m": 192.6}, "geometry": {"type": "LineString", "coordinates": [[-0.68754, 44.43968], [-0.68708, 44.44], [-0.68568, 44.44017], [-0.68537, 44.44029]]}}, {"type": "Feature", "properties": {"gabarit": "Poids lourd", "revetement": "Sol naturel", "debroussaillee": true, "longueur_m": 144.6}, "geometry": {"type": "LineString", "coordinates": [[-0.67966, 44.4482], [-0.67983, 44.44691]]}}, {"type": "Feature", "properties": {"gabarit": "Poids lourd", "revetement": "Sol naturel", "debroussaillee": false, "longueur_m": 153.3}, "geometry": {"type": "LineString", "coordinates": [[-0.67857, 44.44209], [-0.67864, 44.44347]]}}, {"type": "Feature", "properties": {"gabarit": "Poids lourd", "revetement": "Sol naturel", "debroussaillee": false, "longueur_m": 596.0}, "geometry": {"type": "LineString", "coordinates": [[-0.67663, 44.43578], [-0.67666, 44.43718], [-0.6768, 44.43788], [-0.67814, 44.44099]]}}, {"type": "Feature", "properties": {"gabarit": "Poids lourd", "revetement": "Sol naturel", "debroussaillee": true, "longueur_m": 183.8}, "geometry": {"type": "LineString", "coordinates": [[-0.68913, 44.43848], [-0.68754, 44.43968]]}}, {"type": "Feature", "properties": {"gabarit": "Poids lourd", "revetement": "Sol naturel", "debroussaillee": false, "longueur_m": 348.1}, "geometry": {"type": "LineString", "coordinates": [[-0.69876, 44.44291], [-0.69896, 44.44304], [-0.69926, 44.44312], [-0.70258, 44.44345], [-0.70294, 44.4436]]}}, {"type": "Feature", "properties": {"gabarit": "Poids lourd", "revetement": "Sol naturel", "debroussaillee": false, "longueur_m": 24.4}, "geometry": {"type": "LineString", "coordinates": [[-0.69256, 44.43537], [-0.69237, 44.43554]]}}, {"type": "Feature", "properties": {"gabarit": "Poids lourd", "revetement": "Sol naturel", "debroussaillee": false, "longueur_m": 1075.7}, "geometry": {"type": "LineString", "coordinates": [[-0.67591, 44.45752], [-0.67544, 44.45713], [-0.6752, 44.45657], [-0.6756, 44.45592], [-0.67573, 44.45498], [-0.67598, 44.45454], [-0.67646, 44.45329], [-0.67647, 44.45169], [-0.67568, 44.4502], [-0.67573, 44.44901], [-0.67584, 44.44865], [-0.67608, 44.44831]]}}, {"type": "Feature", "properties": {"gabarit": "Poids lourd", "revetement": "Sol naturel", "debroussaillee": true, "longueur_m": 100.4}, "geometry": {"type": "LineString", "coordinates": [[-0.68998, 44.43781], [-0.68913, 44.43848]]}}, {"type": "Feature", "properties": {"gabarit": "Poids lourd", "revetement": "Sol naturel", "debroussaillee": false, "longueur_m": 38.2}, "geometry": {"type": "LineString", "coordinates": [[-0.65858, 44.43333], [-0.65817, 44.43315]]}}, {"type": "Feature", "properties": {"gabarit": "Super poids lourd", "revetement": "Empierré", "debroussaillee": true, "longueur_m": 25.4}, "geometry": {"type": "LineString", "coordinates": [[-0.66422, 44.42132], [-0.6642, 44.42109]]}}, {"type": "Feature", "properties": {"gabarit": "Poids lourd", "revetement": "Sol naturel", "debroussaillee": false, "longueur_m": 194.2}, "geometry": {"type": "LineString", "coordinates": [[-0.66129, 44.43154], [-0.6615, 44.42995], [-0.66162, 44.42982]]}}, {"type": "Feature", "properties": {"gabarit": "Poids lourd", "revetement": "Sol naturel", "debroussaillee": false, "longueur_m": 48.6}, "geometry": {"type": "LineString", "coordinates": [[-0.65207, 44.41602], [-0.65146, 44.41602]]}}, {"type": "Feature", "properties": {"gabarit": "Poids lourd", "revetement": "Sol naturel", "debroussaillee": false, "longueur_m": 135.2}, "geometry": {"type": "LineString", "coordinates": [[-0.66038, 44.42899], [-0.66162, 44.42982]]}}, {"type": "Feature", "properties": {"gabarit": "Poids lourd", "revetement": "Sol naturel", "debroussaillee": false, "longueur_m": 138.6}, "geometry": {"type": "LineString", "coordinates": [[-0.66764, 44.42639], [-0.66715, 44.42636], [-0.66691, 44.42642], [-0.66673, 44.42673], [-0.66673, 44.4271]]}}, {"type": "Feature", "properties": {"gabarit": "Poids lourd", "revetement": "Sol naturel", "debroussaillee": false, "longueur_m": 108.2}, "geometry": {"type": "LineString", "coordinates": [[-0.66306, 44.43257], [-0.66361, 44.43254], [-0.66407, 44.43237], [-0.66436, 44.4324]]}}, {"type": "Feature", "properties": {"gabarit": "Poids lourd", "revetement": "Sol naturel", "debroussaillee": false, "longueur_m": 577.2}, "geometry": {"type": "LineString", "coordinates": [[-0.65903, 44.41701], [-0.65714, 44.41678], [-0.65661, 44.41681], [-0.65381, 44.4167], [-0.65207, 44.41602]]}}, {"type": "Feature", "properties": {"gabarit": "Poids lourd", "revetement": "Sol naturel", "debroussaillee": false, "longueur_m": 465.9}, "geometry": {"type": "LineString", "coordinates": [[-0.66866, 44.4373], [-0.66853, 44.43756], [-0.6685, 44.43787], [-0.66857, 44.43891], [-0.66877, 44.44074], [-0.66908, 44.44143]]}}, {"type": "Feature", "properties": {"gabarit": "Super poids lourd", "revetement": "Empierré", "debroussaillee": true, "longueur_m": 47.4}, "geometry": {"type": "LineString", "coordinates": [[-0.66479, 44.42143], [-0.66422, 44.42132]]}}, {"type": "Feature", "properties": {"gabarit": "Super poids lourd", "revetement": "Empierré", "debroussaillee": false, "longueur_m": 129.4}, "geometry": {"type": "LineString", "coordinates": [[-0.64803, 44.42693], [-0.64732, 44.42675], [-0.64655, 44.42647]]}}, {"type": "Feature", "properties": {"gabarit": "Super poids lourd", "revetement": "Empierré", "debroussaillee": false, "longueur_m": 699.1}, "geometry": {"type": "LineString", "coordinates": [[-0.65658, 44.42667], [-0.65585, 44.42686], [-0.65465, 44.42704], [-0.65397, 44.42731], [-0.65318, 44.42741], [-0.64803, 44.42693]]}}, {"type": "Feature", "properties": {"gabarit": "Poids lourd", "revetement": "Sol naturel", "debroussaillee": false, "longueur_m": 73.2}, "geometry": {"type": "LineString", "coordinates": [[-0.65955, 44.42872], [-0.66038, 44.42899]]}}, {"type": "Feature", "properties": {"gabarit": "Super poids lourd", "revetement": "Empierré", "debroussaillee": true, "longueur_m": 83.3}, "geometry": {"type": "LineString", "coordinates": [[-0.66422, 44.42132], [-0.66319, 44.42121]]}}, {"type": "Feature", "properties": {"gabarit": "Poids lourd", "revetement": "Sol naturel", "debroussaillee": false, "longueur_m": 503.3}, "geometry": {"type": "LineString", "coordinates": [[-0.64559, 44.44152], [-0.64599, 44.44139], [-0.64719, 44.44034], [-0.64778, 44.43997], [-0.65043, 44.43867]]}}, {"type": "Feature", "properties": {"gabarit": "Super poids lourd", "revetement": "Empierré", "debroussaillee": true, "longueur_m": 159.0}, "geometry": {"type": "LineString", "coordinates": [[-0.65858, 44.43333], [-0.65739, 44.4338], [-0.65679, 44.43395]]}}, {"type": "Feature", "properties": {"gabarit": "Poids lourd", "revetement": "Sol naturel", "debroussaillee": false, "longueur_m": 355.9}, "geometry": {"type": "LineString", "coordinates": [[-0.66845, 44.43412], [-0.66861, 44.43532], [-0.6685, 44.43652], [-0.66866, 44.4373]]}}, {"type": "Feature", "properties": {"gabarit": "Poids lourd", "revetement": "Sol naturel", "debroussaillee": false, "longueur_m": 265.1}, "geometry": {"type": "LineString", "coordinates": [[-0.65679, 44.43395], [-0.65697, 44.43409], [-0.65666, 44.43559], [-0.65697, 44.43582], [-0.65744, 44.43589]]}}, {"type": "Feature", "properties": {"gabarit": "Poids lourd", "revetement": "Sol naturel", "debroussaillee": false, "longueur_m": 115.2}, "geometry": {"type": "LineString", "coordinates": [[-0.63115, 44.43477], [-0.63063, 44.43573]]}}, {"type": "Feature", "properties": {"gabarit": "Poids lourd", "revetement": "Sol naturel", "debroussaillee": true, "longueur_m": 33.6}, "geometry": {"type": "LineString", "coordinates": [[-0.64328, 44.43759], [-0.64329, 44.43789]]}}, {"type": "Feature", "properties": {"gabarit": "Poids lourd", "revetement": "Sol naturel", "debroussaillee": false, "longueur_m": 140.7}, "geometry": {"type": "LineString", "coordinates": [[-0.63112, 44.43949], [-0.6297, 44.43964], [-0.62955, 44.43973], [-0.62941, 44.43973]]}}, {"type": "Feature", "properties": {"gabarit": "Super poids lourd", "revetement": "Empierré", "debroussaillee": true, "longueur_m": 53.6}, "geometry": {"type": "LineString", "coordinates": [[-0.64324, 44.43502], [-0.64324, 44.4355]]}}, {"type": "Feature", "properties": {"gabarit": "Poids lourd", "revetement": "Sol naturel", "debroussaillee": false, "longueur_m": 491.2}, "geometry": {"type": "LineString", "coordinates": [[-0.63924, 44.4188], [-0.63717, 44.42296]]}}, {"type": "Feature", "properties": {"gabarit": "Poids lourd", "revetement": "Sol naturel", "debroussaillee": false, "longueur_m": 379.7}, "geometry": {"type": "LineString", "coordinates": [[-0.63717, 44.42296], [-0.63817, 44.42547], [-0.6381, 44.42555], [-0.63713, 44.42553]]}}, {"type": "Feature", "properties": {"gabarit": "Poids lourd", "revetement": "Sol naturel", "debroussaillee": true, "longueur_m": 201.2}, "geometry": {"type": "LineString", "coordinates": [[-0.64332, 44.44053], [-0.64334, 44.44234]]}}, {"type": "Feature", "properties": {"gabarit": "Poids lourd", "revetement": "Sol naturel", "debroussaillee": true, "longueur_m": 119.9}, "geometry": {"type": "LineString", "coordinates": [[-0.64303, 44.41772], [-0.643, 44.41665]]}}, {"type": "Feature", "properties": {"gabarit": "Poids lourd", "revetement": "Sol naturel", "debroussaillee": true, "longueur_m": 53.9}, "geometry": {"type": "LineString", "coordinates": [[-0.64327, 44.43711], [-0.64328, 44.43759]]}}, {"type": "Feature", "properties": {"gabarit": "Poids lourd", "revetement": "Sol naturel", "debroussaillee": true, "longueur_m": 149.8}, "geometry": {"type": "LineString", "coordinates": [[-0.64325, 44.43576], [-0.64327, 44.43711]]}}, {"type": "Feature", "properties": {"gabarit": "Poids lourd", "revetement": "Sol naturel", "debroussaillee": false, "longueur_m": 535.2}, "geometry": {"type": "LineString", "coordinates": [[-0.66507, 44.44857], [-0.66594, 44.44974], [-0.66599, 44.44995], [-0.66568, 44.45082], [-0.66502, 44.4517], [-0.66386, 44.45281]]}}, {"type": "Feature", "properties": {"gabarit": "Poids lourd", "revetement": "Sol naturel", "debroussaillee": false, "longueur_m": 517.9}, "geometry": {"type": "LineString", "coordinates": [[-0.66746, 44.45092], [-0.66805, 44.45054], [-0.66906, 44.45017], [-0.66956, 44.44989], [-0.67085, 44.44968], [-0.67172, 44.44946], [-0.67215, 44.44922], [-0.6725, 44.4489], [-0.67277, 44.44879], [-0.67294, 44.44863]]}}, {"type": "Feature", "properties": {"gabarit": "Poids lourd", "revetement": "Sol naturel", "debroussaillee": false, "longueur_m": 192.4}, "geometry": {"type": "LineString", "coordinates": [[-0.65489, 44.45014], [-0.65471, 44.45034], [-0.65365, 44.45066], [-0.65329, 44.4507], [-0.65306, 44.45063], [-0.6528, 44.4507]]}}, {"type": "Feature", "properties": {"gabarit": "Poids lourd", "revetement": "Sol naturel", "debroussaillee": false, "longueur_m": 206.2}, "geometry": {"type": "LineString", "coordinates": [[-0.6635, 44.45322], [-0.66277, 44.455]]}}, {"type": "Feature", "properties": {"gabarit": "Poids lourd", "revetement": "Sol naturel", "debroussaillee": false, "longueur_m": 208.3}, "geometry": {"type": "LineString", "coordinates": [[-0.66385, 44.44691], [-0.66507, 44.44857]]}}, {"type": "Feature", "properties": {"gabarit": "Poids lourd", "revetement": "Sol naturel", "debroussaillee": false, "longueur_m": 97.0}, "geometry": {"type": "LineString", "coordinates": [[-0.64808, 44.45124], [-0.64924, 44.45149]]}}, {"type": "Feature", "properties": {"gabarit": "Poids lourd", "revetement": "Sol naturel", "debroussaillee": false, "longueur_m": 537.0}, "geometry": {"type": "LineString", "coordinates": [[-0.63675, 44.44392], [-0.63039, 44.44553]]}}, {"type": "Feature", "properties": {"gabarit": "Poids lourd", "revetement": "Sol naturel", "debroussaillee": false, "longueur_m": 185.3}, "geometry": {"type": "LineString", "coordinates": [[-0.64585, 44.45075], [-0.64808, 44.45124]]}}, {"type": "Feature", "properties": {"gabarit": "Poids lourd", "revetement": "Sol naturel", "debroussaillee": false, "longueur_m": 322.2}, "geometry": {"type": "LineString", "coordinates": [[-0.66898, 44.44442], [-0.66878, 44.44523], [-0.66861, 44.44731]]}}, {"type": "Feature", "properties": {"gabarit": "Poids lourd", "revetement": "Sol naturel", "debroussaillee": false, "longueur_m": 634.5}, "geometry": {"type": "LineString", "coordinates": [[-0.64337, 44.44722], [-0.64279, 44.44752], [-0.64125, 44.44806], [-0.63687, 44.44952], [-0.6362, 44.44968]]}}, {"type": "Feature", "properties": {"gabarit": "Poids lourd", "revetement": "Sol naturel", "debroussaillee": true, "longueur_m": 515.9}, "geometry": {"type": "LineString", "coordinates": [[-0.53867, 44.36288], [-0.53531, 44.36684]]}}, {"type": "Feature", "properties": {"gabarit": "Poids lourd", "revetement": "Sol naturel", "debroussaillee": false, "longueur_m": 113.9}, "geometry": {"type": "LineString", "coordinates": [[-0.54865, 44.37082], [-0.54923, 44.36988]]}}, {"type": "Feature", "properties": {"gabarit": "Poids lourd", "revetement": "Sol naturel", "debroussaillee": false, "longueur_m": 19.1}, "geometry": {"type": "LineString", "coordinates": [[-0.54865, 44.37082], [-0.54859, 44.37098]]}}, {"type": "Feature", "properties": {"gabarit": "Poids lourd", "revetement": "Sol naturel", "debroussaillee": false, "longueur_m": 315.3}, "geometry": {"type": "LineString", "coordinates": [[-0.60177, 44.38695], [-0.59816, 44.3858]]}}, {"type": "Feature", "properties": {"gabarit": "Poids lourd", "revetement": "Sol naturel", "debroussaillee": false, "longueur_m": 145.2}, "geometry": {"type": "LineString", "coordinates": [[-0.59896, 44.38189], [-0.6006, 44.38247]]}}, {"type": "Feature", "properties": {"gabarit": "Poids lourd", "revetement": "Sol naturel", "debroussaillee": false, "longueur_m": 364.2}, "geometry": {"type": "LineString", "coordinates": [[-0.83684, 44.40153], [-0.83348, 44.40375]]}}, {"type": "Feature", "properties": {"gabarit": "Poids lourd", "revetement": "Sol naturel", "debroussaillee": false, "longueur_m": 91.9}, "geometry": {"type": "LineString", "coordinates": [[-0.76494, 44.43165], [-0.76383, 44.43188]]}}, {"type": "Feature", "properties": {"gabarit": "Poids lourd", "revetement": "Sol naturel", "debroussaillee": true, "longueur_m": 216.3}, "geometry": {"type": "LineString", "coordinates": [[-0.63337, 44.37248], [-0.6329, 44.37329], [-0.63265, 44.37434]]}}, {"type": "Feature", "properties": {"gabarit": "Poids lourd", "revetement": "Sol naturel", "debroussaillee": false, "longueur_m": 316.9}, "geometry": {"type": "LineString", "coordinates": [[-0.70818, 44.37558], [-0.70851, 44.37603], [-0.70954, 44.37825]]}}, {"type": "Feature", "properties": {"gabarit": "Super poids lourd", "revetement": "Empierré", "debroussaillee": false, "longueur_m": 383.3}, "geometry": {"type": "LineString", "coordinates": [[-0.70167, 44.37952], [-0.70633, 44.37955], [-0.70646, 44.37959]]}}, {"type": "Feature", "properties": {"gabarit": "Poids lourd", "revetement": "Sol naturel", "debroussaillee": false, "longueur_m": 204.7}, "geometry": {"type": "LineString", "coordinates": [[-0.6317, 44.43583], [-0.63092, 44.43636], [-0.63039, 44.43693], [-0.6299, 44.43709]]}}, {"type": "Feature", "properties": {"gabarit": "Poids lourd", "revetement": "Sol naturel", "debroussaillee": false, "longueur_m": 360.6}, "geometry": {"type": "LineString", "coordinates": [[-0.79002, 44.39422], [-0.79047, 44.39429], [-0.79101, 44.39423], [-0.79223, 44.39441], [-0.79318, 44.39447], [-0.79448, 44.39439]]}}, {"type": "Feature", "properties": {"gabarit": "Super poids lourd", "revetement": "Empierré", "debroussaillee": true, "longueur_m": 535.9}, "geometry": {"type": "LineString", "coordinates": [[-0.63789, 44.37533], [-0.63158, 44.37698]]}}, {"type": "Feature", "properties": {"gabarit": "Poids lourd", "revetement": "Sol naturel", "debroussaillee": true, "longueur_m": 159.0}, "geometry": {"type": "LineString", "coordinates": [[-0.63209, 44.37495], [-0.63097, 44.37613]]}}, {"type": "Feature", "properties": {"gabarit": "Poids lourd", "revetement": "Sol naturel", "debroussaillee": true, "longueur_m": 8.6}, "geometry": {"type": "LineString", "coordinates": [[-0.62068, 44.38972], [-0.62063, 44.38978]]}}, {"type": "Feature", "properties": {"gabarit": "Poids lourd", "revetement": "Sol naturel", "debroussaillee": true, "longueur_m": 1102.7}, "geometry": {"type": "LineString", "coordinates": [[-0.62063, 44.38978], [-0.62081, 44.39003], [-0.61998, 44.39369], [-0.61987, 44.39401], [-0.61978, 44.39405], [-0.61714, 44.39312], [-0.61354, 44.39091]]}}, {"type": "Feature", "properties": {"gabarit": "Poids lourd", "revetement": "Sol naturel", "debroussaillee": false, "longueur_m": 411.9}, "geometry": {"type": "LineString", "coordinates": [[-0.81085, 44.40792], [-0.80972, 44.40847], [-0.80934, 44.40894], [-0.80899, 44.40912], [-0.8079, 44.40953], [-0.8066, 44.40983]]}}, {"type": "Feature", "properties": {"gabarit": "Poids lourd", "revetement": "Sol naturel", "debroussaillee": false, "longueur_m": 109.7}, "geometry": {"type": "LineString", "coordinates": [[-0.76891, 44.36973], [-0.76817, 44.37055]]}}, {"type": "Feature", "properties": {"gabarit": "Poids lourd", "revetement": "Sol naturel", "debroussaillee": false, "longueur_m": 100.1}, "geometry": {"type": "LineString", "coordinates": [[-0.65418, 44.39749], [-0.65394, 44.39661]]}}, {"type": "Feature", "properties": {"gabarit": "Poids lourd", "revetement": "Sol naturel", "debroussaillee": false, "longueur_m": 513.7}, "geometry": {"type": "LineString", "coordinates": [[-0.68496, 44.4016], [-0.69141, 44.40182]]}}, {"type": "Feature", "properties": {"gabarit": "Poids lourd", "revetement": "Sol naturel", "debroussaillee": false, "longueur_m": 339.1}, "geometry": {"type": "LineString", "coordinates": [[-0.70301, 44.405], [-0.70376, 44.40421], [-0.70612, 44.40298]]}}, {"type": "Feature", "properties": {"gabarit": "Super poids lourd", "revetement": "Empierré", "debroussaillee": true, "longueur_m": 13.2}, "geometry": {"type": "LineString", "coordinates": [[-0.70663, 44.40277], [-0.70678, 44.40273]]}}, {"type": "Feature", "properties": {"gabarit": "Super poids lourd", "revetement": "Empierré", "debroussaillee": true, "longueur_m": 24.8}, "geometry": {"type": "LineString", "coordinates": [[-0.71878, 44.43771], [-0.71847, 44.43773]]}}, {"type": "Feature", "properties": {"gabarit": "Super poids lourd", "revetement": "Empierré", "debroussaillee": true, "longueur_m": 75.0}, "geometry": {"type": "LineString", "coordinates": [[-0.73991, 44.40785], [-0.7403, 44.40767], [-0.74075, 44.40756]]}}, {"type": "Feature", "properties": {"gabarit": "Poids lourd", "revetement": "Sol naturel", "debroussaillee": false, "longueur_m": 14.2}, "geometry": {"type": "LineString", "coordinates": [[-0.73936, 44.40831], [-0.73946, 44.4082]]}}, {"type": "Feature", "properties": {"gabarit": "Super poids lourd", "revetement": "Empierré", "debroussaillee": true, "longueur_m": 24.7}, "geometry": {"type": "LineString", "coordinates": [[-0.73878, 44.40789], [-0.73895, 44.40807]]}}, {"type": "Feature", "properties": {"gabarit": "Super poids lourd", "revetement": "Empierré", "debroussaillee": true, "longueur_m": 15.8}, "geometry": {"type": "LineString", "coordinates": [[-0.73968, 44.40792], [-0.73981, 44.40802]]}}, {"type": "Feature", "properties": {"gabarit": "Poids lourd", "revetement": "Sol naturel", "debroussaillee": true, "longueur_m": 710.9}, "geometry": {"type": "LineString", "coordinates": [[-0.72766, 44.40714], [-0.73655, 44.40774]]}}]}